nome_famiglia	contrast_type	specie_con_valore_alto	specie_con_valore_basso	valore_specie_con_valore_alto	valore_specie_con_valore_basso	nu
Cercopithecidae	CONTROL	Papio_papio	Lophocebus_aterrimus	17.5	6.8	0.949669808255111
Cercopithecidae	CONTROL	Mandrillus_leucophaeus	Cercopithecus_mona	20.375	4.05	0.948396598203069
Cercopithecidae	CONTROL	Mandrillus_leucophaeus	Cercopithecus_lowei	20.375	3.9	0.948201849358134
Cercopithecidae	CONTROL	Mandrillus_sphinx	Macaca_fuscata	23.6	9.5	0.947357257581744
Cercopithecidae	CONTROL	Mandrillus_leucophaeus	Cercopithecus_diana	20.375	4.5	0.9472461045756
Cercopithecidae	CONTROL	Papio_ursinus	Cercopithecus_nictitans	22.3	5.46	0.946212778392649
Cercopithecidae	CONTROL	Semnopithecus_schistaceus	Semnopithecus_vetulus	17	7.03	0.945842195684024
Cercopithecidae	CONTROL	Papio_ursinus	Allochrocebus_lhoesti	22.3	5.5	0.945830915365059
Cercopithecidae	CONTROL	Macaca_thibetana	Miopithecus_ogouensis	15.55	1.25	0.943541588849986
Cercopithecidae	CONTROL	Mandrillus_sphinx	Macaca_arctoides	23.6	10.3	0.943374839617484
Cercopithecidae	CONTROL	Mandrillus_leucophaeus	Allochrocebus_preussi	20.375	4.525	0.94183040973867
Cercopithecidae	CONTROL	Papio_ursinus	Macaca_nigra	22.3	7.68	0.941723972820759
Cercopithecidae	CONTROL	Papio_ursinus	Papio_hamadryas	22.3	13.4	0.940948412298803
Cercopithecidae	CONTROL	Mandrillus_leucophaeus	Cercopithecus_roloway	20.375	4.55	0.939025472958256
Cercopithecidae	CONTROL	Papio_ursinus	Allochrocebus_solatus	22.3	6.35	0.938221057771035
Cercopithecidae	CONTROL	Papio_ursinus	Macaca_silenus	22.3	7.5	0.937406292857163
Cercopithecidae	CONTROL	Mandrillus_leucophaeus	Cercopithecus_mitis	20.375	4.89	0.935952520874397
Cercopithecidae	CONTROL	Mandrillus_leucophaeus	Cercopithecus_neglectus	20.375	5.74	0.935778579534763
Cercopithecidae	CONTROL	Mandrillus_leucophaeus	Macaca_siberu	20.375	6.165	0.935558139792043
Cercopithecidae	CONTROL	Papio_anubis	Lophocebus_aterrimus	16.65	6.8	0.933754222783375
Cercopithecidae	CONTROL	Theropithecus_gelada	Lophocebus_aterrimus	15.35	6.8	0.932245159756731
Cercopithecidae	CONTROL	Macaca_thibetana	Macaca_cyclopis	15.55	5.47	0.931546859106887
Cercopithecidae	CONTROL	Papio_ursinus	Macaca_maura	22.3	7.88	0.929100470429478
Cercopithecidae	CONTROL	Mandrillus_sphinx	Erythrocebus_patas	23.6	9.45	0.927882242761471
Cercopithecidae	CONTROL	Mandrillus_leucophaeus	Macaca_leonina	20.375	6.7	0.927600642592657
Cercopithecidae	CONTROL	Macaca_thibetana	Macaca_mulatta	15.55	5.96	0.926945789952831
Cercopithecidae	CONTROL	Papio_ursinus	Cercocebus_chrysogaster	22.3	9.75	0.924557493324827
Cercopithecidae	CONTROL	Mandrillus_leucophaeus	Allochrocebus_lhoesti	20.375	5.5	0.924233910252881
Cercopithecidae	CONTROL	Papio_papio	Macaca_fascicularis	17.5	4.03	0.923185498236169
Cercopithecidae	CONTROL	Mandrillus_leucophaeus	Cercocebus_chrysogaster	20.375	9.75	0.922970110815416
Cercopithecidae	CONTROL	Papio_ursinus	Macaca_assamensis	22.3	9	0.921721216746052
Cercopithecidae	CONTROL	Papio_ursinus	Macaca_nemestrina	22.3	8.89	0.921708025616559
Cercopithecidae	CONTROL	Mandrillus_leucophaeus	Cercopithecus_nictitans	20.375	5.46	0.918462924999038
Cercopithecidae	CONTROL	Papio_cynocephalus	Macaca_fascicularis	17.05	4.03	0.91835466220748
Cercopithecidae	CONTROL	Mandrillus_leucophaeus	Macaca_silenus	20.375	7.5	0.914917988293944
Cercopithecidae	CONTROL	Papio_anubis	Macaca_fascicularis	16.65	4.03	0.910395059378154
Cercopithecidae	CONTROL	Papio_hamadryas	Miopithecus_ogouensis	13.4	1.25	0.910278147032421
Cercopithecidae	CONTROL	Mandrillus_sphinx	Presbytis_mitrata	23.6	5.8	0.909840849590883
Cercopithecidae	CONTROL	Mandrillus_leucophaeus	Allochrocebus_solatus	20.375	6.35	0.909015233005989
Cercopithecidae	CONTROL	Papio_papio	Cercopithecus_ascanius	17.5	3.24	0.908701283154243
Cercopithecidae	CONTROL	Macaca_thibetana	Macaca_siberu	15.55	6.165	0.90833348906743
Cercopithecidae	CONTROL	Nasalis_larvatus	Miopithecus_ogouensis	15.75	1.25	0.90787760115917
Cercopithecidae	CONTROL	Papio_papio	Allenopithecus_nigroviridis	17.5	5.3	0.907775135251828
Cercopithecidae	CONTROL	Mandrillus_sphinx	Semnopithecus_vetulus	23.6	7.03	0.907345879110679
Cercopithecidae	CONTROL	Theropithecus_gelada	Macaca_fascicularis	15.35	4.03	0.906189145783937
Cercopithecidae	CONTROL	Mandrillus_leucophaeus	Macaca_nigra	20.375	7.68	0.906092159415562
Cercopithecidae	CONTROL	Papio_cynocephalus	Cercopithecus_ascanius	17.05	3.24	0.905389429761743
Cercopithecidae	CONTROL	Mandrillus_sphinx	Trachypithecus_cristatus	23.6	6.25	0.905173480582883
Cercopithecidae	CONTROL	Mandrillus_leucophaeus	Macaca_maura	20.375	7.88	0.904290953864353
Cercopithecidae	CONTROL	Semnopithecus_schistaceus	Miopithecus_ogouensis	17	1.25	0.902985803647892
Cercopithecidae	CONTROL	Papio_papio	Macaca_radiata	17.5	5.14	0.902839014335876
Cercopithecidae	CONTROL	Mandrillus_sphinx	Trachypithecus_obscurus	23.6	6.99	0.902769478503631
Cercopithecidae	CONTROL	Papio_ursinus	Macaca_fuscata	22.3	9.5	0.902715747071616
Cercopithecidae	CONTROL	Papio_cynocephalus	Macaca_radiata	17.05	5.14	0.899755204309701
Cercopithecidae	CONTROL	Papio_kindae	Miopithecus_ogouensis	13	1.25	0.89890869368288
Cercopithecidae	CONTROL	Mandrillus_sphinx	Presbytis_comata	23.6	6.7	0.898805131504255
Cercopithecidae	CONTROL	Papio_cynocephalus	Cercopithecus_petaurista	17.05	3.65	0.897778863247576
Cercopithecidae	CONTROL	Papio_papio	Cercopithecus_hamlyni	17.5	4.43	0.89772358797962
Cercopithecidae	CONTROL	Mandrillus_sphinx	Trachypithecus_crepusculus	23.6	6.65	0.897495570065947
Cercopithecidae	CONTROL	Papio_papio	Cercopithecus_cephus	17.5	3.48	0.897160831981256
Cercopithecidae	CONTROL	Papio_cynocephalus	Cercopithecus_pogonias	17.05	3.58	0.89670340302149
Cercopithecidae	CONTROL	Papio_cynocephalus	Cercopithecus_hamlyni	17.05	4.43	0.895542471350578
Cercopithecidae	CONTROL	Papio_papio	Cercopithecus_pogonias	17.5	3.58	0.895529713660626
Cercopithecidae	CONTROL	Papio_ursinus	Macaca_arctoides	22.3	10.3	0.895031151542436
Cercopithecidae	CONTROL	Papio_cynocephalus	Chlorocebus_pygerythrus	17.05	4.665	0.895004421493356
Cercopithecidae	CONTROL	Semnopithecus_schistaceus	Trachypithecus_crepusculus	17	6.65	0.894743617765889
Cercopithecidae	CONTROL	Mandrillus_leucophaeus	Macaca_assamensis	20.375	9	0.894551290273389
Cercopithecidae	CONTROL	Papio_cynocephalus	Allenopithecus_nigroviridis	17.05	5.3	0.894493003943434
Cercopithecidae	CONTROL	Papio_papio	Cercopithecus_petaurista	17.5	3.65	0.894433322696143
Cercopithecidae	CONTROL	Mandrillus_sphinx	Papio_kindae	23.6	13	0.893233698179555
Cercopithecidae	CONTROL	Mandrillus_leucophaeus	Macaca_nemestrina	20.375	8.89	0.892369328889077
Cercopithecidae	CONTROL	Papio_anubis	Cercopithecus_ascanius	16.65	3.24	0.890030828563801
Cercopithecidae	CONTROL	Papio_cynocephalus	Cercopithecus_cephus	17.05	3.48	0.889770970194164
Cercopithecidae	CONTROL	Papio_papio	Chlorocebus_pygerythrus	17.5	4.665	0.888785205400963
Cercopithecidae	CONTROL	Semnopithecus_schistaceus	Trachypithecus_cristatus	17	6.25	0.88858708246741
Cercopithecidae	CONTROL	Papio_papio	Cercopithecus_mona	17.5	4.05	0.887846561255052
Cercopithecidae	CONTROL	Semnopithecus_schistaceus	Trachypithecus_obscurus	17	6.99	0.887490757904347
Cercopithecidae	CONTROL	Papio_ursinus	Presbytis_mitrata	22.3	5.8	0.886830844493908
Cercopithecidae	CONTROL	Theropithecus_gelada	Cercopithecus_ascanius	15.35	3.24	0.884162120994846
Cercopithecidae	CONTROL	Mandrillus_sphinx	Trachypithecus_hatinhensis	23.6	7.275	0.883702231400573
Cercopithecidae	CONTROL	Mandrillus_sphinx	Piliocolobus_kirkii	23.6	6.9	0.88332760306043
Cercopithecidae	CONTROL	Papio_anubis	Macaca_radiata	16.65	5.14	0.882964762431587
Cercopithecidae	CONTROL	Mandrillus_sphinx	Trachypithecus_laotum	23.6	7	0.882941099553635
Cercopithecidae	CONTROL	Papio_cynocephalus	Macaca_cyclopis	17.05	5.47	0.882073897914797
Cercopithecidae	CONTROL	Papio_papio	Cercopithecus_lowei	17.5	3.9	0.881795582582583
Cercopithecidae	CONTROL	Papio_anubis	Cercopithecus_hamlyni	16.65	4.43	0.881635544438805
Cercopithecidae	CONTROL	Papio_papio	Macaca_cyclopis	17.5	5.47	0.880849151764136
Cercopithecidae	CONTROL	Papio_cynocephalus	Cercopithecus_mona	17.05	4.05	0.880178255121085
Cercopithecidae	CONTROL	Papio_ursinus	Erythrocebus_patas	22.3	9.45	0.880040385934444
Cercopithecidae	CONTROL	Mandrillus_sphinx	Piliocolobus_gordonorum	23.6	7.05	0.879538595266466
Cercopithecidae	CONTROL	Papio_anubis	Cercopithecus_pogonias	16.65	3.58	0.878727606213602
Cercopithecidae	CONTROL	Papio_cynocephalus	Cercopithecus_lowei	17.05	3.9	0.877341973793302
Cercopithecidae	CONTROL	Mandrillus_sphinx	Trachypithecus_phayrei	23.6	7.44	0.875569025948954
Cercopithecidae	CONTROL	Mandrillus_leucophaeus	Macaca_fuscata	20.375	9.5	0.875460269279005
Cercopithecidae	CONTROL	Papio_anubis	Cercopithecus_cephus	16.65	3.48	0.875265170370077
Cercopithecidae	CONTROL	Macaca_thibetana	Macaca_leonina	15.55	6.7	0.875173524073198
Cercopithecidae	CONTROL	Mandrillus_sphinx	Piliocolobus_badius	23.6	8.25	0.873979981893597
Cercopithecidae	CONTROL	Macaca_thibetana	Cercopithecus_ascanius	15.55	3.24	0.87377741257949
Cercopithecidae	CONTROL	Papio_papio	Cercopithecus_diana	17.5	4.5	0.873723186520838
Cercopithecidae	CONTROL	Papio_anubis	Allenopithecus_nigroviridis	16.65	5.3	0.873224308530461
Cercopithecidae	CONTROL	Papio_papio	Macaca_mulatta	17.5	5.96	0.872760426042782
Cercopithecidae	CONTROL	Theropithecus_gelada	Macaca_radiata	15.35	5.14	0.872233091515919
Cercopithecidae	CONTROL	Papio_anubis	Cercopithecus_petaurista	16.65	3.65	0.87195472366992
Cercopithecidae	CONTROL	Papio_ursinus	Semnopithecus_vetulus	22.3	7.03	0.871375080689805
Cercopithecidae	CONTROL	Theropithecus_gelada	Cercopithecus_pogonias	15.35	3.58	0.87060564185142
Cercopithecidae	CONTROL	Mandrillus_sphinx	Trachypithecus_leucocephalus	23.6	8.285	0.870237520283072
Cercopithecidae	CONTROL	Mandrillus_sphinx	Papio_hamadryas	23.6	13.4	0.86965854503595
Cercopithecidae	CONTROL	Papio_cynocephalus	Cercopithecus_diana	17.05	4.5	0.869318949941702
Cercopithecidae	CONTROL	Mandrillus_sphinx	Trachypithecus_francoisi	23.6	7.52	0.86915031236499
Cercopithecidae	CONTROL	Macaca_thibetana	Cercopithecus_petaurista	15.55	3.65	0.868719592676148
Cercopithecidae	CONTROL	Papio_cynocephalus	Allochrocebus_preussi	17.05	4.525	0.868017017926223
Cercopithecidae	CONTROL	Papio_anubis	Chlorocebus_pygerythrus	16.65	4.665	0.867386742413347
Cercopithecidae	CONTROL	Theropithecus_gelada	Cercopithecus_hamlyni	15.35	4.43	0.866240126860617
Cercopithecidae	CONTROL	Mandrillus_sphinx	Macaca_tonkeana	23.6	11.95	0.86512801216804
Cercopithecidae	CONTROL	Theropithecus_gelada	Cercopithecus_petaurista	15.35	3.65	0.86473763640764
Cercopithecidae	CONTROL	Papio_ursinus	Trachypithecus_obscurus	22.3	6.99	0.864162308337737
Cercopithecidae	CONTROL	Papio_papio	Allochrocebus_preussi	17.5	4.525	0.864058358098433
Cercopithecidae	CONTROL	Papio_anubis	Cercopithecus_mona	16.65	4.05	0.864031377881428
Cercopithecidae	CONTROL	Papio_ursinus	Trachypithecus_cristatus	22.3	6.25	0.863496090742945
Cercopithecidae	CONTROL	Macaca_thibetana	Cercopithecus_hamlyni	15.55	4.43	0.863341871317827
Cercopithecidae	CONTROL	Papio_anubis	Macaca_cyclopis	16.65	5.47	0.862496309968005
Cercopithecidae	CONTROL	Papio_ursinus	Trachypithecus_crepusculus	22.3	6.65	0.861783078765136
Cercopithecidae	CONTROL	Semnopithecus_schistaceus	Trachypithecus_phayrei	17	7.44	0.861566563097452
Cercopithecidae	CONTROL	Papio_cynocephalus	Cercopithecus_neglectus	17.05	5.74	0.861359024663513
Cercopithecidae	CONTROL	Papio_ursinus	Presbytis_comata	22.3	6.7	0.860915681577625
Cercopithecidae	CONTROL	Mandrillus_sphinx	Colobus_angolensis	23.6	8.6	0.860459845098158
Cercopithecidae	CONTROL	Theropithecus_gelada	Cercopithecus_cephus	15.35	3.48	0.859782708278919
Cercopithecidae	CONTROL	Papio_papio	Cercopithecus_roloway	17.5	4.55	0.859525942601832
Cercopithecidae	CONTROL	Papio_papio	Macaca_siberu	17.5	6.165	0.858146689507892
Cercopithecidae	CONTROL	Macaca_thibetana	Allenopithecus_nigroviridis	15.55	5.3	0.857983568841504
Cercopithecidae	CONTROL	Mandrillus_leucophaeus	Macaca_arctoides	20.375	10.3	0.856976325932789
Cercopithecidae	CONTROL	Theropithecus_gelada	Allenopithecus_nigroviridis	15.35	5.3	0.856899898260383
Cercopithecidae	CONTROL	Papio_anubis	Cercopithecus_lowei	16.65	3.9	0.856000138699907
Cercopithecidae	CONTROL	Papio_papio	Cercopithecus_mitis	17.5	4.89	0.85473719275383
Cercopithecidae	CONTROL	Macaca_thibetana	Macaca_assamensis	15.55	9	0.854717491990055
Cercopithecidae	CONTROL	Papio_cynocephalus	Macaca_mulatta	17.05	5.96	0.854476905780135
Cercopithecidae	CONTROL	Macaca_thibetana	Cercopithecus_pogonias	15.55	3.58	0.854061892041032
Cercopithecidae	CONTROL	Papio_papio	Cercopithecus_neglectus	17.5	5.74	0.853271777741961
Cercopithecidae	CONTROL	Macaca_thibetana	Cercopithecus_cephus	15.55	3.48	0.853001411408834
Cercopithecidae	CONTROL	Papio_cynocephalus	Cercopithecus_roloway	17.05	4.55	0.852678084164438
Cercopithecidae	CONTROL	Theropithecus_gelada	Chlorocebus_pygerythrus	15.35	4.665	0.851606990172249
Cercopithecidae	CONTROL	Macaca_thibetana	Macaca_silenus	15.55	7.5	0.851304973849341
Cercopithecidae	CONTROL	Macaca_thibetana	Macaca_nigra	15.55	7.68	0.851245135549214
Cercopithecidae	CONTROL	Papio_anubis	Macaca_mulatta	16.65	5.96	0.851097888897351
Cercopithecidae	CONTROL	Papio_anubis	Allochrocebus_preussi	16.65	4.525	0.850850476710379
Cercopithecidae	CONTROL	Papio_ursinus	Piliocolobus_kirkii	22.3	6.9	0.850618676097348
Cercopithecidae	CONTROL	Papio_cynocephalus	Cercopithecus_mitis	17.05	4.89	0.850459948142537
Cercopithecidae	CONTROL	Semnopithecus_schistaceus	Trachypithecus_laotum	17	7	0.850050742719339
Cercopithecidae	CONTROL	Mandrillus_sphinx	Trachypithecus_germaini	23.6	8.83	0.847983487308354
Cercopithecidae	CONTROL	Theropithecus_gelada	Cercopithecus_mona	15.35	4.05	0.847944572575776
Cercopithecidae	CONTROL	Papio_cynocephalus	Macaca_siberu	17.05	6.165	0.847249047154737
Cercopithecidae	CONTROL	Mandrillus_sphinx	Colobus_guereza	23.6	8.89	0.847125484238335
Cercopithecidae	CONTROL	Papio_anubis	Cercopithecus_diana	16.65	4.5	0.846396425902013
Cercopithecidae	CONTROL	Mandrillus_sphinx	Piliocolobus_tephrosceles	23.6	8.75	0.846018967739817
Cercopithecidae	CONTROL	Erythrocebus_patas	Miopithecus_ogouensis	9.45	1.25	0.845444171364364
Cercopithecidae	CONTROL	Papio_ursinus	Trachypithecus_laotum	22.3	7	0.845269143822109
Cercopithecidae	CONTROL	Theropithecus_gelada	Cercopithecus_lowei	15.35	3.9	0.845117623367708
Cercopithecidae	CONTROL	Papio_ursinus	Piliocolobus_gordonorum	22.3	7.05	0.84491622650696
Cercopithecidae	CONTROL	Rhinopithecus_roxellana	Miopithecus_ogouensis	14.75	1.25	0.844297081198621
Cercopithecidae	CONTROL	Papio_papio	Allochrocebus_lhoesti	17.5	5.5	0.843862771650397
Cercopithecidae	CONTROL	Theropithecus_gelada	Macaca_cyclopis	15.35	5.47	0.84279026566047
Cercopithecidae	CONTROL	Papio_anubis	Cercopithecus_roloway	16.65	4.55	0.841369306337999
Cercopithecidae	CONTROL	Papio_ursinus	Trachypithecus_hatinhensis	22.3	7.275	0.840896846473378
Cercopithecidae	CONTROL	Macaca_thibetana	Chlorocebus_pygerythrus	15.55	4.665	0.840606708968586
Cercopithecidae	CONTROL	Mandrillus_leucophaeus	Presbytis_mitrata	20.375	5.8	0.83936034423174
Cercopithecidae	CONTROL	Mandrillus_leucophaeus	Erythrocebus_patas	20.375	9.45	0.839139737600196
Cercopithecidae	CONTROL	Papio_cynocephalus	Allochrocebus_lhoesti	17.05	5.5	0.83807905742122
Cercopithecidae	CONTROL	Papio_ursinus	Trachypithecus_phayrei	22.3	7.44	0.837966028496477
Cercopithecidae	CONTROL	Papio_ursinus	Piliocolobus_badius	22.3	8.25	0.837840205399203
Cercopithecidae	CONTROL	Macaca_thibetana	Cercopithecus_mona	15.55	4.05	0.837599996125726
Cercopithecidae	CONTROL	Papio_cynocephalus	Cercocebus_torquatus	17.05	7.5	0.837237968885798
Cercopithecidae	CONTROL	Semnopithecus_schistaceus	Trachypithecus_hatinhensis	17	7.275	0.83666793036831
Cercopithecidae	CONTROL	Papio_cynocephalus	Cercopithecus_nictitans	17.05	5.46	0.835965133200263
Cercopithecidae	CONTROL	Papio_papio	Cercocebus_torquatus	17.5	7.5	0.835264511833155
Cercopithecidae	CONTROL	Mandrillus_sphinx	Theropithecus_gelada	23.6	15.35	0.835084330566839
Cercopithecidae	CONTROL	Papio_papio	Cercocebus_lunulatus	17.5	7.28	0.834433235639617
Cercopithecidae	CONTROL	Papio_papio	Cercopithecus_nictitans	17.5	5.46	0.83441260526756
Cercopithecidae	CONTROL	Nasalis_larvatus	Semnopithecus_vetulus	15.75	7.03	0.834095677340324
Cercopithecidae	CONTROL	Macaca_thibetana	Macaca_maura	15.55	7.88	0.83357351141242
Cercopithecidae	CONTROL	Macaca_tonkeana	Macaca_fascicularis	11.95	4.03	0.833285934855075
Cercopithecidae	CONTROL	Mandrillus_sphinx	Colobus_polykomos	23.6	9.1	0.832850934221589
Cercopithecidae	CONTROL	Papio_anubis	Cercopithecus_neglectus	16.65	5.74	0.831895357198594
Cercopithecidae	CONTROL	Theropithecus_gelada	Cercopithecus_diana	15.35	4.5	0.830928051677076
Cercopithecidae	CONTROL	Theropithecus_gelada	Macaca_mulatta	15.35	5.96	0.830837980979932
Cercopithecidae	CONTROL	Papio_papio	Macaca_leonina	17.5	6.7	0.830711825046503
Cercopithecidae	CONTROL	Macaca_thibetana	Cercopithecus_diana	15.55	4.5	0.830362664829057
Cercopithecidae	CONTROL	Macaca_tonkeana	Miopithecus_ogouensis	11.95	1.25	0.830088401613672
Cercopithecidae	CONTROL	Macaca_thibetana	Cercopithecus_lowei	15.55	3.9	0.829872275884338
Cercopithecidae	CONTROL	Semnopithecus_schistaceus	Cercopithecus_cephus	17	3.48	0.828785674561739
Cercopithecidae	CONTROL	Papio_ursinus	Trachypithecus_francoisi	22.3	7.52	0.828492921399151
Cercopithecidae	CONTROL	Nasalis_larvatus	Cercopithecus_ascanius	15.75	3.24	0.828325153772028
Cercopithecidae	CONTROL	Papio_anubis	Cercopithecus_mitis	16.65	4.89	0.828148355211824
Cercopithecidae	CONTROL	Mandrillus_leucophaeus	Semnopithecus_vetulus	20.375	7.03	0.827754469779585
Cercopithecidae	CONTROL	Mandrillus_sphinx	Pygathrix_nigripes	23.6	9.88	0.827664083926002
Cercopithecidae	CONTROL	Papio_anubis	Macaca_siberu	16.65	6.165	0.827176990557754
Cercopithecidae	CONTROL	Macaca_thibetana	Allochrocebus_preussi	15.55	4.525	0.826790401489799
Cercopithecidae	CONTROL	Mandrillus_leucophaeus	Presbytis_comata	20.375	6.7	0.825910156756712
Cercopithecidae	CONTROL	Mandrillus_sphinx	Pygathrix_nemaeus	23.6	9.72	0.825805395244455
Cercopithecidae	CONTROL	Mandrillus_leucophaeus	Trachypithecus_cristatus	20.375	6.25	0.82489590170036
Cercopithecidae	CONTROL	Theropithecus_gelada	Allochrocebus_preussi	15.35	4.525	0.824616939372213
Cercopithecidae	CONTROL	Semnopithecus_schistaceus	Trachypithecus_francoisi	17	7.52	0.824410903908044
Cercopithecidae	CONTROL	Semnopithecus_hypoleucos	Semnopithecus_vetulus	13.1	7.03	0.824217068828072
Cercopithecidae	CONTROL	Nasalis_larvatus	Cercopithecus_cephus	15.75	3.48	0.823813319260073
Cercopithecidae	CONTROL	Papio_anubis	Allochrocebus_lhoesti	16.65	5.5	0.823432382900248
Cercopithecidae	CONTROL	Semnopithecus_schistaceus	Cercopithecus_ascanius	17	3.24	0.823266898866533
Cercopithecidae	CONTROL	Papio_cynocephalus	Cercocebus_lunulatus	17.05	7.28	0.821787774571534
Cercopithecidae	CONTROL	Theropithecus_gelada	Cercopithecus_neglectus	15.35	5.74	0.82076790450842
Cercopithecidae	CONTROL	Papio_cynocephalus	Macaca_leonina	17.05	6.7	0.819496534499184
Cercopithecidae	CONTROL	Nasalis_larvatus	Cercopithecus_pogonias	15.75	3.58	0.818487789126673
Cercopithecidae	CONTROL	Nasalis_larvatus	Presbytis_mitrata	15.75	5.8	0.817737846497972
Cercopithecidae	CONTROL	Papio_ursinus	Colobus_angolensis	22.3	8.6	0.817457409287263
Cercopithecidae	CONTROL	Mandrillus_leucophaeus	Trachypithecus_crepusculus	20.375	6.65	0.816044584418817
Cercopithecidae	CONTROL	Mandrillus_sphinx	Pygathrix_cinerea	23.6	9.98	0.815978367673023
Cercopithecidae	CONTROL	Mandrillus_leucophaeus	Piliocolobus_kirkii	20.375	6.9	0.815640874628048
Cercopithecidae	CONTROL	Papio_ursinus	Macaca_tonkeana	22.3	11.95	0.814705298308836
Cercopithecidae	CONTROL	Theropithecus_gelada	Macaca_siberu	15.35	6.165	0.813516331237171
Cercopithecidae	CONTROL	Semnopithecus_schistaceus	Cercopithecus_petaurista	17	3.65	0.813254400919837
Cercopithecidae	CONTROL	Theropithecus_gelada	Cercopithecus_roloway	15.35	4.55	0.812862863411196
Cercopithecidae	CONTROL	Papio_ursinus	Trachypithecus_leucocephalus	22.3	8.285	0.81220355174188
Cercopithecidae	CONTROL	Papio_papio	Macaca_silenus	17.5	7.5	0.811737217805825
Cercopithecidae	CONTROL	Nasalis_larvatus	Cercopithecus_petaurista	15.75	3.65	0.81141455861249
Cercopithecidae	CONTROL	Papio_papio	Allochrocebus_solatus	17.5	6.35	0.811340726888068
Cercopithecidae	CONTROL	Papio_anubis	Cercocebus_lunulatus	16.65	7.28	0.811221111504372
Cercopithecidae	CONTROL	Mandrillus_leucophaeus	Trachypithecus_obscurus	20.375	6.99	0.810701864881722
Cercopithecidae	CONTROL	Nasalis_larvatus	Trachypithecus_cristatus	15.75	6.25	0.810249763281623
Cercopithecidae	CONTROL	Nasalis_larvatus	Cercopithecus_lowei	15.75	3.9	0.80957156749824
Cercopithecidae	CONTROL	Semnopithecus_schistaceus	Cercopithecus_pogonias	17	3.58	0.808810001000288
Cercopithecidae	CONTROL	Mandrillus_leucophaeus	Piliocolobus_gordonorum	20.375	7.05	0.808074933777502
Cercopithecidae	CONTROL	Macaca_thibetana	Cercopithecus_roloway	15.55	4.55	0.80793911901682
Cercopithecidae	CONTROL	Papio_anubis	Cercocebus_torquatus	16.65	7.5	0.807527263704502
Cercopithecidae	CONTROL	Macaca_thibetana	Lophocebus_aterrimus	15.55	6.8	0.80724415939405
Cercopithecidae	CONTROL	Papio_cynocephalus	Allochrocebus_solatus	17.05	6.35	0.806665454346135
Cercopithecidae	CONTROL	Theropithecus_gelada	Cercopithecus_mitis	15.35	4.89	0.806623938454321
Cercopithecidae	CONTROL	Papio_papio	Macaca_nigra	17.5	7.68	0.806582352660503
Cercopithecidae	CONTROL	Semnopithecus_hypoleucos	Miopithecus_ogouensis	13.1	1.25	0.806313539807742
Cercopithecidae	CONTROL	Semnopithecus_schistaceus	Semnopithecus_entellus	17	11.44	0.805931633632837
Cercopithecidae	CONTROL	Macaca_thibetana	Cercopithecus_neglectus	15.55	5.74	0.805218450267304
Cercopithecidae	CONTROL	Semnopithecus_schistaceus	Cercopithecus_lowei	17	3.9	0.805001919429351
Cercopithecidae	CONTROL	Semnopithecus_schistaceus	Trachypithecus_germaini	17	8.83	0.804430984487159
Cercopithecidae	CONTROL	Papio_ursinus	Piliocolobus_tephrosceles	22.3	8.75	0.803745392833738
Cercopithecidae	CONTROL	Semnopithecus_schistaceus	Cercopithecus_hamlyni	17	4.43	0.803016756766715
Cercopithecidae	CONTROL	Semnopithecus_schistaceus	Cercopithecus_mona	17	4.05	0.802374671408781
Cercopithecidae	CONTROL	Papio_anubis	Cercopithecus_nictitans	16.65	5.46	0.802302526481392
Cercopithecidae	CONTROL	Nasalis_larvatus	Trachypithecus_obscurus	15.75	6.99	0.801794771497188
Cercopithecidae	CONTROL	Papio_ursinus	Trachypithecus_germaini	22.3	8.83	0.801216173733099
Cercopithecidae	CONTROL	Papio_cynocephalus	Macaca_silenus	17.05	7.5	0.800979359024022
Cercopithecidae	CONTROL	Macaca_thibetana	Macaca_nemestrina	15.55	8.89	0.800468643585655
Cercopithecidae	CONTROL	Papio_cynocephalus	Macaca_nigra	17.05	7.68	0.800088933393553
Cercopithecidae	CONTROL	Papio_ursinus	Theropithecus_gelada	22.3	15.35	0.80005970653703
Cercopithecidae	CONTROL	Macaca_arctoides	Miopithecus_ogouensis	10.3	1.25	0.798982715967254
Cercopithecidae	CONTROL	Papio_anubis	Macaca_leonina	16.65	6.7	0.798560962013908
Cercopithecidae	CONTROL	Nasalis_larvatus	Cercopithecus_mona	15.75	4.05	0.798500425095817
Cercopithecidae	CONTROL	Nasalis_larvatus	Trachypithecus_crepusculus	15.75	6.65	0.798479953621324
Cercopithecidae	CONTROL	Papio_ursinus	Colobus_guereza	22.3	8.89	0.797229940424695
Cercopithecidae	CONTROL	Macaca_arctoides	Macaca_fascicularis	10.3	4.03	0.796929283216186
Cercopithecidae	CONTROL	Macaca_thibetana	Cercopithecus_mitis	15.55	4.89	0.796673962991877
Cercopithecidae	CONTROL	Papio_hamadryas	Macaca_fascicularis	13.4	4.03	0.796049922177263
Cercopithecidae	CONTROL	Semnopithecus_schistaceus	Presbytis_mitrata	17	5.8	0.795595335656061
Cercopithecidae	CONTROL	Nasalis_larvatus	Cercopithecus_hamlyni	15.75	4.43	0.79444365097483
Cercopithecidae	CONTROL	Semnopithecus_schistaceus	Allenopithecus_nigroviridis	17	5.3	0.793813281137435
Cercopithecidae	CONTROL	Semnopithecus_schistaceus	Trachypithecus_leucocephalus	17	8.285	0.793655506162632
Cercopithecidae	CONTROL	Mandrillus_leucophaeus	Trachypithecus_laotum	20.375	7	0.793421326031039
Cercopithecidae	CONTROL	Macaca_fuscata	Macaca_fascicularis	9.5	4.03	0.792958224632386
Cercopithecidae	CONTROL	Mandrillus_leucophaeus	Piliocolobus_badius	20.375	8.25	0.792676623395611
Cercopithecidae	CONTROL	Nasalis_larvatus	Chlorocebus_pygerythrus	15.75	4.665	0.792185514254657
Cercopithecidae	CONTROL	Macaca_thibetana	Macaca_arctoides	15.55	10.3	0.79194135386692
Cercopithecidae	CONTROL	Papio_ursinus	Colobus_polykomos	22.3	9.1	0.791917965530985
Cercopithecidae	CONTROL	Papio_hamadryas	Cercopithecus_ascanius	13.4	3.24	0.790461351888335
Cercopithecidae	CONTROL	Papio_anubis	Allochrocebus_solatus	16.65	6.35	0.790285509434107
Cercopithecidae	CONTROL	Mandrillus_sphinx	Trachypithecus_geei	23.6	10.15	0.790063626018225
Cercopithecidae	CONTROL	Semnopithecus_schistaceus	Chlorocebus_pygerythrus	17	4.665	0.789868808238518
Cercopithecidae	CONTROL	Nasalis_larvatus	Presbytis_comata	15.75	6.7	0.788882343066609
Cercopithecidae	CONTROL	Mandrillus_leucophaeus	Trachypithecus_hatinhensis	20.375	7.275	0.788097955540476
Cercopithecidae	CONTROL	Mandrillus_leucophaeus	Trachypithecus_phayrei	20.375	7.44	0.787523207757558
Cercopithecidae	CONTROL	Theropithecus_gelada	Cercocebus_lunulatus	15.35	7.28	0.787267385210726
Cercopithecidae	CONTROL	Semnopithecus_schistaceus	Cercopithecus_diana	17	4.5	0.786799901732355
Cercopithecidae	CONTROL	Nasalis_larvatus	Allenopithecus_nigroviridis	15.75	5.3	0.786221303360355
Cercopithecidae	CONTROL	Semnopithecus_schistaceus	Macaca_fascicularis	17	4.03	0.786146495054445
Cercopithecidae	CONTROL	Papio_kindae	Macaca_fascicularis	13	4.03	0.785149107699021
Cercopithecidae	CONTROL	Papio_hamadryas	Lophocebus_aterrimus	13.4	6.8	0.785003789879086
Cercopithecidae	CONTROL	Nasalis_larvatus	Macaca_fascicularis	15.75	4.03	0.784344896185149
Cercopithecidae	CONTROL	Theropithecus_gelada	Cercocebus_torquatus	15.35	7.5	0.782948771344564
Cercopithecidae	CONTROL	Macaca_arctoides	Macaca_radiata	10.3	5.14	0.78272867191405
Cercopithecidae	CONTROL	Macaca_thibetana	Allochrocebus_lhoesti	15.55	5.5	0.781346274198966
Cercopithecidae	CONTROL	Papio_papio	Macaca_maura	17.5	7.88	0.78103741502855
Cercopithecidae	CONTROL	Papio_ursinus	Papio_cynocephalus	22.3	17.05	0.780933553081429
Cercopithecidae	CONTROL	Nasalis_larvatus	Trachypithecus_laotum	15.75	7	0.780622974932744
Cercopithecidae	CONTROL	Theropithecus_gelada	Cercopithecus_nictitans	15.35	5.46	0.779349233401943
Cercopithecidae	CONTROL	Theropithecus_gelada	Allochrocebus_lhoesti	15.35	5.5	0.778880316346346
Cercopithecidae	CONTROL	Semnopithecus_schistaceus	Cercopithecus_roloway	17	4.55	0.7776181620108
Cercopithecidae	CONTROL	Papio_cynocephalus	Macaca_maura	17.05	7.88	0.776850253954703
Cercopithecidae	CONTROL	Mandrillus_leucophaeus	Trachypithecus_francoisi	20.375	7.52	0.776379753671357
Cercopithecidae	CONTROL	Papio_ursinus	Pygathrix_nigripes	22.3	9.88	0.774634881926591
Cercopithecidae	CONTROL	Semnopithecus_schistaceus	Presbytis_comata	17	6.7	0.773114252202308
Cercopithecidae	CONTROL	Papio_anubis	Macaca_silenus	16.65	7.5	0.772921486146068
Cercopithecidae	CONTROL	Macaca_tonkeana	Macaca_radiata	11.95	5.14	0.772520507278985
Cercopithecidae	CONTROL	Nasalis_larvatus	Cercopithecus_roloway	15.75	4.55	0.772092844551651
Cercopithecidae	CONTROL	Papio_ursinus	Papio_anubis	22.3	16.65	0.770701457258746
Cercopithecidae	CONTROL	Papio_kindae	Lophocebus_aterrimus	13	6.8	0.769759340698515
Cercopithecidae	CONTROL	Rhinopithecus_bieti	Miopithecus_ogouensis	12.48	1.25	0.76929322350289
Cercopithecidae	CONTROL	Nasalis_larvatus	Cercopithecus_diana	15.75	4.5	0.768694477554714
Cercopithecidae	CONTROL	Papio_ursinus	Pygathrix_nemaeus	22.3	9.72	0.768668524171621
Cercopithecidae	CONTROL	Papio_hamadryas	Cercopithecus_pogonias	13.4	3.58	0.76776394873247
Cercopithecidae	CONTROL	Papio_hamadryas	Cercopithecus_petaurista	13.4	3.65	0.766972406988988
Cercopithecidae	CONTROL	Papio_anubis	Macaca_nigra	16.65	7.68	0.766356564175395
Cercopithecidae	CONTROL	Theropithecus_gelada	Macaca_leonina	15.35	6.7	0.766181706681298
Cercopithecidae	CONTROL	Mandrillus_sphinx	Semnopithecus_johnii	23.6	11.6	0.765967768139823
Cercopithecidae	CONTROL	Semnopithecus_schistaceus	Allochrocebus_preussi	17	4.525	0.765455752342928
Cercopithecidae	CONTROL	Cercocebus_chrysogaster	Miopithecus_ogouensis	9.75	1.25	0.765238963175157
Cercopithecidae	CONTROL	Macaca_thibetana	Cercopithecus_nictitans	15.55	5.46	0.764750329167432
Cercopithecidae	CONTROL	Papio_hamadryas	Cercopithecus_hamlyni	13.4	4.43	0.764504807223713
Cercopithecidae	CONTROL	Mandrillus_sphinx	Trachypithecus_pileatus	23.6	10.93	0.764302382111354
Cercopithecidae	CONTROL	Papio_ursinus	Pygathrix_cinerea	22.3	9.98	0.763716040291708
Cercopithecidae	CONTROL	Mandrillus_leucophaeus	Colobus_angolensis	20.375	8.6	0.762877846448544
Cercopithecidae	CONTROL	Papio_hamadryas	Cercopithecus_cephus	13.4	3.48	0.762680007243858
Cercopithecidae	CONTROL	Nasalis_larvatus	Trachypithecus_phayrei	15.75	7.44	0.762194221288555
Cercopithecidae	CONTROL	Papio_kindae	Cercopithecus_ascanius	13	3.24	0.761733446594884
Cercopithecidae	CONTROL	Papio_papio	Macaca_nemestrina	17.5	8.89	0.759312183121141
Cercopithecidae	CONTROL	Semnopithecus_schistaceus	Cercopithecus_neglectus	17	5.74	0.759049273934819
Cercopithecidae	CONTROL	Papio_hamadryas	Cercopithecus_mona	13.4	4.05	0.758008163270838
Cercopithecidae	CONTROL	Semnopithecus_schistaceus	Cercopithecus_mitis	17	4.89	0.757784571541427
Cercopithecidae	CONTROL	Mandrillus_sphinx	Macaca_thibetana	23.6	15.55	0.757535618421427
Cercopithecidae	CONTROL	Mandrillus_leucophaeus	Piliocolobus_tephrosceles	20.375	8.75	0.757183540051292
Cercopithecidae	CONTROL	Theropithecus_gelada	Allochrocebus_solatus	15.35	6.35	0.756981122295524
Cercopithecidae	CONTROL	Mandrillus_leucophaeus	Trachypithecus_leucocephalus	20.375	8.285	0.755834336689487
Cercopithecidae	CONTROL	Mandrillus_sphinx	Semnopithecus_entellus	23.6	11.44	0.754199826120444
Cercopithecidae	CONTROL	Nasalis_larvatus	Trachypithecus_hatinhensis	15.75	7.275	0.753985434488987
Cercopithecidae	CONTROL	Nasalis_larvatus	Allochrocebus_preussi	15.75	4.525	0.75381424875443
Cercopithecidae	CONTROL	Papio_hamadryas	Cercopithecus_lowei	13.4	3.9	0.753080388057246
Cercopithecidae	CONTROL	Papio_papio	Macaca_assamensis	17.5	9	0.752357213028505
Cercopithecidae	CONTROL	Rhinopithecus_roxellana	Cercopithecus_ascanius	14.75	3.24	0.751677639883464
Cercopithecidae	CONTROL	Papio_anubis	Macaca_maura	16.65	7.88	0.751628990501928
Cercopithecidae	CONTROL	Macaca_thibetana	Macaca_fuscata	15.55	9.5	0.749623100089565
Cercopithecidae	CONTROL	Macaca_fuscata	Miopithecus_ogouensis	9.5	1.25	0.748758041484832
Cercopithecidae	CONTROL	Nasalis_larvatus	Trachypithecus_francoisi	15.75	7.52	0.748444523330892
Cercopithecidae	CONTROL	Macaca_thibetana	Cercocebus_lunulatus	15.55	7.28	0.748167163834444
Cercopithecidae	CONTROL	Papio_kindae	Cercopithecus_pogonias	13	3.58	0.747851386283407
Cercopithecidae	CONTROL	Papio_cynocephalus	Macaca_assamensis	17.05	9	0.747015766241955
Cercopithecidae	CONTROL	Nasalis_larvatus	Cercopithecus_mitis	15.75	4.89	0.746855607361634
Cercopithecidae	CONTROL	Semnopithecus_schistaceus	Macaca_radiata	17	5.14	0.744885601374551
Cercopithecidae	CONTROL	Nasalis_larvatus	Macaca_radiata	15.75	5.14	0.74470091800516
Cercopithecidae	CONTROL	Macaca_thibetana	Allochrocebus_solatus	15.55	6.35	0.744028058414746
Cercopithecidae	CONTROL	Macaca_thibetana	Cercocebus_torquatus	15.55	7.5	0.743940964994594
Cercopithecidae	CONTROL	Papio_kindae	Cercopithecus_petaurista	13	3.65	0.743802223985855
Cercopithecidae	CONTROL	Semnopithecus_schistaceus	Cercopithecus_nictitans	17	5.46	0.743752093437561
Cercopithecidae	CONTROL	Semnopithecus_schistaceus	Allochrocebus_lhoesti	17	5.5	0.743314118591492
Cercopithecidae	CONTROL	Rhinopithecus_roxellana	Cercopithecus_cephus	14.75	3.48	0.742032367890299
Cercopithecidae	CONTROL	Erythrocebus_patas	Chlorocebus_pygerythrus	9.45	4.665	0.74147275597969
Cercopithecidae	CONTROL	Mandrillus_leucophaeus	Colobus_guereza	20.375	8.89	0.741371474633519
Cercopithecidae	CONTROL	Papio_hamadryas	Macaca_radiata	13.4	5.14	0.740677346497558
Cercopithecidae	CONTROL	Mandrillus_leucophaeus	Trachypithecus_germaini	20.375	8.83	0.740326911984394
Cercopithecidae	CONTROL	Papio_cynocephalus	Macaca_nemestrina	17.05	8.89	0.740024325781486
Cercopithecidae	CONTROL	Papio_hamadryas	Chlorocebus_pygerythrus	13.4	4.665	0.74001698353795
Cercopithecidae	CONTROL	Papio_hamadryas	Cercopithecus_diana	13.4	4.5	0.738745766663721
Cercopithecidae	CONTROL	Papio_papio	Presbytis_mitrata	17.5	5.8	0.738007953042174
Cercopithecidae	CONTROL	Papio_hamadryas	Allenopithecus_nigroviridis	13.4	5.3	0.735930738756643
Cercopithecidae	CONTROL	Semnopithecus_johnii	Miopithecus_ogouensis	11.6	1.25	0.735839532758076
Cercopithecidae	CONTROL	Papio_kindae	Cercopithecus_hamlyni	13	4.43	0.735202489221482
Cercopithecidae	CONTROL	Nasalis_larvatus	Cercopithecus_neglectus	15.75	5.74	0.735183120717847
Cercopithecidae	CONTROL	Papio_ursinus	Trachypithecus_geei	22.3	10.15	0.73436375495102
Cercopithecidae	CONTROL	Papio_kindae	Cercopithecus_cephus	13	3.48	0.734159676013189
Cercopithecidae	CONTROL	Rhinopithecus_roxellana	Cercopithecus_pogonias	14.75	3.58	0.733408503290348
Cercopithecidae	CONTROL	Nasalis_larvatus	Cercopithecus_nictitans	15.75	5.46	0.732602609098425
Cercopithecidae	CONTROL	Theropithecus_gelada	Macaca_silenus	15.35	7.5	0.732450366783502
Cercopithecidae	CONTROL	Macaca_tonkeana	Macaca_siberu	11.95	6.165	0.731844859912104
Cercopithecidae	CONTROL	Theropithecus_gelada	Macaca_nigra	15.35	7.68	0.73155526458576
Cercopithecidae	CONTROL	Nasalis_larvatus	Macaca_cyclopis	15.75	5.47	0.730640022608313
Cercopithecidae	CONTROL	Papio_cynocephalus	Presbytis_mitrata	17.05	5.8	0.730439395206708
Cercopithecidae	CONTROL	Papio_kindae	Cercopithecus_mona	13	4.05	0.730230978555203
Cercopithecidae	CONTROL	Rhinopithecus_roxellana	Cercopithecus_petaurista	14.75	3.65	0.729729566993049
Cercopithecidae	CONTROL	Mandrillus_leucophaeus	Macaca_tonkeana	20.375	11.95	0.729442109684819
Cercopithecidae	CONTROL	Semnopithecus_schistaceus	Semnopithecus_johnii	17	11.6	0.728974856618744
Cercopithecidae	CONTROL	Mandrillus_leucophaeus	Colobus_polykomos	20.375	9.1	0.727664824851839
Cercopithecidae	CONTROL	Macaca_assamensis	Miopithecus_ogouensis	9	1.25	0.725047017504465
Cercopithecidae	CONTROL	Rhinopithecus_roxellana	Presbytis_mitrata	14.75	5.8	0.724103577524765
Cercopithecidae	CONTROL	Papio_papio	Cercocebus_chrysogaster	17.5	9.75	0.724099500547535
Cercopithecidae	CONTROL	Semnopithecus_schistaceus	Macaca_cyclopis	17	5.47	0.723197505416212
Cercopithecidae	CONTROL	Mandrillus_sphinx	Rhinopithecus_bieti	23.6	12.48	0.723050344542557
Cercopithecidae	CONTROL	Papio_hamadryas	Cercopithecus_roloway	13.4	4.55	0.722307311941127
Cercopithecidae	CONTROL	Mandrillus_leucophaeus	Papio_kindae	20.375	13	0.721380403677932
Cercopithecidae	CONTROL	Semnopithecus_johnii	Semnopithecus_vetulus	11.6	7.03	0.721001528378228
Cercopithecidae	CONTROL	Papio_kindae	Cercopithecus_lowei	13	3.9	0.720906928013095
Cercopithecidae	CONTROL	Nasalis_larvatus	Allochrocebus_lhoesti	15.75	5.5	0.720322020744718
Cercopithecidae	CONTROL	Macaca_assamensis	Macaca_fascicularis	9	4.03	0.717465254564667
Cercopithecidae	CONTROL	Papio_kindae	Chlorocebus_pygerythrus	13	4.665	0.717377160313554
Cercopithecidae	CONTROL	Macaca_tonkeana	Macaca_cyclopis	11.95	5.47	0.716664018437956
Cercopithecidae	CONTROL	Semnopithecus_entellus	Miopithecus_ogouensis	11.44	1.25	0.716482035498754
Cercopithecidae	CONTROL	Papio_papio	Trachypithecus_cristatus	17.5	6.25	0.715651779672171
Cercopithecidae	CONTROL	Rhinopithecus_roxellana	Semnopithecus_vetulus	14.75	7.03	0.715357109302962
Cercopithecidae	CONTROL	Rhinopithecus_roxellana	Cercopithecus_mona	14.75	4.05	0.714693914220317
Cercopithecidae	CONTROL	Papio_cynocephalus	Cercocebus_chrysogaster	17.05	9.75	0.714575010193947
Cercopithecidae	CONTROL	Papio_kindae	Allenopithecus_nigroviridis	13	5.3	0.714335728580854
Cercopithecidae	CONTROL	Semnopithecus_hypoleucos	Trachypithecus_cristatus	13.1	6.25	0.713256409163729
Cercopithecidae	CONTROL	Semnopithecus_hypoleucos	Trachypithecus_crepusculus	13.1	6.65	0.712858831476202
Cercopithecidae	CONTROL	Papio_hamadryas	Macaca_cyclopis	13.4	5.47	0.712716089295298
Cercopithecidae	CONTROL	Semnopithecus_schistaceus	Macaca_mulatta	17	5.96	0.71127552787674
Cercopithecidae	CONTROL	Papio_papio	Presbytis_comata	17.5	6.7	0.711196218857126
Cercopithecidae	CONTROL	Semnopithecus_hypoleucos	Trachypithecus_obscurus	13.1	6.99	0.710733045339565
Cercopithecidae	CONTROL	Papio_anubis	Macaca_nemestrina	16.65	8.89	0.710490652257566
Cercopithecidae	CONTROL	Semnopithecus_hypoleucos	Cercopithecus_ascanius	13.1	3.24	0.710026306603992
Cercopithecidae	CONTROL	Mandrillus_leucophaeus	Pygathrix_nigripes	20.375	9.88	0.709984134570798
Cercopithecidae	CONTROL	Rhinopithecus_roxellana	Trachypithecus_cristatus	14.75	6.25	0.709977983573912
Cercopithecidae	CONTROL	Papio_anubis	Macaca_assamensis	16.65	9	0.709813201380556
Cercopithecidae	CONTROL	Rhinopithecus_roxellana	Cercopithecus_lowei	14.75	3.9	0.709536584838643
Cercopithecidae	CONTROL	Semnopithecus_schistaceus	Piliocolobus_kirkii	17	6.9	0.708926887953168
Cercopithecidae	CONTROL	Nasalis_larvatus	Piliocolobus_kirkii	15.75	6.9	0.708794477111511
Cercopithecidae	CONTROL	Papio_papio	Macaca_fuscata	17.5	9.5	0.708787392791548
Cercopithecidae	CONTROL	Papio_kindae	Macaca_radiata	13	5.14	0.708132618664139
Cercopithecidae	CONTROL	Mandrillus_leucophaeus	Pygathrix_nemaeus	20.375	9.72	0.707893212783437
Cercopithecidae	CONTROL	Rhinopithecus_roxellana	Cercopithecus_hamlyni	14.75	4.43	0.707217719108413
Cercopithecidae	CONTROL	Papio_anubis	Presbytis_mitrata	16.65	5.8	0.706445152882979
Cercopithecidae	CONTROL	Nasalis_larvatus	Macaca_mulatta	15.75	5.96	0.70610068790593
Cercopithecidae	CONTROL	Mandrillus_sphinx	Semnopithecus_hypoleucos	23.6	13.1	0.705066390476553
Cercopithecidae	CONTROL	Theropithecus_gelada	Macaca_maura	15.35	7.88	0.704673839617577
Cercopithecidae	CONTROL	Rhinopithecus_roxellana	Macaca_fascicularis	14.75	4.03	0.704421270163103
Cercopithecidae	CONTROL	Papio_ursinus	Papio_papio	22.3	17.5	0.702474409961861
Cercopithecidae	CONTROL	Papio_ursinus	Trachypithecus_pileatus	22.3	10.93	0.702191541918565
Cercopithecidae	CONTROL	Macaca_tonkeana	Cercopithecus_ascanius	11.95	3.24	0.70206128706326
Cercopithecidae	CONTROL	Semnopithecus_schistaceus	Trachypithecus_geei	17	10.15	0.701614890283934
Cercopithecidae	CONTROL	Papio_hamadryas	Allochrocebus_preussi	13.4	4.525	0.701060379668179
Cercopithecidae	CONTROL	Nasalis_larvatus	Trachypithecus_leucocephalus	15.75	8.285	0.700928092421088
Cercopithecidae	CONTROL	Macaca_nemestrina	Miopithecus_ogouensis	8.89	1.25	0.700822836016848
Cercopithecidae	CONTROL	Semnopithecus_schistaceus	Allochrocebus_solatus	17	6.35	0.700691988630906
Cercopithecidae	CONTROL	Rhinopithecus_roxellana	Chlorocebus_pygerythrus	14.75	4.665	0.699462885545135
Cercopithecidae	CONTROL	Mandrillus_sphinx	Papio_anubis	23.6	16.65	0.699439768739861
Cercopithecidae	CONTROL	Papio_papio	Trachypithecus_crepusculus	17.5	6.65	0.698858744038031
Cercopithecidae	CONTROL	Papio_cynocephalus	Trachypithecus_cristatus	17.05	6.25	0.698687114877664
Cercopithecidae	CONTROL	Rhinopithecus_roxellana	Allenopithecus_nigroviridis	14.75	5.3	0.698663739529133
Cercopithecidae	CONTROL	Mandrillus_leucophaeus	Pygathrix_cinerea	20.375	9.98	0.698411568644576
Cercopithecidae	CONTROL	Papio_papio	Trachypithecus_obscurus	17.5	6.99	0.696582971216308
Cercopithecidae	CONTROL	Papio_ursinus	Semnopithecus_johnii	22.3	11.6	0.696552364970699
Cercopithecidae	CONTROL	Papio_cynocephalus	Presbytis_comata	17.05	6.7	0.6958890393694
Cercopithecidae	CONTROL	Semnopithecus_schistaceus	Macaca_siberu	17	6.165	0.695236382342264
Cercopithecidae	CONTROL	Mandrillus_leucophaeus	Papio_hamadryas	20.375	13.4	0.694569916720028
Cercopithecidae	CONTROL	Papio_cynocephalus	Trachypithecus_crepusculus	17.05	6.65	0.693547056589105
Cercopithecidae	CONTROL	Papio_kindae	Cercopithecus_roloway	13	4.55	0.693247025225441
Cercopithecidae	CONTROL	Semnopithecus_hypoleucos	Cercopithecus_cephus	13.1	3.48	0.692787599970889
Cercopithecidae	CONTROL	Papio_hamadryas	Cercopithecus_mitis	13.4	4.89	0.69238974893443
Cercopithecidae	CONTROL	Semnopithecus_schistaceus	Piliocolobus_gordonorum	17	7.05	0.69174599949703
Cercopithecidae	CONTROL	Papio_kindae	Cercopithecus_diana	13	4.5	0.691132666878624
Cercopithecidae	CONTROL	Papio_cynocephalus	Semnopithecus_vetulus	17.05	7.03	0.69111356707663
Cercopithecidae	CONTROL	Rhinopithecus_roxellana	Cercopithecus_diana	14.75	4.5	0.691002920904907
Cercopithecidae	CONTROL	Papio_cynocephalus	Macaca_fuscata	17.05	9.5	0.689071472322663
Cercopithecidae	CONTROL	Macaca_tonkeana	Macaca_mulatta	11.95	5.96	0.688650160437629
Cercopithecidae	CONTROL	Rhinopithecus_roxellana	Trachypithecus_crepusculus	14.75	6.65	0.688114322056338
Cercopithecidae	CONTROL	Papio_papio	Semnopithecus_vetulus	17.5	7.03	0.687735623991529
Cercopithecidae	CONTROL	Papio_kindae	Macaca_cyclopis	13	5.47	0.686953198689713
Cercopithecidae	CONTROL	Papio_kindae	Allochrocebus_preussi	13	4.525	0.685563770211737
Cercopithecidae	CONTROL	Mandrillus_sphinx	Papio_cynocephalus	23.6	17.05	0.68545085002585
Cercopithecidae	CONTROL	Papio_hamadryas	Macaca_mulatta	13.4	5.96	0.685333482602399
Cercopithecidae	CONTROL	Rhinopithecus_roxellana	Cercopithecus_roloway	14.75	4.55	0.684910974143542
Cercopithecidae	CONTROL	Nasalis_larvatus	Trachypithecus_germaini	15.75	8.83	0.684650035997241
Cercopithecidae	CONTROL	Theropithecus_gelada	Macaca_assamensis	15.35	9	0.683754062483718
Cercopithecidae	CONTROL	Papio_cynocephalus	Trachypithecus_obscurus	17.05	6.99	0.681556195593989
Cercopithecidae	CONTROL	Papio_ursinus	Semnopithecus_entellus	22.3	11.44	0.681524884189238
Cercopithecidae	CONTROL	Nasalis_larvatus	Macaca_siberu	15.75	6.165	0.680976546280402
Cercopithecidae	CONTROL	Nasalis_larvatus	Piliocolobus_gordonorum	15.75	7.05	0.680702832418146
Cercopithecidae	CONTROL	Semnopithecus_schistaceus	Piliocolobus_badius	17	8.25	0.6804528840361
Cercopithecidae	CONTROL	Rhinopithecus_roxellana	Presbytis_comata	14.75	6.7	0.68044301181998
Cercopithecidae	CONTROL	Macaca_tonkeana	Cercopithecus_cephus	11.95	3.48	0.678964656897864
Cercopithecidae	CONTROL	Papio_papio	Erythrocebus_patas	17.5	9.45	0.678678452026095
Cercopithecidae	CONTROL	Semnopithecus_hypoleucos	Cercopithecus_pogonias	13.1	3.58	0.678251168286087
Cercopithecidae	CONTROL	Papio_hamadryas	Cercopithecus_neglectus	13.4	5.74	0.678219813912259
Cercopithecidae	CONTROL	Rhinopithecus_roxellana	Trachypithecus_obscurus	14.75	6.99	0.677602923533631
Cercopithecidae	CONTROL	Nasalis_larvatus	Allochrocebus_solatus	15.75	6.35	0.67702840614795
Cercopithecidae	CONTROL	Nasalis_larvatus	Lophocebus_aterrimus	15.75	6.8	0.676179381088252
Cercopithecidae	CONTROL	Papio_cynocephalus	Piliocolobus_kirkii	17.05	6.9	0.676132486609727
Cercopithecidae	CONTROL	Semnopithecus_hypoleucos	Cercopithecus_petaurista	13.1	3.65	0.675605739974916
Cercopithecidae	CONTROL	Papio_papio	Piliocolobus_gordonorum	17.5	7.05	0.674571416983772
Cercopithecidae	CONTROL	Papio_anubis	Cercocebus_chrysogaster	16.65	9.75	0.674326063688999
Cercopithecidae	CONTROL	Papio_ursinus	Rhinopithecus_bieti	22.3	12.48	0.674241336579129
Cercopithecidae	CONTROL	Papio_papio	Piliocolobus_kirkii	17.5	6.9	0.674201451271304
Cercopithecidae	CONTROL	Nasalis_larvatus	Pygathrix_nigripes	15.75	9.88	0.674160332356869
Cercopithecidae	CONTROL	Trachypithecus_pileatus	Miopithecus_ogouensis	10.93	1.25	0.672455640505182
Cercopithecidae	CONTROL	Papio_cynocephalus	Piliocolobus_gordonorum	17.05	7.05	0.671890696996497
Cercopithecidae	CONTROL	Rhinopithecus_roxellana	Trachypithecus_laotum	14.75	7	0.671610386370552
Cercopithecidae	CONTROL	Rhinopithecus_roxellana	Cercopithecus_mitis	14.75	4.89	0.670779502606443
Cercopithecidae	CONTROL	Papio_cynocephalus	Papio_kindae	17.05	13	0.669856514676055
Cercopithecidae	CONTROL	Semnopithecus_schistaceus	Colobus_angolensis	17	8.6	0.669701694167204
Cercopithecidae	CONTROL	Papio_papio	Macaca_arctoides	17.5	10.3	0.669456634635866
Cercopithecidae	CONTROL	Semnopithecus_schistaceus	Lophocebus_aterrimus	17	6.8	0.669221256438946
Cercopithecidae	CONTROL	Rhinopithecus_roxellana	Allochrocebus_preussi	14.75	4.525	0.668547304198822
Cercopithecidae	CONTROL	Papio_papio	Trachypithecus_laotum	17.5	7	0.668099547226059
Cercopithecidae	CONTROL	Macaca_tonkeana	Macaca_nigra	11.95	7.68	0.666614787206672
Cercopithecidae	CONTROL	Papio_hamadryas	Cercopithecus_nictitans	13.4	5.46	0.666227035020234
Cercopithecidae	CONTROL	Papio_anubis	Presbytis_comata	16.65	6.7	0.66597271460576
Cercopithecidae	CONTROL	Papio_anubis	Trachypithecus_cristatus	16.65	6.25	0.66591269038436
Cercopithecidae	CONTROL	Papio_cynocephalus	Trachypithecus_laotum	17.05	7	0.665311143713965
Cercopithecidae	CONTROL	Mandrillus_leucophaeus	Trachypithecus_geei	20.375	10.15	0.665270078880989
Cercopithecidae	CONTROL	Macaca_tonkeana	Cercopithecus_petaurista	11.95	3.65	0.66526219157742
Cercopithecidae	CONTROL	Papio_hamadryas	Allochrocebus_lhoesti	13.4	5.5	0.665257190554957
Cercopithecidae	CONTROL	Macaca_tonkeana	Macaca_maura	11.95	7.88	0.665074480171362
Cercopithecidae	CONTROL	Theropithecus_gelada	Macaca_nemestrina	15.35	8.89	0.663709613941407
Cercopithecidae	CONTROL	Papio_kindae	Cercopithecus_mitis	13	4.89	0.663529549406634
Cercopithecidae	CONTROL	Papio_anubis	Trachypithecus_crepusculus	16.65	6.65	0.66335405213323
Cercopithecidae	CONTROL	Papio_kindae	Cercopithecus_neglectus	13	5.74	0.662831634429797
Cercopithecidae	CONTROL	Papio_cynocephalus	Erythrocebus_patas	17.05	9.45	0.662814796979879
Cercopithecidae	CONTROL	Macaca_tonkeana	Macaca_leonina	11.95	6.7	0.662702447523364
Cercopithecidae	CONTROL	Nasalis_larvatus	Piliocolobus_badius	15.75	8.25	0.662271913843954
Cercopithecidae	CONTROL	Papio_ursinus	Macaca_thibetana	22.3	15.55	0.66086626282292
Cercopithecidae	CONTROL	Papio_hamadryas	Macaca_siberu	13.4	6.165	0.659658653235729
Cercopithecidae	CONTROL	Papio_anubis	Macaca_fuscata	16.65	9.5	0.659159850213953
Cercopithecidae	CONTROL	Papio_papio	Papio_kindae	17.5	13	0.658344983096038
Cercopithecidae	CONTROL	Theropithecus_gelada	Presbytis_mitrata	15.35	5.8	0.657476755097067
Cercopithecidae	CONTROL	Semnopithecus_schistaceus	Cercocebus_lunulatus	17	7.28	0.657358623862008
Cercopithecidae	CONTROL	Semnopithecus_hypoleucos	Cercopithecus_lowei	13.1	3.9	0.657235888267192
Cercopithecidae	CONTROL	Papio_anubis	Semnopithecus_vetulus	16.65	7.03	0.655898405146534
Cercopithecidae	CONTROL	Semnopithecus_schistaceus	Macaca_leonina	17	6.7	0.655748371416951
Cercopithecidae	CONTROL	Papio_anubis	Trachypithecus_obscurus	16.65	6.99	0.655285254519026
Cercopithecidae	CONTROL	Papio_papio	Trachypithecus_hatinhensis	17.5	7.275	0.654135573126171
Cercopithecidae	CONTROL	Papio_kindae	Macaca_mulatta	13	5.96	0.65288170778843
Cercopithecidae	CONTROL	Erythrocebus_patas	Cercopithecus_ascanius	9.45	3.24	0.652029158867311
Cercopithecidae	CONTROL	Rhinopithecus_bieti	Cercopithecus_ascanius	12.48	3.24	0.651573627752921
Cercopithecidae	CONTROL	Macaca_nemestrina	Macaca_fascicularis	8.89	4.03	0.65145954169003
Cercopithecidae	CONTROL	Papio_anubis	Piliocolobus_kirkii	16.65	6.9	0.651072804406745
Cercopithecidae	CONTROL	Nasalis_larvatus	Pygathrix_nemaeus	15.75	9.72	0.651020941598011
Cercopithecidae	CONTROL	Papio_cynocephalus	Macaca_arctoides	17.05	10.3	0.65045716169106
Cercopithecidae	CONTROL	Erythrocebus_patas	Allochrocebus_preussi	9.45	4.525	0.650091323429794
Cercopithecidae	CONTROL	Semnopithecus_hypoleucos	Cercopithecus_mona	13.1	4.05	0.64937509460341
Cercopithecidae	CONTROL	Rhinopithecus_bieti	Cercopithecus_cephus	12.48	3.48	0.648703799381659
Cercopithecidae	CONTROL	Rhinopithecus_roxellana	Macaca_radiata	14.75	5.14	0.648629728532384
Cercopithecidae	CONTROL	Semnopithecus_hypoleucos	Trachypithecus_laotum	13.1	7	0.648335728551919
Cercopithecidae	CONTROL	Papio_papio	Trachypithecus_phayrei	17.5	7.44	0.648080832914738
Cercopithecidae	CONTROL	Macaca_assamensis	Macaca_radiata	9	5.14	0.647440065240432
Cercopithecidae	CONTROL	Papio_papio	Trachypithecus_francoisi	17.5	7.52	0.647342593854286
Cercopithecidae	CONTROL	Papio_kindae	Macaca_siberu	13	6.165	0.647312270279453
Cercopithecidae	CONTROL	Semnopithecus_hypoleucos	Trachypithecus_phayrei	13.1	7.44	0.647226956331227
Cercopithecidae	CONTROL	Papio_cynocephalus	Trachypithecus_phayrei	17.05	7.44	0.645198168595825
Cercopithecidae	CONTROL	Mandrillus_sphinx	Papio_papio	23.6	17.5	0.645052735410525
Cercopithecidae	CONTROL	Macaca_tonkeana	Cercopithecus_pogonias	11.95	3.58	0.645034637772774
Cercopithecidae	CONTROL	Semnopithecus_schistaceus	Cercocebus_torquatus	17	7.5	0.64479338961649
Cercopithecidae	CONTROL	Rhinopithecus_roxellana	Cercopithecus_neglectus	14.75	5.74	0.644709814481609
Cercopithecidae	CONTROL	Semnopithecus_entellus	Semnopithecus_vetulus	11.44	7.03	0.643509665804547
Cercopithecidae	CONTROL	Nasalis_larvatus	Colobus_angolensis	15.75	8.6	0.643429606021439
Cercopithecidae	CONTROL	Rhinopithecus_roxellana	Trachypithecus_phayrei	14.75	7.44	0.642945734270043
Cercopithecidae	CONTROL	Papio_papio	Piliocolobus_badius	17.5	8.25	0.642362228475532
Cercopithecidae	CONTROL	Macaca_fuscata	Macaca_cyclopis	9.5	5.47	0.642060112952078
Cercopithecidae	CONTROL	Rhinopithecus_roxellana	Allochrocebus_lhoesti	14.75	5.5	0.641319364692376
Cercopithecidae	CONTROL	Papio_anubis	Piliocolobus_gordonorum	16.65	7.05	0.64121983371321
Cercopithecidae	CONTROL	Rhinopithecus_roxellana	Trachypithecus_hatinhensis	14.75	7.275	0.640429143582471
Cercopithecidae	CONTROL	Semnopithecus_hypoleucos	Cercopithecus_hamlyni	13.1	4.43	0.639820734790609
Cercopithecidae	CONTROL	Macaca_arctoides	Macaca_cyclopis	10.3	5.47	0.639760547258779
Cercopithecidae	CONTROL	Nasalis_larvatus	Macaca_leonina	15.75	6.7	0.639197270698386
Cercopithecidae	CONTROL	Papio_cynocephalus	Trachypithecus_hatinhensis	17.05	7.275	0.638513015398538
Cercopithecidae	CONTROL	Allenopithecus_nigroviridis	Miopithecus_ogouensis	5.3	1.25	0.638019125144998
Cercopithecidae	CONTROL	Semnopithecus_hypoleucos	Macaca_fascicularis	13.1	4.03	0.637891245375913
Cercopithecidae	CONTROL	Papio_kindae	Allochrocebus_lhoesti	13	5.5	0.637035645111294
Cercopithecidae	CONTROL	Rhinopithecus_roxellana	Cercopithecus_nictitans	14.75	5.46	0.635463908888844
Cercopithecidae	CONTROL	Macaca_tonkeana	Cercopithecus_mona	11.95	4.05	0.635426331308214
Cercopithecidae	CONTROL	Macaca_tonkeana	Chlorocebus_pygerythrus	11.95	4.665	0.635386749017984
Cercopithecidae	CONTROL	Papio_papio	Papio_hamadryas	17.5	13.4	0.634800123025536
Cercopithecidae	CONTROL	Rhinopithecus_bieti	Cercopithecus_pogonias	12.48	3.58	0.634523729699817
Cercopithecidae	CONTROL	Papio_cynocephalus	Trachypithecus_francoisi	17.05	7.52	0.634293860441235
Cercopithecidae	CONTROL	Semnopithecus_schistaceus	Macaca_silenus	17	7.5	0.633699309226823
Cercopithecidae	CONTROL	Macaca_tonkeana	Cercopithecus_hamlyni	11.95	4.43	0.633427233892934
Cercopithecidae	CONTROL	Papio_anubis	Erythrocebus_patas	16.65	9.45	0.633162522044209
Cercopithecidae	CONTROL	Semnopithecus_hypoleucos	Chlorocebus_pygerythrus	13.1	4.665	0.632798080672687
Cercopithecidae	CONTROL	Rhinopithecus_roxellana	Macaca_cyclopis	14.75	5.47	0.632646087384045
Cercopithecidae	CONTROL	Papio_cynocephalus	Piliocolobus_badius	17.05	8.25	0.632037956787996
Cercopithecidae	CONTROL	Nasalis_larvatus	Cercocebus_lunulatus	15.75	7.28	0.631996696923774
Cercopithecidae	CONTROL	Papio_anubis	Trachypithecus_laotum	16.65	7	0.631253405433303
Cercopithecidae	CONTROL	Papio_kindae	Cercopithecus_nictitans	13	5.46	0.63030871784047
Cercopithecidae	CONTROL	Theropithecus_gelada	Cercocebus_chrysogaster	15.35	9.75	0.630061049695113
Cercopithecidae	CONTROL	Rhinopithecus_roxellana	Trachypithecus_francoisi	14.75	7.52	0.629405396701166
Cercopithecidae	CONTROL	Trachypithecus_geei	Miopithecus_ogouensis	10.15	1.25	0.629163293894372
Cercopithecidae	CONTROL	Rhinopithecus_bieti	Cercopithecus_petaurista	12.48	3.65	0.629130220421466
Cercopithecidae	CONTROL	Pygathrix_nigripes	Miopithecus_ogouensis	9.88	1.25	0.628579367799922
Cercopithecidae	CONTROL	Macaca_arctoides	Cercopithecus_ascanius	10.3	3.24	0.627185866502248
Cercopithecidae	CONTROL	Papio_ursinus	Semnopithecus_hypoleucos	22.3	13.1	0.627077301461562
Cercopithecidae	CONTROL	Erythrocebus_patas	Cercopithecus_petaurista	9.45	3.65	0.627067663625002
Cercopithecidae	CONTROL	Macaca_tonkeana	Cercopithecus_lowei	11.95	3.9	0.626999380705909
Cercopithecidae	CONTROL	Erythrocebus_patas	Cercopithecus_pogonias	9.45	3.58	0.626355304427202
Cercopithecidae	CONTROL	Erythrocebus_patas	Cercopithecus_cephus	9.45	3.48	0.625616184217325
Cercopithecidae	CONTROL	Semnopithecus_johnii	Cercopithecus_ascanius	11.6	3.24	0.624504002618915
Cercopithecidae	CONTROL	Semnopithecus_schistaceus	Colobus_polykomos	17	9.1	0.624249490447901
Cercopithecidae	CONTROL	Papio_hamadryas	Macaca_leonina	13.4	6.7	0.623493113246773
Cercopithecidae	CONTROL	Macaca_thibetana	Presbytis_mitrata	15.55	5.8	0.622747702982
Cercopithecidae	CONTROL	Papio_anubis	Macaca_arctoides	16.65	10.3	0.621709061236684
Cercopithecidae	CONTROL	Nasalis_larvatus	Pygathrix_cinerea	15.75	9.98	0.621461004349999
Cercopithecidae	CONTROL	Mandrillus_leucophaeus	Trachypithecus_pileatus	20.375	10.93	0.62069036160407
Cercopithecidae	CONTROL	Mandrillus_leucophaeus	Semnopithecus_johnii	20.375	11.6	0.620189479384808
Cercopithecidae	CONTROL	Semnopithecus_schistaceus	Colobus_guereza	17	8.89	0.619889352183981
Cercopithecidae	CONTROL	Mandrillus_sphinx	Nasalis_larvatus	23.6	15.75	0.619558878969858
Cercopithecidae	CONTROL	Mandrillus_sphinx	Rhinopithecus_roxellana	23.6	14.75	0.619246358617143
Cercopithecidae	CONTROL	Semnopithecus_hypoleucos	Cercopithecus_roloway	13.1	4.55	0.619144503605485
Cercopithecidae	CONTROL	Theropithecus_gelada	Trachypithecus_cristatus	15.35	6.25	0.618899021270758
Cercopithecidae	CONTROL	Semnopithecus_hypoleucos	Cercopithecus_diana	13.1	4.5	0.618146354738493
Cercopithecidae	CONTROL	Semnopithecus_schistaceus	Piliocolobus_tephrosceles	17	8.75	0.617813751491514
Cercopithecidae	CONTROL	Macaca_nigra	Miopithecus_ogouensis	7.68	1.25	0.617356776967469
Cercopithecidae	CONTROL	Rhinopithecus_roxellana	Piliocolobus_kirkii	14.75	6.9	0.617029826009792
Cercopithecidae	CONTROL	Theropithecus_gelada	Semnopithecus_vetulus	15.35	7.03	0.616906317710281
Cercopithecidae	CONTROL	Macaca_tonkeana	Allenopithecus_nigroviridis	11.95	5.3	0.616395908230804
Cercopithecidae	CONTROL	Rhinopithecus_roxellana	Macaca_mulatta	14.75	5.96	0.616144527797311
Cercopithecidae	CONTROL	Semnopithecus_hypoleucos	Allenopithecus_nigroviridis	13.1	5.3	0.616129303711166
Cercopithecidae	CONTROL	Nasalis_larvatus	Cercocebus_torquatus	15.75	7.5	0.616079644082122
Cercopithecidae	CONTROL	Theropithecus_gelada	Macaca_fuscata	15.35	9.5	0.616047555669357
Cercopithecidae	CONTROL	Papio_hamadryas	Cercocebus_torquatus	13.4	7.5	0.615737595504002
Cercopithecidae	CONTROL	Macaca_maura	Miopithecus_ogouensis	7.88	1.25	0.615192676360876
Cercopithecidae	CONTROL	Semnopithecus_hypoleucos	Trachypithecus_hatinhensis	13.1	7.275	0.615111425332663
Cercopithecidae	CONTROL	Macaca_tonkeana	Allochrocebus_preussi	11.95	4.525	0.614482541552958
Cercopithecidae	CONTROL	Semnopithecus_schistaceus	Trachypithecus_pileatus	17	10.93	0.614383043879697
Cercopithecidae	CONTROL	Mandrillus_leucophaeus	Semnopithecus_entellus	20.375	11.44	0.613914994965343
Cercopithecidae	CONTROL	Rhinopithecus_bieti	Cercopithecus_lowei	12.48	3.9	0.6137246370796
Cercopithecidae	CONTROL	Papio_hamadryas	Allochrocebus_solatus	13.4	6.35	0.613644984076169
Cercopithecidae	CONTROL	Theropithecus_gelada	Presbytis_comata	15.35	6.7	0.613507657088553
Cercopithecidae	CONTROL	Pygathrix_nemaeus	Miopithecus_ogouensis	9.72	1.25	0.613421004512948
Cercopithecidae	CONTROL	Papio_anubis	Piliocolobus_badius	16.65	8.25	0.613308736935737
Cercopithecidae	CONTROL	Semnopithecus_hypoleucos	Trachypithecus_francoisi	13.1	7.52	0.613196555721361
Cercopithecidae	CONTROL	Semnopithecus_schistaceus	Macaca_nigra	17	7.68	0.612763201167343
Cercopithecidae	CONTROL	Nasalis_larvatus	Macaca_nigra	15.75	7.68	0.612314822601745
Cercopithecidae	CONTROL	Papio_cynocephalus	Papio_hamadryas	17.05	13.4	0.61228324826373
Cercopithecidae	CONTROL	Semnopithecus_schistaceus	Pygathrix_nigripes	17	9.88	0.611341700105708
Cercopithecidae	CONTROL	Theropithecus_gelada	Trachypithecus_crepusculus	15.35	6.65	0.610503453394553
Cercopithecidae	CONTROL	Papio_papio	Colobus_angolensis	17.5	8.6	0.609437706597912
Cercopithecidae	CONTROL	Macaca_thibetana	Semnopithecus_vetulus	15.55	7.03	0.609090845612699
Cercopithecidae	CONTROL	Nasalis_larvatus	Macaca_silenus	15.75	7.5	0.608949409236467
Cercopithecidae	CONTROL	Papio_anubis	Trachypithecus_hatinhensis	16.65	7.275	0.608710260575378
Cercopithecidae	CONTROL	Macaca_fuscata	Macaca_radiata	9.5	5.14	0.608675831670601
Cercopithecidae	CONTROL	Mandrillus_leucophaeus	Theropithecus_gelada	20.375	15.35	0.608312256097986
Cercopithecidae	CONTROL	Macaca_thibetana	Trachypithecus_cristatus	15.55	6.25	0.608080541721152
Cercopithecidae	CONTROL	Semnopithecus_johnii	Trachypithecus_cristatus	11.6	6.25	0.607803062551183
Cercopithecidae	CONTROL	Pygathrix_cinerea	Miopithecus_ogouensis	9.98	1.25	0.607388579976081
Cercopithecidae	CONTROL	Macaca_tonkeana	Cercopithecus_diana	11.95	4.5	0.607262970452632
Cercopithecidae	CONTROL	Papio_papio	Trachypithecus_leucocephalus	17.5	8.285	0.607152261568183
Cercopithecidae	CONTROL	Rhinopithecus_bieti	Macaca_fascicularis	12.48	4.03	0.606893784113134
Cercopithecidae	CONTROL	Erythrocebus_patas	Cercopithecus_hamlyni	9.45	4.43	0.606886233828502
Cercopithecidae	CONTROL	Rhinopithecus_bieti	Presbytis_mitrata	12.48	5.8	0.604780738063414
Cercopithecidae	CONTROL	Macaca_thibetana	Trachypithecus_crepusculus	15.55	6.65	0.604515666634432
Cercopithecidae	CONTROL	Rhinopithecus_roxellana	Piliocolobus_gordonorum	14.75	7.05	0.603816426034871
Cercopithecidae	CONTROL	Papio_hamadryas	Cercocebus_lunulatus	13.4	7.28	0.602250685535843
Cercopithecidae	CONTROL	Semnopithecus_johnii	Cercopithecus_cephus	11.6	3.48	0.601577953690555
Cercopithecidae	CONTROL	Macaca_thibetana	Presbytis_comata	15.55	6.7	0.601563662612285
Cercopithecidae	CONTROL	Theropithecus_gelada	Trachypithecus_obscurus	15.35	6.99	0.600588073885748
Cercopithecidae	CONTROL	Erythrocebus_patas	Cercopithecus_lowei	9.45	3.9	0.599757147247825
Cercopithecidae	CONTROL	Nasalis_larvatus	Piliocolobus_tephrosceles	15.75	8.75	0.59955998572719
Cercopithecidae	CONTROL	Rhinopithecus_bieti	Cercopithecus_mona	12.48	4.05	0.599339902383332
Cercopithecidae	CONTROL	Semnopithecus_hypoleucos	Presbytis_mitrata	13.1	5.8	0.599287913496363
Cercopithecidae	CONTROL	Cercocebus_torquatus	Miopithecus_ogouensis	7.5	1.25	0.598174552171676
Cercopithecidae	CONTROL	Semnopithecus_schistaceus	Semnopithecus_hypoleucos	17	13.1	0.598083365462654
Cercopithecidae	CONTROL	Macaca_thibetana	Cercocebus_chrysogaster	15.55	9.75	0.598048078085019
Cercopithecidae	CONTROL	Semnopithecus_schistaceus	Macaca_maura	17	7.88	0.597886708606539
Cercopithecidae	CONTROL	Papio_anubis	Trachypithecus_phayrei	16.65	7.44	0.59737422619701
Cercopithecidae	CONTROL	Semnopithecus_entellus	Cercopithecus_ascanius	11.44	3.24	0.59720009510618
Cercopithecidae	CONTROL	Semnopithecus_schistaceus	Pygathrix_nemaeus	17	9.72	0.596928095707831
Cercopithecidae	CONTROL	Macaca_silenus	Miopithecus_ogouensis	7.5	1.25	0.596510175825722
Cercopithecidae	CONTROL	Semnopithecus_hypoleucos	Cercopithecus_mitis	13.1	4.89	0.596455492703877
Cercopithecidae	CONTROL	Macaca_arctoides	Cercopithecus_cephus	10.3	3.48	0.596411172666237
Cercopithecidae	CONTROL	Macaca_tonkeana	Cercopithecus_roloway	11.95	4.55	0.59560033461144
Cercopithecidae	CONTROL	Lophocebus_aterrimus	Miopithecus_ogouensis	6.8	1.25	0.595569521157901
Cercopithecidae	CONTROL	Macaca_thibetana	Trachypithecus_obscurus	15.55	6.99	0.594934433998167
Cercopithecidae	CONTROL	Cercopithecus_neglectus	Miopithecus_ogouensis	5.74	1.25	0.594557165722581
Cercopithecidae	CONTROL	Macaca_thibetana	Piliocolobus_kirkii	15.55	6.9	0.594448494734517
Cercopithecidae	CONTROL	Papio_papio	Piliocolobus_tephrosceles	17.5	8.75	0.593219705639747
Cercopithecidae	CONTROL	Rhinopithecus_roxellana	Allochrocebus_solatus	14.75	6.35	0.593103265115787
Cercopithecidae	CONTROL	Papio_papio	Colobus_guereza	17.5	8.89	0.591727116496385
Cercopithecidae	CONTROL	Rhinopithecus_bieti	Chlorocebus_pygerythrus	12.48	4.665	0.591554762573558
Cercopithecidae	CONTROL	Macaca_arctoides	Cercopithecus_petaurista	10.3	3.65	0.591538434244823
Cercopithecidae	CONTROL	Papio_anubis	Trachypithecus_francoisi	16.65	7.52	0.591233972959458
Cercopithecidae	CONTROL	Colobus_angolensis	Miopithecus_ogouensis	8.6	1.25	0.591193027592053
Cercopithecidae	CONTROL	Cercocebus_lunulatus	Miopithecus_ogouensis	7.28	1.25	0.591149836360301
Cercopithecidae	CONTROL	Cercocebus_chrysogaster	Macaca_fascicularis	9.75	4.03	0.590625164216003
Cercopithecidae	CONTROL	Macaca_arctoides	Macaca_siberu	10.3	6.165	0.590402452040323
Cercopithecidae	CONTROL	Theropithecus_gelada	Piliocolobus_kirkii	15.35	6.9	0.590258093369735
Cercopithecidae	CONTROL	Nasalis_larvatus	Colobus_guereza	15.75	8.89	0.589242649527968
Cercopithecidae	CONTROL	Nasalis_larvatus	Colobus_polykomos	15.75	9.1	0.588952703423067
Cercopithecidae	CONTROL	Rhinopithecus_bieti	Cercopithecus_hamlyni	12.48	4.43	0.588378799083735
Cercopithecidae	CONTROL	Papio_cynocephalus	Trachypithecus_leucocephalus	17.05	8.285	0.588320924060933
Cercopithecidae	CONTROL	Colobus_polykomos	Miopithecus_ogouensis	9.1	1.25	0.588224106389968
Cercopithecidae	CONTROL	Macaca_tonkeana	Macaca_silenus	11.95	7.5	0.587855299554557
Cercopithecidae	CONTROL	Papio_papio	Trachypithecus_germaini	17.5	8.83	0.587625476300075
Cercopithecidae	CONTROL	Macaca_arctoides	Macaca_mulatta	10.3	5.96	0.587071783225515
Cercopithecidae	CONTROL	Semnopithecus_hypoleucos	Macaca_radiata	13.1	5.14	0.58635796489252
Cercopithecidae	CONTROL	Semnopithecus_johnii	Trachypithecus_crepusculus	11.6	6.65	0.586235766462045
Cercopithecidae	CONTROL	Rhinopithecus_roxellana	Macaca_siberu	14.75	6.165	0.586149231996883
Cercopithecidae	CONTROL	Semnopithecus_hypoleucos	Cercopithecus_neglectus	13.1	5.74	0.585890815562031
Cercopithecidae	CONTROL	Rhinopithecus_roxellana	Trachypithecus_leucocephalus	14.75	8.285	0.585165625356721
Cercopithecidae	CONTROL	Allochrocebus_solatus	Miopithecus_ogouensis	6.35	1.25	0.585149296690709
Cercopithecidae	CONTROL	Theropithecus_gelada	Erythrocebus_patas	15.35	9.45	0.585131830596862
Cercopithecidae	CONTROL	Piliocolobus_tephrosceles	Miopithecus_ogouensis	8.75	1.25	0.585052010500016
Cercopithecidae	CONTROL	Rhinopithecus_roxellana	Lophocebus_aterrimus	14.75	6.8	0.58481718948257
Cercopithecidae	CONTROL	Cercocebus_chrysogaster	Cercopithecus_ascanius	9.75	3.24	0.584772812019276
Cercopithecidae	CONTROL	Papio_cynocephalus	Piliocolobus_tephrosceles	17.05	8.75	0.583075531138579
Cercopithecidae	CONTROL	Rhinopithecus_bieti	Allenopithecus_nigroviridis	12.48	5.3	0.582777320481468
Cercopithecidae	CONTROL	Colobus_guereza	Miopithecus_ogouensis	8.89	1.25	0.582296764221846
Cercopithecidae	CONTROL	Semnopithecus_hypoleucos	Allochrocebus_preussi	13.1	4.525	0.582203036739519
Cercopithecidae	CONTROL	Semnopithecus_johnii	Trachypithecus_obscurus	11.6	6.99	0.581957711377529
Cercopithecidae	CONTROL	Papio_cynocephalus	Colobus_angolensis	17.05	8.6	0.581911738709085
Cercopithecidae	CONTROL	Erythrocebus_patas	Cercopithecus_mona	9.45	4.05	0.581180394762481
Cercopithecidae	CONTROL	Macaca_arctoides	Cercopithecus_pogonias	10.3	3.58	0.580946728983436
Cercopithecidae	CONTROL	Macaca_fuscata	Macaca_mulatta	9.5	5.96	0.580210471246181
Cercopithecidae	CONTROL	Erythrocebus_patas	Allenopithecus_nigroviridis	9.45	5.3	0.580161130404125
Cercopithecidae	CONTROL	Semnopithecus_schistaceus	Pygathrix_cinerea	17	9.98	0.57999051545468
Cercopithecidae	CONTROL	Papio_anubis	Papio_kindae	16.65	13	0.57789972878456
Cercopithecidae	CONTROL	Semnopithecus_johnii	Cercopithecus_pogonias	11.6	3.58	0.577677411760332
Cercopithecidae	CONTROL	Semnopithecus_entellus	Cercopithecus_cephus	11.44	3.48	0.577503293574074
Cercopithecidae	CONTROL	Macaca_thibetana	Erythrocebus_patas	15.55	9.45	0.576704817712479
Cercopithecidae	CONTROL	Rhinopithecus_bieti	Cercopithecus_diana	12.48	4.5	0.576065902698617
Cercopithecidae	CONTROL	Macaca_thibetana	Piliocolobus_gordonorum	15.55	7.05	0.575891574023297
Cercopithecidae	CONTROL	Macaca_tonkeana	Cercopithecus_mitis	11.95	4.89	0.575593799513974
Cercopithecidae	CONTROL	Theropithecus_gelada	Macaca_arctoides	15.35	10.3	0.575107481896667
Cercopithecidae	CONTROL	Semnopithecus_johnii	Cercopithecus_lowei	11.6	3.9	0.57428300480374
Cercopithecidae	CONTROL	Theropithecus_gelada	Trachypithecus_laotum	15.35	7	0.573567437879579
Cercopithecidae	CONTROL	Nasalis_larvatus	Macaca_maura	15.75	7.88	0.573340926787892
Cercopithecidae	CONTROL	Papio_cynocephalus	Trachypithecus_germaini	17.05	8.83	0.572956385569501
Cercopithecidae	CONTROL	Macaca_arctoides	Cercopithecus_mona	10.3	4.05	0.572594249661674
Cercopithecidae	CONTROL	Mandrillus_sphinx	Mandrillus_leucophaeus	23.6	20.375	0.571993368996597
Cercopithecidae	CONTROL	Mandrillus_leucophaeus	Rhinopithecus_bieti	20.375	12.48	0.571783429605707
Cercopithecidae	CONTROL	Papio_kindae	Cercocebus_lunulatus	13	7.28	0.571169198066867
Cercopithecidae	CONTROL	Papio_kindae	Macaca_leonina	13	6.7	0.570934316087901
Cercopithecidae	CONTROL	Trachypithecus_germaini	Miopithecus_ogouensis	8.83	1.25	0.570670515734419
Cercopithecidae	CONTROL	Macaca_arctoides	Cercopithecus_lowei	10.3	3.9	0.570202873185686
Cercopithecidae	CONTROL	Macaca_thibetana	Trachypithecus_laotum	15.55	7	0.569521916664895
Cercopithecidae	CONTROL	Theropithecus_gelada	Piliocolobus_gordonorum	15.35	7.05	0.568794510994786
Cercopithecidae	CONTROL	Semnopithecus_johnii	Cercopithecus_petaurista	11.6	3.65	0.568440863016906
Cercopithecidae	CONTROL	Papio_kindae	Cercocebus_torquatus	13	7.5	0.567966517171584
Cercopithecidae	CONTROL	Rhinopithecus_bieti	Cercopithecus_roloway	12.48	4.55	0.56792075918404
Cercopithecidae	CONTROL	Piliocolobus_badius	Miopithecus_ogouensis	8.25	1.25	0.567805973919322
Cercopithecidae	CONTROL	Rhinopithecus_bieti	Trachypithecus_cristatus	12.48	6.25	0.567418764111506
Cercopithecidae	CONTROL	Semnopithecus_schistaceus	Macaca_assamensis	17	9	0.566737452587759
Cercopithecidae	CONTROL	Papio_hamadryas	Macaca_silenus	13.4	7.5	0.566711358665085
Cercopithecidae	CONTROL	Papio_cynocephalus	Colobus_guereza	17.05	8.89	0.566275761519113
Cercopithecidae	CONTROL	Papio_papio	Colobus_polykomos	17.5	9.1	0.566091743092329
Cercopithecidae	CONTROL	Rhinopithecus_bieti	Allochrocebus_preussi	12.48	4.525	0.565890209782606
Cercopithecidae	CONTROL	Semnopithecus_schistaceus	Macaca_nemestrina	17	8.89	0.56543478298784
Cercopithecidae	CONTROL	Papio_kindae	Allochrocebus_solatus	13	6.35	0.565289488102258
Cercopithecidae	CONTROL	Semnopithecus_johnii	Macaca_fascicularis	11.6	4.03	0.565179434434801
Cercopithecidae	CONTROL	Semnopithecus_hypoleucos	Cercopithecus_nictitans	13.1	5.46	0.564440305963859
Cercopithecidae	CONTROL	Semnopithecus_schistaceus	Erythrocebus_patas	17	9.45	0.563046844862079
Cercopithecidae	CONTROL	Semnopithecus_hypoleucos	Allochrocebus_lhoesti	13.1	5.5	0.561676312703881
Cercopithecidae	CONTROL	Theropithecus_gelada	Trachypithecus_phayrei	15.35	7.44	0.561490068239418
Cercopithecidae	CONTROL	Rhinopithecus_roxellana	Piliocolobus_badius	14.75	8.25	0.561142562830123
Cercopithecidae	CONTROL	Semnopithecus_johnii	Cercopithecus_mona	11.6	4.05	0.561135440848676
Cercopithecidae	CONTROL	Semnopithecus_entellus	Cercopithecus_petaurista	11.44	3.65	0.559751579439805
Cercopithecidae	CONTROL	Semnopithecus_hypoleucos	Presbytis_comata	13.1	6.7	0.559495076204836
Cercopithecidae	CONTROL	Cercocebus_chrysogaster	Cercopithecus_petaurista	9.75	3.65	0.559270473778796
Cercopithecidae	CONTROL	Semnopithecus_entellus	Trachypithecus_crepusculus	11.44	6.65	0.558339964398319
Cercopithecidae	CONTROL	Papio_anubis	Papio_hamadryas	16.65	13.4	0.557742896567104
Cercopithecidae	CONTROL	Semnopithecus_hypoleucos	Macaca_cyclopis	13.1	5.47	0.5572724870834
Cercopithecidae	CONTROL	Papio_cynocephalus	Colobus_polykomos	17.05	9.1	0.557145571447506
Cercopithecidae	CONTROL	Cercopithecus_nictitans	Miopithecus_ogouensis	5.46	1.25	0.556493871612249
Cercopithecidae	CONTROL	Semnopithecus_entellus	Trachypithecus_obscurus	11.44	6.99	0.556183242012715
Cercopithecidae	CONTROL	Rhinopithecus_roxellana	Trachypithecus_germaini	14.75	8.83	0.554836107173464
Cercopithecidae	CONTROL	Papio_anubis	Trachypithecus_leucocephalus	16.65	8.285	0.554804542980158
Cercopithecidae	CONTROL	Papio_anubis	Colobus_angolensis	16.65	8.6	0.554473784002844
Cercopithecidae	CONTROL	Macaca_arctoides	Cercopithecus_hamlyni	10.3	4.43	0.554250131713
Cercopithecidae	CONTROL	Papio_anubis	Piliocolobus_tephrosceles	16.65	8.75	0.554246222287816
Cercopithecidae	CONTROL	Nasalis_larvatus	Trachypithecus_geei	15.75	10.15	0.553989946773685
Cercopithecidae	CONTROL	Macaca_fuscata	Cercopithecus_ascanius	9.5	3.24	0.553960116282628
Cercopithecidae	CONTROL	Cercocebus_chrysogaster	Cercopithecus_cephus	9.75	3.48	0.553706338163511
Cercopithecidae	CONTROL	Rhinopithecus_bieti	Presbytis_comata	12.48	6.7	0.553605287325118
Cercopithecidae	CONTROL	Semnopithecus_entellus	Cercopithecus_pogonias	11.44	3.58	0.553510219556103
Cercopithecidae	CONTROL	Erythrocebus_patas	Allochrocebus_lhoesti	9.45	5.5	0.552737627363806
Cercopithecidae	CONTROL	Semnopithecus_entellus	Trachypithecus_cristatus	11.44	6.25	0.551231340213169
Cercopithecidae	CONTROL	Theropithecus_gelada	Trachypithecus_hatinhensis	15.35	7.275	0.550954046869196
Cercopithecidae	CONTROL	Macaca_tonkeana	Cercopithecus_neglectus	11.95	5.74	0.550661324349793
Cercopithecidae	CONTROL	Macaca_thibetana	Trachypithecus_hatinhensis	15.55	7.275	0.549423656694919
Cercopithecidae	CONTROL	Macaca_tonkeana	Allochrocebus_lhoesti	11.95	5.5	0.549413308664791
Cercopithecidae	CONTROL	Cercocebus_chrysogaster	Cercopithecus_pogonias	9.75	3.58	0.548287154268582
Cercopithecidae	CONTROL	Semnopithecus_entellus	Cercopithecus_lowei	11.44	3.9	0.547387925616801
Cercopithecidae	CONTROL	Macaca_fuscata	Cercopithecus_cephus	9.5	3.48	0.547193064244145
Cercopithecidae	CONTROL	Rhinopithecus_roxellana	Macaca_leonina	14.75	6.7	0.546585006948648
Cercopithecidae	CONTROL	Macaca_assamensis	Cercopithecus_ascanius	9	3.24	0.54647870569302
Cercopithecidae	CONTROL	Semnopithecus_johnii	Cercopithecus_hamlyni	11.6	4.43	0.546092795956497
Cercopithecidae	CONTROL	Macaca_thibetana	Trachypithecus_phayrei	15.55	7.44	0.545311815572636
Cercopithecidae	CONTROL	Papio_hamadryas	Macaca_nigra	13.4	7.68	0.545055422415597
Cercopithecidae	CONTROL	Macaca_thibetana	Trachypithecus_francoisi	15.55	7.52	0.544225878800315
Cercopithecidae	CONTROL	Theropithecus_gelada	Piliocolobus_badius	15.35	8.25	0.544188826966279
Cercopithecidae	CONTROL	Rhinopithecus_bieti	Macaca_radiata	12.48	5.14	0.544118499870959
Cercopithecidae	CONTROL	Papio_ursinus	Rhinopithecus_roxellana	22.3	14.75	0.54408549083668
Cercopithecidae	CONTROL	Macaca_nigra	Macaca_fascicularis	7.68	4.03	0.543905824924238
Cercopithecidae	CONTROL	Papio_kindae	Macaca_silenus	13	7.5	0.543103057673304
Cercopithecidae	CONTROL	Theropithecus_gelada	Trachypithecus_francoisi	15.35	7.52	0.541412479864566
Cercopithecidae	CONTROL	Papio_anubis	Trachypithecus_germaini	16.65	8.83	0.541329499497696
Cercopithecidae	CONTROL	Papio_anubis	Colobus_guereza	16.65	8.89	0.54046139287334
Cercopithecidae	CONTROL	Papio_papio	Pygathrix_nemaeus	17.5	9.72	0.5400551818427
Cercopithecidae	CONTROL	Semnopithecus_entellus	Cercopithecus_mona	11.44	4.05	0.539480990620933
Cercopithecidae	CONTROL	Rhinopithecus_bieti	Semnopithecus_vetulus	12.48	7.03	0.539421322650378
Cercopithecidae	CONTROL	Semnopithecus_hypoleucos	Trachypithecus_leucocephalus	13.1	8.285	0.539369611439461
Cercopithecidae	CONTROL	Rhinopithecus_roxellana	Cercocebus_lunulatus	14.75	7.28	0.539231415385788
Cercopithecidae	CONTROL	Papio_papio	Pygathrix_nigripes	17.5	9.88	0.53883584090883
Cercopithecidae	CONTROL	Macaca_arctoides	Allenopithecus_nigroviridis	10.3	5.3	0.538408224690146
Cercopithecidae	CONTROL	Rhinopithecus_roxellana	Cercocebus_torquatus	14.75	7.5	0.538133644953987
Cercopithecidae	CONTROL	Rhinopithecus_bieti	Trachypithecus_crepusculus	12.48	6.65	0.538008485982994
Cercopithecidae	CONTROL	Theropithecus_gelada	Colobus_angolensis	15.35	8.6	0.535623515467698
Cercopithecidae	CONTROL	Semnopithecus_schistaceus	Macaca_fuscata	17	9.5	0.535382002583062
Cercopithecidae	CONTROL	Papio_papio	Macaca_tonkeana	17.5	11.95	0.53531964098089
Cercopithecidae	CONTROL	Mandrillus_leucophaeus	Semnopithecus_hypoleucos	20.375	13.1	0.534198816164307
Cercopithecidae	CONTROL	Macaca_nemestrina	Cercopithecus_ascanius	8.89	3.24	0.534196806991816
Cercopithecidae	CONTROL	Rhinopithecus_bieti	Cercopithecus_mitis	12.48	4.89	0.533864014526765
Cercopithecidae	CONTROL	Macaca_thibetana	Piliocolobus_badius	15.55	8.25	0.532685292704271
Cercopithecidae	CONTROL	Nasalis_larvatus	Macaca_nemestrina	15.75	8.89	0.531563772343539
Cercopithecidae	CONTROL	Trachypithecus_pileatus	Cercopithecus_ascanius	10.93	3.24	0.531331309854925
Cercopithecidae	CONTROL	Cercocebus_chrysogaster	Cercopithecus_hamlyni	9.75	4.43	0.530927743780324
Cercopithecidae	CONTROL	Semnopithecus_johnii	Cercopithecus_diana	11.6	4.5	0.530861716123757
Cercopithecidae	CONTROL	Macaca_arctoides	Chlorocebus_pygerythrus	10.3	4.665	0.530340116412752
Cercopithecidae	CONTROL	Rhinopithecus_roxellana	Colobus_angolensis	14.75	8.6	0.530222217966988
Cercopithecidae	CONTROL	Papio_hamadryas	Presbytis_mitrata	13.4	5.8	0.529691391648765
Cercopithecidae	CONTROL	Macaca_tonkeana	Cercopithecus_nictitans	11.95	5.46	0.529135229573741
Cercopithecidae	CONTROL	Erythrocebus_patas	Macaca_fascicularis	9.45	4.03	0.529001473427679
Cercopithecidae	CONTROL	Semnopithecus_entellus	Macaca_fascicularis	11.44	4.03	0.528939080173552
Cercopithecidae	CONTROL	Semnopithecus_schistaceus	Cercocebus_chrysogaster	17	9.75	0.528486025678818
Cercopithecidae	CONTROL	Mandrillus_leucophaeus	Macaca_thibetana	20.375	15.55	0.528326430380071
Cercopithecidae	CONTROL	Papio_hamadryas	Macaca_maura	13.4	7.88	0.528275894373736
Cercopithecidae	CONTROL	Macaca_leonina	Miopithecus_ogouensis	6.7	1.25	0.528231797396766
Cercopithecidae	CONTROL	Macaca_nemestrina	Macaca_radiata	8.89	5.14	0.527369060197773
Cercopithecidae	CONTROL	Nasalis_larvatus	Macaca_assamensis	15.75	9	0.527105960903962
Cercopithecidae	CONTROL	Papio_kindae	Macaca_nigra	13	7.68	0.526593550925292
Cercopithecidae	CONTROL	Macaca_arctoides	Cercopithecus_diana	10.3	4.5	0.526573194248513
Cercopithecidae	CONTROL	Rhinopithecus_bieti	Allochrocebus_lhoesti	12.48	5.5	0.526351192967256
Cercopithecidae	CONTROL	Semnopithecus_entellus	Cercopithecus_hamlyni	11.44	4.43	0.525230002934174
Cercopithecidae	CONTROL	Trachypithecus_leucocephalus	Miopithecus_ogouensis	8.285	1.25	0.524988019440823
Cercopithecidae	CONTROL	Papio_papio	Pygathrix_cinerea	17.5	9.98	0.524977186016221
Cercopithecidae	CONTROL	Semnopithecus_johnii	Trachypithecus_laotum	11.6	7	0.524511468899835
Cercopithecidae	CONTROL	Macaca_tonkeana	Lophocebus_aterrimus	11.95	6.8	0.524134758596526
Cercopithecidae	CONTROL	Papio_anubis	Colobus_polykomos	16.65	9.1	0.523866726159161
Cercopithecidae	CONTROL	Papio_cynocephalus	Pygathrix_nigripes	17.05	9.88	0.523268934318639
Cercopithecidae	CONTROL	Nasalis_larvatus	Semnopithecus_johnii	15.75	11.6	0.523146124416006
Cercopithecidae	CONTROL	Macaca_fuscata	Cercopithecus_petaurista	9.5	3.65	0.522732922912791
Cercopithecidae	CONTROL	Cercocebus_chrysogaster	Cercopithecus_mona	9.75	4.05	0.52246539953831
Cercopithecidae	CONTROL	Trachypithecus_pileatus	Cercopithecus_cephus	10.93	3.48	0.521710284083422
Cercopithecidae	CONTROL	Cercocebus_chrysogaster	Cercopithecus_lowei	9.75	3.9	0.521562945667808
Cercopithecidae	CONTROL	Semnopithecus_johnii	Chlorocebus_pygerythrus	11.6	4.665	0.521430928154682
Cercopithecidae	CONTROL	Semnopithecus_johnii	Trachypithecus_phayrei	11.6	7.44	0.521060919010998
Cercopithecidae	CONTROL	Rhinopithecus_bieti	Macaca_cyclopis	12.48	5.47	0.520361892141888
Cercopithecidae	CONTROL	Macaca_fuscata	Cercopithecus_pogonias	9.5	3.58	0.519964009134722
Cercopithecidae	CONTROL	Erythrocebus_patas	Cercopithecus_roloway	9.45	4.55	0.519595133090171
Cercopithecidae	CONTROL	Semnopithecus_johnii	Cercopithecus_roloway	11.6	4.55	0.519502570342014
Cercopithecidae	CONTROL	Macaca_assamensis	Cercopithecus_cephus	9	3.48	0.518653449488906
Cercopithecidae	CONTROL	Papio_cynocephalus	Pygathrix_cinerea	17.05	9.98	0.517842150391515
Cercopithecidae	CONTROL	Semnopithecus_hypoleucos	Macaca_mulatta	13.1	5.96	0.516496763800691
Cercopithecidae	CONTROL	Macaca_maura	Macaca_fascicularis	7.88	4.03	0.515819887555634
Cercopithecidae	CONTROL	Semnopithecus_johnii	Allenopithecus_nigroviridis	11.6	5.3	0.515718833573791
Cercopithecidae	CONTROL	Papio_hamadryas	Trachypithecus_cristatus	13.4	6.25	0.51529809207941
Cercopithecidae	CONTROL	Papio_cynocephalus	Pygathrix_nemaeus	17.05	9.72	0.514948530516376
Cercopithecidae	CONTROL	Papio_papio	Trachypithecus_geei	17.5	10.15	0.514721859200945
Cercopithecidae	CONTROL	Rhinopithecus_roxellana	Macaca_nigra	14.75	7.68	0.514507923165081
Cercopithecidae	CONTROL	Semnopithecus_hypoleucos	Trachypithecus_germaini	13.1	8.83	0.513437056795731
Cercopithecidae	CONTROL	Trachypithecus_pileatus	Cercopithecus_pogonias	10.93	3.58	0.513193024368922
Cercopithecidae	CONTROL	Rhinopithecus_bieti	Cercopithecus_neglectus	12.48	5.74	0.512450224876324
Cercopithecidae	CONTROL	Semnopithecus_entellus	Cercopithecus_diana	11.44	4.5	0.51214466085446
Cercopithecidae	CONTROL	Macaca_arctoides	Allochrocebus_preussi	10.3	4.525	0.511095810965256
Cercopithecidae	CONTROL	Semnopithecus_hypoleucos	Macaca_siberu	13.1	6.165	0.510557087855125
Cercopithecidae	CONTROL	Rhinopithecus_roxellana	Macaca_silenus	14.75	7.5	0.510301017079497
Cercopithecidae	CONTROL	Rhinopithecus_bieti	Trachypithecus_obscurus	12.48	6.99	0.507394205946381
Cercopithecidae	CONTROL	Nasalis_larvatus	Erythrocebus_patas	15.75	9.45	0.507162155129869
Cercopithecidae	CONTROL	Trachypithecus_pileatus	Trachypithecus_cristatus	10.93	6.25	0.507149231419931
Cercopithecidae	CONTROL	Papio_ursinus	Nasalis_larvatus	22.3	15.75	0.507054322341218
Cercopithecidae	CONTROL	Papio_kindae	Presbytis_mitrata	13	5.8	0.506922551299509
Cercopithecidae	CONTROL	Semnopithecus_johnii	Presbytis_mitrata	11.6	5.8	0.506841858383317
Cercopithecidae	CONTROL	Macaca_assamensis	Cercopithecus_petaurista	9	3.65	0.506499735922946
Cercopithecidae	CONTROL	Nasalis_larvatus	Macaca_fuscata	15.75	9.5	0.506443129806441
Cercopithecidae	CONTROL	Semnopithecus_johnii	Allochrocebus_preussi	11.6	4.525	0.505705968462847
Cercopithecidae	CONTROL	Macaca_thibetana	Colobus_angolensis	15.55	8.6	0.505170130582115
Cercopithecidae	CONTROL	Cercocebus_chrysogaster	Chlorocebus_pygerythrus	9.75	4.665	0.504960335501517
Cercopithecidae	CONTROL	Rhinopithecus_bieti	Cercopithecus_nictitans	12.48	5.46	0.504847135305344
Cercopithecidae	CONTROL	Trachypithecus_pileatus	Trachypithecus_crepusculus	10.93	6.65	0.504800565339042
Cercopithecidae	CONTROL	Semnopithecus_entellus	Cercopithecus_roloway	11.44	4.55	0.503644129731414
Cercopithecidae	CONTROL	Macaca_assamensis	Macaca_cyclopis	9	5.47	0.503571577178911
Cercopithecidae	CONTROL	Semnopithecus_entellus	Chlorocebus_pygerythrus	11.44	4.665	0.503143502030507
Cercopithecidae	CONTROL	Trachypithecus_pileatus	Cercopithecus_lowei	10.93	3.9	0.502262739095611
Cercopithecidae	CONTROL	Macaca_arctoides	Macaca_leonina	10.3	6.7	0.501992132543019
Cercopithecidae	CONTROL	Semnopithecus_vetulus	Miopithecus_ogouensis	7.03	1.25	0.501791135757062
Cercopithecidae	CONTROL	Trachypithecus_pileatus	Cercopithecus_petaurista	10.93	3.65	0.500983402962021
Cercopithecidae	CONTROL	Papio_cynocephalus	Macaca_tonkeana	17.05	11.95	0.50096418469707
Cercopithecidae	CONTROL	Cercocebus_chrysogaster	Macaca_radiata	9.75	5.14	0.498746567480918
Cercopithecidae	CONTROL	Cercocebus_chrysogaster	Allenopithecus_nigroviridis	9.75	5.3	0.49854711995439
Cercopithecidae	CONTROL	Papio_kindae	Macaca_maura	13	7.88	0.497813131156328
Cercopithecidae	CONTROL	Rhinopithecus_roxellana	Pygathrix_nigripes	14.75	9.88	0.497712294322692
Cercopithecidae	CONTROL	Semnopithecus_johnii	Cercopithecus_mitis	11.6	4.89	0.497603602608298
Cercopithecidae	CONTROL	Rhinopithecus_roxellana	Piliocolobus_tephrosceles	14.75	8.75	0.497424531843128
Cercopithecidae	CONTROL	Erythrocebus_patas	Cercopithecus_diana	9.45	4.5	0.496926543767299
Cercopithecidae	CONTROL	Semnopithecus_hypoleucos	Piliocolobus_kirkii	13.1	6.9	0.496783592991809
Cercopithecidae	CONTROL	Macaca_nemestrina	Cercopithecus_cephus	8.89	3.48	0.496783012775045
Cercopithecidae	CONTROL	Semnopithecus_entellus	Presbytis_mitrata	11.44	5.8	0.495851867904621
Cercopithecidae	CONTROL	Macaca_thibetana	Piliocolobus_tephrosceles	15.55	8.75	0.495689491977371
Cercopithecidae	CONTROL	Macaca_thibetana	Macaca_tonkeana	15.55	11.95	0.495167285491242
Cercopithecidae	CONTROL	Macaca_assamensis	Cercopithecus_pogonias	9	3.58	0.494915418061369
Cercopithecidae	CONTROL	Semnopithecus_hypoleucos	Allochrocebus_solatus	13.1	6.35	0.49472412523102
Cercopithecidae	CONTROL	Papio_hamadryas	Presbytis_comata	13.4	6.7	0.494608377245355
Cercopithecidae	CONTROL	Theropithecus_gelada	Trachypithecus_leucocephalus	15.35	8.285	0.493997015930295
Cercopithecidae	CONTROL	Macaca_fuscata	Cercopithecus_mona	9.5	4.05	0.493746217295322
Cercopithecidae	CONTROL	Cercocebus_chrysogaster	Cercopithecus_diana	9.75	4.5	0.493733599627031
Cercopithecidae	CONTROL	Rhinopithecus_roxellana	Pygathrix_nemaeus	14.75	9.72	0.493186735251547
Cercopithecidae	CONTROL	Rhinopithecus_bieti	Trachypithecus_hatinhensis	12.48	7.275	0.492335780069049
Cercopithecidae	CONTROL	Macaca_tonkeana	Allochrocebus_solatus	11.95	6.35	0.491948765072281
Cercopithecidae	CONTROL	Trachypithecus_geei	Cercopithecus_ascanius	10.15	3.24	0.491517511132705
Cercopithecidae	CONTROL	Macaca_fuscata	Cercopithecus_hamlyni	9.5	4.43	0.491436944579768
Cercopithecidae	CONTROL	Macaca_arctoides	Cercopithecus_roloway	10.3	4.55	0.491408458970085
Cercopithecidae	CONTROL	Rhinopithecus_roxellana	Pygathrix_cinerea	14.75	9.98	0.491175805426963
Cercopithecidae	CONTROL	Macaca_nemestrina	Cercopithecus_petaurista	8.89	3.65	0.491141113670294
Cercopithecidae	CONTROL	Nasalis_larvatus	Semnopithecus_entellus	15.75	11.44	0.491095221511314
Cercopithecidae	CONTROL	Macaca_nemestrina	Macaca_siberu	8.89	6.165	0.490116856988032
Cercopithecidae	CONTROL	Rhinopithecus_bieti	Macaca_mulatta	12.48	5.96	0.489966893817065
Cercopithecidae	CONTROL	Semnopithecus_schistaceus	Macaca_arctoides	17	10.3	0.489598001901791
Cercopithecidae	CONTROL	Papio_cynocephalus	Trachypithecus_geei	17.05	10.15	0.4894901194719
Cercopithecidae	CONTROL	Macaca_thibetana	Trachypithecus_leucocephalus	15.55	8.285	0.489337025100698
Cercopithecidae	CONTROL	Pygathrix_nemaeus	Cercopithecus_ascanius	9.72	3.24	0.48913681851008
Cercopithecidae	CONTROL	Pygathrix_nigripes	Cercopithecus_ascanius	9.88	3.24	0.4889076030615
Cercopithecidae	CONTROL	Rhinopithecus_roxellana	Colobus_polykomos	14.75	9.1	0.488896467524466
Cercopithecidae	CONTROL	Nasalis_larvatus	Trachypithecus_pileatus	15.75	10.93	0.488469524603903
Cercopithecidae	CONTROL	Semnopithecus_johnii	Trachypithecus_hatinhensis	11.6	7.275	0.488429826518762
Cercopithecidae	CONTROL	Semnopithecus_entellus	Allenopithecus_nigroviridis	11.44	5.3	0.488291115173686
Cercopithecidae	CONTROL	Pygathrix_cinerea	Cercopithecus_ascanius	9.98	3.24	0.488171965258847
Cercopithecidae	CONTROL	Macaca_fuscata	Cercopithecus_lowei	9.5	3.9	0.488016078474629
Cercopithecidae	CONTROL	Macaca_arctoides	Cercopithecus_mitis	10.3	4.89	0.487879325302445
Cercopithecidae	CONTROL	Theropithecus_gelada	Trachypithecus_germaini	15.35	8.83	0.487850147304051
Cercopithecidae	CONTROL	Papio_hamadryas	Trachypithecus_crepusculus	13.4	6.65	0.486985264255958
Cercopithecidae	CONTROL	Macaca_siberu	Miopithecus_ogouensis	6.165	1.25	0.486804775496676
Cercopithecidae	CONTROL	Cercocebus_chrysogaster	Cercopithecus_roloway	9.75	4.55	0.48541855242022
Cercopithecidae	CONTROL	Semnopithecus_entellus	Trachypithecus_laotum	11.44	7	0.484472833709704
Cercopithecidae	CONTROL	Theropithecus_gelada	Colobus_guereza	15.35	8.89	0.483462866784924
Cercopithecidae	CONTROL	Trachypithecus_pileatus	Macaca_fascicularis	10.93	4.03	0.483039117225543
Cercopithecidae	CONTROL	Semnopithecus_johnii	Macaca_radiata	11.6	5.14	0.482960202499212
Cercopithecidae	CONTROL	Semnopithecus_hypoleucos	Piliocolobus_gordonorum	13.1	7.05	0.48295987093691
Cercopithecidae	CONTROL	Semnopithecus_johnii	Macaca_cyclopis	11.6	5.47	0.482733447512343
Cercopithecidae	CONTROL	Semnopithecus_johnii	Cercopithecus_neglectus	11.6	5.74	0.482568339147219
Cercopithecidae	CONTROL	Trachypithecus_pileatus	Cercopithecus_mona	10.93	4.05	0.482541719309088
Cercopithecidae	CONTROL	Papio_kindae	Trachypithecus_cristatus	13	6.25	0.482513989296249
Cercopithecidae	CONTROL	Cercocebus_chrysogaster	Allochrocebus_preussi	9.75	4.525	0.482505754038393
Cercopithecidae	CONTROL	Cercopithecus_mitis	Miopithecus_ogouensis	4.89	1.25	0.481662689003411
Cercopithecidae	CONTROL	Rhinopithecus_bieti	Trachypithecus_laotum	12.48	7	0.481283369805308
Cercopithecidae	CONTROL	Theropithecus_gelada	Piliocolobus_tephrosceles	15.35	8.75	0.481111698920039
Cercopithecidae	CONTROL	Semnopithecus_entellus	Trachypithecus_phayrei	11.44	7.44	0.480207412460381
Cercopithecidae	CONTROL	Semnopithecus_entellus	Allochrocebus_preussi	11.44	4.525	0.480133814944917
Cercopithecidae	CONTROL	Erythrocebus_patas	Cercopithecus_mitis	9.45	4.89	0.479158980820942
Cercopithecidae	CONTROL	Mandrillus_sphinx	Semnopithecus_schistaceus	23.6	17	0.479114365603329
Cercopithecidae	CONTROL	Macaca_thibetana	Colobus_guereza	15.55	8.89	0.479092963107774
Cercopithecidae	CONTROL	Papio_anubis	Pygathrix_nigripes	16.65	9.88	0.478421671564655
Cercopithecidae	CONTROL	Semnopithecus_entellus	Cercopithecus_mitis	11.44	4.89	0.477872012873475
Cercopithecidae	CONTROL	Cercopithecus_hamlyni	Miopithecus_ogouensis	4.43	1.25	0.477699104483462
Cercopithecidae	CONTROL	Erythrocebus_patas	Allochrocebus_solatus	9.45	6.35	0.477231419251548
Cercopithecidae	CONTROL	Macaca_mulatta	Miopithecus_ogouensis	5.96	1.25	0.476534051862219
Cercopithecidae	CONTROL	Trachypithecus_pileatus	Trachypithecus_obscurus	10.93	6.99	0.475461386442967
Cercopithecidae	CONTROL	Macaca_silenus	Macaca_fascicularis	7.5	4.03	0.474809904157855
Cercopithecidae	CONTROL	Pygathrix_cinerea	Cercopithecus_cephus	9.98	3.48	0.474401465693398
Cercopithecidae	CONTROL	Macaca_nemestrina	Cercopithecus_pogonias	8.89	3.58	0.473897098105126
Cercopithecidae	CONTROL	Trachypithecus_pileatus	Cercopithecus_hamlyni	10.93	4.43	0.473870682882591
Cercopithecidae	CONTROL	Semnopithecus_johnii	Trachypithecus_francoisi	11.6	7.52	0.4735643554172
Cercopithecidae	CONTROL	Rhinopithecus_roxellana	Macaca_maura	14.75	7.88	0.473285720209603
Cercopithecidae	CONTROL	Papio_hamadryas	Macaca_nemestrina	13.4	8.89	0.47316852892059
Cercopithecidae	CONTROL	Trachypithecus_geei	Cercopithecus_cephus	10.15	3.48	0.472348975612553
Cercopithecidae	CONTROL	Papio_hamadryas	Trachypithecus_obscurus	13.4	6.99	0.47233060025864
Cercopithecidae	CONTROL	Trachypithecus_francoisi	Miopithecus_ogouensis	7.52	1.25	0.472244924213042
Cercopithecidae	CONTROL	Rhinopithecus_roxellana	Colobus_guereza	14.75	8.89	0.472088341623388
Cercopithecidae	CONTROL	Trachypithecus_phayrei	Miopithecus_ogouensis	7.44	1.25	0.47167921139659
Cercopithecidae	CONTROL	Pygathrix_nigripes	Cercopithecus_cephus	9.88	3.48	0.471322798747537
Cercopithecidae	CONTROL	Papio_anubis	Pygathrix_nemaeus	16.65	9.72	0.471072274378735
Cercopithecidae	CONTROL	Macaca_tonkeana	Cercocebus_lunulatus	11.95	7.28	0.470529184892515
Cercopithecidae	CONTROL	Trachypithecus_pileatus	Semnopithecus_vetulus	10.93	7.03	0.470481551478514
Cercopithecidae	CONTROL	Macaca_fuscata	Macaca_siberu	9.5	6.165	0.470460529448689
Cercopithecidae	CONTROL	Semnopithecus_entellus	Macaca_radiata	11.44	5.14	0.470440091875677
Cercopithecidae	CONTROL	Papio_hamadryas	Semnopithecus_vetulus	13.4	7.03	0.470075546210661
Cercopithecidae	CONTROL	Papio_hamadryas	Macaca_assamensis	13.4	9	0.469893223846361
Cercopithecidae	CONTROL	Macaca_assamensis	Cercopithecus_lowei	9	3.9	0.469235518951333
Cercopithecidae	CONTROL	Macaca_thibetana	Trachypithecus_germaini	15.55	8.83	0.468735946019433
Cercopithecidae	CONTROL	Pygathrix_nigripes	Cercopithecus_pogonias	9.88	3.58	0.468638975249103
Cercopithecidae	CONTROL	Semnopithecus_hypoleucos	Macaca_leonina	13.1	6.7	0.468324094871584
Cercopithecidae	CONTROL	Papio_hamadryas	Piliocolobus_kirkii	13.4	6.9	0.468141174720837
Cercopithecidae	CONTROL	Semnopithecus_entellus	Trachypithecus_hatinhensis	11.44	7.275	0.468045814338628
Cercopithecidae	CONTROL	Semnopithecus_hypoleucos	Lophocebus_aterrimus	13.1	6.8	0.467843871553626
Cercopithecidae	CONTROL	Pygathrix_nemaeus	Cercopithecus_pogonias	9.72	3.58	0.467572130356762
Cercopithecidae	CONTROL	Nasalis_larvatus	Cercocebus_chrysogaster	15.75	9.75	0.467539166412987
Cercopithecidae	CONTROL	Trachypithecus_geei	Cercopithecus_pogonias	10.15	3.58	0.467324543158663
Cercopithecidae	CONTROL	Macaca_nemestrina	Macaca_cyclopis	8.89	5.47	0.466598882597292
Cercopithecidae	CONTROL	Semnopithecus_johnii	Cercopithecus_nictitans	11.6	5.46	0.465381410746344
Cercopithecidae	CONTROL	Chlorocebus_pygerythrus	Miopithecus_ogouensis	4.665	1.25	0.465307454178439
Cercopithecidae	CONTROL	Rhinopithecus_bieti	Macaca_siberu	12.48	6.165	0.465300593546612
Cercopithecidae	CONTROL	Macaca_thibetana	Colobus_polykomos	15.55	9.1	0.465056823885574
Cercopithecidae	CONTROL	Allochrocebus_lhoesti	Miopithecus_ogouensis	5.5	1.25	0.464971633811263
Cercopithecidae	CONTROL	Rhinopithecus_bieti	Allochrocebus_solatus	12.48	6.35	0.464675288664378
Cercopithecidae	CONTROL	Papio_kindae	Trachypithecus_crepusculus	13	6.65	0.464393356967874
Cercopithecidae	CONTROL	Theropithecus_gelada	Colobus_polykomos	15.35	9.1	0.463972712036607
Cercopithecidae	CONTROL	Semnopithecus_hypoleucos	Cercocebus_lunulatus	13.1	7.28	0.463640853123208
Cercopithecidae	CONTROL	Pygathrix_cinerea	Cercopithecus_pogonias	9.98	3.58	0.463460783626432
Cercopithecidae	CONTROL	Macaca_fuscata	Chlorocebus_pygerythrus	9.5	4.665	0.462456906208128
Cercopithecidae	CONTROL	Macaca_tonkeana	Macaca_nemestrina	11.95	8.89	0.46101140993918
Cercopithecidae	CONTROL	Papio_papio	Trachypithecus_pileatus	17.5	10.93	0.460092731706239
Cercopithecidae	CONTROL	Pygathrix_nemaeus	Cercopithecus_cephus	9.72	3.48	0.460081965444024
Cercopithecidae	CONTROL	Semnopithecus_schistaceus	Rhinopithecus_bieti	17	12.48	0.459840795916968
Cercopithecidae	CONTROL	Papio_kindae	Semnopithecus_vetulus	13	7.03	0.459795912145532
Cercopithecidae	CONTROL	Macaca_assamensis	Cercopithecus_hamlyni	9	4.43	0.459786765577049
Cercopithecidae	CONTROL	Papio_anubis	Pygathrix_cinerea	16.65	9.98	0.458712851521032
Cercopithecidae	CONTROL	Colobus_polykomos	Cercopithecus_ascanius	9.1	3.24	0.458309629025095
Cercopithecidae	CONTROL	Macaca_arctoides	Cercopithecus_neglectus	10.3	5.74	0.457712006844145
Cercopithecidae	CONTROL	Papio_kindae	Presbytis_comata	13	6.7	0.45761281033592
Cercopithecidae	CONTROL	Papio_anubis	Trachypithecus_geei	16.65	10.15	0.457361333138105
Cercopithecidae	CONTROL	Rhinopithecus_bieti	Lophocebus_aterrimus	12.48	6.8	0.457304002973799
Cercopithecidae	CONTROL	Trachypithecus_hatinhensis	Miopithecus_ogouensis	7.275	1.25	0.457294608854538
Cercopithecidae	CONTROL	Papio_kindae	Piliocolobus_kirkii	13	6.9	0.456705977889635
Cercopithecidae	CONTROL	Trachypithecus_geei	Cercopithecus_petaurista	10.15	3.65	0.4563057308158
Cercopithecidae	CONTROL	Piliocolobus_kirkii	Miopithecus_ogouensis	6.9	1.25	0.455620013708417
Cercopithecidae	CONTROL	Piliocolobus_gordonorum	Miopithecus_ogouensis	7.05	1.25	0.455351845176554
Cercopithecidae	CONTROL	Trachypithecus_pileatus	Cercopithecus_diana	10.93	4.5	0.455341175224342
Cercopithecidae	CONTROL	Papio_hamadryas	Piliocolobus_gordonorum	13.4	7.05	0.455224589893184
Cercopithecidae	CONTROL	Rhinopithecus_bieti	Piliocolobus_kirkii	12.48	6.9	0.454787971916223
Cercopithecidae	CONTROL	Trachypithecus_geei	Cercopithecus_lowei	10.15	3.9	0.453921364876607
Cercopithecidae	CONTROL	Trachypithecus_geei	Trachypithecus_cristatus	10.15	6.25	0.453352932474477
Cercopithecidae	CONTROL	Macaca_assamensis	Cercopithecus_mona	9	4.05	0.453116297798349
Cercopithecidae	CONTROL	Papio_anubis	Macaca_tonkeana	16.65	11.95	0.45298055592096
Cercopithecidae	CONTROL	Nasalis_larvatus	Macaca_arctoides	15.75	10.3	0.452553538462673
Cercopithecidae	CONTROL	Macaca_nemestrina	Cercopithecus_lowei	8.89	3.9	0.451491851404677
Cercopithecidae	CONTROL	Macaca_tonkeana	Cercocebus_torquatus	11.95	7.5	0.45146139569115
Cercopithecidae	CONTROL	Trachypithecus_pileatus	Cercopithecus_roloway	10.93	4.55	0.451386886182965
Cercopithecidae	CONTROL	Pygathrix_nigripes	Cercopithecus_petaurista	9.88	3.65	0.45094221230281
Cercopithecidae	CONTROL	Papio_kindae	Trachypithecus_obscurus	13	6.99	0.450716863287039
Cercopithecidae	CONTROL	Trachypithecus_geei	Trachypithecus_crepusculus	10.15	6.65	0.450214823817141
Cercopithecidae	CONTROL	Nasalis_larvatus	Rhinopithecus_bieti	15.75	12.48	0.450132573502856
Cercopithecidae	CONTROL	Papio_hamadryas	Trachypithecus_laotum	13.4	7	0.449612490044599
Cercopithecidae	CONTROL	Macaca_fuscata	Allochrocebus_preussi	9.5	4.525	0.449146845432308
Cercopithecidae	CONTROL	Rhinopithecus_bieti	Trachypithecus_phayrei	12.48	7.44	0.449135223666213
Cercopithecidae	CONTROL	Trachypithecus_pileatus	Chlorocebus_pygerythrus	10.93	4.665	0.448251219508376
Cercopithecidae	CONTROL	Pygathrix_cinerea	Cercopithecus_petaurista	9.98	3.65	0.447538319305842
Cercopithecidae	CONTROL	Semnopithecus_johnii	Allochrocebus_lhoesti	11.6	5.5	0.447331767019807
Cercopithecidae	CONTROL	Rhinopithecus_bieti	Trachypithecus_francoisi	12.48	7.52	0.447175021140391
Cercopithecidae	CONTROL	Trachypithecus_pileatus	Trachypithecus_laotum	10.93	7	0.44689964405515
Cercopithecidae	CONTROL	Cercocebus_chrysogaster	Macaca_cyclopis	9.75	5.47	0.446873409234933
Cercopithecidae	CONTROL	Macaca_fuscata	Cercopithecus_roloway	9.5	4.55	0.446817541505942
Cercopithecidae	CONTROL	Colobus_guereza	Cercopithecus_ascanius	8.89	3.24	0.446196902559283
Cercopithecidae	CONTROL	Presbytis_comata	Miopithecus_ogouensis	6.7	1.25	0.445405402092587
Cercopithecidae	CONTROL	Semnopithecus_entellus	Allochrocebus_lhoesti	11.44	5.5	0.444802872517999
Cercopithecidae	CONTROL	Macaca_maura	Cercopithecus_ascanius	7.88	3.24	0.444468460179174
Cercopithecidae	CONTROL	Semnopithecus_entellus	Cercopithecus_nictitans	11.44	5.46	0.444223172888796
Cercopithecidae	CONTROL	Semnopithecus_entellus	Cercopithecus_neglectus	11.44	5.74	0.443787744954826
Cercopithecidae	CONTROL	Trachypithecus_pileatus	Allochrocebus_preussi	10.93	4.525	0.443187548062394
Cercopithecidae	CONTROL	Macaca_fuscata	Allenopithecus_nigroviridis	9.5	5.3	0.44301947378246
Cercopithecidae	CONTROL	Papio_cynocephalus	Trachypithecus_pileatus	17.05	10.93	0.442781941786397
Cercopithecidae	CONTROL	Semnopithecus_entellus	Trachypithecus_francoisi	11.44	7.52	0.442449689426827
Cercopithecidae	CONTROL	Semnopithecus_entellus	Presbytis_comata	11.44	6.7	0.44226665531784
Cercopithecidae	CONTROL	Rhinopithecus_bieti	Piliocolobus_gordonorum	12.48	7.05	0.442042033924274
Cercopithecidae	CONTROL	Semnopithecus_johnii	Macaca_mulatta	11.6	5.96	0.441572746396015
Cercopithecidae	CONTROL	Macaca_arctoides	Cercopithecus_nictitans	10.3	5.46	0.441526497568349
Cercopithecidae	CONTROL	Rhinopithecus_roxellana	Macaca_assamensis	14.75	9	0.441443572821502
Cercopithecidae	CONTROL	Pygathrix_nigripes	Cercopithecus_mona	9.88	4.05	0.441004628892928
Cercopithecidae	CONTROL	Rhinopithecus_roxellana	Macaca_nemestrina	14.75	8.89	0.440062323166655
Cercopithecidae	CONTROL	Colobus_angolensis	Cercopithecus_ascanius	8.6	3.24	0.439951877459837
Cercopithecidae	CONTROL	Papio_kindae	Piliocolobus_gordonorum	13	7.05	0.43969990491457
Cercopithecidae	CONTROL	Pygathrix_nigripes	Cercopithecus_lowei	9.88	3.9	0.439676992667158
Cercopithecidae	CONTROL	Macaca_tonkeana	Presbytis_mitrata	11.95	5.8	0.439669853079064
Cercopithecidae	CONTROL	Trachypithecus_pileatus	Presbytis_mitrata	10.93	5.8	0.439554429272319
Cercopithecidae	CONTROL	Macaca_nemestrina	Cercopithecus_mona	8.89	4.05	0.439480146324348
Cercopithecidae	CONTROL	Macaca_assamensis	Chlorocebus_pygerythrus	9	4.665	0.439294676009595
Cercopithecidae	CONTROL	Trachypithecus_obscurus	Miopithecus_ogouensis	6.99	1.25	0.439082584133482
Cercopithecidae	CONTROL	Trachypithecus_geei	Macaca_fascicularis	10.15	4.03	0.438786424056042
Cercopithecidae	CONTROL	Cercopithecus_diana	Miopithecus_ogouensis	4.5	1.25	0.438557642534847
Cercopithecidae	CONTROL	Papio_papio	Semnopithecus_johnii	17.5	11.6	0.438498265299226
Cercopithecidae	CONTROL	Macaca_fuscata	Cercopithecus_diana	9.5	4.5	0.438217874788823
Cercopithecidae	CONTROL	Macaca_cyclopis	Miopithecus_ogouensis	5.47	1.25	0.438040616958429
Cercopithecidae	CONTROL	Macaca_assamensis	Macaca_siberu	9	6.165	0.437764280409403
Cercopithecidae	CONTROL	Macaca_arctoides	Allochrocebus_lhoesti	10.3	5.5	0.437008909723214
Cercopithecidae	CONTROL	Cercocebus_chrysogaster	Cercopithecus_mitis	9.75	4.89	0.43625701668864
Cercopithecidae	CONTROL	Trachypithecus_laotum	Miopithecus_ogouensis	7	1.25	0.435957220220209
Cercopithecidae	CONTROL	Erythrocebus_patas	Cercopithecus_nictitans	9.45	5.46	0.435846195969933
Cercopithecidae	CONTROL	Erythrocebus_patas	Cercopithecus_neglectus	9.45	5.74	0.435149426230226
Cercopithecidae	CONTROL	Papio_hamadryas	Trachypithecus_hatinhensis	13.4	7.275	0.435113860793598
Cercopithecidae	CONTROL	Semnopithecus_johnii	Presbytis_comata	11.6	6.7	0.434931821451025
Cercopithecidae	CONTROL	Cercopithecus_roloway	Miopithecus_ogouensis	4.55	1.25	0.434802432724065
Cercopithecidae	CONTROL	Papio_kindae	Macaca_nemestrina	13	8.89	0.43472735821121
Cercopithecidae	CONTROL	Semnopithecus_hypoleucos	Cercocebus_torquatus	13.1	7.5	0.434720639168327
Cercopithecidae	CONTROL	Pygathrix_cinerea	Cercopithecus_lowei	9.98	3.9	0.433812091374345
Cercopithecidae	CONTROL	Papio_papio	Semnopithecus_entellus	17.5	11.44	0.433360159524684
Cercopithecidae	CONTROL	Papio_hamadryas	Trachypithecus_phayrei	13.4	7.44	0.43324517778566
Cercopithecidae	CONTROL	Trachypithecus_geei	Cercopithecus_mona	10.15	4.05	0.432645745835063
Cercopithecidae	CONTROL	Semnopithecus_entellus	Macaca_cyclopis	11.44	5.47	0.432554643058826
Cercopithecidae	CONTROL	Pygathrix_nigripes	Macaca_fascicularis	9.88	4.03	0.43191997061896
Cercopithecidae	CONTROL	Papio_kindae	Macaca_assamensis	13	9	0.4318889923658
Cercopithecidae	CONTROL	Macaca_assamensis	Macaca_mulatta	9	5.96	0.431618834938393
Cercopithecidae	CONTROL	Pygathrix_nemaeus	Cercopithecus_petaurista	9.72	3.65	0.431178283086913
Cercopithecidae	CONTROL	Pygathrix_nemaeus	Cercopithecus_lowei	9.72	3.9	0.429879293432011
Cercopithecidae	CONTROL	Piliocolobus_tephrosceles	Cercopithecus_ascanius	8.75	3.24	0.429553410883305
Cercopithecidae	CONTROL	Mandrillus_leucophaeus	Rhinopithecus_roxellana	20.375	14.75	0.429252370105402
Cercopithecidae	CONTROL	Macaca_assamensis	Cercopithecus_diana	9	4.5	0.428938549943726
Cercopithecidae	CONTROL	Macaca_nigra	Cercopithecus_ascanius	7.68	3.24	0.428165648361411
Cercopithecidae	CONTROL	Semnopithecus_hypoleucos	Piliocolobus_badius	13.1	8.25	0.427912637263519
Cercopithecidae	CONTROL	Macaca_radiata	Miopithecus_ogouensis	5.14	1.25	0.426907650437808
Cercopithecidae	CONTROL	Papio_kindae	Trachypithecus_laotum	13	7	0.426880744428842
Cercopithecidae	CONTROL	Semnopithecus_hypoleucos	Macaca_silenus	13.1	7.5	0.42673008420896
Cercopithecidae	CONTROL	Colobus_polykomos	Cercopithecus_pogonias	9.1	3.58	0.426562774542239
Cercopithecidae	CONTROL	Erythrocebus_patas	Macaca_radiata	9.45	5.14	0.426288543871004
Cercopithecidae	CONTROL	Trachypithecus_pileatus	Cercopithecus_mitis	10.93	4.89	0.425252890697083
Cercopithecidae	CONTROL	Trachypithecus_pileatus	Allenopithecus_nigroviridis	10.93	5.3	0.425208343467875
Cercopithecidae	CONTROL	Macaca_nemestrina	Cercopithecus_hamlyni	8.89	4.43	0.424608134247384
Cercopithecidae	CONTROL	Colobus_polykomos	Cercopithecus_cephus	9.1	3.48	0.423241487619145
Cercopithecidae	CONTROL	Mandrillus_leucophaeus	Papio_anubis	20.375	16.65	0.422434340968862
Cercopithecidae	CONTROL	Macaca_tonkeana	Macaca_assamensis	11.95	9	0.422401716605837
Cercopithecidae	CONTROL	Trachypithecus_pileatus	Trachypithecus_hatinhensis	10.93	7.275	0.421937894670096
Cercopithecidae	CONTROL	Macaca_nemestrina	Macaca_mulatta	8.89	5.96	0.42128568485041
Cercopithecidae	CONTROL	Rhinopithecus_roxellana	Trachypithecus_geei	14.75	10.15	0.421229996863705
Cercopithecidae	CONTROL	Macaca_assamensis	Cercopithecus_roloway	9	4.55	0.421091156718246
Cercopithecidae	CONTROL	Cercocebus_torquatus	Cercopithecus_ascanius	7.5	3.24	0.420694244297207
Cercopithecidae	CONTROL	Trachypithecus_germaini	Trachypithecus_cristatus	8.83	6.25	0.420542775409168
Cercopithecidae	CONTROL	Semnopithecus_johnii	Trachypithecus_leucocephalus	11.6	8.285	0.420160490994527
Cercopithecidae	CONTROL	Cercocebus_chrysogaster	Cercocebus_lunulatus	9.75	7.28	0.419495699149128
Cercopithecidae	CONTROL	Semnopithecus_hypoleucos	Macaca_nigra	13.1	7.68	0.418891569025114
Cercopithecidae	CONTROL	Papio_hamadryas	Trachypithecus_francoisi	13.4	7.52	0.41868522583591
Cercopithecidae	CONTROL	Rhinopithecus_roxellana	Erythrocebus_patas	14.75	9.45	0.418273384292969
Cercopithecidae	CONTROL	Trachypithecus_pileatus	Trachypithecus_phayrei	10.93	7.44	0.418246187648614
Cercopithecidae	CONTROL	Pygathrix_nemaeus	Cercopithecus_mona	9.72	4.05	0.416918133860597
Cercopithecidae	CONTROL	Pygathrix_cinerea	Cercopithecus_mona	9.98	4.05	0.416534131219037
Cercopithecidae	CONTROL	Macaca_assamensis	Allochrocebus_preussi	9	4.525	0.416033358334902
Cercopithecidae	CONTROL	Macaca_nemestrina	Chlorocebus_pygerythrus	8.89	4.665	0.415615615594867
Cercopithecidae	CONTROL	Papio_cynocephalus	Semnopithecus_johnii	17.05	11.6	0.415496108402569
Cercopithecidae	CONTROL	Cercocebus_chrysogaster	Macaca_mulatta	9.75	5.96	0.414971428128059
Cercopithecidae	CONTROL	Colobus_angolensis	Cercopithecus_pogonias	8.6	3.58	0.414944107148655
Cercopithecidae	CONTROL	Semnopithecus_johnii	Macaca_siberu	11.6	6.165	0.41468364668301
Cercopithecidae	CONTROL	Trachypithecus_geei	Cercopithecus_diana	10.15	4.5	0.41452720697791
Cercopithecidae	CONTROL	Trachypithecus_germaini	Cercopithecus_ascanius	8.83	3.24	0.414003475967099
Cercopithecidae	CONTROL	Macaca_fuscata	Cercopithecus_mitis	9.5	4.89	0.413872355085463
Cercopithecidae	CONTROL	Macaca_thibetana	Pygathrix_nemaeus	15.55	9.72	0.413777440306082
Cercopithecidae	CONTROL	Colobus_guereza	Cercopithecus_pogonias	8.89	3.58	0.413745576689122
Cercopithecidae	CONTROL	Trachypithecus_geei	Cercopithecus_roloway	10.15	4.55	0.41372560792763
Cercopithecidae	CONTROL	Rhinopithecus_bieti	Macaca_leonina	12.48	6.7	0.413140651441058
Cercopithecidae	CONTROL	Pygathrix_nigripes	Cercopithecus_hamlyni	9.88	4.43	0.413046569347085
Cercopithecidae	CONTROL	Pygathrix_cinerea	Macaca_fascicularis	9.98	4.03	0.41268649096727
Cercopithecidae	CONTROL	Pygathrix_cinerea	Cercopithecus_hamlyni	9.98	4.43	0.412468430756466
Cercopithecidae	CONTROL	Trachypithecus_pileatus	Macaca_radiata	10.93	5.14	0.411935799822814
Cercopithecidae	CONTROL	Papio_cynocephalus	Semnopithecus_entellus	17.05	11.44	0.411830180910069
Cercopithecidae	CONTROL	Colobus_angolensis	Cercopithecus_petaurista	8.6	3.65	0.411054418550958
Cercopithecidae	CONTROL	Papio_kindae	Trachypithecus_hatinhensis	13	7.275	0.410988502484564
Cercopithecidae	CONTROL	Colobus_polykomos	Cercopithecus_petaurista	9.1	3.65	0.410851235314045
Cercopithecidae	CONTROL	Macaca_maura	Cercopithecus_petaurista	7.88	3.65	0.410695026901027
Cercopithecidae	CONTROL	Rhinopithecus_bieti	Cercocebus_lunulatus	12.48	7.28	0.410672949574511
Cercopithecidae	CONTROL	Macaca_assamensis	Allenopithecus_nigroviridis	9	5.3	0.409872546001026
Cercopithecidae	CONTROL	Trachypithecus_germaini	Cercopithecus_cephus	8.83	3.48	0.409810069998543
Cercopithecidae	CONTROL	Cercopithecus_neglectus	Cercopithecus_ascanius	5.74	3.24	0.40973991467776
Cercopithecidae	CONTROL	Theropithecus_gelada	Pygathrix_nigripes	15.35	9.88	0.409164979491508
Cercopithecidae	CONTROL	Macaca_maura	Cercopithecus_cephus	7.88	3.48	0.408319708174924
Cercopithecidae	CONTROL	Trachypithecus_geei	Cercopithecus_hamlyni	10.15	4.43	0.408284828936239
Cercopithecidae	CONTROL	Theropithecus_gelada	Pygathrix_nemaeus	15.35	9.72	0.408004914885271
Cercopithecidae	CONTROL	Macaca_nemestrina	Cercopithecus_diana	8.89	4.5	0.407900604520256
Cercopithecidae	CONTROL	Colobus_angolensis	Cercopithecus_cephus	8.6	3.48	0.407538826494273
Cercopithecidae	CONTROL	Trachypithecus_geei	Trachypithecus_obscurus	10.15	6.99	0.407289965292462
Cercopithecidae	CONTROL	Semnopithecus_johnii	Allochrocebus_solatus	11.6	6.35	0.407202461324681
Cercopithecidae	CONTROL	Macaca_fuscata	Macaca_leonina	9.5	6.7	0.407069786038494
Cercopithecidae	CONTROL	Pygathrix_nemaeus	Macaca_fascicularis	9.72	4.03	0.404998744887391
Cercopithecidae	CONTROL	Semnopithecus_entellus	Macaca_mulatta	11.44	5.96	0.403973241038551
Cercopithecidae	CONTROL	Mandrillus_leucophaeus	Nasalis_larvatus	20.375	15.75	0.403268577182542
Cercopithecidae	CONTROL	Papio_kindae	Trachypithecus_phayrei	13	7.44	0.403033394292631
Cercopithecidae	CONTROL	Rhinopithecus_roxellana	Rhinopithecus_bieti	14.75	12.48	0.402692938965202
Cercopithecidae	CONTROL	Papio_hamadryas	Piliocolobus_badius	13.4	8.25	0.402539021506509
Cercopithecidae	CONTROL	Piliocolobus_tephrosceles	Cercopithecus_cephus	8.75	3.48	0.402512230579666
Cercopithecidae	CONTROL	Macaca_nemestrina	Allochrocebus_preussi	8.89	4.525	0.402314624801309
Cercopithecidae	CONTROL	Trachypithecus_crepusculus	Miopithecus_ogouensis	6.65	1.25	0.402188624820618
Cercopithecidae	CONTROL	Colobus_guereza	Cercopithecus_cephus	8.89	3.48	0.401764024602445
Cercopithecidae	CONTROL	Trachypithecus_pileatus	Macaca_cyclopis	10.93	5.47	0.401504889474365
Cercopithecidae	CONTROL	Semnopithecus_hypoleucos	Colobus_angolensis	13.1	8.6	0.401408894972144
Cercopithecidae	CONTROL	Colobus_polykomos	Cercopithecus_lowei	9.1	3.9	0.401249277769819
Cercopithecidae	CONTROL	Papio_hamadryas	Macaca_fuscata	13.4	9.5	0.400965221307391
Cercopithecidae	CONTROL	Rhinopithecus_roxellana	Macaca_fuscata	14.75	9.5	0.400963565722609
Cercopithecidae	CONTROL	Papio_hamadryas	Cercocebus_chrysogaster	13.4	9.75	0.400827455181118
Cercopithecidae	CONTROL	Macaca_arctoides	Lophocebus_aterrimus	10.3	6.8	0.400340432287133
Cercopithecidae	CONTROL	Trachypithecus_geei	Chlorocebus_pygerythrus	10.15	4.665	0.398956118996907
Cercopithecidae	CONTROL	Macaca_arctoides	Macaca_silenus	10.3	7.5	0.398809600750661
Cercopithecidae	CONTROL	Rhinopithecus_bieti	Cercocebus_torquatus	12.48	7.5	0.398808522240963
Cercopithecidae	CONTROL	Trachypithecus_pileatus	Cercopithecus_neglectus	10.93	5.74	0.398317471168996
Cercopithecidae	CONTROL	Papio_anubis	Trachypithecus_pileatus	16.65	10.93	0.398159586194485
Cercopithecidae	CONTROL	Colobus_guereza	Cercopithecus_petaurista	8.89	3.65	0.397842599554122
Cercopithecidae	CONTROL	Piliocolobus_badius	Cercopithecus_ascanius	8.25	3.24	0.397706423279989
Cercopithecidae	CONTROL	Macaca_thibetana	Trachypithecus_geei	15.55	10.15	0.396332592139336
Cercopithecidae	CONTROL	Cercocebus_chrysogaster	Allochrocebus_lhoesti	9.75	5.5	0.396250781986064
Cercopithecidae	CONTROL	Cercopithecus_mona	Miopithecus_ogouensis	4.05	1.25	0.395341550060872
Cercopithecidae	CONTROL	Macaca_thibetana	Pygathrix_nigripes	15.55	9.88	0.394543981953423
Cercopithecidae	CONTROL	Macaca_arctoides	Macaca_nigra	10.3	7.68	0.394042733335308
Cercopithecidae	CONTROL	Colobus_polykomos	Cercopithecus_mona	9.1	4.05	0.393206813661247
Cercopithecidae	CONTROL	Trachypithecus_pileatus	Allochrocebus_lhoesti	10.93	5.5	0.39293516324864
Cercopithecidae	CONTROL	Pygathrix_nigripes	Chlorocebus_pygerythrus	9.88	4.665	0.392797140573085
Cercopithecidae	CONTROL	Erythrocebus_patas	Macaca_cyclopis	9.45	5.47	0.392331469654482
Cercopithecidae	CONTROL	Pygathrix_nemaeus	Cercopithecus_hamlyni	9.72	4.43	0.391915369945861
Cercopithecidae	CONTROL	Semnopithecus_entellus	Allochrocebus_solatus	11.44	6.35	0.391879299028471
Cercopithecidae	CONTROL	Trachypithecus_pileatus	Cercopithecus_nictitans	10.93	5.46	0.391828182882384
Cercopithecidae	CONTROL	Pygathrix_nemaeus	Chlorocebus_pygerythrus	9.72	4.665	0.391184331112156
Cercopithecidae	CONTROL	Macaca_nemestrina	Allenopithecus_nigroviridis	8.89	5.3	0.390644185872155
Cercopithecidae	CONTROL	Cercocebus_lunulatus	Cercopithecus_ascanius	7.28	3.24	0.389682505464044
Cercopithecidae	CONTROL	Papio_kindae	Trachypithecus_francoisi	13	7.52	0.389665793044722
Cercopithecidae	CONTROL	Trachypithecus_pileatus	Trachypithecus_francoisi	10.93	7.52	0.389418163950649
Cercopithecidae	CONTROL	Trachypithecus_geei	Semnopithecus_vetulus	10.15	7.03	0.388890386492371
Cercopithecidae	CONTROL	Trachypithecus_geei	Allochrocebus_preussi	10.15	4.525	0.38883451146192
Cercopithecidae	CONTROL	Theropithecus_gelada	Trachypithecus_geei	15.35	10.15	0.388492508165032
Cercopithecidae	CONTROL	Piliocolobus_badius	Cercopithecus_cephus	8.25	3.48	0.388463982873597
Cercopithecidae	CONTROL	Macaca_tonkeana	Presbytis_comata	11.95	6.7	0.387985058702858
Cercopithecidae	CONTROL	Macaca_maura	Cercopithecus_pogonias	7.88	3.58	0.387917048102867
Cercopithecidae	CONTROL	Pygathrix_nigripes	Allochrocebus_preussi	9.88	4.525	0.387710714713247
Cercopithecidae	CONTROL	Macaca_tonkeana	Trachypithecus_cristatus	11.95	6.25	0.387556925699834
Cercopithecidae	CONTROL	Colobus_angolensis	Cercopithecus_lowei	8.6	3.9	0.387488666997258
Cercopithecidae	CONTROL	Cercocebus_chrysogaster	Cercopithecus_neglectus	9.75	5.74	0.387330618168233
Cercopithecidae	CONTROL	Pygathrix_cinerea	Cercopithecus_diana	9.98	4.5	0.386977960215796
Cercopithecidae	CONTROL	Rhinopithecus_bieti	Trachypithecus_leucocephalus	12.48	8.285	0.386826050687558
Cercopithecidae	CONTROL	Macaca_nemestrina	Cercopithecus_roloway	8.89	4.55	0.38666101028018
Cercopithecidae	CONTROL	Piliocolobus_tephrosceles	Cercopithecus_mona	8.75	4.05	0.386650921333365
Cercopithecidae	CONTROL	Mandrillus_leucophaeus	Papio_cynocephalus	20.375	17.05	0.386091541940235
Cercopithecidae	CONTROL	Piliocolobus_tephrosceles	Cercopithecus_pogonias	8.75	3.58	0.385577314644585
Cercopithecidae	CONTROL	Semnopithecus_entellus	Macaca_siberu	11.44	6.165	0.385374633021168
Cercopithecidae	CONTROL	Colobus_guereza	Cercopithecus_mona	8.89	4.05	0.385360157057649
Cercopithecidae	CONTROL	Cercocebus_chrysogaster	Lophocebus_aterrimus	9.75	6.8	0.38534713418188
Cercopithecidae	CONTROL	Pygathrix_cinerea	Chlorocebus_pygerythrus	9.98	4.665	0.385020111418532
Cercopithecidae	CONTROL	Theropithecus_gelada	Pygathrix_cinerea	15.35	9.98	0.384868223669853
Cercopithecidae	CONTROL	Papio_anubis	Semnopithecus_johnii	16.65	11.6	0.384799684752601
Cercopithecidae	CONTROL	Trachypithecus_geei	Presbytis_mitrata	10.15	5.8	0.384315336724525
Cercopithecidae	CONTROL	Trachypithecus_geei	Cercopithecus_mitis	10.15	4.89	0.383804527576995
Cercopithecidae	CONTROL	Macaca_nigra	Macaca_radiata	7.68	5.14	0.383702919382278
Cercopithecidae	CONTROL	Pygathrix_nigripes	Cercopithecus_roloway	9.88	4.55	0.383558126719986
Cercopithecidae	CONTROL	Macaca_nigra	Cercopithecus_cephus	7.68	3.48	0.383372329069503
Cercopithecidae	CONTROL	Colobus_guereza	Cercopithecus_lowei	8.89	3.9	0.383170114700178
Cercopithecidae	CONTROL	Pygathrix_nemaeus	Allochrocebus_preussi	9.72	4.525	0.38287584533536
Cercopithecidae	CONTROL	Pygathrix_nigripes	Cercopithecus_diana	9.88	4.5	0.382132953187474
Cercopithecidae	CONTROL	Macaca_tonkeana	Trachypithecus_crepusculus	11.95	6.65	0.382079419106308
Cercopithecidae	CONTROL	Trachypithecus_leucocephalus	Cercopithecus_ascanius	8.285	3.24	0.381925096690466
Cercopithecidae	CONTROL	Colobus_polykomos	Macaca_fascicularis	9.1	4.03	0.381714182750623
Cercopithecidae	CONTROL	Pygathrix_cinerea	Cercopithecus_roloway	9.98	4.55	0.381619393164832
Cercopithecidae	CONTROL	Cercocebus_chrysogaster	Macaca_siberu	9.75	6.165	0.381271258425674
Cercopithecidae	CONTROL	Macaca_maura	Macaca_radiata	7.88	5.14	0.379582734753984
Cercopithecidae	CONTROL	Trachypithecus_germaini	Cercopithecus_pogonias	8.83	3.58	0.379534592214958
Cercopithecidae	CONTROL	Trachypithecus_germaini	Cercopithecus_petaurista	8.83	3.65	0.379433520729829
Cercopithecidae	CONTROL	Papio_anubis	Semnopithecus_entellus	16.65	11.44	0.378863495743711
Cercopithecidae	CONTROL	Colobus_angolensis	Cercopithecus_mona	8.6	4.05	0.378817317801577
Cercopithecidae	CONTROL	Macaca_assamensis	Cercopithecus_mitis	9	4.89	0.378661027215087
Cercopithecidae	CONTROL	Trachypithecus_geei	Trachypithecus_laotum	10.15	7	0.378522046597863
Cercopithecidae	CONTROL	Trachypithecus_germaini	Cercopithecus_lowei	8.83	3.9	0.37820840491619
Cercopithecidae	CONTROL	Macaca_silenus	Cercopithecus_ascanius	7.5	3.24	0.378167943920408
Cercopithecidae	CONTROL	Cercocebus_torquatus	Cercopithecus_petaurista	7.5	3.65	0.378127878150443
Cercopithecidae	CONTROL	Papio_papio	Rhinopithecus_bieti	17.5	12.48	0.377899175316758
Cercopithecidae	CONTROL	Semnopithecus_entellus	Trachypithecus_leucocephalus	11.44	8.285	0.377872405753363
Cercopithecidae	CONTROL	Trachypithecus_cristatus	Miopithecus_ogouensis	6.25	1.25	0.37783787335477
Cercopithecidae	CONTROL	Papio_kindae	Piliocolobus_badius	13	8.25	0.37779064231991
Cercopithecidae	CONTROL	Trachypithecus_geei	Allenopithecus_nigroviridis	10.15	5.3	0.377784160567328
Cercopithecidae	CONTROL	Papio_cynocephalus	Rhinopithecus_bieti	17.05	12.48	0.37765089058376
Cercopithecidae	CONTROL	Pygathrix_nigripes	Presbytis_mitrata	9.88	5.8	0.37748776772904
Cercopithecidae	CONTROL	Papio_hamadryas	Erythrocebus_patas	13.4	9.45	0.37748065842451
Cercopithecidae	CONTROL	Macaca_tonkeana	Semnopithecus_vetulus	11.95	7.03	0.377400612920545
Cercopithecidae	CONTROL	Semnopithecus_johnii	Piliocolobus_kirkii	11.6	6.9	0.377183907450697
Cercopithecidae	CONTROL	Rhinopithecus_bieti	Piliocolobus_badius	12.48	8.25	0.37684797418555
Cercopithecidae	CONTROL	Pygathrix_cinerea	Allochrocebus_preussi	9.98	4.525	0.376615740092593
Cercopithecidae	CONTROL	Semnopithecus_johnii	Trachypithecus_germaini	11.6	8.83	0.376579293494898
Cercopithecidae	CONTROL	Trachypithecus_pileatus	Presbytis_comata	10.93	6.7	0.376426654609697
Cercopithecidae	CONTROL	Cercocebus_torquatus	Cercopithecus_cephus	7.5	3.48	0.376306744565345
Cercopithecidae	CONTROL	Piliocolobus_badius	Cercopithecus_pogonias	8.25	3.58	0.376284754179368
Cercopithecidae	CONTROL	Piliocolobus_tephrosceles	Cercopithecus_petaurista	8.75	3.65	0.375643318535937
Cercopithecidae	CONTROL	Macaca_thibetana	Pygathrix_cinerea	15.55	9.98	0.37548826405962
Cercopithecidae	CONTROL	Semnopithecus_hypoleucos	Macaca_maura	13.1	7.88	0.374218181698903
Cercopithecidae	CONTROL	Macaca_leonina	Macaca_fascicularis	6.7	4.03	0.374048090422533
Cercopithecidae	CONTROL	Semnopithecus_johnii	Piliocolobus_gordonorum	11.6	7.05	0.373709783462774
Cercopithecidae	CONTROL	Lophocebus_aterrimus	Cercopithecus_ascanius	6.8	3.24	0.37261729569937
Cercopithecidae	CONTROL	Piliocolobus_tephrosceles	Cercopithecus_lowei	8.75	3.9	0.372349835638965
Cercopithecidae	CONTROL	Rhinopithecus_bieti	Macaca_silenus	12.48	7.5	0.3720966089832
Cercopithecidae	CONTROL	Cercocebus_chrysogaster	Cercopithecus_nictitans	9.75	5.46	0.372027737269456
Cercopithecidae	CONTROL	Macaca_nigra	Cercopithecus_petaurista	7.68	3.65	0.372012081565887
Cercopithecidae	CONTROL	Papio_kindae	Macaca_fuscata	13	9.5	0.371973991379291
Cercopithecidae	CONTROL	Pygathrix_nigripes	Allenopithecus_nigroviridis	9.88	5.3	0.371724222996292
Cercopithecidae	CONTROL	Pygathrix_cinerea	Allenopithecus_nigroviridis	9.98	5.3	0.371678922078443
Cercopithecidae	CONTROL	Cercocebus_torquatus	Macaca_fascicularis	7.5	4.03	0.37165791145985
Cercopithecidae	CONTROL	Pygathrix_nemaeus	Cercopithecus_roloway	9.72	4.55	0.371352546075543
Cercopithecidae	CONTROL	Macaca_arctoides	Allochrocebus_solatus	10.3	6.35	0.371129916459161
Cercopithecidae	CONTROL	Rhinopithecus_roxellana	Cercocebus_chrysogaster	14.75	9.75	0.371118815813778
Cercopithecidae	CONTROL	Colobus_guereza	Macaca_fascicularis	8.89	4.03	0.370555537869033
Cercopithecidae	CONTROL	Rhinopithecus_bieti	Trachypithecus_germaini	12.48	8.83	0.370352015085061
Cercopithecidae	CONTROL	Semnopithecus_schistaceus	Macaca_tonkeana	17	11.95	0.369495879753686
Cercopithecidae	CONTROL	Semnopithecus_johnii	Macaca_leonina	11.6	6.7	0.369447391985357
Cercopithecidae	CONTROL	Trachypithecus_leucocephalus	Cercopithecus_cephus	8.285	3.48	0.369360660265376
Cercopithecidae	CONTROL	Semnopithecus_hypoleucos	Piliocolobus_tephrosceles	13.1	8.75	0.369099091189388
Cercopithecidae	CONTROL	Papio_hamadryas	Trachypithecus_leucocephalus	13.4	8.285	0.368974013155873
Cercopithecidae	CONTROL	Semnopithecus_hypoleucos	Colobus_guereza	13.1	8.89	0.368735494597954
Cercopithecidae	CONTROL	Semnopithecus_johnii	Lophocebus_aterrimus	11.6	6.8	0.368445883206047
Cercopithecidae	CONTROL	Macaca_fuscata	Cercopithecus_neglectus	9.5	5.74	0.367558106338316
Cercopithecidae	CONTROL	Macaca_fuscata	Allochrocebus_lhoesti	9.5	5.5	0.367429165255172
Cercopithecidae	CONTROL	Pygathrix_nemaeus	Cercopithecus_diana	9.72	4.5	0.366992182531134
Cercopithecidae	CONTROL	Macaca_nemestrina	Cercopithecus_mitis	8.89	4.89	0.366674037382452
Cercopithecidae	CONTROL	Semnopithecus_hypoleucos	Trachypithecus_geei	13.1	10.15	0.366542128302381
Cercopithecidae	CONTROL	Presbytis_mitrata	Miopithecus_ogouensis	5.8	1.25	0.366147473642788
Cercopithecidae	CONTROL	Theropithecus_gelada	Macaca_tonkeana	15.35	11.95	0.366145632702919
Cercopithecidae	CONTROL	Papio_ursinus	Semnopithecus_schistaceus	22.3	17	0.366139186992314
Cercopithecidae	CONTROL	Pygathrix_cinerea	Cercopithecus_mitis	9.98	4.89	0.365698433434602
Cercopithecidae	CONTROL	Macaca_silenus	Cercopithecus_cephus	7.5	3.48	0.365269097936515
Cercopithecidae	CONTROL	Rhinopithecus_bieti	Macaca_nigra	12.48	7.68	0.365233937476552
Cercopithecidae	CONTROL	Semnopithecus_entellus	Piliocolobus_kirkii	11.44	6.9	0.36495129754284
Cercopithecidae	CONTROL	Macaca_tonkeana	Trachypithecus_obscurus	11.95	6.99	0.364946756659604
Cercopithecidae	CONTROL	Piliocolobus_badius	Cercopithecus_petaurista	8.25	3.65	0.364856597639145
Cercopithecidae	CONTROL	Macaca_nigra	Cercopithecus_pogonias	7.68	3.58	0.364619191849132
Cercopithecidae	CONTROL	Pygathrix_nigripes	Cercopithecus_mitis	9.88	4.89	0.363916579785713
Cercopithecidae	CONTROL	Macaca_arctoides	Macaca_maura	10.3	7.88	0.363488082148696
Cercopithecidae	CONTROL	Cercopithecus_lowei	Miopithecus_ogouensis	3.9	1.25	0.363361976989426
Cercopithecidae	CONTROL	Rhinopithecus_roxellana	Trachypithecus_pileatus	14.75	10.93	0.3628729983028
Cercopithecidae	CONTROL	Pygathrix_cinerea	Presbytis_mitrata	9.98	5.8	0.362201641053156
Cercopithecidae	CONTROL	Macaca_nigra	Cercopithecus_lowei	7.68	3.9	0.361297844761922
Cercopithecidae	CONTROL	Pygathrix_nemaeus	Presbytis_mitrata	9.72	5.8	0.361075737875558
Cercopithecidae	CONTROL	Macaca_nemestrina	Macaca_leonina	8.89	6.7	0.361008930844216
Cercopithecidae	CONTROL	Papio_kindae	Cercocebus_chrysogaster	13	9.75	0.360778584796959
Cercopithecidae	CONTROL	Trachypithecus_pileatus	Macaca_mulatta	10.93	5.96	0.36014884286117
Cercopithecidae	CONTROL	Trachypithecus_geei	Macaca_radiata	10.15	5.14	0.359618459811866
Cercopithecidae	CONTROL	Papio_hamadryas	Colobus_angolensis	13.4	8.6	0.358973182976788
Cercopithecidae	CONTROL	Macaca_maura	Cercopithecus_mona	7.88	4.05	0.358216912877928
Cercopithecidae	CONTROL	Macaca_tonkeana	Trachypithecus_laotum	11.95	7	0.35803466816471
Cercopithecidae	CONTROL	Piliocolobus_tephrosceles	Macaca_fascicularis	8.75	4.03	0.357849184337874
Cercopithecidae	CONTROL	Erythrocebus_patas	Macaca_mulatta	9.45	5.96	0.357441372219845
Cercopithecidae	CONTROL	Allochrocebus_preussi	Miopithecus_ogouensis	4.525	1.25	0.35738936340724
Cercopithecidae	CONTROL	Macaca_maura	Cercopithecus_lowei	7.88	3.9	0.356709599495653
Cercopithecidae	CONTROL	Trachypithecus_germaini	Cercopithecus_mona	8.83	4.05	0.356689821075295
Cercopithecidae	CONTROL	Pygathrix_nemaeus	Cercopithecus_mitis	9.72	4.89	0.356666655724283
Cercopithecidae	CONTROL	Cercocebus_lunulatus	Cercopithecus_cephus	7.28	3.48	0.35665223950845
Cercopithecidae	CONTROL	Macaca_silenus	Cercopithecus_pogonias	7.5	3.58	0.356454451573738
Cercopithecidae	CONTROL	Piliocolobus_badius	Cercopithecus_mona	8.25	4.05	0.356376239148755
Cercopithecidae	CONTROL	Semnopithecus_hypoleucos	Colobus_polykomos	13.1	9.1	0.356231290358745
Cercopithecidae	CONTROL	Macaca_fuscata	Cercopithecus_nictitans	9.5	5.46	0.356102168118199
Cercopithecidae	CONTROL	Allochrocebus_solatus	Cercopithecus_ascanius	6.35	3.24	0.356058874643441
Cercopithecidae	CONTROL	Piliocolobus_badius	Cercopithecus_lowei	8.25	3.9	0.35567827384818
Cercopithecidae	CONTROL	Colobus_polykomos	Cercopithecus_hamlyni	9.1	4.43	0.355440731567202
Cercopithecidae	CONTROL	Cercocebus_lunulatus	Macaca_fascicularis	7.28	4.03	0.354705072345036
Cercopithecidae	CONTROL	Trachypithecus_geei	Trachypithecus_phayrei	10.15	7.44	0.354449063641472
Cercopithecidae	CONTROL	Macaca_tonkeana	Piliocolobus_gordonorum	11.95	7.05	0.354294397824846
Cercopithecidae	CONTROL	Trachypithecus_geei	Macaca_cyclopis	10.15	5.47	0.354018119595542
Cercopithecidae	CONTROL	Colobus_angolensis	Macaca_fascicularis	8.6	4.03	0.353802524294214
Cercopithecidae	CONTROL	Trachypithecus_germaini	Trachypithecus_crepusculus	8.83	6.65	0.352839130789937
Cercopithecidae	CONTROL	Cercopithecus_neglectus	Cercopithecus_cephus	5.74	3.48	0.352451206983351
Cercopithecidae	CONTROL	Theropithecus_gelada	Papio_kindae	15.35	13	0.352411139404223
Cercopithecidae	CONTROL	Pygathrix_nigripes	Cercopithecus_nictitans	9.88	5.46	0.35239672274791
Cercopithecidae	CONTROL	Semnopithecus_entellus	Piliocolobus_gordonorum	11.44	7.05	0.352233777325796
Cercopithecidae	CONTROL	Pygathrix_nemaeus	Allenopithecus_nigroviridis	9.72	5.3	0.351790047688968
Cercopithecidae	CONTROL	Cercocebus_chrysogaster	Cercocebus_torquatus	9.75	7.5	0.351228711331001
Cercopithecidae	CONTROL	Colobus_angolensis	Cercopithecus_hamlyni	8.6	4.43	0.350384773133208
Cercopithecidae	CONTROL	Colobus_polykomos	Cercopithecus_roloway	9.1	4.55	0.350381580088893
Cercopithecidae	CONTROL	Cercopithecus_nictitans	Cercopithecus_ascanius	5.46	3.24	0.350345464116919
Cercopithecidae	CONTROL	Cercopithecus_petaurista	Miopithecus_ogouensis	3.65	1.25	0.350228541355937
Cercopithecidae	CONTROL	Rhinopithecus_bieti	Colobus_angolensis	12.48	8.6	0.350006637952388
Cercopithecidae	CONTROL	Trachypithecus_leucocephalus	Cercopithecus_petaurista	8.285	3.65	0.349843032963429
Cercopithecidae	CONTROL	Macaca_tonkeana	Piliocolobus_kirkii	11.95	6.9	0.349441322716813
Cercopithecidae	CONTROL	Trachypithecus_germaini	Macaca_fascicularis	8.83	4.03	0.349197199573744
Cercopithecidae	CONTROL	Semnopithecus_entellus	Macaca_leonina	11.44	6.7	0.349165586758776
Cercopithecidae	CONTROL	Semnopithecus_entellus	Lophocebus_aterrimus	11.44	6.8	0.348759673206591
Cercopithecidae	CONTROL	Rhinopithecus_roxellana	Macaca_arctoides	14.75	10.3	0.34862058095589
Cercopithecidae	CONTROL	Cercocebus_torquatus	Cercopithecus_pogonias	7.5	3.58	0.347949246197504
Cercopithecidae	CONTROL	Macaca_silenus	Macaca_radiata	7.5	5.14	0.347885093598393
Cercopithecidae	CONTROL	Piliocolobus_tephrosceles	Piliocolobus_kirkii	8.75	6.9	0.347375794593617
Cercopithecidae	CONTROL	Cercocebus_lunulatus	Cercopithecus_petaurista	7.28	3.65	0.3470114798513
Cercopithecidae	CONTROL	Mandrillus_leucophaeus	Papio_papio	20.375	17.5	0.345614699184521
Cercopithecidae	CONTROL	Macaca_silenus	Cercopithecus_petaurista	7.5	3.65	0.345048925259
Cercopithecidae	CONTROL	Trachypithecus_germaini	Cercopithecus_hamlyni	8.83	4.43	0.344797284372886
Cercopithecidae	CONTROL	Papio_hamadryas	Colobus_guereza	13.4	8.89	0.34447201952615
Cercopithecidae	CONTROL	Cercopithecus_neglectus	Cercopithecus_petaurista	5.74	3.65	0.344458107005414
Cercopithecidae	CONTROL	Papio_hamadryas	Piliocolobus_tephrosceles	13.4	8.75	0.344447125882493
Cercopithecidae	CONTROL	Semnopithecus_johnii	Cercocebus_lunulatus	11.6	7.28	0.34438860231032
Cercopithecidae	CONTROL	Colobus_angolensis	Cercopithecus_roloway	8.6	4.55	0.343663621049838
Cercopithecidae	CONTROL	Papio_kindae	Colobus_angolensis	13	8.6	0.343157539314382
Cercopithecidae	CONTROL	Trachypithecus_pileatus	Macaca_siberu	10.93	6.165	0.343078351706295
Cercopithecidae	CONTROL	Cercopithecus_neglectus	Cercopithecus_pogonias	5.74	3.58	0.342699909520653
Cercopithecidae	CONTROL	Allochrocebus_solatus	Allochrocebus_preussi	6.35	4.525	0.342588252478808
Cercopithecidae	CONTROL	Macaca_thibetana	Trachypithecus_pileatus	15.55	10.93	0.34208520213598
Cercopithecidae	CONTROL	Macaca_nigra	Macaca_cyclopis	7.68	5.47	0.341930683469986
Cercopithecidae	CONTROL	Trachypithecus_leucocephalus	Cercopithecus_pogonias	8.285	3.58	0.341607665528736
Cercopithecidae	CONTROL	Macaca_assamensis	Cercopithecus_nictitans	9	5.46	0.34120614644892
Cercopithecidae	CONTROL	Macaca_siberu	Macaca_fascicularis	6.165	4.03	0.341151117152647
Cercopithecidae	CONTROL	Pygathrix_cinerea	Macaca_radiata	9.98	5.14	0.340922394216925
Cercopithecidae	CONTROL	Cercocebus_lunulatus	Cercopithecus_pogonias	7.28	3.58	0.340885825504129
Cercopithecidae	CONTROL	Papio_kindae	Erythrocebus_patas	13	9.45	0.340882821674653
Cercopithecidae	CONTROL	Pygathrix_nigripes	Macaca_radiata	9.88	5.14	0.3406220733835
Cercopithecidae	CONTROL	Papio_kindae	Trachypithecus_leucocephalus	13	8.285	0.339643773721434
Cercopithecidae	CONTROL	Colobus_guereza	Cercopithecus_hamlyni	8.89	4.43	0.339414192666915
Cercopithecidae	CONTROL	Pygathrix_nemaeus	Cercopithecus_nictitans	9.72	5.46	0.338788186434515
Cercopithecidae	CONTROL	Colobus_polykomos	Cercopithecus_diana	9.1	4.5	0.338359484595704
Cercopithecidae	CONTROL	Pygathrix_nemaeus	Macaca_radiata	9.72	5.14	0.338168135025179
Cercopithecidae	CONTROL	Cercopithecus_pogonias	Miopithecus_ogouensis	3.58	1.25	0.337947324216411
Cercopithecidae	CONTROL	Trachypithecus_germaini	Cercopithecus_roloway	8.83	4.55	0.337726340146678
Cercopithecidae	CONTROL	Papio_hamadryas	Macaca_arctoides	13.4	10.3	0.337677579403545
Cercopithecidae	CONTROL	Macaca_nigra	Cercopithecus_mona	7.68	4.05	0.337389762846105
Cercopithecidae	CONTROL	Pygathrix_nigripes	Trachypithecus_cristatus	9.88	6.25	0.336520290065252
Cercopithecidae	CONTROL	Piliocolobus_tephrosceles	Cercopithecus_hamlyni	8.75	4.43	0.335354478325393
Cercopithecidae	CONTROL	Macaca_assamensis	Allochrocebus_lhoesti	9	5.5	0.335337779251848
Cercopithecidae	CONTROL	Colobus_guereza	Cercopithecus_diana	8.89	4.5	0.335096004013308
Cercopithecidae	CONTROL	Macaca_tonkeana	Macaca_fuscata	11.95	9.5	0.334616080069158
Cercopithecidae	CONTROL	Pygathrix_cinerea	Trachypithecus_cristatus	9.98	6.25	0.33443267946462
Cercopithecidae	CONTROL	Lophocebus_aterrimus	Cercopithecus_petaurista	6.8	3.65	0.334333193136159
Cercopithecidae	CONTROL	Rhinopithecus_roxellana	Semnopithecus_entellus	14.75	11.44	0.334301658675678
Cercopithecidae	CONTROL	Pygathrix_cinerea	Cercopithecus_nictitans	9.98	5.46	0.334090456798094
Cercopithecidae	CONTROL	Macaca_assamensis	Cercopithecus_neglectus	9	5.74	0.334062160144176
Cercopithecidae	CONTROL	Macaca_silenus	Cercopithecus_lowei	7.5	3.9	0.33403142788229
Cercopithecidae	CONTROL	Semnopithecus_entellus	Cercocebus_lunulatus	11.44	7.28	0.33380222876315
Cercopithecidae	CONTROL	Semnopithecus_hypoleucos	Macaca_nemestrina	13.1	8.89	0.333603227989233
Cercopithecidae	CONTROL	Macaca_nemestrina	Cercopithecus_neglectus	8.89	5.74	0.333593104146629
Cercopithecidae	CONTROL	Rhinopithecus_bieti	Macaca_maura	12.48	7.88	0.333535385483886
Cercopithecidae	CONTROL	Trachypithecus_geei	Cercopithecus_neglectus	10.15	5.74	0.333509842865963
Cercopithecidae	CONTROL	Lophocebus_aterrimus	Macaca_fascicularis	6.8	4.03	0.332990992768912
Cercopithecidae	CONTROL	Colobus_angolensis	Cercopithecus_diana	8.6	4.5	0.332857232216325
Cercopithecidae	CONTROL	Macaca_mulatta	Macaca_fascicularis	5.96	4.03	0.332604452080236
Cercopithecidae	CONTROL	Papio_hamadryas	Trachypithecus_germaini	13.4	8.83	0.332589639913479
Cercopithecidae	CONTROL	Trachypithecus_geei	Cercopithecus_nictitans	10.15	5.46	0.332400253880872
Cercopithecidae	CONTROL	Pygathrix_cinerea	Allochrocebus_lhoesti	9.98	5.5	0.332331200347513
Cercopithecidae	CONTROL	Trachypithecus_geei	Allochrocebus_lhoesti	10.15	5.5	0.33220940490657
Cercopithecidae	CONTROL	Lophocebus_aterrimus	Cercopithecus_cephus	6.8	3.48	0.332191169187499
Cercopithecidae	CONTROL	Macaca_maura	Macaca_cyclopis	7.88	5.47	0.331925582581167
Cercopithecidae	CONTROL	Colobus_polykomos	Allenopithecus_nigroviridis	9.1	5.3	0.331898394716214
Cercopithecidae	CONTROL	Papio_papio	Semnopithecus_hypoleucos	17.5	13.1	0.331885985377264
Cercopithecidae	CONTROL	Theropithecus_gelada	Trachypithecus_pileatus	15.35	10.93	0.331820773246773
Cercopithecidae	CONTROL	Papio_hamadryas	Colobus_polykomos	13.4	9.1	0.331739575156653
Cercopithecidae	CONTROL	Pygathrix_nigripes	Allochrocebus_lhoesti	9.88	5.5	0.331378412853899
Cercopithecidae	CONTROL	Macaca_tonkeana	Trachypithecus_hatinhensis	11.95	7.275	0.331201552786627
Cercopithecidae	CONTROL	Cercocebus_chrysogaster	Allochrocebus_solatus	9.75	6.35	0.331028240587116
Cercopithecidae	CONTROL	Pygathrix_cinerea	Cercopithecus_neglectus	9.98	5.74	0.330704513123688
Cercopithecidae	CONTROL	Rhinopithecus_roxellana	Semnopithecus_johnii	14.75	11.6	0.330637721430919
Cercopithecidae	CONTROL	Semnopithecus_vetulus	Cercopithecus_ascanius	7.03	3.24	0.330406759485531
Cercopithecidae	CONTROL	Macaca_assamensis	Macaca_leonina	9	6.7	0.330057838842825
Cercopithecidae	CONTROL	Colobus_polykomos	Chlorocebus_pygerythrus	9.1	4.665	0.330019220034352
Cercopithecidae	CONTROL	Semnopithecus_entellus	Trachypithecus_germaini	11.44	8.83	0.328881696960751
Cercopithecidae	CONTROL	Pygathrix_nigripes	Cercopithecus_neglectus	9.88	5.74	0.328699895711114
Cercopithecidae	CONTROL	Trachypithecus_pileatus	Piliocolobus_kirkii	10.93	6.9	0.328693579721971
Cercopithecidae	CONTROL	Macaca_nigra	Cercopithecus_hamlyni	7.68	4.43	0.328615530294928
Cercopithecidae	CONTROL	Trachypithecus_geei	Trachypithecus_hatinhensis	10.15	7.275	0.328498668491534
Cercopithecidae	CONTROL	Trachypithecus_pileatus	Allochrocebus_solatus	10.93	6.35	0.328337835159892
Cercopithecidae	CONTROL	Semnopithecus_johnii	Macaca_silenus	11.6	7.5	0.327652814540324
Cercopithecidae	CONTROL	Colobus_polykomos	Allochrocebus_preussi	9.1	4.525	0.327394384706226
Cercopithecidae	CONTROL	Nasalis_larvatus	Macaca_tonkeana	15.75	11.95	0.32697284257344
Cercopithecidae	CONTROL	Colobus_guereza	Cercopithecus_roloway	8.89	4.55	0.325265431253547
Cercopithecidae	CONTROL	Lophocebus_aterrimus	Cercopithecus_pogonias	6.8	3.58	0.325229072495921
Cercopithecidae	CONTROL	Piliocolobus_badius	Macaca_fascicularis	8.25	4.03	0.324711323478721
Cercopithecidae	CONTROL	Trachypithecus_leucocephalus	Cercopithecus_lowei	8.285	3.9	0.324583021300147
Cercopithecidae	CONTROL	Macaca_maura	Cercopithecus_hamlyni	7.88	4.43	0.324324962331715
Cercopithecidae	CONTROL	Trachypithecus_germaini	Chlorocebus_pygerythrus	8.83	4.665	0.324020049188782
Cercopithecidae	CONTROL	Semnopithecus_hypoleucos	Macaca_assamensis	13.1	9	0.323748300013958
Cercopithecidae	CONTROL	Cercocebus_chrysogaster	Macaca_leonina	9.75	6.7	0.323730777561913
Cercopithecidae	CONTROL	Macaca_arctoides	Presbytis_mitrata	10.3	5.8	0.323585687015328
Cercopithecidae	CONTROL	Macaca_tonkeana	Trachypithecus_francoisi	11.95	7.52	0.323300078029763
Cercopithecidae	CONTROL	Pygathrix_nigripes	Macaca_cyclopis	9.88	5.47	0.323182909366597
Cercopithecidae	CONTROL	Pygathrix_nemaeus	Allochrocebus_lhoesti	9.72	5.5	0.323005563484192
Cercopithecidae	CONTROL	Papio_anubis	Rhinopithecus_bieti	16.65	12.48	0.32285206065742
Cercopithecidae	CONTROL	Macaca_nemestrina	Allochrocebus_lhoesti	8.89	5.5	0.322693051253143
Cercopithecidae	CONTROL	Trachypithecus_germaini	Trachypithecus_obscurus	8.83	6.99	0.322136156475301
Cercopithecidae	CONTROL	Trachypithecus_germaini	Cercopithecus_diana	8.83	4.5	0.32202169024457
Cercopithecidae	CONTROL	Trachypithecus_geei	Macaca_mulatta	10.15	5.96	0.321969883536911
Cercopithecidae	CONTROL	Macaca_silenus	Cercopithecus_mona	7.5	4.05	0.321908026859092
Cercopithecidae	CONTROL	Cercocebus_torquatus	Cercopithecus_mona	7.5	4.05	0.321437792815354
Cercopithecidae	CONTROL	Cercopithecus_nictitans	Cercopithecus_cephus	5.46	3.48	0.321422402163594
Cercopithecidae	CONTROL	Semnopithecus_johnii	Macaca_nigra	11.6	7.68	0.321403024274614
Cercopithecidae	CONTROL	Colobus_polykomos	Cercopithecus_mitis	9.1	4.89	0.320778926813892
Cercopithecidae	CONTROL	Macaca_arctoides	Cercocebus_lunulatus	10.3	7.28	0.320034604047677
Cercopithecidae	CONTROL	Papio_kindae	Piliocolobus_tephrosceles	13	8.75	0.319636438457727
Cercopithecidae	CONTROL	Erythrocebus_patas	Macaca_siberu	9.45	6.165	0.319230221236326
Cercopithecidae	CONTROL	Macaca_leonina	Cercopithecus_ascanius	6.7	3.24	0.319012393834546
Cercopithecidae	CONTROL	Semnopithecus_johnii	Cercocebus_torquatus	11.6	7.5	0.318680817358907
Cercopithecidae	CONTROL	Trachypithecus_pileatus	Piliocolobus_gordonorum	10.93	7.05	0.318352864687998
Cercopithecidae	CONTROL	Trachypithecus_phayrei	Cercopithecus_ascanius	7.44	3.24	0.318311436259225
Cercopithecidae	CONTROL	Papio_kindae	Colobus_guereza	13	8.89	0.317868733734191
Cercopithecidae	CONTROL	Piliocolobus_tephrosceles	Chlorocebus_pygerythrus	8.75	4.665	0.317824944380488
Cercopithecidae	CONTROL	Piliocolobus_tephrosceles	Cercopithecus_diana	8.75	4.5	0.317482147240211
Cercopithecidae	CONTROL	Semnopithecus_hypoleucos	Pygathrix_nemaeus	13.1	9.72	0.316730736706995
Cercopithecidae	CONTROL	Trachypithecus_leucocephalus	Macaca_fascicularis	8.285	4.03	0.316210397373175
Cercopithecidae	CONTROL	Macaca_nemestrina	Cercopithecus_nictitans	8.89	5.46	0.315826292734818
Cercopithecidae	CONTROL	Macaca_fascicularis	Miopithecus_ogouensis	4.03	1.25	0.315534556768509
Cercopithecidae	CONTROL	Trachypithecus_leucocephalus	Cercopithecus_mona	8.285	4.05	0.315489282860687
Cercopithecidae	CONTROL	Semnopithecus_hypoleucos	Pygathrix_nigripes	13.1	9.88	0.314939461859877
Cercopithecidae	CONTROL	Pygathrix_nemaeus	Cercopithecus_neglectus	9.72	5.74	0.314493163179791
Cercopithecidae	CONTROL	Colobus_guereza	Chlorocebus_pygerythrus	8.89	4.665	0.314127956307431
Cercopithecidae	CONTROL	Allochrocebus_solatus	Cercopithecus_cephus	6.35	3.48	0.314119700279876
Cercopithecidae	CONTROL	Macaca_maura	Cercopithecus_diana	7.88	4.5	0.313887640012752
Cercopithecidae	CONTROL	Macaca_thibetana	Semnopithecus_entellus	15.55	11.44	0.31380567082728
Cercopithecidae	CONTROL	Allochrocebus_solatus	Cercopithecus_pogonias	6.35	3.58	0.313352708092756
Cercopithecidae	CONTROL	Pygathrix_nemaeus	Trachypithecus_cristatus	9.72	6.25	0.313125332436319
Cercopithecidae	CONTROL	Piliocolobus_badius	Chlorocebus_pygerythrus	8.25	4.665	0.312870955551965
Cercopithecidae	CONTROL	Pygathrix_nigripes	Trachypithecus_crepusculus	9.88	6.65	0.312530477349187
Cercopithecidae	CONTROL	Macaca_arctoides	Cercocebus_torquatus	10.3	7.5	0.312364096266167
Cercopithecidae	CONTROL	Piliocolobus_tephrosceles	Cercopithecus_roloway	8.75	4.55	0.312332631523882
Cercopithecidae	CONTROL	Pygathrix_cinerea	Macaca_cyclopis	9.98	5.47	0.312269230825182
Cercopithecidae	CONTROL	Trachypithecus_geei	Macaca_siberu	10.15	6.165	0.311190920809113
Cercopithecidae	CONTROL	Macaca_nigra	Chlorocebus_pygerythrus	7.68	4.665	0.311168876792208
Cercopithecidae	CONTROL	Piliocolobus_tephrosceles	Allochrocebus_preussi	8.75	4.525	0.31105729263587
Cercopithecidae	CONTROL	Macaca_maura	Chlorocebus_pygerythrus	7.88	4.665	0.310964528242248
Cercopithecidae	CONTROL	Macaca_tonkeana	Trachypithecus_phayrei	11.95	7.44	0.310961418679051
Cercopithecidae	CONTROL	Piliocolobus_tephrosceles	Piliocolobus_gordonorum	8.75	7.05	0.310953150251086
Cercopithecidae	CONTROL	Nasalis_larvatus	Semnopithecus_hypoleucos	15.75	13.1	0.31082471530819
Cercopithecidae	CONTROL	Cercocebus_torquatus	Cercopithecus_lowei	7.5	3.9	0.310657527216304
Cercopithecidae	CONTROL	Trachypithecus_francoisi	Cercopithecus_ascanius	7.52	3.24	0.31053098658558
Cercopithecidae	CONTROL	Trachypithecus_germaini	Allochrocebus_preussi	8.83	4.525	0.310390450601142
Cercopithecidae	CONTROL	Piliocolobus_badius	Cercopithecus_diana	8.25	4.5	0.309440819725088
Cercopithecidae	CONTROL	Trachypithecus_phayrei	Cercopithecus_cephus	7.44	3.48	0.309037997160601
Cercopithecidae	CONTROL	Cercocebus_lunulatus	Cercopithecus_lowei	7.28	3.9	0.308849232046586
Cercopithecidae	CONTROL	Papio_cynocephalus	Semnopithecus_hypoleucos	17.05	13.1	0.308839229709669
Cercopithecidae	CONTROL	Colobus_guereza	Allochrocebus_preussi	8.89	4.525	0.308200928129903
Cercopithecidae	CONTROL	Macaca_thibetana	Semnopithecus_johnii	15.55	11.6	0.308062377076031
Cercopithecidae	CONTROL	Papio_papio	Theropithecus_gelada	17.5	15.35	0.307979135555437
Cercopithecidae	CONTROL	Colobus_angolensis	Allochrocebus_preussi	8.6	4.525	0.307808623849917
Cercopithecidae	CONTROL	Semnopithecus_entellus	Macaca_silenus	11.44	7.5	0.307794986519175
Cercopithecidae	CONTROL	Cercopithecus_cephus	Miopithecus_ogouensis	3.48	1.25	0.30768738508206
Cercopithecidae	CONTROL	Cercocebus_lunulatus	Cercopithecus_mona	7.28	4.05	0.307473753321836
Cercopithecidae	CONTROL	Theropithecus_gelada	Papio_hamadryas	15.35	13.4	0.306928085355563
Cercopithecidae	CONTROL	Trachypithecus_pileatus	Macaca_leonina	10.93	6.7	0.306759708620635
Cercopithecidae	CONTROL	Allochrocebus_solatus	Cercopithecus_petaurista	6.35	3.65	0.306074718353865
Cercopithecidae	CONTROL	Semnopithecus_hypoleucos	Erythrocebus_patas	13.1	9.45	0.305874961432337
Cercopithecidae	CONTROL	Trachypithecus_geei	Presbytis_comata	10.15	6.7	0.305680467881223
Cercopithecidae	CONTROL	Colobus_guereza	Cercopithecus_mitis	8.89	4.89	0.305660321354424
Cercopithecidae	CONTROL	Colobus_angolensis	Chlorocebus_pygerythrus	8.6	4.665	0.305426078576986
Cercopithecidae	CONTROL	Trachypithecus_francoisi	Cercopithecus_cephus	7.52	3.48	0.304714164229296
Cercopithecidae	CONTROL	Pygathrix_cinerea	Trachypithecus_crepusculus	9.98	6.65	0.303901276476607
Cercopithecidae	CONTROL	Semnopithecus_hypoleucos	Pygathrix_cinerea	13.1	9.98	0.303573257376686
Cercopithecidae	CONTROL	Rhinopithecus_bieti	Colobus_polykomos	12.48	9.1	0.303252067459703
Cercopithecidae	CONTROL	Semnopithecus_vetulus	Cercopithecus_cephus	7.03	3.48	0.303190838484198
Cercopithecidae	CONTROL	Piliocolobus_badius	Allochrocebus_preussi	8.25	4.525	0.303078103226329
Cercopithecidae	CONTROL	Colobus_guereza	Allenopithecus_nigroviridis	8.89	5.3	0.302743691540139
Cercopithecidae	CONTROL	Papio_kindae	Trachypithecus_germaini	13	8.83	0.302550131848356
Cercopithecidae	CONTROL	Trachypithecus_geei	Trachypithecus_francoisi	10.15	7.52	0.302365690380437
Cercopithecidae	CONTROL	Theropithecus_gelada	Semnopithecus_entellus	15.35	11.44	0.301838892766094
Cercopithecidae	CONTROL	Macaca_maura	Cercopithecus_roloway	7.88	4.55	0.301525032449951
Cercopithecidae	CONTROL	Rhinopithecus_bieti	Piliocolobus_tephrosceles	12.48	8.75	0.301227200275244
Cercopithecidae	CONTROL	Macaca_silenus	Cercopithecus_hamlyni	7.5	4.43	0.300937267264987
Cercopithecidae	CONTROL	Pygathrix_cinerea	Presbytis_comata	9.98	6.7	0.300679036036922
Cercopithecidae	CONTROL	Piliocolobus_tephrosceles	Cercopithecus_mitis	8.75	4.89	0.30049227802636
Cercopithecidae	CONTROL	Piliocolobus_badius	Cercopithecus_hamlyni	8.25	4.43	0.300058927962675
Cercopithecidae	CONTROL	Theropithecus_gelada	Semnopithecus_johnii	15.35	11.6	0.299985293767178
Cercopithecidae	CONTROL	Semnopithecus_schistaceus	Papio_kindae	17	13	0.299713252053155
Cercopithecidae	CONTROL	Cercopithecus_nictitans	Cercopithecus_petaurista	5.46	3.65	0.299667735710497
Cercopithecidae	CONTROL	Cercocebus_torquatus	Cercopithecus_hamlyni	7.5	4.43	0.299564780157488
Cercopithecidae	CONTROL	Piliocolobus_kirkii	Cercopithecus_ascanius	6.9	3.24	0.29902965168927
Cercopithecidae	CONTROL	Macaca_leonina	Cercopithecus_cephus	6.7	3.48	0.298698344201064
Cercopithecidae	CONTROL	Lophocebus_aterrimus	Cercopithecus_lowei	6.8	3.9	0.298428378018257
Cercopithecidae	CONTROL	Macaca_fuscata	Macaca_silenus	9.5	7.5	0.298178390053852
Cercopithecidae	CONTROL	Macaca_maura	Allochrocebus_preussi	7.88	4.525	0.29774619262455
Cercopithecidae	CONTROL	Papio_kindae	Colobus_polykomos	13	9.1	0.297195983987354
Cercopithecidae	CONTROL	Semnopithecus_hypoleucos	Semnopithecus_entellus	13.1	11.44	0.297106657625935
Cercopithecidae	CONTROL	Semnopithecus_entellus	Cercocebus_torquatus	11.44	7.5	0.296065294210388
Cercopithecidae	CONTROL	Pygathrix_nemaeus	Macaca_cyclopis	9.72	5.47	0.295678399390008
Cercopithecidae	CONTROL	Cercocebus_lunulatus	Cercopithecus_hamlyni	7.28	4.43	0.29508068084243
Cercopithecidae	CONTROL	Semnopithecus_johnii	Piliocolobus_badius	11.6	8.25	0.294775091448003
Cercopithecidae	CONTROL	Colobus_polykomos	Macaca_radiata	9.1	5.14	0.294437934011632
Cercopithecidae	CONTROL	Macaca_nigra	Cercopithecus_diana	7.68	4.5	0.293825790847999
Cercopithecidae	CONTROL	Colobus_angolensis	Cercopithecus_mitis	8.6	4.89	0.293376787314914
Cercopithecidae	CONTROL	Trachypithecus_hatinhensis	Cercopithecus_cephus	7.275	3.48	0.293157798000112
Cercopithecidae	CONTROL	Trachypithecus_pileatus	Trachypithecus_leucocephalus	10.93	8.285	0.293071356179129
Cercopithecidae	CONTROL	Macaca_leonina	Cercopithecus_pogonias	6.7	3.58	0.293007253274972
Cercopithecidae	CONTROL	Macaca_fuscata	Lophocebus_aterrimus	9.5	6.8	0.292745859999069
Cercopithecidae	CONTROL	Macaca_nigra	Allochrocebus_preussi	7.68	4.525	0.292726017899419
Cercopithecidae	CONTROL	Pygathrix_nemaeus	Presbytis_comata	9.72	6.7	0.292559735922963
Cercopithecidae	CONTROL	Piliocolobus_gordonorum	Cercopithecus_ascanius	7.05	3.24	0.292466145151995
Cercopithecidae	CONTROL	Allenopithecus_nigroviridis	Cercopithecus_ascanius	5.3	3.24	0.292387446286873
Cercopithecidae	CONTROL	Macaca_arctoides	Trachypithecus_cristatus	10.3	6.25	0.29196404083612
Cercopithecidae	CONTROL	Cercopithecus_neglectus	Cercopithecus_lowei	5.74	3.9	0.291734902704503
Cercopithecidae	CONTROL	Trachypithecus_germaini	Cercopithecus_mitis	8.83	4.89	0.291589373853951
Cercopithecidae	CONTROL	Macaca_fuscata	Allochrocebus_solatus	9.5	6.35	0.291151378332892
Cercopithecidae	CONTROL	Trachypithecus_hatinhensis	Cercopithecus_ascanius	7.275	3.24	0.290751816325443
Cercopithecidae	CONTROL	Erythrocebus_patas	Lophocebus_aterrimus	9.45	6.8	0.29067716085756
Cercopithecidae	CONTROL	Cercocebus_chrysogaster	Presbytis_mitrata	9.75	5.8	0.290674047745224
Cercopithecidae	CONTROL	Pygathrix_cinerea	Semnopithecus_vetulus	9.98	7.03	0.290542406507477
Cercopithecidae	CONTROL	Lophocebus_aterrimus	Cercopithecus_mona	6.8	4.05	0.290333474454771
Cercopithecidae	CONTROL	Macaca_maura	Macaca_siberu	7.88	6.165	0.290077812055139
Cercopithecidae	CONTROL	Piliocolobus_tephrosceles	Allenopithecus_nigroviridis	8.75	5.3	0.289709101310812
Cercopithecidae	CONTROL	Cercocebus_torquatus	Chlorocebus_pygerythrus	7.5	4.665	0.289339334734454
Cercopithecidae	CONTROL	Rhinopithecus_bieti	Colobus_guereza	12.48	8.89	0.288852347447492
Cercopithecidae	CONTROL	Piliocolobus_badius	Cercopithecus_roloway	8.25	4.55	0.288761424674148
Cercopithecidae	CONTROL	Pygathrix_nigripes	Presbytis_comata	9.88	6.7	0.288455896097701
Cercopithecidae	CONTROL	Cercocebus_torquatus	Cercopithecus_diana	7.5	4.5	0.2883674709317
Cercopithecidae	CONTROL	Papio_kindae	Macaca_arctoides	13	10.3	0.288255340377683
Cercopithecidae	CONTROL	Rhinopithecus_bieti	Macaca_nemestrina	12.48	8.89	0.28808328288924
Cercopithecidae	CONTROL	Colobus_guereza	Macaca_radiata	8.89	5.14	0.288042550164372
Cercopithecidae	CONTROL	Pygathrix_cinerea	Macaca_mulatta	9.98	5.96	0.287827390709345
Cercopithecidae	CONTROL	Pygathrix_cinerea	Trachypithecus_obscurus	9.98	6.99	0.28754834989426
Cercopithecidae	CONTROL	Cercocebus_torquatus	Allochrocebus_preussi	7.5	4.525	0.287352659777128
Cercopithecidae	CONTROL	Pygathrix_nigripes	Macaca_mulatta	9.88	5.96	0.287050723650017
Cercopithecidae	CONTROL	Colobus_angolensis	Allenopithecus_nigroviridis	8.6	5.3	0.286299376088163
Cercopithecidae	CONTROL	Cercopithecus_ascanius	Miopithecus_ogouensis	3.24	1.25	0.286183848973485
Cercopithecidae	CONTROL	Semnopithecus_entellus	Macaca_nigra	11.44	7.68	0.286154879430197
Cercopithecidae	CONTROL	Macaca_silenus	Chlorocebus_pygerythrus	7.5	4.665	0.285947862449262
Cercopithecidae	CONTROL	Semnopithecus_vetulus	Cercopithecus_petaurista	7.03	3.65	0.28572527067993
Cercopithecidae	CONTROL	Pygathrix_nigripes	Semnopithecus_vetulus	9.88	7.03	0.285562950097842
Cercopithecidae	CONTROL	Colobus_polykomos	Presbytis_mitrata	9.1	5.8	0.285260332181158
Cercopithecidae	CONTROL	Trachypithecus_phayrei	Cercopithecus_pogonias	7.44	3.58	0.284845685635357
Cercopithecidae	CONTROL	Macaca_tonkeana	Piliocolobus_badius	11.95	8.25	0.284765410824486
Cercopithecidae	CONTROL	Semnopithecus_vetulus	Cercopithecus_pogonias	7.03	3.58	0.283850740750427
Cercopithecidae	CONTROL	Trachypithecus_germaini	Allenopithecus_nigroviridis	8.83	5.3	0.283346469391085
Cercopithecidae	CONTROL	Semnopithecus_entellus	Piliocolobus_badius	11.44	8.25	0.283281858418626
Cercopithecidae	CONTROL	Macaca_silenus	Macaca_cyclopis	7.5	5.47	0.282298807891629
Cercopithecidae	CONTROL	Trachypithecus_leucocephalus	Chlorocebus_pygerythrus	8.285	4.665	0.282055139539805
Cercopithecidae	CONTROL	Rhinopithecus_bieti	Pygathrix_cinerea	12.48	9.98	0.281812519893467
Cercopithecidae	CONTROL	Macaca_maura	Cercopithecus_mitis	7.88	4.89	0.281172661136312
Cercopithecidae	CONTROL	Trachypithecus_laotum	Cercopithecus_ascanius	7	3.24	0.280993886155922
Cercopithecidae	CONTROL	Trachypithecus_leucocephalus	Cercopithecus_diana	8.285	4.5	0.280722890190692
Cercopithecidae	CONTROL	Colobus_polykomos	Cercopithecus_nictitans	9.1	5.46	0.280678286317858
Cercopithecidae	CONTROL	Macaca_siberu	Cercopithecus_ascanius	6.165	3.24	0.280657308494314
Cercopithecidae	CONTROL	Pygathrix_nemaeus	Trachypithecus_crepusculus	9.72	6.65	0.280648155164592
Cercopithecidae	CONTROL	Trachypithecus_hatinhensis	Cercopithecus_petaurista	7.275	3.65	0.279003014378602
Cercopithecidae	CONTROL	Semnopithecus_vetulus	Cercopithecus_lowei	7.03	3.9	0.278737846989694
Cercopithecidae	CONTROL	Trachypithecus_leucocephalus	Cercopithecus_hamlyni	8.285	4.43	0.278435298323823
Cercopithecidae	CONTROL	Trachypithecus_pileatus	Lophocebus_aterrimus	10.93	6.8	0.278357281876818
Cercopithecidae	CONTROL	Trachypithecus_francoisi	Cercopithecus_petaurista	7.52	3.65	0.278206095008063
Cercopithecidae	CONTROL	Trachypithecus_phayrei	Cercopithecus_petaurista	7.44	3.65	0.278193670756715
Cercopithecidae	CONTROL	Cercocebus_torquatus	Cercopithecus_roloway	7.5	4.55	0.277732405693262
Cercopithecidae	CONTROL	Pygathrix_nemaeus	Semnopithecus_vetulus	9.72	7.03	0.277582147402407
Cercopithecidae	CONTROL	Pygathrix_nigripes	Macaca_siberu	9.88	6.165	0.277312942234791
Cercopithecidae	CONTROL	Cercopithecus_mitis	Cercopithecus_ascanius	4.89	3.24	0.277289602981415
Cercopithecidae	CONTROL	Piliocolobus_tephrosceles	Macaca_radiata	8.75	5.14	0.27728360161366
Cercopithecidae	CONTROL	Cercocebus_lunulatus	Allochrocebus_preussi	7.28	4.525	0.277066125357636
Cercopithecidae	CONTROL	Trachypithecus_francoisi	Cercopithecus_pogonias	7.52	3.58	0.276978587927286
Cercopithecidae	CONTROL	Piliocolobus_gordonorum	Cercopithecus_cephus	7.05	3.48	0.276841157432956
Cercopithecidae	CONTROL	Rhinopithecus_bieti	Pygathrix_nemaeus	12.48	9.72	0.276790422184611
Cercopithecidae	CONTROL	Piliocolobus_badius	Allenopithecus_nigroviridis	8.25	5.3	0.276662313969821
Cercopithecidae	CONTROL	Semnopithecus_hypoleucos	Cercocebus_chrysogaster	13.1	9.75	0.276660132858218
Cercopithecidae	CONTROL	Papio_hamadryas	Pygathrix_nigripes	13.4	9.88	0.27641172791178
Cercopithecidae	CONTROL	Trachypithecus_obscurus	Cercopithecus_ascanius	6.99	3.24	0.276396806755911
Cercopithecidae	CONTROL	Macaca_thibetana	Papio_kindae	15.55	13	0.276033537950331
Cercopithecidae	CONTROL	Rhinopithecus_bieti	Pygathrix_nigripes	12.48	9.88	0.275761443348071
Cercopithecidae	CONTROL	Trachypithecus_obscurus	Cercopithecus_cephus	6.99	3.48	0.275404525016903
Cercopithecidae	CONTROL	Piliocolobus_kirkii	Cercopithecus_cephus	6.9	3.48	0.274592182578475
Cercopithecidae	CONTROL	Semnopithecus_hypoleucos	Macaca_fuscata	13.1	9.5	0.274239498414668
Cercopithecidae	CONTROL	Erythrocebus_patas	Macaca_leonina	9.45	6.7	0.274028259413131
Cercopithecidae	CONTROL	Colobus_angolensis	Macaca_radiata	8.6	5.14	0.273791582296968
Cercopithecidae	CONTROL	Erythrocebus_patas	Presbytis_mitrata	9.45	5.8	0.273645919109993
Cercopithecidae	CONTROL	Semnopithecus_johnii	Macaca_maura	11.6	7.88	0.272995051554576
Cercopithecidae	CONTROL	Cercopithecus_neglectus	Cercopithecus_mona	5.74	4.05	0.272793966191983
Cercopithecidae	CONTROL	Macaca_maura	Macaca_mulatta	7.88	5.96	0.272790592486372
Cercopithecidae	CONTROL	Cercocebus_chrysogaster	Trachypithecus_cristatus	9.75	6.25	0.272623529047525
Cercopithecidae	CONTROL	Pygathrix_nigripes	Trachypithecus_obscurus	9.88	6.99	0.272556031614972
Cercopithecidae	CONTROL	Allochrocebus_solatus	Cercopithecus_lowei	6.35	3.9	0.272196887368722
Cercopithecidae	CONTROL	Trachypithecus_hatinhensis	Cercopithecus_pogonias	7.275	3.58	0.271911417298472
Cercopithecidae	CONTROL	Trachypithecus_leucocephalus	Cercopithecus_roloway	8.285	4.55	0.271198489675067
Cercopithecidae	CONTROL	Macaca_nigra	Cercopithecus_roloway	7.68	4.55	0.270546580599141
Cercopithecidae	CONTROL	Macaca_nigra	Allenopithecus_nigroviridis	7.68	5.3	0.270222142952721
Cercopithecidae	CONTROL	Trachypithecus_francoisi	Cercopithecus_lowei	7.52	3.9	0.27014474491846
Cercopithecidae	CONTROL	Trachypithecus_geei	Allochrocebus_solatus	10.15	6.35	0.269592310545781
Cercopithecidae	CONTROL	Pygathrix_nemaeus	Macaca_mulatta	9.72	5.96	0.269559529147431
Cercopithecidae	CONTROL	Lophocebus_aterrimus	Cercopithecus_hamlyni	6.8	4.43	0.269509688855268
Cercopithecidae	CONTROL	Macaca_leonina	Cercopithecus_petaurista	6.7	3.65	0.269450486552506
Cercopithecidae	CONTROL	Trachypithecus_germaini	Macaca_radiata	8.83	5.14	0.269350947607067
Cercopithecidae	CONTROL	Cercocebus_lunulatus	Chlorocebus_pygerythrus	7.28	4.665	0.269228369877179
Cercopithecidae	CONTROL	Papio_anubis	Semnopithecus_hypoleucos	16.65	13.1	0.268925304148333
Cercopithecidae	CONTROL	Presbytis_comata	Cercopithecus_ascanius	6.7	3.24	0.268540883574064
Cercopithecidae	CONTROL	Pygathrix_cinerea	Macaca_siberu	9.98	6.165	0.26848445937325
Cercopithecidae	CONTROL	Trachypithecus_geei	Piliocolobus_kirkii	10.15	6.9	0.268472700837001
Cercopithecidae	CONTROL	Trachypithecus_laotum	Cercopithecus_cephus	7	3.48	0.268402377326754
Cercopithecidae	CONTROL	Trachypithecus_germaini	Presbytis_mitrata	8.83	5.8	0.268351054496795
Cercopithecidae	CONTROL	Rhinopithecus_bieti	Macaca_assamensis	12.48	9	0.268315650017504
Cercopithecidae	CONTROL	Macaca_maura	Allenopithecus_nigroviridis	7.88	5.3	0.268260342533775
Cercopithecidae	CONTROL	Mandrillus_leucophaeus	Semnopithecus_schistaceus	20.375	17	0.268097321199509
Cercopithecidae	CONTROL	Trachypithecus_geei	Piliocolobus_gordonorum	10.15	7.05	0.267807651851964
Cercopithecidae	CONTROL	Trachypithecus_geei	Macaca_leonina	10.15	6.7	0.2672895997023
Cercopithecidae	CONTROL	Macaca_mulatta	Cercopithecus_ascanius	5.96	3.24	0.266939678537725
Cercopithecidae	CONTROL	Semnopithecus_johnii	Colobus_angolensis	11.6	8.6	0.266457338686709
Cercopithecidae	CONTROL	Trachypithecus_leucocephalus	Allochrocebus_preussi	8.285	4.525	0.266394576206429
Cercopithecidae	CONTROL	Macaca_silenus	Allochrocebus_preussi	7.5	4.525	0.265853623013694
Cercopithecidae	CONTROL	Pygathrix_nigripes	Trachypithecus_laotum	9.88	7	0.265712117694781
Cercopithecidae	CONTROL	Trachypithecus_leucocephalus	Trachypithecus_cristatus	8.285	6.25	0.265562432207598
Cercopithecidae	CONTROL	Macaca_assamensis	Lophocebus_aterrimus	9	6.8	0.265168670964585
Cercopithecidae	CONTROL	Cercocebus_lunulatus	Cercopithecus_roloway	7.28	4.55	0.264995322659547
Cercopithecidae	CONTROL	Trachypithecus_phayrei	Cercopithecus_lowei	7.44	3.9	0.264865293865467
Cercopithecidae	CONTROL	Macaca_fuscata	Macaca_nigra	9.5	7.68	0.26482359221128
Cercopithecidae	CONTROL	Piliocolobus_badius	Cercopithecus_mitis	8.25	4.89	0.264783800537957
Cercopithecidae	CONTROL	Piliocolobus_kirkii	Cercopithecus_pogonias	6.9	3.58	0.264612842337538
Cercopithecidae	CONTROL	Macaca_fuscata	Presbytis_mitrata	9.5	5.8	0.264369028863869
Cercopithecidae	CONTROL	Papio_hamadryas	Pygathrix_nemaeus	13.4	9.72	0.2642928988848
Cercopithecidae	CONTROL	Trachypithecus_pileatus	Cercocebus_lunulatus	10.93	7.28	0.264145285066848
Cercopithecidae	CONTROL	Macaca_silenus	Cercopithecus_diana	7.5	4.5	0.263674926274618
Cercopithecidae	CONTROL	Trachypithecus_hatinhensis	Cercopithecus_lowei	7.275	3.9	0.263571034554793
Cercopithecidae	CONTROL	Macaca_arctoides	Presbytis_comata	10.3	6.7	0.263546929921371
Cercopithecidae	CONTROL	Macaca_assamensis	Allochrocebus_solatus	9	6.35	0.263387235141595
Cercopithecidae	CONTROL	Colobus_guereza	Cercopithecus_nictitans	8.89	5.46	0.263327443803912
Cercopithecidae	CONTROL	Cercocebus_lunulatus	Cercopithecus_diana	7.28	4.5	0.26325284018408
Cercopithecidae	CONTROL	Macaca_arctoides	Trachypithecus_crepusculus	10.3	6.65	0.263249545794027
Cercopithecidae	CONTROL	Papio_cynocephalus	Theropithecus_gelada	17.05	15.35	0.263220585690074
Cercopithecidae	CONTROL	Colobus_polykomos	Macaca_cyclopis	9.1	5.47	0.263106260181444
Cercopithecidae	CONTROL	Semnopithecus_hypoleucos	Semnopithecus_johnii	13.1	11.6	0.262922948813384
Cercopithecidae	CONTROL	Trachypithecus_francoisi	Macaca_fascicularis	7.52	4.03	0.262314068318894
Cercopithecidae	CONTROL	Semnopithecus_schistaceus	Papio_hamadryas	17	13.4	0.261960639147275
Cercopithecidae	CONTROL	Macaca_tonkeana	Colobus_angolensis	11.95	8.6	0.26189394308581
Cercopithecidae	CONTROL	Cercopithecus_nictitans	Cercopithecus_pogonias	5.46	3.58	0.261408014113805
Cercopithecidae	CONTROL	Colobus_polykomos	Allochrocebus_lhoesti	9.1	5.5	0.261200195981728
Cercopithecidae	CONTROL	Papio_hamadryas	Pygathrix_cinerea	13.4	9.98	0.260720801118068
Cercopithecidae	CONTROL	Semnopithecus_hypoleucos	Trachypithecus_pileatus	13.1	10.93	0.260542131235484
Cercopithecidae	CONTROL	Pygathrix_cinerea	Allochrocebus_solatus	9.98	6.35	0.260371380136245
Cercopithecidae	CONTROL	Pygathrix_nigripes	Allochrocebus_solatus	9.88	6.35	0.260361019151882
Cercopithecidae	CONTROL	Pygathrix_cinerea	Trachypithecus_laotum	9.98	7	0.260291567908078
Cercopithecidae	CONTROL	Trachypithecus_germaini	Trachypithecus_laotum	8.83	7	0.259736495221475
Cercopithecidae	CONTROL	Trachypithecus_phayrei	Macaca_fascicularis	7.44	4.03	0.259730490973782
Cercopithecidae	CONTROL	Trachypithecus_francoisi	Cercopithecus_mona	7.52	4.05	0.2596172440858
Cercopithecidae	CONTROL	Allochrocebus_solatus	Cercopithecus_mona	6.35	4.05	0.259304772602875
Cercopithecidae	CONTROL	Colobus_guereza	Presbytis_mitrata	8.89	5.8	0.258523620383978
Cercopithecidae	CONTROL	Trachypithecus_obscurus	Cercopithecus_pogonias	6.99	3.58	0.258422883542166
Cercopithecidae	CONTROL	Macaca_tonkeana	Trachypithecus_leucocephalus	11.95	8.285	0.258372198591496
Cercopithecidae	CONTROL	Piliocolobus_gordonorum	Cercopithecus_pogonias	7.05	3.58	0.257993516349316
Cercopithecidae	CONTROL	Pygathrix_nemaeus	Macaca_siberu	9.72	6.165	0.257045229143554
Cercopithecidae	CONTROL	Trachypithecus_germaini	Macaca_cyclopis	8.83	5.47	0.256933062754702
Cercopithecidae	CONTROL	Allochrocebus_solatus	Chlorocebus_pygerythrus	6.35	4.665	0.256725672970345
Cercopithecidae	CONTROL	Piliocolobus_tephrosceles	Allochrocebus_lhoesti	8.75	5.5	0.256724263041867
Cercopithecidae	CONTROL	Trachypithecus_pileatus	Trachypithecus_germaini	10.93	8.83	0.256575414517629
Cercopithecidae	CONTROL	Macaca_arctoides	Trachypithecus_obscurus	10.3	6.99	0.256019525997043
Cercopithecidae	CONTROL	Piliocolobus_kirkii	Cercopithecus_petaurista	6.9	3.65	0.255930085202623
Cercopithecidae	CONTROL	Colobus_polykomos	Cercopithecus_neglectus	9.1	5.74	0.255915162165947
Cercopithecidae	CONTROL	Presbytis_comata	Cercopithecus_cephus	6.7	3.48	0.255914736093097
Cercopithecidae	CONTROL	Piliocolobus_gordonorum	Cercopithecus_petaurista	7.05	3.65	0.255715680273345
Cercopithecidae	CONTROL	Cercocebus_torquatus	Macaca_radiata	7.5	5.14	0.25559818946309
Cercopithecidae	CONTROL	Macaca_siberu	Cercopithecus_pogonias	6.165	3.58	0.254723546123187
Cercopithecidae	CONTROL	Allochrocebus_lhoesti	Cercopithecus_ascanius	5.5	3.24	0.254567795923726
Cercopithecidae	CONTROL	Macaca_leonina	Cercopithecus_lowei	6.7	3.9	0.254551938256575
Cercopithecidae	CONTROL	Pygathrix_nemaeus	Trachypithecus_obscurus	9.72	6.99	0.254512018687872
Cercopithecidae	CONTROL	Macaca_arctoides	Semnopithecus_vetulus	10.3	7.03	0.254410227383538
Cercopithecidae	CONTROL	Macaca_nigra	Cercopithecus_mitis	7.68	4.89	0.254037565017071
Cercopithecidae	CONTROL	Trachypithecus_germaini	Semnopithecus_vetulus	8.83	7.03	0.253979047652275
Cercopithecidae	CONTROL	Macaca_cyclopis	Macaca_fascicularis	5.47	4.03	0.253962753487631
Cercopithecidae	CONTROL	Macaca_silenus	Cercopithecus_roloway	7.5	4.55	0.253449495856449
Cercopithecidae	CONTROL	Piliocolobus_tephrosceles	Cercopithecus_nictitans	8.75	5.46	0.253380603259864
Cercopithecidae	CONTROL	Trachypithecus_crepusculus	Cercopithecus_ascanius	6.65	3.24	0.252603790565887
Cercopithecidae	CONTROL	Allenopithecus_nigroviridis	Cercopithecus_cephus	5.3	3.48	0.252450973569002
Cercopithecidae	CONTROL	Pygathrix_cinerea	Trachypithecus_hatinhensis	9.98	7.275	0.252229381032647
Cercopithecidae	CONTROL	Trachypithecus_germaini	Cercopithecus_nictitans	8.83	5.46	0.251277000890127
Cercopithecidae	CONTROL	Macaca_siberu	Cercopithecus_cephus	6.165	3.48	0.251019466331014
Cercopithecidae	CONTROL	Macaca_nemestrina	Allochrocebus_solatus	8.89	6.35	0.250856539930339
Cercopithecidae	CONTROL	Macaca_siberu	Cercopithecus_petaurista	6.165	3.65	0.250797264118686
Cercopithecidae	CONTROL	Trachypithecus_obscurus	Cercopithecus_petaurista	6.99	3.65	0.250784586107638
Cercopithecidae	CONTROL	Macaca_arctoides	Piliocolobus_kirkii	10.3	6.9	0.250566212629428
Cercopithecidae	CONTROL	Macaca_tonkeana	Macaca_arctoides	11.95	10.3	0.250102915106993
Cercopithecidae	CONTROL	Rhinopithecus_bieti	Erythrocebus_patas	12.48	9.45	0.249716901535594
Cercopithecidae	CONTROL	Colobus_guereza	Macaca_cyclopis	8.89	5.47	0.249713940839054
Cercopithecidae	CONTROL	Trachypithecus_pileatus	Cercocebus_torquatus	10.93	7.5	0.249665762135708
Cercopithecidae	CONTROL	Piliocolobus_tephrosceles	Presbytis_mitrata	8.75	5.8	0.249542493026638
Cercopithecidae	CONTROL	Macaca_arctoides	Trachypithecus_laotum	10.3	7	0.249464782636499
Cercopithecidae	CONTROL	Semnopithecus_entellus	Macaca_maura	11.44	7.88	0.249288570584619
Cercopithecidae	CONTROL	Pygathrix_cinerea	Piliocolobus_kirkii	9.98	6.9	0.24921126058411
Cercopithecidae	CONTROL	Cercocebus_chrysogaster	Macaca_silenus	9.75	7.5	0.249068695579285
Cercopithecidae	CONTROL	Macaca_leonina	Cercopithecus_mona	6.7	4.05	0.248891198540116
Cercopithecidae	CONTROL	Lophocebus_aterrimus	Cercopithecus_diana	6.8	4.5	0.2486410809199
Cercopithecidae	CONTROL	Trachypithecus_laotum	Cercopithecus_petaurista	7	3.65	0.248612731151043
Cercopithecidae	CONTROL	Trachypithecus_pileatus	Macaca_silenus	10.93	7.5	0.24852581367608
Cercopithecidae	CONTROL	Trachypithecus_phayrei	Cercopithecus_mona	7.44	4.05	0.248340145423679
Cercopithecidae	CONTROL	Trachypithecus_laotum	Cercopithecus_pogonias	7	3.58	0.248258824186796
Cercopithecidae	CONTROL	Colobus_angolensis	Cercopithecus_nictitans	8.6	5.46	0.247980713343074
Cercopithecidae	CONTROL	Trachypithecus_pileatus	Macaca_nigra	10.93	7.68	0.247620476895341
Cercopithecidae	CONTROL	Pygathrix_cinerea	Lophocebus_aterrimus	9.98	6.8	0.247424784958663
Cercopithecidae	CONTROL	Semnopithecus_vetulus	Macaca_fascicularis	7.03	4.03	0.247116210275575
Cercopithecidae	CONTROL	Trachypithecus_crepusculus	Cercopithecus_cephus	6.65	3.48	0.246707119190318
Cercopithecidae	CONTROL	Erythrocebus_patas	Trachypithecus_cristatus	9.45	6.25	0.246648184156367
Cercopithecidae	CONTROL	Cercopithecus_nictitans	Cercopithecus_lowei	5.46	3.9	0.24653831158871
Cercopithecidae	CONTROL	Pygathrix_nigripes	Lophocebus_aterrimus	9.88	6.8	0.246535678780698
Cercopithecidae	CONTROL	Pygathrix_nemaeus	Allochrocebus_solatus	9.72	6.35	0.246501063251562
Cercopithecidae	CONTROL	Semnopithecus_johnii	Piliocolobus_tephrosceles	11.6	8.75	0.246243050613889
Cercopithecidae	CONTROL	Trachypithecus_germaini	Cercopithecus_neglectus	8.83	5.74	0.246237317032992
Cercopithecidae	CONTROL	Macaca_arctoides	Piliocolobus_gordonorum	10.3	7.05	0.246211248004222
Cercopithecidae	CONTROL	Semnopithecus_vetulus	Cercopithecus_mona	7.03	4.05	0.246205298809873
Cercopithecidae	CONTROL	Macaca_fuscata	Trachypithecus_cristatus	9.5	6.25	0.246048773836882
Cercopithecidae	CONTROL	Presbytis_comata	Cercopithecus_petaurista	6.7	3.65	0.245682108051752
Cercopithecidae	CONTROL	Trachypithecus_germaini	Allochrocebus_lhoesti	8.83	5.5	0.245295556379144
Cercopithecidae	CONTROL	Macaca_arctoides	Macaca_assamensis	10.3	9	0.244954307543287
Cercopithecidae	CONTROL	Trachypithecus_leucocephalus	Cercopithecus_mitis	8.285	4.89	0.2445405934029
Cercopithecidae	CONTROL	Semnopithecus_entellus	Colobus_angolensis	11.44	8.6	0.244007966696184
Cercopithecidae	CONTROL	Macaca_thibetana	Papio_hamadryas	15.55	13.4	0.243702177877106
Cercopithecidae	CONTROL	Trachypithecus_leucocephalus	Allenopithecus_nigroviridis	8.285	5.3	0.242916897660854
Cercopithecidae	CONTROL	Piliocolobus_tephrosceles	Macaca_cyclopis	8.75	5.47	0.242685221282855
Cercopithecidae	CONTROL	Allenopithecus_nigroviridis	Cercopithecus_pogonias	5.3	3.58	0.242317801698273
Cercopithecidae	CONTROL	Semnopithecus_schistaceus	Rhinopithecus_roxellana	17	14.75	0.242008153859475
Cercopithecidae	CONTROL	Macaca_tonkeana	Cercocebus_chrysogaster	11.95	9.75	0.241627682553562
Cercopithecidae	CONTROL	Lophocebus_aterrimus	Chlorocebus_pygerythrus	6.8	4.665	0.241564529242973
Cercopithecidae	CONTROL	Papio_hamadryas	Trachypithecus_geei	13.4	10.15	0.241452710745684
Cercopithecidae	CONTROL	Papio_kindae	Pygathrix_nigripes	13	9.88	0.240615345314972
Cercopithecidae	CONTROL	Macaca_fuscata	Cercocebus_lunulatus	9.5	7.28	0.240306119055585
Cercopithecidae	CONTROL	Cercocebus_torquatus	Allenopithecus_nigroviridis	7.5	5.3	0.240282650328797
Cercopithecidae	CONTROL	Macaca_fuscata	Macaca_maura	9.5	7.88	0.240256515909928
Cercopithecidae	CONTROL	Colobus_guereza	Cercopithecus_neglectus	8.89	5.74	0.240071754896643
Cercopithecidae	CONTROL	Macaca_assamensis	Presbytis_mitrata	9	5.8	0.239681572677339
Cercopithecidae	CONTROL	Cercocebus_chrysogaster	Trachypithecus_crepusculus	9.75	6.65	0.239656616491917
Cercopithecidae	CONTROL	Macaca_tonkeana	Colobus_guereza	11.95	8.89	0.239624597888926
Cercopithecidae	CONTROL	Pygathrix_nigripes	Piliocolobus_kirkii	9.88	6.9	0.239196172166732
Cercopithecidae	CONTROL	Macaca_silenus	Allenopithecus_nigroviridis	7.5	5.3	0.239190899443349
Cercopithecidae	CONTROL	Papio_kindae	Pygathrix_nemaeus	13	9.72	0.239143430318151
Cercopithecidae	CONTROL	Macaca_nigra	Macaca_mulatta	7.68	5.96	0.239113983392293
Cercopithecidae	CONTROL	Piliocolobus_kirkii	Cercopithecus_lowei	6.9	3.9	0.238995774406268
Cercopithecidae	CONTROL	Trachypithecus_geei	Lophocebus_aterrimus	10.15	6.8	0.238777297096554
Cercopithecidae	CONTROL	Macaca_tonkeana	Trachypithecus_germaini	11.95	8.83	0.23859502228338
Cercopithecidae	CONTROL	Rhinopithecus_bieti	Macaca_fuscata	12.48	9.5	0.238496635580453
Cercopithecidae	CONTROL	Trachypithecus_obscurus	Macaca_fascicularis	6.99	4.03	0.238391465113724
Cercopithecidae	CONTROL	Piliocolobus_badius	Macaca_radiata	8.25	5.14	0.238389002255692
Cercopithecidae	CONTROL	Lophocebus_aterrimus	Allochrocebus_preussi	6.8	4.525	0.23825106434805
Cercopithecidae	CONTROL	Trachypithecus_hatinhensis	Cercopithecus_mona	7.275	4.05	0.237740327866475
Cercopithecidae	CONTROL	Pygathrix_cinerea	Trachypithecus_phayrei	9.98	7.44	0.237700663921501
Cercopithecidae	CONTROL	Presbytis_comata	Cercopithecus_pogonias	6.7	3.58	0.237613010264295
Cercopithecidae	CONTROL	Macaca_mulatta	Cercopithecus_cephus	5.96	3.48	0.237404445876154
Cercopithecidae	CONTROL	Papio_kindae	Pygathrix_cinerea	13	9.98	0.237330474910866
Cercopithecidae	CONTROL	Piliocolobus_gordonorum	Cercopithecus_mona	7.05	4.05	0.237146663130815
Cercopithecidae	CONTROL	Colobus_guereza	Allochrocebus_lhoesti	8.89	5.5	0.23699077961167
Cercopithecidae	CONTROL	Macaca_tonkeana	Erythrocebus_patas	11.95	9.45	0.236943720988856
Cercopithecidae	CONTROL	Piliocolobus_kirkii	Cercopithecus_mona	6.9	4.05	0.236674920457401
Cercopithecidae	CONTROL	Pygathrix_nigripes	Macaca_leonina	9.88	6.7	0.236664463302682
Cercopithecidae	CONTROL	Lophocebus_aterrimus	Cercopithecus_roloway	6.8	4.55	0.236610503678071
Cercopithecidae	CONTROL	Colobus_angolensis	Presbytis_mitrata	8.6	5.8	0.23565805758879
Cercopithecidae	CONTROL	Piliocolobus_tephrosceles	Cercopithecus_neglectus	8.75	5.74	0.23560704901511
Cercopithecidae	CONTROL	Pygathrix_nemaeus	Trachypithecus_laotum	9.72	7	0.235540021552946
Cercopithecidae	CONTROL	Trachypithecus_hatinhensis	Macaca_fascicularis	7.275	4.03	0.235274000357294
Cercopithecidae	CONTROL	Nasalis_larvatus	Papio_kindae	15.75	13	0.235174796755949
Cercopithecidae	CONTROL	Colobus_angolensis	Macaca_cyclopis	8.6	5.47	0.235148495171618
Cercopithecidae	CONTROL	Cercopithecus_mitis	Cercopithecus_cephus	4.89	3.48	0.23506432596652
Cercopithecidae	CONTROL	Cercocebus_torquatus	Cercopithecus_mitis	7.5	4.89	0.23497062574177
Cercopithecidae	CONTROL	Piliocolobus_gordonorum	Cercopithecus_lowei	7.05	3.9	0.234716094880294
Cercopithecidae	CONTROL	Cercocebus_chrysogaster	Presbytis_comata	9.75	6.7	0.234531611699056
Cercopithecidae	CONTROL	Semnopithecus_vetulus	Cercopithecus_hamlyni	7.03	4.43	0.233756417472516
Cercopithecidae	CONTROL	Pygathrix_cinerea	Macaca_leonina	9.98	6.7	0.233695143384918
Cercopithecidae	CONTROL	Pygathrix_cinerea	Piliocolobus_gordonorum	9.98	7.05	0.233498797089187
Cercopithecidae	CONTROL	Colobus_polykomos	Trachypithecus_cristatus	9.1	6.25	0.232874026473045
Cercopithecidae	CONTROL	Pygathrix_nigripes	Trachypithecus_phayrei	9.88	7.44	0.23281382881325
Cercopithecidae	CONTROL	Macaca_silenus	Macaca_siberu	7.5	6.165	0.232555836499446
Cercopithecidae	CONTROL	Theropithecus_gelada	Rhinopithecus_bieti	15.35	12.48	0.232128353958503
Cercopithecidae	CONTROL	Trachypithecus_pileatus	Piliocolobus_badius	10.93	8.25	0.231899122187856
Cercopithecidae	CONTROL	Piliocolobus_gordonorum	Macaca_fascicularis	7.05	4.03	0.231885708574665
Cercopithecidae	CONTROL	Pygathrix_nigripes	Trachypithecus_francoisi	9.88	7.52	0.231483563533043
Cercopithecidae	CONTROL	Semnopithecus_johnii	Colobus_guereza	11.6	8.89	0.231443824155836
Cercopithecidae	CONTROL	Allochrocebus_solatus	Cercopithecus_hamlyni	6.35	4.43	0.231435582826338
Cercopithecidae	CONTROL	Macaca_nigra	Macaca_siberu	7.68	6.165	0.2313723831922
Cercopithecidae	CONTROL	Colobus_angolensis	Allochrocebus_lhoesti	8.6	5.5	0.231132814731257
Cercopithecidae	CONTROL	Trachypithecus_obscurus	Cercopithecus_lowei	6.99	3.9	0.230768117118908
Cercopithecidae	CONTROL	Trachypithecus_francoisi	Chlorocebus_pygerythrus	7.52	4.665	0.230763554786485
Cercopithecidae	CONTROL	Cercocebus_lunulatus	Macaca_radiata	7.28	5.14	0.23069120108626
Cercopithecidae	CONTROL	Trachypithecus_germaini	Trachypithecus_hatinhensis	8.83	7.275	0.230448574845476
Cercopithecidae	CONTROL	Colobus_angolensis	Cercopithecus_neglectus	8.6	5.74	0.230195363715577
Cercopithecidae	CONTROL	Cercopithecus_neglectus	Cercopithecus_hamlyni	5.74	4.43	0.229696161707651
Cercopithecidae	CONTROL	Macaca_assamensis	Macaca_silenus	9	7.5	0.229451855128133
Cercopithecidae	CONTROL	Trachypithecus_leucocephalus	Macaca_radiata	8.285	5.14	0.229043083645219
Cercopithecidae	CONTROL	Piliocolobus_kirkii	Macaca_fascicularis	6.9	4.03	0.228788382030271
Cercopithecidae	CONTROL	Pygathrix_nigripes	Trachypithecus_hatinhensis	9.88	7.275	0.228516795464915
Cercopithecidae	CONTROL	Cercocebus_chrysogaster	Piliocolobus_kirkii	9.75	6.9	0.228460351623629
Cercopithecidae	CONTROL	Macaca_nemestrina	Lophocebus_aterrimus	8.89	6.8	0.22820464443636
Cercopithecidae	CONTROL	Trachypithecus_cristatus	Cercopithecus_ascanius	6.25	3.24	0.228141161594197
Cercopithecidae	CONTROL	Papio_papio	Macaca_thibetana	17.5	15.55	0.228064577151514
Cercopithecidae	CONTROL	Colobus_polykomos	Macaca_mulatta	9.1	5.96	0.228046227875339
Cercopithecidae	CONTROL	Trachypithecus_francoisi	Cercopithecus_hamlyni	7.52	4.43	0.227937346884973
Cercopithecidae	CONTROL	Trachypithecus_laotum	Cercopithecus_lowei	7	3.9	0.227897829849888
Cercopithecidae	CONTROL	Macaca_silenus	Cercopithecus_mitis	7.5	4.89	0.227636901565188
Cercopithecidae	CONTROL	Papio_ursinus	Mandrillus_leucophaeus	22.3	20.375	0.227554133240511
Cercopithecidae	CONTROL	Allenopithecus_nigroviridis	Cercopithecus_petaurista	5.3	3.65	0.226717381391178
Cercopithecidae	CONTROL	Macaca_tonkeana	Piliocolobus_tephrosceles	11.95	8.75	0.226313871233417
Cercopithecidae	CONTROL	Trachypithecus_phayrei	Cercopithecus_hamlyni	7.44	4.43	0.226290892480732
Cercopithecidae	CONTROL	Trachypithecus_phayrei	Cercopithecus_diana	7.44	4.5	0.226264321385169
Cercopithecidae	CONTROL	Pygathrix_nemaeus	Piliocolobus_kirkii	9.72	6.9	0.226149263474246
Cercopithecidae	CONTROL	Trachypithecus_leucocephalus	Presbytis_mitrata	8.285	5.8	0.226126120051136
Cercopithecidae	CONTROL	Pygathrix_nemaeus	Lophocebus_aterrimus	9.72	6.8	0.22556503494633
Cercopithecidae	CONTROL	Allochrocebus_solatus	Macaca_fascicularis	6.35	4.03	0.225245402465231
Cercopithecidae	CONTROL	Macaca_leonina	Cercopithecus_hamlyni	6.7	4.43	0.225006628487918
Cercopithecidae	CONTROL	Trachypithecus_leucocephalus	Trachypithecus_crepusculus	8.285	6.65	0.22496298947848
Cercopithecidae	CONTROL	Macaca_thibetana	Rhinopithecus_bieti	15.55	12.48	0.224794943515894
Cercopithecidae	CONTROL	Macaca_nemestrina	Macaca_silenus	8.89	7.5	0.22433773499698
Cercopithecidae	CONTROL	Trachypithecus_laotum	Macaca_fascicularis	7	4.03	0.22419457190784
Cercopithecidae	CONTROL	Trachypithecus_laotum	Cercopithecus_mona	7	4.05	0.224158517143311
Cercopithecidae	CONTROL	Trachypithecus_obscurus	Cercopithecus_mona	6.99	4.05	0.223742320546932
Cercopithecidae	CONTROL	Piliocolobus_badius	Allochrocebus_lhoesti	8.25	5.5	0.223625768911433
Cercopithecidae	CONTROL	Cercocebus_chrysogaster	Semnopithecus_vetulus	9.75	7.03	0.223467693311523
Cercopithecidae	CONTROL	Trachypithecus_crepusculus	Cercopithecus_petaurista	6.65	3.65	0.223112072854867
Cercopithecidae	CONTROL	Pygathrix_nemaeus	Macaca_leonina	9.72	6.7	0.222966758432072
Cercopithecidae	CONTROL	Semnopithecus_johnii	Colobus_polykomos	11.6	9.1	0.2225831695605
Cercopithecidae	CONTROL	Macaca_nemestrina	Presbytis_mitrata	8.89	5.8	0.22256000354671
Cercopithecidae	CONTROL	Colobus_guereza	Trachypithecus_cristatus	8.89	6.25	0.222416701161853
Cercopithecidae	CONTROL	Trachypithecus_francoisi	Cercopithecus_roloway	7.52	4.55	0.222111271273727
Cercopithecidae	CONTROL	Semnopithecus_hypoleucos	Macaca_arctoides	13.1	10.3	0.222040090216068
Cercopithecidae	CONTROL	Semnopithecus_entellus	Piliocolobus_tephrosceles	11.44	8.75	0.221692310587271
Cercopithecidae	CONTROL	Macaca_fuscata	Cercocebus_torquatus	9.5	7.5	0.221644174360333
Cercopithecidae	CONTROL	Macaca_mulatta	Cercopithecus_pogonias	5.96	3.58	0.221604330850479
Cercopithecidae	CONTROL	Pygathrix_nigripes	Piliocolobus_gordonorum	9.88	7.05	0.221518499256842
Cercopithecidae	CONTROL	Piliocolobus_badius	Cercopithecus_neglectus	8.25	5.74	0.221226153992628
Cercopithecidae	CONTROL	Macaca_leonina	Macaca_radiata	6.7	5.14	0.221110803657269
Cercopithecidae	CONTROL	Trachypithecus_geei	Cercocebus_lunulatus	10.15	7.28	0.220937992830575
Cercopithecidae	CONTROL	Piliocolobus_badius	Presbytis_mitrata	8.25	5.8	0.220913101176782
Cercopithecidae	CONTROL	Pygathrix_cinerea	Trachypithecus_francoisi	9.98	7.52	0.220720404235254
Cercopithecidae	CONTROL	Cercopithecus_mitis	Cercopithecus_petaurista	4.89	3.65	0.22063720778803
Cercopithecidae	CONTROL	Rhinopithecus_roxellana	Macaca_tonkeana	14.75	11.95	0.22061481402338
Cercopithecidae	CONTROL	Papio_kindae	Trachypithecus_geei	13	10.15	0.220427494757162
Cercopithecidae	CONTROL	Cercocebus_chrysogaster	Macaca_nigra	9.75	7.68	0.220321538888193
Cercopithecidae	CONTROL	Macaca_arctoides	Trachypithecus_hatinhensis	10.3	7.275	0.219906427092828
Cercopithecidae	CONTROL	Trachypithecus_germaini	Trachypithecus_phayrei	8.83	7.44	0.219680155415675
Cercopithecidae	CONTROL	Presbytis_comata	Cercopithecus_mona	6.7	4.05	0.219656980894058
Cercopithecidae	CONTROL	Trachypithecus_francoisi	Cercopithecus_diana	7.52	4.5	0.219486690867981
Cercopithecidae	CONTROL	Trachypithecus_geei	Trachypithecus_leucocephalus	10.15	8.285	0.219327630757268
Cercopithecidae	CONTROL	Erythrocebus_patas	Cercocebus_lunulatus	9.45	7.28	0.219012081054592
Cercopithecidae	CONTROL	Semnopithecus_entellus	Colobus_polykomos	11.44	9.1	0.218913597348498
Cercopithecidae	CONTROL	Cercocebus_lunulatus	Cercopithecus_mitis	7.28	4.89	0.218787965693536
Cercopithecidae	CONTROL	Macaca_silenus	Macaca_mulatta	7.5	5.96	0.218288795426042
Cercopithecidae	CONTROL	Piliocolobus_badius	Piliocolobus_kirkii	8.25	6.9	0.21789843484449
Cercopithecidae	CONTROL	Trachypithecus_crepusculus	Cercopithecus_pogonias	6.65	3.58	0.217640218954393
Cercopithecidae	CONTROL	Trachypithecus_pileatus	Macaca_maura	10.93	7.88	0.217598338726314
Cercopithecidae	CONTROL	Rhinopithecus_bieti	Cercocebus_chrysogaster	12.48	9.75	0.217547357918275
Cercopithecidae	CONTROL	Pygathrix_nemaeus	Trachypithecus_hatinhensis	9.72	7.275	0.21705694530896
Cercopithecidae	CONTROL	Semnopithecus_entellus	Colobus_guereza	11.44	8.89	0.216997014364933
Cercopithecidae	CONTROL	Cercocebus_torquatus	Macaca_cyclopis	7.5	5.47	0.21686621191981
Cercopithecidae	CONTROL	Macaca_fuscata	Piliocolobus_kirkii	9.5	6.9	0.21679511358651
Cercopithecidae	CONTROL	Trachypithecus_phayrei	Cercopithecus_roloway	7.44	4.55	0.216632568716392
Cercopithecidae	CONTROL	Erythrocebus_patas	Semnopithecus_vetulus	9.45	7.03	0.216405526978721
Cercopithecidae	CONTROL	Macaca_maura	Allochrocebus_lhoesti	7.88	5.5	0.215847991305888
Cercopithecidae	CONTROL	Colobus_guereza	Macaca_siberu	8.89	6.165	0.215409791930351
Cercopithecidae	CONTROL	Cercocebus_chrysogaster	Trachypithecus_obscurus	9.75	6.99	0.214923728905587
Cercopithecidae	CONTROL	Macaca_mulatta	Cercopithecus_petaurista	5.96	3.65	0.214903101858985
Cercopithecidae	CONTROL	Colobus_polykomos	Allochrocebus_solatus	9.1	6.35	0.214780349396652
Cercopithecidae	CONTROL	Macaca_fuscata	Trachypithecus_crepusculus	9.5	6.65	0.214561365379438
Cercopithecidae	CONTROL	Erythrocebus_patas	Trachypithecus_crepusculus	9.45	6.65	0.213784291202271
Cercopithecidae	CONTROL	Erythrocebus_patas	Presbytis_comata	9.45	6.7	0.213574494064745
Cercopithecidae	CONTROL	Allochrocebus_lhoesti	Cercopithecus_cephus	5.5	3.48	0.213392523254764
Cercopithecidae	CONTROL	Trachypithecus_phayrei	Allochrocebus_preussi	7.44	4.525	0.213366108472103
Cercopithecidae	CONTROL	Semnopithecus_vetulus	Cercopithecus_roloway	7.03	4.55	0.213303459341288
Cercopithecidae	CONTROL	Colobus_polykomos	Macaca_siberu	9.1	6.165	0.213138072156993
Cercopithecidae	CONTROL	Trachypithecus_cristatus	Cercopithecus_cephus	6.25	3.48	0.212719520659541
Cercopithecidae	CONTROL	Pygathrix_nemaeus	Piliocolobus_gordonorum	9.72	7.05	0.212660815967946
Cercopithecidae	CONTROL	Piliocolobus_badius	Cercopithecus_nictitans	8.25	5.46	0.212645010545665
Cercopithecidae	CONTROL	Cercocebus_lunulatus	Allenopithecus_nigroviridis	7.28	5.3	0.212522896688848
Cercopithecidae	CONTROL	Nasalis_larvatus	Papio_hamadryas	15.75	13.4	0.21195163300131
Cercopithecidae	CONTROL	Macaca_tonkeana	Colobus_polykomos	11.95	9.1	0.211866321572441
Cercopithecidae	CONTROL	Macaca_cyclopis	Cercopithecus_ascanius	5.47	3.24	0.211571749582258
Cercopithecidae	CONTROL	Colobus_guereza	Macaca_mulatta	8.89	5.96	0.211453814151674
Cercopithecidae	CONTROL	Macaca_arctoides	Macaca_nemestrina	10.3	8.89	0.211414745483624
Cercopithecidae	CONTROL	Colobus_polykomos	Presbytis_comata	9.1	6.7	0.211346701322291
Cercopithecidae	CONTROL	Colobus_polykomos	Trachypithecus_crepusculus	9.1	6.65	0.21117469590942
Cercopithecidae	CONTROL	Trachypithecus_hatinhensis	Cercopithecus_hamlyni	7.275	4.43	0.211045353774061
Cercopithecidae	CONTROL	Trachypithecus_germaini	Macaca_mulatta	8.83	5.96	0.210940666428292
Cercopithecidae	CONTROL	Semnopithecus_johnii	Macaca_assamensis	11.6	9	0.210866897334964
Cercopithecidae	CONTROL	Rhinopithecus_bieti	Trachypithecus_geei	12.48	10.15	0.210853205533414
Cercopithecidae	CONTROL	Macaca_arctoides	Trachypithecus_phayrei	10.3	7.44	0.210485497897695
Cercopithecidae	CONTROL	Macaca_leonina	Cercopithecus_diana	6.7	4.5	0.210125309002394
Cercopithecidae	CONTROL	Macaca_fuscata	Presbytis_comata	9.5	6.7	0.209288694102124
Cercopithecidae	CONTROL	Trachypithecus_francoisi	Allochrocebus_preussi	7.52	4.525	0.209161399819528
Cercopithecidae	CONTROL	Trachypithecus_leucocephalus	Cercopithecus_nictitans	8.285	5.46	0.208757876218984
Cercopithecidae	CONTROL	Macaca_assamensis	Macaca_nigra	9	7.68	0.208460052651023
Cercopithecidae	CONTROL	Trachypithecus_germaini	Presbytis_comata	8.83	6.7	0.208357090170342
Cercopithecidae	CONTROL	Cercocebus_chrysogaster	Trachypithecus_laotum	9.75	7	0.207971062700901
Cercopithecidae	CONTROL	Trachypithecus_geei	Cercocebus_torquatus	10.15	7.5	0.207905944450582
Cercopithecidae	CONTROL	Macaca_maura	Cercopithecus_nictitans	7.88	5.46	0.207875830520506
Cercopithecidae	CONTROL	Semnopithecus_johnii	Macaca_nemestrina	11.6	8.89	0.207374723212948
Cercopithecidae	CONTROL	Piliocolobus_badius	Macaca_cyclopis	8.25	5.47	0.207311851825357
Cercopithecidae	CONTROL	Pygathrix_nemaeus	Trachypithecus_phayrei	9.72	7.44	0.207294894622953
Cercopithecidae	CONTROL	Presbytis_mitrata	Cercopithecus_ascanius	5.8	3.24	0.207040693282674
Cercopithecidae	CONTROL	Macaca_assamensis	Trachypithecus_cristatus	9	6.25	0.206945856015921
Cercopithecidae	CONTROL	Macaca_siberu	Cercopithecus_mona	6.165	4.05	0.206840598082615
Cercopithecidae	CONTROL	Presbytis_comata	Cercopithecus_lowei	6.7	3.9	0.206808624536798
Cercopithecidae	CONTROL	Trachypithecus_geei	Macaca_silenus	10.15	7.5	0.206194859271853
Cercopithecidae	CONTROL	Macaca_siberu	Cercopithecus_lowei	6.165	3.9	0.206149416323877
Cercopithecidae	CONTROL	Macaca_maura	Cercopithecus_neglectus	7.88	5.74	0.205814765855277
Cercopithecidae	CONTROL	Trachypithecus_hatinhensis	Cercopithecus_diana	7.275	4.5	0.205540612968445
Cercopithecidae	CONTROL	Trachypithecus_leucocephalus	Cercopithecus_neglectus	8.285	5.74	0.205241006693401
Cercopithecidae	CONTROL	Semnopithecus_vetulus	Chlorocebus_pygerythrus	7.03	4.665	0.204837039140744
Cercopithecidae	CONTROL	Cercocebus_chrysogaster	Piliocolobus_gordonorum	9.75	7.05	0.204746053353684
Cercopithecidae	CONTROL	Macaca_nigra	Allochrocebus_lhoesti	7.68	5.5	0.204490537250893
Cercopithecidae	CONTROL	Macaca_nigra	Cercopithecus_neglectus	7.68	5.74	0.204447076890375
Cercopithecidae	CONTROL	Cercocebus_chrysogaster	Macaca_maura	9.75	7.88	0.204360014286147
Cercopithecidae	CONTROL	Trachypithecus_leucocephalus	Macaca_cyclopis	8.285	5.47	0.204136919910277
Cercopithecidae	CONTROL	Trachypithecus_laotum	Cercopithecus_hamlyni	7	4.43	0.203795551325844
Cercopithecidae	CONTROL	Trachypithecus_leucocephalus	Allochrocebus_lhoesti	8.285	5.5	0.203671988019797
Cercopithecidae	CONTROL	Trachypithecus_leucocephalus	Trachypithecus_laotum	8.285	7	0.20340839618258
Cercopithecidae	CONTROL	Cercopithecus_nictitans	Cercopithecus_mona	5.46	4.05	0.203107794154733
Cercopithecidae	CONTROL	Erythrocebus_patas	Piliocolobus_kirkii	9.45	6.9	0.203014335241541
Cercopithecidae	CONTROL	Semnopithecus_vetulus	Cercopithecus_diana	7.03	4.5	0.202874593610623
Cercopithecidae	CONTROL	Allochrocebus_lhoesti	Cercopithecus_pogonias	5.5	3.58	0.202735087380318
Cercopithecidae	CONTROL	Trachypithecus_obscurus	Cercopithecus_hamlyni	6.99	4.43	0.202727834581473
Cercopithecidae	CONTROL	Trachypithecus_cristatus	Cercopithecus_pogonias	6.25	3.58	0.202414675672122
Cercopithecidae	CONTROL	Macaca_arctoides	Trachypithecus_francoisi	10.3	7.52	0.202358988585723
Cercopithecidae	CONTROL	Piliocolobus_tephrosceles	Trachypithecus_cristatus	8.75	6.25	0.201470217471291
Cercopithecidae	CONTROL	Colobus_angolensis	Trachypithecus_cristatus	8.6	6.25	0.201240033906658
Cercopithecidae	CONTROL	Allochrocebus_solatus	Cercopithecus_diana	6.35	4.5	0.201219575146277
Cercopithecidae	CONTROL	Trachypithecus_crepusculus	Cercopithecus_lowei	6.65	3.9	0.200906247325837
Cercopithecidae	CONTROL	Macaca_nemestrina	Macaca_nigra	8.89	7.68	0.2008138039911
Cercopithecidae	CONTROL	Allochrocebus_lhoesti	Cercopithecus_petaurista	5.5	3.65	0.200792481350146
Cercopithecidae	CONTROL	Cercopithecus_neglectus	Cercopithecus_diana	5.74	4.5	0.200616173723034
Cercopithecidae	CONTROL	Trachypithecus_pileatus	Colobus_angolensis	10.93	8.6	0.200414623371683
Cercopithecidae	CONTROL	Erythrocebus_patas	Trachypithecus_laotum	9.45	7	0.200211972474533
Cercopithecidae	CONTROL	Papio_papio	Rhinopithecus_roxellana	17.5	14.75	0.20020104643493
Cercopithecidae	CONTROL	Trachypithecus_phayrei	Chlorocebus_pygerythrus	7.44	4.665	0.20015256202076
Cercopithecidae	CONTROL	Piliocolobus_gordonorum	Cercopithecus_hamlyni	7.05	4.43	0.199975534758235
Cercopithecidae	CONTROL	Piliocolobus_tephrosceles	Macaca_siberu	8.75	6.165	0.199850609331069
Cercopithecidae	CONTROL	Semnopithecus_entellus	Macaca_nemestrina	11.44	8.89	0.19960327591433
Cercopithecidae	CONTROL	Macaca_leonina	Chlorocebus_pygerythrus	6.7	4.665	0.199387285232305
Cercopithecidae	CONTROL	Trachypithecus_hatinhensis	Chlorocebus_pygerythrus	7.275	4.665	0.199326399145029
Cercopithecidae	CONTROL	Trachypithecus_hatinhensis	Cercopithecus_roloway	7.275	4.55	0.199304484875304
Cercopithecidae	CONTROL	Macaca_fuscata	Trachypithecus_obscurus	9.5	6.99	0.199043380713221
Cercopithecidae	CONTROL	Lophocebus_aterrimus	Cercopithecus_mitis	6.8	4.89	0.198998004312887
Cercopithecidae	CONTROL	Macaca_leonina	Allochrocebus_preussi	6.7	4.525	0.198524969480496
Cercopithecidae	CONTROL	Trachypithecus_cristatus	Cercopithecus_petaurista	6.25	3.65	0.198416973510308
Cercopithecidae	CONTROL	Macaca_fuscata	Semnopithecus_vetulus	9.5	7.03	0.198149617377307
Cercopithecidae	CONTROL	Macaca_nemestrina	Trachypithecus_cristatus	8.89	6.25	0.197743873654904
Cercopithecidae	CONTROL	Piliocolobus_tephrosceles	Macaca_mulatta	8.75	5.96	0.197623258635962
Cercopithecidae	CONTROL	Pygathrix_cinerea	Cercocebus_lunulatus	9.98	7.28	0.197618923781473
Cercopithecidae	CONTROL	Cercopithecus_mitis	Cercopithecus_pogonias	4.89	3.58	0.19761458443349
Cercopithecidae	CONTROL	Pygathrix_nigripes	Cercocebus_lunulatus	9.88	7.28	0.197386046623977
Cercopithecidae	CONTROL	Cercopithecus_roloway	Cercopithecus_ascanius	4.55	3.24	0.197048582401074
Cercopithecidae	CONTROL	Trachypithecus_laotum	Cercopithecus_diana	7	4.5	0.197034595179743
Cercopithecidae	CONTROL	Presbytis_comata	Macaca_fascicularis	6.7	4.03	0.196986903183681
Cercopithecidae	CONTROL	Trachypithecus_crepusculus	Macaca_fascicularis	6.65	4.03	0.196197530890913
Cercopithecidae	CONTROL	Pygathrix_nemaeus	Trachypithecus_francoisi	9.72	7.52	0.195686180006898
Cercopithecidae	CONTROL	Allochrocebus_lhoesti	Allochrocebus_preussi	5.5	4.525	0.19476721774499
Cercopithecidae	CONTROL	Trachypithecus_obscurus	Cercopithecus_diana	6.99	4.5	0.194637807433636
Cercopithecidae	CONTROL	Trachypithecus_crepusculus	Cercopithecus_mona	6.65	4.05	0.194601229994505
Cercopithecidae	CONTROL	Semnopithecus_vetulus	Allochrocebus_preussi	7.03	4.525	0.19457199848196
Cercopithecidae	CONTROL	Macaca_nigra	Cercopithecus_nictitans	7.68	5.46	0.194472830559138
Cercopithecidae	CONTROL	Macaca_radiata	Macaca_fascicularis	5.14	4.03	0.193658618760675
Cercopithecidae	CONTROL	Cercopithecus_diana	Cercopithecus_ascanius	4.5	3.24	0.193597865257668
Cercopithecidae	CONTROL	Papio_anubis	Theropithecus_gelada	16.65	15.35	0.192641120480042
Cercopithecidae	CONTROL	Trachypithecus_obscurus	Cercopithecus_roloway	6.99	4.55	0.192296986581198
Cercopithecidae	CONTROL	Erythrocebus_patas	Macaca_silenus	9.45	7.5	0.191769648717319
Cercopithecidae	CONTROL	Piliocolobus_gordonorum	Cercopithecus_diana	7.05	4.5	0.191493171320244
Cercopithecidae	CONTROL	Cercocebus_lunulatus	Macaca_cyclopis	7.28	5.47	0.191427288649382
Cercopithecidae	CONTROL	Macaca_nemestrina	Cercocebus_lunulatus	8.89	7.28	0.191413428547212
Cercopithecidae	CONTROL	Macaca_radiata	Cercopithecus_ascanius	5.14	3.24	0.191338784191473
Cercopithecidae	CONTROL	Erythrocebus_patas	Trachypithecus_obscurus	9.45	6.99	0.191323915999054
Cercopithecidae	CONTROL	Erythrocebus_patas	Cercocebus_torquatus	9.45	7.5	0.191204368623161
Cercopithecidae	CONTROL	Trachypithecus_germaini	Macaca_siberu	8.83	6.165	0.191200273015381
Cercopithecidae	CONTROL	Colobus_polykomos	Piliocolobus_kirkii	9.1	6.9	0.190829256990024
Cercopithecidae	CONTROL	Macaca_silenus	Allochrocebus_lhoesti	7.5	5.5	0.190826471184244
Cercopithecidae	CONTROL	Lophocebus_aterrimus	Macaca_radiata	6.8	5.14	0.190795630807414
Cercopithecidae	CONTROL	Piliocolobus_tephrosceles	Allochrocebus_solatus	8.75	6.35	0.190586066800376
Cercopithecidae	CONTROL	Piliocolobus_gordonorum	Chlorocebus_pygerythrus	7.05	4.665	0.190515287917622
Cercopithecidae	CONTROL	Macaca_thibetana	Semnopithecus_hypoleucos	15.55	13.1	0.190480047377139
Cercopithecidae	CONTROL	Cercopithecus_hamlyni	Cercopithecus_ascanius	4.43	3.24	0.190203486027009
Cercopithecidae	CONTROL	Presbytis_comata	Cercopithecus_hamlyni	6.7	4.43	0.190093324305952
Cercopithecidae	CONTROL	Trachypithecus_leucocephalus	Trachypithecus_obscurus	8.285	6.99	0.190086188291134
Cercopithecidae	CONTROL	Cercocebus_torquatus	Cercopithecus_nictitans	7.5	5.46	0.190051811806543
Cercopithecidae	CONTROL	Macaca_fuscata	Piliocolobus_gordonorum	9.5	7.05	0.189982358938802
Cercopithecidae	CONTROL	Semnopithecus_entellus	Macaca_assamensis	11.44	9	0.189887256207298
Cercopithecidae	CONTROL	Semnopithecus_johnii	Pygathrix_nemaeus	11.6	9.72	0.189774463985301
Cercopithecidae	CONTROL	Pygathrix_nigripes	Cercocebus_torquatus	9.88	7.5	0.189699796263332
Cercopithecidae	CONTROL	Macaca_assamensis	Trachypithecus_crepusculus	9	6.65	0.189499283727985
Cercopithecidae	CONTROL	Trachypithecus_hatinhensis	Allochrocebus_preussi	7.275	4.525	0.18939825018636
Cercopithecidae	CONTROL	Colobus_angolensis	Macaca_mulatta	8.6	5.96	0.189287560549374
Cercopithecidae	CONTROL	Trachypithecus_laotum	Cercopithecus_roloway	7	4.55	0.189123942043896
Cercopithecidae	CONTROL	Pygathrix_cinerea	Cercocebus_torquatus	9.98	7.5	0.188791167614225
Cercopithecidae	CONTROL	Macaca_cyclopis	Cercopithecus_cephus	5.47	3.48	0.188505955296757
Cercopithecidae	CONTROL	Allenopithecus_nigroviridis	Cercopithecus_lowei	5.3	3.9	0.188421793273398
Cercopithecidae	CONTROL	Erythrocebus_patas	Piliocolobus_gordonorum	9.45	7.05	0.188370528013625
Cercopithecidae	CONTROL	Piliocolobus_gordonorum	Cercopithecus_roloway	7.05	4.55	0.187865762359912
Cercopithecidae	CONTROL	Colobus_polykomos	Lophocebus_aterrimus	9.1	6.8	0.187781863190697
Cercopithecidae	CONTROL	Lophocebus_aterrimus	Allenopithecus_nigroviridis	6.8	5.3	0.187726754938924
Cercopithecidae	CONTROL	Pygathrix_cinerea	Macaca_silenus	9.98	7.5	0.187588356843523
Cercopithecidae	CONTROL	Trachypithecus_phayrei	Cercopithecus_mitis	7.44	4.89	0.187299542997984
Cercopithecidae	CONTROL	Piliocolobus_kirkii	Cercopithecus_hamlyni	6.9	4.43	0.187051831293735
Cercopithecidae	CONTROL	Macaca_assamensis	Cercocebus_lunulatus	9	7.28	0.186813301192676
Cercopithecidae	CONTROL	Cercocebus_torquatus	Allochrocebus_lhoesti	7.5	5.5	0.186561273219617
Cercopithecidae	CONTROL	Colobus_guereza	Allochrocebus_solatus	8.89	6.35	0.186560190096661
Cercopithecidae	CONTROL	Macaca_maura	Macaca_leonina	7.88	6.7	0.185897440502386
Cercopithecidae	CONTROL	Macaca_fuscata	Trachypithecus_laotum	9.5	7	0.185895746668615
Cercopithecidae	CONTROL	Papio_cynocephalus	Macaca_thibetana	17.05	15.55	0.185735745522247
Cercopithecidae	CONTROL	Trachypithecus_obscurus	Allochrocebus_preussi	6.99	4.525	0.185687972114031
Cercopithecidae	CONTROL	Cercocebus_chrysogaster	Trachypithecus_hatinhensis	9.75	7.275	0.185569545614286
Cercopithecidae	CONTROL	Trachypithecus_laotum	Chlorocebus_pygerythrus	7	4.665	0.185460582288262
Cercopithecidae	CONTROL	Trachypithecus_francoisi	Cercopithecus_mitis	7.52	4.89	0.185317473832075
Cercopithecidae	CONTROL	Colobus_guereza	Presbytis_comata	8.89	6.7	0.185227993690659
Cercopithecidae	CONTROL	Theropithecus_gelada	Semnopithecus_hypoleucos	15.35	13.1	0.185086868702566
Cercopithecidae	CONTROL	Papio_cynocephalus	Rhinopithecus_roxellana	17.05	14.75	0.184965815538226
Cercopithecidae	CONTROL	Presbytis_comata	Cercopithecus_diana	6.7	4.5	0.184368252456569
Cercopithecidae	CONTROL	Trachypithecus_cristatus	Cercopithecus_lowei	6.25	3.9	0.184344142147106
Cercopithecidae	CONTROL	Colobus_polykomos	Semnopithecus_vetulus	9.1	7.03	0.184242981450128
Cercopithecidae	CONTROL	Semnopithecus_johnii	Trachypithecus_geei	11.6	10.15	0.184035405391222
Cercopithecidae	CONTROL	Colobus_guereza	Trachypithecus_crepusculus	8.89	6.65	0.183956198573673
Cercopithecidae	CONTROL	Trachypithecus_francoisi	Allenopithecus_nigroviridis	7.52	5.3	0.183860105643111
Cercopithecidae	CONTROL	Piliocolobus_gordonorum	Allochrocebus_preussi	7.05	4.525	0.183341239129556
Cercopithecidae	CONTROL	Colobus_polykomos	Piliocolobus_gordonorum	9.1	7.05	0.183196613045292
Cercopithecidae	CONTROL	Piliocolobus_kirkii	Cercopithecus_diana	6.9	4.5	0.183188921387196
Cercopithecidae	CONTROL	Trachypithecus_germaini	Trachypithecus_francoisi	8.83	7.52	0.183133549525674
Cercopithecidae	CONTROL	Cercopithecus_neglectus	Macaca_fascicularis	5.74	4.03	0.183014431386644
Cercopithecidae	CONTROL	Allochrocebus_solatus	Cercopithecus_roloway	6.35	4.55	0.182981500431956
Cercopithecidae	CONTROL	Macaca_mulatta	Cercopithecus_lowei	5.96	3.9	0.182788360236609
Cercopithecidae	CONTROL	Trachypithecus_geei	Macaca_nigra	10.15	7.68	0.182770743806012
Cercopithecidae	CONTROL	Macaca_silenus	Cercopithecus_nictitans	7.5	5.46	0.182530381673731
Cercopithecidae	CONTROL	Macaca_silenus	Cercopithecus_neglectus	7.5	5.74	0.182332734865705
Cercopithecidae	CONTROL	Papio_hamadryas	Trachypithecus_pileatus	13.4	10.93	0.182196298268457
Cercopithecidae	CONTROL	Colobus_guereza	Piliocolobus_kirkii	8.89	6.9	0.182048294230806
Cercopithecidae	CONTROL	Macaca_leonina	Cercopithecus_roloway	6.7	4.55	0.181852997600228
Cercopithecidae	CONTROL	Piliocolobus_badius	Macaca_mulatta	8.25	5.96	0.181814818274826
Cercopithecidae	CONTROL	Piliocolobus_badius	Trachypithecus_cristatus	8.25	6.25	0.181732552478399
Cercopithecidae	CONTROL	Cercocebus_lunulatus	Allochrocebus_lhoesti	7.28	5.5	0.181522272197065
Cercopithecidae	CONTROL	Colobus_angolensis	Macaca_siberu	8.6	6.165	0.181485041011743
Cercopithecidae	CONTROL	Colobus_polykomos	Macaca_leonina	9.1	6.7	0.181403740086813
Cercopithecidae	CONTROL	Trachypithecus_germaini	Allochrocebus_solatus	8.83	6.35	0.180724729611777
Cercopithecidae	CONTROL	Erythrocebus_patas	Macaca_nigra	9.45	7.68	0.180566350533992
Cercopithecidae	CONTROL	Rhinopithecus_roxellana	Semnopithecus_hypoleucos	14.75	13.1	0.180340328078452
Cercopithecidae	CONTROL	Trachypithecus_pileatus	Piliocolobus_tephrosceles	10.93	8.75	0.180118418163794
Cercopithecidae	CONTROL	Semnopithecus_johnii	Pygathrix_nigripes	11.6	9.88	0.179955486667792
Cercopithecidae	CONTROL	Cercocebus_torquatus	Macaca_mulatta	7.5	5.96	0.179512484458463
Cercopithecidae	CONTROL	Allochrocebus_lhoesti	Cercopithecus_lowei	5.5	3.9	0.179510900125428
Cercopithecidae	CONTROL	Colobus_polykomos	Trachypithecus_obscurus	9.1	6.99	0.179497630350933
Cercopithecidae	CONTROL	Macaca_assamensis	Cercocebus_torquatus	9	7.5	0.17942372378302
Cercopithecidae	CONTROL	Piliocolobus_kirkii	Allochrocebus_preussi	6.9	4.525	0.179166136303873
Cercopithecidae	CONTROL	Presbytis_comata	Cercopithecus_roloway	6.7	4.55	0.179075700481204
Cercopithecidae	CONTROL	Piliocolobus_badius	Piliocolobus_gordonorum	8.25	7.05	0.178516603670775
Cercopithecidae	CONTROL	Presbytis_comata	Presbytis_mitrata	6.7	5.8	0.17830880183709
Cercopithecidae	CONTROL	Cercopithecus_nictitans	Cercopithecus_hamlyni	5.46	4.43	0.178287908237298
Cercopithecidae	CONTROL	Piliocolobus_kirkii	Cercopithecus_roloway	6.9	4.55	0.178157619252576
Cercopithecidae	CONTROL	Colobus_angolensis	Allochrocebus_solatus	8.6	6.35	0.178151809921732
Cercopithecidae	CONTROL	Colobus_angolensis	Trachypithecus_crepusculus	8.6	6.65	0.178028882876433
Cercopithecidae	CONTROL	Macaca_siberu	Cercopithecus_hamlyni	6.165	4.43	0.177531400396778
Cercopithecidae	CONTROL	Chlorocebus_pygerythrus	Cercopithecus_ascanius	4.665	3.24	0.177430631928021
Cercopithecidae	CONTROL	Trachypithecus_obscurus	Chlorocebus_pygerythrus	6.99	4.665	0.176908834925317
Cercopithecidae	CONTROL	Colobus_polykomos	Trachypithecus_laotum	9.1	7	0.176860917546527
Cercopithecidae	CONTROL	Presbytis_mitrata	Cercopithecus_cephus	5.8	3.48	0.176313120762634
Cercopithecidae	CONTROL	Macaca_assamensis	Presbytis_comata	9	6.7	0.176049663352455
Cercopithecidae	CONTROL	Pygathrix_nemaeus	Cercocebus_lunulatus	9.72	7.28	0.175955606836566
Cercopithecidae	CONTROL	Trachypithecus_francoisi	Macaca_radiata	7.52	5.14	0.175874120986878
Cercopithecidae	CONTROL	Trachypithecus_geei	Trachypithecus_germaini	10.15	8.83	0.175425538101099
Cercopithecidae	CONTROL	Semnopithecus_johnii	Erythrocebus_patas	11.6	9.45	0.175284826994853
Cercopithecidae	CONTROL	Macaca_cyclopis	Cercopithecus_petaurista	5.47	3.65	0.175151435038788
Cercopithecidae	CONTROL	Trachypithecus_leucocephalus	Macaca_mulatta	8.285	5.96	0.174616681245007
Cercopithecidae	CONTROL	Piliocolobus_tephrosceles	Trachypithecus_crepusculus	8.75	6.65	0.174441203700719
Cercopithecidae	CONTROL	Semnopithecus_vetulus	Cercopithecus_mitis	7.03	4.89	0.174216924010652
Cercopithecidae	CONTROL	Trachypithecus_leucocephalus	Trachypithecus_hatinhensis	8.285	7.275	0.173931570719123
Cercopithecidae	CONTROL	Trachypithecus_cristatus	Macaca_fascicularis	6.25	4.03	0.173791406638783
Cercopithecidae	CONTROL	Cercocebus_chrysogaster	Trachypithecus_phayrei	9.75	7.44	0.17312123933954
Cercopithecidae	CONTROL	Piliocolobus_tephrosceles	Presbytis_comata	8.75	6.7	0.172966947581678
Cercopithecidae	CONTROL	Trachypithecus_geei	Macaca_maura	10.15	7.88	0.172881773419397
Cercopithecidae	CONTROL	Macaca_nemestrina	Trachypithecus_crepusculus	8.89	6.65	0.172752878920607
Cercopithecidae	CONTROL	Cercocebus_chrysogaster	Trachypithecus_francoisi	9.75	7.52	0.172528822244975
Cercopithecidae	CONTROL	Erythrocebus_patas	Trachypithecus_hatinhensis	9.45	7.275	0.172339375943643
Cercopithecidae	CONTROL	Trachypithecus_cristatus	Cercopithecus_mona	6.25	4.05	0.172083110526746
Cercopithecidae	CONTROL	Allenopithecus_nigroviridis	Cercopithecus_mona	5.3	4.05	0.171754285673593
Cercopithecidae	CONTROL	Cercocebus_torquatus	Cercopithecus_neglectus	7.5	5.74	0.171552083141825
Cercopithecidae	CONTROL	Rhinopithecus_bieti	Macaca_arctoides	12.48	10.3	0.171356812136292
Cercopithecidae	CONTROL	Pygathrix_nigripes	Macaca_silenus	9.88	7.5	0.171223716960871
Cercopithecidae	CONTROL	Cercopithecus_neglectus	Cercopithecus_roloway	5.74	4.55	0.171146108422932
Cercopithecidae	CONTROL	Trachypithecus_laotum	Allochrocebus_preussi	7	4.525	0.171028708108671
Cercopithecidae	CONTROL	Semnopithecus_johnii	Macaca_fuscata	11.6	9.5	0.170241088195163
Cercopithecidae	CONTROL	Macaca_mulatta	Cercopithecus_mona	5.96	4.05	0.170239387562183
Cercopithecidae	CONTROL	Semnopithecus_entellus	Pygathrix_nemaeus	11.44	9.72	0.170168387481912
Cercopithecidae	CONTROL	Colobus_guereza	Macaca_leonina	8.89	6.7	0.169662704011445
Cercopithecidae	CONTROL	Presbytis_mitrata	Cercopithecus_pogonias	5.8	3.58	0.169431984178552
Cercopithecidae	CONTROL	Macaca_assamensis	Macaca_maura	9	7.88	0.169158557406355
Cercopithecidae	CONTROL	Trachypithecus_phayrei	Trachypithecus_cristatus	7.44	6.25	0.168869565939438
Cercopithecidae	CONTROL	Macaca_cyclopis	Cercopithecus_pogonias	5.47	3.58	0.16859513312286
Cercopithecidae	CONTROL	Macaca_leonina	Macaca_cyclopis	6.7	5.47	0.168477717485289
Cercopithecidae	CONTROL	Pygathrix_nigripes	Macaca_nigra	9.88	7.68	0.168411611534387
Cercopithecidae	CONTROL	Trachypithecus_leucocephalus	Semnopithecus_vetulus	8.285	7.03	0.168130303598473
Cercopithecidae	CONTROL	Piliocolobus_kirkii	Chlorocebus_pygerythrus	6.9	4.665	0.168053051206711
Cercopithecidae	CONTROL	Cercocebus_lunulatus	Cercopithecus_nictitans	7.28	5.46	0.167831680001276
Cercopithecidae	CONTROL	Pygathrix_cinerea	Trachypithecus_leucocephalus	9.98	8.285	0.167598717055248
Cercopithecidae	CONTROL	Colobus_guereza	Lophocebus_aterrimus	8.89	6.8	0.16738597716606
Cercopithecidae	CONTROL	Trachypithecus_phayrei	Macaca_radiata	7.44	5.14	0.167179538181819
Cercopithecidae	CONTROL	Piliocolobus_badius	Allochrocebus_solatus	8.25	6.35	0.167147474761722
Cercopithecidae	CONTROL	Pygathrix_cinerea	Macaca_nigra	9.98	7.68	0.166579519388553
Cercopithecidae	CONTROL	Colobus_guereza	Piliocolobus_gordonorum	8.89	7.05	0.166166300521212
Cercopithecidae	CONTROL	Macaca_nemestrina	Presbytis_comata	8.89	6.7	0.165807384821906
Cercopithecidae	CONTROL	Trachypithecus_leucocephalus	Trachypithecus_francoisi	8.285	7.52	0.165770116518236
Cercopithecidae	CONTROL	Presbytis_comata	Allochrocebus_preussi	6.7	4.525	0.164733816965025
Cercopithecidae	CONTROL	Macaca_assamensis	Piliocolobus_kirkii	9	6.9	0.164338664903505
Cercopithecidae	CONTROL	Trachypithecus_phayrei	Allenopithecus_nigroviridis	7.44	5.3	0.164298624779052
Cercopithecidae	CONTROL	Pygathrix_nemaeus	Cercocebus_torquatus	9.72	7.5	0.164244005408531
Cercopithecidae	CONTROL	Presbytis_mitrata	Cercopithecus_petaurista	5.8	3.65	0.163903094481724
Cercopithecidae	CONTROL	Semnopithecus_vetulus	Allenopithecus_nigroviridis	7.03	5.3	0.163516113594023
Cercopithecidae	CONTROL	Piliocolobus_badius	Macaca_siberu	8.25	6.165	0.16322780412339
Cercopithecidae	CONTROL	Papio_papio	Papio_anubis	17.5	16.65	0.163110157239927
Cercopithecidae	CONTROL	Presbytis_comata	Chlorocebus_pygerythrus	6.7	4.665	0.162888496048003
Cercopithecidae	CONTROL	Colobus_angolensis	Presbytis_comata	8.6	6.7	0.162873786058061
Cercopithecidae	CONTROL	Trachypithecus_crepusculus	Cercopithecus_hamlyni	6.65	4.43	0.162849325942998
Cercopithecidae	CONTROL	Trachypithecus_hatinhensis	Allenopithecus_nigroviridis	7.275	5.3	0.162773912634497
Cercopithecidae	CONTROL	Macaca_fuscata	Trachypithecus_hatinhensis	9.5	7.275	0.162539206404688
Cercopithecidae	CONTROL	Trachypithecus_hatinhensis	Cercopithecus_mitis	7.275	4.89	0.162286332188792
Cercopithecidae	CONTROL	Erythrocebus_patas	Trachypithecus_francoisi	9.45	7.52	0.162275697910144
Cercopithecidae	CONTROL	Macaca_nemestrina	Macaca_maura	8.89	7.88	0.161762587037667
Cercopithecidae	CONTROL	Trachypithecus_francoisi	Trachypithecus_cristatus	7.52	6.25	0.161687225894343
Cercopithecidae	CONTROL	Trachypithecus_pileatus	Colobus_guereza	10.93	8.89	0.161673771931824
Cercopithecidae	CONTROL	Trachypithecus_crepusculus	Cercopithecus_diana	6.65	4.5	0.161149433523283
Cercopithecidae	CONTROL	Colobus_polykomos	Trachypithecus_hatinhensis	9.1	7.275	0.161044422972732
Cercopithecidae	CONTROL	Colobus_guereza	Trachypithecus_obscurus	8.89	6.99	0.160882065762031
Cercopithecidae	CONTROL	Macaca_nemestrina	Cercocebus_torquatus	8.89	7.5	0.160780037011637
Cercopithecidae	CONTROL	Macaca_silenus	Macaca_leonina	7.5	6.7	0.160750402113886
Cercopithecidae	CONTROL	Papio_hamadryas	Macaca_tonkeana	13.4	11.95	0.160693087261822
Cercopithecidae	CONTROL	Macaca_nigra	Macaca_leonina	7.68	6.7	0.160573411558512
Cercopithecidae	CONTROL	Macaca_mulatta	Cercopithecus_hamlyni	5.96	4.43	0.160416766348482
Cercopithecidae	CONTROL	Macaca_assamensis	Semnopithecus_vetulus	9	7.03	0.16021126756599
Cercopithecidae	CONTROL	Trachypithecus_germaini	Macaca_leonina	8.83	6.7	0.160101470629748
Cercopithecidae	CONTROL	Trachypithecus_germaini	Piliocolobus_kirkii	8.83	6.9	0.160083255797147
Cercopithecidae	CONTROL	Trachypithecus_francoisi	Presbytis_mitrata	7.52	5.8	0.159817376635198
Cercopithecidae	CONTROL	Macaca_assamensis	Trachypithecus_obscurus	9	6.99	0.159470829787638
Cercopithecidae	CONTROL	Macaca_tonkeana	Pygathrix_nemaeus	11.95	9.72	0.159273082659798
Cercopithecidae	CONTROL	Colobus_guereza	Semnopithecus_vetulus	8.89	7.03	0.159156994791748
Cercopithecidae	CONTROL	Semnopithecus_entellus	Erythrocebus_patas	11.44	9.45	0.159154999010809
Cercopithecidae	CONTROL	Trachypithecus_crepusculus	Cercopithecus_roloway	6.65	4.55	0.15870839479567
Cercopithecidae	CONTROL	Erythrocebus_patas	Macaca_maura	9.45	7.88	0.15858370993151
Cercopithecidae	CONTROL	Piliocolobus_kirkii	Cercopithecus_mitis	6.9	4.89	0.158401977511201
Cercopithecidae	CONTROL	Trachypithecus_phayrei	Presbytis_mitrata	7.44	5.8	0.158397971823255
Cercopithecidae	CONTROL	Trachypithecus_obscurus	Cercopithecus_mitis	6.99	4.89	0.15814620458196
Cercopithecidae	CONTROL	Semnopithecus_johnii	Pygathrix_cinerea	11.6	9.98	0.158106680389325
Cercopithecidae	CONTROL	Mandrillus_sphinx	Papio_ursinus	23.6	22.3	0.158021101325005
Cercopithecidae	CONTROL	Piliocolobus_gordonorum	Allenopithecus_nigroviridis	7.05	5.3	0.157838572144098
Cercopithecidae	CONTROL	Pygathrix_nigripes	Trachypithecus_leucocephalus	9.88	8.285	0.157552045809032
Cercopithecidae	CONTROL	Trachypithecus_germaini	Lophocebus_aterrimus	8.83	6.8	0.157393961745478
Cercopithecidae	CONTROL	Pygathrix_nemaeus	Macaca_silenus	9.72	7.5	0.157222537900148
Cercopithecidae	CONTROL	Macaca_fuscata	Trachypithecus_phayrei	9.5	7.44	0.157195181571271
Cercopithecidae	CONTROL	Colobus_angolensis	Lophocebus_aterrimus	8.6	6.8	0.157170931907222
Cercopithecidae	CONTROL	Macaca_radiata	Cercopithecus_cephus	5.14	3.48	0.157043945568377
Cercopithecidae	CONTROL	Macaca_leonina	Cercopithecus_mitis	6.7	4.89	0.157016502407848
Cercopithecidae	CONTROL	Piliocolobus_tephrosceles	Semnopithecus_vetulus	8.75	7.03	0.156835361610792
Cercopithecidae	CONTROL	Trachypithecus_pileatus	Colobus_polykomos	10.93	9.1	0.156813600558387
Cercopithecidae	CONTROL	Colobus_angolensis	Piliocolobus_kirkii	8.6	6.9	0.156680281508851
Cercopithecidae	CONTROL	Allochrocebus_solatus	Cercopithecus_mitis	6.35	4.89	0.156082542022771
Cercopithecidae	CONTROL	Semnopithecus_entellus	Pygathrix_nigripes	11.44	9.88	0.156064959903618
Cercopithecidae	CONTROL	Piliocolobus_gordonorum	Cercopithecus_mitis	7.05	4.89	0.155953181884248
Cercopithecidae	CONTROL	Trachypithecus_geei	Piliocolobus_badius	10.15	8.25	0.155790691624107
Cercopithecidae	CONTROL	Allochrocebus_solatus	Allochrocebus_lhoesti	6.35	5.5	0.155471338774496
Cercopithecidae	CONTROL	Colobus_angolensis	Piliocolobus_gordonorum	8.6	7.05	0.154933964328209
Cercopithecidae	CONTROL	Trachypithecus_phayrei	Cercopithecus_nictitans	7.44	5.46	0.154845927957829
Cercopithecidae	CONTROL	Trachypithecus_leucocephalus	Presbytis_comata	8.285	6.7	0.154660119787499
Cercopithecidae	CONTROL	Papio_papio	Nasalis_larvatus	17.5	15.75	0.154645850681219
Cercopithecidae	CONTROL	Semnopithecus_entellus	Trachypithecus_geei	11.44	10.15	0.154545775644763
Cercopithecidae	CONTROL	Pygathrix_cinerea	Piliocolobus_badius	9.98	8.25	0.154490352771398
Cercopithecidae	CONTROL	Cercopithecus_hamlyni	Cercopithecus_cephus	4.43	3.48	0.154279645701804
Cercopithecidae	CONTROL	Trachypithecus_laotum	Cercopithecus_mitis	7	4.89	0.154241020082373
Cercopithecidae	CONTROL	Trachypithecus_pileatus	Trachypithecus_geei	10.93	10.15	0.154127253896586
Cercopithecidae	CONTROL	Macaca_siberu	Macaca_radiata	6.165	5.14	0.153778052835578
Cercopithecidae	CONTROL	Erythrocebus_patas	Trachypithecus_phayrei	9.45	7.44	0.153493765750968
Cercopithecidae	CONTROL	Macaca_siberu	Cercopithecus_diana	6.165	4.5	0.153442417496118
Cercopithecidae	CONTROL	Papio_anubis	Rhinopithecus_roxellana	16.65	14.75	0.153105161117522
Cercopithecidae	CONTROL	Macaca_assamensis	Piliocolobus_gordonorum	9	7.05	0.153092257699332
Cercopithecidae	CONTROL	Macaca_siberu	Chlorocebus_pygerythrus	6.165	4.665	0.152949234779984
Cercopithecidae	CONTROL	Cercocebus_torquatus	Macaca_siberu	7.5	6.165	0.152685686570507
Cercopithecidae	CONTROL	Lophocebus_aterrimus	Macaca_cyclopis	6.8	5.47	0.152147473409837
Cercopithecidae	CONTROL	Piliocolobus_tephrosceles	Lophocebus_aterrimus	8.75	6.8	0.151920741066054
Cercopithecidae	CONTROL	Colobus_guereza	Trachypithecus_laotum	8.89	7	0.151900572132171
Cercopithecidae	CONTROL	Cercopithecus_roloway	Cercopithecus_cephus	4.55	3.48	0.151896212108083
Cercopithecidae	CONTROL	Trachypithecus_phayrei	Macaca_cyclopis	7.44	5.47	0.151892542375046
Cercopithecidae	CONTROL	Trachypithecus_crepusculus	Allochrocebus_preussi	6.65	4.525	0.151820582117677
Cercopithecidae	CONTROL	Pygathrix_nigripes	Piliocolobus_badius	9.88	8.25	0.151684496840565
Cercopithecidae	CONTROL	Allochrocebus_lhoesti	Cercopithecus_mona	5.5	4.05	0.151672958611278
Cercopithecidae	CONTROL	Allochrocebus_lhoesti	Macaca_fascicularis	5.5	4.03	0.151213261833834
Cercopithecidae	CONTROL	Trachypithecus_francoisi	Macaca_cyclopis	7.52	5.47	0.151134549998744
Cercopithecidae	CONTROL	Macaca_arctoides	Piliocolobus_badius	10.3	8.25	0.151070698905196
Cercopithecidae	CONTROL	Allenopithecus_nigroviridis	Macaca_fascicularis	5.3	4.03	0.150774351705339
Cercopithecidae	CONTROL	Macaca_leonina	Allenopithecus_nigroviridis	6.7	5.3	0.150670273732823
Cercopithecidae	CONTROL	Cercocebus_lunulatus	Cercopithecus_neglectus	7.28	5.74	0.15025847843222
Cercopithecidae	CONTROL	Papio_kindae	Trachypithecus_pileatus	13	10.93	0.15002487816184
Cercopithecidae	CONTROL	Semnopithecus_johnii	Cercocebus_chrysogaster	11.6	9.75	0.149857986300094
Cercopithecidae	CONTROL	Pygathrix_nemaeus	Macaca_nigra	9.72	7.68	0.149786904757059
Cercopithecidae	CONTROL	Trachypithecus_pileatus	Macaca_assamensis	10.93	9	0.14977056442324
Cercopithecidae	CONTROL	Cercopithecus_roloway	Cercopithecus_pogonias	4.55	3.58	0.149086636330651
Cercopithecidae	CONTROL	Semnopithecus_schistaceus	Nasalis_larvatus	17	15.75	0.148914752778409
Cercopithecidae	CONTROL	Macaca_siberu	Cercopithecus_roloway	6.165	4.55	0.148754249341667
Cercopithecidae	CONTROL	Cercocebus_lunulatus	Macaca_mulatta	7.28	5.96	0.148606793724422
Cercopithecidae	CONTROL	Piliocolobus_tephrosceles	Macaca_leonina	8.75	6.7	0.148587603976925
Cercopithecidae	CONTROL	Trachypithecus_hatinhensis	Macaca_radiata	7.275	5.14	0.148377248310499
Cercopithecidae	CONTROL	Presbytis_comata	Cercopithecus_mitis	6.7	4.89	0.14813872613213
Cercopithecidae	CONTROL	Semnopithecus_vetulus	Macaca_radiata	7.03	5.14	0.148048631629757
Cercopithecidae	CONTROL	Macaca_nemestrina	Trachypithecus_obscurus	8.89	6.99	0.147877992230371
Cercopithecidae	CONTROL	Macaca_nemestrina	Semnopithecus_vetulus	8.89	7.03	0.147812349663555
Cercopithecidae	CONTROL	Macaca_maura	Allochrocebus_solatus	7.88	6.35	0.147531932678166
Cercopithecidae	CONTROL	Cercopithecus_diana	Cercopithecus_cephus	4.5	3.48	0.147348586338048
Cercopithecidae	CONTROL	Trachypithecus_crepusculus	Chlorocebus_pygerythrus	6.65	4.665	0.147299339926142
Cercopithecidae	CONTROL	Colobus_angolensis	Macaca_leonina	8.6	6.7	0.147274727329814
Cercopithecidae	CONTROL	Macaca_siberu	Allochrocebus_preussi	6.165	4.525	0.147125643129444
Cercopithecidae	CONTROL	Piliocolobus_badius	Trachypithecus_crepusculus	8.25	6.65	0.147107307476677
Cercopithecidae	CONTROL	Lophocebus_aterrimus	Cercopithecus_nictitans	6.8	5.46	0.147084859333188
Cercopithecidae	CONTROL	Trachypithecus_germaini	Piliocolobus_gordonorum	8.83	7.05	0.147059489673902
Cercopithecidae	CONTROL	Trachypithecus_francoisi	Cercopithecus_nictitans	7.52	5.46	0.146976039373197
Cercopithecidae	CONTROL	Macaca_maura	Presbytis_mitrata	7.88	5.8	0.146822600889132
Cercopithecidae	CONTROL	Allenopithecus_nigroviridis	Cercopithecus_hamlyni	5.3	4.43	0.146783502917466
Cercopithecidae	CONTROL	Piliocolobus_tephrosceles	Trachypithecus_laotum	8.75	7	0.146652840576649
Cercopithecidae	CONTROL	Macaca_radiata	Cercopithecus_pogonias	5.14	3.58	0.146454374813711
Cercopithecidae	CONTROL	Macaca_tonkeana	Pygathrix_nigripes	11.95	9.88	0.14635534068958
Cercopithecidae	CONTROL	Macaca_fuscata	Trachypithecus_francoisi	9.5	7.52	0.146342204482315
Cercopithecidae	CONTROL	Cercopithecus_nictitans	Macaca_fascicularis	5.46	4.03	0.146338084847129
Cercopithecidae	CONTROL	Trachypithecus_leucocephalus	Macaca_siberu	8.285	6.165	0.146163340187203
Cercopithecidae	CONTROL	Macaca_assamensis	Trachypithecus_laotum	9	7	0.145918696256444
Cercopithecidae	CONTROL	Trachypithecus_pileatus	Macaca_nemestrina	10.93	8.89	0.145830542453084
Cercopithecidae	CONTROL	Macaca_tonkeana	Pygathrix_cinerea	11.95	9.98	0.14566416051529
Cercopithecidae	CONTROL	Piliocolobus_tephrosceles	Trachypithecus_obscurus	8.75	6.99	0.145619244651665
Cercopithecidae	CONTROL	Piliocolobus_gordonorum	Macaca_radiata	7.05	5.14	0.145288683379642
Cercopithecidae	CONTROL	Lophocebus_aterrimus	Allochrocebus_lhoesti	6.8	5.5	0.145171884734829
Cercopithecidae	CONTROL	Semnopithecus_vetulus	Macaca_cyclopis	7.03	5.47	0.144964796193718
Cercopithecidae	CONTROL	Colobus_angolensis	Trachypithecus_laotum	8.6	7	0.14447912910021
Cercopithecidae	CONTROL	Allochrocebus_solatus	Allenopithecus_nigroviridis	6.35	5.3	0.144345493062582
Cercopithecidae	CONTROL	Trachypithecus_phayrei	Trachypithecus_crepusculus	7.44	6.65	0.144224082345063
Cercopithecidae	CONTROL	Trachypithecus_leucocephalus	Allochrocebus_solatus	8.285	6.35	0.144202986868765
Cercopithecidae	CONTROL	Macaca_nemestrina	Trachypithecus_laotum	8.89	7	0.144165153135125
Cercopithecidae	CONTROL	Rhinopithecus_bieti	Trachypithecus_pileatus	12.48	10.93	0.143788892806811
Cercopithecidae	CONTROL	Piliocolobus_kirkii	Allenopithecus_nigroviridis	6.9	5.3	0.143135970088156
Cercopithecidae	CONTROL	Cercopithecus_roloway	Cercopithecus_petaurista	4.55	3.65	0.143043325200303
Cercopithecidae	CONTROL	Papio_hamadryas	Semnopithecus_entellus	13.4	11.44	0.143002124092233
Cercopithecidae	CONTROL	Macaca_arctoides	Trachypithecus_leucocephalus	10.3	8.285	0.142943405005977
Cercopithecidae	CONTROL	Pygathrix_cinerea	Macaca_maura	9.98	7.88	0.142869187355116
Cercopithecidae	CONTROL	Trachypithecus_obscurus	Macaca_radiata	6.99	5.14	0.142866706301185
Cercopithecidae	CONTROL	Trachypithecus_cristatus	Cercopithecus_hamlyni	6.25	4.43	0.142533647496227
Cercopithecidae	CONTROL	Nasalis_larvatus	Rhinopithecus_roxellana	15.75	14.75	0.142133158840895
Cercopithecidae	CONTROL	Macaca_nemestrina	Piliocolobus_gordonorum	8.89	7.05	0.141992157758024
Cercopithecidae	CONTROL	Trachypithecus_phayrei	Allochrocebus_lhoesti	7.44	5.5	0.141928381254787
Cercopithecidae	CONTROL	Presbytis_mitrata	Cercopithecus_lowei	5.8	3.9	0.141705446227091
Cercopithecidae	CONTROL	Macaca_nemestrina	Piliocolobus_kirkii	8.89	6.9	0.141623802571026
Cercopithecidae	CONTROL	Cercopithecus_nictitans	Cercopithecus_diana	5.46	4.5	0.141580130715698
Cercopithecidae	CONTROL	Colobus_polykomos	Trachypithecus_phayrei	9.1	7.44	0.141429544262499
Cercopithecidae	CONTROL	Macaca_nigra	Presbytis_mitrata	7.68	5.8	0.141200324458214
Cercopithecidae	CONTROL	Papio_hamadryas	Semnopithecus_johnii	13.4	11.6	0.140842703309881
Cercopithecidae	CONTROL	Macaca_mulatta	Allochrocebus_preussi	5.96	4.525	0.140486480438939
Cercopithecidae	CONTROL	Cercopithecus_neglectus	Chlorocebus_pygerythrus	5.74	4.665	0.140396357788058
Cercopithecidae	CONTROL	Cercopithecus_hamlyni	Cercopithecus_petaurista	4.43	3.65	0.139453705161606
Cercopithecidae	CONTROL	Macaca_arctoides	Colobus_angolensis	10.3	8.6	0.139285465758661
Cercopithecidae	CONTROL	Colobus_angolensis	Trachypithecus_obscurus	8.6	6.99	0.138705135133884
Cercopithecidae	CONTROL	Trachypithecus_francoisi	Allochrocebus_lhoesti	7.52	5.5	0.138424099424713
Cercopithecidae	CONTROL	Pygathrix_nemaeus	Trachypithecus_leucocephalus	9.72	8.285	0.13811758692687
Cercopithecidae	CONTROL	Macaca_mulatta	Cercopithecus_diana	5.96	4.5	0.138056838298091
Cercopithecidae	CONTROL	Trachypithecus_laotum	Allenopithecus_nigroviridis	7	5.3	0.138021190420316
Cercopithecidae	CONTROL	Pygathrix_nigripes	Macaca_maura	9.88	7.88	0.137989327742059
Cercopithecidae	CONTROL	Colobus_angolensis	Semnopithecus_vetulus	8.6	7.03	0.137549755490663
Cercopithecidae	CONTROL	Cercopithecus_diana	Cercopithecus_petaurista	4.5	3.65	0.137335500865234
Cercopithecidae	CONTROL	Macaca_tonkeana	Trachypithecus_geei	11.95	10.15	0.137150167541288
Cercopithecidae	CONTROL	Cercopithecus_hamlyni	Cercopithecus_pogonias	4.43	3.58	0.137099712916991
Cercopithecidae	CONTROL	Rhinopithecus_roxellana	Papio_kindae	14.75	13	0.136903490430425
Cercopithecidae	CONTROL	Macaca_mulatta	Chlorocebus_pygerythrus	5.96	4.665	0.136886345206192
Cercopithecidae	CONTROL	Trachypithecus_francoisi	Cercopithecus_neglectus	7.52	5.74	0.136441653277627
Cercopithecidae	CONTROL	Macaca_cyclopis	Cercopithecus_lowei	5.47	3.9	0.136406908325608
Cercopithecidae	CONTROL	Semnopithecus_entellus	Macaca_fuscata	11.44	9.5	0.136339445776776
Cercopithecidae	CONTROL	Cercopithecus_mitis	Cercopithecus_lowei	4.89	3.9	0.136243876221942
Cercopithecidae	CONTROL	Trachypithecus_hatinhensis	Cercopithecus_nictitans	7.275	5.46	0.136211376854063
Cercopithecidae	CONTROL	Piliocolobus_badius	Presbytis_comata	8.25	6.7	0.13603183384156
Cercopithecidae	CONTROL	Macaca_radiata	Cercopithecus_petaurista	5.14	3.65	0.135610249161906
Cercopithecidae	CONTROL	Semnopithecus_entellus	Pygathrix_cinerea	11.44	9.98	0.135547108876256
Cercopithecidae	CONTROL	Chlorocebus_pygerythrus	Cercopithecus_cephus	4.665	3.48	0.135360921795238
Cercopithecidae	CONTROL	Trachypithecus_laotum	Macaca_radiata	7	5.14	0.134915360838652
Cercopithecidae	CONTROL	Allochrocebus_preussi	Cercopithecus_ascanius	4.525	3.24	0.134720559872503
Cercopithecidae	CONTROL	Presbytis_mitrata	Cercopithecus_mona	5.8	4.05	0.134717192176088
Cercopithecidae	CONTROL	Cercopithecus_diana	Cercopithecus_pogonias	4.5	3.58	0.13461486366777
Cercopithecidae	CONTROL	Allochrocebus_lhoesti	Chlorocebus_pygerythrus	5.5	4.665	0.133953254062313
Cercopithecidae	CONTROL	Cercopithecus_neglectus	Allochrocebus_preussi	5.74	4.525	0.133651955713653
Cercopithecidae	CONTROL	Trachypithecus_geei	Colobus_angolensis	10.15	8.6	0.13361350803702
Cercopithecidae	CONTROL	Pygathrix_nemaeus	Macaca_maura	9.72	7.88	0.132740966567237
Cercopithecidae	CONTROL	Presbytis_mitrata	Macaca_fascicularis	5.8	4.03	0.132595791911756
Cercopithecidae	CONTROL	Trachypithecus_obscurus	Allenopithecus_nigroviridis	6.99	5.3	0.132558506605753
Cercopithecidae	CONTROL	Piliocolobus_kirkii	Macaca_radiata	6.9	5.14	0.132519909412676
Cercopithecidae	CONTROL	Trachypithecus_cristatus	Chlorocebus_pygerythrus	6.25	4.665	0.132191251554371
Cercopithecidae	CONTROL	Macaca_cyclopis	Cercopithecus_mona	5.47	4.05	0.132142008074267
Cercopithecidae	CONTROL	Colobus_guereza	Trachypithecus_hatinhensis	8.89	7.275	0.131773491434903
Cercopithecidae	CONTROL	Trachypithecus_crepusculus	Cercopithecus_mitis	6.65	4.89	0.131539779204806
Cercopithecidae	CONTROL	Semnopithecus_entellus	Cercocebus_chrysogaster	11.44	9.75	0.13125739801883
Cercopithecidae	CONTROL	Trachypithecus_hatinhensis	Macaca_cyclopis	7.275	5.47	0.13123531590505
Cercopithecidae	CONTROL	Chlorocebus_pygerythrus	Cercopithecus_pogonias	4.665	3.58	0.13087014052895
Cercopithecidae	CONTROL	Trachypithecus_hatinhensis	Presbytis_mitrata	7.275	5.8	0.130418300233381
Cercopithecidae	CONTROL	Cercopithecus_nictitans	Cercopithecus_roloway	5.46	4.55	0.130328380687856
Cercopithecidae	CONTROL	Macaca_mulatta	Cercopithecus_roloway	5.96	4.55	0.12963780007955
Cercopithecidae	CONTROL	Trachypithecus_hatinhensis	Allochrocebus_lhoesti	7.275	5.5	0.12960165571101
Cercopithecidae	CONTROL	Trachypithecus_francoisi	Trachypithecus_crepusculus	7.52	6.65	0.129591758777602
Cercopithecidae	CONTROL	Cercopithecus_mitis	Cercopithecus_mona	4.89	4.05	0.129495143734532
Cercopithecidae	CONTROL	Macaca_arctoides	Macaca_fuscata	10.3	9.5	0.129224425618747
Cercopithecidae	CONTROL	Trachypithecus_phayrei	Cercopithecus_neglectus	7.44	5.74	0.129071093097667
Cercopithecidae	CONTROL	Macaca_nigra	Allochrocebus_solatus	7.68	6.35	0.12804855187218
Cercopithecidae	CONTROL	Piliocolobus_badius	Lophocebus_aterrimus	8.25	6.8	0.127943834887761
Cercopithecidae	CONTROL	Trachypithecus_laotum	Macaca_cyclopis	7	5.47	0.12781632517523
Cercopithecidae	CONTROL	Cercopithecus_neglectus	Cercopithecus_mitis	5.74	4.89	0.127282075827211
Cercopithecidae	CONTROL	Cercocebus_lunulatus	Macaca_siberu	7.28	6.165	0.126708327909033
Cercopithecidae	CONTROL	Colobus_polykomos	Cercocebus_lunulatus	9.1	7.28	0.126175017892822
Cercopithecidae	CONTROL	Semnopithecus_vetulus	Allochrocebus_lhoesti	7.03	5.5	0.126043474405111
Cercopithecidae	CONTROL	Semnopithecus_vetulus	Cercopithecus_nictitans	7.03	5.46	0.125955622300662
Cercopithecidae	CONTROL	Cercocebus_chrysogaster	Piliocolobus_badius	9.75	8.25	0.125540442702352
Cercopithecidae	CONTROL	Trachypithecus_cristatus	Cercopithecus_diana	6.25	4.5	0.125512235769658
Cercopithecidae	CONTROL	Trachypithecus_obscurus	Macaca_cyclopis	6.99	5.47	0.125508015578244
Cercopithecidae	CONTROL	Lophocebus_aterrimus	Cercopithecus_neglectus	6.8	5.74	0.125215246919436
Cercopithecidae	CONTROL	Trachypithecus_cristatus	Cercopithecus_roloway	6.25	4.55	0.1251229397811
Cercopithecidae	CONTROL	Colobus_guereza	Cercocebus_lunulatus	8.89	7.28	0.12417972497521
Cercopithecidae	CONTROL	Piliocolobus_gordonorum	Macaca_cyclopis	7.05	5.47	0.123789292582459
Cercopithecidae	CONTROL	Trachypithecus_hatinhensis	Cercopithecus_neglectus	7.275	5.74	0.123528930310363
Cercopithecidae	CONTROL	Chlorocebus_pygerythrus	Cercopithecus_petaurista	4.665	3.65	0.123498695279179
Cercopithecidae	CONTROL	Cercocebus_torquatus	Presbytis_mitrata	7.5	5.8	0.123423484124311
Cercopithecidae	CONTROL	Piliocolobus_badius	Macaca_leonina	8.25	6.7	0.123407977373559
Cercopithecidae	CONTROL	Colobus_polykomos	Trachypithecus_francoisi	9.1	7.52	0.123018717555713
Cercopithecidae	CONTROL	Pygathrix_nemaeus	Piliocolobus_badius	9.72	8.25	0.123000894626102
Cercopithecidae	CONTROL	Presbytis_comata	Allenopithecus_nigroviridis	6.7	5.3	0.122582023351094
Cercopithecidae	CONTROL	Macaca_silenus	Presbytis_mitrata	7.5	5.8	0.122566114153163
Cercopithecidae	CONTROL	Semnopithecus_schistaceus	Theropithecus_gelada	17	15.35	0.122180966531023
Cercopithecidae	CONTROL	Trachypithecus_cristatus	Allochrocebus_preussi	6.25	4.525	0.121116753916189
Cercopithecidae	CONTROL	Macaca_mulatta	Macaca_radiata	5.96	5.14	0.120939446066571
Cercopithecidae	CONTROL	Macaca_nemestrina	Trachypithecus_hatinhensis	8.89	7.275	0.120888587724377
Cercopithecidae	CONTROL	Cercopithecus_mona	Cercopithecus_ascanius	4.05	3.24	0.120828379103717
Cercopithecidae	CONTROL	Macaca_assamensis	Trachypithecus_hatinhensis	9	7.275	0.120717254827099
Cercopithecidae	CONTROL	Colobus_polykomos	Macaca_silenus	9.1	7.5	0.120641286068523
Cercopithecidae	CONTROL	Colobus_guereza	Trachypithecus_phayrei	8.89	7.44	0.120463693259013
Cercopithecidae	CONTROL	Trachypithecus_geei	Piliocolobus_tephrosceles	10.15	8.75	0.120402949672231
Cercopithecidae	CONTROL	Trachypithecus_hatinhensis	Trachypithecus_cristatus	7.275	6.25	0.119950606360693
Cercopithecidae	CONTROL	Trachypithecus_germaini	Cercocebus_lunulatus	8.83	7.28	0.119729910427571
Cercopithecidae	CONTROL	Macaca_assamensis	Trachypithecus_phayrei	9	7.44	0.11966458426103
Cercopithecidae	CONTROL	Colobus_angolensis	Trachypithecus_hatinhensis	8.6	7.275	0.119600869204901
Cercopithecidae	CONTROL	Papio_kindae	Semnopithecus_entellus	13	11.44	0.119523891022402
Cercopithecidae	CONTROL	Cercocebus_torquatus	Allochrocebus_solatus	7.5	6.35	0.119413932888316
Cercopithecidae	CONTROL	Allochrocebus_solatus	Macaca_radiata	6.35	5.14	0.119351879620926
Cercopithecidae	CONTROL	Allochrocebus_lhoesti	Cercopithecus_hamlyni	5.5	4.43	0.119221017807118
Cercopithecidae	CONTROL	Macaca_radiata	Cercopithecus_lowei	5.14	3.9	0.118827351186009
Cercopithecidae	CONTROL	Colobus_polykomos	Cercocebus_torquatus	9.1	7.5	0.118766675995154
Cercopithecidae	CONTROL	Papio_anubis	Macaca_thibetana	16.65	15.55	0.118672157127647
Cercopithecidae	CONTROL	Macaca_maura	Lophocebus_aterrimus	7.88	6.8	0.118295422315199
Cercopithecidae	CONTROL	Piliocolobus_gordonorum	Cercopithecus_nictitans	7.05	5.46	0.118194747343072
Cercopithecidae	CONTROL	Piliocolobus_gordonorum	Allochrocebus_lhoesti	7.05	5.5	0.117395787083074
Cercopithecidae	CONTROL	Trachypithecus_pileatus	Pygathrix_nemaeus	10.93	9.72	0.117274506161333
Cercopithecidae	CONTROL	Trachypithecus_leucocephalus	Piliocolobus_kirkii	8.285	6.9	0.117218432447
Cercopithecidae	CONTROL	Trachypithecus_pileatus	Erythrocebus_patas	10.93	9.45	0.117187967227668
Cercopithecidae	CONTROL	Papio_cynocephalus	Nasalis_larvatus	17.05	15.75	0.117090094213126
Cercopithecidae	CONTROL	Trachypithecus_obscurus	Cercopithecus_nictitans	6.99	5.46	0.116353175098568
Cercopithecidae	CONTROL	Piliocolobus_tephrosceles	Trachypithecus_hatinhensis	8.75	7.275	0.116110755828889
Cercopithecidae	CONTROL	Semnopithecus_vetulus	Cercopithecus_neglectus	7.03	5.74	0.116042035119886
Cercopithecidae	CONTROL	Colobus_guereza	Cercocebus_torquatus	8.89	7.5	0.115660232233201
Cercopithecidae	CONTROL	Trachypithecus_crepusculus	Macaca_radiata	6.65	5.14	0.115608694388233
Cercopithecidae	CONTROL	Semnopithecus_vetulus	Presbytis_mitrata	7.03	5.8	0.115582859243357
Cercopithecidae	CONTROL	Papio_kindae	Semnopithecus_johnii	13	11.6	0.115252978609225
Cercopithecidae	CONTROL	Piliocolobus_kirkii	Cercopithecus_nictitans	6.9	5.46	0.115008782880948
Cercopithecidae	CONTROL	Presbytis_comata	Macaca_radiata	6.7	5.14	0.114306489139261
Cercopithecidae	CONTROL	Colobus_guereza	Macaca_silenus	8.89	7.5	0.114190612149504
Cercopithecidae	CONTROL	Trachypithecus_francoisi	Macaca_mulatta	7.52	5.96	0.113849644740593
Cercopithecidae	CONTROL	Macaca_maura	Trachypithecus_cristatus	7.88	6.25	0.113816797210183
Cercopithecidae	CONTROL	Macaca_siberu	Cercopithecus_mitis	6.165	4.89	0.113569745664731
Cercopithecidae	CONTROL	Trachypithecus_pileatus	Macaca_fuscata	10.93	9.5	0.113470847458669
Cercopithecidae	CONTROL	Cercopithecus_nictitans	Cercopithecus_mitis	5.46	4.89	0.113280062508881
Cercopithecidae	CONTROL	Trachypithecus_leucocephalus	Trachypithecus_phayrei	8.285	7.44	0.113234755898973
Cercopithecidae	CONTROL	Papio_kindae	Macaca_tonkeana	13	11.95	0.113190631286137
Cercopithecidae	CONTROL	Trachypithecus_leucocephalus	Macaca_leonina	8.285	6.7	0.113102498904102
Cercopithecidae	CONTROL	Cercocebus_chrysogaster	Trachypithecus_leucocephalus	9.75	8.285	0.112902077688918
Cercopithecidae	CONTROL	Macaca_nigra	Trachypithecus_cristatus	7.68	6.25	0.112720407773619
Cercopithecidae	CONTROL	Macaca_leonina	Cercopithecus_nictitans	6.7	5.46	0.112415811167485
Cercopithecidae	CONTROL	Piliocolobus_badius	Semnopithecus_vetulus	8.25	7.03	0.111947668696991
Cercopithecidae	CONTROL	Macaca_assamensis	Trachypithecus_francoisi	9	7.52	0.111938442946497
Cercopithecidae	CONTROL	Piliocolobus_badius	Trachypithecus_obscurus	8.25	6.99	0.111927289936234
Cercopithecidae	CONTROL	Pygathrix_cinerea	Colobus_angolensis	9.98	8.6	0.1115020337645
Cercopithecidae	CONTROL	Semnopithecus_schistaceus	Macaca_thibetana	17	15.55	0.111162120339198
Cercopithecidae	CONTROL	Piliocolobus_tephrosceles	Trachypithecus_phayrei	8.75	7.44	0.110993268416686
Cercopithecidae	CONTROL	Cercocebus_lunulatus	Presbytis_mitrata	7.28	5.8	0.1103360264461
Cercopithecidae	CONTROL	Semnopithecus_vetulus	Trachypithecus_cristatus	7.03	6.25	0.110185533018756
Cercopithecidae	CONTROL	Trachypithecus_laotum	Presbytis_mitrata	7	5.8	0.110045997491367
Cercopithecidae	CONTROL	Trachypithecus_laotum	Cercopithecus_nictitans	7	5.46	0.109927457287442
Cercopithecidae	CONTROL	Macaca_cyclopis	Cercopithecus_hamlyni	5.47	4.43	0.109898410427715
Cercopithecidae	CONTROL	Macaca_leonina	Allochrocebus_lhoesti	6.7	5.5	0.109029404028357
Cercopithecidae	CONTROL	Colobus_guereza	Trachypithecus_francoisi	8.89	7.52	0.108957022342054
Cercopithecidae	CONTROL	Trachypithecus_laotum	Allochrocebus_lhoesti	7	5.5	0.10885873170306
Cercopithecidae	CONTROL	Macaca_arctoides	Colobus_guereza	10.3	8.89	0.108809542151276
Cercopithecidae	CONTROL	Macaca_arctoides	Piliocolobus_tephrosceles	10.3	8.75	0.108707172423768
Cercopithecidae	CONTROL	Trachypithecus_obscurus	Presbytis_mitrata	6.99	5.8	0.10860874848151
Cercopithecidae	CONTROL	Piliocolobus_tephrosceles	Cercocebus_lunulatus	8.75	7.28	0.108374257009616
Cercopithecidae	CONTROL	Macaca_silenus	Allochrocebus_solatus	7.5	6.35	0.108264302642105
Cercopithecidae	CONTROL	Piliocolobus_kirkii	Macaca_cyclopis	6.9	5.47	0.108065267432333
Cercopithecidae	CONTROL	Trachypithecus_obscurus	Allochrocebus_lhoesti	6.99	5.5	0.107589144827258
Cercopithecidae	CONTROL	Pygathrix_nigripes	Colobus_angolensis	9.88	8.6	0.107269436568343
Cercopithecidae	CONTROL	Colobus_polykomos	Macaca_nigra	9.1	7.68	0.107245865645843
Cercopithecidae	CONTROL	Allenopithecus_nigroviridis	Cercopithecus_diana	5.3	4.5	0.106866684872734
Cercopithecidae	CONTROL	Trachypithecus_obscurus	Trachypithecus_cristatus	6.99	6.25	0.106794655096293
Cercopithecidae	CONTROL	Rhinopithecus_roxellana	Papio_hamadryas	14.75	13.4	0.106705200181898
Cercopithecidae	CONTROL	Macaca_nemestrina	Trachypithecus_phayrei	8.89	7.44	0.106361343978105
Cercopithecidae	CONTROL	Presbytis_mitrata	Cercopithecus_diana	5.8	4.5	0.106189865215092
Cercopithecidae	CONTROL	Trachypithecus_leucocephalus	Lophocebus_aterrimus	8.285	6.8	0.105951812841229
Cercopithecidae	CONTROL	Trachypithecus_leucocephalus	Piliocolobus_gordonorum	8.285	7.05	0.105761319104313
Cercopithecidae	CONTROL	Colobus_angolensis	Trachypithecus_phayrei	8.6	7.44	0.105688308734093
Cercopithecidae	CONTROL	Macaca_radiata	Cercopithecus_mona	5.14	4.05	0.105638125860086
Cercopithecidae	CONTROL	Semnopithecus_johnii	Macaca_arctoides	11.6	10.3	0.105578979571385
Cercopithecidae	CONTROL	Colobus_angolensis	Cercocebus_lunulatus	8.6	7.28	0.10543797954605
Cercopithecidae	CONTROL	Allochrocebus_preussi	Cercopithecus_cephus	4.525	3.48	0.1054075199444
Cercopithecidae	CONTROL	Presbytis_mitrata	Cercopithecus_hamlyni	5.8	4.43	0.105388897252282
Cercopithecidae	CONTROL	Macaca_leonina	Macaca_mulatta	6.7	5.96	0.104823423645004
Cercopithecidae	CONTROL	Trachypithecus_germaini	Macaca_silenus	8.83	7.5	0.104715684867181
Cercopithecidae	CONTROL	Trachypithecus_geei	Colobus_guereza	10.15	8.89	0.104559165359449
Cercopithecidae	CONTROL	Macaca_nigra	Lophocebus_aterrimus	7.68	6.8	0.104515699221889
Cercopithecidae	CONTROL	Piliocolobus_gordonorum	Presbytis_mitrata	7.05	5.8	0.104374819530409
Cercopithecidae	CONTROL	Pygathrix_cinerea	Trachypithecus_germaini	9.98	8.83	0.104206375358564
Cercopithecidae	CONTROL	Macaca_siberu	Macaca_cyclopis	6.165	5.47	0.10411905252631
Cercopithecidae	CONTROL	Trachypithecus_crepusculus	Allenopithecus_nigroviridis	6.65	5.3	0.104066832339163
Cercopithecidae	CONTROL	Macaca_fuscata	Piliocolobus_badius	9.5	8.25	0.103751344610777
Cercopithecidae	CONTROL	Piliocolobus_kirkii	Allochrocebus_lhoesti	6.9	5.5	0.103295716369087
Cercopithecidae	CONTROL	Allochrocebus_lhoesti	Cercopithecus_diana	5.5	4.5	0.103106710915887
Cercopithecidae	CONTROL	Macaca_arctoides	Trachypithecus_germaini	10.3	8.83	0.10293434996736
Cercopithecidae	CONTROL	Piliocolobus_gordonorum	Cercopithecus_neglectus	7.05	5.74	0.102051490136556
Cercopithecidae	CONTROL	Allenopithecus_nigroviridis	Cercopithecus_roloway	5.3	4.55	0.102047817077393
Cercopithecidae	CONTROL	Trachypithecus_germaini	Cercocebus_torquatus	8.83	7.5	0.102012273424539
Cercopithecidae	CONTROL	Piliocolobus_badius	Trachypithecus_laotum	8.25	7	0.1019171846558
Cercopithecidae	CONTROL	Pygathrix_nigripes	Trachypithecus_germaini	9.88	8.83	0.101759216230908
Cercopithecidae	CONTROL	Erythrocebus_patas	Piliocolobus_badius	9.45	8.25	0.101384277991947
Cercopithecidae	CONTROL	Cercocebus_chrysogaster	Macaca_nemestrina	9.75	8.89	0.101044822138884
Cercopithecidae	CONTROL	Piliocolobus_tephrosceles	Trachypithecus_francoisi	8.75	7.52	0.100678129068457
Cercopithecidae	CONTROL	Trachypithecus_phayrei	Macaca_mulatta	7.44	5.96	0.100670667508133
Cercopithecidae	CONTROL	Macaca_nemestrina	Trachypithecus_francoisi	8.89	7.52	0.100628061792262
Cercopithecidae	CONTROL	Cercopithecus_lowei	Cercopithecus_ascanius	3.9	3.24	0.0996066769680781
Cercopithecidae	CONTROL	Rhinopithecus_bieti	Semnopithecus_johnii	12.48	11.6	0.0996021647292738
Cercopithecidae	CONTROL	Macaca_arctoides	Colobus_polykomos	10.3	9.1	0.0992679825087496
Cercopithecidae	CONTROL	Cercocebus_chrysogaster	Colobus_angolensis	9.75	8.6	0.09919478979289
Cercopithecidae	CONTROL	Rhinopithecus_bieti	Semnopithecus_entellus	12.48	11.44	0.0990942774499393
Cercopithecidae	CONTROL	Presbytis_mitrata	Cercopithecus_roloway	5.8	4.55	0.0989703958008811
Cercopithecidae	CONTROL	Cercocebus_torquatus	Trachypithecus_cristatus	7.5	6.25	0.0983164398644625
Cercopithecidae	CONTROL	Allenopithecus_nigroviridis	Chlorocebus_pygerythrus	5.3	4.665	0.0975860087136519
Cercopithecidae	CONTROL	Trachypithecus_obscurus	Cercopithecus_neglectus	6.99	5.74	0.0974034602628479
Cercopithecidae	CONTROL	Trachypithecus_geei	Macaca_nemestrina	10.15	8.89	0.0972904620409467
Cercopithecidae	CONTROL	Trachypithecus_pileatus	Pygathrix_nigripes	10.93	9.88	0.0971280962261427
Cercopithecidae	CONTROL	Piliocolobus_tephrosceles	Cercocebus_torquatus	8.75	7.5	0.0970626515854362
Cercopithecidae	CONTROL	Allochrocebus_solatus	Cercopithecus_nictitans	6.35	5.46	0.0966802966947476
Cercopithecidae	CONTROL	Presbytis_mitrata	Allochrocebus_preussi	5.8	4.525	0.0964720858669843
Cercopithecidae	CONTROL	Trachypithecus_laotum	Cercopithecus_neglectus	7	5.74	0.0958369964428436
Cercopithecidae	CONTROL	Macaca_silenus	Trachypithecus_cristatus	7.5	6.25	0.0952777440131964
Cercopithecidae	CONTROL	Cercopithecus_nictitans	Chlorocebus_pygerythrus	5.46	4.665	0.0951146952030498
Cercopithecidae	CONTROL	Trachypithecus_geei	Colobus_polykomos	10.15	9.1	0.095047894575354
Cercopithecidae	CONTROL	Macaca_leonina	Cercopithecus_neglectus	6.7	5.74	0.0950058333724046
Cercopithecidae	CONTROL	Piliocolobus_kirkii	Cercopithecus_neglectus	6.9	5.74	0.0949397256277274
Cercopithecidae	CONTROL	Colobus_guereza	Macaca_nigra	8.89	7.68	0.094905602305978
Cercopithecidae	CONTROL	Macaca_cyclopis	Cercopithecus_diana	5.47	4.5	0.0946593458178748
Cercopithecidae	CONTROL	Macaca_cyclopis	Allochrocebus_preussi	5.47	4.525	0.0946084896575265
Cercopithecidae	CONTROL	Pygathrix_nigripes	Piliocolobus_tephrosceles	9.88	8.75	0.0945763222531958
Cercopithecidae	CONTROL	Trachypithecus_hatinhensis	Macaca_mulatta	7.275	5.96	0.0942690290675915
Cercopithecidae	CONTROL	Piliocolobus_kirkii	Presbytis_mitrata	6.9	5.8	0.0941436758555741
Cercopithecidae	CONTROL	Trachypithecus_laotum	Trachypithecus_cristatus	7	6.25	0.0940153636134518
Cercopithecidae	CONTROL	Pygathrix_nemaeus	Colobus_angolensis	9.72	8.6	0.0940098742165418
Cercopithecidae	CONTROL	Trachypithecus_phayrei	Macaca_siberu	7.44	6.165	0.093812586057634
Cercopithecidae	CONTROL	Presbytis_comata	Cercopithecus_nictitans	6.7	5.46	0.0937790356800065
Cercopithecidae	CONTROL	Cercocebus_torquatus	Lophocebus_aterrimus	7.5	6.8	0.0936823411688804
Cercopithecidae	CONTROL	Colobus_angolensis	Trachypithecus_francoisi	8.6	7.52	0.0934722376676327
Cercopithecidae	CONTROL	Cercopithecus_roloway	Cercopithecus_lowei	4.55	3.9	0.0934257709937513
Cercopithecidae	CONTROL	Macaca_mulatta	Cercopithecus_mitis	5.96	4.89	0.0932960203350285
Cercopithecidae	CONTROL	Trachypithecus_francoisi	Macaca_siberu	7.52	6.165	0.0930089499041243
Cercopithecidae	CONTROL	Pygathrix_cinerea	Piliocolobus_tephrosceles	9.98	8.75	0.092964273804524
Cercopithecidae	CONTROL	Macaca_leonina	Macaca_siberu	6.7	6.165	0.0928815297672463
Cercopithecidae	CONTROL	Semnopithecus_hypoleucos	Macaca_tonkeana	13.1	11.95	0.092832847288322
Cercopithecidae	CONTROL	Allochrocebus_lhoesti	Cercopithecus_roloway	5.5	4.55	0.092808933936808
Cercopithecidae	CONTROL	Colobus_polykomos	Macaca_maura	9.1	7.88	0.0926229098053592
Cercopithecidae	CONTROL	Erythrocebus_patas	Trachypithecus_leucocephalus	9.45	8.285	0.0924732705665786
Cercopithecidae	CONTROL	Presbytis_comata	Allochrocebus_lhoesti	6.7	5.5	0.0921020281553283
Cercopithecidae	CONTROL	Macaca_siberu	Allenopithecus_nigroviridis	6.165	5.3	0.0920908472051974
Cercopithecidae	CONTROL	Trachypithecus_cristatus	Cercopithecus_mitis	6.25	4.89	0.0920496668484169
Cercopithecidae	CONTROL	Trachypithecus_crepusculus	Macaca_cyclopis	6.65	5.47	0.0918513686884645
Cercopithecidae	CONTROL	Allenopithecus_nigroviridis	Allochrocebus_preussi	5.3	4.525	0.0917451359417074
Cercopithecidae	CONTROL	Trachypithecus_phayrei	Trachypithecus_obscurus	7.44	6.99	0.091499184183496
Cercopithecidae	CONTROL	Cercocebus_chrysogaster	Macaca_assamensis	9.75	9	0.0914655623195141
Cercopithecidae	CONTROL	Macaca_arctoides	Erythrocebus_patas	10.3	9.45	0.0914262223605936
Cercopithecidae	CONTROL	Trachypithecus_pileatus	Cercocebus_chrysogaster	10.93	9.75	0.0913047078520426
Cercopithecidae	CONTROL	Cercopithecus_nictitans	Allochrocebus_preussi	5.46	4.525	0.0911299267107996
Cercopithecidae	CONTROL	Cercocebus_torquatus	Macaca_leonina	7.5	6.7	0.0909823852605953
Cercopithecidae	CONTROL	Presbytis_comata	Macaca_cyclopis	6.7	5.47	0.0909542829821671
Cercopithecidae	CONTROL	Allochrocebus_preussi	Cercopithecus_pogonias	4.525	3.58	0.0908491169293921
Cercopithecidae	CONTROL	Trachypithecus_geei	Macaca_assamensis	10.15	9	0.0905586785155489
Cercopithecidae	CONTROL	Presbytis_mitrata	Chlorocebus_pygerythrus	5.8	4.665	0.0905560689289602
Cercopithecidae	CONTROL	Macaca_maura	Trachypithecus_crepusculus	7.88	6.65	0.0905214585854942
Cercopithecidae	CONTROL	Trachypithecus_cristatus	Macaca_radiata	6.25	5.14	0.0903070166353057
Cercopithecidae	CONTROL	Trachypithecus_francoisi	Trachypithecus_laotum	7.52	7	0.0901181249184097
Cercopithecidae	CONTROL	Piliocolobus_tephrosceles	Macaca_silenus	8.75	7.5	0.0897506285543259
Cercopithecidae	CONTROL	Allochrocebus_solatus	Macaca_cyclopis	6.35	5.47	0.0887930997837269
Cercopithecidae	CONTROL	Cercopithecus_mitis	Macaca_fascicularis	4.89	4.03	0.0887063786082773
Cercopithecidae	CONTROL	Lophocebus_aterrimus	Macaca_mulatta	6.8	5.96	0.088340546994871
Cercopithecidae	CONTROL	Macaca_maura	Presbytis_comata	7.88	6.7	0.0883147521157902
Cercopithecidae	CONTROL	Colobus_angolensis	Cercocebus_torquatus	8.6	7.5	0.0881342053156028
Cercopithecidae	CONTROL	Cercocebus_lunulatus	Allochrocebus_solatus	7.28	6.35	0.0880613644926633
Cercopithecidae	CONTROL	Semnopithecus_entellus	Macaca_arctoides	11.44	10.3	0.0879646997377308
Cercopithecidae	CONTROL	Allochrocebus_preussi	Cercopithecus_petaurista	4.525	3.65	0.0879609739789466
Cercopithecidae	CONTROL	Trachypithecus_crepusculus	Allochrocebus_lhoesti	6.65	5.5	0.0879090145626015
Cercopithecidae	CONTROL	Trachypithecus_crepusculus	Cercopithecus_nictitans	6.65	5.46	0.0875007866185092
Cercopithecidae	CONTROL	Cercopithecus_diana	Cercopithecus_lowei	4.5	3.9	0.0873367723136587
Cercopithecidae	CONTROL	Macaca_mulatta	Macaca_cyclopis	5.96	5.47	0.0871305342983253
Cercopithecidae	CONTROL	Semnopithecus_vetulus	Macaca_mulatta	7.03	5.96	0.0870851820884162
Cercopithecidae	CONTROL	Colobus_angolensis	Macaca_silenus	8.6	7.5	0.0870850045759425
Cercopithecidae	CONTROL	Trachypithecus_germaini	Macaca_nigra	8.83	7.68	0.0869325263708935
Cercopithecidae	CONTROL	Macaca_fuscata	Trachypithecus_leucocephalus	9.5	8.285	0.0868822104989343
Cercopithecidae	CONTROL	Macaca_fuscata	Macaca_nemestrina	9.5	8.89	0.0868025078213902
Cercopithecidae	CONTROL	Chlorocebus_pygerythrus	Cercopithecus_lowei	4.665	3.9	0.0864828942941018
Cercopithecidae	CONTROL	Macaca_cyclopis	Cercopithecus_roloway	5.47	4.55	0.0856323004496483
Cercopithecidae	CONTROL	Macaca_fascicularis	Cercopithecus_ascanius	4.03	3.24	0.0850044351665731
Cercopithecidae	CONTROL	Macaca_fuscata	Macaca_assamensis	9.5	9	0.0847952868447464
Cercopithecidae	CONTROL	Piliocolobus_tephrosceles	Piliocolobus_badius	8.75	8.25	0.0844438423210176
Cercopithecidae	CONTROL	Trachypithecus_laotum	Macaca_mulatta	7	5.96	0.0842916180536523
Cercopithecidae	CONTROL	Pygathrix_cinerea	Colobus_guereza	9.98	8.89	0.0842733626171576
Cercopithecidae	CONTROL	Piliocolobus_badius	Trachypithecus_hatinhensis	8.25	7.275	0.0841666584231006
Cercopithecidae	CONTROL	Cercopithecus_hamlyni	Cercopithecus_lowei	4.43	3.9	0.08321764630187
Cercopithecidae	CONTROL	Lophocebus_aterrimus	Presbytis_mitrata	6.8	5.8	0.0830941951876165
Cercopithecidae	CONTROL	Semnopithecus_johnii	Trachypithecus_pileatus	11.6	10.93	0.083084095715435
Cercopithecidae	CONTROL	Pygathrix_nemaeus	Trachypithecus_germaini	9.72	8.83	0.08308344389346
Cercopithecidae	CONTROL	Colobus_polykomos	Piliocolobus_badius	9.1	8.25	0.0825277872279544
Cercopithecidae	CONTROL	Trachypithecus_pileatus	Pygathrix_cinerea	10.93	9.98	0.0822907000574624
Cercopithecidae	CONTROL	Macaca_cyclopis	Chlorocebus_pygerythrus	5.47	4.665	0.0822207349533134
Cercopithecidae	CONTROL	Trachypithecus_francoisi	Allochrocebus_solatus	7.52	6.35	0.0820946491354551
Cercopithecidae	CONTROL	Colobus_guereza	Macaca_maura	8.89	7.88	0.0820064995985658
Cercopithecidae	CONTROL	Trachypithecus_hatinhensis	Trachypithecus_crepusculus	7.275	6.65	0.0819416558684104
Cercopithecidae	CONTROL	Cercopithecus_mona	Cercopithecus_pogonias	4.05	3.58	0.0818979091929914
Cercopithecidae	CONTROL	Cercopithecus_mona	Cercopithecus_cephus	4.05	3.48	0.0818837100805157
Cercopithecidae	CONTROL	Cercocebus_lunulatus	Trachypithecus_cristatus	7.28	6.25	0.0818585716565086
Cercopithecidae	CONTROL	Piliocolobus_badius	Cercocebus_lunulatus	8.25	7.28	0.081769797559597
Cercopithecidae	CONTROL	Macaca_tonkeana	Trachypithecus_pileatus	11.95	10.93	0.0817237968237349
Cercopithecidae	CONTROL	Trachypithecus_hatinhensis	Macaca_siberu	7.275	6.165	0.0816215911893629
Cercopithecidae	CONTROL	Pygathrix_nemaeus	Piliocolobus_tephrosceles	9.72	8.75	0.0808010135356638
Cercopithecidae	CONTROL	Trachypithecus_francoisi	Trachypithecus_obscurus	7.52	6.99	0.0807906018299658
Cercopithecidae	CONTROL	Piliocolobus_tephrosceles	Macaca_nigra	8.75	7.68	0.0803172029369661
Cercopithecidae	CONTROL	Trachypithecus_crepusculus	Presbytis_mitrata	6.65	5.8	0.0802107658680058
Cercopithecidae	CONTROL	Pygathrix_cinerea	Macaca_nemestrina	9.98	8.89	0.080075626142931
Cercopithecidae	CONTROL	Macaca_nigra	Trachypithecus_crepusculus	7.68	6.65	0.0799630176011196
Cercopithecidae	CONTROL	Trachypithecus_obscurus	Macaca_mulatta	6.99	5.96	0.079785369334099
Cercopithecidae	CONTROL	Trachypithecus_phayrei	Allochrocebus_solatus	7.44	6.35	0.079221813258279
Cercopithecidae	CONTROL	Piliocolobus_gordonorum	Macaca_mulatta	7.05	5.96	0.0790751998459747
Cercopithecidae	CONTROL	Piliocolobus_badius	Trachypithecus_phayrei	8.25	7.44	0.0787793330758765
Cercopithecidae	CONTROL	Papio_hamadryas	Rhinopithecus_bieti	13.4	12.48	0.0787742904307766
Cercopithecidae	CONTROL	Colobus_polykomos	Colobus_angolensis	9.1	8.6	0.078765816510388
Cercopithecidae	CONTROL	Lophocebus_aterrimus	Macaca_siberu	6.8	6.165	0.0786997141997231
Cercopithecidae	CONTROL	Papio_papio	Papio_cynocephalus	17.5	17.05	0.0786271142489039
Cercopithecidae	CONTROL	Allochrocebus_solatus	Cercopithecus_neglectus	6.35	5.74	0.0784479775213361
Cercopithecidae	CONTROL	Pygathrix_nigripes	Colobus_guereza	9.88	8.89	0.0775350296028829
Cercopithecidae	CONTROL	Macaca_maura	Piliocolobus_kirkii	7.88	6.9	0.0772758609944962
Cercopithecidae	CONTROL	Macaca_mulatta	Allenopithecus_nigroviridis	5.96	5.3	0.0772442491899268
Cercopithecidae	CONTROL	Macaca_nigra	Presbytis_comata	7.68	6.7	0.0768413242605467
Cercopithecidae	CONTROL	Cercocebus_chrysogaster	Piliocolobus_tephrosceles	9.75	8.75	0.0767895983416147
Cercopithecidae	CONTROL	Papio_cynocephalus	Papio_anubis	17.05	16.65	0.0764746950090598
Cercopithecidae	CONTROL	Pygathrix_nigripes	Macaca_nemestrina	9.88	8.89	0.0763758901609864
Cercopithecidae	CONTROL	Macaca_silenus	Lophocebus_aterrimus	7.5	6.8	0.0754338519379595
Cercopithecidae	CONTROL	Trachypithecus_germaini	Trachypithecus_leucocephalus	8.83	8.285	0.074969027111374
Cercopithecidae	CONTROL	Cercopithecus_mitis	Cercopithecus_hamlyni	4.89	4.43	0.0749559550261928
Cercopithecidae	CONTROL	Papio_anubis	Nasalis_larvatus	16.65	15.75	0.0747969548607739
Cercopithecidae	CONTROL	Macaca_radiata	Cercopithecus_hamlyni	5.14	4.43	0.0742736522820673
Cercopithecidae	CONTROL	Trachypithecus_cristatus	Allenopithecus_nigroviridis	6.25	5.3	0.0739818181284654
Cercopithecidae	CONTROL	Trachypithecus_leucocephalus	Cercocebus_lunulatus	8.285	7.28	0.0735764451811459
Cercopithecidae	CONTROL	Colobus_angolensis	Macaca_nigra	8.6	7.68	0.0729827744171785
Cercopithecidae	CONTROL	Trachypithecus_obscurus	Trachypithecus_crepusculus	6.99	6.65	0.0728234138820959
Cercopithecidae	CONTROL	Cercopithecus_petaurista	Cercopithecus_ascanius	3.65	3.24	0.0726333923315079
Cercopithecidae	CONTROL	Chlorocebus_pygerythrus	Cercopithecus_mona	4.665	4.05	0.0720714630647549
Cercopithecidae	CONTROL	Pygathrix_cinerea	Macaca_assamensis	9.98	9	0.0718729274198469
Cercopithecidae	CONTROL	Piliocolobus_kirkii	Macaca_mulatta	6.9	5.96	0.0718709068199217
Cercopithecidae	CONTROL	Cercocebus_chrysogaster	Trachypithecus_germaini	9.75	8.83	0.0718046121335549
Cercopithecidae	CONTROL	Trachypithecus_crepusculus	Cercopithecus_neglectus	6.65	5.74	0.071425737841631
Cercopithecidae	CONTROL	Chlorocebus_pygerythrus	Macaca_fascicularis	4.665	4.03	0.0713816986863637
Cercopithecidae	CONTROL	Trachypithecus_francoisi	Presbytis_comata	7.52	6.7	0.0710327269094315
Cercopithecidae	CONTROL	Trachypithecus_phayrei	Presbytis_comata	7.44	6.7	0.0709331403982683
Cercopithecidae	CONTROL	Trachypithecus_hatinhensis	Allochrocebus_solatus	7.275	6.35	0.0708847769869475
Cercopithecidae	CONTROL	Pygathrix_nemaeus	Colobus_guereza	9.72	8.89	0.0708493059560584
Cercopithecidae	CONTROL	Presbytis_mitrata	Cercopithecus_mitis	5.8	4.89	0.0707514245235431
Cercopithecidae	CONTROL	Erythrocebus_patas	Colobus_angolensis	9.45	8.6	0.0706003762756725
Cercopithecidae	CONTROL	Pygathrix_nigripes	Macaca_assamensis	9.88	9	0.0701131419240657
Cercopithecidae	CONTROL	Colobus_polykomos	Trachypithecus_leucocephalus	9.1	8.285	0.0699993467500735
Cercopithecidae	CONTROL	Papio_hamadryas	Papio_kindae	13.4	13	0.0697422195108731
Cercopithecidae	CONTROL	Cercopithecus_roloway	Cercopithecus_mona	4.55	4.05	0.0689775632828128
Cercopithecidae	CONTROL	Presbytis_comata	Cercopithecus_neglectus	6.7	5.74	0.0687965029361225
Cercopithecidae	CONTROL	Piliocolobus_gordonorum	Trachypithecus_cristatus	7.05	6.25	0.0680484847798701
Cercopithecidae	CONTROL	Trachypithecus_obscurus	Macaca_siberu	6.99	6.165	0.0675697892192552
Cercopithecidae	CONTROL	Macaca_fuscata	Colobus_angolensis	9.5	8.6	0.0673483796705627
Cercopithecidae	CONTROL	Macaca_siberu	Allochrocebus_lhoesti	6.165	5.5	0.0672547810406747
Cercopithecidae	CONTROL	Cercopithecus_diana	Cercopithecus_mona	4.5	4.05	0.0672398945593917
Cercopithecidae	CONTROL	Pygathrix_cinerea	Colobus_polykomos	9.98	9.1	0.0664733202496567
Cercopithecidae	CONTROL	Piliocolobus_gordonorum	Macaca_siberu	7.05	6.165	0.0663506192648846
Cercopithecidae	CONTROL	Macaca_maura	Piliocolobus_gordonorum	7.88	7.05	0.0662553630697232
Cercopithecidae	CONTROL	Trachypithecus_germaini	Macaca_maura	8.83	7.88	0.0662144389854424
Cercopithecidae	CONTROL	Semnopithecus_hypoleucos	Rhinopithecus_bieti	13.1	12.48	0.0659694602075203
Cercopithecidae	CONTROL	Cercopithecus_neglectus	Allenopithecus_nigroviridis	5.74	5.3	0.0659472202866975
Cercopithecidae	CONTROL	Piliocolobus_badius	Trachypithecus_francoisi	8.25	7.52	0.0657020314480102
Cercopithecidae	CONTROL	Macaca_silenus	Trachypithecus_crepusculus	7.5	6.65	0.0656775188850297
Cercopithecidae	CONTROL	Pygathrix_nigripes	Colobus_polykomos	9.88	9.1	0.0656593113664559
Cercopithecidae	CONTROL	Cercocebus_chrysogaster	Colobus_guereza	9.75	8.89	0.0656551459798499
Cercopithecidae	CONTROL	Trachypithecus_laotum	Macaca_siberu	7	6.165	0.0656203078277628
Cercopithecidae	CONTROL	Semnopithecus_vetulus	Macaca_siberu	7.03	6.165	0.0654787513676348
Cercopithecidae	CONTROL	Cercocebus_torquatus	Trachypithecus_crepusculus	7.5	6.65	0.0654165617954179
Cercopithecidae	CONTROL	Macaca_siberu	Cercopithecus_nictitans	6.165	5.46	0.0653470187516246
Cercopithecidae	CONTROL	Colobus_guereza	Piliocolobus_badius	8.89	8.25	0.0652836694983444
Cercopithecidae	CONTROL	Macaca_radiata	Cercopithecus_diana	5.14	4.5	0.0652755888643874
Cercopithecidae	CONTROL	Cercopithecus_lowei	Cercopithecus_pogonias	3.9	3.58	0.065264065011159
Cercopithecidae	CONTROL	Allochrocebus_preussi	Cercopithecus_lowei	4.525	3.9	0.0648977014518361
Cercopithecidae	CONTROL	Macaca_maura	Semnopithecus_vetulus	7.88	7.03	0.0647111617366783
Cercopithecidae	CONTROL	Macaca_maura	Trachypithecus_obscurus	7.88	6.99	0.064695589638019
Cercopithecidae	CONTROL	Cercopithecus_neglectus	Macaca_radiata	5.74	5.14	0.0645475098398832
Cercopithecidae	CONTROL	Cercocebus_lunulatus	Macaca_leonina	7.28	6.7	0.0642673692060097
Cercopithecidae	CONTROL	Trachypithecus_francoisi	Semnopithecus_vetulus	7.52	7.03	0.0641508775964089
Cercopithecidae	CONTROL	Cercopithecus_mona	Cercopithecus_petaurista	4.05	3.65	0.063961943435361
Cercopithecidae	CONTROL	Piliocolobus_badius	Cercocebus_torquatus	8.25	7.5	0.063932068625914
Cercopithecidae	CONTROL	Cercocebus_lunulatus	Lophocebus_aterrimus	7.28	6.8	0.0637495813477071
Cercopithecidae	CONTROL	Trachypithecus_francoisi	Macaca_leonina	7.52	6.7	0.0636146743020866
Cercopithecidae	CONTROL	Trachypithecus_leucocephalus	Cercocebus_torquatus	8.285	7.5	0.0633453092792131
Cercopithecidae	CONTROL	Piliocolobus_tephrosceles	Macaca_maura	8.75	7.88	0.0632431812974082
Cercopithecidae	CONTROL	Macaca_arctoides	Cercocebus_chrysogaster	10.3	9.75	0.0630626586306006
Cercopithecidae	CONTROL	Cercocebus_torquatus	Presbytis_comata	7.5	6.7	0.0628198952046197
Cercopithecidae	CONTROL	Macaca_thibetana	Rhinopithecus_roxellana	15.55	14.75	0.0627005242747635
Cercopithecidae	CONTROL	Macaca_maura	Trachypithecus_laotum	7.88	7	0.0626279994914913
Cercopithecidae	CONTROL	Pygathrix_nemaeus	Macaca_nemestrina	9.72	8.89	0.0624117741727507
Cercopithecidae	CONTROL	Trachypithecus_phayrei	Trachypithecus_laotum	7.44	7	0.0619019379324972
Cercopithecidae	CONTROL	Cercopithecus_hamlyni	Cercopithecus_mona	4.43	4.05	0.0618959840916612
Cercopithecidae	CONTROL	Allochrocebus_lhoesti	Cercopithecus_mitis	5.5	4.89	0.060890837698084
Cercopithecidae	CONTROL	Macaca_maura	Macaca_silenus	7.88	7.5	0.0607604989666259
Cercopithecidae	CONTROL	Trachypithecus_crepusculus	Trachypithecus_cristatus	6.65	6.25	0.0607078105362171
Cercopithecidae	CONTROL	Macaca_maura	Cercocebus_lunulatus	7.88	7.28	0.0606865140223763
Cercopithecidae	CONTROL	Macaca_assamensis	Piliocolobus_badius	9	8.25	0.0604756536385312
Cercopithecidae	CONTROL	Macaca_leonina	Presbytis_mitrata	6.7	5.8	0.0601550397100506
Cercopithecidae	CONTROL	Trachypithecus_cristatus	Macaca_cyclopis	6.25	5.47	0.0601077172260982
Cercopithecidae	CONTROL	Macaca_nigra	Piliocolobus_kirkii	7.68	6.9	0.0597189000604143
Cercopithecidae	CONTROL	Macaca_radiata	Cercopithecus_roloway	5.14	4.55	0.0592945105876142
Cercopithecidae	CONTROL	Colobus_angolensis	Macaca_maura	8.6	7.88	0.0588473487521579
Cercopithecidae	CONTROL	Trachypithecus_phayrei	Semnopithecus_vetulus	7.44	7.03	0.0583634997279198
Cercopithecidae	CONTROL	Allenopithecus_nigroviridis	Cercopithecus_mitis	5.3	4.89	0.0581121537037702
Cercopithecidae	CONTROL	Macaca_silenus	Presbytis_comata	7.5	6.7	0.0580687414344155
Cercopithecidae	CONTROL	Pygathrix_nemaeus	Macaca_assamensis	9.72	9	0.0579241498931794
Cercopithecidae	CONTROL	Cercopithecus_lowei	Cercopithecus_cephus	3.9	3.48	0.0578211233127533
Cercopithecidae	CONTROL	Macaca_fuscata	Piliocolobus_tephrosceles	9.5	8.75	0.0576085077785331
Cercopithecidae	CONTROL	Macaca_radiata	Allochrocebus_preussi	5.14	4.525	0.0575509028887935
Cercopithecidae	CONTROL	Semnopithecus_entellus	Trachypithecus_pileatus	11.44	10.93	0.0572841198240655
Cercopithecidae	CONTROL	Macaca_nigra	Semnopithecus_vetulus	7.68	7.03	0.0566052974224467
Cercopithecidae	CONTROL	Trachypithecus_leucocephalus	Macaca_silenus	8.285	7.5	0.0563893710588685
Cercopithecidae	CONTROL	Erythrocebus_patas	Piliocolobus_tephrosceles	9.45	8.75	0.0563657401512828
Cercopithecidae	CONTROL	Macaca_fascicularis	Cercopithecus_cephus	4.03	3.48	0.0563018785452132
Cercopithecidae	CONTROL	Cercopithecus_mitis	Cercopithecus_diana	4.89	4.5	0.0560134379174424
Cercopithecidae	CONTROL	Trachypithecus_geei	Erythrocebus_patas	10.15	9.45	0.0558245640075901
Cercopithecidae	CONTROL	Macaca_nigra	Trachypithecus_obscurus	7.68	6.99	0.0557241147068584
Cercopithecidae	CONTROL	Trachypithecus_cristatus	Cercopithecus_nictitans	6.25	5.46	0.0552992985309979
Cercopithecidae	CONTROL	Trachypithecus_hatinhensis	Presbytis_comata	7.275	6.7	0.0552913755522395
Cercopithecidae	CONTROL	Piliocolobus_gordonorum	Allochrocebus_solatus	7.05	6.35	0.055228201159947
Cercopithecidae	CONTROL	Piliocolobus_badius	Macaca_silenus	8.25	7.5	0.0550715793622396
Cercopithecidae	CONTROL	Piliocolobus_kirkii	Macaca_siberu	6.9	6.165	0.0549074255542901
Cercopithecidae	CONTROL	Presbytis_comata	Macaca_mulatta	6.7	5.96	0.0548911711927159
Cercopithecidae	CONTROL	Semnopithecus_vetulus	Allochrocebus_solatus	7.03	6.35	0.0548389452708764
Cercopithecidae	CONTROL	Trachypithecus_francoisi	Lophocebus_aterrimus	7.52	6.8	0.0543538571796176
Cercopithecidae	CONTROL	Piliocolobus_kirkii	Trachypithecus_cristatus	6.9	6.25	0.054201396504999
Cercopithecidae	CONTROL	Erythrocebus_patas	Macaca_nemestrina	9.45	8.89	0.0540952612368123
Cercopithecidae	CONTROL	Trachypithecus_germaini	Piliocolobus_badius	8.83	8.25	0.0537111836995952
Cercopithecidae	CONTROL	Pygathrix_nemaeus	Colobus_polykomos	9.72	9.1	0.0536523131492655
Cercopithecidae	CONTROL	Macaca_cyclopis	Macaca_radiata	5.47	5.14	0.0535602348674873
Cercopithecidae	CONTROL	Trachypithecus_cristatus	Allochrocebus_lhoesti	6.25	5.5	0.0534711057792133
Cercopithecidae	CONTROL	Macaca_nigra	Trachypithecus_laotum	7.68	7	0.0530272405299481
Cercopithecidae	CONTROL	Trachypithecus_laotum	Trachypithecus_crepusculus	7	6.65	0.0529879201552983
Cercopithecidae	CONTROL	Semnopithecus_vetulus	Trachypithecus_crepusculus	7.03	6.65	0.0519779398169639
Cercopithecidae	CONTROL	Trachypithecus_phayrei	Macaca_leonina	7.44	6.7	0.0516865887055147
Cercopithecidae	CONTROL	Macaca_fuscata	Trachypithecus_germaini	9.5	8.83	0.0515330608563845
Cercopithecidae	CONTROL	Trachypithecus_hatinhensis	Trachypithecus_laotum	7.275	7	0.0513432515746988
Cercopithecidae	CONTROL	Macaca_cyclopis	Cercopithecus_mitis	5.47	4.89	0.0513210103395518
Cercopithecidae	CONTROL	Erythrocebus_patas	Trachypithecus_germaini	9.45	8.83	0.0512240855932182
Cercopithecidae	CONTROL	Trachypithecus_crepusculus	Macaca_mulatta	6.65	5.96	0.0509753048745896
Cercopithecidae	CONTROL	Macaca_nemestrina	Piliocolobus_badius	8.89	8.25	0.0508991211771246
Cercopithecidae	CONTROL	Trachypithecus_geei	Macaca_fuscata	10.15	9.5	0.0506648413400764
Cercopithecidae	CONTROL	Allochrocebus_preussi	Cercopithecus_mona	4.525	4.05	0.0505917322311311
Cercopithecidae	CONTROL	Cercopithecus_pogonias	Cercopithecus_ascanius	3.58	3.24	0.0505380546368247
Cercopithecidae	CONTROL	Presbytis_mitrata	Macaca_radiata	5.8	5.14	0.0499803264752803
Cercopithecidae	CONTROL	Cercocebus_lunulatus	Trachypithecus_crepusculus	7.28	6.65	0.0498494920264804
Cercopithecidae	CONTROL	Macaca_assamensis	Trachypithecus_leucocephalus	9	8.285	0.049555359714242
Cercopithecidae	CONTROL	Erythrocebus_patas	Macaca_assamensis	9.45	9	0.0494596772405686
Cercopithecidae	CONTROL	Macaca_nigra	Piliocolobus_gordonorum	7.68	7.05	0.048987460092617
Cercopithecidae	CONTROL	Cercocebus_torquatus	Piliocolobus_kirkii	7.5	6.9	0.0486072121462285
Cercopithecidae	CONTROL	Colobus_guereza	Colobus_angolensis	8.89	8.6	0.0485745200841156
Cercopithecidae	CONTROL	Lophocebus_aterrimus	Allochrocebus_solatus	6.8	6.35	0.0484212668833539
Cercopithecidae	CONTROL	Theropithecus_gelada	Rhinopithecus_roxellana	15.35	14.75	0.0483607083708571
Cercopithecidae	CONTROL	Pygathrix_cinerea	Pygathrix_nemaeus	9.98	9.72	0.0482681429425459
Cercopithecidae	CONTROL	Cercopithecus_mitis	Cercopithecus_roloway	4.89	4.55	0.0482138463772361
Cercopithecidae	CONTROL	Macaca_radiata	Chlorocebus_pygerythrus	5.14	4.665	0.0477895431720236
Cercopithecidae	CONTROL	Macaca_fuscata	Colobus_guereza	9.5	8.89	0.0476550847757865
Cercopithecidae	CONTROL	Trachypithecus_obscurus	Allochrocebus_solatus	6.99	6.35	0.0475844025372567
Cercopithecidae	CONTROL	Colobus_guereza	Trachypithecus_leucocephalus	8.89	8.285	0.0475419843360338
Cercopithecidae	CONTROL	Trachypithecus_francoisi	Piliocolobus_kirkii	7.52	6.9	0.0473215335184986
Cercopithecidae	CONTROL	Trachypithecus_phayrei	Lophocebus_aterrimus	7.44	6.8	0.0468408449512412
Cercopithecidae	CONTROL	Cercopithecus_cephus	Cercopithecus_ascanius	3.48	3.24	0.0468347274570165
Cercopithecidae	CONTROL	Cercocebus_lunulatus	Presbytis_comata	7.28	6.7	0.046742593228111
Cercopithecidae	CONTROL	Trachypithecus_phayrei	Piliocolobus_kirkii	7.44	6.9	0.0467205194128096
Cercopithecidae	CONTROL	Macaca_arctoides	Pygathrix_nemaeus	10.3	9.72	0.0464928186840689
Cercopithecidae	CONTROL	Macaca_mulatta	Allochrocebus_lhoesti	5.96	5.5	0.0462661602086905
Cercopithecidae	CONTROL	Cercopithecus_roloway	Macaca_fascicularis	4.55	4.03	0.0462082537890065
Cercopithecidae	CONTROL	Trachypithecus_leucocephalus	Macaca_nigra	8.285	7.68	0.0460291553096226
Cercopithecidae	CONTROL	Cercopithecus_diana	Macaca_fascicularis	4.5	4.03	0.045947944627207
Cercopithecidae	CONTROL	Allochrocebus_preussi	Macaca_fascicularis	4.525	4.03	0.0459279061017603
Cercopithecidae	CONTROL	Macaca_maura	Trachypithecus_hatinhensis	7.88	7.275	0.0459184003649604
Cercopithecidae	CONTROL	Macaca_nemestrina	Trachypithecus_leucocephalus	8.89	8.285	0.0454938628101843
Cercopithecidae	CONTROL	Cercocebus_chrysogaster	Colobus_polykomos	9.75	9.1	0.0453396350579857
Cercopithecidae	CONTROL	Macaca_silenus	Piliocolobus_kirkii	7.5	6.9	0.0451643097550721
Cercopithecidae	CONTROL	Trachypithecus_laotum	Allochrocebus_solatus	7	6.35	0.0449406284168522
Cercopithecidae	CONTROL	Trachypithecus_pileatus	Macaca_arctoides	10.93	10.3	0.0447366310510423
Cercopithecidae	CONTROL	Piliocolobus_badius	Macaca_nigra	8.25	7.68	0.0446951146995133
Cercopithecidae	CONTROL	Cercopithecus_hamlyni	Macaca_fascicularis	4.43	4.03	0.044309304093771
Cercopithecidae	CONTROL	Trachypithecus_hatinhensis	Macaca_leonina	7.275	6.7	0.0439968261029967
Cercopithecidae	CONTROL	Macaca_fascicularis	Cercopithecus_pogonias	4.03	3.58	0.0439825132817216
Cercopithecidae	CONTROL	Cercopithecus_neglectus	Cercopithecus_nictitans	5.74	5.46	0.0437062190459358
Cercopithecidae	CONTROL	Trachypithecus_francoisi	Trachypithecus_hatinhensis	7.52	7.275	0.043174868916578
Cercopithecidae	CONTROL	Macaca_maura	Cercocebus_torquatus	7.88	7.5	0.0431671610242183
Cercopithecidae	CONTROL	Trachypithecus_cristatus	Cercopithecus_neglectus	6.25	5.74	0.0430774590406132
Cercopithecidae	CONTROL	Macaca_siberu	Cercopithecus_neglectus	6.165	5.74	0.0430009158414089
Cercopithecidae	CONTROL	Macaca_mulatta	Cercopithecus_nictitans	5.96	5.46	0.042964859847688
Cercopithecidae	CONTROL	Colobus_polykomos	Colobus_guereza	9.1	8.89	0.0427330300694002
Cercopithecidae	CONTROL	Trachypithecus_hatinhensis	Trachypithecus_obscurus	7.275	6.99	0.0426906671822084
Cercopithecidae	CONTROL	Presbytis_mitrata	Allenopithecus_nigroviridis	5.8	5.3	0.0425386643872139
Cercopithecidae	CONTROL	Macaca_nigra	Cercocebus_lunulatus	7.68	7.28	0.0423956930780331
Cercopithecidae	CONTROL	Presbytis_comata	Trachypithecus_cristatus	6.7	6.25	0.0423009388117236
Cercopithecidae	CONTROL	Erythrocebus_patas	Colobus_guereza	9.45	8.89	0.0420296266442952
Cercopithecidae	CONTROL	Rhinopithecus_bieti	Macaca_tonkeana	12.48	11.95	0.0420220351055533
Cercopithecidae	CONTROL	Allochrocebus_solatus	Presbytis_mitrata	6.35	5.8	0.0418390894573467
Cercopithecidae	CONTROL	Papio_kindae	Rhinopithecus_bieti	13	12.48	0.0417014969891184
Cercopithecidae	CONTROL	Trachypithecus_cristatus	Presbytis_mitrata	6.25	5.8	0.0415956622245748
Cercopithecidae	CONTROL	Piliocolobus_kirkii	Allochrocebus_solatus	6.9	6.35	0.0411977701876592
Cercopithecidae	CONTROL	Pygathrix_cinerea	Erythrocebus_patas	9.98	9.45	0.0411881293900562
Cercopithecidae	CONTROL	Cercopithecus_lowei	Cercopithecus_petaurista	3.9	3.65	0.0411724901788207
Cercopithecidae	CONTROL	Cercocebus_torquatus	Cercocebus_lunulatus	7.5	7.28	0.0409923073675569
Cercopithecidae	CONTROL	Allochrocebus_solatus	Macaca_mulatta	6.35	5.96	0.0408272755387942
Cercopithecidae	CONTROL	Lophocebus_aterrimus	Trachypithecus_cristatus	6.8	6.25	0.040481846234793
Cercopithecidae	CONTROL	Macaca_maura	Macaca_nigra	7.88	7.68	0.0400833549117252
Cercopithecidae	CONTROL	Macaca_silenus	Trachypithecus_obscurus	7.5	6.99	0.039891318265666
Cercopithecidae	CONTROL	Macaca_tonkeana	Semnopithecus_entellus	11.95	11.44	0.039806355363849
Cercopithecidae	CONTROL	Cercocebus_torquatus	Trachypithecus_obscurus	7.5	6.99	0.039532586103789
Cercopithecidae	CONTROL	Trachypithecus_geei	Pygathrix_nemaeus	10.15	9.72	0.0394005234475323
Cercopithecidae	CONTROL	Piliocolobus_tephrosceles	Trachypithecus_leucocephalus	8.75	8.285	0.0391584674140349
Cercopithecidae	CONTROL	Cercocebus_torquatus	Trachypithecus_laotum	7.5	7	0.0390736204512957
Cercopithecidae	CONTROL	Presbytis_comata	Macaca_siberu	6.7	6.165	0.0389557707348429
Cercopithecidae	CONTROL	Trachypithecus_francoisi	Piliocolobus_gordonorum	7.52	7.05	0.0387935981534726
Cercopithecidae	CONTROL	Macaca_silenus	Semnopithecus_vetulus	7.5	7.03	0.038377219133198
Cercopithecidae	CONTROL	Papio_papio	Semnopithecus_schistaceus	17.5	17	0.0377824994959927
Cercopithecidae	CONTROL	Macaca_fascicularis	Cercopithecus_petaurista	4.03	3.65	0.0375780872453386
Cercopithecidae	CONTROL	Macaca_silenus	Trachypithecus_laotum	7.5	7	0.0375027370075358
Cercopithecidae	CONTROL	Trachypithecus_crepusculus	Macaca_siberu	6.65	6.165	0.0370479558711834
Cercopithecidae	CONTROL	Cercopithecus_mitis	Allochrocebus_preussi	4.89	4.525	0.0366373417747516
Cercopithecidae	CONTROL	Allochrocebus_lhoesti	Macaca_radiata	5.5	5.14	0.0365427815209599
Cercopithecidae	CONTROL	Colobus_angolensis	Piliocolobus_badius	8.6	8.25	0.0357584061365888
Cercopithecidae	CONTROL	Cercocebus_torquatus	Semnopithecus_vetulus	7.5	7.03	0.0355997889858971
Cercopithecidae	CONTROL	Macaca_assamensis	Colobus_angolensis	9	8.6	0.035548941966689
Cercopithecidae	CONTROL	Nasalis_larvatus	Theropithecus_gelada	15.75	15.35	0.0352527817812603
Cercopithecidae	CONTROL	Pygathrix_nigripes	Erythrocebus_patas	9.88	9.45	0.0351949576741304
Cercopithecidae	CONTROL	Pygathrix_cinerea	Macaca_fuscata	9.98	9.5	0.0346731123265784
Cercopithecidae	CONTROL	Macaca_leonina	Allochrocebus_solatus	6.7	6.35	0.0346377387609664
Cercopithecidae	CONTROL	Macaca_leonina	Trachypithecus_cristatus	6.7	6.25	0.034374911244398
Cercopithecidae	CONTROL	Piliocolobus_gordonorum	Trachypithecus_crepusculus	7.05	6.65	0.0343687601759719
Cercopithecidae	CONTROL	Trachypithecus_hatinhensis	Lophocebus_aterrimus	7.275	6.8	0.0334115004506022
Cercopithecidae	CONTROL	Semnopithecus_vetulus	Presbytis_comata	7.03	6.7	0.0327916875755621
Cercopithecidae	CONTROL	Trachypithecus_hatinhensis	Semnopithecus_vetulus	7.275	7.03	0.0326918712894302
Cercopithecidae	CONTROL	Cercocebus_chrysogaster	Erythrocebus_patas	9.75	9.45	0.0325836822343622
Cercopithecidae	CONTROL	Macaca_silenus	Piliocolobus_gordonorum	7.5	7.05	0.0325347093251695
Cercopithecidae	CONTROL	Trachypithecus_phayrei	Piliocolobus_gordonorum	7.44	7.05	0.0323084322641392
Cercopithecidae	CONTROL	Macaca_arctoides	Pygathrix_nigripes	10.3	9.88	0.0321544010285907
Cercopithecidae	CONTROL	Cercocebus_torquatus	Piliocolobus_gordonorum	7.5	7.05	0.0315074326693817
Cercopithecidae	CONTROL	Macaca_siberu	Macaca_mulatta	6.165	5.96	0.0314350323109937
Cercopithecidae	CONTROL	Trachypithecus_geei	Cercocebus_chrysogaster	10.15	9.75	0.0311554050469599
Cercopithecidae	CONTROL	Macaca_maura	Trachypithecus_phayrei	7.88	7.44	0.0311342974634425
Cercopithecidae	CONTROL	Chlorocebus_pygerythrus	Cercopithecus_hamlyni	4.665	4.43	0.0309152051926318
Cercopithecidae	CONTROL	Trachypithecus_hatinhensis	Piliocolobus_kirkii	7.275	6.9	0.0306023892818651
Cercopithecidae	CONTROL	Colobus_polykomos	Piliocolobus_tephrosceles	9.1	8.75	0.0304028342151188
Cercopithecidae	CONTROL	Piliocolobus_gordonorum	Piliocolobus_kirkii	7.05	6.9	0.0302047349546202
Cercopithecidae	CONTROL	Trachypithecus_obscurus	Presbytis_comata	6.99	6.7	0.0300804543228443
Cercopithecidae	CONTROL	Cercocebus_lunulatus	Piliocolobus_kirkii	7.28	6.9	0.030014078650633
Cercopithecidae	CONTROL	Macaca_nigra	Trachypithecus_hatinhensis	7.68	7.275	0.0298078366879732
Cercopithecidae	CONTROL	Macaca_nigra	Macaca_silenus	7.68	7.5	0.0297071752597123
Cercopithecidae	CONTROL	Cercopithecus_neglectus	Macaca_cyclopis	5.74	5.47	0.0296723040476074
Cercopithecidae	CONTROL	Cercopithecus_petaurista	Cercopithecus_cephus	3.65	3.48	0.0296481801283722
Cercopithecidae	CONTROL	Pygathrix_nigripes	Macaca_fuscata	9.88	9.5	0.029641144198326
Cercopithecidae	CONTROL	Macaca_fuscata	Colobus_polykomos	9.5	9.1	0.029497345403992
Cercopithecidae	CONTROL	Piliocolobus_badius	Macaca_maura	8.25	7.88	0.0290614384080509
Cercopithecidae	CONTROL	Trachypithecus_leucocephalus	Macaca_maura	8.285	7.88	0.0290095504456105
Cercopithecidae	CONTROL	Cercopithecus_nictitans	Macaca_radiata	5.46	5.14	0.0290006905284144
Cercopithecidae	CONTROL	Macaca_tonkeana	Semnopithecus_johnii	11.95	11.6	0.0281105875518327
Cercopithecidae	CONTROL	Piliocolobus_gordonorum	Presbytis_comata	7.05	6.7	0.0278269029533248
Cercopithecidae	CONTROL	Trachypithecus_laotum	Presbytis_comata	7	6.7	0.0278141402674756
Cercopithecidae	CONTROL	Presbytis_comata	Allochrocebus_solatus	6.7	6.35	0.0276383008895106
Cercopithecidae	CONTROL	Semnopithecus_vetulus	Macaca_leonina	7.03	6.7	0.0275272810389372
Cercopithecidae	CONTROL	Cercopithecus_mona	Cercopithecus_lowei	4.05	3.9	0.0274913472420313
Cercopithecidae	CONTROL	Pygathrix_nigripes	Pygathrix_nemaeus	9.88	9.72	0.0274793999804723
Cercopithecidae	CONTROL	Presbytis_mitrata	Cercopithecus_nictitans	5.8	5.46	0.0274468203525587
Cercopithecidae	CONTROL	Trachypithecus_geei	Pygathrix_nigripes	10.15	9.88	0.0272455277378622
Cercopithecidae	CONTROL	Cercopithecus_neglectus	Allochrocebus_lhoesti	5.74	5.5	0.0269989369891189
Cercopithecidae	CONTROL	Erythrocebus_patas	Colobus_polykomos	9.45	9.1	0.0269641156816807
Cercopithecidae	CONTROL	Cercocebus_chrysogaster	Macaca_fuscata	9.75	9.5	0.0263702798285437
Cercopithecidae	CONTROL	Colobus_angolensis	Trachypithecus_leucocephalus	8.6	8.285	0.0260598449947613
Cercopithecidae	CONTROL	Macaca_silenus	Cercocebus_lunulatus	7.5	7.28	0.0259697269481193
Cercopithecidae	CONTROL	Cercopithecus_mitis	Chlorocebus_pygerythrus	4.89	4.665	0.0258965723695577
Cercopithecidae	CONTROL	Macaca_maura	Trachypithecus_francoisi	7.88	7.52	0.0258935036256343
Cercopithecidae	CONTROL	Macaca_thibetana	Theropithecus_gelada	15.55	15.35	0.0255886948101733
Cercopithecidae	CONTROL	Piliocolobus_gordonorum	Macaca_leonina	7.05	6.7	0.0255745976267593
Cercopithecidae	CONTROL	Presbytis_mitrata	Macaca_cyclopis	5.8	5.47	0.0254167405518725
Cercopithecidae	CONTROL	Macaca_siberu	Presbytis_mitrata	6.165	5.8	0.0249877075951428
Cercopithecidae	CONTROL	Macaca_radiata	Cercopithecus_mitis	5.14	4.89	0.024835769330354
Cercopithecidae	CONTROL	Papio_hamadryas	Semnopithecus_hypoleucos	13.4	13.1	0.024582486182397
Cercopithecidae	CONTROL	Semnopithecus_johnii	Semnopithecus_entellus	11.6	11.44	0.0245153225150182
Cercopithecidae	CONTROL	Macaca_arctoides	Pygathrix_cinerea	10.3	9.98	0.0244908089600804
Cercopithecidae	CONTROL	Allochrocebus_lhoesti	Allenopithecus_nigroviridis	5.5	5.3	0.0240982303250203
Cercopithecidae	CONTROL	Colobus_polykomos	Trachypithecus_germaini	9.1	8.83	0.02382024369501
Cercopithecidae	CONTROL	Trachypithecus_cristatus	Macaca_mulatta	6.25	5.96	0.023393025216254
Cercopithecidae	CONTROL	Macaca_nemestrina	Colobus_angolensis	8.89	8.6	0.0232519991321862
Cercopithecidae	CONTROL	Cercocebus_lunulatus	Trachypithecus_obscurus	7.28	6.99	0.0231873815608706
Cercopithecidae	CONTROL	Trachypithecus_obscurus	Macaca_leonina	6.99	6.7	0.0229390121255524
Cercopithecidae	CONTROL	Semnopithecus_schistaceus	Papio_anubis	17	16.65	0.0229186484682718
Cercopithecidae	CONTROL	Trachypithecus_laotum	Macaca_leonina	7	6.7	0.0228660936958515
Cercopithecidae	CONTROL	Trachypithecus_phayrei	Trachypithecus_hatinhensis	7.44	7.275	0.0227070029033478
Cercopithecidae	CONTROL	Trachypithecus_crepusculus	Allochrocebus_solatus	6.65	6.35	0.0219279798421383
Cercopithecidae	CONTROL	Macaca_mulatta	Cercopithecus_neglectus	5.96	5.74	0.0218652799402393
Cercopithecidae	CONTROL	Cercocebus_lunulatus	Trachypithecus_laotum	7.28	7	0.0215905354802277
Cercopithecidae	CONTROL	Cercopithecus_nictitans	Allenopithecus_nigroviridis	5.46	5.3	0.0215595916574015
Cercopithecidae	CONTROL	Pygathrix_nemaeus	Erythrocebus_patas	9.72	9.45	0.0215039191742759
Cercopithecidae	CONTROL	Presbytis_mitrata	Allochrocebus_lhoesti	5.8	5.5	0.0213745676695934
Cercopithecidae	CONTROL	Piliocolobus_kirkii	Trachypithecus_crepusculus	6.9	6.65	0.0211575886266529
Cercopithecidae	CONTROL	Chlorocebus_pygerythrus	Allochrocebus_preussi	4.665	4.525	0.0210559455689238
Cercopithecidae	CONTROL	Cercocebus_lunulatus	Semnopithecus_vetulus	7.28	7.03	0.0207280461342774
Cercopithecidae	CONTROL	Macaca_nigra	Cercocebus_torquatus	7.68	7.5	0.0203991070183121
Cercopithecidae	CONTROL	Trachypithecus_germaini	Colobus_angolensis	8.83	8.6	0.0201335977404837
Cercopithecidae	CONTROL	Cercopithecus_roloway	Cercopithecus_hamlyni	4.55	4.43	0.020092357033056
Cercopithecidae	CONTROL	Macaca_cyclopis	Allenopithecus_nigroviridis	5.47	5.3	0.0195199185170118
Cercopithecidae	CONTROL	Allenopithecus_nigroviridis	Macaca_radiata	5.3	5.14	0.0194131381600827
Cercopithecidae	CONTROL	Trachypithecus_hatinhensis	Piliocolobus_gordonorum	7.275	7.05	0.0191767583392772
Cercopithecidae	CONTROL	Trachypithecus_francoisi	Cercocebus_lunulatus	7.52	7.28	0.0191282803390799
Cercopithecidae	CONTROL	Piliocolobus_gordonorum	Lophocebus_aterrimus	7.05	6.8	0.0183640692510307
Cercopithecidae	CONTROL	Chlorocebus_pygerythrus	Cercopithecus_diana	4.665	4.5	0.0182918187000883
Cercopithecidae	CONTROL	Semnopithecus_vetulus	Lophocebus_aterrimus	7.03	6.8	0.0182451138780144
Cercopithecidae	CONTROL	Macaca_assamensis	Piliocolobus_tephrosceles	9	8.75	0.0181220797956577
Cercopithecidae	CONTROL	Pygathrix_cinerea	Pygathrix_nigripes	9.98	9.88	0.0176027359215507
Cercopithecidae	CONTROL	Macaca_nigra	Trachypithecus_phayrei	7.68	7.44	0.017590572332016
Cercopithecidae	CONTROL	Macaca_silenus	Trachypithecus_hatinhensis	7.5	7.275	0.0174914177050088
Cercopithecidae	CONTROL	Pygathrix_nemaeus	Macaca_fuscata	9.72	9.5	0.0173766593855667
Cercopithecidae	CONTROL	Nasalis_larvatus	Macaca_thibetana	15.75	15.55	0.0173218709500251
Cercopithecidae	CONTROL	Macaca_assamensis	Macaca_nemestrina	9	8.89	0.0173126530595754
Cercopithecidae	CONTROL	Cercocebus_lunulatus	Piliocolobus_gordonorum	7.28	7.05	0.0172946434417836
Cercopithecidae	CONTROL	Piliocolobus_kirkii	Presbytis_comata	6.9	6.7	0.0169628188162513
Cercopithecidae	CONTROL	Pygathrix_cinerea	Cercocebus_chrysogaster	9.98	9.75	0.0169140421108603
Cercopithecidae	CONTROL	Colobus_polykomos	Macaca_nemestrina	9.1	8.89	0.0168851965107025
Cercopithecidae	CONTROL	Allochrocebus_solatus	Macaca_siberu	6.35	6.165	0.0168101804357947
Cercopithecidae	CONTROL	Cercocebus_torquatus	Trachypithecus_hatinhensis	7.5	7.275	0.0162684143600863
Cercopithecidae	CONTROL	Piliocolobus_kirkii	Macaca_leonina	6.9	6.7	0.0154473191216275
Cercopithecidae	CONTROL	Trachypithecus_laotum	Lophocebus_aterrimus	7	6.8	0.0151961907629343
Cercopithecidae	CONTROL	Trachypithecus_geei	Pygathrix_cinerea	10.15	9.98	0.0151710982515432
Cercopithecidae	CONTROL	Chlorocebus_pygerythrus	Cercopithecus_roloway	4.665	4.55	0.0147808262720778
Cercopithecidae	CONTROL	Piliocolobus_tephrosceles	Colobus_angolensis	8.75	8.6	0.0142732744600381
Cercopithecidae	CONTROL	Cercopithecus_pogonias	Cercopithecus_cephus	3.58	3.48	0.0137490781189189
Cercopithecidae	CONTROL	Trachypithecus_obscurus	Lophocebus_aterrimus	6.99	6.8	0.0134156712754342
Cercopithecidae	CONTROL	Macaca_nigra	Trachypithecus_francoisi	7.68	7.52	0.0125373033276779
Cercopithecidae	CONTROL	Macaca_assamensis	Trachypithecus_germaini	9	8.83	0.0125160428937176
Cercopithecidae	CONTROL	Cercopithecus_diana	Cercopithecus_hamlyni	4.5	4.43	0.0122112802417629
Cercopithecidae	CONTROL	Macaca_fascicularis	Cercopithecus_lowei	4.03	3.9	0.0121635991180097
Cercopithecidae	CONTROL	Trachypithecus_phayrei	Cercocebus_lunulatus	7.44	7.28	0.0121023578954391
Cercopithecidae	CONTROL	Colobus_guereza	Piliocolobus_tephrosceles	8.89	8.75	0.0118549327648076
Cercopithecidae	CONTROL	Macaca_mulatta	Presbytis_mitrata	5.96	5.8	0.011577068014489
Cercopithecidae	CONTROL	Trachypithecus_francoisi	Trachypithecus_phayrei	7.52	7.44	0.011518447164618
Cercopithecidae	CONTROL	Macaca_arctoides	Trachypithecus_geei	10.3	10.15	0.0112110975400164
Cercopithecidae	CONTROL	Allochrocebus_preussi	Cercopithecus_hamlyni	4.525	4.43	0.0111824861000002
Cercopithecidae	CONTROL	Semnopithecus_vetulus	Piliocolobus_kirkii	7.03	6.9	0.0111768511295055
Cercopithecidae	CONTROL	Cercopithecus_petaurista	Cercopithecus_pogonias	3.65	3.58	0.0111464841390057
Cercopithecidae	CONTROL	Lophocebus_aterrimus	Trachypithecus_crepusculus	6.8	6.65	0.0106614821424159
Cercopithecidae	CONTROL	Macaca_nemestrina	Piliocolobus_tephrosceles	8.89	8.75	0.0105043619574758
Cercopithecidae	CONTROL	Lophocebus_aterrimus	Macaca_leonina	6.8	6.7	0.0101466237991845
Cercopithecidae	CONTROL	Pygathrix_nigripes	Cercocebus_chrysogaster	9.88	9.75	0.00935811701861357
Cercopithecidae	CONTROL	Cercopithecus_roloway	Cercopithecus_diana	4.55	4.5	0.00919910255727409
Cercopithecidae	CONTROL	Macaca_assamensis	Colobus_guereza	9	8.89	0.00867147732482408
Cercopithecidae	CONTROL	Semnopithecus_hypoleucos	Papio_kindae	13.1	13	0.00833297951255975
Cercopithecidae	CONTROL	Trachypithecus_laotum	Piliocolobus_kirkii	7	6.9	0.0081531476977372
Cercopithecidae	CONTROL	Piliocolobus_kirkii	Lophocebus_aterrimus	6.9	6.8	0.00811871990511578
Cercopithecidae	CONTROL	Colobus_polykomos	Macaca_assamensis	9.1	9	0.00795946865539532
Cercopithecidae	CONTROL	Lophocebus_aterrimus	Presbytis_comata	6.8	6.7	0.00781862306073451
Cercopithecidae	CONTROL	Allochrocebus_solatus	Trachypithecus_cristatus	6.35	6.25	0.00755235706635869
Cercopithecidae	CONTROL	Trachypithecus_obscurus	Piliocolobus_kirkii	6.99	6.9	0.00754548440156151
Cercopithecidae	CONTROL	Semnopithecus_vetulus	Trachypithecus_obscurus	7.03	6.99	0.00662906546844444
Cercopithecidae	CONTROL	Trachypithecus_germaini	Piliocolobus_tephrosceles	8.83	8.75	0.00659937307315269
Cercopithecidae	CONTROL	Trachypithecus_cristatus	Macaca_siberu	6.25	6.165	0.00658565499404399
Cercopithecidae	CONTROL	Piliocolobus_gordonorum	Trachypithecus_obscurus	7.05	6.99	0.00515344583232659
Cercopithecidae	CONTROL	Colobus_guereza	Trachypithecus_germaini	8.89	8.83	0.00494069092428387
Cercopithecidae	CONTROL	Presbytis_mitrata	Cercopithecus_neglectus	5.8	5.74	0.0047320030107863
Cercopithecidae	CONTROL	Macaca_fuscata	Erythrocebus_patas	9.5	9.45	0.00471834554471851
Cercopithecidae	CONTROL	Presbytis_comata	Trachypithecus_crepusculus	6.7	6.65	0.00470763678564788
Cercopithecidae	CONTROL	Macaca_silenus	Trachypithecus_phayrei	7.5	7.44	0.00463276261483319
Cercopithecidae	CONTROL	Cercocebus_torquatus	Trachypithecus_phayrei	7.5	7.44	0.00452130125960747
Cercopithecidae	CONTROL	Macaca_nemestrina	Trachypithecus_germaini	8.89	8.83	0.00441502555934755
Cercopithecidae	CONTROL	Allochrocebus_lhoesti	Cercopithecus_nictitans	5.5	5.46	0.00427290549375311
Cercopithecidae	CONTROL	Piliocolobus_gordonorum	Trachypithecus_laotum	7.05	7	0.00394409082630033
Cercopithecidae	CONTROL	Semnopithecus_vetulus	Trachypithecus_laotum	7.03	7	0.00391869875097003
Cercopithecidae	CONTROL	Macaca_leonina	Trachypithecus_crepusculus	6.7	6.65	0.00376674923666478
Cercopithecidae	CONTROL	Papio_cynocephalus	Semnopithecus_schistaceus	17.05	17	0.00371663150128387
Cercopithecidae	CONTROL	Trachypithecus_leucocephalus	Piliocolobus_badius	8.285	8.25	0.00332293113334129
Cercopithecidae	CONTROL	Allochrocebus_lhoesti	Macaca_cyclopis	5.5	5.47	0.00301985248103186
Cercopithecidae	CONTROL	Cercopithecus_roloway	Allochrocebus_preussi	4.55	4.525	0.00249782314169137
Cercopithecidae	CONTROL	Allochrocebus_preussi	Cercopithecus_diana	4.525	4.5	0.00245563090603273
Cercopithecidae	CONTROL	Cercocebus_chrysogaster	Pygathrix_nemaeus	9.75	9.72	0.00217300845573193
Cercopithecidae	CONTROL	Cercopithecus_mona	Macaca_fascicularis	4.05	4.03	0.00194146936777975
Cercopithecidae	CONTROL	Trachypithecus_francoisi	Macaca_silenus	7.52	7.5	0.0016046496223648
Cercopithecidae	CONTROL	Piliocolobus_gordonorum	Semnopithecus_vetulus	7.05	7.03	0.00160412726868849
Cercopithecidae	CONTROL	Trachypithecus_laotum	Trachypithecus_obscurus	7	6.99	0.00160362928716781
Cercopithecidae	CONTROL	Trachypithecus_francoisi	Cercocebus_torquatus	7.52	7.5	0.00150359637557806
Cercopithecidae	CONTROL	Macaca_cyclopis	Cercopithecus_nictitans	5.47	5.46	0.000943921367125761
Cercopithecidae	CONTROL	Cercocebus_lunulatus	Trachypithecus_hatinhensis	7.28	7.275	0.000387485730117006
Cercopithecidae	CONTROL	Macaca_leonina	Presbytis_comata	6.7	6.7	0
Cercopithecidae	CONTROL	Macaca_nemestrina	Colobus_guereza	8.89	8.89	0
Cercopithecidae	CONTROL	Macaca_silenus	Cercocebus_torquatus	7.5	7.5	0
Cercopithecidae	DIVERGENT	Mandrillus_sphinx	Miopithecus_ogouensis	23.6	1.25	0.99896730720421
Cercopithecidae	DIVERGENT	Mandrillus_sphinx	Macaca_radiata	23.6	5.14	0.994264647580301
Cercopithecidae	DIVERGENT	Mandrillus_sphinx	Macaca_fascicularis	23.6	4.03	0.993052424679542
Cercopithecidae	DIVERGENT	Papio_ursinus	Lophocebus_aterrimus	22.3	6.8	0.992928270026908
Cercopithecidae	DIVERGENT	Papio_ursinus	Miopithecus_ogouensis	22.3	1.25	0.9911823644343
Cercopithecidae	DIVERGENT	Mandrillus_sphinx	Lophocebus_aterrimus	23.6	6.8	0.99087637997459
Cercopithecidae	DIVERGENT	Mandrillus_sphinx	Cercocebus_torquatus	23.6	7.5	0.99060630233936
Cercopithecidae	DIVERGENT	Mandrillus_leucophaeus	Miopithecus_ogouensis	20.375	1.25	0.989799928878489
Cercopithecidae	DIVERGENT	Mandrillus_sphinx	Cercopithecus_hamlyni	23.6	4.43	0.989025659056076
Cercopithecidae	DIVERGENT	Mandrillus_sphinx	Cercocebus_lunulatus	23.6	7.28	0.988742394087288
Cercopithecidae	DIVERGENT	Mandrillus_sphinx	Allenopithecus_nigroviridis	23.6	5.3	0.988716743388695
Cercopithecidae	DIVERGENT	Mandrillus_sphinx	Cercopithecus_cephus	23.6	3.48	0.98774735112582
Cercopithecidae	DIVERGENT	Mandrillus_sphinx	Cercopithecus_petaurista	23.6	3.65	0.986867364617891
Cercopithecidae	DIVERGENT	Mandrillus_sphinx	Cercopithecus_pogonias	23.6	3.58	0.986394430651869
Cercopithecidae	DIVERGENT	Mandrillus_sphinx	Cercopithecus_ascanius	23.6	3.24	0.985904577389265
Cercopithecidae	DIVERGENT	Mandrillus_sphinx	Macaca_cyclopis	23.6	5.47	0.985406353640469
Cercopithecidae	DIVERGENT	Mandrillus_sphinx	Macaca_siberu	23.6	6.165	0.982541112240976
Cercopithecidae	DIVERGENT	Mandrillus_sphinx	Macaca_mulatta	23.6	5.96	0.982216108177484
Cercopithecidae	DIVERGENT	Mandrillus_sphinx	Chlorocebus_pygerythrus	23.6	4.665	0.982161707603333
Cercopithecidae	DIVERGENT	Mandrillus_sphinx	Cercopithecus_mona	23.6	4.05	0.980796881140267
Cercopithecidae	DIVERGENT	Papio_ursinus	Macaca_fascicularis	22.3	4.03	0.979784399995351
Cercopithecidae	DIVERGENT	Macaca_thibetana	Macaca_radiata	15.55	5.14	0.978455931731902
Cercopithecidae	DIVERGENT	Mandrillus_sphinx	Cercopithecus_lowei	23.6	3.9	0.978370610380142
Cercopithecidae	DIVERGENT	Mandrillus_sphinx	Cercopithecus_neglectus	23.6	5.74	0.977646442442999
Cercopithecidae	DIVERGENT	Mandrillus_sphinx	Cercopithecus_diana	23.6	4.5	0.977387627469259
Cercopithecidae	DIVERGENT	Macaca_thibetana	Macaca_fascicularis	15.55	4.03	0.976023597000198
Cercopithecidae	DIVERGENT	Papio_ursinus	Macaca_radiata	22.3	5.14	0.975623310182233
Cercopithecidae	DIVERGENT	Papio_ursinus	Allenopithecus_nigroviridis	22.3	5.3	0.974985059624313
Cercopithecidae	DIVERGENT	Mandrillus_sphinx	Cercopithecus_roloway	23.6	4.55	0.974878153179044
Cercopithecidae	DIVERGENT	Papio_ursinus	Cercopithecus_ascanius	22.3	3.24	0.97473612866596
Cercopithecidae	DIVERGENT	Mandrillus_leucophaeus	Macaca_fascicularis	20.375	4.03	0.974144307392069
Cercopithecidae	DIVERGENT	Papio_ursinus	Cercopithecus_hamlyni	22.3	4.43	0.973051416156446
Cercopithecidae	DIVERGENT	Mandrillus_sphinx	Allochrocebus_preussi	23.6	4.525	0.972945873278308
Cercopithecidae	DIVERGENT	Mandrillus_sphinx	Macaca_leonina	23.6	6.7	0.972822324828336
Cercopithecidae	DIVERGENT	Mandrillus_sphinx	Cercopithecus_mitis	23.6	4.89	0.972815943939275
Cercopithecidae	DIVERGENT	Papio_ursinus	Cercopithecus_cephus	22.3	3.48	0.972262899320259
Cercopithecidae	DIVERGENT	Papio_ursinus	Cercopithecus_mona	22.3	4.05	0.970640273446918
Cercopithecidae	DIVERGENT	Papio_ursinus	Cercopithecus_lowei	22.3	3.9	0.970638434093013
Cercopithecidae	DIVERGENT	Papio_ursinus	Cercopithecus_pogonias	22.3	3.58	0.970044993108388
Cercopithecidae	DIVERGENT	Mandrillus_sphinx	Allochrocebus_lhoesti	23.6	5.5	0.969859006730283
Cercopithecidae	DIVERGENT	Mandrillus_leucophaeus	Macaca_radiata	20.375	5.14	0.969418206187176
Cercopithecidae	DIVERGENT	Mandrillus_sphinx	Macaca_silenus	23.6	7.5	0.968572568526804
Cercopithecidae	DIVERGENT	Papio_ursinus	Chlorocebus_pygerythrus	22.3	4.665	0.967684066991827
Cercopithecidae	DIVERGENT	Mandrillus_leucophaeus	Lophocebus_aterrimus	20.375	6.8	0.967624245668488
Cercopithecidae	DIVERGENT	Papio_ursinus	Cercopithecus_petaurista	22.3	3.65	0.96749529648812
Cercopithecidae	DIVERGENT	Papio_ursinus	Macaca_cyclopis	22.3	5.47	0.966929903821775
Cercopithecidae	DIVERGENT	Mandrillus_sphinx	Cercocebus_chrysogaster	23.6	9.75	0.966902995412706
Cercopithecidae	DIVERGENT	Mandrillus_sphinx	Macaca_maura	23.6	7.88	0.966228626916814
Cercopithecidae	DIVERGENT	Mandrillus_leucophaeus	Macaca_cyclopis	20.375	5.47	0.964724540993334
Cercopithecidae	DIVERGENT	Papio_ursinus	Macaca_mulatta	22.3	5.96	0.964705356736693
Cercopithecidae	DIVERGENT	Mandrillus_sphinx	Macaca_nigra	23.6	7.68	0.964411918225216
Cercopithecidae	DIVERGENT	Mandrillus_sphinx	Cercopithecus_nictitans	23.6	5.46	0.964162668498628
Cercopithecidae	DIVERGENT	Mandrillus_sphinx	Allochrocebus_solatus	23.6	6.35	0.963944375174355
Cercopithecidae	DIVERGENT	Mandrillus_leucophaeus	Allenopithecus_nigroviridis	20.375	5.3	0.963168077068326
Cercopithecidae	DIVERGENT	Mandrillus_leucophaeus	Cercopithecus_petaurista	20.375	3.65	0.962916211613069
Cercopithecidae	DIVERGENT	Papio_ursinus	Cercopithecus_neglectus	22.3	5.74	0.962642441190527
Cercopithecidae	DIVERGENT	Mandrillus_leucophaeus	Cercopithecus_hamlyni	20.375	4.43	0.962291801861377
Cercopithecidae	DIVERGENT	Mandrillus_sphinx	Macaca_nemestrina	23.6	8.89	0.962229138231454
Cercopithecidae	DIVERGENT	Papio_papio	Miopithecus_ogouensis	17.5	1.25	0.961389703666994
Cercopithecidae	DIVERGENT	Papio_cynocephalus	Miopithecus_ogouensis	17.05	1.25	0.961168384396144
Cercopithecidae	DIVERGENT	Papio_ursinus	Cercocebus_torquatus	22.3	7.5	0.960466887437487
Cercopithecidae	DIVERGENT	Papio_ursinus	Papio_kindae	22.3	13	0.959853684222396
Cercopithecidae	DIVERGENT	Mandrillus_sphinx	Macaca_assamensis	23.6	9	0.959808465646365
Cercopithecidae	DIVERGENT	Mandrillus_leucophaeus	Cercopithecus_ascanius	20.375	3.24	0.958696465471547
Cercopithecidae	DIVERGENT	Mandrillus_leucophaeus	Cercopithecus_pogonias	20.375	3.58	0.958220742002379
Cercopithecidae	DIVERGENT	Papio_ursinus	Allochrocebus_preussi	22.3	4.525	0.957886870333912
Cercopithecidae	DIVERGENT	Papio_ursinus	Cercopithecus_diana	22.3	4.5	0.957338730652722
Cercopithecidae	DIVERGENT	Mandrillus_leucophaeus	Cercocebus_torquatus	20.375	7.5	0.957189281816728
Cercopithecidae	DIVERGENT	Mandrillus_leucophaeus	Cercocebus_lunulatus	20.375	7.28	0.957031794897069
Cercopithecidae	DIVERGENT	Papio_ursinus	Macaca_siberu	22.3	6.165	0.956942141402459
Cercopithecidae	DIVERGENT	Papio_ursinus	Cercocebus_lunulatus	22.3	7.28	0.956551074503952
Cercopithecidae	DIVERGENT	Papio_ursinus	Cercopithecus_roloway	22.3	4.55	0.956159540966947
Cercopithecidae	DIVERGENT	Mandrillus_leucophaeus	Cercopithecus_cephus	20.375	3.48	0.955480243580929
Cercopithecidae	DIVERGENT	Mandrillus_leucophaeus	Chlorocebus_pygerythrus	20.375	4.665	0.95399539478239
Cercopithecidae	DIVERGENT	Mandrillus_leucophaeus	Macaca_mulatta	20.375	5.96	0.953568163081505
Cercopithecidae	DIVERGENT	Theropithecus_gelada	Miopithecus_ogouensis	15.35	1.25	0.953560604931044
Cercopithecidae	DIVERGENT	Papio_anubis	Miopithecus_ogouensis	16.65	1.25	0.953518077869688
Cercopithecidae	DIVERGENT	Papio_ursinus	Cercopithecus_mitis	22.3	4.89	0.952536151315607
Cercopithecidae	DIVERGENT	Papio_ursinus	Macaca_leonina	22.3	6.7	0.950527225327039
Cercopithecidae	DIVERGENT	Papio_cynocephalus	Lophocebus_aterrimus	17.05	6.8	0.950263943751383
Hominidae	CONTROL	Gorilla_beringei	Gorilla_gorilla	130	122.5	0.912724489132891
Hominidae	CONTROL	Pongo_pygmaeus	Pan_paniscus	57.15	39.1	0.90620324320612
Hominidae	CONTROL	Pongo_abelii	Pan_paniscus	56.75	39.1	0.894839492902818
Hominidae	CONTROL	Pongo_pygmaeus	Pan_troglodytes	57.15	53.7	0.280585935626243
Hominidae	CONTROL	Pongo_abelii	Pan_troglodytes	56.75	53.7	0.226642870489895
Hominidae	CONTROL	Pongo_pygmaeus	Pongo_abelii	57.15	56.75	0.0832925495270904
Hominidae	DIVERGENT	Gorilla_beringei	Pan_paniscus	130	39.1	1
Hominidae	DIVERGENT	Gorilla_beringei	Pan_troglodytes	130	53.7	1
Hominidae	DIVERGENT	Gorilla_beringei	Pongo_abelii	130	56.75	1
Hominidae	DIVERGENT	Gorilla_beringei	Pongo_pygmaeus	130	57.15	1
Hominidae	DIVERGENT	Gorilla_gorilla	Pan_paniscus	122.5	39.1	1
Hominidae	DIVERGENT	Gorilla_gorilla	Pan_troglodytes	122.5	53.7	1
Hominidae	DIVERGENT	Gorilla_gorilla	Pongo_abelii	122.5	56.75	1
Hominidae	DIVERGENT	Gorilla_gorilla	Pongo_pygmaeus	122.5	57.15	1
Hominidae	DIVERGENT	Pan_troglodytes	Pan_paniscus	53.7	39.1	0.99960923661126
