Species1	Species2	TraitValue1	TraitValue2	PatristicDistance	NormalizedTraitDifference	NormalizedPatristicDistance	Sbm	Sou	FinalScore	AIC_BM	AIC_OU	delta_AIC	SelectedModel	family_1	superfamily_1	family_2	superfamily_2	taxonomic_level
Macaca_nemestrina	Macaca_nigra	3.93195852873978	4.86124338624339	7.6582823365	0.352202214495787	0.0630762663067973	0.995975546212231	0.989970016889331	5.5612802326221	52.1647229955264	50.6444867612335	1.52023623429287	BM	Cercopithecidae	OWM	Cercopithecidae	OWM	family
Eulemur_macaco	Eulemur_flavifrons	5.76489583333333	6.10560606060606	3.030803714	0.1291303689906	0.024962749320008	0.906317725755598	0.857329468749527	4.68831140549644	52.1647229955264	50.6444867612335	1.52023623429287	BM	Lemuridae	STR	Lemuridae	STR	family
Eulemur_fulvus	Eulemur_collaris	6.3	5.56089002267574	7.651134656	0.28012526909008	0.0630173955340987	0.977902907219136	0.959513854722132	4.3469793174887	52.1647229955264	50.6444867612335	1.52023623429287	BM	Lemuridae	STR	Lemuridae	STR	family
Macaca_mulatta	Macaca_nigra	3.9030786339257	4.86124338624339	10.9824679327	0.363147795741186	0.0904554104420027	0.986730885757529	0.975800503405246	3.96138986492515	52.1647229955264	50.6444867612335	1.52023623429287	BM	Cercopithecidae	OWM	Cercopithecidae	OWM	family
Macaca_fascicularis	Macaca_nigra	3.93673469387755	4.86124338624339	10.9824679326	0.350392031186829	0.0904554104411791	0.983127596579832	0.970353091358107	3.80828602513987	52.1647229955264	50.6444867612335	1.52023623429287	BM	Cercopithecidae	OWM	Cercopithecidae	OWM	family
Eulemur_albifrons	Eulemur_sanfordi	6.13958333333333	5.70666666666667	5.21120138	0.164076932343148	0.0429212598308897	0.895696874594303	0.849082480038508	3.42401868146033	52.1647229955264	50.6444867612335	1.52023623429287	BM	Lemuridae	STR	Lemuridae	STR	family
Eulemur_mongoz	Eulemur_fulvus	5.2324	6.3	15.6477288174	0.40462413775449	0.128880115228809	0.97920377447142	0.96866041312146	3.07424836040863	52.1647229955264	50.6444867612335	1.52023623429287	BM	Lemuridae	STR	Lemuridae	STR	family
Eulemur_fulvus	Eulemur_coronatus	6.3	5.39940476190476	14.8274950171	0.341328748295322	0.122124385504014	0.954850695427478	0.936842820172864	2.66873803568466	52.1647229955264	50.6444867612335	1.52023623429287	BM	Lemuridae	STR	Lemuridae	STR	family
Eulemur_sanfordi	Eulemur_fulvus	5.70666666666667	6.3	9.5384061272	0.224875410641622	0.0785616171597847	0.900136920451586	0.862974817730461	2.57655922749835	52.1647229955264	50.6444867612335	1.52023623429287	BM	Lemuridae	STR	Lemuridae	STR	family
Eulemur_mongoz	Eulemur_albifrons	5.2324	6.13958333333333	15.6477288182	0.343825659456016	0.128880115235398	0.95050643219504	0.932640238643045	2.53575580895264	52.1647229955264	50.6444867612335	1.52023623429287	BM	Lemuridae	STR	Lemuridae	STR	family
Eulemur_albifrons	Eulemur_collaris	6.13958333333333	5.56089002267574	9.5384061272	0.219326790791606	0.0785616171597847	0.891487697200475	0.853017085492492	2.48883796854004	52.1647229955264	50.6444867612335	1.52023623429287	BM	Lemuridae	STR	Lemuridae	STR	family
Eulemur_mongoz	Eulemur_flavifrons	5.2324	6.10560606060606	15.6477288181	0.330948154135183	0.128880115234574	0.941341527076589	0.921719862149423	2.41724831041444	52.1647229955264	50.6444867612335	1.52023623429287	BM	Lemuridae	STR	Lemuridae	STR	family
Macaca_arctoides	Macaca_nigra	4.24791666666667	4.86124338624339	10.9824679321	0.23245297402634	0.0904554104370609	0.887078755937377	0.850913143984323	2.27962146229723	52.1647229955264	50.6444867612335	1.52023623429287	BM	Cercopithecidae	OWM	Cercopithecidae	OWM	family
Eulemur_coronatus	Eulemur_flavifrons	5.39940476190476	6.10560606060606	13.292473054	0.267652764676016	0.109481412853371	0.902900346936515	0.873317301263763	2.20734979377873	52.1647229955264	50.6444867612335	1.52023623429287	BM	Lemuridae	STR	Lemuridae	STR	family
Eulemur_albifrons	Eulemur_coronatus	6.13958333333333	5.39940476190476	14.8274950179	0.280530269996848	0.122124385510603	0.90032558126888	0.873267852258997	2.06812568466516	52.1647229955264	50.6444867612335	1.52023623429287	BM	Lemuridae	STR	Lemuridae	STR	family
Eulemur_collaris	Eulemur_flavifrons	5.56089002267574	6.10560606060606	14.8274950171	0.206449285470773	0.122124385504014	0.774354488036273	0.738920431305791	1.30903365528844	52.1647229955264	50.6444867612335	1.52023623429287	BM	Lemuridae	STR	Lemuridae	STR	family
Mirza_zaza	Microcebus_murinus	4.44166666666667	5.2	22.39780098	0.287410988320051	0.184476047921053	0.830079221397326	0.813265730405214	1.29325130332282	52.1647229955264	50.6444867612335	1.52023623429287	BM	Cheirogaleidae	STR	Cheirogaleidae	STR	family
Eulemur_fulvus	Eulemur_macaco	6.3	5.76489583333333	14.8274950171	0.202806352609907	0.122124385504014	0.766060452593467	0.730412158770899	1.27216137569895	52.1647229955264	50.6444867612335	1.52023623429287	BM	Lemuridae	STR	Lemuridae	STR	family
Eulemur_mongoz	Eulemur_macaco	5.2324	5.76489583333333	15.6477288181	0.201817785144583	0.128880115234574	0.751092870583622	0.717059545936693	1.17616204255541	52.1647229955264	50.6444867612335	1.52023623429287	BM	Lemuridae	STR	Lemuridae	STR	family
Eulemur_fulvus	Mirza_zaza	6.3	4.44166666666667	71.9834962244	0.704314839509578	0.592881011438353	0.939354240229	0.974716595942715	1.11590878807952	52.1647229955264	50.6444867612335	1.52023623429287	BM	Lemuridae	STR	Cheirogaleidae	STR	superfamily
Daubentonia_madagascariensis	Eulemur_fulvus	3.9859375	6.3	92.4969438824	0.87703778922115	0.761836872621437	0.960685702258871	0.992057481395815	1.1059554803987	52.1647229955264	50.6444867612335	1.52023623429287	BM	Daubentoniidae	STR	Lemuridae	STR	superfamily
Eulemur_fulvus	Propithecus_tattersalli	6.3	4.46666666666667	71.9834962254	0.694839751982543	0.59288101144659	0.935806091952293	0.972682457718038	1.09673823293709	52.1647229955264	50.6444867612335	1.52023623429287	BM	Lemuridae	STR	Indriidae	STR	superfamily
Propithecus_tattersalli	Propithecus_coquereli	4.46666666666667	4.77373949579832	8.601073458	0.116381677327862	0.0708414205853214	0.630186693453992	0.580119219857539	1.03530087070376	52.1647229955264	50.6444867612335	1.52023623429287	BM	Indriidae	STR	Indriidae	STR	family
Daubentonia_madagascariensis	Eulemur_albifrons	3.9859375	6.13958333333333	92.4969438832	0.816239310922676	0.761836872628026	0.944891075637612	0.986507067090806	1.01236533460885	52.1647229955264	50.6444867612335	1.52023623429287	BM	Daubentoniidae	STR	Lemuridae	STR	superfamily
Eulemur_fulvus	Hapalemur_griseus	6.3	5.09149122807018	47.7997285402	0.45802905564897	0.39369512304664	0.865657886454408	0.893927691489783	1.00711550902505	52.1647229955264	50.6444867612335	1.52023623429287	BM	Lemuridae	STR	Lemuridae	STR	family
Macaca_arctoides	Macaca_mulatta	4.24791666666667	3.9030786339257	10.2479298856	0.130694821714846	0.0844055006273002	0.643812403319078	0.597237060968942	0.99688938095556	52.1647229955264	50.6444867612335	1.52023623429287	BM	Cercopithecidae	OWM	Cercopithecidae	OWM	family
Daubentonia_madagascariensis	Eulemur_flavifrons	3.9859375	6.10560606060606	92.4969438831	0.803361805601843	0.761836872627202	0.940941368985542	0.984963998493169	0.992228630975697	52.1647229955264	50.6444867612335	1.52023623429287	BM	Daubentoniidae	STR	Lemuridae	STR	superfamily
Eulemur_albifrons	Mirza_zaza	6.13958333333333	4.44166666666667	71.9834962252	0.643516361211104	0.592881011444942	0.913493612839157	0.959040207516912	0.991511069465968	52.1647229955264	50.6444867612335	1.52023623429287	BM	Lemuridae	STR	Cheirogaleidae	STR	superfamily
Eulemur_albifrons	Propithecus_tattersalli	6.13958333333333	4.46666666666667	71.9834962262	0.63404127368407	0.592881011453179	0.908758154912421	0.955973876592893	0.971847920376448	52.1647229955264	50.6444867612335	1.52023623429287	BM	Lemuridae	STR	Indriidae	STR	superfamily
Eulemur_mongoz	Eulemur_sanfordi	5.2324	5.70666666666667	15.6477288182	0.179748727112867	0.128880115235398	0.6955441693487	0.66109071903943	0.970073458289919	52.1647229955264	50.6444867612335	1.52023623429287	BM	Lemuridae	STR	Lemuridae	STR	family
Eulemur_flavifrons	Mirza_zaza	6.10560606060606	4.44166666666667	71.9834962251	0.630638855890272	0.592881011444119	0.907007675430048	0.954826495070695	0.964770791568543	52.1647229955264	50.6444867612335	1.52023623429287	BM	Lemuridae	STR	Cheirogaleidae	STR	superfamily
Aotus_trivirgatus	Cebuella_pygmaea	3.82941176470588	4.85	40.5102348762	0.386806514338947	0.333656328002383	0.830384615885379	0.848983017516312	0.962661732670674	52.1647229955264	50.6444867612335	1.52023623429287	BM	Aotidae	PLA	Callitrichidae	PLA	superfamily
Pan_troglodytes	Eulemur_fulvus	3.66150194616472	6.3	121.4130573104	1	0.999999999939051	0.959733125116355	0.996437005260527	0.95973312517485	52.1647229955264	50.6444867612335	1.52023623429287	BM	Hominidae	APE	Lemuridae	STR	order
Eulemur_flavifrons	Propithecus_tattersalli	6.10560606060606	4.46666666666667	71.9834962261	0.621163768363237	0.592881011452355	0.901990579627034	0.951497655616207	0.945019079118026	52.1647229955264	50.6444867612335	1.52023623429287	BM	Lemuridae	STR	Indriidae	STR	superfamily
Pan_paniscus	Eulemur_fulvus	3.78861111111111	6.3	121.4130573104	0.951825181465786	0.999999999939051	0.949084841473721	0.994463863218945	0.90336285151721	52.1647229955264	50.6444867612335	1.52023623429287	BM	Hominidae	APE	Lemuridae	STR	order
Eulemur_fulvus	Nycticebus_pygmaeus	6.3	4.21666666666667	99.3606340164	0.78959062725289	0.818368602285687	0.926572782227673	0.981860069773823	0.893989801504143	52.1647229955264	50.6444867612335	1.52023623429287	BM	Lemuridae	STR	Lorisidae	STR	superfamily
Gorilla_gorilla	Eulemur_fulvus	3.81270935960591	6.3	121.4130573104	0.942691860916328	0.999999999939051	0.946820653458831	0.993993784034548	0.89256012381752	52.1647229955264	50.6444867612335	1.52023623429287	BM	Hominidae	APE	Lemuridae	STR	order
Pan_troglodytes	Eulemur_albifrons	3.66150194616472	6.13958333333333	121.4130573112	0.939201521701526	0.99999999994564	0.945933450693484	0.993804845853067	0.88842213636799	52.1647229955264	50.6444867612335	1.52023623429287	BM	Hominidae	APE	Lemuridae	STR	order
Aotus_trivirgatus	Eulemur_fulvus	3.82941176470588	6.3	121.4130573085	0.93636159090696	0.999999999923402	0.945202490182225	0.99364718507103	0.885051307504041	52.1647229955264	50.6444867612335	1.52023623429287	BM	Aotidae	PLA	Lemuridae	STR	order
Eulemur_fulvus	Loris_tardigradus	6.3	4.23333333333333	99.3606340161	0.78327390223487	0.818368602283216	0.924241489194609	0.980914022786662	0.884606564608027	52.1647229955264	50.6444867612335	1.52023623429287	BM	Lemuridae	STR	Lorisidae	STR	superfamily
Eulemur_rubriventer	Eulemur_mongoz	5.83766666666667	5.2324	22.837425719	0.229398185754529	0.188096949566329	0.722006621124003	0.704343448110306	0.880540643378159	52.1647229955264	50.6444867612335	1.52023623429287	BM	Lemuridae	STR	Lemuridae	STR	family
Pan_troglodytes	Eulemur_flavifrons	3.66150194616472	6.10560606060606	121.4130573111	0.926324016380694	0.999999999944817	0.94255260629205	0.99306059706363	0.873109115958723	52.1647229955264	50.6444867612335	1.52023623429287	BM	Hominidae	APE	Lemuridae	STR	order
Eulemur_fulvus	Propithecus_coquereli	6.3	4.77373949579832	71.9834962254	0.578458074654681	0.59288101144659	0.876641150113169	0.933834180017073	0.8553152185128	52.1647229955264	50.6444867612335	1.52023623429287	BM	Lemuridae	STR	Indriidae	STR	superfamily
Macaca_mulatta	Eulemur_fulvus	3.9030786339257	6.3	121.4130573131	0.908441589558943	0.999999999961289	0.937567888157358	0.991893957036385	0.851725662670063	52.1647229955264	50.6444867612335	1.52023623429287	BM	Cercopithecidae	OWM	Lemuridae	STR	order
Macaca_nemestrina	Eulemur_fulvus	3.93195852873978	6.3	121.4130573129	0.897496008313545	0.999999999959642	0.934343992466885	0.991096049663625	0.838570003664613	52.1647229955264	50.6444867612335	1.52023623429287	BM	Cercopithecidae	OWM	Lemuridae	STR	order
Macaca_fascicularis	Eulemur_fulvus	3.93673469387755	6.3	121.413057313	0.895685825004587	0.999999999960466	0.933797823292338	0.990957533732631	0.836389473776151	52.1647229955264	50.6444867612335	1.52023623429287	BM	Cercopithecidae	OWM	Lemuridae	STR	order
Macaca_arctoides	Macaca_fascicularis	4.24791666666667	3.93673469387755	10.2479298855	0.11793905716049	0.0844055006264766	0.594931465178762	0.549772401942335	0.8312924579264	52.1647229955264	50.6444867612335	1.52023623429287	BM	Cercopithecidae	OWM	Cercopithecidae	OWM	family
Pan_paniscus	Eulemur_albifrons	3.78861111111111	6.13958333333333	121.4130573112	0.891026703167312	0.99999999994564	0.93237483686998	0.990592126780121	0.83077087705758	52.1647229955264	50.6444867612335	1.52023623429287	BM	Hominidae	APE	Lemuridae	STR	order
Daubentonia_madagascariensis	Eulemur_rubriventer	3.9859375	5.83766666666667	92.496943884	0.701811837221189	0.761836872634615	0.900879476797977	0.966342611460011	0.829899291353524	52.1647229955264	50.6444867612335	1.52023623429287	BM	Daubentoniidae	STR	Lemuridae	STR	superfamily
Gorilla_gorilla	Eulemur_albifrons	3.81270935960591	6.13958333333333	121.4130573112	0.881893382617854	0.99999999994564	0.929512321310188	0.989837392698614	0.819730765269776	52.1647229955264	50.6444867612335	1.52023623429287	BM	Hominidae	APE	Lemuridae	STR	order
Saimiri_sciureus	Eulemur_fulvus	3.98109463720041	6.3	121.4130572994	0.878873251177451	0.999999999848451	0.928544178736462	0.989576218923523	0.816072641351685	52.1647229955264	50.6444867612335	1.52023623429287	BM	Cebidae	PLA	Lemuridae	STR	order
Pan_paniscus	Eulemur_flavifrons	3.78861111111111	6.10560606060606	121.4130573111	0.87814919784648	0.999999999944817	0.928310461679023	0.989512723795578	0.815195087320915	52.1647229955264	50.6444867612335	1.52023623429287	BM	Hominidae	APE	Lemuridae	STR	order
Eulemur_albifrons	Hapalemur_griseus	6.13958333333333	5.09149122807018	47.799728541	0.397230577350497	0.393695123053229	0.805870579496858	0.838959741507318	0.813107444869301	52.1647229955264	50.6444867612335	1.52023623429287	BM	Lemuridae	STR	Lemuridae	STR	family
Aotus_trivirgatus	Eulemur_albifrons	3.82941176470588	6.13958333333333	121.4130573093	0.875563112608486	0.999999999929991	0.927470581131775	0.989283121317133	0.81205902892539	52.1647229955264	50.6444867612335	1.52023623429287	BM	Aotidae	PLA	Lemuridae	STR	order
Gorilla_gorilla	Eulemur_flavifrons	3.81270935960591	6.10560606060606	121.4130573111	0.869015877297022	0.999999999944816	0.925308185696737	0.98868173273951	0.804107504807739	52.1647229955264	50.6444867612335	1.52023623429287	BM	Hominidae	APE	Lemuridae	STR	order
Eulemur_albifrons	Nycticebus_pygmaeus	6.13958333333333	4.21666666666667	99.3606340172	0.728792148954417	0.818368602292276	0.901531334694854	0.970803098312783	0.802852109577087	52.1647229955264	50.6444867612335	1.52023623429287	BM	Lemuridae	STR	Lorisidae	STR	superfamily
Aotus_trivirgatus	Eulemur_flavifrons	3.82941176470588	6.10560606060606	121.4130573092	0.862685607287653	0.999999999929167	0.923167654064305	0.988071972865285	0.796403448331195	52.1647229955264	50.6444867612335	1.52023623429287	BM	Aotidae	PLA	Lemuridae	STR	order
Eulemur_albifrons	Loris_tardigradus	6.13958333333333	4.23333333333333	99.3606340169	0.722475423936396	0.818368602289805	0.898578714010691	0.969375326969988	0.793286833742917	52.1647229955264	50.6444867612335	1.52023623429287	BM	Lemuridae	STR	Lorisidae	STR	superfamily
Cebuella_pygmaea	Callithrix_jacchus	4.85	4.59887640449438	8.0860732424	0.0951767219007762	0.0665997004031833	0.550599884339796	0.502603407525557	0.786854771915814	52.1647229955264	50.6444867612335	1.52023623429287	BM	Callitrichidae	PLA	Callitrichidae	PLA	family
Daubentonia_madagascariensis	Eulemur_macaco	3.9859375	5.76489583333333	92.4969438831	0.674231436611243	0.761836872627202	0.88687984304326	0.958716937785096	0.784895418115603	52.1647229955264	50.6444867612335	1.52023623429287	BM	Daubentoniidae	STR	Lemuridae	STR	superfamily
Eulemur_flavifrons	Nycticebus_pygmaeus	6.10560606060606	4.21666666666667	99.3606340171	0.715914643633584	0.818368602291453	0.89543780568625	0.967829317863564	0.783335328064804	52.1647229955264	50.6444867612335	1.52023623429287	BM	Lemuridae	STR	Lorisidae	STR	superfamily
Macaca_mulatta	Eulemur_albifrons	3.9030786339257	6.13958333333333	121.4130573139	0.847643111260469	0.999999999967878	0.917880180526	0.986504763080498	0.778034812010372	52.1647229955264	50.6444867612335	1.52023623429287	BM	Cercopithecidae	OWM	Lemuridae	STR	order
Macaca_arctoides	Macaca_nemestrina	4.24791666666667	3.93195852873978	10.9824679326	0.119749240469448	0.0904554104411791	0.58585577294357	0.542667751500275	0.775584163428833	52.1647229955264	50.6444867612335	1.52023623429287	BM	Cercopithecidae	OWM	Cercopithecidae	OWM	family
Eulemur_sanfordi	Eulemur_flavifrons	5.70666666666667	6.10560606060606	14.8274950179	0.151199427022316	0.122124385510603	0.625131293925808	0.589537949626287	0.773960851963464	52.1647229955264	50.6444867612335	1.52023623429287	BM	Lemuridae	STR	Lemuridae	STR	family
Eulemur_flavifrons	Loris_tardigradus	6.10560606060606	4.23333333333333	99.3606340168	0.709597918615564	0.818368602288982	0.892341225725288	0.966278097584615	0.773738722011635	52.1647229955264	50.6444867612335	1.52023623429287	BM	Lemuridae	STR	Lorisidae	STR	superfamily
Eulemur_flavifrons	Hapalemur_griseus	6.10560606060606	5.09149122807018	47.7997285409	0.384353072029664	0.393695123052405	0.791016677059663	0.824946873544898	0.772246522886463	52.1647229955264	50.6444867612335	1.52023623429287	BM	Lemuridae	STR	Lemuridae	STR	family
Eulemur_coronatus	Eulemur_macaco	5.39940476190476	5.76489583333333	13.292473054	0.138522395685415	0.109481412853371	0.609465744796696	0.570737619634207	0.771132312390827	52.1647229955264	50.6444867612335	1.52023623429287	BM	Lemuridae	STR	Lemuridae	STR	family
Macaca_nemestrina	Eulemur_albifrons	3.93195852873978	6.13958333333333	121.4130573137	0.836697530015071	0.999999999966231	0.913850265728475	0.985252667229774	0.764616260164452	52.1647229955264	50.6444867612335	1.52023623429287	BM	Cercopithecidae	OWM	Lemuridae	STR	order
Macaca_fascicularis	Eulemur_albifrons	3.93673469387755	6.13958333333333	121.4130573138	0.834887346706113	0.999999999967055	0.913168653118192	0.985036011328741	0.762392953922159	52.1647229955264	50.6444867612335	1.52023623429287	BM	Cercopithecidae	OWM	Lemuridae	STR	order
Macaca_mulatta	Eulemur_flavifrons	3.9030786339257	6.10560606060606	121.4130573138	0.834765605939637	0.999999999967054	0.913122656627463	0.98502134038514	0.762243387781948	52.1647229955264	50.6444867612335	1.52023623429287	BM	Cercopithecidae	OWM	Lemuridae	STR	order
Eulemur_fulvus	Galago_moholi	6.3	4.45	99.3606340174	0.701156477000568	0.818368602293923	0.888090220297262	0.964105585017336	0.760892107024706	52.1647229955264	50.6444867612335	1.52023623429287	BM	Lemuridae	STR	Galagidae	STR	superfamily
Eulemur_rubriventer	Mirza_zaza	5.83766666666667	4.44166666666667	71.983496226	0.529088887509618	0.592881011451531	0.841260459655525	0.9071384137422	0.750743491708807	52.1647229955264	50.6444867612335	1.52023623429287	BM	Lemuridae	STR	Cheirogaleidae	STR	superfamily
Pan_troglodytes	Eulemur_rubriventer	3.66150194616472	5.83766666666667	121.413057312	0.82477404800004	0.999999999952229	0.90928005757974	0.983773224146002	0.749950593891577	52.1647229955264	50.6444867612335	1.52023623429287	BM	Hominidae	APE	Lemuridae	STR	order
Macaca_nemestrina	Eulemur_flavifrons	3.93195852873978	6.10560606060606	121.4130573136	0.823820024694238	0.999999999965407	0.908906114528714	0.983649400410152	0.748775057741692	52.1647229955264	50.6444867612335	1.52023623429287	BM	Cercopithecidae	OWM	Lemuridae	STR	order
Daubentonia_madagascariensis	Eulemur_sanfordi	3.9859375	5.70666666666667	92.4969438832	0.652162378579527	0.761836872628026	0.874592271757297	0.951604616691691	0.748685442684004	52.1647229955264	50.6444867612335	1.52023623429287	BM	Daubentoniidae	STR	Lemuridae	STR	superfamily
Macaca_fascicularis	Eulemur_flavifrons	3.93673469387755	6.10560606060606	121.4130573137	0.82200984138528	0.999999999966231	0.908193181146415	0.98341217109547	0.746543732806568	52.1647229955264	50.6444867612335	1.52023623429287	BM	Cercopithecidae	OWM	Lemuridae	STR	order
Saimiri_sciureus	Eulemur_albifrons	3.98109463720041	6.13958333333333	121.4130573002	0.818074772878977	0.99999999985504	0.906627903032363	0.982886018055659	0.741689415966459	52.1647229955264	50.6444867612335	1.52023623429287	BM	Cebidae	PLA	Lemuridae	STR	order
Eulemur_rubriventer	Propithecus_tattersalli	5.83766666666667	4.46666666666667	71.983496227	0.519613799982583	0.592881011459768	0.83366753224493	0.901138327224338	0.730644338372921	52.1647229955264	50.6444867612335	1.52023623429287	BM	Lemuridae	STR	Indriidae	STR	superfamily
Cebuella_pygmaea	Saimiri_sciureus	4.85	3.98109463720041	41.3912937957	0.329318174609438	0.340913034479956	0.752647477916824	0.775322880088569	0.727049037388857	52.1647229955264	50.6444867612335	1.52023623429287	BM	Callitrichidae	PLA	Cebidae	PLA	superfamily
Eulemur_albifrons	Propithecus_coquereli	6.13958333333333	4.77373949579832	71.9834962262	0.517659596356208	0.592881011453179	0.832068090708751	0.899863142557835	0.726499961470242	52.1647229955264	50.6444867612335	1.52023623429287	BM	Lemuridae	STR	Indriidae	STR	superfamily
Saimiri_sciureus	Eulemur_flavifrons	3.98109463720041	6.10560606060606	121.4130573001	0.805197267558145	0.999999999854217	0.901355356783721	0.981060454946909	0.725768870486954	52.1647229955264	50.6444867612335	1.52023623429287	BM	Cebidae	PLA	Lemuridae	STR	order
Daubentonia_madagascariensis	Varecia_variegata	3.9859375	5.664	92.496943885	0.635991562533387	0.761836872642851	0.864946261304912	0.945762676617282	0.722068652737169	52.1647229955264	50.6444867612335	1.52023623429287	BM	Daubentoniidae	STR	Lemuridae	STR	superfamily
Macaca_nigra	Pan_troglodytes	4.86124338624339	3.66150194616472	62.151576032	0.454706206182243	0.511901910758392	0.807587985929739	0.864916399839661	0.717354753953611	52.1647229955264	50.6444867612335	1.52023623429287	BM	Cercopithecidae	OWM	Hominidae	APE	order
Pan_troglodytes	Eulemur_macaco	3.66150194616472	5.76489583333333	121.4130573111	0.797193647390093	0.999999999944817	0.897960334945314	0.979841922483947	0.715848274666187	52.1647229955264	50.6444867612335	1.52023623429287	BM	Hominidae	APE	Lemuridae	STR	order
Eulemur_flavifrons	Propithecus_coquereli	6.10560606060606	4.77373949579832	71.9834962261	0.504782091035375	0.592881011452355	0.82123843145555	0.891129129708795	0.699206830141595	52.1647229955264	50.6444867612335	1.52023623429287	BM	Lemuridae	STR	Indriidae	STR	superfamily
Eulemur_albifrons	Eulemur_macaco	6.13958333333333	5.76489583333333	14.8274950179	0.142007874311433	0.122124385510603	0.595406305757784	0.560504222353528	0.692346442348687	52.1647229955264	50.6444867612335	1.52023623429287	BM	Lemuridae	STR	Lemuridae	STR	family
Eulemur_macaco	Mirza_zaza	5.76489583333333	4.44166666666667	71.9834962251	0.501508486899672	0.592881011444119	0.818404346382964	0.888815432660916	0.692275039180134	52.1647229955264	50.6444867612335	1.52023623429287	BM	Lemuridae	STR	Cheirogaleidae	STR	superfamily
Macaca_arctoides	Eulemur_fulvus	4.24791666666667	6.3	121.4130573125	0.777746767844097	0.999999999956347	0.889323358941813	0.976592373563071	0.691668368015444	52.1647229955264	50.6444867612335	1.52023623429287	BM	Cercopithecidae	OWM	Lemuridae	STR	order
Pan_paniscus	Eulemur_rubriventer	3.78861111111111	5.83766666666667	121.413057312	0.776599229465826	0.999999999952229	0.888796189883322	0.976387157974141	0.690238436248523	52.1647229955264	50.6444867612335	1.52023623429287	BM	Hominidae	APE	Lemuridae	STR	order
Pan_troglodytes	Eulemur_sanfordi	3.66150194616472	5.70666666666667	121.4130573112	0.775124589358378	0.99999999994564	0.888115845543769	0.976121155692832	0.688400430117203	52.1647229955264	50.6444867612335	1.52023623429287	BM	Hominidae	APE	Lemuridae	STR	order
Cebuella_pygmaea	Leontopithecus_chrysomelas	4.85	4.3125	23.8355055678	0.203714381831246	0.196317480956025	0.65431501872751	0.638947040872498	0.678968469409163	52.1647229955264	50.6444867612335	1.52023623429287	BM	Callitrichidae	PLA	Callitrichidae	PLA	family
Gorilla_gorilla	Eulemur_rubriventer	3.81270935960591	5.83766666666667	121.413057312	0.767465908916368	0.999999999952229	0.884529459862346	0.974697449906025	0.678846205908988	52.1647229955264	50.6444867612335	1.52023623429287	BM	Hominidae	APE	Lemuridae	STR	order
Eulemur_macaco	Propithecus_tattersalli	5.76489583333333	4.46666666666667	71.9834962261	0.492033399372637	0.592881011452355	0.810013656839623	0.8818995497768	0.672232312073447	52.1647229955264	50.6444867612335	1.52023623429287	BM	Lemuridae	STR	Indriidae	STR	superfamily
Pongo_pygmaeus	Eulemur_fulvus	4.29057422969188	6.3	121.4130573144	0.761579402109943	0.999999999971996	0.881711991279503	0.973553798315937	0.671493691170615	52.1647229955264	50.6444867612335	1.52023623429287	BM	Hominidae	APE	Lemuridae	STR	order
Aotus_trivirgatus	Eulemur_rubriventer	3.82941176470588	5.83766666666667	121.4130573101	0.761135638906999	0.99999999993658	0.881497425477419	0.973465799979408	0.670939106178182	52.1647229955264	50.6444867612335	1.52023623429287	BM	Aotidae	PLA	Lemuridae	STR	order
Pan_troglodytes	Varecia_variegata	3.66150194616472	5.664	121.413057313	0.758953773312237	0.999999999960466	0.880438020086909	0.973029447037034	0.668211757538932	52.1647229955264	50.6444867612335	1.52023623429287	BM	Hominidae	APE	Lemuridae	STR	order
Eulemur_albifrons	Galago_moholi	6.13958333333333	4.45	99.3606340182	0.640357998702094	0.818368602300513	0.853449641261612	0.944659056335908	0.667808250139369	52.1647229955264	50.6444867612335	1.52023623429287	BM	Lemuridae	STR	Galagidae	STR	superfamily
Daubentonia_madagascariensis	Varecia_rubra	3.9859375	5.57549019607843	92.496943885	0.602446036967085	0.761836872642851	0.84311920834245	0.9317579435533	0.666722554389743	52.1647229955264	50.6444867612335	1.52023623429287	BM	Daubentoniidae	STR	Lemuridae	STR	superfamily
Leontopithecus_chrysomelas	Eulemur_fulvus	4.3125	6.3	121.4130573061	0.753269458399259	0.999999999903635	0.87764314547098	0.971863434425784	0.661101776920454	52.1647229955264	50.6444867612335	1.52023623429287	BM	Callitrichidae	PLA	Lemuridae	STR	order
Daubentonia_madagascariensis	Eulemur_collaris	3.9859375	5.56089002267574	92.4969438824	0.59691252013107	0.761836872621437	0.839275099090243	0.929184221676853	0.657586725564212	52.1647229955264	50.6444867612335	1.52023623429287	BM	Daubentoniidae	STR	Lemuridae	STR	superfamily
Pan_paniscus	Eulemur_macaco	3.78861111111111	5.76489583333333	121.4130573111	0.74901882885588	0.999999999944817	0.875520022543451	0.970963357199543	0.655780981961557	52.1647229955264	50.6444867612335	1.52023623429287	BM	Hominidae	APE	Lemuridae	STR	order
Leontopithecus_rosalia	Eulemur_fulvus	4.325	6.3	121.4130573061	0.748531914635741	0.999999999903635	0.875274993294497	0.970858687272555	0.655171266626651	52.1647229955264	50.6444867612335	1.52023623429287	BM	Callitrichidae	PLA	Lemuridae	STR	order
Cebuella_pygmaea	Leontopithecus_rosalia	4.85	4.325	23.8355055678	0.198976838067729	0.196317480956025	0.642981931052783	0.627671160855848	0.651691896985083	52.1647229955264	50.6444867612335	1.52023623429287	BM	Callitrichidae	PLA	Callitrichidae	PLA	family
Eulemur_flavifrons	Galago_moholi	6.10560606060606	4.45	99.3606340181	0.627480493381261	0.818368602299689	0.845156181047364	0.939571690008608	0.648019750486002	52.1647229955264	50.6444867612335	1.52023623429287	BM	Lemuridae	STR	Galagidae	STR	superfamily
Eulemur_sanfordi	Mirza_zaza	5.70666666666667	4.44166666666667	71.9834962252	0.479439428867956	0.592881011444942	0.798423596864553	0.872190149574103	0.645653589651165	52.1647229955264	50.6444867612335	1.52023623429287	BM	Lemuridae	STR	Cheirogaleidae	STR	superfamily
Gorilla_gorilla	Eulemur_macaco	3.81270935960591	5.76489583333333	121.4130573111	0.739885508306422	0.999999999944816	0.870860950458957	0.968945211144492	0.644337397030095	52.1647229955264	50.6444867612335	1.52023623429287	BM	Hominidae	APE	Lemuridae	STR	order
Aotus_trivirgatus	Eulemur_macaco	3.82941176470588	5.76489583333333	121.4130573092	0.733555238297053	0.999999999929167	0.86755307314056	0.967476812625902	0.636398101348043	52.1647229955264	50.6444867612335	1.52023623429287	BM	Aotidae	PLA	Lemuridae	STR	order
Macaca_mulatta	Eulemur_rubriventer	3.9030786339257	5.83766666666667	121.4130573147	0.733215637558983	0.999999999974467	0.867373777267131	0.967396383923378	0.6359720171171	52.1647229955264	50.6444867612335	1.52023623429287	BM	Cercopithecidae	OWM	Lemuridae	STR	order
Pan_paniscus	Eulemur_sanfordi	3.78861111111111	5.70666666666667	121.4130573112	0.726949770824164	0.99999999994564	0.864031814364106	0.96588156765773	0.628107729470918	52.1647229955264	50.6444867612335	1.52023623429287	BM	Hominidae	APE	Lemuridae	STR	order
Eulemur_rubriventer	Nycticebus_pygmaeus	5.83766666666667	4.21666666666667	99.360634018	0.61436467525293	0.818368602298865	0.836347673974533	0.933997703105078	0.627861901930912	52.1647229955264	50.6444867612335	1.52023623429287	BM	Lemuridae	STR	Lorisidae	STR	superfamily
Pan_troglodytes	Varecia_rubra	3.66150194616472	5.57549019607843	121.413057313	0.725408247745935	0.999999999960466	0.863199744471509	0.965499804273101	0.626172214116571	52.1647229955264	50.6444867612335	1.52023623429287	BM	Hominidae	APE	Lemuridae	STR	order
Eulemur_sanfordi	Propithecus_tattersalli	5.70666666666667	4.46666666666667	71.9834962262	0.469964341340921	0.592881011453179	0.789369862537418	0.864484483475924	0.62571693199027	52.1647229955264	50.6444867612335	1.52023623429287	BM	Lemuridae	STR	Indriidae	STR	superfamily
Macaca_nemestrina	Eulemur_rubriventer	3.93195852873978	5.83766666666667	121.4130573145	0.722270056313584	0.99999999997282	0.861493704961998	0.964711333476945	0.622231106813613	52.1647229955264	50.6444867612335	1.52023623429287	BM	Cercopithecidae	OWM	Lemuridae	STR	order
Macaca_fascicularis	Eulemur_rubriventer	3.93673469387755	5.83766666666667	121.4130573146	0.720459873004626	0.999999999973644	0.860502193271928	0.964249568999164	0.619957300901236	52.1647229955264	50.6444867612335	1.52023623429287	BM	Cercopithecidae	OWM	Lemuridae	STR	order
Pan_troglodytes	Eulemur_collaris	3.66150194616472	5.56089002267574	121.4130573104	0.71987473090992	0.999999999939051	0.860180521169503	0.964099205582988	0.619222221248592	52.1647229955264	50.6444867612335	1.52023623429287	BM	Hominidae	APE	Lemuridae	STR	order
Eulemur_rubriventer	Loris_tardigradus	5.83766666666667	4.23333333333333	99.3606340177	0.60804795023491	0.818368602296394	0.831972964108757	0.931165743071765	0.618155992370261	52.1647229955264	50.6444867612335	1.52023623429287	BM	Lemuridae	STR	Lorisidae	STR	superfamily
Gorilla_gorilla	Eulemur_sanfordi	3.81270935960591	5.70666666666667	121.4130573112	0.717816450274706	0.99999999994564	0.859044479266007	0.963565998917884	0.616636258768329	52.1647229955264	50.6444867612335	1.52023623429287	BM	Hominidae	APE	Lemuridae	STR	order
Macaca_arctoides	Eulemur_albifrons	4.24791666666667	6.13958333333333	121.4130573133	0.716948289545623	0.999999999962937	0.858563186617997	0.963339082723159	0.615545408135427	52.1647229955264	50.6444867612335	1.52023623429287	BM	Cercopithecidae	OWM	Lemuridae	STR	order
Varecia_variegata	Mirza_zaza	5.664	4.44166666666667	71.983496227	0.463268612821815	0.592881011459768	0.78279684523934	0.858826176342485	0.611666087470793	52.1647229955264	50.6444867612335	1.52023623429287	BM	Lemuridae	STR	Cheirogaleidae	STR	superfamily
Aotus_trivirgatus	Callithrix_jacchus	3.82941176470588	4.59887640449438	40.5102348758	0.291629792438171	0.333656327999088	0.699562217737777	0.721023916718448	0.611447070642736	52.1647229955264	50.6444867612335	1.52023623429287	BM	Aotidae	PLA	Callitrichidae	PLA	superfamily
Aotus_trivirgatus	Eulemur_sanfordi	3.82941176470588	5.70666666666667	121.4130573093	0.711486180265337	0.999999999929991	0.8555060767406	0.961883629306512	0.608680750776567	52.1647229955264	50.6444867612335	1.52023623429287	BM	Aotidae	PLA	Lemuridae	STR	order
Pan_paniscus	Varecia_variegata	3.78861111111111	5.664	121.413057313	0.710778954778024	0.999999999960466	0.855106571740472	0.961691634075638	0.60779175530954	52.1647229955264	50.6444867612335	1.52023623429287	BM	Hominidae	APE	Lemuridae	STR	order
Macaca_mulatta	Eulemur_macaco	3.9030786339257	5.76489583333333	121.4130573138	0.705635236949036	0.999999999967054	0.852175432093959	0.960270348463572	0.60132501296758	52.1647229955264	50.6444867612335	1.52023623429287	BM	Cercopithecidae	OWM	Lemuridae	STR	order
Macaca_nigra	Pan_paniscus	4.86124338624339	3.78861111111111	62.151576032	0.406531387648029	0.511901910758392	0.756133664997816	0.818460476205719	0.600490175204748	52.1647229955264	50.6444867612335	1.52023623429287	BM	Cercopithecidae	OWM	Hominidae	APE	order
Eulemur_fulvus	Lemur_catta	6.3	5.43170212765957	47.7997285384	0.329087933598543	0.393695123031814	0.717945854021628	0.754418349041516	0.600127620876133	52.1647229955264	50.6444867612335	1.52023623429287	BM	Lemuridae	STR	Lemuridae	STR	family
Macaca_arctoides	Eulemur_flavifrons	4.24791666666667	6.10560606060606	121.4130573132	0.70407078422479	0.999999999962113	0.851275003839121	0.959829289619997	0.599357859566679	52.1647229955264	50.6444867612335	1.52023623429287	BM	Cercopithecidae	OWM	Lemuridae	STR	order
Saimiri_sciureus	Eulemur_rubriventer	3.98109463720041	5.83766666666667	121.413057301	0.703647299177491	0.999999999861629	0.851030546231197	0.95970918666362	0.598825345455986	52.1647229955264	50.6444867612335	1.52023623429287	BM	Cebidae	PLA	Lemuridae	STR	order
Gorilla_gorilla	Varecia_variegata	3.81270935960591	5.664	121.413057313	0.701645634228565	0.999999999960466	0.849870927809045	0.959137372876124	0.596308226178571	52.1647229955264	50.6444867612335	1.52023623429287	BM	Hominidae	APE	Lemuridae	STR	order
Pongo_pygmaeus	Eulemur_albifrons	4.29057422969188	6.13958333333333	121.4130573152	0.700780923811469	0.999999999978585	0.849367853659055	0.958888232915143	0.595220789155703	52.1647229955264	50.6444867612335	1.52023623429287	BM	Hominidae	APE	Lemuridae	STR	order
Varecia_variegata	Propithecus_tattersalli	5.664	4.46666666666667	71.983496228	0.453793525294781	0.592881011468004	0.773245216213456	0.850511087967822	0.591845017458053	52.1647229955264	50.6444867612335	1.52023623429287	BM	Lemuridae	STR	Indriidae	STR	superfamily
Aotus_trivirgatus	Varecia_variegata	3.82941176470588	5.664	121.4130573111	0.695315364219197	0.999999999944816	0.846158306123649	0.957283546156895	0.588346870841931	52.1647229955264	50.6444867612335	1.52023623429287	BM	Aotidae	PLA	Lemuridae	STR	order
Macaca_nemestrina	Eulemur_macaco	3.93195852873978	5.76489583333333	121.4130573136	0.694689655703638	0.999999999965407	0.845787578951188	0.957096504192637	0.58755988204034	52.1647229955264	50.6444867612335	1.52023623429287	BM	Cercopithecidae	OWM	Lemuridae	STR	order
Eulemur_macaco	Nycticebus_pygmaeus	5.76489583333333	4.21666666666667	99.3606340171	0.586784274642984	0.818368602291453	0.816600943741728	0.920890626724894	0.585516833251644	52.1647229955264	50.6444867612335	1.52023623429287	BM	Lemuridae	STR	Lorisidae	STR	superfamily
Macaca_fascicularis	Eulemur_macaco	3.93673469387755	5.76489583333333	121.4130573137	0.69287947239468	0.999999999966231	0.844711237156123	0.956551486280491	0.585283076346357	52.1647229955264	50.6444867612335	1.52023623429287	BM	Cercopithecidae	OWM	Lemuridae	STR	order
Leontopithecus_chrysomelas	Eulemur_albifrons	4.3125	6.13958333333333	121.4130573069	0.692470980100785	0.999999999910224	0.844467559229483	0.956427690027723	0.584769278455456	52.1647229955264	50.6444867612335	1.52023623429287	BM	Callitrichidae	PLA	Lemuridae	STR	order
Pongo_pygmaeus	Eulemur_flavifrons	4.29057422969188	6.10560606060606	121.4130573151	0.687903418490636	0.999999999977762	0.841723072314778	0.955023053932417	0.579024178880653	52.1647229955264	50.6444867612335	1.52023623429287	BM	Hominidae	APE	Lemuridae	STR	order
Leontopithecus_rosalia	Eulemur_albifrons	4.325	6.13958333333333	121.4130573069	0.687733436337267	0.999999999910224	0.841620232781353	0.954970051761855	0.578810374833655	52.1647229955264	50.6444867612335	1.52023623429287	BM	Callitrichidae	PLA	Lemuridae	STR	order
Macaca_nigra	Gorilla_gorilla	4.86124338624339	3.81270935960591	62.151576032	0.397398067098571	0.511901910758392	0.745378302401164	0.808452193188772	0.578649718639638	52.1647229955264	50.6444867612335	1.52023623429287	BM	Cercopithecidae	OWM	Hominidae	APE	order
Daubentonia_madagascariensis	Lemur_catta	3.9859375	5.43170212765957	92.496943884	0.547949855622606	0.761836872634615	0.802109258160305	0.902775986043076	0.576915699397096	52.1647229955264	50.6444867612335	1.52023623429287	BM	Daubentoniidae	STR	Lemuridae	STR	superfamily
Eulemur_macaco	Loris_tardigradus	5.76489583333333	4.23333333333333	99.3606340168	0.580467549624963	0.818368602288982	0.811839579548523	0.917608458134633	0.57583652416651	52.1647229955264	50.6444867612335	1.52023623429287	BM	Lemuridae	STR	Lorisidae	STR	superfamily
Macaca_mulatta	Eulemur_sanfordi	3.9030786339257	5.70666666666667	121.4130573139	0.683566178917321	0.999999999967878	0.839083181785038	0.953654092455143	0.57356888438501	52.1647229955264	50.6444867612335	1.52023623429287	BM	Cercopithecidae	OWM	Lemuridae	STR	order
Leontopithecus_chrysomelas	Eulemur_flavifrons	4.3125	6.10560606060606	121.4130573068	0.679593474779952	0.9999999999094	0.836636103084922	0.952369571333954	0.568572436473353	52.1647229955264	50.6444867612335	1.52023623429287	BM	Callitrichidae	PLA	Lemuridae	STR	order
Pan_paniscus	Varecia_rubra	3.78861111111111	5.57549019607843	121.413057313	0.677233429211722	0.999999999960466	0.835169154434582	0.951592405837041	0.565604470451947	52.1647229955264	50.6444867612335	1.52023623429287	BM	Hominidae	APE	Lemuridae	STR	order
Saimiri_sciureus	Eulemur_macaco	3.98109463720041	5.76489583333333	121.4130573001	0.676066898567545	0.999999999854217	0.834440413892203	0.951204349746807	0.564137542741762	52.1647229955264	50.6444867612335	1.52023623429287	BM	Cebidae	PLA	Lemuridae	STR	order
Leontopithecus_rosalia	Eulemur_flavifrons	4.325	6.10560606060606	121.4130573068	0.674855931016435	0.9999999999094	0.833681351414015	0.950798751971964	0.562614804630517	52.1647229955264	50.6444867612335	1.52023623429287	BM	Callitrichidae	PLA	Lemuridae	STR	order
Macaca_nemestrina	Eulemur_sanfordi	3.93195852873978	5.70666666666667	121.4130573137	0.672620597671922	0.999999999966231	0.832273323655444	0.950042624423442	0.559804180402426	52.1647229955264	50.6444867612335	1.52023623429287	BM	Cercopithecidae	OWM	Lemuridae	STR	order
Pan_paniscus	Eulemur_collaris	3.78861111111111	5.56089002267574	121.4130573104	0.671699912375707	0.999999999939051	0.831690791559294	0.949728371368198	0.558646631848109	52.1647229955264	50.6444867612335	1.52023623429287	BM	Hominidae	APE	Lemuridae	STR	order
Pan_troglodytes	Lemur_catta	3.66150194616472	5.43170212765957	121.413057312	0.670912066401457	0.999999999952229	0.831191104259738	0.949458145836452	0.557656141360049	52.1647229955264	50.6444867612335	1.52023623429287	BM	Hominidae	APE	Lemuridae	STR	order
Macaca_fascicularis	Eulemur_sanfordi	3.93673469387755	5.70666666666667	121.4130573138	0.670810414362965	0.999999999967055	0.831126550978043	0.949423191432042	0.55752834606801	52.1647229955264	50.6444867612335	1.52023623429287	BM	Cercopithecidae	OWM	Lemuridae	STR	order
Daubentonia_madagascariensis	Eulemur_coronatus	3.9859375	5.39940476190476	92.4969438831	0.535709040925827	0.761836872627202	0.791904816892938	0.895071178754722	0.556852241214442	52.1647229955264	50.6444867612335	1.52023623429287	BM	Daubentoniidae	STR	Lemuridae	STR	superfamily
Gorilla_gorilla	Varecia_rubra	3.81270935960591	5.57549019607843	121.413057313	0.668100108662263	0.999999999960466	0.82939855651714	0.948483721081837	0.554121265755332	52.1647229955264	50.6444867612335	1.52023623429287	BM	Hominidae	APE	Lemuridae	STR	order
Macaca_mulatta	Varecia_variegata	3.9030786339257	5.664	121.4130573157	0.66739536287118	0.999999999982704	0.828947073108647	0.948237057046807	0.553235432667917	52.1647229955264	50.6444867612335	1.52023623429287	BM	Cercopithecidae	OWM	Lemuridae	STR	order
Eulemur_rubriventer	Eulemur_fulvus	5.83766666666667	6.3	22.8374257184	0.17522595199996	0.188096949561387	0.59269992622787	0.575610867769151	0.552142972364847	52.1647229955264	50.6444867612335	1.52023623429287	BM	Lemuridae	STR	Lemuridae	STR	family
Eulemur_sanfordi	Nycticebus_pygmaeus	5.70666666666667	4.21666666666667	99.3606340172	0.564715216611268	0.818368602292276	0.799569764757993	0.908941122213381	0.551743079629867	52.1647229955264	50.6444867612335	1.52023623429287	BM	Lemuridae	STR	Lorisidae	STR	superfamily
Gorilla_gorilla	Eulemur_collaris	3.81270935960591	5.56089002267574	121.4130573104	0.662566591826248	0.999999999939051	0.82582950741165	0.946520252690495	0.547167042188636	52.1647229955264	50.6444867612335	1.52023623429287	BM	Hominidae	APE	Lemuridae	STR	order
Aotus_trivirgatus	Varecia_rubra	3.82941176470588	5.57549019607843	121.4130573111	0.661769838652895	0.999999999944816	0.825311052258455	0.946232457381779	0.546165961921668	52.1647229955264	50.6444867612335	1.52023623429287	BM	Aotidae	PLA	Lemuridae	STR	order
Pan_troglodytes	Eulemur_coronatus	3.66150194616472	5.39940476190476	121.4130573111	0.658671251704678	0.999999999944817	0.823283816232694	0.945100896579869	0.542273381776117	52.1647229955264	50.6444867612335	1.52023623429287	BM	Hominidae	APE	Lemuridae	STR	order
Eulemur_sanfordi	Loris_tardigradus	5.70666666666667	4.23333333333333	99.3606340169	0.558398491593248	0.818368602289805	0.794488867271248	0.905265757388613	0.542104601558	52.1647229955264	50.6444867612335	1.52023623429287	BM	Lemuridae	STR	Lorisidae	STR	superfamily
Varecia_rubra	Mirza_zaza	5.57549019607843	4.44166666666667	71.983496227	0.429723087255513	0.592881011459768	0.747643666720164	0.827711289569806	0.541895824659621	52.1647229955264	50.6444867612335	1.52023623429287	BM	Lemuridae	STR	Cheirogaleidae	STR	superfamily
Macaca_nemestrina	Varecia_variegata	3.93195852873978	5.664	121.4130573155	0.656449781625782	0.999999999981056	0.821819675732482	0.944277482660663	0.539483346680578	52.1647229955264	50.6444867612335	1.52023623429287	BM	Cercopithecidae	OWM	Lemuridae	STR	order
Aotus_trivirgatus	Eulemur_collaris	3.82941176470588	5.56089002267574	121.4130573085	0.65623632181688	0.999999999923402	0.821678513264074	0.944197822292652	0.539215285301681	52.1647229955264	50.6444867612335	1.52023623429287	BM	Aotidae	PLA	Lemuridae	STR	order
Macaca_fascicularis	Varecia_variegata	3.93673469387755	5.664	121.4130573156	0.654639598316824	0.99999999998188	0.820619948172667	0.943598932590167	0.537210313252262	52.1647229955264	50.6444867612335	1.52023623429287	BM	Cercopithecidae	OWM	Lemuridae	STR	order
Saimiri_sciureus	Eulemur_sanfordi	3.98109463720041	5.70666666666667	121.4130573002	0.653997840535829	0.99999999985504	0.820193174235886	0.94335672303973	0.536404564850254	52.1647229955264	50.6444867612335	1.52023623429287	BM	Cebidae	PLA	Lemuridae	STR	order
Eulemur_fulvus	Cheirogaleus_medius	6.3	5.18	71.9834962244	0.424483921211155	0.592881011438353	0.741814122473465	0.82242069687542	0.531115285263424	52.1647229955264	50.6444867612335	1.52023623429287	BM	Lemuridae	STR	Cheirogaleidae	STR	superfamily
Eulemur_collaris	Mirza_zaza	5.56089002267574	4.44166666666667	71.9834962244	0.424189570419498	0.592881011438353	0.741483854782443	0.822119906649475	0.530510695679217	52.1647229955264	50.6444867612335	1.52023623429287	BM	Lemuridae	STR	Cheirogaleidae	STR	superfamily
Varecia_variegata	Nycticebus_pygmaeus	5.664	4.21666666666667	99.360634019	0.548544400565128	0.818368602307102	0.786376812861305	0.899295812180166	0.527100619712493	52.1647229955264	50.6444867612335	1.52023623429287	BM	Lemuridae	STR	Lorisidae	STR	superfamily
Cebuella_pygmaea	Pan_troglodytes	4.85	3.66150194616472	78.0653383507	0.450444923431987	0.642973170063275	0.750742809450808	0.840448548737717	0.525944632008369	52.1647229955264	50.6444867612335	1.52023623429287	BM	Callitrichidae	PLA	Hominidae	APE	order
Callithrix_jacchus	Eulemur_fulvus	4.59887640449438	6.3	121.4130573047	0.644731798468789	0.999999999892104	0.813946836814848	0.939762041041993	0.524777408014241	52.1647229955264	50.6444867612335	1.52023623429287	BM	Callitrichidae	PLA	Lemuridae	STR	order
Varecia_rubra	Propithecus_tattersalli	5.57549019607843	4.46666666666667	71.983496228	0.420247999728479	0.592881011468004	0.737033105183525	0.81805549366841	0.522426392810459	52.1647229955264	50.6444867612335	1.52023623429287	BM	Lemuridae	STR	Indriidae	STR	superfamily
Varecia_variegata	Loris_tardigradus	5.664	4.23333333333333	99.3606340187	0.542227675547107	0.818368602304631	0.781056709997857	0.895313782305994	0.517505880772978	52.1647229955264	50.6444867612335	1.52023623429287	BM	Lemuridae	STR	Lorisidae	STR	superfamily
Saimiri_sciureus	Varecia_variegata	3.98109463720041	5.664	121.413057302	0.637827024489688	0.999999999869866	0.809188989958605	0.936962108035672	0.516122605782278	52.1647229955264	50.6444867612335	1.52023623429287	BM	Cebidae	PLA	Lemuridae	STR	order
Eulemur_fulvus	Microcebus_murinus	6.3	5.2	71.9834962244	0.416903851189527	0.592881011438353	0.73321570026875	0.814553437875519	0.515584819377289	52.1647229955264	50.6444867612335	1.52023623429287	BM	Lemuridae	STR	Cheirogaleidae	STR	superfamily
Macaca_mulatta	Varecia_rubra	3.9030786339257	5.57549019607843	121.4130573157	0.633849837304878	0.999999999982704	0.806408107730187	0.935301073489337	0.511141647894954	52.1647229955264	50.6444867612335	1.52023623429287	BM	Cercopithecidae	OWM	Lemuridae	STR	order
Eulemur_collaris	Propithecus_tattersalli	5.56089002267574	4.46666666666667	71.9834962254	0.414714482892464	0.59288101144659	0.7306959467548	0.812233840628664	0.511114685509429	52.1647229955264	50.6444867612335	1.52023623429287	BM	Lemuridae	STR	Indriidae	STR	superfamily
Eulemur_mongoz	Eulemur_collaris	5.2324	5.56089002267574	15.6477288174	0.12449886866441	0.128880115228809	0.523086889546915	0.492269139968064	0.505304684482615	52.1647229955264	50.6444867612335	1.52023623429287	BM	Lemuridae	STR	Lemuridae	STR	family
Macaca_mulatta	Eulemur_collaris	3.9030786339257	5.56089002267574	121.4130573131	0.628316320468863	0.999999999961289	0.802489680684586	0.932930128534415	0.504217363401491	52.1647229955264	50.6444867612335	1.52023623429287	BM	Cercopithecidae	OWM	Lemuridae	STR	order
Eulemur_rubriventer	Eulemur_coronatus	5.83766666666667	5.39940476190476	22.8374257191	0.166102796295362	0.188096949567152	0.56784556629552	0.551093078941114	0.501447453787312	52.1647229955264	50.6444867612335	1.52023623429287	BM	Lemuridae	STR	Lemuridae	STR	family
Macaca_nemestrina	Varecia_rubra	3.93195852873978	5.57549019607843	121.4130573155	0.62290425605948	0.999999999981056	0.79860141678633	0.93054249311871	0.497452221420759	52.1647229955264	50.6444867612335	1.52023623429287	BM	Cercopithecidae	OWM	Lemuridae	STR	order
Pan_paniscus	Lemur_catta	3.78861111111111	5.43170212765957	121.413057312	0.622737247867243	0.999999999952229	0.798480549095244	0.930467718222147	0.497243579642851	52.1647229955264	50.6444867612335	1.52023623429287	BM	Hominidae	APE	Lemuridae	STR	order
Macaca_fascicularis	Varecia_rubra	3.93673469387755	5.57549019607843	121.4130573156	0.621094072750522	0.99999999998188	0.797288523584803	0.929728486114308	0.495191176279509	52.1647229955264	50.6444867612335	1.52023623429287	BM	Cercopithecidae	OWM	Lemuridae	STR	order
Eulemur_rubriventer	Galago_moholi	5.83766666666667	4.45	99.360634019	0.525930525000607	0.818368602307102	0.766893136250407	0.884461711791947	0.492849442941097	52.1647229955264	50.6444867612335	1.52023623429287	BM	Lemuridae	STR	Galagidae	STR	superfamily
Macaca_nemestrina	Eulemur_collaris	3.93195852873978	5.56089002267574	121.4130573129	0.617370739223465	0.999999999959642	0.794568477631246	0.92802955627434	0.490543328418663	52.1647229955264	50.6444867612335	1.52023623429287	BM	Cercopithecidae	OWM	Lemuridae	STR	order
Macaca_fascicularis	Eulemur_collaris	3.93673469387755	5.56089002267574	121.413057313	0.615560555914507	0.999999999960466	0.793236523276332	0.927191509240089	0.488285115258974	52.1647229955264	50.6444867612335	1.52023623429287	BM	Cercopithecidae	OWM	Lemuridae	STR	order
Eulemur_rubriventer	Propithecus_coquereli	5.83766666666667	4.77373949579832	71.983496227	0.403232122654721	0.592881011459768	0.717213768909413	0.799717083082894	0.487793713822053	52.1647229955264	50.6444867612335	1.52023623429287	BM	Lemuridae	STR	Indriidae	STR	superfamily
Gorilla_gorilla	Lemur_catta	3.81270935960591	5.43170212765957	121.413057312	0.613603927317785	0.999999999952229	0.791789774574679	0.926276699177401	0.485845315312296	52.1647229955264	50.6444867612335	1.52023623429287	BM	Hominidae	APE	Lemuridae	STR	order
Eulemur_sanfordi	Eulemur_coronatus	5.70666666666667	5.39940476190476	14.8274950179	0.1164533376537	0.122124385510603	0.505687220948213	0.473876311416438	0.482204798345784	52.1647229955264	50.6444867612335	1.52023623429287	BM	Lemuridae	STR	Lemuridae	STR	family
Pan_paniscus	Eulemur_coronatus	3.78861111111111	5.39940476190476	121.4130573111	0.610496433170464	0.999999999944817	0.789477004944712	0.924804510229299	0.481972895615445	52.1647229955264	50.6444867612335	1.52023623429287	BM	Hominidae	APE	Lemuridae	STR	order
Aotus_trivirgatus	Lemur_catta	3.82941176470588	5.43170212765957	121.4130573101	0.607273657308417	0.99999999993658	0.78705886101908	0.923252440075399	0.477960113078366	52.1647229955264	50.6444867612335	1.52023623429287	BM	Aotidae	PLA	Lemuridae	STR	order
Varecia_rubra	Nycticebus_pygmaeus	5.57549019607843	4.21666666666667	99.360634019	0.514998874998826	0.818368602307102	0.757035681047861	0.87669990017684	0.47640210410628	52.1647229955264	50.6444867612335	1.52023623429287	BM	Lemuridae	STR	Lorisidae	STR	superfamily
Saimiri_sciureus	Varecia_rubra	3.98109463720041	5.57549019607843	121.413057302	0.604281498923386	0.999999999869866	0.784795861840747	0.921788149369565	0.474237619803712	52.1647229955264	50.6444867612335	1.52023623429287	BM	Cebidae	PLA	Lemuridae	STR	order
Macaca_arctoides	Eulemur_rubriventer	4.24791666666667	5.83766666666667	121.4130573141	0.602520815844137	0.999999999969526	0.783456167893737	0.920915937237175	0.472048649471841	52.1647229955264	50.6444867612335	1.52023623429287	BM	Cercopithecidae	OWM	Lemuridae	STR	order
Gorilla_gorilla	Eulemur_coronatus	3.81270935960591	5.39940476190476	121.4130573111	0.601363112621006	0.999999999944816	0.782572013374721	0.920338131683546	0.47060994183908	52.1647229955264	50.6444867612335	1.52023623429287	BM	Hominidae	APE	Lemuridae	STR	order
Eulemur_collaris	Nycticebus_pygmaeus	5.56089002267574	4.21666666666667	99.3606340164	0.509465358162811	0.818368602285687	0.751935724004281	0.872618693968635	0.468108382793895	52.1647229955264	50.6444867612335	1.52023623429287	BM	Lemuridae	STR	Lorisidae	STR	superfamily
Saimiri_sciureus	Eulemur_collaris	3.98109463720041	5.56089002267574	121.4130572994	0.598747982087371	0.999999999848451	0.780565251982764	0.919020294201263	0.467361869583028	52.1647229955264	50.6444867612335	1.52023623429287	BM	Cebidae	PLA	Lemuridae	STR	order
Varecia_rubra	Loris_tardigradus	5.57549019607843	4.23333333333333	99.3606340187	0.508682149980805	0.818368602304631	0.751207873878548	0.87203265038003	0.466936335645006	52.1647229955264	50.6444867612335	1.52023623429287	BM	Lemuridae	STR	Lorisidae	STR	superfamily
Pan_paniscus	Pan_troglodytes	3.78861111111111	3.66150194616472	4.786270704	0.0481748185342136	0.0394213835788014	0.381265984475839	0.339403826040842	0.465925290995336	52.1647229955264	50.6444867612335	1.52023623429287	BM	Hominidae	APE	Hominidae	APE	family
Pan_troglodytes	Eulemur_mongoz	3.66150194616472	5.2324	121.413057311	0.59537586224551	0.999999999943993	0.777958023463798	0.917294921442666	0.463177429036513	52.1647229955264	50.6444867612335	1.52023623429287	BM	Hominidae	APE	Lemuridae	STR	order
Eulemur_rubriventer	Hapalemur_griseus	5.83766666666667	5.09149122807018	47.7997285418	0.28280310364901	0.393695123059818	0.644733020572818	0.681641871745757	0.463131211344191	52.1647229955264	50.6444867612335	1.52023623429287	BM	Lemuridae	STR	Lemuridae	STR	family
Aotus_trivirgatus	Eulemur_coronatus	3.82941176470588	5.39940476190476	121.4130573092	0.595032842611638	0.999999999929167	0.777691572265031	0.917117755439582	0.462752026952753	52.1647229955264	50.6444867612335	1.52023623429287	BM	Aotidae	PLA	Lemuridae	STR	order
Eulemur_collaris	Loris_tardigradus	5.56089002267574	4.23333333333333	99.3606340161	0.50314863314479	0.818368602283216	0.74602291850923	0.867832223906801	0.458669126229141	52.1647229955264	50.6444867612335	1.52023623429287	BM	Lemuridae	STR	Lorisidae	STR	superfamily
Daubentonia_madagascariensis	Eulemur_mongoz	3.9859375	5.2324	92.496943883	0.47241365146666	0.761836872626378	0.733038730862663	0.847237066687598	0.454555976425085	52.1647229955264	50.6444867612335	1.52023623429287	BM	Daubentoniidae	STR	Lemuridae	STR	superfamily
Pongo_pygmaeus	Eulemur_rubriventer	4.29057422969188	5.83766666666667	121.413057316	0.586353450109982	0.999999999985175	0.770873249973876	0.912531681616624	0.452004189726378	52.1647229955264	50.6444867612335	1.52023623429287	BM	Hominidae	APE	Lemuridae	STR	order
Eulemur_macaco	Galago_moholi	5.76489583333333	4.45	99.3606340181	0.498350124390661	0.818368602299689	0.741466176230168	0.864103944750995	0.45151996315281	52.1647229955264	50.6444867612335	1.52023623429287	BM	Lemuridae	STR	Galagidae	STR	superfamily
Callithrix_jacchus	Eulemur_albifrons	4.59887640449438	6.13958333333333	121.4130573055	0.583933320170315	0.999999999898693	0.76894579062808	0.911217045138935	0.449013068597931	52.1647229955264	50.6444867612335	1.52023623429287	BM	Callitrichidae	PLA	Lemuridae	STR	order
Pan_troglodytes	Microcebus_murinus	3.66150194616472	5.2	121.41305731	0.583096148810473	0.999999999935757	0.768276369603241	0.910758596706196	0.447978992366521	52.1647229955264	50.6444867612335	1.52023623429287	BM	Hominidae	APE	Cheirogaleidae	STR	order
Macaca_mulatta	Lemur_catta	3.9030786339257	5.43170212765957	121.4130573147	0.5793536559604	0.999999999974467	0.765266950886587	0.908685783148743	0.443360205793132	52.1647229955264	50.6444867612335	1.52023623429287	BM	Cercopithecidae	OWM	Lemuridae	STR	order
Leontopithecus_chrysomelas	Eulemur_rubriventer	4.3125	5.83766666666667	121.4130573077	0.578043506399298	0.999999999916813	0.764206919224689	0.907951063722261	0.441744847239992	52.1647229955264	50.6444867612335	1.52023623429287	BM	Callitrichidae	PLA	Lemuridae	STR	order
Pan_troglodytes	Cheirogaleus_medius	3.66150194616472	5.18	121.41305731	0.575516078788845	0.999999999935757	0.762152438519035	0.906520292846096	0.438630982884011	52.1647229955264	50.6444867612335	1.52023623429287	BM	Hominidae	APE	Cheirogaleidae	STR	order
Macaca_arctoides	Eulemur_macaco	4.24791666666667	5.76489583333333	121.4130573132	0.57494041523419	0.999999999962113	0.761682734154737	0.906191929104286	0.43792218746823	52.1647229955264	50.6444867612335	1.52023623429287	BM	Cercopithecidae	OWM	Lemuridae	STR	order
Leontopithecus_rosalia	Eulemur_rubriventer	4.325	5.83766666666667	121.4130573077	0.573305962635781	0.999999999916813	0.760345558608101	0.905254578425487	0.43591064244992	52.1647229955264	50.6444867612335	1.52023623429287	BM	Callitrichidae	PLA	Lemuridae	STR	order
Cebuella_pygmaea	Pan_paniscus	4.85	3.78861111111111	78.0653383507	0.402270104897774	0.642973170063275	0.69648889973508	0.790937920552815	0.435751716870228	52.1647229955264	50.6444867612335	1.52023623429287	BM	Callitrichidae	PLA	Hominidae	APE	order
Daubentonia_madagascariensis	Microcebus_murinus	3.9859375	5.2	92.496943882	0.460133938031623	0.761836872618142	0.72040629279942	0.836281426521072	0.435110712545821	52.1647229955264	50.6444867612335	1.52023623429287	BM	Daubentoniidae	STR	Cheirogaleidae	STR	superfamily
Callithrix_jacchus	Eulemur_flavifrons	4.59887640449438	6.10560606060606	121.4130573054	0.571055814849483	0.999999999897869	0.758496030314399	0.903951867331527	0.433143568695524	52.1647229955264	50.6444867612335	1.52023623429287	BM	Callitrichidae	PLA	Lemuridae	STR	order
Eulemur_macaco	Propithecus_coquereli	5.76489583333333	4.77373949579832	71.9834962261	0.375651722044775	0.592881011452355	0.682987493814027	0.767187436726916	0.432743540829191	52.1647229955264	50.6444867612335	1.52023623429287	BM	Lemuridae	STR	Indriidae	STR	superfamily
Cheirogaleus_medius	Mirza_zaza	5.18	4.44166666666667	49.55786972	0.279830918298424	0.408175782859019	0.630992554780439	0.671450811890631	0.432586237250299	52.1647229955264	50.6444867612335	1.52023623429287	BM	Cheirogaleidae	STR	Cheirogaleidae	STR	family
Lemur_catta	Mirza_zaza	5.43170212765957	4.44166666666667	71.983496226	0.375226905911035	0.592881011451531	0.682439905623233	0.766658664455531	0.431907599183008	52.1647229955264	50.6444867612335	1.52023623429287	BM	Lemuridae	STR	Cheirogaleidae	STR	superfamily
Macaca_nemestrina	Lemur_catta	3.93195852873978	5.43170212765957	121.4130573145	0.568408074715001	0.99999999997282	0.756306858735059	0.902400656020397	0.42989092547903	52.1647229955264	50.6444867612335	1.52023623429287	BM	Cercopithecidae	OWM	Lemuridae	STR	order
Pan_troglodytes	Pongo_pygmaeus	3.66150194616472	4.29057422969188	40.643277586	0.238420597890057	0.334752113848972	0.601988255449972	0.623392922506266	0.428754274728579	52.1647229955264	50.6444867612335	1.52023623429287	BM	Hominidae	APE	Hominidae	APE	family
Macaca_mulatta	Eulemur_coronatus	3.9030786339257	5.39940476190476	121.4130573138	0.567112841263621	0.999999999967054	0.755230887142551	0.901634568247188	0.428301134231568	52.1647229955264	50.6444867612335	1.52023623429287	BM	Cercopithecidae	OWM	Lemuridae	STR	order
Macaca_fascicularis	Lemur_catta	3.93673469387755	5.43170212765957	121.4130573146	0.566597891406044	0.999999999973644	0.754802184942552	0.901328661406394	0.427669326428396	52.1647229955264	50.6444867612335	1.52023623429287	BM	Cercopithecidae	OWM	Lemuridae	STR	order
Daubentonia_madagascariensis	Cheirogaleus_medius	3.9859375	5.18	92.496943882	0.452553868009995	0.761836872618142	0.712408783467746	0.829229124604418	0.423192106014305	52.1647229955264	50.6444867612335	1.52023623429287	BM	Daubentoniidae	STR	Cheirogaleidae	STR	superfamily
Eulemur_albifrons	Lemur_catta	6.13958333333333	5.43170212765957	47.7997285392	0.268289455300069	0.393695123038403	0.619502184682004	0.656171560741458	0.422169069311344	52.1647229955264	50.6444867612335	1.52023623429287	BM	Lemuridae	STR	Lemuridae	STR	family
Cebuella_pygmaea	Gorilla_gorilla	4.85	3.81270935960591	78.0653383507	0.393136784348315	0.642973170063275	0.685378390128197	0.78041353849705	0.419064852006668	52.1647229955264	50.6444867612335	1.52023623429287	BM	Callitrichidae	PLA	Hominidae	APE	order
Eulemur_sanfordi	Galago_moholi	5.70666666666667	4.45	99.3606340182	0.476281066358945	0.818368602300513	0.719781297381757	0.845903623777927	0.418904394546068	52.1647229955264	50.6444867612335	1.52023623429287	BM	Lemuridae	STR	Galagidae	STR	superfamily
Pongo_pygmaeus	Eulemur_macaco	4.29057422969188	5.76489583333333	121.4130573151	0.558773049500036	0.999999999977762	0.748223027147977	0.896586206297714	0.418086862594921	52.1647229955264	50.6444867612335	1.52023623429287	BM	Hominidae	APE	Lemuridae	STR	order
Aotus_trivirgatus	Macaca_nigra	3.82941176470588	4.86124338624339	78.0653383561	0.391067797089202	0.642973170107751	0.682824821411606	0.777977494777381	0.415306285116866	52.1647229955264	50.6444867612335	1.52023623429287	BM	Aotidae	PLA	Cercopithecidae	OWM	order
Macaca_nemestrina	Eulemur_coronatus	3.93195852873978	5.39940476190476	121.4130573136	0.556167260018223	0.999999999965407	0.746004988922069	0.894967276071111	0.414903550663064	52.1647229955264	50.6444867612335	1.52023623429287	BM	Cercopithecidae	OWM	Lemuridae	STR	order
Lemur_catta	Propithecus_tattersalli	5.43170212765957	4.46666666666667	71.983496227	0.365751818384	0.592881011459768	0.670065488559481	0.754643057916405	0.413367380873901	52.1647229955264	50.6444867612335	1.52023623429287	BM	Lemuridae	STR	Indriidae	STR	superfamily
Macaca_fascicularis	Eulemur_coronatus	3.93673469387755	5.39940476190476	121.4130573137	0.554357076709265	0.999999999966231	0.744456185030605	0.893830847505115	0.412694554485634	52.1647229955264	50.6444867612335	1.52023623429287	BM	Cercopithecidae	OWM	Lemuridae	STR	order
Macaca_arctoides	Eulemur_sanfordi	4.24791666666667	5.70666666666667	121.4130573133	0.552871357202475	0.999999999962937	0.743180099176504	0.892890850047877	0.410882990092812	52.1647229955264	50.6444867612335	1.52023623429287	BM	Cercopithecidae	OWM	Lemuridae	STR	order
Eulemur_albifrons	Cheirogaleus_medius	6.13958333333333	5.18	71.9834962252	0.363685442912681	0.592881011444942	0.667325884885221	0.751965987169071	0.40935146399796	52.1647229955264	50.6444867612335	1.52023623429287	BM	Lemuridae	STR	Cheirogaleidae	STR	superfamily
Eulemur_coronatus	Mirza_zaza	5.39940476190476	4.44166666666667	71.9834962251	0.362986091214256	0.592881011444119	0.66639536567929	0.751055337069972	0.407994596423367	52.1647229955264	50.6444867612335	1.52023623429287	BM	Lemuridae	STR	Cheirogaleidae	STR	superfamily
Leontopithecus_chrysomelas	Eulemur_macaco	4.3125	5.76489583333333	121.4130573068	0.550463105789352	0.9999999999094	0.741102265959073	0.891353184846561	0.407949455064318	52.1647229955264	50.6444867612335	1.52023623429287	BM	Callitrichidae	PLA	Lemuridae	STR	order
Saimiri_sciureus	Lemur_catta	3.98109463720041	5.43170212765957	121.413057301	0.549785317578908	0.999999999861629	0.740515377324431	0.890917283281317	0.407124481950712	52.1647229955264	50.6444867612335	1.52023623429287	BM	Cebidae	PLA	Lemuridae	STR	order
Cebuella_pygmaea	Eulemur_fulvus	4.85	6.3	121.4130573051	0.549555076568013	0.999999999895398	0.740315804916478	0.89076889554985	0.406844308897941	52.1647229955264	50.6444867612335	1.52023623429287	BM	Callitrichidae	PLA	Lemuridae	STR	order
Callithrix_jacchus	Saimiri_sciureus	4.59887640449438	3.98109463720041	41.3912937953	0.234141452708662	0.340913034476661	0.589192976870274	0.612011831857198	0.404661850908466	52.1647229955264	50.6444867612335	1.52023623429287	BM	Callitrichidae	PLA	Cebidae	PLA	superfamily
Pan_paniscus	Eulemur_mongoz	3.78861111111111	5.2324	121.413057311	0.547201043711297	0.999999999943993	0.738269235581938	0.88924257367518	0.403981696273003	52.1647229955264	50.6444867612335	1.52023623429287	BM	Hominidae	APE	Lemuridae	STR	order
Leontopithecus_rosalia	Eulemur_macaco	4.325	5.76489583333333	121.4130573068	0.545725562025835	0.9999999999094	0.736980800291196	0.888277338173334	0.402189261477601	52.1647229955264	50.6444867612335	1.52023623429287	BM	Callitrichidae	PLA	Lemuridae	STR	order
Macaca_nigra	Eulemur_fulvus	4.86124338624339	6.3	121.4130573124	0.545293793817758	0.999999999955524	0.736602940539943	0.887993630967762	0.401665012002206	52.1647229955264	50.6444867612335	1.52023623429287	BM	Cercopithecidae	OWM	Lemuridae	STR	order
Pan_troglodytes	Hapalemur_griseus	3.66150194616472	5.09149122807018	121.4130573138	0.54197094435103	0.999999999967055	0.733682431701883	0.885791190403719	0.397634560376329	52.1647229955264	50.6444867612335	1.52023623429287	BM	Hominidae	APE	Lemuridae	STR	order
Lemur_catta	Nycticebus_pygmaeus	5.43170212765957	4.21666666666667	99.360634018	0.460502693654347	0.818368602298865	0.70354020566467	0.83179537793218	0.395887817412131	52.1647229955264	50.6444867612335	1.52023623429287	BM	Lemuridae	STR	Lorisidae	STR	superfamily
Varecia_variegata	Galago_moholi	5.664	4.45	99.36063402	0.460110250312805	0.818368602315338	0.703128384781112	0.831432509477652	0.395318901786284	52.1647229955264	50.6444867612335	1.52023623429287	BM	Lemuridae	STR	Galagidae	STR	superfamily
Eulemur_albifrons	Microcebus_murinus	6.13958333333333	5.2	71.9834962252	0.356105372891053	0.592881011444942	0.65715085096729	0.741970982685642	0.394708119018771	52.1647229955264	50.6444867612335	1.52023623429287	BM	Lemuridae	STR	Cheirogaleidae	STR	superfamily
Gorilla_gorilla	Eulemur_mongoz	3.81270935960591	5.2324	121.413057311	0.538067723161838	0.999999999943993	0.730223456148329	0.883160685029198	0.392909672471106	52.1647229955264	50.6444867612335	1.52023623429287	BM	Hominidae	APE	Lemuridae	STR	order
Saimiri_sciureus	Eulemur_coronatus	3.98109463720041	5.39940476190476	121.4130573001	0.537544502882129	0.999999999854217	0.729757454309724	0.882804482401001	0.392277108058636	52.1647229955264	50.6444867612335	1.52023623429287	BM	Cebidae	PLA	Lemuridae	STR	order
Pongo_pygmaeus	Eulemur_sanfordi	4.29057422969188	5.70666666666667	121.4130573152	0.53670399146832	0.999999999978585	0.729007704707967	0.882230487292945	0.391261344936303	52.1647229955264	50.6444867612335	1.52023623429287	BM	Hominidae	APE	Lemuridae	STR	order
Macaca_arctoides	Varecia_variegata	4.24791666666667	5.664	121.4130573151	0.536700541156334	0.999999999977762	0.729004624040266	0.882228126496361	0.391257176236582	52.1647229955264	50.6444867612335	1.52023623429287	BM	Cercopithecidae	OWM	Lemuridae	STR	order
Eulemur_sanfordi	Propithecus_coquereli	5.70666666666667	4.77373949579832	71.9834962262	0.353582664013059	0.592881011453179	0.653720860729865	0.738583452781721	0.389866362714552	52.1647229955264	50.6444867612335	1.52023623429287	BM	Lemuridae	STR	Indriidae	STR	superfamily
Eulemur_coronatus	Propithecus_tattersalli	5.39940476190476	4.46666666666667	71.9834962261	0.353511003687221	0.592881011452355	0.65362310991567	0.738486779275367	0.389729063937174	52.1647229955264	50.6444867612335	1.52023623429287	BM	Lemuridae	STR	Indriidae	STR	superfamily
Pan_paniscus	Microcebus_murinus	3.78861111111111	5.2	121.41305731	0.53492133027626	0.999999999935757	0.727412828745191	0.8810057877462	0.389108638037393	52.1647229955264	50.6444867612335	1.52023623429287	BM	Hominidae	APE	Cheirogaleidae	STR	order
Eulemur_flavifrons	Lemur_catta	6.10560606060606	5.43170212765957	47.7997285391	0.255411949979237	0.39369512303758	0.596217921591093	0.63251327738396	0.386799767269692	52.1647229955264	50.6444867612335	1.52023623429287	BM	Lemuridae	STR	Lemuridae	STR	family
Lemur_catta	Loris_tardigradus	5.43170212765957	4.23333333333333	99.3606340177	0.454185968636327	0.818368602296394	0.696865107192421	0.825883096060243	0.386752806535967	52.1647229955264	50.6444867612335	1.52023623429287	BM	Lemuridae	STR	Lorisidae	STR	superfamily
Eulemur_macaco	Hapalemur_griseus	5.76489583333333	5.09149122807018	47.7997285409	0.255222703039064	0.393695123052405	0.595869497774993	0.632158202358226	0.386287294344816	52.1647229955264	50.6444867612335	1.52023623429287	BM	Lemuridae	STR	Lemuridae	STR	family
Aotus_trivirgatus	Eulemur_mongoz	3.82941176470588	5.2324	121.4130573091	0.53173745315247	0.999999999928344	0.724548388997186	0.878793632712827	0.385269515078696	52.1647229955264	50.6444867612335	1.52023623429287	BM	Aotidae	PLA	Lemuridae	STR	order
Eulemur_fulvus	Varecia_rubra	6.3	5.57549019607843	52.6432531394	0.274591752254065	0.433588069540212	0.607610739029926	0.654083103546583	0.384800480547219	52.1647229955264	50.6444867612335	1.52023623429287	BM	Lemuridae	STR	Lemuridae	STR	family
Eulemur_flavifrons	Cheirogaleus_medius	6.10560606060606	5.18	71.9834962251	0.350807937591848	0.592881011444119	0.649923068252186	0.734822146345256	0.384559745996191	52.1647229955264	50.6444867612335	1.52023623429287	BM	Lemuridae	STR	Cheirogaleidae	STR	superfamily
Leontopithecus_chrysomelas	Eulemur_sanfordi	4.3125	5.70666666666667	121.4130573069	0.528394047757636	0.999999999910224	0.721518389138826	0.87643614310456	0.381246022202861	52.1647229955264	50.6444867612335	1.52023623429287	BM	Callitrichidae	PLA	Lemuridae	STR	order
Pan_paniscus	Cheirogaleus_medius	3.78861111111111	5.18	121.41305731	0.527341260254632	0.999999999935757	0.72055961053866	0.87568644135158	0.379980813134455	52.1647229955264	50.6444867612335	1.52023623429287	BM	Hominidae	APE	Cheirogaleidae	STR	order
Eulemur_coronatus	Nycticebus_pygmaeus	5.39940476190476	4.21666666666667	99.3606340171	0.448261878957568	0.818368602291453	0.690514809211757	0.820198543879438	0.378229889268226	52.1647229955264	50.6444867612335	1.52023623429287	BM	Lemuridae	STR	Lorisidae	STR	superfamily
Gorilla_gorilla	Microcebus_murinus	3.81270935960591	5.2	121.41305731	0.525788009726801	0.999999999935757	0.719140964114022	0.874573880468346	0.378115696258816	52.1647229955264	50.6444867612335	1.52023623429287	BM	Hominidae	APE	Cheirogaleidae	STR	order
Leontopithecus_rosalia	Eulemur_sanfordi	4.325	5.70666666666667	121.4130573069	0.523656503994119	0.999999999910224	0.717186226713013	0.873034515105515	0.375559232226986	52.1647229955264	50.6444867612335	1.52023623429287	BM	Callitrichidae	PLA	Lemuridae	STR	order
Pongo_pygmaeus	Varecia_variegata	4.29057422969188	5.664	121.413057317	0.52053317542218	0.999999999993411	0.714305301178201	0.870752350334125	0.371819606645635	52.1647229955264	50.6444867612335	1.52023623429287	BM	Hominidae	APE	Lemuridae	STR	order
Daubentonia_madagascariensis	Hapalemur_griseus	3.9859375	5.09149122807018	92.4969438858	0.419008733572179	0.76183687264944	0.675177255904006	0.79527382043646	0.371346120264851	52.1647229955264	50.6444867612335	1.52023623429287	BM	Daubentoniidae	STR	Lemuridae	STR	superfamily
Aotus_trivirgatus	Microcebus_murinus	3.82941176470588	5.2	121.4130573081	0.519457739717433	0.999999999920107	0.713308755743055	0.869959215063338	0.370533754008545	52.1647229955264	50.6444867612335	1.52023623429287	BM	Aotidae	PLA	Cheirogaleidae	STR	order
Eulemur_flavifrons	Microcebus_murinus	6.10560606060606	5.2	71.9834962251	0.34322786757022	0.592881011444119	0.639414082021819	0.724357513517531	0.370166572432729	52.1647229955264	50.6444867612335	1.52023623429287	BM	Lemuridae	STR	Cheirogaleidae	STR	superfamily
Eulemur_coronatus	Loris_tardigradus	5.39940476190476	4.23333333333333	99.3606340168	0.441945153939548	0.818368602288982	0.683647483495117	0.813986511764318	0.369191451735271	52.1647229955264	50.6444867612335	1.52023623429287	BM	Lemuridae	STR	Lorisidae	STR	superfamily
Gorilla_gorilla	Cheirogaleus_medius	3.81270935960591	5.18	121.41305731	0.518207939705173	0.999999999935757	0.712147691041233	0.869032745628342	0.369040587763982	52.1647229955264	50.6444867612335	1.52023623429287	BM	Hominidae	APE	Cheirogaleidae	STR	order
Leontopithecus_chrysomelas	Varecia_variegata	4.3125	5.664	121.4130573087	0.512223231711496	0.999999999925049	0.706543978417161	0.864525209428951	0.361908239998261	52.1647229955264	50.6444867612335	1.52023623429287	BM	Callitrichidae	PLA	Lemuridae	STR	order
Aotus_trivirgatus	Cheirogaleus_medius	3.82941176470588	5.18	121.4130573081	0.511877669695805	0.999999999920107	0.706218195279159	0.864261325737931	0.361497324125154	52.1647229955264	50.6444867612335	1.52023623429287	BM	Aotidae	PLA	Cheirogaleidae	STR	order
Varecia_variegata	Propithecus_coquereli	5.664	4.77373949579832	71.983496228	0.337411847966919	0.592881011468004	0.631217989033637	0.716139616138096	0.359229632978886	52.1647229955264	50.6444867612335	1.52023623429287	BM	Lemuridae	STR	Indriidae	STR	superfamily
Cebuella_pygmaea	Macaca_mulatta	4.85	3.9030786339257	78.0653383534	0.35888651299093	0.642973170085513	0.641363259474843	0.737574576794459	0.35798791374578	52.1647229955264	50.6444867612335	1.52023623429287	BM	Callitrichidae	PLA	Cercopithecidae	OWM	order
Leontopithecus_rosalia	Varecia_variegata	4.325	5.664	121.4130573087	0.507485687947979	0.999999999925049	0.702056463844867	0.860872769368546	0.356283607559341	52.1647229955264	50.6444867612335	1.52023623429287	BM	Callitrichidae	PLA	Lemuridae	STR	order
Macaca_mulatta	Eulemur_mongoz	3.9030786339257	5.2324	121.4130573137	0.503817451804453	0.999999999966231	0.698550491293867	0.857992999936128	0.35194192849231	52.1647229955264	50.6444867612335	1.52023623429287	BM	Cercopithecidae	OWM	Lemuridae	STR	order
Callithrix_jacchus	Pan_troglodytes	4.59887640449438	3.66150194616472	78.0653383503	0.355268201531211	0.642973170059981	0.636497241132102	0.732732924029483	0.351689993713866	52.1647229955264	50.6444867612335	1.52023623429287	BM	Callitrichidae	PLA	Hominidae	APE	order
Macaca_arctoides	Varecia_rubra	4.24791666666667	5.57549019607843	121.4130573151	0.503155015590032	0.999999999977762	0.69791444134263	0.857468104800544	0.351159151622069	52.1647229955264	50.6444867612335	1.52023623429287	BM	Cercopithecidae	OWM	Lemuridae	STR	order
Varecia_rubra	Galago_moholi	5.57549019607843	4.45	99.36063402	0.426564724746503	0.818368602315338	0.666511399809361	0.798200198147986	0.347410996702113	52.1647229955264	50.6444867612335	1.52023623429287	BM	Lemuridae	STR	Galagidae	STR	superfamily
Macaca_arctoides	Eulemur_collaris	4.24791666666667	5.56089002267574	121.4130573125	0.497621498754017	0.999999999956347	0.692566466805794	0.85302515701949	0.344635963213718	52.1647229955264	50.6444867612335	1.52023623429287	BM	Cercopithecidae	OWM	Lemuridae	STR	order
Pan_paniscus	Hapalemur_griseus	3.78861111111111	5.09149122807018	121.4130573138	0.493796125816816	0.999999999967055	0.688832937558087	0.849892316333869	0.340143035912406	52.1647229955264	50.6444867612335	1.52023623429287	BM	Hominidae	APE	Lemuridae	STR	order
Eulemur_collaris	Galago_moholi	5.56089002267574	4.45	99.3606340174	0.421031207910488	0.818368602293923	0.660202408169487	0.792288169459289	0.339658457812118	52.1647229955264	50.6444867612335	1.52023623429287	BM	Lemuridae	STR	Galagidae	STR	superfamily
Macaca_nemestrina	Eulemur_mongoz	3.93195852873978	5.2324	121.4130573135	0.492871870559055	0.999999999964584	0.687926405471373	0.849127800589591	0.339059574283651	52.1647229955264	50.6444867612335	1.52023623429287	BM	Cercopithecidae	OWM	Lemuridae	STR	order
Cebuella_pygmaea	Macaca_nemestrina	4.85	3.93195852873978	78.0653383532	0.347940931745532	0.642973170083866	0.626517505409011	0.722741129654056	0.339036051159746	52.1647229955264	50.6444867612335	1.52023623429287	BM	Callitrichidae	PLA	Cercopithecidae	OWM	order
Macaca_mulatta	Microcebus_murinus	3.9030786339257	5.2	121.4130573127	0.491537738369416	0.999999999957994	0.686614789600847	0.84801901860329	0.33749708082557	52.1647229955264	50.6444867612335	1.52023623429287	BM	Cercopithecidae	OWM	Cheirogaleidae	STR	order
Macaca_fascicularis	Eulemur_mongoz	3.93673469387755	5.2324	121.4130573136	0.491061687250097	0.999999999965407	0.686145895778413	0.847621879624699	0.336939961292333	52.1647229955264	50.6444867612335	1.52023623429287	BM	Cercopithecidae	OWM	Lemuridae	STR	order
Cebuella_pygmaea	Macaca_fascicularis	4.85	3.93673469387755	78.0653383533	0.346130748436574	0.64297317008469	0.62402615291849	0.72023397856295	0.335931030100716	52.1647229955264	50.6444867612335	1.52023623429287	BM	Callitrichidae	PLA	Cercopithecidae	OWM	order
Cebuella_pygmaea	Eulemur_albifrons	4.85	6.13958333333333	121.4130573059	0.488756598269539	0.999999999901987	0.683868938066976	0.845687712049433	0.334245455864577	52.1647229955264	50.6444867612335	1.52023623429287	BM	Callitrichidae	PLA	Lemuridae	STR	order
Pongo_pygmaeus	Varecia_rubra	4.29057422969188	5.57549019607843	121.413057317	0.486987649855878	0.999999999993411	0.682114242333721	0.844190804571072	0.33218121180951	52.1647229955264	50.6444867612335	1.52023623429287	BM	Hominidae	APE	Lemuridae	STR	order
Gorilla_gorilla	Hapalemur_griseus	3.81270935960591	5.09149122807018	121.4130573138	0.484662805267358	0.999999999967055	0.679798441894866	0.842206765614674	0.329473019875999	52.1647229955264	50.6444867612335	1.52023623429287	BM	Hominidae	APE	Lemuridae	STR	order
Macaca_nigra	Eulemur_albifrons	4.86124338624339	6.13958333333333	121.4130573132	0.484495315519284	0.999999999962113	0.679631178825891	0.842063092945562	0.329278122434468	52.1647229955264	50.6444867612335	1.52023623429287	BM	Cercopithecidae	OWM	Lemuridae	STR	order
Macaca_mulatta	Cheirogaleus_medius	3.9030786339257	5.18	121.4130573127	0.483957668347788	0.999999999957994	0.679093873423425	0.841601229753441	0.328652687585074	52.1647229955264	50.6444867612335	1.52023623429287	BM	Cercopithecidae	OWM	Cheirogaleidae	STR	order
Eulemur_sanfordi	Hapalemur_griseus	5.70666666666667	5.09149122807018	47.799728541	0.233153645007348	0.393695123053229	0.554016482341758	0.589295947904042	0.328098964626152	52.1647229955264	50.6444867612335	1.52023623429287	BM	Lemuridae	STR	Lemuridae	STR	family
Pongo_pygmaeus	Eulemur_collaris	4.29057422969188	5.56089002267574	121.4130573144	0.481454133019863	0.999999999971996	0.676584180329036	0.839437103700636	0.325744249964392	52.1647229955264	50.6444867612335	1.52023623429287	BM	Hominidae	APE	Lemuridae	STR	order
Macaca_nemestrina	Microcebus_murinus	3.93195852873978	5.2	121.4130573125	0.480592157124018	0.999999999956347	0.675717131845591	0.838686839311825	0.324744354013503	52.1647229955264	50.6444867612335	1.52023623429287	BM	Cercopithecidae	OWM	Cheirogaleidae	STR	order
Macaca_fascicularis	Microcebus_murinus	3.93673469387755	5.2	121.4130573126	0.47878197381506	0.999999999957171	0.673891373446496	0.837102640531463	0.322647041929474	52.1647229955264	50.6444867612335	1.52023623429287	BM	Cercopithecidae	OWM	Cheirogaleidae	STR	order
Varecia_rubra	Varecia_variegata	5.57549019607843	5.664	3.814273482	0.033545525566302	0.0314156777389774	0.302113228472674	0.266757901760223	0.322595205930388	52.1647229955264	50.6444867612335	1.52023623429287	BM	Lemuridae	STR	Lemuridae	STR	family
Leontopithecus_chrysomelas	Varecia_rubra	4.3125	5.57549019607843	121.4130573087	0.478677706145194	0.999999999925049	0.673786005524372	0.837011033574478	0.322526339581313	52.1647229955264	50.6444867612335	1.52023623429287	BM	Callitrichidae	PLA	Lemuridae	STR	order
Aotus_trivirgatus	Hapalemur_griseus	3.82941176470588	5.09149122807018	121.4130573119	0.478332535257989	0.999999999951406	0.673437034443962	0.836707497904311	0.322126844037856	52.1647229955264	50.6444867612335	1.52023623429287	BM	Aotidae	PLA	Lemuridae	STR	order
Cebuella_pygmaea	Eulemur_flavifrons	4.85	6.10560606060606	121.4130573058	0.475879092948706	0.999999999901164	0.670949594739081	0.83453770300723	0.319290884590293	52.1647229955264	50.6444867612335	1.52023623429287	BM	Callitrichidae	PLA	Lemuridae	STR	order
Saimiri_sciureus	Eulemur_mongoz	3.98109463720041	5.2324	121.4130573	0.474249113422961	0.999999999853393	0.669290257453395	0.833084219034583	0.317410311266433	52.1647229955264	50.6444867612335	1.52023623429287	BM	Cebidae	PLA	Lemuridae	STR	order
Leontopithecus_rosalia	Varecia_rubra	4.325	5.57549019607843	121.4130573087	0.473940162381677	0.999999999925049	0.668975132524835	0.83280764293679	0.317054182961887	52.1647229955264	50.6444867612335	1.52023623429287	BM	Callitrichidae	PLA	Lemuridae	STR	order
Leontopithecus_chrysomelas	Eulemur_collaris	4.3125	5.56089002267574	121.4130573061	0.473144189309179	0.999999999903635	0.668162358778735	0.832093493548622	0.316137137601738	52.1647229955264	50.6444867612335	1.52023623429287	BM	Callitrichidae	PLA	Lemuridae	STR	order
Macaca_nemestrina	Cheirogaleus_medius	3.93195852873978	5.18	121.4130573125	0.47301208710239	0.999999999956347	0.668027343580069	0.83197474975892	0.315985008042067	52.1647229955264	50.6444867612335	1.52023623429287	BM	Cercopithecidae	OWM	Cheirogaleidae	STR	order
Saimiri_sciureus	Macaca_nigra	3.98109463720041	4.86124338624339	78.065338347	0.333579457359694	0.642973170032801	0.606471031592301	0.702426864570275	0.314641865402584	52.1647229955264	50.6444867612335	1.52023623429287	BM	Cebidae	PLA	Cercopithecidae	OWM	order
Macaca_nigra	Eulemur_flavifrons	4.86124338624339	6.10560606060606	121.4130573131	0.471617810198451	0.999999999961289	0.666600157373376	0.830717617607275	0.314380506510545	52.1647229955264	50.6444867612335	1.52023623429287	BM	Cercopithecidae	OWM	Lemuridae	STR	order
Macaca_fascicularis	Cheirogaleus_medius	3.93673469387755	5.18	121.4130573126	0.471201903793432	0.999999999957171	0.66617366874681	0.830341258236739	0.313902300983996	52.1647229955264	50.6444867612335	1.52023623429287	BM	Cercopithecidae	OWM	Cheirogaleidae	STR	order
Callithrix_jacchus	Eulemur_rubriventer	4.59887640449438	5.83766666666667	121.4130573063	0.469505846468829	0.999999999905282	0.664430815696183	0.828799975493997	0.311954152572958	52.1647229955264	50.6444867612335	1.52023623429287	BM	Callitrichidae	PLA	Lemuridae	STR	order
Leontopithecus_rosalia	Eulemur_collaris	4.325	5.56089002267574	121.4130573061	0.468406645545662	0.999999999903635	0.663298163616242	0.827795498298899	0.310693267846022	52.1647229955264	50.6444867612335	1.52023623429287	BM	Callitrichidae	PLA	Lemuridae	STR	order
Eulemur_fulvus	Varecia_variegata	6.3	5.664	52.6432531394	0.241046226687763	0.433588069540212	0.547230329797985	0.591985877158787	0.304223790720955	52.1647229955264	50.6444867612335	1.52023623429287	BM	Lemuridae	STR	Lemuridae	STR	family
Saimiri_sciureus	Microcebus_murinus	3.98109463720041	5.2	121.413057299	0.461969399987924	0.999999999845157	0.65661573000155	0.82182430808764	0.303336374858419	52.1647229955264	50.6444867612335	1.52023623429287	BM	Cebidae	PLA	Cheirogaleidae	STR	order
Varecia_rubra	Propithecus_coquereli	5.57549019607843	4.77373949579832	71.983496228	0.303866322400617	0.592881011468004	0.581716414971138	0.665525440601649	0.298144187920058	52.1647229955264	50.6444867612335	1.52023623429287	BM	Lemuridae	STR	Indriidae	STR	superfamily
Saimiri_sciureus	Cheirogaleus_medius	3.98109463720041	5.18	121.413057299	0.454389329966296	0.999999999845157	0.648639107584579	0.81459707201595	0.294734689530931	52.1647229955264	50.6444867612335	1.52023623429287	BM	Cebidae	PLA	Cheirogaleidae	STR	order
Eulemur_mongoz	Mirza_zaza	5.2324	4.44166666666667	71.983496225	0.299690701755088	0.592881011443295	0.575292048891521	0.658840970710983	0.290799797124068	52.1647229955264	50.6444867612335	1.52023623429287	BM	Lemuridae	STR	Cheirogaleidae	STR	superfamily
Eulemur_mongoz	Nycticebus_pygmaeus	5.2324	4.21666666666667	99.360634017	0.384966489498401	0.818368602290629	0.617227381492253	0.750663806716178	0.290348209364683	52.1647229955264	50.6444867612335	1.52023623429287	BM	Lemuridae	STR	Lorisidae	STR	superfamily
Macaca_mulatta	Hapalemur_griseus	3.9030786339257	5.09149122807018	121.4130573165	0.450412533909973	0.999999999989293	0.644407690629706	0.810719745943298	0.290249300810707	52.1647229955264	50.6444867612335	1.52023623429287	BM	Cercopithecidae	OWM	Lemuridae	STR	order
Eulemur_collaris	Propithecus_coquereli	5.56089002267574	4.77373949579832	71.9834962254	0.298332805564602	0.59288101144659	0.573190509484894	0.656648902339274	0.288424708358258	52.1647229955264	50.6444867612335	1.52023623429287	BM	Lemuridae	STR	Indriidae	STR	superfamily
Macaca_arctoides	Lemur_catta	4.24791666666667	5.43170212765957	121.4130573141	0.448658834245554	0.999999999969526	0.642531536738101	0.808991046938029	0.288277450247706	52.1647229955264	50.6444867612335	1.52023623429287	BM	Cercopithecidae	OWM	Lemuridae	STR	order
Pan_paniscus	Pongo_pygmaeus	3.78861111111111	4.29057422969188	40.643277586	0.190245779355844	0.334752113848972	0.499944557718784	0.519508572879054	0.284127681597953	52.1647229955264	50.6444867612335	1.52023623429287	BM	Hominidae	APE	Hominidae	APE	family
Eulemur_mongoz	Loris_tardigradus	5.2324	4.23333333333333	99.3606340167	0.37864976448038	0.818368602288158	0.609371271802789	0.742811450738482	0.281949097147779	52.1647229955264	50.6444867612335	1.52023623429287	BM	Lemuridae	STR	Lorisidae	STR	superfamily
Callithrix_jacchus	Eulemur_macaco	4.59887640449438	5.76489583333333	121.4130573054	0.441925445858882	0.999999999897869	0.63527022691875	0.802245670992571	0.280742078300614	52.1647229955264	50.6444867612335	1.52023623429287	BM	Callitrichidae	PLA	Lemuridae	STR	order
Aotus_trivirgatus	Leontopithecus_rosalia	3.82941176470588	4.325	40.5102348772	0.187829676271218	0.333656328010619	0.495183241267784	0.514374528494949	0.278760209515044	52.1647229955264	50.6444867612335	1.52023623429287	BM	Aotidae	PLA	Callitrichidae	PLA	superfamily
Macaca_nemestrina	Hapalemur_griseus	3.93195852873978	5.09149122807018	121.4130573163	0.439466952664574	0.999999999987646	0.6325961719064	0.79973986216985	0.278005111938415	52.1647229955264	50.6444867612335	1.52023623429287	BM	Cercopithecidae	OWM	Lemuridae	STR	order
Macaca_fascicularis	Hapalemur_griseus	3.93673469387755	5.09149122807018	121.4130573164	0.437656769355616	0.999999999988469	0.630619483875885	0.797880077807696	0.275994886009009	52.1647229955264	50.6444867612335	1.52023623429287	BM	Cercopithecidae	OWM	Lemuridae	STR	order
Macaca_arctoides	Eulemur_coronatus	4.24791666666667	5.39940476190476	121.4130573132	0.436418019548775	0.999999999962113	0.629262987946076	0.796600149917984	0.274621706985176	52.1647229955264	50.6444867612335	1.52023623429287	BM	Cercopithecidae	OWM	Lemuridae	STR	order
Eulemur_mongoz	Propithecus_tattersalli	5.2324	4.46666666666667	71.983496226	0.290215614228054	0.592881011451531	0.560502191543342	0.643358164861248	0.274366162270352	52.1647229955264	50.6444867612335	1.52023623429287	BM	Lemuridae	STR	Indriidae	STR	superfamily
Microcebus_murinus	Nycticebus_pygmaeus	5.2	4.21666666666667	99.360634016	0.372686776063364	0.818368602282393	0.601865925875085	0.735242868586776	0.274091003627453	52.1647229955264	50.6444867612335	1.52023623429287	BM	Cheirogaleidae	STR	Lorisidae	STR	superfamily
Lemur_catta	Galago_moholi	5.43170212765957	4.45	99.360634019	0.372068543402025	0.818368602307102	0.601082844092086	0.73444947771193	0.273280301363962	52.1647229955264	50.6444867612335	1.52023623429287	BM	Lemuridae	STR	Galagidae	STR	superfamily
Callithrix_jacchus	Pan_paniscus	4.59887640449438	3.78861111111111	78.0653383503	0.307093382996997	0.642973170059981	0.567832809505629	0.662413588481715	0.271205248628813	52.1647229955264	50.6444867612335	1.52023623429287	BM	Callitrichidae	PLA	Hominidae	APE	order
Pongo_pygmaeus	Lemur_catta	4.29057422969188	5.43170212765957	121.413057316	0.432491468511399	0.999999999985175	0.624942807492813	0.792504093843458	0.270282432552211	52.1647229955264	50.6444867612335	1.52023623429287	BM	Hominidae	APE	Lemuridae	STR	order
Propithecus_tattersalli	Microcebus_murinus	4.46666666666667	5.2	69.529333389	0.277935900793017	0.57266767615452	0.548721131250018	0.626309303376605	0.266313794629097	52.1647229955264	50.6444867612335	1.52023623429287	BM	Indriidae	STR	Cheirogaleidae	STR	superfamily
Eulemur_albifrons	Eulemur_fulvus	6.13958333333333	6.3	9.5384061272	0.0607984782984739	0.0785616171597847	0.343601249972566	0.312332450917822	0.265911444990968	52.1647229955264	50.6444867612335	1.52023623429287	BM	Lemuridae	STR	Lemuridae	STR	family
Microcebus_murinus	Loris_tardigradus	5.2	4.23333333333333	99.3606340157	0.366370051045343	0.818368602279922	0.593821306050379	0.727059372737863	0.265843950517391	52.1647229955264	50.6444867612335	1.52023623429287	BM	Cheirogaleidae	STR	Lorisidae	STR	superfamily
Aotus_trivirgatus	Leontopithecus_chrysomelas	3.82941176470588	4.3125	40.5102348772	0.183092132507701	0.333656328010619	0.484377834123247	0.503303098347545	0.265799756047978	52.1647229955264	50.6444867612335	1.52023623429287	BM	Aotidae	PLA	Callitrichidae	PLA	superfamily
Cheirogaleus_medius	Nycticebus_pygmaeus	5.18	4.21666666666667	99.360634016	0.365106706041736	0.818368602282393	0.5922008134784	0.7254021308255	0.264204281202037	52.1647229955264	50.6444867612335	1.52023623429287	BM	Cheirogaleidae	STR	Lorisidae	STR	superfamily
Lemur_catta	Hapalemur_griseus	5.43170212765957	5.09149122807018	25.8477057818	0.128941122050427	0.212890658985247	0.433466391040136	0.424821350554208	0.262536849189506	52.1647229955264	50.6444867612335	1.52023623429287	BM	Lemuridae	STR	Lemuridae	STR	family
Leontopithecus_chrysomelas	Lemur_catta	4.3125	5.43170212765957	121.4130573077	0.424181524800716	0.999999999916813	0.615697748870784	0.783638787160544	0.261167609954103	52.1647229955264	50.6444867612335	1.52023623429287	BM	Callitrichidae	PLA	Lemuridae	STR	order
Gorilla_gorilla	Pongo_pygmaeus	3.81270935960591	4.29057422969188	40.643277586	0.181112458806386	0.334752113848972	0.479143567171303	0.498188457162906	0.259233223575128	52.1647229955264	50.6444867612335	1.52023623429287	BM	Hominidae	APE	Hominidae	APE	family
Pan_troglodytes	Propithecus_coquereli	3.66150194616472	4.77373949579832	121.413057311	0.421541925345319	0.999999999943993	0.612732183637928	0.780766526900794	0.25829230442624	52.1647229955264	50.6444867612335	1.52023623429287	BM	Hominidae	APE	Indriidae	STR	order
Saimiri_sciureus	Hapalemur_griseus	3.98109463720041	5.09149122807018	121.4130573028	0.420844195528481	0.999999999876455	0.611945964894422	0.780002743252017	0.25753390733471	52.1647229955264	50.6444867612335	1.52023623429287	BM	Cebidae	PLA	Lemuridae	STR	order
Eulemur_coronatus	Galago_moholi	5.39940476190476	4.45	99.3606340181	0.359827728705246	0.818368602299689	0.585387899200957	0.71840296638431	0.257388660304295	52.1647229955264	50.6444867612335	1.52023623429287	BM	Lemuridae	STR	Galagidae	STR	superfamily
Pongo_pygmaeus	Eulemur_coronatus	4.29057422969188	5.39940476190476	121.4130573151	0.42025065381462	0.999999999977762	0.611276382837957	0.779351509790436	0.256889299554801	52.1647229955264	50.6444867612335	1.52023623429287	BM	Hominidae	APE	Lemuridae	STR	order
Callithrix_jacchus	Gorilla_gorilla	4.59887640449438	3.81270935960591	78.0653383503	0.297960062447539	0.642973170059981	0.55401589499935	0.647848879971006	0.256736390191112	52.1647229955264	50.6444867612335	1.52023623429287	BM	Callitrichidae	PLA	Hominidae	APE	order
Callithrix_jacchus	Eulemur_sanfordi	4.59887640449438	5.70666666666667	121.4130573055	0.419856387827167	0.999999999898693	0.610831217760795	0.778918158063925	0.256461388687098	52.1647229955264	50.6444867612335	1.52023623429287	BM	Callitrichidae	PLA	Lemuridae	STR	order
Cheirogaleus_medius	Loris_tardigradus	5.18	4.23333333333333	99.3606340157	0.358789981023715	0.818368602279922	0.584040736038846	0.717012950012408	0.256055723565967	52.1647229955264	50.6444867612335	1.52023623429287	BM	Cheirogaleidae	STR	Lorisidae	STR	superfamily
Leontopithecus_rosalia	Lemur_catta	4.325	5.43170212765957	121.4130573077	0.419443981037198	0.999999999916813	0.610365238086101	0.778464214647053	0.256014025370848	52.1647229955264	50.6444867612335	1.52023623429287	BM	Callitrichidae	PLA	Lemuridae	STR	order
Propithecus_tattersalli	Cheirogaleus_medius	4.46666666666667	5.18	69.529333389	0.270355830771389	0.57266767615452	0.536283308764597	0.613136872995114	0.253178807722266	52.1647229955264	50.6444867612335	1.52023623429287	BM	Indriidae	STR	Cheirogaleidae	STR	superfamily
Hapalemur_griseus	Varecia_variegata	5.09149122807018	5.664	52.6432531428	0.216982828961208	0.433588069568216	0.500866291858598	0.543604681063622	0.250651234585434	52.1647229955264	50.6444867612335	1.52023623429287	BM	Lemuridae	STR	Lemuridae	STR	family
Eulemur_rubriventer	Eulemur_albifrons	5.83766666666667	6.13958333333333	22.8374257192	0.114427473701487	0.188096949567976	0.411585142963688	0.398091732582784	0.250384964937349	52.1647229955264	50.6444867612335	1.52023623429287	BM	Lemuridae	STR	Lemuridae	STR	family
Leontopithecus_chrysomelas	Eulemur_coronatus	4.3125	5.39940476190476	121.4130573068	0.411940710103937	0.9999999999094	0.601828132826843	0.77008836876925	0.247917508419677	52.1647229955264	50.6444867612335	1.52023623429287	BM	Callitrichidae	PLA	Lemuridae	STR	order
Eulemur_albifrons	Varecia_rubra	6.13958333333333	5.57549019607843	52.6432531402	0.213793273955591	0.433588069546801	0.494536915189197	0.536958242099111	0.243845884183824	52.1647229955264	50.6444867612335	1.52023623429287	BM	Lemuridae	STR	Lemuridae	STR	family
Leontopithecus_rosalia	Eulemur_coronatus	4.325	5.39940476190476	121.4130573068	0.407203166340419	0.9999999999094	0.596380250529327	0.764685243472701	0.242847926380436	52.1647229955264	50.6444867612335	1.52023623429287	BM	Callitrichidae	PLA	Lemuridae	STR	order
Callithrix_jacchus	Varecia_variegata	4.59887640449438	5.664	121.4130573073	0.403685571781026	0.999999999913519	0.592306510020883	0.760615737035109	0.239105592188082	52.1647229955264	50.6444867612335	1.52023623429287	BM	Callitrichidae	PLA	Lemuridae	STR	order
Hapalemur_griseus	Nycticebus_pygmaeus	5.09149122807018	4.21666666666667	99.3606340198	0.33156157160392	0.818368602313691	0.547779937487872	0.678878464403621	0.221932728666633	52.1647229955264	50.6444867612335	1.52023623429287	BM	Lemuridae	STR	Lorisidae	STR	superfamily
Eulemur_collaris	Eulemur_macaco	5.56089002267574	5.76489583333333	14.8274950171	0.0773189164801732	0.122124385504014	0.3500166027396	0.326171297184205	0.221601151663584	52.1647229955264	50.6444867612335	1.52023623429287	BM	Lemuridae	STR	Lemuridae	STR	family
Eulemur_sanfordi	Eulemur_collaris	5.70666666666667	5.56089002267574	9.5384061272	0.0552498584484574	0.0785616171597847	0.313999686530984	0.285137024726793	0.220825879874803	52.1647229955264	50.6444867612335	1.52023623429287	BM	Lemuridae	STR	Lemuridae	STR	family
Eulemur_flavifrons	Varecia_rubra	6.10560606060606	5.57549019607843	52.6432531401	0.200915768634758	0.433588069545977	0.468559179650185	0.509582682328037	0.217120659774764	52.1647229955264	50.6444867612335	1.52023623429287	BM	Lemuridae	STR	Lemuridae	STR	family
Hapalemur_griseus	Loris_tardigradus	5.09149122807018	4.23333333333333	99.3606340195	0.3252448465859	0.81836860231122	0.539119448237923	0.669572818751452	0.214262646121088	52.1647229955264	50.6444867612335	1.52023623429287	BM	Lemuridae	STR	Lorisidae	STR	superfamily
Callithrix_jacchus	Leontopithecus_chrysomelas	4.59887640449438	4.3125	23.8355055674	0.10853765993047	0.196317480952731	0.384627776739239	0.373481126184468	0.212648403132209	52.1647229955264	50.6444867612335	1.52023623429287	BM	Callitrichidae	PLA	Callitrichidae	PLA	family
Eulemur_rubriventer	Eulemur_collaris	5.83766666666667	5.56089002267574	22.8374257184	0.104899317090119	0.188096949561387	0.380158712851939	0.367506945456166	0.212009761226949	52.1647229955264	50.6444867612335	1.52023623429287	BM	Lemuridae	STR	Lemuridae	STR	family
Cebuella_pygmaea	Eulemur_rubriventer	4.85	5.83766666666667	121.4130573067	0.374329124568052	0.999999999908576	0.55736386563627	0.724713431381766	0.208637527908565	52.1647229955264	50.6444867612335	1.52023623429287	BM	Callitrichidae	PLA	Lemuridae	STR	order
Pan_paniscus	Propithecus_coquereli	3.78861111111111	4.77373949579832	121.413057311	0.373367106811105	0.999999999943993	0.556190529030193	0.723477784955356	0.207663248671372	52.1647229955264	50.6444867612335	1.52023623429287	BM	Hominidae	APE	Indriidae	STR	order
Lemur_catta	Propithecus_coquereli	5.43170212765957	4.77373949579832	71.983496227	0.249370141056138	0.592881011459768	0.493464724782534	0.571668179024643	0.207554915146071	52.1647229955264	50.6444867612335	1.52023623429287	BM	Lemuridae	STR	Indriidae	STR	superfamily
Macaca_arctoides	Eulemur_mongoz	4.24791666666667	5.2324	121.4130573131	0.373122630089607	0.999999999961289	0.555892067232166	0.723163169620358	0.207415910179644	52.1647229955264	50.6444867612335	1.52023623429287	BM	Cercopithecidae	OWM	Lemuridae	STR	order
Eulemur_rubriventer	Cheirogaleus_medius	5.83766666666667	5.18	71.983496226	0.249257969211194	0.592881011451531	0.49327350191174	0.571460416416692	0.207381159081473	52.1647229955264	50.6444867612335	1.52023623429287	BM	Lemuridae	STR	Cheirogaleidae	STR	superfamily
Macaca_arctoides	Pan_troglodytes	4.24791666666667	3.66150194616472	62.1515760321	0.222253232155903	0.511901910759216	0.475952638038543	0.534863935052207	0.206645081672593	52.1647229955264	50.6444867612335	1.52023623429287	BM	Cercopithecidae	OWM	Hominidae	APE	order
Callithrix_jacchus	Macaca_mulatta	4.59887640449438	3.9030786339257	78.065338353	0.263709791090154	0.642973170082219	0.500020029055746	0.589761116563243	0.205078817497661	52.1647229955264	50.6444867612335	1.52023623429287	BM	Callitrichidae	PLA	Cercopithecidae	OWM	order
Callithrix_jacchus	Varecia_rubra	4.59887640449438	5.57549019607843	121.4130573073	0.370140046214724	0.999999999913519	0.552241658662934	0.719305259489561	0.204406753076872	52.1647229955264	50.6444867612335	1.52023623429287	BM	Callitrichidae	PLA	Lemuridae	STR	order
Macaca_nigra	Eulemur_rubriventer	4.86124338624339	5.83766666666667	121.413057314	0.370067841817797	0.999999999968702	0.552153076216255	0.719211414194218	0.204334097274802	52.1647229955264	50.6444867612335	1.52023623429287	BM	Cercopithecidae	OWM	Lemuridae	STR	order
Hapalemur_griseus	Mirza_zaza	5.09149122807018	4.44166666666667	71.9834962278	0.246285783860608	0.592881011466357	0.488192933281814	0.565934069616866	0.202797824391689	52.1647229955264	50.6444867612335	1.52023623429287	BM	Lemuridae	STR	Cheirogaleidae	STR	superfamily
Daubentonia_madagascariensis	Propithecus_coquereli	3.9859375	4.77373949579832	92.496943883	0.298579714566468	0.761836872626379	0.517076931881796	0.633846640696372	0.202653203431763	52.1647229955264	50.6444867612335	1.52023623429287	BM	Daubentoniidae	STR	Indriidae	STR	superfamily
Eulemur_fulvus	Eulemur_flavifrons	6.3	6.10560606060606	14.8274950171	0.0736759836193065	0.122124385504014	0.334552811328942	0.311630111660026	0.201831168652667	52.1647229955264	50.6444867612335	1.52023623429287	BM	Lemuridae	STR	Lemuridae	STR	family
Eulemur_rubriventer	Eulemur_flavifrons	5.83766666666667	6.10560606060606	22.8374257191	0.101549968380654	0.188096949567152	0.368940424422303	0.356600947963557	0.199183923613042	52.1647229955264	50.6444867612335	1.52023623429287	BM	Lemuridae	STR	Lemuridae	STR	family
Callithrix_jacchus	Eulemur_collaris	4.59887640449438	5.56089002267574	121.4130573047	0.364606529378709	0.999999999892104	0.545424181360795	0.712051466444197	0.19886521782664	52.1647229955264	50.6444867612335	1.52023623429287	BM	Callitrichidae	PLA	Lemuridae	STR	order
Gorilla_gorilla	Propithecus_coquereli	3.81270935960591	4.77373949579832	121.413057311	0.364233786261647	0.999999999943993	0.544962856184054	0.711558339281174	0.198493884490996	52.1647229955264	50.6444867612335	1.52023623429287	BM	Hominidae	APE	Indriidae	STR	order
Eulemur_collaris	Hapalemur_griseus	5.56089002267574	5.09149122807018	47.7997285402	0.177903786558891	0.39369512304664	0.439115672534072	0.469807795345148	0.198428520720869	52.1647229955264	50.6444867612335	1.52023623429287	BM	Lemuridae	STR	Lemuridae	STR	family
Macaca_nigra	Pongo_pygmaeus	4.86124338624339	4.29057422969188	62.151576036	0.216285608292185	0.511901910791337	0.4647500838242	0.522794127316312	0.196363311925075	52.1647229955264	50.6444867612335	1.52023623429287	BM	Cercopithecidae	OWM	Hominidae	APE	order
Eulemur_rubriventer	Microcebus_murinus	5.83766666666667	5.2	71.983496226	0.241677899189566	0.592881011451531	0.48026411249756	0.557285471072521	0.19577152838878	52.1647229955264	50.6444867612335	1.52023623429287	BM	Lemuridae	STR	Cheirogaleidae	STR	superfamily
Callithrix_jacchus	Leontopithecus_rosalia	4.59887640449438	4.325	23.8355055674	0.103800116166952	0.196317480952731	0.369120843337895	0.358348834120016	0.195167471751241	52.1647229955264	50.6444867612335	1.52023623429287	BM	Callitrichidae	PLA	Callitrichidae	PLA	family
Macaca_arctoides	Microcebus_murinus	4.24791666666667	5.2	121.4130573121	0.36084291665457	0.999999999953053	0.540754060776845	0.70704618635449	0.19512727249268	52.1647229955264	50.6444867612335	1.52023623429287	BM	Cercopithecidae	OWM	Cheirogaleidae	STR	order
Aotus_trivirgatus	Propithecus_coquereli	3.82941176470588	4.77373949579832	121.4130573091	0.357903516252278	0.999999999928344	0.537088058287533	0.703096651850232	0.192225704611991	52.1647229955264	50.6444867612335	1.52023623429287	BM	Aotidae	PLA	Indriidae	STR	order
Pongo_pygmaeus	Eulemur_mongoz	4.29057422969188	5.2324	121.413057315	0.356955264355453	0.999999999976938	0.535901932496605	0.701814968503002	0.191293015987335	52.1647229955264	50.6444867612335	1.52023623429287	BM	Hominidae	APE	Lemuridae	STR	order
Callithrix_jacchus	Macaca_nemestrina	4.59887640449438	3.93195852873978	78.0653383528	0.252764209844756	0.642973170080572	0.482060248916307	0.570059867431197	0.189506473341069	52.1647229955264	50.6444867612335	1.52023623429287	BM	Callitrichidae	PLA	Cercopithecidae	OWM	order
Eulemur_coronatus	Propithecus_coquereli	5.39940476190476	4.77373949579832	71.9834962261	0.237129326359359	0.592881011452355	0.472375660266388	0.548652361976906	0.188931876622478	52.1647229955264	50.6444867612335	1.52023623429287	BM	Lemuridae	STR	Indriidae	STR	superfamily
Hapalemur_griseus	Propithecus_tattersalli	5.09149122807018	4.46666666666667	71.9834962288	0.236810696333573	0.592881011474593	0.471820790501636	0.548044058955381	0.188456381265193	52.1647229955264	50.6444867612335	1.52023623429287	BM	Lemuridae	STR	Indriidae	STR	superfamily
Leontopithecus_rosalia	Pan_troglodytes	4.325	3.66150194616472	78.0653383517	0.251468085364259	0.642973170071512	0.479911653416047	0.56769109563281	0.187694401953205	52.1647229955264	50.6444867612335	1.52023623429287	BM	Callitrichidae	PLA	Hominidae	APE	order
Macaca_arctoides	Cheirogaleus_medius	4.24791666666667	5.18	121.4130573121	0.353262846632942	0.999999999953053	0.531267168420529	0.696789026189445	0.18767695224767	52.1647229955264	50.6444867612335	1.52023623429287	BM	Cercopithecidae	OWM	Cheirogaleidae	STR	order
Callithrix_jacchus	Macaca_fascicularis	4.59887640449438	3.93673469387755	78.0653383529	0.250954026535798	0.642973170081395	0.479058223098194	0.566749522580282	0.186977615281143	52.1647229955264	50.6444867612335	1.52023623429287	BM	Callitrichidae	PLA	Cercopithecidae	OWM	order
Leontopithecus_chrysomelas	Eulemur_mongoz	4.3125	5.2324	121.4130573067	0.348645320644769	0.999999999908577	0.525435328035532	0.690425071232476	0.183190568437785	52.1647229955264	50.6444867612335	1.52023623429287	BM	Callitrichidae	PLA	Lemuridae	STR	order
Hapalemur_griseus	Varecia_rubra	5.09149122807018	5.57549019607843	52.6432531428	0.183437303394906	0.433588069568216	0.432248801959193	0.471076551253574	0.182870701922296	52.1647229955264	50.6444867612335	1.52023623429287	BM	Lemuridae	STR	Lemuridae	STR	family
Cebuella_pygmaea	Eulemur_macaco	4.85	5.76489583333333	121.4130573058	0.346748723958106	0.999999999901164	0.523028469736785	0.687785764991457	0.181359454492916	52.1647229955264	50.6444867612335	1.52023623429287	BM	Callitrichidae	PLA	Lemuridae	STR	order
Leontopithecus_chrysomelas	Pan_troglodytes	4.3125	3.66150194616472	78.0653383517	0.246730541600741	0.642973170071512	0.472019275125745	0.558968816809402	0.181129752871044	52.1647229955264	50.6444867612335	1.52023623429287	BM	Callitrichidae	PLA	Hominidae	APE	order
Eulemur_mongoz	Galago_moholi	5.2324	4.45	99.360634018	0.296532339246078	0.818368602298865	0.498607555542668	0.625101578386754	0.180668300806634	52.1647229955264	50.6444867612335	1.52023623429287	BM	Lemuridae	STR	Galagidae	STR	superfamily
Pongo_pygmaeus	Microcebus_murinus	4.29057422969188	5.2	121.413057314	0.344675550920416	0.999999999968702	0.520389901802463	0.684883821446807	0.179365676102799	52.1647229955264	50.6444867612335	1.52023623429287	BM	Hominidae	APE	Cheirogaleidae	STR	order
Leontopithecus_rosalia	Eulemur_mongoz	4.325	5.2324	121.4130573067	0.343907776881252	0.999999999908577	0.519410723937402	0.683804639567609	0.178629387373924	52.1647229955264	50.6444867612335	1.52023623429287	BM	Callitrichidae	PLA	Lemuridae	STR	order
Macaca_nigra	Eulemur_macaco	4.86124338624339	5.76489583333333	121.4130573131	0.342487441207851	0.999999999961289	0.517596436192446	0.681801830549331	0.177270279016716	52.1647229955264	50.6444867612335	1.52023623429287	BM	Cercopithecidae	OWM	Lemuridae	STR	order
Eulemur_albifrons	Varecia_variegata	6.13958333333333	5.664	52.6432531402	0.180247748389289	0.433588069546801	0.425496785041487	0.46388734606235	0.176884104608259	52.1647229955264	50.6444867612335	1.52023623429287	BM	Lemuridae	STR	Lemuridae	STR	family
Pongo_pygmaeus	Cheirogaleus_medius	4.29057422969188	5.18	121.413057314	0.337095480898788	0.999999999968702	0.510675165798268	0.674123159733804	0.172146290603223	52.1647229955264	50.6444867612335	1.52023623429287	BM	Hominidae	APE	Cheirogaleidae	STR	order
Leontopithecus_chrysomelas	Microcebus_murinus	4.3125	5.2	121.4130573057	0.336365607209732	0.99999999990034	0.5097341877223	0.673074567486883	0.171457049585858	52.1647229955264	50.6444867612335	1.52023623429287	BM	Callitrichidae	PLA	Cheirogaleidae	STR	order
Macaca_nigra	Daubentonia_madagascariensis	4.86124338624339	3.9859375	121.41305731	0.331743995403392	0.999999999935757	0.503753323601207	0.666384002730606	0.167117140279938	52.1647229955264	50.6444867612335	1.52023623429287	BM	Cercopithecidae	OWM	Daubentoniidae	STR	order
Leontopithecus_rosalia	Microcebus_murinus	4.325	5.2	121.4130573057	0.331628063446215	0.99999999990034	0.503602796401359	0.666215043720266	0.167008820133325	52.1647229955264	50.6444867612335	1.52023623429287	BM	Callitrichidae	PLA	Cheirogaleidae	STR	order
Microcebus_murinus	Galago_moholi	5.2	4.45	99.360634017	0.284252625811041	0.818368602290629	0.480722673066679	0.6050027379133	0.166974492574165	52.1647229955264	50.6444867612335	1.52023623429287	BM	Cheirogaleidae	STR	Galagidae	STR	superfamily
Eulemur_macaco	Cheirogaleus_medius	5.76489583333333	5.18	71.9834962251	0.221677568601248	0.592881011444119	0.445129836625102	0.518624726442091	0.166433564223239	52.1647229955264	50.6444867612335	1.52023623429287	BM	Lemuridae	STR	Cheirogaleidae	STR	superfamily
Macaca_mulatta	Propithecus_coquereli	3.9030786339257	4.77373949579832	121.4130573137	0.329983514904262	0.999999999966231	0.501464878085087	0.663812338623863	0.165475143077142	52.1647229955264	50.6444867612335	1.52023623429287	BM	Cercopithecidae	OWM	Indriidae	STR	order
Leontopithecus_chrysomelas	Cheirogaleus_medius	4.3125	5.18	121.4130573057	0.328785537188104	0.99999999990034	0.499904426524504	0.662055090058296	0.16436134543395	52.1647229955264	50.6444867612335	1.52023623429287	BM	Callitrichidae	PLA	Cheirogaleidae	STR	order
Cebuella_pygmaea	Daubentonia_madagascariensis	4.85	3.9859375	121.4130573027	0.327482712653137	0.999999999875631	0.498204467403277	0.660137362823188	0.163153350461428	52.1647229955264	50.6444867612335	1.52023623429287	BM	Callitrichidae	PLA	Daubentoniidae	STR	order
Cebuella_pygmaea	Eulemur_sanfordi	4.85	5.70666666666667	121.4130573059	0.32467966592639	0.999999999901987	0.494536635259216	0.655987742238364	0.160565989540061	52.1647229955264	50.6444867612335	1.52023623429287	BM	Callitrichidae	PLA	Lemuridae	STR	order
Leontopithecus_rosalia	Cheirogaleus_medius	4.325	5.18	121.4130573057	0.324047993424587	0.99999999990034	0.493708136677636	0.65504816930774	0.159985131043724	52.1647229955264	50.6444867612335	1.52023623429287	BM	Callitrichidae	PLA	Cheirogaleidae	STR	order
Cheirogaleus_medius	Galago_moholi	5.18	4.45	99.360634017	0.276672555789413	0.818368602290629	0.469520481949922	0.592277054645539	0.158734623216189	52.1647229955264	50.6444867612335	1.52023623429287	BM	Cheirogaleidae	STR	Galagidae	STR	superfamily
Macaca_nigra	Eulemur_sanfordi	4.86124338624339	5.70666666666667	121.4130573132	0.320418383176135	0.999999999962113	0.488933749044465	0.64961767515241	0.156663361355009	52.1647229955264	50.6444867612335	1.52023623429287	BM	Cercopithecidae	OWM	Lemuridae	STR	order
Cebuella_pygmaea	Macaca_arctoides	4.85	4.24791666666667	78.0653383528	0.228191691276084	0.642973170080571	0.440559315326524	0.523883620739497	0.156354852659241	52.1647229955264	50.6444867612335	1.52023623429287	BM	Callitrichidae	PLA	Cercopithecidae	OWM	order
Macaca_arctoides	Hapalemur_griseus	4.24791666666667	5.09149122807018	121.4130573159	0.319717712195127	0.999999999984351	0.488009385790158	0.648563145554809	0.15602524435702	52.1647229955264	50.6444867612335	1.52023623429287	BM	Cercopithecidae	OWM	Lemuridae	STR	order
Eulemur_macaco	Microcebus_murinus	5.76489583333333	5.2	71.9834962251	0.21409749857962	0.592881011444119	0.431517092521577	0.503505995893432	0.155826765101125	52.1647229955264	50.6444867612335	1.52023623429287	BM	Lemuridae	STR	Cheirogaleidae	STR	superfamily
Macaca_nemestrina	Propithecus_coquereli	3.93195852873978	4.77373949579832	121.4130573135	0.319037933658863	0.999999999964584	0.487111752089872	0.64753814012055	0.155407126853205	52.1647229955264	50.6444867612335	1.52023623429287	BM	Cercopithecidae	OWM	Indriidae	STR	order
Macaca_fascicularis	Propithecus_coquereli	3.93673469387755	4.77373949579832	121.4130573136	0.317227750349905	0.999999999965407	0.484717448960416	0.644799435773951	0.153765825894377	52.1647229955264	50.6444867612335	1.52023623429287	BM	Cercopithecidae	OWM	Indriidae	STR	order
Eulemur_flavifrons	Varecia_variegata	6.10560606060606	5.664	52.6432531401	0.167370243068456	0.433588069545977	0.39785697778431	0.434370433388615	0.153577609153243	52.1647229955264	50.6444867612335	1.52023623429287	BM	Lemuridae	STR	Lemuridae	STR	family
Callithrix_jacchus	Lemur_catta	4.59887640449438	5.43170212765957	121.4130573063	0.315643864870246	0.999999999905282	0.482617715990118	0.642392122183832	0.1523353211444	52.1647229955264	50.6444867612335	1.52023623429287	BM	Callitrichidae	PLA	Lemuridae	STR	order
Eulemur_rubriventer	Lemur_catta	5.83766666666667	5.43170212765957	47.79972854	0.153861981598583	0.393695123044992	0.384994310800947	0.412790292803064	0.150461573173322	52.1647229955264	50.6444867612335	1.52023623429287	BM	Lemuridae	STR	Lemuridae	STR	family
Eulemur_mongoz	Varecia_variegata	5.2324	5.664	52.64325314	0.163577911066727	0.433588069545154	0.389604469656875	0.425531471048637	0.146984407010061	52.1647229955264	50.6444867612335	1.52023623429287	BM	Lemuridae	STR	Lemuridae	STR	family
Cebuella_pygmaea	Varecia_variegata	4.85	5.664	121.4130573077	0.30850884988025	0.999999999916813	0.473104314273654	0.631420868000842	0.145956867882091	52.1647229955264	50.6444867612335	1.52023623429287	BM	Callitrichidae	PLA	Lemuridae	STR	order
Pan_troglodytes	Propithecus_tattersalli	3.66150194616472	4.46666666666667	121.413057311	0.305160248017457	0.999999999943993	0.46860890055343	0.626200396085482	0.143000808324081	52.1647229955264	50.6444867612335	1.52023623429287	BM	Hominidae	APE	Indriidae	STR	order
Macaca_nigra	Varecia_variegata	4.86124338624339	5.664	121.413057315	0.304247567129995	0.999999999976938	0.467380285626762	0.624769629422313	0.142199314829744	52.1647229955264	50.6444867612335	1.52023623429287	BM	Cercopithecidae	OWM	Lemuridae	STR	order
Pongo_pygmaeus	Hapalemur_griseus	4.29057422969188	5.09149122807018	121.4130573178	0.303550346460972	1	0.466440747093582	0.623674353051547	0.141588250383771	52.1647229955264	50.6444867612335	1.52023623429287	BM	Hominidae	APE	Lemuridae	STR	order
Callithrix_jacchus	Eulemur_coronatus	4.59887640449438	5.39940476190476	121.4130573054	0.303403050173467	0.999999999897869	0.466242151142215	0.623442710509986	0.141459290790434	52.1647229955264	50.6444867612335	1.52023623429287	BM	Callitrichidae	PLA	Lemuridae	STR	order
Eulemur_collaris	Eulemur_coronatus	5.56089002267574	5.39940476190476	14.8274950171	0.0612034792052423	0.122124385504014	0.280557248015804	0.260995510966108	0.140603202414892	52.1647229955264	50.6444867612335	1.52023623429287	BM	Lemuridae	STR	Lemuridae	STR	family
Saimiri_sciureus	Propithecus_coquereli	3.98109463720041	4.77373949579832	121.4130573	0.30041517652277	0.999999999853393	0.462205629313346	0.618724917951719	0.138853585740344	52.1647229955264	50.6444867612335	1.52023623429287	BM	Cebidae	PLA	Indriidae	STR	order
Eulemur_mongoz	Eulemur_coronatus	5.2324	5.39940476190476	15.6477288181	0.0632953894591677	0.128880115234574	0.282359311578442	0.26369642241169	0.138671839028474	52.1647229955264	50.6444867612335	1.52023623429287	BM	Lemuridae	STR	Lemuridae	STR	family
Pan_troglodytes	Galago_moholi	3.66150194616472	4.45	121.413057313	0.298843522999432	0.999999999960466	0.460076240971157	0.616228811586412	0.137490804705592	52.1647229955264	50.6444867612335	1.52023623429287	BM	Hominidae	APE	Galagidae	STR	order
Eulemur_sanfordi	Cheirogaleus_medius	5.70666666666667	5.18	71.9834962252	0.199608510569532	0.592881011444942	0.405061492601865	0.473916951343705	0.136374280279743	52.1647229955264	50.6444867612335	1.52023623429287	BM	Lemuridae	STR	Cheirogaleidae	STR	superfamily
Cebuella_pygmaea	Pongo_pygmaeus	4.85	4.29057422969188	78.0653383547	0.21202432554193	0.642973170096221	0.412401455867868	0.49207858125169	0.135991896084574	52.1647229955264	50.6444867612335	1.52023623429287	BM	Callitrichidae	PLA	Hominidae	APE	order
Leontopithecus_rosalia	Saimiri_sciureus	4.325	3.98109463720041	41.3912937967	0.13034133654171	0.340913034488192	0.352942034858452	0.369173647884288	0.134940386231535	52.1647229955264	50.6444867612335	1.52023623429287	BM	Callitrichidae	PLA	Cebidae	PLA	superfamily
Pan_troglodytes	Mirza_zaza	3.66150194616472	4.44166666666667	121.41305731	0.295685160490422	0.999999999935757	0.455784345312287	0.611182527191505	0.134768667301343	52.1647229955264	50.6444867612335	1.52023623429287	BM	Hominidae	APE	Cheirogaleidae	STR	order
Leontopithecus_chrysomelas	Hapalemur_griseus	4.3125	5.09149122807018	121.4130573095	0.295240402750288	0.999999999931638	0.45517860486079	0.610468683338512	0.134387114631601	52.1647229955264	50.6444867612335	1.52023623429287	BM	Callitrichidae	PLA	Lemuridae	STR	order
Leontopithecus_chrysomelas	Macaca_nigra	4.3125	4.86124338624339	78.0653383537	0.207975664581501	0.642973170087984	0.405248789736068	0.48394285732217	0.131081498089065	52.1647229955264	50.6444867612335	1.52023623429287	BM	Callitrichidae	PLA	Cercopithecidae	OWM	order
Leontopithecus_rosalia	Hapalemur_griseus	4.325	5.09149122807018	121.4130573095	0.290502858986771	0.999999999931638	0.448705573075394	0.602815469578635	0.13035025183061	52.1647229955264	50.6444867612335	1.52023623429287	BM	Callitrichidae	PLA	Lemuridae	STR	order
Macaca_arctoides	Pan_paniscus	4.24791666666667	3.78861111111111	62.1515760321	0.174078413621689	0.511901910759216	0.382234227727146	0.432741348755047	0.129983355397068	52.1647229955264	50.6444867612335	1.52023623429287	BM	Cercopithecidae	OWM	Hominidae	APE	order
Eulemur_sanfordi	Microcebus_murinus	5.70666666666667	5.2	71.9834962252	0.192028440547904	0.592881011444942	0.391000630103411	0.45808570587097	0.126641332413424	52.1647229955264	50.6444867612335	1.52023623429287	BM	Lemuridae	STR	Cheirogaleidae	STR	superfamily
Leontopithecus_chrysomelas	Saimiri_sciureus	4.3125	3.98109463720041	41.3912937967	0.125603792778192	0.340913034488192	0.340940069910734	0.356705098014045	0.125613753534359	52.1647229955264	50.6444867612335	1.52023623429287	BM	Callitrichidae	PLA	Cebidae	PLA	superfamily
Leontopithecus_rosalia	Pan_paniscus	4.325	3.78861111111111	78.0653383517	0.203293266830045	0.642973170071512	0.396927280416515	0.47445005581836	0.125499238982031	52.1647229955264	50.6444867612335	1.52023623429287	BM	Callitrichidae	PLA	Hominidae	APE	order
Leontopithecus_rosalia	Macaca_nigra	4.325	4.86124338624339	78.0653383537	0.203238120817984	0.642973170087984	0.396828964041157	0.474337726434784	0.125434118700219	52.1647229955264	50.6444867612335	1.52023623429287	BM	Callitrichidae	PLA	Cercopithecidae	OWM	order
Hapalemur_griseus	Galago_moholi	5.09149122807018	4.45	99.3606340208	0.243127421351597	0.818368602321927	0.418517402026732	0.533097341074339	0.124336462147777	52.1647229955264	50.6444867612335	1.52023623429287	BM	Lemuridae	STR	Galagidae	STR	superfamily
Leontopithecus_chrysomelas	Pan_paniscus	4.3125	3.78861111111111	78.0653383517	0.198555723066528	0.642973170071512	0.388454862466216	0.464755369669965	0.119958249715318	52.1647229955264	50.6444867612335	1.52023623429287	BM	Callitrichidae	PLA	Hominidae	APE	order
Cebuella_pygmaea	Varecia_rubra	4.85	5.57549019607843	121.4130573077	0.274963324313948	0.999999999916813	0.427211826501113	0.57708299295171	0.117467584010751	52.1647229955264	50.6444867612335	1.52023623429287	BM	Callitrichidae	PLA	Lemuridae	STR	order
Macaca_arctoides	Gorilla_gorilla	4.24791666666667	3.81270935960591	62.1515760321	0.164945093072231	0.511901910759216	0.363670827203777	0.412234960239596	0.11718205613223	52.1647229955264	50.6444867612335	1.52023623429287	BM	Cercopithecidae	OWM	Hominidae	APE	order
Varecia_variegata	Cheirogaleus_medius	5.664	5.18	71.983496227	0.183437694523392	0.592881011459768	0.374888763219601	0.439860853124681	0.115990779091423	52.1647229955264	50.6444867612335	1.52023623429287	BM	Lemuridae	STR	Cheirogaleidae	STR	superfamily
Leontopithecus_rosalia	Gorilla_gorilla	4.325	3.81270935960591	78.0653383517	0.194159946280587	0.642973170071512	0.380546847772849	0.455680134117872	0.114914523591405	52.1647229955264	50.6444867612335	1.52023623429287	BM	Callitrichidae	PLA	Hominidae	APE	order
Macaca_nigra	Varecia_rubra	4.86124338624339	5.57549019607843	121.413057315	0.270702041563693	0.999999999976938	0.421249029748419	0.569859620413985	0.114032972362251	52.1647229955264	50.6444867612335	1.52023623429287	BM	Cercopithecidae	OWM	Lemuridae	STR	order
Cebuella_pygmaea	Eulemur_collaris	4.85	5.56089002267574	121.4130573051	0.269429807477933	0.999999999895398	0.419463160703385	0.56768922860109	0.11301587864422	52.1647229955264	50.6444867612335	1.52023623429287	BM	Callitrichidae	PLA	Lemuridae	STR	order
Macaca_nigra	Eulemur_collaris	4.86124338624339	5.56089002267574	121.4130573124	0.265168524727678	0.999999999955524	0.413462761540554	0.56037358144805	0.109637310512417	52.1647229955264	50.6444867612335	1.52023623429287	BM	Cercopithecidae	OWM	Lemuridae	STR	order
Leontopithecus_chrysomelas	Gorilla_gorilla	4.3125	3.81270935960591	78.0653383517	0.189422402517069	0.642973170071512	0.371974437176395	0.44581442591729	0.109585119324731	52.1647229955264	50.6444867612335	1.52023623429287	BM	Callitrichidae	PLA	Hominidae	APE	order
Varecia_variegata	Microcebus_murinus	5.664	5.2	71.983496227	0.175857624501764	0.592881011459768	0.360521761125627	0.423537285332897	0.106936297954024	52.1647229955264	50.6444867612335	1.52023623429287	BM	Lemuridae	STR	Cheirogaleidae	STR	superfamily
Eulemur_mongoz	Propithecus_coquereli	5.2324	4.77373949579832	71.983496226	0.173833936900192	0.592881011451531	0.356662854064857	0.419141657929271	0.104574285346666	52.1647229955264	50.6444867612335	1.52023623429287	BM	Lemuridae	STR	Indriidae	STR	superfamily
Pan_paniscus	Propithecus_tattersalli	3.78861111111111	4.46666666666667	121.413057311	0.256985429483243	0.999999999943993	0.401860094125094	0.54612765314487	0.103272188886698	52.1647229955264	50.6444867612335	1.52023623429287	BM	Hominidae	APE	Indriidae	STR	order
Eulemur_macaco	Lemur_catta	5.76489583333333	5.43170212765957	47.7997285391	0.126281580988637	0.39369512303758	0.320237182554161	0.344091928944485	0.102719224440141	52.1647229955264	50.6444867612335	1.52023623429287	BM	Lemuridae	STR	Lemuridae	STR	family
Pan_paniscus	Galago_moholi	3.78861111111111	4.45	121.413057313	0.250668704465219	0.999999999960466	0.392833091760265	0.534955108429501	0.0984709621865048	52.1647229955264	50.6444867612335	1.52023623429287	BM	Hominidae	APE	Galagidae	STR	order
Gorilla_gorilla	Propithecus_tattersalli	3.81270935960591	4.46666666666667	121.413057311	0.247852108933785	0.999999999943993	0.388788483811475	0.529924455466241	0.0963620456472397	52.1647229955264	50.6444867612335	1.52023623429287	BM	Hominidae	APE	Indriidae	STR	order
Pan_paniscus	Mirza_zaza	3.78861111111111	4.44166666666667	121.41305731	0.247510341956208	0.999999999935757	0.388296898018517	0.529311995076567	0.0961074980152724	52.1647229955264	50.6444867612335	1.52023623429287	BM	Hominidae	APE	Cheirogaleidae	STR	order
Propithecus_coquereli	Microcebus_murinus	4.77373949579832	5.2	69.529333389	0.161554223465155	0.57266767615452	0.338510417536599	0.394901034017983	0.0954965504727291	52.1647229955264	50.6444867612335	1.52023623429287	BM	Indriidae	STR	Cheirogaleidae	STR	superfamily
Propithecus_coquereli	Nycticebus_pygmaeus	4.77373949579832	4.21666666666667	99.360634017	0.211132552598209	0.818368602290629	0.36783468677302	0.472474114983577	0.0948984065800829	52.1647229955264	50.6444867612335	1.52023623429287	BM	Indriidae	STR	Lorisidae	STR	superfamily
Eulemur_mongoz	Varecia_rubra	5.2324	5.57549019607843	52.64325314	0.130032385500425	0.433588069545154	0.314538708804835	0.344646428255202	0.0943296679750016	52.1647229955264	50.6444867612335	1.52023623429287	BM	Lemuridae	STR	Lemuridae	STR	family
Aotus_trivirgatus	Pongo_pygmaeus	3.82941176470588	4.29057422969188	78.0653383581	0.174782188797017	0.642973170124224	0.345168819155752	0.41478527632555	0.0938287389268021	52.1647229955264	50.6444867612335	1.52023623429287	BM	Aotidae	PLA	Hominidae	APE	order
Macaca_nigra	Nycticebus_pygmaeus	4.86124338624339	4.21666666666667	121.413057314	0.244296833435133	0.999999999968702	0.383666166731474	0.523531767096672	0.0937284296316284	52.1647229955264	50.6444867612335	1.52023623429287	BM	Cercopithecidae	OWM	Lorisidae	STR	order
Macaca_mulatta	Pongo_pygmaeus	3.9030786339257	4.29057422969188	62.1515760367	0.146862187449	0.511901910797103	0.32624515739066	0.37065553518634	0.0935981609922658	52.1647229955264	50.6444867612335	1.52023623429287	BM	Cercopithecidae	OWM	Hominidae	APE	order
Gorilla_gorilla	Galago_moholi	3.81270935960591	4.45	121.413057313	0.24153538391576	0.999999999960466	0.379674618954086	0.518533765852441	0.0917048548557706	52.1647229955264	50.6444867612335	1.52023623429287	BM	Hominidae	APE	Galagidae	STR	order
Aotus_trivirgatus	Propithecus_tattersalli	3.82941176470588	4.46666666666667	121.4130573091	0.241521838924416	0.999999999928344	0.379655012581163	0.518509180392909	0.0916949768020454	52.1647229955264	50.6444867612335	1.52023623429287	BM	Aotidae	PLA	Indriidae	STR	order
Callithrix_jacchus	Eulemur_mongoz	4.59887640449438	5.2324	121.4130573053	0.240107660714299	0.999999999897046	0.377606506760656	0.515938555485153	0.0906662150181339	52.1647229955264	50.6444867612335	1.52023623429287	BM	Callitrichidae	PLA	Lemuridae	STR	order
Cebuella_pygmaea	Nycticebus_pygmaeus	4.85	4.21666666666667	121.4130573067	0.240035550684878	0.999999999908576	0.377501973307623	0.515807278209593	0.0906138940558076	52.1647229955264	50.6444867612335	1.52023623429287	BM	Callitrichidae	PLA	Lorisidae	STR	order
Propithecus_coquereli	Loris_tardigradus	4.77373949579832	4.23333333333333	99.3606340167	0.204815827580189	0.818368602288158	0.35761019452855	0.460047807552007	0.0895002908697699	52.1647229955264	50.6444867612335	1.52023623429287	BM	Indriidae	STR	Lorisidae	STR	superfamily
Gorilla_gorilla	Mirza_zaza	3.81270935960591	4.44166666666667	121.41305731	0.23837702140675	0.999999999935757	0.375095608679933	0.512782582006763	0.0894141739456185	52.1647229955264	50.6444867612335	1.52023623429287	BM	Hominidae	APE	Cheirogaleidae	STR	order
Macaca_nigra	Loris_tardigradus	4.86124338624339	4.23333333333333	121.4130573137	0.237980108417113	0.999999999966231	0.37451913177339	0.512057212879018	0.0891281035867239	52.1647229955264	50.6444867612335	1.52023623429287	BM	Cercopithecidae	OWM	Lorisidae	STR	order
Eulemur_coronatus	Hapalemur_griseus	5.39940476190476	5.09149122807018	47.7997285409	0.116700307353648	0.393695123052405	0.297143784129548	0.319487107758084	0.0880802654279477	52.1647229955264	50.6444867612335	1.52023623429287	BM	Lemuridae	STR	Lemuridae	STR	family
Aotus_trivirgatus	Galago_moholi	3.82941176470588	4.45	121.4130573111	0.235205113906392	0.999999999944816	0.370482342445918	0.506969599543943	0.0871393415601076	52.1647229955264	50.6444867612335	1.52023623429287	BM	Aotidae	PLA	Galagidae	STR	order
Propithecus_coquereli	Cheirogaleus_medius	4.77373949579832	5.18	69.529333389	0.153974153443527	0.57266767615452	0.323550794869307	0.377860660881223	0.086993664581375	52.1647229955264	50.6444867612335	1.52023623429287	BM	Indriidae	STR	Cheirogaleidae	STR	superfamily
Cebuella_pygmaea	Loris_tardigradus	4.85	4.23333333333333	121.4130573064	0.233718825666857	0.999999999906106	0.368315665805794	0.504233028987732	0.0860823048949195	52.1647229955264	50.6444867612335	1.52023623429287	BM	Callitrichidae	PLA	Lorisidae	STR	order
Callithrix_jacchus	Daubentonia_madagascariensis	4.59887640449438	3.9859375	121.4130573023	0.232305990752361	0.999999999872337	0.366253130097994	0.501624204170174	0.0850827962644297	52.1647229955264	50.6444867612335	1.52023623429287	BM	Callitrichidae	PLA	Daubentoniidae	STR	order
Aotus_trivirgatus	Mirza_zaza	3.82941176470588	4.44166666666667	121.4130573081	0.232046751397382	0.999999999920107	0.365874368126296	0.501144722581878	0.0848999585500596	52.1647229955264	50.6444867612335	1.52023623429287	BM	Aotidae	PLA	Cheirogaleidae	STR	order
Callithrix_jacchus	Microcebus_murinus	4.59887640449438	5.2	121.4130573043	0.227827947279262	0.999999999888809	0.359697065585533	0.493307407575773	0.0819490441038382	52.1647229955264	50.6444867612335	1.52023623429287	BM	Callitrichidae	PLA	Cheirogaleidae	STR	order
Macaca_nemestrina	Pongo_pygmaeus	3.93195852873978	4.29057422969188	62.1515760365	0.135916606203602	0.511901910795456	0.303184908105695	0.344892454409515	0.080499531048523	52.1647229955264	50.6444867612335	1.52023623429287	BM	Cercopithecidae	OWM	Hominidae	APE	order
Daubentonia_madagascariensis	Propithecus_tattersalli	3.9859375	4.46666666666667	92.496943883	0.182198037238606	0.761836872626379	0.331445573114604	0.418677002896308	0.0792672749806923	52.1647229955264	50.6444867612335	1.52023623429287	BM	Daubentoniidae	STR	Indriidae	STR	superfamily
Leontopithecus_rosalia	Macaca_mulatta	4.325	3.9030786339257	78.0653383544	0.159909674923202	0.64297317009375	0.317474730678015	0.382461465194583	0.0789570752565774	52.1647229955264	50.6444867612335	1.52023623429287	BM	Callitrichidae	PLA	Cercopithecidae	OWM	order
Varecia_rubra	Cheirogaleus_medius	5.57549019607843	5.18	71.983496227	0.14989216895709	0.592881011459768	0.310301876445415	0.365987982875495	0.0784505160273874	52.1647229955264	50.6444867612335	1.52023623429287	BM	Lemuridae	STR	Cheirogaleidae	STR	superfamily
Macaca_fascicularis	Pongo_pygmaeus	3.93673469387755	4.29057422969188	62.1515760366	0.134106422894644	0.511901910796279	0.299343345778432	0.34059081714577	0.0784210108870566	52.1647229955264	50.6444867612335	1.52023623429287	BM	Cercopithecidae	OWM	Hominidae	APE	order
Pan_troglodytes	Gorilla_gorilla	3.66150194616472	3.81270935960591	20.238906202	0.0573081390836718	0.166694642644773	0.226566379853104	0.215997909965831	0.0778915111025787	52.1647229955264	50.6444867612335	1.52023623429287	BM	Hominidae	APE	Hominidae	APE	family
Aotus_trivirgatus	Macaca_arctoides	3.82941176470588	4.24791666666667	78.0653383562	0.158614823062863	0.642973170108575	0.315042555516451	0.379610599630974	0.0777177361725307	52.1647229955264	50.6444867612335	1.52023623429287	BM	Aotidae	PLA	Cercopithecidae	OWM	order
Cebuella_pygmaea	Lemur_catta	4.85	5.43170212765957	121.4130573067	0.22046714296947	0.999999999908576	0.348859440882383	0.479479732165161	0.0769120442362971	52.1647229955264	50.6444867612335	1.52023623429287	BM	Callitrichidae	PLA	Lemuridae	STR	order
Callithrix_jacchus	Cheirogaleus_medius	4.59887640449438	5.18	121.4130573043	0.220247877257634	0.999999999888809	0.348535458280978	0.479064867203115	0.0767641948439377	52.1647229955264	50.6444867612335	1.52023623429287	BM	Callitrichidae	PLA	Cheirogaleidae	STR	order
Leontopithecus_chrysomelas	Macaca_mulatta	4.3125	3.9030786339257	78.0653383544	0.155172131159684	0.64297317009375	0.30856015515459	0.372003148710219	0.0744664615777347	52.1647229955264	50.6444867612335	1.52023623429287	BM	Callitrichidae	PLA	Cercopithecidae	OWM	order
Pan_troglodytes	Loris_tardigradus	3.66150194616472	4.23333333333333	121.4130573117	0.21672609776513	0.999999999949758	0.34332276461963	0.472378178045222	0.0744070030536869	52.1647229955264	50.6444867612335	1.52023623429287	BM	Hominidae	APE	Lorisidae	STR	order
Macaca_nigra	Lemur_catta	4.86124338624339	5.43170212765957	121.413057314	0.216205860219214	0.999999999968702	0.342551318784497	0.471386722728818	0.0740616025493466	52.1647229955264	50.6444867612335	1.52023623429287	BM	Cercopithecidae	OWM	Lemuridae	STR	order
Eulemur_collaris	Cheirogaleus_medius	5.56089002267574	5.18	71.9834962244	0.144358652121075	0.592881011438353	0.299410815878535	0.35341534070334	0.0729025571350937	52.1647229955264	50.6444867612335	1.52023623429287	BM	Lemuridae	STR	Cheirogaleidae	STR	superfamily
Macaca_mulatta	Propithecus_tattersalli	3.9030786339257	4.46666666666667	121.4130573137	0.2136018375764	0.999999999966231	0.338684412590888	0.46640982738316	0.0723436128903403	52.1647229955264	50.6444867612335	1.52023623429287	BM	Cercopithecidae	OWM	Indriidae	STR	order
Daubentonia_madagascariensis	Mirza_zaza	3.9859375	4.44166666666667	92.496943882	0.172722949711571	0.761836872618142	0.315160447657941	0.398869372142258	0.0714528846114065	52.1647229955264	50.6444867612335	1.52023623429287	BM	Daubentoniidae	STR	Cheirogaleidae	STR	superfamily
Varecia_rubra	Microcebus_murinus	5.57549019607843	5.2	71.983496227	0.142312098935462	0.592881011459768	0.295367004099209	0.348739457080423	0.0708983716751906	52.1647229955264	50.6444867612335	1.52023623429287	BM	Lemuridae	STR	Cheirogaleidae	STR	superfamily
Eulemur_sanfordi	Lemur_catta	5.70666666666667	5.43170212765957	47.7997285392	0.104212522956921	0.393695123038403	0.266631331222903	0.286904297715751	0.0705782777080293	52.1647229955264	50.6444867612335	1.52023623429287	BM	Lemuridae	STR	Lemuridae	STR	family
Pan_troglodytes	Nycticebus_pygmaeus	3.66150194616472	4.21666666666667	121.413057312	0.21040937274711	0.999999999952229	0.333931334036172	0.460276139403435	0.070262282538513	52.1647229955264	50.6444867612335	1.52023623429287	BM	Hominidae	APE	Lorisidae	STR	order
Cebuella_pygmaea	Eulemur_coronatus	4.85	5.39940476190476	121.4130573058	0.208226328272691	0.999999999901164	0.33067337069805	0.456061626818529	0.0688549018448146	52.1647229955264	50.6444867612335	1.52023623429287	BM	Callitrichidae	PLA	Lemuridae	STR	order
Leontopithecus_rosalia	Macaca_nemestrina	4.325	3.93195852873978	78.0653383542	0.148964093677803	0.642973170092103	0.296813686176534	0.35818504748151	0.068765826956857	52.1647229955264	50.6444867612335	1.52023623429287	BM	Callitrichidae	PLA	Cercopithecidae	OWM	order
Macaca_mulatta	Galago_moholi	3.9030786339257	4.45	121.4130573157	0.207285112558375	0.999999999982704	0.329266778643336	0.454239510778331	0.068252101273998	52.1647229955264	50.6444867612335	1.52023623429287	BM	Cercopithecidae	OWM	Galagidae	STR	order
Leontopithecus_rosalia	Macaca_fascicularis	4.325	3.93673469387755	78.0653383543	0.147153910368846	0.642973170092926	0.293375031912396	0.354132117114984	0.0671432108811858	52.1647229955264	50.6444867612335	1.52023623429287	BM	Callitrichidae	PLA	Cercopithecidae	OWM	order
Daubentonia_madagascariensis	Galago_moholi	3.9859375	4.45	99.360634015	0.175881312220582	0.818368602274156	0.309929572837518	0.401321907584117	0.0666091292055286	52.1647229955264	50.6444867612335	1.52023623429287	BM	Daubentoniidae	STR	Galagidae	STR	superfamily
Macaca_mulatta	Mirza_zaza	3.9030786339257	4.44166666666667	121.4130573127	0.204126750049365	0.999999999957994	0.324538374901116	0.448103146306523	0.0662469637376498	52.1647229955264	50.6444867612335	1.52023623429287	BM	Cercopithecidae	OWM	Cheirogaleidae	STR	order
Macaca_nigra	Eulemur_coronatus	4.86124338624339	5.39940476190476	121.4130573131	0.203965045522435	0.999999999961289	0.324295939124044	0.447788061877577	0.066145035988737	52.1647229955264	50.6444867612335	1.52023623429287	BM	Cercopithecidae	OWM	Lemuridae	STR	order
Eulemur_collaris	Microcebus_murinus	5.56089002267574	5.2	71.9834962244	0.136778582099447	0.592881011438353	0.284391662855453	0.336028254250466	0.0656096040450055	52.1647229955264	50.6444867612335	1.52023623429287	BM	Lemuridae	STR	Cheirogaleidae	STR	superfamily
Macaca_nemestrina	Propithecus_tattersalli	3.93195852873978	4.46666666666667	121.4130573135	0.202656256331001	0.999999999964584	0.322332498776676	0.445234615584675	0.0653226974982117	52.1647229955264	50.6444867612335	1.52023623429287	BM	Cercopithecidae	OWM	Indriidae	STR	order
Leontopithecus_chrysomelas	Macaca_nemestrina	4.3125	3.93195852873978	78.0653383542	0.144226549914286	0.642973170092103	0.287801504340781	0.34755560876275	0.0645573096390108	52.1647229955264	50.6444867612335	1.52023623429287	BM	Callitrichidae	PLA	Cercopithecidae	OWM	order
Macaca_fascicularis	Propithecus_tattersalli	3.93673469387755	4.46666666666667	121.4130573136	0.200846073022043	0.999999999965407	0.319613259117029	0.44169346368771	0.0641930679816527	52.1647229955264	50.6444867612335	1.52023623429287	BM	Cercopithecidae	OWM	Indriidae	STR	order
Macaca_arctoides	Propithecus_coquereli	4.24791666666667	4.77373949579832	121.4130573131	0.199288693189416	0.999999999961289	0.31727044653386	0.438638088466291	0.0632284126798029	52.1647229955264	50.6444867612335	1.52023623429287	BM	Cercopithecidae	OWM	Indriidae	STR	order
Leontopithecus_chrysomelas	Macaca_fascicularis	4.3125	3.93673469387755	78.0653383543	0.142416366605328	0.642973170092926	0.284347287155545	0.343475309298923	0.0629819553511414	52.1647229955264	50.6444867612335	1.52023623429287	BM	Callitrichidae	PLA	Cercopithecidae	OWM	order
Macaca_nemestrina	Galago_moholi	3.93195852873978	4.45	121.4130573155	0.196339531312977	0.999999999981056	0.312825565359588	0.432830155396829	0.0614200248865821	52.1647229955264	50.6444867612335	1.52023623429287	BM	Cercopithecidae	OWM	Galagidae	STR	order
Macaca_fascicularis	Galago_moholi	3.93673469387755	4.45	121.4130573156	0.194529348004019	0.99999999998188	0.310091938360725	0.429251069172941	0.0603219825917073	52.1647229955264	50.6444867612335	1.52023623429287	BM	Cercopithecidae	OWM	Galagidae	STR	order
Macaca_nemestrina	Mirza_zaza	3.93195852873978	4.44166666666667	121.4130573125	0.193181168803966	0.999999999956347	0.308053366774442	0.426578485675147	0.0595101094500815	52.1647229955264	50.6444867612335	1.52023623429287	BM	Cercopithecidae	OWM	Cheirogaleidae	STR	order
Nycticebus_pygmaeus	Galago_moholi	4.21666666666667	4.45	43.154528579	0.0884341502523226	0.355435646975288	0.23904908800528	0.252407925700088	0.0594765976520341	52.1647229955264	50.6444867612335	1.52023623429287	BM	Lorisidae	STR	Galagidae	STR	superfamily
Propithecus_coquereli	Mirza_zaza	4.77373949579832	4.44166666666667	69.529333389	0.125856764854897	0.57266767615452	0.266977212873911	0.312923846820563	0.058674323174513	52.1647229955264	50.6444867612335	1.52023623429287	BM	Indriidae	STR	Cheirogaleidae	STR	superfamily
Macaca_fascicularis	Mirza_zaza	3.93673469387755	4.44166666666667	121.4130573126	0.191370985495009	0.999999999957171	0.305312690096496	0.422980737458808	0.0584279903904011	52.1647229955264	50.6444867612335	1.52023623429287	BM	Cercopithecidae	OWM	Cheirogaleidae	STR	order
Eulemur_coronatus	Varecia_variegata	5.39940476190476	5.664	52.6432531401	0.100282521607559	0.433588069545977	0.245231406945391	0.269319668816159	0.0567184053094559	52.1647229955264	50.6444867612335	1.52023623429287	BM	Lemuridae	STR	Lemuridae	STR	family
Eulemur_rubriventer	Varecia_rubra	5.83766666666667	5.57549019607843	52.643253141	0.0993658002541044	0.43358806955339	0.243060650160141	0.266952145241488	0.0557024459605695	52.1647229955264	50.6444867612335	1.52023623429287	BM	Lemuridae	STR	Lemuridae	STR	family
Callithrix_jacchus	Hapalemur_griseus	4.59887640449438	5.09149122807018	121.4130573081	0.186702742819819	0.999999999920107	0.298226452210309	0.41365382602636	0.0556796966135366	52.1647229955264	50.6444867612335	1.52023623429287	BM	Callitrichidae	PLA	Lemuridae	STR	order
Callithrix_jacchus	Macaca_arctoides	4.59887640449438	4.24791666666667	78.0653383524	0.133014969375308	0.642973170077277	0.26631508238446	0.322121004027961	0.0550938891016154	52.1647229955264	50.6444867612335	1.52023623429287	BM	Callitrichidae	PLA	Cercopithecidae	OWM	order
Saimiri_sciureus	Propithecus_tattersalli	3.98109463720041	4.46666666666667	121.4130573	0.184033499194908	0.999999999853393	0.294162896889664	0.408289591500019	0.0541358272558524	52.1647229955264	50.6444867612335	1.52023623429287	BM	Cebidae	PLA	Indriidae	STR	order
Pongo_pygmaeus	Propithecus_coquereli	4.29057422969188	4.77373949579832	121.413057315	0.183121327455261	0.999999999976938	0.292772308863904	0.406451295530797	0.0536128538425362	52.1647229955264	50.6444867612335	1.52023623429287	BM	Hominidae	APE	Indriidae	STR	order
Loris_tardigradus	Galago_moholi	4.23333333333333	4.45	43.1545285787	0.0821174252343022	0.355435646972817	0.222440949316983	0.23492960330191	0.0513912382738064	52.1647229955264	50.6444867612335	1.52023623429287	BM	Lorisidae	STR	Galagidae	STR	superfamily
Hapalemur_griseus	Propithecus_coquereli	5.09149122807018	4.77373949579832	71.9834962288	0.120429019005711	0.592881011474593	0.251626192471498	0.297914419415433	0.0511115973171681	52.1647229955264	50.6444867612335	1.52023623429287	BM	Lemuridae	STR	Indriidae	STR	superfamily
Saimiri_sciureus	Galago_moholi	3.98109463720041	4.45	121.413057302	0.177716774176883	0.999999999869866	0.284513261838228	0.395506291388702	0.0505627791110127	52.1647229955264	50.6444867612335	1.52023623429287	BM	Cebidae	PLA	Galagidae	STR	order
Eulemur_rubriventer	Eulemur_sanfordi	5.83766666666667	5.70666666666667	22.8374257192	0.0496494586416619	0.188096949567976	0.185632408765488	0.179066663241518	0.048998926472348	52.1647229955264	50.6444867612335	1.52023623429287	BM	Lemuridae	STR	Lemuridae	STR	family
Leontopithecus_chrysomelas	Propithecus_coquereli	4.3125	4.77373949579832	121.4130573067	0.174811383744577	0.999999999908577	0.280059471751033	0.38958527252565	0.0489575837920493	52.1647229955264	50.6444867612335	1.52023623429287	BM	Callitrichidae	PLA	Indriidae	STR	order
Saimiri_sciureus	Mirza_zaza	3.98109463720041	4.44166666666667	121.413057299	0.174558411667873	0.999999999845157	0.279671227870663	0.389068513938515	0.048818965333866	52.1647229955264	50.6444867612335	1.52023623429287	BM	Cebidae	PLA	Cheirogaleidae	STR	order
Macaca_fascicularis	Pan_troglodytes	3.93673469387755	3.66150194616472	62.1515760326	0.104314174995413	0.511901910763334	0.235083374077234	0.268265675179855	0.0479047405496835	52.1647229955264	50.6444867612335	1.52023623429287	BM	Cercopithecidae	OWM	Hominidae	APE	order
Leontopithecus_rosalia	Propithecus_coquereli	4.325	4.77373949579832	121.4130573067	0.17007383998106	0.999999999908577	0.272776732165769	0.379875670205413	0.0463921863011588	52.1647229955264	50.6444867612335	1.52023623429287	BM	Callitrichidae	PLA	Indriidae	STR	order
Macaca_nemestrina	Pan_troglodytes	3.93195852873978	3.66150194616472	62.1515760325	0.102503991686455	0.51190191076251	0.231121023154435	0.263785398872332	0.0462800136860171	52.1647229955264	50.6444867612335	1.52023623429287	BM	Cercopithecidae	OWM	Hominidae	APE	order
Saimiri_sciureus	Pan_troglodytes	3.98109463720041	3.66150194616472	78.065338345	0.121126748822549	0.642973170016328	0.243302159369074	0.294745023837047	0.0458345712078983	52.1647229955264	50.6444867612335	1.52023623429287	BM	Cebidae	PLA	Hominidae	APE	order
Pan_paniscus	Loris_tardigradus	3.78861111111111	4.23333333333333	121.4130573117	0.168551279230916	0.999999999949758	0.27043091236821	0.376740954218065	0.0455814762255357	52.1647229955264	50.6444867612335	1.52023623429287	BM	Hominidae	APE	Lorisidae	STR	order
Lemur_catta	Varecia_variegata	5.43170212765957	5.664	52.643253141	0.0880417069107804	0.43358806955339	0.216092438104322	0.237503422462872	0.0438783915821605	52.1647229955264	50.6444867612335	1.52023623429287	BM	Lemuridae	STR	Lemuridae	STR	family
Saimiri_sciureus	Pongo_pygmaeus	3.98109463720041	4.29057422969188	78.065338349	0.117293849067509	0.642973170049273	0.235835160859815	0.285834604658373	0.0430220342795687	52.1647229955264	50.6444867612335	1.52023623429287	BM	Cebidae	PLA	Hominidae	APE	order
Callithrix_jacchus	Pongo_pygmaeus	4.59887640449438	4.29057422969188	78.0653383543	0.116847603641154	0.642973170092926	0.234964373438051	0.284794643587409	0.0427001082693908	52.1647229955264	50.6444867612335	1.52023623429287	BM	Callitrichidae	PLA	Hominidae	APE	order
Pan_paniscus	Nycticebus_pygmaeus	3.78861111111111	4.21666666666667	121.413057312	0.162234554212896	0.999999999952229	0.260671855763344	0.363663268057008	0.0422899823176347	52.1647229955264	50.6444867612335	1.52023623429287	BM	Hominidae	APE	Lorisidae	STR	order
Gorilla_gorilla	Loris_tardigradus	3.81270935960591	4.23333333333333	121.4130573117	0.159417958681458	0.999999999949758	0.25630666426627	0.357794932360942	0.0408598852158355	52.1647229955264	50.6444867612335	1.52023623429287	BM	Hominidae	APE	Lorisidae	STR	order
Macaca_nigra	Mirza_zaza	4.86124338624339	4.44166666666667	121.413057312	0.159021045691821	0.999999999952229	0.255690857603301	0.356966160113711	0.0406602275518577	52.1647229955264	50.6444867612335	1.52023623429287	BM	Cercopithecidae	OWM	Cheirogaleidae	STR	order
Macaca_nigra	Galago_moholi	4.86124338624339	4.45	121.413057315	0.15586268318281	0.999999999976938	0.250784891212706	0.350355589610013	0.039088006047023	52.1647229955264	50.6444867612335	1.52023623429287	BM	Cercopithecidae	OWM	Galagidae	STR	order
Cebuella_pygmaea	Mirza_zaza	4.85	4.44166666666667	121.4130573047	0.154759762941565	0.999999999892104	0.24906929141421	0.348040588389996	0.0385459044994458	52.1647229955264	50.6444867612335	1.52023623429287	BM	Callitrichidae	PLA	Cheirogaleidae	STR	order
Gorilla_gorilla	Nycticebus_pygmaeus	3.81270935960591	4.21666666666667	121.413057312	0.153101233663438	0.999999999952229	0.246487120741395	0.344553061061891	0.0377374822694591	52.1647229955264	50.6444867612335	1.52023623429287	BM	Hominidae	APE	Lorisidae	STR	order
Aotus_trivirgatus	Loris_tardigradus	3.82941176470588	4.23333333333333	121.4130573098	0.15308768867209	0.999999999934109	0.246466021096541	0.344524547794753	0.0377309135083621	52.1647229955264	50.6444867612335	1.52023623429287	BM	Aotidae	PLA	Lorisidae	STR	order
Eulemur_mongoz	Lemur_catta	5.2324	5.43170212765957	47.799728539	0.0755362041559466	0.393695123036756	0.195023124679722	0.210161729760769	0.0374180570165782	52.1647229955264	50.6444867612335	1.52023623429287	BM	Lemuridae	STR	Lemuridae	STR	family
Macaca_mulatta	Pan_troglodytes	3.9030786339257	3.66150194616472	62.1515760327	0.0915584104410569	0.511901910764157	0.207036702402376	0.236508260931021	0.0370304368401802	52.1647229955264	50.6444867612335	1.52023623429287	BM	Cercopithecidae	OWM	Hominidae	APE	order
Cebuella_pygmaea	Galago_moholi	4.85	4.45	121.4130573077	0.151601400432555	0.999999999916813	0.244149647654721	0.341392751451319	0.0370134285026497	52.1647229955264	50.6444867612335	1.52023623429287	BM	Callitrichidae	PLA	Galagidae	STR	order
Macaca_nigra	Propithecus_tattersalli	4.86124338624339	4.46666666666667	121.413057313	0.149545958164786	0.999999999960466	0.24094263494303	0.337051800012094	0.0360319972067281	52.1647229955264	50.6444867612335	1.52023623429287	BM	Cercopithecidae	OWM	Indriidae	STR	order
Aotus_trivirgatus	Nycticebus_pygmaeus	3.82941176470588	4.21666666666667	121.4130573101	0.146770963654069	0.99999999993658	0.236606364666772	0.33117322416401	0.0347269441510306	52.1647229955264	50.6444867612335	1.52023623429287	BM	Aotidae	PLA	Lorisidae	STR	order
Cebuella_pygmaea	Propithecus_tattersalli	4.85	4.46666666666667	121.4130573057	0.145284675414531	0.99999999990034	0.234280790512889	0.328016258573564	0.0340374086089169	52.1647229955264	50.6444867612335	1.52023623429287	BM	Callitrichidae	PLA	Indriidae	STR	order
Cebuella_pygmaea	Eulemur_mongoz	4.85	5.2324	121.4130573057	0.144930938813523	0.99999999990034	0.233726991775713	0.327264045103188	0.0338742723474906	52.1647229955264	50.6444867612335	1.52023623429287	BM	Callitrichidae	PLA	Lemuridae	STR	order
Callithrix_jacchus	Nycticebus_pygmaeus	4.59887640449438	4.21666666666667	121.4130573063	0.144858828784101	0.999999999905282	0.233614083948478	0.327110664412436	0.0338410625914526	52.1647229955264	50.6444867612335	1.52023623429287	BM	Callitrichidae	PLA	Lorisidae	STR	order
Propithecus_coquereli	Galago_moholi	4.77373949579832	4.45	99.360634018	0.122698402345886	0.818368602298865	0.219127948118003	0.286499838806896	0.0328539597778855	52.1647229955264	50.6444867612335	1.52023623429287	BM	Indriidae	STR	Galagidae	STR	superfamily
Lemur_catta	Cheirogaleus_medius	5.43170212765957	5.18	71.983496226	0.0953959876126115	0.592881011451531	0.200585081919265	0.238107664318112	0.0322746244532225	52.1647229955264	50.6444867612335	1.52023623429287	BM	Lemuridae	STR	Cheirogaleidae	STR	superfamily
Saimiri_sciureus	Macaca_arctoides	3.98109463720041	4.24791666666667	78.0653383471	0.101126483333354	0.642973170033624	0.204104723560912	0.247832466637993	0.0321014839925	52.1647229955264	50.6444867612335	1.52023623429287	BM	Cebidae	PLA	Cercopithecidae	OWM	order
Macaca_nigra	Eulemur_mongoz	4.86124338624339	5.2324	121.413057313	0.140669656063268	0.999999999960465	0.22704635418462	0.318176961078173	0.031938532554832	52.1647229955264	50.6444867612335	1.52023623429287	BM	Cercopithecidae	OWM	Lemuridae	STR	order
Callithrix_jacchus	Macaca_nigra	4.59887640449438	4.86124338624339	78.0653383523	0.0994380046510315	0.642973170076453	0.200770323422114	0.24382689157678	0.0310498186912891	52.1647229955264	50.6444867612335	1.52023623429287	BM	Callitrichidae	PLA	Cercopithecidae	OWM	order
Callithrix_jacchus	Loris_tardigradus	4.59887640449438	4.23333333333333	121.413057306	0.138542103766081	0.999999999902811	0.223704536153734	0.313622572276896	0.0309924970637657	52.1647229955264	50.6444867612335	1.52023623429287	BM	Callitrichidae	PLA	Lorisidae	STR	order
Eulemur_macaco	Varecia_rubra	5.76489583333333	5.57549019607843	52.6432531401	0.0717853996441583	0.433588069545977	0.176928021990631	0.194630525539676	0.0292924313626694	52.1647229955264	50.6444867612335	1.52023623429287	BM	Lemuridae	STR	Lemuridae	STR	family
Cebuella_pygmaea	Microcebus_murinus	4.85	5.2	121.4130573047	0.132651225378486	0.999999999892104	0.214430082292069	0.300953025310507	0.0284444131771216	52.1647229955264	50.6444867612335	1.52023623429287	BM	Callitrichidae	PLA	Cheirogaleidae	STR	order
Leontopithecus_rosalia	Leontopithecus_chrysomelas	4.325	4.3125	1.4560128688	0.00473754376351742	0.0119922263796461	0.0707032925445627	0.0613548223724901	0.0279314225774753	52.1647229955264	50.6444867612335	1.52023623429287	BM	Callitrichidae	PLA	Callitrichidae	PLA	family
Lemur_catta	Microcebus_murinus	5.43170212765957	5.2	71.983496226	0.0878159175909835	0.592881011451531	0.18494786857202	0.219694496972358	0.0273939736160302	52.1647229955264	50.6444867612335	1.52023623429287	BM	Lemuridae	STR	Cheirogaleidae	STR	superfamily
Aotus_trivirgatus	Saimiri_sciureus	3.82941176470588	3.98109463720041	41.3912937991	0.0574883397295085	0.340913034507959	0.160036888309993	0.1678598512378	0.0269871024957935	52.1647229955264	50.6444867612335	1.52023623429287	BM	Aotidae	PLA	Cebidae	PLA	superfamily
Leontopithecus_rosalia	Daubentonia_madagascariensis	4.325	3.9859375	121.4130573037	0.128505874585408	0.999999999883868	0.207885364943094	0.291986829598569	0.0267144906386215	52.1647229955264	50.6444867612335	1.52023623429287	BM	Callitrichidae	PLA	Daubentoniidae	STR	order
Macaca_nigra	Microcebus_murinus	4.86124338624339	5.2	121.413057312	0.128389942628231	0.999999999952229	0.207702117411885	0.29173548456717	0.0266668629395479	52.1647229955264	50.6444867612335	1.52023623429287	BM	Cercopithecidae	OWM	Cheirogaleidae	STR	order
Macaca_mulatta	Loris_tardigradus	3.9030786339257	4.23333333333333	121.4130573144	0.125167687324073	0.999999999971996	0.202604311602391	0.28473688019491	0.0253595131258673	52.1647229955264	50.6444867612335	1.52023623429287	BM	Cercopithecidae	OWM	Lorisidae	STR	order
Eulemur_coronatus	Varecia_rubra	5.39940476190476	5.57549019607843	52.6432531401	0.0667369960412572	0.433588069545977	0.164670270820984	0.181189651309817	0.0253457140169938	52.1647229955264	50.6444867612335	1.52023623429287	BM	Lemuridae	STR	Lemuridae	STR	family
Cebuella_pygmaea	Cheirogaleus_medius	4.85	5.18	121.4130573047	0.125071155356858	0.999999999892104	0.202451457523409	0.284526843579794	0.0253208376988647	52.1647229955264	50.6444867612335	1.52023623429287	BM	Callitrichidae	PLA	Cheirogaleidae	STR	order
Leontopithecus_chrysomelas	Daubentonia_madagascariensis	4.3125	3.9859375	121.4130573037	0.123768330821891	0.999999999883868	0.200387735528395	0.281690024745626	0.0248016555464082	52.1647229955264	50.6444867612335	1.52023623429287	BM	Callitrichidae	PLA	Daubentoniidae	STR	order
Eulemur_rubriventer	Varecia_variegata	5.83766666666667	5.664	52.643253141	0.0658202746878024	0.43358806955339	0.162440039741985	0.178743124244839	0.0246589996056118	52.1647229955264	50.6444867612335	1.52023623429287	BM	Lemuridae	STR	Lemuridae	STR	family
Eulemur_coronatus	Cheirogaleus_medius	5.39940476190476	5.18	71.9834962251	0.0831551729158326	0.592881011444119	0.175295905037209	0.208310601722005	0.0245863183563611	52.1647229955264	50.6444867612335	1.52023623429287	BM	Lemuridae	STR	Cheirogaleidae	STR	superfamily
Pan_troglodytes	Daubentonia_madagascariensis	3.66150194616472	3.9859375	121.413057308	0.12296221077885	0.999999999919284	0.199110109565701	0.279932799394386	0.0244830192625939	52.1647229955264	50.6444867612335	1.52023623429287	BM	Hominidae	APE	Daubentoniidae	STR	order
Macaca_nigra	Cheirogaleus_medius	4.86124338624339	5.18	121.413057312	0.120809872606603	0.999999999952229	0.195696250273109	0.275233784129019	0.0236420390662136	52.1647229955264	50.6444867612335	1.52023623429287	BM	Cercopithecidae	OWM	Cheirogaleidae	STR	order
Macaca_mulatta	Nycticebus_pygmaeus	3.9030786339257	4.21666666666667	121.4130573147	0.118850962306053	0.999999999974467	0.192585940897349	0.270948027757907	0.0228890244028509	52.1647229955264	50.6444867612335	1.52023623429287	BM	Cercopithecidae	OWM	Lorisidae	STR	order
Pongo_pygmaeus	Daubentonia_madagascariensis	4.29057422969188	3.9859375	121.413057312	0.115458387111207	0.999999999952229	0.187192111563431	0.263505662743155	0.0216128992820874	52.1647229955264	50.6444867612335	1.52023623429287	BM	Hominidae	APE	Daubentoniidae	STR	order
Macaca_nemestrina	Loris_tardigradus	3.93195852873978	4.23333333333333	121.4130573142	0.114222106078675	0.999999999970349	0.185224333540109	0.260787406421972	0.0211567134745974	52.1647229955264	50.6444867612335	1.52023623429287	BM	Cercopithecidae	OWM	Lorisidae	STR	order
Macaca_fascicularis	Loris_tardigradus	3.93673469387755	4.23333333333333	121.4130573143	0.112411922769717	0.999999999971173	0.182340974083466	0.25680141337047	0.0204972994970164	52.1647229955264	50.6444867612335	1.52023623429287	BM	Cercopithecidae	OWM	Lorisidae	STR	order
Eulemur_coronatus	Microcebus_murinus	5.39940476190476	5.2	71.9834962251	0.0755751028942047	0.592881011444119	0.159542165147242	0.189702036211898	0.0203369905836552	52.1647229955264	50.6444867612335	1.52023623429287	BM	Lemuridae	STR	Cheirogaleidae	STR	superfamily
Propithecus_tattersalli	Nycticebus_pygmaeus	4.46666666666667	4.21666666666667	99.360634017	0.094750875270347	0.818368602290629	0.170092285095509	0.223229358715346	0.019693317710898	52.1647229955264	50.6444867612335	1.52023623429287	BM	Indriidae	STR	Lorisidae	STR	superfamily
Daubentonia_madagascariensis	Loris_tardigradus	3.9859375	4.23333333333333	99.3606340137	0.0937638869862796	0.818368602263449	0.168347159869393	0.220964752683547	0.0192882327459741	52.1647229955264	50.6444867612335	1.52023623429287	BM	Daubentoniidae	STR	Lorisidae	STR	superfamily
Macaca_nemestrina	Nycticebus_pygmaeus	3.93195852873978	4.21666666666667	121.4130573145	0.107905381060654	0.99999999997282	0.175152062774739	0.246848347363545	0.0188998500777815	52.1647229955264	50.6444867612335	1.52023623429287	BM	Cercopithecidae	OWM	Lorisidae	STR	order
Eulemur_mongoz	Hapalemur_griseus	5.2324	5.09149122807018	47.7997285408	0.0534049178944806	0.393695123051581	0.138581667944435	0.149462757084772	0.0187986646643907	52.1647229955264	50.6444867612335	1.52023623429287	BM	Lemuridae	STR	Lemuridae	STR	family
Eulemur_sanfordi	Eulemur_macaco	5.70666666666667	5.76489583333333	14.8274950179	0.0220690580317158	0.122124385510603	0.103056532415876	0.0956252316049149	0.0186233124934405	52.1647229955264	50.6444867612335	1.52023623429287	BM	Lemuridae	STR	Lemuridae	STR	family
Macaca_fascicularis	Nycticebus_pygmaeus	3.93673469387755	4.21666666666667	121.4130573146	0.106095197751696	0.999999999973644	0.172260250991334	0.242838725183498	0.0182759853941642	52.1647229955264	50.6444867612335	1.52023623429287	BM	Cercopithecidae	OWM	Lorisidae	STR	order
Macaca_fascicularis	Macaca_mulatta	3.93673469387755	3.9030786339257	7.3270128521	0.0127557645543562	0.0603478160748515	0.0848127734282925	0.0758267210885812	0.0179269415103837	52.1647229955264	50.6444867612335	1.52023623429287	BM	Cercopithecidae	OWM	Cercopithecidae	OWM	family
Propithecus_tattersalli	Loris_tardigradus	4.46666666666667	4.23333333333333	99.3606340167	0.0884341502523266	0.818368602288158	0.15890934714721	0.20870390208509	0.01717198465682	52.1647229955264	50.6444867612335	1.52023623429287	BM	Indriidae	STR	Lorisidae	STR	superfamily
Lemur_catta	Varecia_rubra	5.43170212765957	5.57549019607843	52.643253141	0.0544961813444783	0.43358806955339	0.134788160152861	0.148385347622124	0.0169410565801428	52.1647229955264	50.6444867612335	1.52023623429287	BM	Lemuridae	STR	Lemuridae	STR	family
Saimiri_sciureus	Pan_paniscus	3.98109463720041	3.78861111111111	78.065338345	0.0729519302883352	0.642973170016328	0.148023893552963	0.180200861154074	0.016794835721076	52.1647229955264	50.6444867612335	1.52023623429287	BM	Cebidae	PLA	Hominidae	APE	order
Daubentonia_madagascariensis	Nycticebus_pygmaeus	3.9859375	4.21666666666667	99.360634014	0.0874471619682592	0.81836860226592	0.157159052317057	0.20642759705263	0.0167933044653663	52.1647229955264	50.6444867612335	1.52023623429287	BM	Daubentoniidae	STR	Lorisidae	STR	superfamily
Macaca_arctoides	Daubentonia_madagascariensis	4.24791666666667	3.9859375	121.4130573101	0.0992910213770526	0.99999999993658	0.161369823755989	0.227709512198192	0.0160225746211833	52.1647229955264	50.6444867612335	1.52023623429287	BM	Cercopithecidae	OWM	Daubentoniidae	STR	order
Mirza_zaza	Nycticebus_pygmaeus	4.44166666666667	4.21666666666667	99.360634016	0.0852757877433122	0.818368602282393	0.153305681602013	0.201413557231488	0.0159747853567162	52.1647229955264	50.6444867612335	1.52023623429287	BM	Cheirogaleidae	STR	Lorisidae	STR	superfamily
Eulemur_collaris	Lemur_catta	5.56089002267574	5.43170212765957	47.7997285384	0.0489626645084634	0.393695123031814	0.127156908688366	0.137159147839574	0.0158141178181135	52.1647229955264	50.6444867612335	1.52023623429287	BM	Lemuridae	STR	Lemuridae	STR	family
Eulemur_rubriventer	Eulemur_macaco	5.83766666666667	5.76489583333333	22.8374257191	0.0275804006099462	0.188096949567152	0.103773295901467	0.100058348113651	0.0152161376362733	52.1647229955264	50.6444867612335	1.52023623429287	BM	Lemuridae	STR	Lemuridae	STR	family
Saimiri_sciureus	Loris_tardigradus	3.98109463720041	4.23333333333333	121.4130573007	0.0955993489425812	0.999999999859158	0.15544801614221	0.219464225654182	0.0148607291397042	52.1647229955264	50.6444867612335	1.52023623429287	BM	Cebidae	PLA	Lorisidae	STR	order
Eulemur_sanfordi	Varecia_rubra	5.70666666666667	5.57549019607843	52.6432531402	0.0497163416124425	0.433588069546801	0.123064674789976	0.135502435953777	0.0141109173476052	52.1647229955264	50.6444867612335	1.52023623429287	BM	Lemuridae	STR	Lemuridae	STR	family
Macaca_fascicularis	Pan_paniscus	3.93673469387755	3.78861111111111	62.1515760326	0.0561393564611995	0.511901910763334	0.127852301014082	0.146376483988491	0.014021330552002	52.1647229955264	50.6444867612335	1.52023623429287	BM	Cercopithecidae	OWM	Hominidae	APE	order
Mirza_zaza	Loris_tardigradus	4.44166666666667	4.23333333333333	99.3606340157	0.0789590627252918	0.818368602279922	0.142075338238896	0.186780670194191	0.0137079251482388	52.1647229955264	50.6444867612335	1.52023623429287	BM	Cheirogaleidae	STR	Lorisidae	STR	superfamily
Cebuella_pygmaea	Hapalemur_griseus	4.85	5.09149122807018	121.4130573085	0.0915260209190424	0.999999999923402	0.148903798925077	0.210337828114352	0.0136285722163854	52.1647229955264	50.6444867612335	1.52023623429287	BM	Callitrichidae	PLA	Lemuridae	STR	order
Macaca_nemestrina	Pan_paniscus	3.93195852873978	3.78861111111111	62.1515760325	0.0543291731522417	0.51190191076251	0.123763550554732	0.1417074291811	0.0131352730409006	52.1647229955264	50.6444867612335	1.52023623429287	BM	Cercopithecidae	OWM	Hominidae	APE	order
Saimiri_sciureus	Nycticebus_pygmaeus	3.98109463720041	4.21666666666667	121.413057301	0.0892826239245608	0.999999999861629	0.145295138242745	0.205299000823166	0.0129723311875891	52.1647229955264	50.6444867612335	1.52023623429287	BM	Cebidae	PLA	Lorisidae	STR	order
Saimiri_sciureus	Gorilla_gorilla	3.98109463720041	3.81270935960591	78.065338345	0.063818609738877	0.642973170016328	0.129667610173414	0.157958754350923	0.0128702207111065	52.1647229955264	50.6444867612335	1.52023623429287	BM	Cebidae	PLA	Hominidae	APE	order
Aotus_trivirgatus	Pan_troglodytes	3.82941176470588	3.66150194616472	78.0653383541	0.0636384090930402	0.642973170091279	0.129304702623971	0.157518584516904	0.0127979610130077	52.1647229955264	50.6444867612335	1.52023623429287	BM	Aotidae	PLA	Hominidae	APE	order
Macaca_nigra	Hapalemur_griseus	4.86124338624339	5.09149122807018	121.4130573158	0.0872647381687871	0.999999999983527	0.142046627473632	0.200759352216173	0.0123956617544499	52.1647229955264	50.6444867612335	1.52023623429287	BM	Cercopithecidae	OWM	Lemuridae	STR	order
Macaca_arctoides	Propithecus_tattersalli	4.24791666666667	4.46666666666667	121.4130573131	0.0829070158615536	0.999999999961289	0.135023169438561	0.190932772516867	0.0111943680507533	52.1647229955264	50.6444867612335	1.52023623429287	BM	Cercopithecidae	OWM	Indriidae	STR	order
Macaca_fascicularis	Gorilla_gorilla	3.93673469387755	3.81270935960591	62.1515760326	0.0470060359117413	0.511901910763334	0.107189797133177	0.122769684944215	0.00984283775362548	52.1647229955264	50.6444867612335	1.52023623429287	BM	Cercopithecidae	OWM	Hominidae	APE	order
Macaca_arctoides	Galago_moholi	4.24791666666667	4.45	121.4130573151	0.0765902908435292	0.999999999977762	0.124823514605819	0.17663545942341	0.00956026928798378	52.1647229955264	50.6444867612335	1.52023623429287	BM	Cercopithecidae	OWM	Galagidae	STR	order
Pan_paniscus	Daubentonia_madagascariensis	3.78861111111111	3.9859375	121.413057308	0.0747873922446368	0.999999999919284	0.121908478420206	0.17254376651278	0.00911721719429472	52.1647229955264	50.6444867612335	1.52023623429287	BM	Hominidae	APE	Daubentoniidae	STR	order
Macaca_nemestrina	Gorilla_gorilla	3.93195852873978	3.81270935960591	62.1515760325	0.0451958526027835	0.51190191076251	0.103085468389895	0.118077235480158	0.00910142262977423	52.1647229955264	50.6444867612335	1.52023623429287	BM	Cercopithecidae	OWM	Hominidae	APE	order
Macaca_arctoides	Mirza_zaza	4.24791666666667	4.44166666666667	121.4130573121	0.0734319283345188	0.999999999953053	0.119715790626724	0.169464436593841	0.00879096135822453	52.1647229955264	50.6444867612335	1.52023623429287	BM	Cercopithecidae	OWM	Cheirogaleidae	STR	order
Eulemur_collaris	Varecia_variegata	5.56089002267574	5.664	52.6432531394	0.0390790424023169	0.433588069540212	0.0968812520436913	0.106707476291663	0.00873185131827951	52.1647229955264	50.6444867612335	1.52023623429287	BM	Lemuridae	STR	Lemuridae	STR	family
Macaca_mulatta	Pan_paniscus	3.9030786339257	3.78861111111111	62.1515760327	0.0433835919068433	0.511901910764157	0.0989736644799333	0.113375245666399	0.00838799969101992	52.1647229955264	50.6444867612335	1.52023623429287	BM	Cercopithecidae	OWM	Hominidae	APE	order
Eulemur_macaco	Varecia_variegata	5.76489583333333	5.664	52.6432531401	0.0382398740778562	0.433588069545977	0.0948107886443392	0.104429354382108	0.00836174441510394	52.1647229955264	50.6444867612335	1.52023623429287	BM	Lemuridae	STR	Lemuridae	STR	family
Pongo_pygmaeus	Propithecus_tattersalli	4.29057422969188	4.46666666666667	121.413057315	0.0667396501273992	0.999999999976938	0.108876780263826	0.154223693995945	0.00726639822197305	52.1647229955264	50.6444867612335	1.52023623429287	BM	Hominidae	APE	Indriidae	STR	order
Macaca_mulatta	Macaca_nemestrina	3.9030786339257	3.93195852873978	10.9824679332	0.0109455812453984	0.0904554104461209	0.0595010050319998	0.0541633145091234	0.00719993510115725	52.1647229955264	50.6444867612335	1.52023623429287	BM	Cercopithecidae	OWM	Cercopithecidae	OWM	family
Callithrix_jacchus	Propithecus_coquereli	4.59887640449438	4.77373949579832	121.4130573053	0.0662737238141076	0.999999999897046	0.108121370193884	0.153160389462413	0.00716560582737009	52.1647229955264	50.6444867612335	1.52023623429287	BM	Callitrichidae	PLA	Indriidae	STR	order
Gorilla_gorilla	Daubentonia_madagascariensis	3.81270935960591	3.9859375	121.413057308	0.0656540716951785	0.999999999919284	0.107116571314558	0.151745830786482	0.00703263905339535	52.1647229955264	50.6444867612335	1.52023623429287	BM	Hominidae	APE	Daubentoniidae	STR	order
Eulemur_albifrons	Eulemur_flavifrons	6.13958333333333	6.10560606060606	14.8274950179	0.0128775053208326	0.122124385510603	0.0602452935847555	0.055886709530087	0.00635261406187752	52.1647229955264	50.6444867612335	1.52023623429287	BM	Lemuridae	STR	Lemuridae	STR	family
Hapalemur_griseus	Microcebus_murinus	5.09149122807018	5.2	71.9834962278	0.0411252044594437	0.592881011466357	0.0872292795005968	0.103925568315995	0.00605066089979771	52.1647229955264	50.6444867612335	1.52023623429287	BM	Lemuridae	STR	Cheirogaleidae	STR	superfamily
Pongo_pygmaeus	Galago_moholi	4.29057422969188	4.45	121.413057317	0.0604229251093747	0.999999999993411	0.0986272925504975	0.139784982464815	0.00595934951155837	52.1647229955264	50.6444867612335	1.52023623429287	BM	Hominidae	APE	Galagidae	STR	order
Callithrix_jacchus	Mirza_zaza	4.59887640449438	4.44166666666667	121.4130573043	0.0595830410407892	0.999999999888809	0.0972632233245612	0.137861548438778	0.00579523862775115	52.1647229955264	50.6444867612335	1.52023623429287	BM	Callitrichidae	PLA	Cheirogaleidae	STR	order
Aotus_trivirgatus	Daubentonia_madagascariensis	3.82941176470588	3.9859375	121.4130573061	0.0593238016858101	0.999999999903635	0.0968421303293314	0.137267693919204	0.00574504333504225	52.1647229955264	50.6444867612335	1.52023623429287	BM	Aotidae	PLA	Daubentoniidae	STR	order
Leontopithecus_chrysomelas	Propithecus_tattersalli	4.3125	4.46666666666667	121.4130573067	0.0584297064167154	0.999999999908577	0.0953896068622578	0.135218945257875	0.00557358672467718	52.1647229955264	50.6444867612335	1.52023623429287	BM	Callitrichidae	PLA	Indriidae	STR	order
Pongo_pygmaeus	Mirza_zaza	4.29057422969188	4.44166666666667	121.413057314	0.0572645626003644	0.999999999968702	0.0934962667594168	0.132547747706781	0.00535402282091256	52.1647229955264	50.6444867612335	1.52023623429287	BM	Hominidae	APE	Cheirogaleidae	STR	order
Aotus_trivirgatus	Macaca_fascicularis	3.82941176470588	3.93673469387755	78.0653383567	0.0406757659023728	0.642973170112693	0.0828633046249769	0.101072400558328	0.00524209801822962	52.1647229955264	50.6444867612335	1.52023623429287	BM	Aotidae	PLA	Cercopithecidae	OWM	order
Macaca_mulatta	Gorilla_gorilla	3.9030786339257	3.81270935960591	62.1515760327	0.0342502713573851	0.511901910764157	0.0782130474580923	0.0896210130493862	0.00523306915406667	52.1647229955264	50.6444867612335	1.52023623429287	BM	Cercopithecidae	OWM	Hominidae	APE	order
Callithrix_jacchus	Galago_moholi	4.59887640449438	4.45	121.4130573073	0.0564246785317788	0.999999999913519	0.0921311383057606	0.130621296600382	0.00519846986211897	52.1647229955264	50.6444867612335	1.52023623429287	BM	Callitrichidae	PLA	Galagidae	STR	order
Aotus_trivirgatus	Macaca_nemestrina	3.82941176470588	3.93195852873978	78.0653383566	0.038865582593415	0.64297317011187	0.0791880744610634	0.096596955432054	0.00478665485815602	52.1647229955264	50.6444867612335	1.52023623429287	BM	Aotidae	PLA	Cercopithecidae	OWM	order
Leontopithecus_rosalia	Propithecus_tattersalli	4.325	4.46666666666667	121.4130573067	0.053692162653198	0.999999999908577	0.087687906774418	0.124348387351985	0.00470815335368095	52.1647229955264	50.6444867612335	1.52023623429287	BM	Callitrichidae	PLA	Indriidae	STR	order
Leontopithecus_chrysomelas	Galago_moholi	4.3125	4.45	121.4130573087	0.0521129813986909	0.999999999925049	0.0851188055999066	0.120719543087672	0.00443579473323919	52.1647229955264	50.6444867612335	1.52023623429287	BM	Callitrichidae	PLA	Galagidae	STR	order
Callithrix_jacchus	Propithecus_tattersalli	4.59887640449438	4.46666666666667	121.4130573053	0.0501079535137544	0.999999999897046	0.0818556348550024	0.116108487575554	0.00410161834657559	52.1647229955264	50.6444867612335	1.52023623429287	BM	Callitrichidae	PLA	Indriidae	STR	order
Hapalemur_griseus	Cheirogaleus_medius	5.09149122807018	5.18	71.9834962278	0.0335451344378157	0.592881011466357	0.0711990250998392	0.0848508889968323	0.00402843205065449	52.1647229955264	50.6444867612335	1.52023623429287	BM	Lemuridae	STR	Cheirogaleidae	STR	superfamily
Leontopithecus_chrysomelas	Mirza_zaza	4.3125	4.44166666666667	121.4130573057	0.0489546188896806	0.99999999990034	0.0799779612945972	0.113454317107946	0.00391529061514082	52.1647229955264	50.6444867612335	1.52023623429287	BM	Callitrichidae	PLA	Cheirogaleidae	STR	order
Leontopithecus_rosalia	Galago_moholi	4.325	4.45	121.4130573087	0.0473754376351735	0.999999999925049	0.0774062715114053	0.109818085948813	0.00366715598883475	52.1647229955264	50.6444867612335	1.52023623429287	BM	Callitrichidae	PLA	Galagidae	STR	order
Leontopithecus_rosalia	Mirza_zaza	4.325	4.44166666666667	121.4130573057	0.0442170751261631	0.99999999990034	0.0722604902634773	0.102538764823654	0.00319514752695198	52.1647229955264	50.6444867612335	1.52023623429287	BM	Callitrichidae	PLA	Cheirogaleidae	STR	order
Saimiri_sciureus	Macaca_mulatta	3.98109463720041	3.9030786339257	78.0653383477	0.0295683383814918	0.642973170038566	0.0602868379813086	0.0735653899019772	0.00277240436840403	52.1647229955264	50.6444867612335	1.52023623429287	BM	Cebidae	PLA	Cercopithecidae	OWM	order
Leontopithecus_rosalia	Nycticebus_pygmaeus	4.325	4.21666666666667	121.4130573077	0.0410587126171491	0.999999999916813	0.0671116851588117	0.0952508036747527	0.00275551939441746	52.1647229955264	50.6444867612335	1.52023623429287	BM	Callitrichidae	PLA	Lorisidae	STR	order
Leontopithecus_rosalia	Macaca_arctoides	4.325	4.24791666666667	78.0653383538	0.0292148532083557	0.642973170088808	0.0595674662405792	0.072688378218191	0.00270657449356999	52.1647229955264	50.6444867612335	1.52023623429287	BM	Callitrichidae	PLA	Cercopithecidae	OWM	order
Aotus_trivirgatus	Macaca_mulatta	3.82941176470588	3.9030786339257	78.0653383568	0.0279200013480167	0.642973170113517	0.0569319242810256	0.0694750496620751	0.00247217065432261	52.1647229955264	50.6444867612335	1.52023623429287	BM	Aotidae	PLA	Cercopithecidae	OWM	order
Leontopithecus_chrysomelas	Nycticebus_pygmaeus	4.3125	4.21666666666667	121.4130573077	0.0363211688536316	0.999999999916813	0.0593832768683122	0.0843039923853697	0.00215687002639535	52.1647229955264	50.6444867612335	1.52023623429287	BM	Callitrichidae	PLA	Lorisidae	STR	order
Pan_paniscus	Gorilla_gorilla	3.78861111111111	3.81270935960591	20.238906202	0.00913332054945825	0.166694642644773	0.0365949710698688	0.0348445687412302	0.00200506504574065	52.1647229955264	50.6444867612335	1.52023623429287	BM	Hominidae	APE	Hominidae	APE	family
Leontopithecus_rosalia	Loris_tardigradus	4.325	4.23333333333333	121.4130573074	0.0347419875991286	0.999999999914342	0.0568058613323062	0.0806513951886291	0.00197354853013385	52.1647229955264	50.6444867612335	1.52023623429287	BM	Callitrichidae	PLA	Lorisidae	STR	order
Leontopithecus_chrysomelas	Macaca_arctoides	4.3125	4.24791666666667	78.0653383538	0.0244773094448383	0.642973170088808	0.0499217129679295	0.0609262309352872	0.00190046688287729	52.1647229955264	50.6444867612335	1.52023623429287	BM	Callitrichidae	PLA	Cercopithecidae	OWM	order
Macaca_nigra	Propithecus_coquereli	4.86124338624339	4.77373949579832	121.413057313	0.0331642808369239	0.999999999960466	0.0542302582583924	0.0770005082309567	0.00179850751481134	52.1647229955264	50.6444867612335	1.52023623429287	BM	Cercopithecidae	OWM	Indriidae	STR	order
Macaca_mulatta	Daubentonia_madagascariensis	3.9030786339257	3.9859375	121.4130573107	0.0314038003377934	0.999999999941522	0.0513556093676548	0.0729247619406834	0.00161276130290186	52.1647229955264	50.6444867612335	1.52023623429287	BM	Cercopithecidae	OWM	Daubentoniidae	STR	order
Eulemur_sanfordi	Varecia_variegata	5.70666666666667	5.664	52.6432531402	0.0161708160461405	0.433588069546801	0.0401712689614692	0.0442650285269834	0.00149820127983442	52.1647229955264	50.6444867612335	1.52023623429287	BM	Lemuridae	STR	Lemuridae	STR	family
Leontopithecus_chrysomelas	Loris_tardigradus	4.3125	4.23333333333333	121.4130573074	0.0300044438356112	0.999999999914342	0.0490701529255417	0.0696836948467514	0.00147232264758538	52.1647229955264	50.6444867612335	1.52023623429287	BM	Callitrichidae	PLA	Lorisidae	STR	order
Eulemur_mongoz	Cheirogaleus_medius	5.2324	5.18	71.983496225	0.0198597834566649	0.592881011443295	0.0421885012797849	0.0502961230568217	0.00141319165837021	52.1647229955264	50.6444867612335	1.52023623429287	BM	Lemuridae	STR	Cheirogaleidae	STR	superfamily
Cebuella_pygmaea	Propithecus_coquereli	4.85	4.77373949579832	121.4130573057	0.0289029980866686	0.99999999990034	0.0472709652922871	0.0671318067875293	0.00136627261953412	52.1647229955264	50.6444867612335	1.52023623429287	BM	Callitrichidae	PLA	Indriidae	STR	order
Pongo_pygmaeus	Nycticebus_pygmaeus	4.29057422969188	4.21666666666667	121.413057316	0.0280112251429478	0.999999999985175	0.0458140966696814	0.0650651930262407	0.00128330897655425	52.1647229955264	50.6444867612335	1.52023623429287	BM	Hominidae	APE	Lorisidae	STR	order
Macaca_arctoides	Pongo_pygmaeus	4.24791666666667	4.29057422969188	62.1515760361	0.0161673657341545	0.511901910792161	0.036965476978415	0.0423737689173691	0.00116747832592121	52.1647229955264	50.6444867612335	1.52023623429287	BM	Cercopithecidae	OWM	Hominidae	APE	order
Saimiri_sciureus	Macaca_nemestrina	3.98109463720041	3.93195852873978	78.0653383475	0.0186227571360935	0.642973170036919	0.0379917434770282	0.0463727230582598	0.00110037408234131	52.1647229955264	50.6444867612335	1.52023623429287	BM	Cebidae	PLA	Cercopithecidae	OWM	order
Eulemur_coronatus	Lemur_catta	5.39940476190476	5.43170212765957	47.7997285391	0.0122408146967789	0.39369512303758	0.0319168712776423	0.0344501455074618	0.000992363085415389	52.1647229955264	50.6444867612335	1.52023623429287	BM	Lemuridae	STR	Lemuridae	STR	family
Saimiri_sciureus	Macaca_fascicularis	3.98109463720041	3.93673469387755	78.0653383476	0.0168125738271357	0.642973170037742	0.0343012397261113	0.041869529263347	0.000896914758081855	52.1647229955264	50.6444867612335	1.52023623429287	BM	Cebidae	PLA	Cercopithecidae	OWM	order
Nycticebus_pygmaeus	Loris_tardigradus	4.21666666666667	4.23333333333333	22.2897034077	0.00631672501802042	0.183585718868412	0.0241219397819149	0.0231935940118545	0.000829975563691959	52.1647229955264	50.6444867612335	1.52023623429287	BM	Lorisidae	STR	Lorisidae	STR	family
Pongo_pygmaeus	Loris_tardigradus	4.29057422969188	4.23333333333333	121.4130573157	0.0216945001249274	0.999999999982704	0.0354905098918497	0.050414930126539	0.000769948871295789	52.1647229955264	50.6444867612335	1.52023623429287	BM	Hominidae	APE	Lorisidae	STR	order
Aotus_trivirgatus	Pan_paniscus	3.82941176470588	3.78861111111111	78.0653383541	0.0154635905588267	0.642973170091279	0.0315505234016345	0.038512785937156	0.000758794298882323	52.1647229955264	50.6444867612335	1.52023623429287	BM	Aotidae	PLA	Hominidae	APE	order
Macaca_nemestrina	Daubentonia_madagascariensis	3.93195852873978	3.9859375	121.4130573105	0.020458219092395	0.999999999939875	0.0334692730736113	0.0475454947614214	0.000684721721444307	52.1647229955264	50.6444867612335	1.52023623429287	BM	Cercopithecidae	OWM	Daubentoniidae	STR	order
Macaca_fascicularis	Daubentonia_madagascariensis	3.93673469387755	3.9859375	121.4130573106	0.0186480357834373	0.999999999940698	0.0305093600495631	0.0433429177608817	0.000568939637967764	52.1647229955264	50.6444867612335	1.52023623429287	BM	Cercopithecidae	OWM	Daubentoniidae	STR	order
Eulemur_mongoz	Microcebus_murinus	5.2324	5.2	71.983496225	0.012279713435037	0.592881011443295	0.0260935340881621	0.031111866157798	0.000540447602344311	52.1647229955264	50.6444867612335	1.52023623429287	BM	Lemuridae	STR	Cheirogaleidae	STR	superfamily
Leontopithecus_rosalia	Pongo_pygmaeus	4.325	4.29057422969188	78.0653383557	0.0130474874742012	0.642973170104457	0.0266229226460846	0.0324990067954707	0.000540243770505983	52.1647229955264	50.6444867612335	1.52023623429287	BM	Callitrichidae	PLA	Hominidae	APE	order
Cheirogaleus_medius	Microcebus_murinus	5.18	5.2	49.55786972	0.00758007002162794	0.408175782859019	0.0194138924302608	0.0211144305188903	0.00036052767016939	52.1647229955264	50.6444867612335	1.52023623429287	BM	Cheirogaleidae	STR	Cheirogaleidae	STR	family
Propithecus_tattersalli	Mirza_zaza	4.46666666666667	4.44166666666667	69.529333389	0.00947508752703484	0.57266767615452	0.0204875507060427	0.0241934482499326	0.000338977288639459	52.1647229955264	50.6444867612335	1.52023623429287	BM	Indriidae	STR	Cheirogaleidae	STR	superfamily
Macaca_arctoides	Nycticebus_pygmaeus	4.24791666666667	4.21666666666667	121.4130573141	0.0118438594087934	0.999999999969526	0.0193801177385762	0.0275363147428856	0.000229535389828554	52.1647229955264	50.6444867612335	1.52023623429287	BM	Cercopithecidae	OWM	Lorisidae	STR	order
Leontopithecus_chrysomelas	Pongo_pygmaeus	4.3125	4.29057422969188	78.0653383557	0.0083099437106838	0.642973170104457	0.0169580079291034	0.0207020181365715	0.000219169473764022	52.1647229955264	50.6444867612335	1.52023623429287	BM	Callitrichidae	PLA	Hominidae	APE	order
Macaca_fascicularis	Macaca_nemestrina	3.93673469387755	3.93195852873978	10.9824679331	0.00181018330895779	0.0904554104452973	0.00984918125842563	0.00896424640815787	0.000197100686770792	52.1647229955264	50.6444867612335	1.52023623429287	BM	Cercopithecidae	OWM	Cercopithecidae	OWM	family
Eulemur_collaris	Varecia_rubra	5.56089002267574	5.57549019607843	52.6432531394	0.00553351683601493	0.433588069540212	0.0137514010998613	0.0151539865338792	0.000175497470642051	52.1647229955264	50.6444867612335	1.52023623429287	BM	Lemuridae	STR	Lemuridae	STR	family
Aotus_trivirgatus	Gorilla_gorilla	3.82941176470588	3.81270935960591	78.0653383541	0.00633027000936843	0.642973170091279	0.0129185184867805	0.0157709295584304	0.000127186815790042	52.1647229955264	50.6444867612335	1.52023623429287	BM	Aotidae	PLA	Hominidae	APE	order
Propithecus_tattersalli	Galago_moholi	4.46666666666667	4.45	99.360634018	0.00631672501802446	0.818368602298865	0.0114263763599932	0.0150807122498291	8.8196537862988e-05	52.1647229955264	50.6444867612335	1.52023623429287	BM	Indriidae	STR	Galagidae	STR	superfamily
Cebuella_pygmaea	Macaca_nigra	4.85	4.86124338624339	78.0653383527	0.00426128275025531	0.642973170079748	0.00869643400495218	0.010616732510414	5.76353196968392e-05	52.1647229955264	50.6444867612335	1.52023623429287	BM	Callitrichidae	PLA	Cercopithecidae	OWM	order
Macaca_arctoides	Loris_tardigradus	4.24791666666667	4.23333333333333	121.4130573138	0.00552713439077296	0.999999999967055	0.00904475069932317	0.0128522763359172	4.99915526478439e-05	52.1647229955264	50.6444867612335	1.52023623429287	BM	Cercopithecidae	OWM	Lorisidae	STR	order
Mirza_zaza	Galago_moholi	4.44166666666667	4.45	99.360634017	0.00315836250901038	0.818368602290629	0.00571333465158082	0.00754069287983644	2.20496997495689e-05	52.1647229955264	50.6444867612335	1.52023623429287	BM	Cheirogaleidae	STR	Galagidae	STR	superfamily
Saimiri_sciureus	Daubentonia_madagascariensis	3.98109463720041	3.9859375	121.413057297	0.00183546195630159	0.999999999828684	0.003003656324701	0.00426817412175803	5.51309691473784e-06	52.1647229955264	50.6444867612335	1.52023623429287	BM	Cebidae	PLA	Daubentoniidae	STR	order
