Species1	Species2	TraitValue1	TraitValue2	PatristicDistance	NormalizedTraitDifference	NormalizedPatristicDistance	Sbm	Sou	FinalScore	AIC_BM	AIC_OU	delta_AIC	SelectedModel	family_1	superfamily_1	family_2	superfamily_2	taxonomic_level
Leontopithecus_rosalia	Leontopithecus_chrysomelas	470.128571428571	258.055555555556	1.4560128688	0.216290684215212	0.0119922263796461	0.995100934091125	0.717154850218615	12.9345384527856	516.665131386305	496.86822281128	19.7969085750253	OU	Callitrichidae	PLA	Callitrichidae	PLA	family
Pan_paniscus	Pan_troglodytes	544.863636363636	256.544302105726	4.786270704	0.29405337507181	0.0394213835788014	0.965121432594744	0.745823079873	5.5632698280291	516.665131386305	496.86822281128	19.7969085750253	OU	Hominidae	APE	Hominidae	APE	family
Cebuella_pygmaea	Callithrix_jacchus	445.433333333333	58.4421686746988	8.0860732424	0.394687572318852	0.0665997004031833	0.970643730127264	0.863672780355412	5.1183550510395	516.665131386305	496.86822281128	19.7969085750253	OU	Callitrichidae	PLA	Callitrichidae	PLA	family
Mirza_zaza	Microcebus_murinus	153.316666666667	988	22.39780098	0.851283358830528	0.184476047921053	0.99524882174756	0.998618696465942	4.60822685491559	516.665131386305	496.86822281128	19.7969085750253	OU	Cheirogaleidae	STR	Cheirogaleidae	STR	family
Macaca_arctoides	Macaca_nigra	448.685185185185	73.6666666666667	10.9824679321	0.38247681643908	0.0904554104370609	0.929951626580688	0.849640014839144	3.59257236714482	516.665131386305	496.86822281128	19.7969085750253	OU	Cercopithecidae	OWM	Cercopithecidae	OWM	family
Cheirogaleus_medius	Microcebus_murinus	50.3333333333333	988	49.55786972	0.956314805371409	0.408175782859019	0.967018971858178	0.999673309176144	2.34213401736764	516.665131386305	496.86822281128	19.7969085750253	OU	Cheirogaleidae	STR	Cheirogaleidae	STR	family
Eulemur_albifrons	Eulemur_sanfordi	332.166666666667	147.325	5.21120138	0.188517763046065	0.0429212598308897	0.805111873373966	0.532067708979759	2.33693546464174	516.665131386305	496.86822281128	19.7969085750253	OU	Lemuridae	STR	Lemuridae	STR	family
Macaca_arctoides	Macaca_fascicularis	448.685185185185	183.651470588235	10.2479298855	0.270304655376797	0.0844055006264766	0.814956540275882	0.690798127498928	2.21224859046641	516.665131386305	496.86822281128	19.7969085750253	OU	Cercopithecidae	OWM	Cercopithecidae	OWM	family
Eulemur_macaco	Eulemur_flavifrons	144.458333333333	266.675	3.030803714	0.124647288798233	0.024962749320008	0.738925759800732	0.392886622879144	1.96181324898084	516.665131386305	496.86822281128	19.7969085750253	OU	Lemuridae	STR	Lemuridae	STR	family
Callithrix_jacchus	Leontopithecus_rosalia	58.4421686746988	470.128571428571	23.8355055674	0.419873944675035	0.196317480952731	0.82296367649651	0.885340797017502	1.89352232425488	516.665131386305	496.86822281128	19.7969085750253	OU	Callitrichidae	PLA	Callitrichidae	PLA	family
Pan_paniscus	Gorilla_gorilla	544.863636363636	206.871929824561	20.238906202	0.344713622171418	0.166694642644773	0.770922836108506	0.804747715516776	1.6641656597274	516.665131386305	496.86822281128	19.7969085750253	OU	Hominidae	APE	Hominidae	APE	family
Propithecus_coquereli	Microcebus_murinus	53.2916666666667	988	69.529333389	0.953297637259901	0.57266767615452	0.927271641388816	0.99965879689981	1.66409317101657	516.665131386305	496.86822281128	19.7969085750253	OU	Indriidae	STR	Cheirogaleidae	STR	superfamily
Macaca_nemestrina	Macaca_nigra	259.756542857143	73.6666666666667	7.6582823365	0.189790796726646	0.0630762663067973	0.718298577015838	0.526757396928002	1.58496550126091	516.665131386305	496.86822281128	19.7969085750253	OU	Cercopithecidae	OWM	Cercopithecidae	OWM	family
Macaca_arctoides	Macaca_mulatta	448.685185185185	231.991538825782	10.2479298856	0.221003208933608	0.0844055006273002	0.721477883922657	0.594265815984258	1.55599636654002	516.665131386305	496.86822281128	19.7969085750253	OU	Cercopithecidae	OWM	Cercopithecidae	OWM	family
Lemur_catta	Microcebus_murinus	84.9427083333333	988	71.983496226	0.921017125616182	0.592881011451531	0.911610317814709	0.99946090059963	1.5526228502113	516.665131386305	496.86822281128	19.7969085750253	OU	Lemuridae	STR	Cheirogaleidae	STR	superfamily
Eulemur_coronatus	Microcebus_murinus	90.1904761904762	988	71.9834962251	0.915664991136689	0.592881011444119	0.909744621802129	0.999419203557163	1.54353598530329	516.665131386305	496.86822281128	19.7969085750253	OU	Lemuridae	STR	Cheirogaleidae	STR	superfamily
Varecia_rubra	Microcebus_murinus	90.8722222222222	988	71.983496227	0.9149696866678	0.592881011459768	0.909499937263694	0.999413571441857	1.54235521907207	516.665131386305	496.86822281128	19.7969085750253	OU	Lemuridae	STR	Cheirogaleidae	STR	superfamily
Hapalemur_griseus	Microcebus_murinus	92.4398148148148	988	71.9834962278	0.913370918087899	0.592881011466357	0.90893529023822	0.999400427645531	1.53963994204904	516.665131386305	496.86822281128	19.7969085750253	OU	Lemuridae	STR	Cheirogaleidae	STR	superfamily
Eulemur_albifrons	Eulemur_fulvus	332.166666666667	126.166666666667	9.5384061272	0.210096889342172	0.0785616171597847	0.714387518872945	0.57100174953258	1.5270267558487	516.665131386305	496.86822281128	19.7969085750253	OU	Lemuridae	STR	Lemuridae	STR	family
Varecia_variegata	Microcebus_murinus	117.2	988	71.983496227	0.888118306986232	0.592881011459768	0.899635396444576	0.999152895519549	1.49670163293707	516.665131386305	496.86822281128	19.7969085750253	OU	Lemuridae	STR	Cheirogaleidae	STR	superfamily
Eulemur_fulvus	Microcebus_murinus	126.166666666667	988	71.9834962244	0.878973312935577	0.592881011438353	0.896086427519072	0.999041953545702	1.48112555256124	516.665131386305	496.86822281128	19.7969085750253	OU	Lemuridae	STR	Cheirogaleidae	STR	superfamily
Eulemur_macaco	Microcebus_murinus	144.458333333333	988	71.9834962251	0.860317865034847	0.592881011444119	0.888537889724718	0.998772756620473	1.4492993181511	516.665131386305	496.86822281128	19.7969085750253	OU	Lemuridae	STR	Cheirogaleidae	STR	superfamily
Eulemur_sanfordi	Microcebus_murinus	147.325	988	71.9834962252	0.85739418663947	0.592881011444942	0.887316611098025	0.998724725104151	1.44430460215021	516.665131386305	496.86822281128	19.7969085750253	OU	Lemuridae	STR	Cheirogaleidae	STR	superfamily
Eulemur_mongoz	Microcebus_murinus	181.294333333333	988	71.983496225	0.822749277579467	0.592881011443295	0.872028690638552	0.998007280003278	1.38494867063267	516.665131386305	496.86822281128	19.7969085750253	OU	Lemuridae	STR	Cheirogaleidae	STR	superfamily
Propithecus_tattersalli	Microcebus_murinus	210.666666666667	988	69.529333389	0.792792792792792	0.57266767615452	0.864403027215441	0.997105823395785	1.38037878398886	516.665131386305	496.86822281128	19.7969085750253	OU	Indriidae	STR	Cheirogaleidae	STR	superfamily
Eulemur_albifrons	Eulemur_coronatus	332.166666666667	90.1904761904762	14.8274950179	0.246788567543285	0.122124385510603	0.685584196949677	0.646249521696521	1.30593896598292	516.665131386305	496.86822281128	19.7969085750253	OU	Lemuridae	STR	Lemuridae	STR	family
Eulemur_collaris	Microcebus_murinus	239.829308390023	988	71.9834962244	0.763050169923485	0.592881011438353	0.841962489331109	0.995856271502569	1.28168769538745	516.665131386305	496.86822281128	19.7969085750253	OU	Lemuridae	STR	Cheirogaleidae	STR	superfamily
Eulemur_rubriventer	Microcebus_murinus	250.595	988	71.983496226	0.752070372259051	0.592881011451531	0.83589257345654	0.995283043427286	1.26251789906527	516.665131386305	496.86822281128	19.7969085750253	OU	Lemuridae	STR	Cheirogaleidae	STR	superfamily
Eulemur_flavifrons	Microcebus_murinus	266.675	988	71.9834962251	0.735670576236614	0.592881011444119	0.826501582297894	0.994292598088573	1.23375819846537	516.665131386305	496.86822281128	19.7969085750253	OU	Lemuridae	STR	Cheirogaleidae	STR	superfamily
Microcebus_murinus	Nycticebus_pygmaeus	988	7.5	99.360634016	1	0.818368602282393	0.884675651427791	0.999828242881546	1.22173338529004	516.665131386305	496.86822281128	19.7969085750253	OU	Cheirogaleidae	STR	Lorisidae	STR	superfamily
Daubentonia_madagascariensis	Microcebus_murinus	82.0777777777778	988	92.496943882	0.923939033372996	0.761836872618142	0.868432061829705	0.999482470263197	1.21215039680956	516.665131386305	496.86822281128	19.7969085750253	OU	Daubentoniidae	STR	Cheirogaleidae	STR	superfamily
Microcebus_murinus	Galago_moholi	988	20.3333333333333	99.360634017	0.986911439741629	0.818368602290629	0.879838302659014	0.999791197547582	1.20569797943235	516.665131386305	496.86822281128	19.7969085750253	OU	Cheirogaleidae	STR	Galagidae	STR	superfamily
Microcebus_murinus	Loris_tardigradus	988	43	99.3606340157	0.963793982661907	0.818368602279922	0.870907952711052	0.999706830932217	1.17735629812067	516.665131386305	496.86822281128	19.7969085750253	OU	Cheirogaleidae	STR	Lorisidae	STR	superfamily
Macaca_arctoides	Macaca_nemestrina	448.685185185185	259.756542857143	10.9824679326	0.192686019712434	0.0904554104411791	0.63857622979568	0.531286665328258	1.1317345459945	516.665131386305	496.86822281128	19.7969085750253	OU	Cercopithecidae	OWM	Cercopithecidae	OWM	family
Eulemur_albifrons	Microcebus_murinus	332.166666666667	988	71.9834962252	0.668876423593404	0.592881011444942	0.784088801932951	0.988034793945288	1.11468096734844	516.665131386305	496.86822281128	19.7969085750253	OU	Lemuridae	STR	Cheirogaleidae	STR	superfamily
Propithecus_tattersalli	Propithecus_coquereli	210.666666666667	53.2916666666667	8.601073458	0.160504844467109	0.0708414205853214	0.609687071526244	0.454862881636403	1.03057922141724	516.665131386305	496.86822281128	19.7969085750253	OU	Indriidae	STR	Indriidae	STR	family
Leontopithecus_rosalia	Saimiri_sciureus	470.128571428571	92.1231481481481	41.3912937967	0.385523124202369	0.340913034488192	0.653087437066038	0.852529919116838	0.964087508086466	516.665131386305	496.86822281128	19.7969085750253	OU	Callitrichidae	PLA	Cebidae	PLA	superfamily
Callithrix_jacchus	Microcebus_murinus	58.4421686746988	988	121.4130573043	0.948044703034473	0.999999999888809	0.823152477886683	0.999632082380999	0.947695900790001	516.665131386305	496.86822281128	19.7969085750253	OU	Callitrichidae	PLA	Cheirogaleidae	STR	order
Macaca_nigra	Microcebus_murinus	73.6666666666667	988	121.413057312	0.932517423083461	0.999999999952229	0.815956038760874	0.999541238892808	0.932089620402498	516.665131386305	496.86822281128	19.7969085750253	OU	Cercopithecidae	OWM	Cheirogaleidae	STR	order
Saimiri_sciureus	Microcebus_murinus	92.1231481481481	988	121.413057299	0.913693882561807	0.999999999845157	0.806943875173938	0.999403104700537	0.913148503119553	516.665131386305	496.86822281128	19.7969085750253	OU	Cebidae	PLA	Cheirogaleidae	STR	order
Macaca_nigra	Pan_paniscus	73.6666666666667	544.863636363636	62.151576032	0.480568046605782	0.511901910758392	0.661347669029532	0.929025084144391	0.872158826822123	516.665131386305	496.86822281128	19.7969085750253	OU	Cercopithecidae	OWM	Hominidae	APE	order
Cebuella_pygmaea	Saimiri_sciureus	445.433333333333	92.1231481481481	41.3912937957	0.360336751846186	0.340913034479956	0.62067753192228	0.824229474826394	0.871190425992036	516.665131386305	496.86822281128	19.7969085750253	OU	Callitrichidae	PLA	Cebidae	PLA	superfamily
Eulemur_albifrons	Eulemur_macaco	332.166666666667	144.458333333333	14.8274950179	0.191441441441442	0.122124385510603	0.564835469822291	0.528084153416819	0.827821496172211	516.665131386305	496.86822281128	19.7969085750253	OU	Lemuridae	STR	Lemuridae	STR	family
Eulemur_coronatus	Eulemur_flavifrons	90.1904761904762	266.675	13.292473054	0.179994414900075	0.109481412853371	0.561619280685913	0.501236794640796	0.824065210946733	516.665131386305	496.86822281128	19.7969085750253	OU	Lemuridae	STR	Lemuridae	STR	family
Macaca_fascicularis	Microcebus_murinus	183.651470588235	988	121.4130573126	0.820345262021178	0.999999999957171	0.757440293737311	0.997945802569466	0.818660110926846	516.665131386305	496.86822281128	19.7969085750253	OU	Cercopithecidae	OWM	Cheirogaleidae	STR	order
Macaca_mulatta	Macaca_nigra	231.991538825782	73.6666666666667	10.9824679327	0.161473607505472	0.0904554104420027	0.555620180710416	0.456284037399779	0.814520980072762	516.665131386305	496.86822281128	19.7969085750253	OU	Cercopithecidae	OWM	Cercopithecidae	OWM	family
Gorilla_gorilla	Microcebus_murinus	206.871929824561	988	121.41305731	0.796662998649096	0.999999999935757	0.743572903740809	0.997240227750014	0.794464390263873	516.665131386305	496.86822281128	19.7969085750253	OU	Hominidae	APE	Cheirogaleidae	STR	order
Macaca_mulatta	Microcebus_murinus	231.991538825782	988	121.4130573127	0.771043815577989	0.999999999957994	0.72796181865914	0.996233010155759	0.768139301387508	516.665131386305	496.86822281128	19.7969085750253	OU	Cercopithecidae	OWM	Cheirogaleidae	STR	order
Saguinus_oedipus	Microcebus_murinus	234.143243243243	988	121.4130573042	0.768849318466861	0.999999999887986	0.726594974958479	0.996132812355857	0.765876033968067	516.665131386305	496.86822281128	19.7969085750253	OU	Callitrichidae	PLA	Cheirogaleidae	STR	order
Pan_troglodytes	Microcebus_murinus	256.544302105726	988	121.41305731	0.746002751549489	0.999999999935757	0.71208606288537	0.994936334616969	0.742225243288505	516.665131386305	496.86822281128	19.7969085750253	OU	Hominidae	APE	Cheirogaleidae	STR	order
Leontopithecus_chrysomelas	Microcebus_murinus	258.055555555556	988	121.4130573057	0.74446144257465	0.99999999990034	0.711088880049905	0.99484466984822	0.740623498126718	516.665131386305	496.86822281128	19.7969085750253	OU	Callitrichidae	PLA	Cheirogaleidae	STR	order
Macaca_nemestrina	Microcebus_murinus	259.756542857143	988	121.4130573125	0.742726626356815	0.999999999956347	0.709963722740865	0.994739705096005	0.73881966530138	516.665131386305	496.86822281128	19.7969085750253	OU	Cercopithecidae	OWM	Cheirogaleidae	STR	order
Callithrix_jacchus	Pan_paniscus	58.4421686746988	544.863636363636	78.0653383503	0.496095326556795	0.642973170059981	0.621865254641784	0.937675283822363	0.723477040400761	516.665131386305	496.86822281128	19.7969085750253	OU	Callitrichidae	PLA	Hominidae	APE	order
Leontopithecus_rosalia	Saguinus_oedipus	470.128571428571	234.143243243243	26.3249190833	0.240678560107423	0.216821153052709	0.538457743381511	0.634164420338386	0.703943214992945	516.665131386305	496.86822281128	19.7969085750253	OU	Callitrichidae	PLA	Callitrichidae	PLA	family
Saimiri_sciureus	Pan_paniscus	92.1231481481481	544.863636363636	78.065338345	0.461744506084128	0.642973170016328	0.587961923082306	0.917243649966923	0.658709003521911	516.665131386305	496.86822281128	19.7969085750253	OU	Cebidae	PLA	Hominidae	APE	order
Pongo_pygmaeus	Microcebus_murinus	344.588095238095	988	121.413057314	0.656207959981545	0.999999999968702	0.650104982064939	0.98632044101672	0.647231324507937	516.665131386305	496.86822281128	19.7969085750253	OU	Hominidae	APE	Cheirogaleidae	STR	order
Eulemur_fulvus	Eulemur_collaris	126.166666666667	239.829308390023	7.651134656	0.115923143012092	0.0630173955340987	0.489352797822031	0.338671929759987	0.62300122394783	516.665131386305	496.86822281128	19.7969085750253	OU	Lemuridae	STR	Lemuridae	STR	family
Macaca_fascicularis	Pan_paniscus	183.651470588235	544.863636363636	62.1515760326	0.368395885543499	0.511901910763334	0.536741537483762	0.83369468004949	0.599977619680601	516.665131386305	496.86822281128	19.7969085750253	OU	Cercopithecidae	OWM	Hominidae	APE	order
Cebuella_pygmaea	Saguinus_oedipus	445.433333333333	234.143243243243	26.3249190823	0.215492187751239	0.216821153044472	0.4902691388873	0.581869388905708	0.578302927736249	516.665131386305	496.86822281128	19.7969085750253	OU	Callitrichidae	PLA	Callitrichidae	PLA	family
Callithrix_jacchus	Leontopithecus_chrysomelas	58.4421686746988	258.055555555556	23.8355055674	0.203583260459824	0.196317480952731	0.487236342419709	0.555682935879885	0.576248958163604	516.665131386305	496.86822281128	19.7969085750253	OU	Callitrichidae	PLA	Callitrichidae	PLA	family
Leontopithecus_rosalia	Macaca_nigra	470.128571428571	73.6666666666667	78.0653383537	0.404346664724023	0.642973170087984	0.527453673048416	0.87130076801322	0.547935086419571	516.665131386305	496.86822281128	19.7969085750253	OU	Callitrichidae	PLA	Cercopithecidae	OWM	order
Eulemur_collaris	Eulemur_coronatus	239.829308390023	90.1904761904762	14.8274950171	0.152614821213204	0.122124385504014	0.466132592749395	0.43367310262805	0.541946989124296	516.665131386305	496.86822281128	19.7969085750253	OU	Lemuridae	STR	Lemuridae	STR	family
Callithrix_jacchus	Macaca_arctoides	58.4421686746988	448.685185185185	78.0653383524	0.398004096390093	0.642973170077277	0.520479688332747	0.865195254998688	0.535560847158463	516.665131386305	496.86822281128	19.7969085750253	OU	Callitrichidae	PLA	Cercopithecidae	OWM	order
Cebuella_pygmaea	Microcebus_murinus	445.433333333333	988	121.4130573047	0.553357130715622	0.999999999892104	0.56946592390118	0.962394438750587	0.532547825301156	516.665131386305	496.86822281128	19.7969085750253	OU	Callitrichidae	PLA	Cheirogaleidae	STR	order
Macaca_arctoides	Microcebus_murinus	448.685185185185	988	121.4130573121	0.55004060664438	0.999999999953053	0.566697879611905	0.961234467513771	0.528717989663584	516.665131386305	496.86822281128	19.7969085750253	OU	Cercopithecidae	OWM	Cheirogaleidae	STR	order
Pan_paniscus	Nycticebus_pygmaeus	544.863636363636	7.5	121.413057312	0.548050623522321	0.999999999952229	0.565032066267733	0.960523973305392	0.526415762503305	516.665131386305	496.86822281128	19.7969085750253	OU	Hominidae	APE	Lorisidae	STR	order
Eulemur_mongoz	Eulemur_albifrons	181.294333333333	332.166666666667	15.6477288182	0.153872853986062	0.128880115235398	0.458522712209965	0.436855711714018	0.521571811281917	516.665131386305	496.86822281128	19.7969085750253	OU	Lemuridae	STR	Lemuridae	STR	family
Cebuella_pygmaea	Leontopithecus_chrysomelas	445.433333333333	258.055555555556	23.8355055678	0.191104311859028	0.196317480956025	0.461061790068149	0.527265153634424	0.513263739234317	516.665131386305	496.86822281128	19.7969085750253	OU	Callitrichidae	PLA	Callitrichidae	PLA	family
Pan_paniscus	Galago_moholi	544.863636363636	20.3333333333333	121.413057313	0.53496206326395	0.999999999960466	0.553983920141258	0.955570135211193	0.511193771146201	516.665131386305	496.86822281128	19.7969085750253	OU	Hominidae	APE	Galagidae	STR	order
Leontopithecus_rosalia	Microcebus_murinus	470.128571428571	988	121.4130573057	0.528170758359438	0.99999999990034	0.548188929097501	0.952799375901323	0.503240768984354	516.665131386305	496.86822281128	19.7969085750253	OU	Callitrichidae	PLA	Cheirogaleidae	STR	order
Cebuella_pygmaea	Macaca_nigra	445.433333333333	73.6666666666667	78.0653383527	0.379160292367839	0.642973170079748	0.499432646002536	0.845732533347695	0.498727177946372	516.665131386305	496.86822281128	19.7969085750253	OU	Callitrichidae	PLA	Cercopithecidae	OWM	order
Pan_paniscus	Loris_tardigradus	544.863636363636	43	121.4130573117	0.511844606184228	0.999999999949758	0.534085139203005	0.945539200859711	0.483969139920104	516.665131386305	496.86822281128	19.7969085750253	OU	Hominidae	APE	Lorisidae	STR	order
Eulemur_fulvus	Eulemur_flavifrons	126.166666666667	266.675	14.8274950171	0.143302736698963	0.122124385504014	0.440883170110438	0.409752973276407	0.48081079138053	516.665131386305	496.86822281128	19.7969085750253	OU	Lemuridae	STR	Lemuridae	STR	family
Macaca_mulatta	Pan_paniscus	231.991538825782	544.863636363636	62.1515760327	0.31909443910031	0.511901910764157	0.474787196400637	0.76944610528811	0.479634805461677	516.665131386305	496.86822281128	19.7969085750253	OU	Cercopithecidae	OWM	Hominidae	APE	order
Pan_paniscus	Cheirogaleus_medius	544.863636363636	50.3333333333333	121.41305731	0.50436542889373	0.999999999935757	0.527543272089257	0.941914460838351	0.475069091052462	516.665131386305	496.86822281128	19.7969085750253	OU	Hominidae	APE	Cheirogaleidae	STR	order
Pan_paniscus	Propithecus_coquereli	544.863636363636	53.2916666666667	121.413057311	0.501348260782223	0.999999999943993	0.524889972941069	0.940396517603134	0.471466158572395	516.665131386305	496.86822281128	19.7969085750253	OU	Hominidae	APE	Indriidae	STR	order
Saimiri_sciureus	Macaca_arctoides	92.1231481481481	448.685185185185	78.0653383471	0.363653275917427	0.642973170033624	0.481751944284336	0.82817216687961	0.468398271569643	516.665131386305	496.86822281128	19.7969085750253	OU	Cebidae	PLA	Cercopithecidae	OWM	order
Pan_paniscus	Daubentonia_madagascariensis	544.863636363636	82.0777777777778	121.413057308	0.471989656895317	0.999999999919284	0.498649935780541	0.923838600955078	0.436042264326633	516.665131386305	496.86822281128	19.7969085750253	OU	Hominidae	APE	Daubentoniidae	STR	order
Leontopithecus_rosalia	Nycticebus_pygmaeus	470.128571428571	7.5	121.4130573077	0.471829241640562	0.999999999916813	0.498504481786866	0.923738745445573	0.435846951773846	516.665131386305	496.86822281128	19.7969085750253	OU	Callitrichidae	PLA	Lorisidae	STR	order
Pan_paniscus	Lemur_catta	544.863636363636	84.9427083333333	121.413057312	0.469067749138504	0.999999999952229	0.495997042794937	0.922002964946929	0.432481855487342	516.665131386305	496.86822281128	19.7969085750253	OU	Hominidae	APE	Lemuridae	STR	order
Pan_paniscus	Eulemur_coronatus	544.863636363636	90.1904761904762	121.4130573111	0.46371561465901	0.999999999944817	0.49111852549251	0.918547235083495	0.425944695733582	516.665131386305	496.86822281128	19.7969085750253	OU	Hominidae	APE	Lemuridae	STR	order
Pan_paniscus	Varecia_rubra	544.863636363636	90.8722222222222	121.413057313	0.463020310190121	0.999999999960466	0.49048293810474	0.918089313496947	0.425093998734398	516.665131386305	496.86822281128	19.7969085750253	OU	Hominidae	APE	Lemuridae	STR	order
Pan_paniscus	Hapalemur_griseus	544.863636363636	92.4398148148148	121.4130573138	0.461421541610221	0.999999999967055	0.489019906695712	0.917028455160571	0.42313668349457	516.665131386305	496.86822281128	19.7969085750253	OU	Hominidae	APE	Lemuridae	STR	order
Eulemur_albifrons	Lemur_catta	332.166666666667	84.9427083333333	47.7997285392	0.252140702022778	0.393695123038403	0.432982234267581	0.656548732976204	0.420484402161714	516.665131386305	496.86822281128	19.7969085750253	OU	Lemuridae	STR	Lemuridae	STR	family
Leontopithecus_rosalia	Galago_moholi	470.128571428571	20.3333333333333	121.4130573087	0.45874068138219	0.999999999925049	0.486561737446182	0.915224614005085	0.419850763077913	516.665131386305	496.86822281128	19.7969085750253	OU	Callitrichidae	PLA	Galagidae	STR	order
Callithrix_jacchus	Saguinus_oedipus	58.4421686746988	234.143243243243	26.3249190819	0.179195384567613	0.216821153041178	0.416454858911424	0.499237656587438	0.412603118321346	516.665131386305	496.86822281128	19.7969085750253	OU	Callitrichidae	PLA	Callitrichidae	PLA	family
Macaca_nemestrina	Pan_paniscus	259.756542857143	544.863636363636	62.1515760325	0.290777249879136	0.51190191076251	0.437377018068502	0.725402914509358	0.412052895487627	516.665131386305	496.86822281128	19.7969085750253	OU	Cercopithecidae	OWM	Hominidae	APE	order
Pan_paniscus	Microcebus_murinus	544.863636363636	988	121.41305731	0.451949376477679	0.999999999935757	0.480307123626907	0.910512811048493	0.411505697254741	516.665131386305	496.86822281128	19.7969085750253	OU	Hominidae	APE	Cheirogaleidae	STR	order
Macaca_arctoides	Nycticebus_pygmaeus	448.685185185185	7.5	121.4130573141	0.44995939335562	0.999999999969526	0.478466982862725	0.909092900600766	0.409054890070687	516.665131386305	496.86822281128	19.7969085750253	OU	Cercopithecidae	OWM	Lorisidae	STR	order
Macaca_fascicularis	Macaca_nigra	183.651470588235	73.6666666666667	10.9824679326	0.112172161062283	0.0904554104411791	0.40479072786271	0.32683688498222	0.405304663640444	516.665131386305	496.86822281128	19.7969085750253	OU	Cercopithecidae	OWM	Cercopithecidae	OWM	family
Cebuella_pygmaea	Nycticebus_pygmaeus	445.433333333333	7.5	121.4130573067	0.446642869284378	0.999999999908576	0.475392755099841	0.906686254672758	0.40496495036477	516.665131386305	496.86822281128	19.7969085750253	OU	Callitrichidae	PLA	Lorisidae	STR	order
Eulemur_rubriventer	Eulemur_coronatus	250.595	90.1904761904762	22.8374257191	0.163594618877638	0.188096949567152	0.408969695545733	0.461230244993153	0.401148377568751	516.665131386305	496.86822281128	19.7969085750253	OU	Lemuridae	STR	Lemuridae	STR	family
Eulemur_albifrons	Hapalemur_griseus	332.166666666667	92.4398148148148	47.799728541	0.244494494494495	0.393695123053229	0.421166542123854	0.641715552547662	0.398521369562872	516.665131386305	496.86822281128	19.7969085750253	OU	Lemuridae	STR	Lemuridae	STR	family
Macaca_arctoides	Galago_moholi	448.685185185185	20.3333333333333	121.4130573151	0.436870833097248	0.999999999977762	0.466280983611948	0.899296877487646	0.392876576078518	516.665131386305	496.86822281128	19.7969085750253	OU	Cercopithecidae	OWM	Galagidae	STR	order
Pan_paniscus	Varecia_variegata	544.863636363636	117.2	121.413057313	0.436168930508553	0.999999999960466	0.465623441588719	0.898748654857855	0.392006239600849	516.665131386305	496.86822281128	19.7969085750253	OU	Hominidae	APE	Lemuridae	STR	order
Leontopithecus_rosalia	Loris_tardigradus	470.128571428571	43	121.4130573074	0.435623224302469	0.999999999914342	0.465111941898675	0.898320789389896	0.391329398765486	516.665131386305	496.86822281128	19.7969085750253	OU	Callitrichidae	PLA	Lorisidae	STR	order
Cebuella_pygmaea	Galago_moholi	445.433333333333	20.3333333333333	121.4130573077	0.433554309026007	0.999999999916813	0.463170472394917	0.896685550141873	0.388761884137705	516.665131386305	496.86822281128	19.7969085750253	OU	Callitrichidae	PLA	Galagidae	STR	order
Leontopithecus_rosalia	Cheirogaleus_medius	470.128571428571	50.3333333333333	121.4130573057	0.428144047011971	0.99999999990034	0.458076791540081	0.892310445725493	0.382037405462042	516.665131386305	496.86822281128	19.7969085750253	OU	Callitrichidae	PLA	Cheirogaleidae	STR	order
Pan_paniscus	Eulemur_fulvus	544.863636363636	126.166666666667	121.4130573104	0.427023936457898	0.999999999939051	0.457019219141572	0.891386573485379	0.380643403538644	516.665131386305	496.86822281128	19.7969085750253	OU	Hominidae	APE	Lemuridae	STR	order
Leontopithecus_rosalia	Propithecus_coquereli	470.128571428571	53.2916666666667	121.4130573067	0.425126878900463	0.999999999908577	0.455225736595943	0.889807580100232	0.378281119384569	516.665131386305	496.86822281128	19.7969085750253	OU	Callitrichidae	PLA	Indriidae	STR	order
Macaca_nigra	Pongo_pygmaeus	73.6666666666667	344.588095238095	62.151576036	0.276309463101916	0.511901910791337	0.417779332174384	0.700812487404197	0.37827778730192	516.665131386305	496.86822281128	19.7969085750253	OU	Cercopithecidae	OWM	Hominidae	APE	order
Saguinus_oedipus	Pan_paniscus	234.143243243243	544.863636363636	78.0653383502	0.316899941989182	0.642973170059157	0.426557409304259	0.766223864527845	0.377646081557743	516.665131386305	496.86822281128	19.7969085750253	OU	Callitrichidae	PLA	Hominidae	APE	order
Eulemur_albifrons	Varecia_rubra	332.166666666667	90.8722222222222	52.6432531402	0.246093263074396	0.433588069546801	0.405548422647289	0.644849928425396	0.365999976072605	516.665131386305	496.86822281128	19.7969085750253	OU	Lemuridae	STR	Lemuridae	STR	family
Macaca_arctoides	Loris_tardigradus	448.685185185185	43	121.4130573138	0.413753376017527	0.999999999967055	0.444411892185912	0.879957495126996	0.364085384372716	516.665131386305	496.86822281128	19.7969085750253	OU	Cercopithecidae	OWM	Lorisidae	STR	order
Cebuella_pygmaea	Loris_tardigradus	445.433333333333	43	121.4130573064	0.410436851946286	0.999999999906106	0.441238942405805	0.876958975105199	0.359936281062015	516.665131386305	496.86822281128	19.7969085750253	OU	Callitrichidae	PLA	Lorisidae	STR	order
Pan_paniscus	Eulemur_macaco	544.863636363636	144.458333333333	121.4130573111	0.408368488557168	0.999999999944817	0.43925567298566	0.875059521615786	0.357346734259517	516.665131386305	496.86822281128	19.7969085750253	OU	Hominidae	APE	Lemuridae	STR	order
Macaca_arctoides	Cheirogaleus_medius	448.685185185185	50.3333333333333	121.4130573121	0.406274198727029	0.999999999953053	0.437244077210305	0.873113043072882	0.354723301989206	516.665131386305	496.86822281128	19.7969085750253	OU	Cercopithecidae	OWM	Cheirogaleidae	STR	order
Pan_paniscus	Eulemur_sanfordi	544.863636363636	147.325	121.4130573112	0.405444810161791	0.99999999994564	0.436446475839575	0.872335698217248	0.353683981580272	516.665131386305	496.86822281128	19.7969085750253	OU	Hominidae	APE	Lemuridae	STR	order
Eulemur_sanfordi	Eulemur_flavifrons	147.325	266.675	14.8274950179	0.121723610402856	0.122124385510603	0.380239273514673	0.352610546141598	0.351453385521858	516.665131386305	496.86822281128	19.7969085750253	OU	Lemuridae	STR	Lemuridae	STR	family
Macaca_arctoides	Propithecus_coquereli	448.685185185185	53.2916666666667	121.4130573131	0.403257030615521	0.999999999961289	0.434339934866826	0.870267426852155	0.350941458407395	516.665131386305	496.86822281128	19.7969085750253	OU	Cercopithecidae	OWM	Indriidae	STR	order
Cebuella_pygmaea	Cheirogaleus_medius	445.433333333333	50.3333333333333	121.4130573047	0.402957674655788	0.999999999892104	0.434051400974738	0.86998241134474	0.350566089504736	516.665131386305	496.86822281128	19.7969085750253	OU	Callitrichidae	PLA	Cheirogaleidae	STR	order
Eulemur_albifrons	Cheirogaleus_medius	332.166666666667	50.3333333333333	71.9834962252	0.287438381778005	0.592881011444942	0.405124099612915	0.719854252963205	0.348997079672829	516.665131386305	496.86822281128	19.7969085750253	OU	Lemuridae	STR	Cheirogaleidae	STR	superfamily
Cebuella_pygmaea	Propithecus_coquereli	445.433333333333	53.2916666666667	121.4130573057	0.39994050654428	0.99999999990034	0.431139368972452	0.867082578576405	0.346781445726128	516.665131386305	496.86822281128	19.7969085750253	OU	Callitrichidae	PLA	Indriidae	STR	order
Pan_paniscus	Mirza_zaza	544.863636363636	153.316666666667	121.41305731	0.39933398235285	0.999999999935757	0.430553116652547	0.866493642476564	0.346020356955822	516.665131386305	496.86822281128	19.7969085750253	OU	Hominidae	APE	Cheirogaleidae	STR	order
Eulemur_albifrons	Propithecus_coquereli	332.166666666667	53.2916666666667	71.9834962262	0.284421213666497	0.592881011453179	0.401251841226688	0.714775108969824	0.342897141356424	516.665131386305	496.86822281128	19.7969085750253	OU	Lemuridae	STR	Indriidae	STR	superfamily
Leontopithecus_rosalia	Daubentonia_madagascariensis	470.128571428571	82.0777777777778	121.4130573037	0.395768275013558	0.999999999883868	0.427100767953398	0.862990420249701	0.341544230015114	516.665131386305	496.86822281128	19.7969085750253	OU	Callitrichidae	PLA	Daubentoniidae	STR	order
Pan_paniscus	Pongo_pygmaeus	544.863636363636	344.588095238095	40.643277586	0.204258583503866	0.334752113848972	0.384974331220194	0.557192292237609	0.3399868250065	516.665131386305	496.86822281128	19.7969085750253	OU	Hominidae	APE	Hominidae	APE	family
Leontopithecus_rosalia	Lemur_catta	470.128571428571	84.9427083333333	121.4130573077	0.392846367256744	0.999999999916813	0.42426436808063	0.860067201344602	0.337874275673008	516.665131386305	496.86822281128	19.7969085750253	OU	Callitrichidae	PLA	Lemuridae	STR	order
Eulemur_sanfordi	Eulemur_collaris	147.325	239.829308390023	9.5384061272	0.0943440167159847	0.0785616171597847	0.368412692300911	0.27752789643316	0.333281027642149	516.665131386305	496.86822281128	19.7969085750253	OU	Lemuridae	STR	Lemuridae	STR	family
Eulemur_albifrons	Eulemur_collaris	332.166666666667	239.829308390023	9.5384061272	0.0941737463300806	0.0785616171597847	0.36779707235775	0.277047672025366	0.332103871202029	516.665131386305	496.86822281128	19.7969085750253	OU	Lemuridae	STR	Lemuridae	STR	family
Leontopithecus_chrysomelas	Pan_paniscus	258.055555555556	544.863636363636	78.0653383517	0.292512066096971	0.642973170071512	0.396701098209423	0.728256071758703	0.33131038449724	516.665131386305	496.86822281128	19.7969085750253	OU	Callitrichidae	PLA	Hominidae	APE	order
Leontopithecus_rosalia	Eulemur_coronatus	470.128571428571	90.1904761904762	121.4130573068	0.387494232777251	0.9999999999094	0.419051729993561	0.854588513756057	0.331148120508156	516.665131386305	496.86822281128	19.7969085750253	OU	Callitrichidae	PLA	Lemuridae	STR	order
Leontopithecus_rosalia	Macaca_fascicularis	470.128571428571	183.651470588235	78.0653383543	0.29217450366174	0.642973170092926	0.396282980141439	0.727702498003542	0.330676497958484	516.665131386305	496.86822281128	19.7969085750253	OU	Callitrichidae	PLA	Cercopithecidae	OWM	order
Leontopithecus_rosalia	Varecia_rubra	470.128571428571	90.8722222222222	121.4130573087	0.386798928308362	0.999999999925049	0.418372929715222	0.853864875598061	0.330274018826237	516.665131386305	496.86822281128	19.7969085750253	OU	Callitrichidae	PLA	Lemuridae	STR	order
Callithrix_jacchus	Pongo_pygmaeus	58.4421686746988	344.588095238095	78.0653383543	0.291836743052928	0.642973170092926	0.395864486327182	0.727147827276769	0.330042470667627	516.665131386305	496.86822281128	19.7969085750253	OU	Callitrichidae	PLA	Hominidae	APE	order
Leontopithecus_rosalia	Hapalemur_griseus	470.128571428571	92.4398148148148	121.4130573095	0.385200159728461	0.999999999931638	0.416810705631398	0.852190506414861	0.328263919212523	516.665131386305	496.86822281128	19.7969085750253	OU	Callitrichidae	PLA	Lemuridae	STR	order
Eulemur_albifrons	Nycticebus_pygmaeus	332.166666666667	7.5	99.3606340172	0.331123576406596	0.818368602292276	0.397927341398616	0.786548401951651	0.318248670759862	516.665131386305	496.86822281128	19.7969085750253	OU	Lemuridae	STR	Lorisidae	STR	superfamily
Macaca_arctoides	Daubentonia_madagascariensis	448.685185185185	82.0777777777778	121.4130573101	0.373898426728615	0.99999999993658	0.405711919649706	0.839933590495796	0.314049848062812	516.665131386305	496.86822281128	19.7969085750253	OU	Cercopithecidae	OWM	Daubentoniidae	STR	order
Macaca_arctoides	Gorilla_gorilla	448.685185185185	206.871929824561	62.1515760321	0.246622392004716	0.511901910759216	0.376598796113174	0.64588345943421	0.311171574815377	516.665131386305	496.86822281128	19.7969085750253	OU	Cercopithecidae	OWM	Hominidae	APE	order
Macaca_arctoides	Lemur_catta	448.685185185185	84.9427083333333	121.4130573141	0.370976518971802	0.999999999969526	0.402826847558423	0.836643063332901	0.310374931266603	516.665131386305	496.86822281128	19.7969085750253	OU	Cercopithecidae	OWM	Lemuridae	STR	order
Pan_paniscus	Eulemur_mongoz	544.863636363636	181.294333333333	121.413057311	0.370799901101788	0.999999999943993	0.402652252282587	0.836442541425446	0.310152811655254	516.665131386305	496.86822281128	19.7969085750253	OU	Hominidae	APE	Lemuridae	STR	order
Cebuella_pygmaea	Daubentonia_madagascariensis	445.433333333333	82.0777777777778	121.4130573027	0.370581902657374	0.999999999875631	0.402436718325158	0.836194782601886	0.309878653567315	516.665131386305	496.86822281128	19.7969085750253	OU	Callitrichidae	PLA	Daubentoniidae	STR	order
Cebuella_pygmaea	Lemur_catta	445.433333333333	84.9427083333333	121.4130573067	0.367659994900561	0.999999999908576	0.399544437741856	0.83284663370901	0.306204389130398	516.665131386305	496.86822281128	19.7969085750253	OU	Callitrichidae	PLA	Lemuridae	STR	order
Macaca_arctoides	Eulemur_coronatus	448.685185185185	90.1904761904762	121.4130573132	0.365624384492309	0.999999999962113	0.397525735037355	0.8304838568142	0.303645148989995	516.665131386305	496.86822281128	19.7969085750253	OU	Cercopithecidae	OWM	Lemuridae	STR	order
Macaca_arctoides	Varecia_rubra	448.685185185185	90.8722222222222	121.4130573151	0.364929080023419	0.999999999977762	0.396835506015293	0.829671090047284	0.302771107619716	516.665131386305	496.86822281128	19.7969085750253	OU	Cercopithecidae	OWM	Lemuridae	STR	order
Macaca_arctoides	Hapalemur_griseus	448.685185185185	92.4398148148148	121.4130573159	0.363330311443519	0.999999999984351	0.395247060135761	0.827791159621426	0.300761619840151	516.665131386305	496.86822281128	19.7969085750253	OU	Cercopithecidae	OWM	Lemuridae	STR	order
Cebuella_pygmaea	Eulemur_coronatus	445.433333333333	90.1904761904762	121.4130573058	0.362307860421068	0.999999999901164	0.394230228145809	0.826580787199699	0.299476716505084	516.665131386305	496.86822281128	19.7969085750253	OU	Callitrichidae	PLA	Lemuridae	STR	order
Cebuella_pygmaea	Varecia_rubra	445.433333333333	90.8722222222222	121.4130573077	0.361612555952178	0.999999999916813	0.393538307897743	0.825754064834823	0.298603037997661	516.665131386305	496.86822281128	19.7969085750253	OU	Callitrichidae	PLA	Lemuridae	STR	order
Eulemur_albifrons	Galago_moholi	332.166666666667	20.3333333333333	99.3606340182	0.318035016148224	0.818368602300513	0.383496287345203	0.767894488547039	0.298419728443481	516.665131386305	496.86822281128	19.7969085750253	OU	Lemuridae	STR	Galagidae	STR	superfamily
Eulemur_albifrons	Varecia_variegata	332.166666666667	117.2	52.6432531402	0.219241883392827	0.433588069546801	0.364718421950746	0.589922550839911	0.298291720150945	516.665131386305	496.86822281128	19.7969085750253	OU	Lemuridae	STR	Lemuridae	STR	family
Cebuella_pygmaea	Hapalemur_griseus	445.433333333333	92.4398148148148	121.4130573085	0.360013787372278	0.999999999923402	0.391945982240174	0.82384195786641	0.296594463470397	516.665131386305	496.86822281128	19.7969085750253	OU	Callitrichidae	PLA	Lemuridae	STR	order
Leontopithecus_rosalia	Varecia_variegata	470.128571428571	117.2	121.4130573087	0.359947548626793	0.999999999925049	0.391879970241734	0.823762401004174	0.296511256914598	516.665131386305	496.86822281128	19.7969085750253	OU	Callitrichidae	PLA	Lemuridae	STR	order
Leontopithecus_rosalia	Gorilla_gorilla	470.128571428571	206.871929824561	78.0653383517	0.268492240289658	0.642973170071512	0.366630733281808	0.686932158070487	0.286848600582886	516.665131386305	496.86822281128	19.7969085750253	OU	Callitrichidae	PLA	Hominidae	APE	order
Leontopithecus_rosalia	Eulemur_fulvus	470.128571428571	126.166666666667	121.4130573061	0.350802554576139	0.999999999903635	0.382735811836451	0.812519831899901	0.285034032701727	516.665131386305	496.86822281128	19.7969085750253	OU	Callitrichidae	PLA	Lemuridae	STR	order
Cebuella_pygmaea	Macaca_fascicularis	445.433333333333	183.651470588235	78.0653383533	0.266988131305556	0.64297317008469	0.364726728917464	0.684213572091157	0.28411279276623	516.665131386305	496.86822281128	19.7969085750253	OU	Callitrichidae	PLA	Cercopithecidae	OWM	order
Pongo_pygmaeus	Nycticebus_pygmaeus	344.588095238095	7.5	121.413057316	0.343792040018455	0.999999999985175	0.375685435244279	0.803549177258491	0.276253810908943	516.665131386305	496.86822281128	19.7969085750253	OU	Hominidae	APE	Lorisidae	STR	order
Pan_paniscus	Propithecus_tattersalli	544.863636363636	210.666666666667	121.413057311	0.340843416315114	0.999999999943993	0.372709687555381	0.799683610144546	0.272566893668136	516.665131386305	496.86822281128	19.7969085750253	OU	Hominidae	APE	Indriidae	STR	order
Macaca_arctoides	Varecia_variegata	448.685185185185	117.2	121.4130573151	0.338077700341851	0.999999999977762	0.369913007764452	0.796007633548298	0.269112430210552	516.665131386305	496.86822281128	19.7969085750253	OU	Cercopithecidae	OWM	Lemuridae	STR	order
Saimiri_sciureus	Pongo_pygmaeus	92.1231481481481	344.588095238095	78.065338349	0.257485922580262	0.642973170049273	0.352642801613589	0.666681694626448	0.266980271035428	516.665131386305	496.86822281128	19.7969085750253	OU	Cebidae	PLA	Hominidae	APE	order
Cebuella_pygmaea	Varecia_variegata	445.433333333333	117.2	121.4130573077	0.33476117627061	0.999999999916813	0.366552352495244	0.791535139598848	0.264975234413674	516.665131386305	496.86822281128	19.7969085750253	OU	Callitrichidae	PLA	Lemuridae	STR	order
Eulemur_albifrons	Loris_tardigradus	332.166666666667	43	99.3606340169	0.294917559068503	0.818368602289805	0.357644838568006	0.732178560719894	0.263857036212801	516.665131386305	496.86822281128	19.7969085750253	OU	Lemuridae	STR	Lorisidae	STR	superfamily
Leontopithecus_rosalia	Eulemur_macaco	470.128571428571	144.458333333333	121.4130573068	0.332147106675408	0.9999999999094	0.363898154064109	0.787960169926684	0.261718690640323	516.665131386305	496.86822281128	19.7969085750253	OU	Callitrichidae	PLA	Lemuridae	STR	order
Pongo_pygmaeus	Galago_moholi	344.588095238095	20.3333333333333	121.413057317	0.330703479760083	0.999999999993411	0.362430357814018	0.785966998270996	0.259922021306518	516.665131386305	496.86822281128	19.7969085750253	OU	Hominidae	APE	Galagidae	STR	order
Leontopithecus_rosalia	Eulemur_sanfordi	470.128571428571	147.325	121.4130573069	0.329223428280032	0.999999999910224	0.360924050234272	0.783909542764255	0.25808138715345	516.665131386305	496.86822281128	19.7969085750253	OU	Callitrichidae	PLA	Lemuridae	STR	order
Macaca_arctoides	Eulemur_fulvus	448.685185185185	126.166666666667	121.4130573125	0.328932706291196	0.999999999956347	0.360627995559086	0.783503735346907	0.25772000406817	516.665131386305	496.86822281128	19.7969085750253	OU	Cercopithecidae	OWM	Lemuridae	STR	order
Cebuella_pygmaea	Eulemur_fulvus	445.433333333333	126.166666666667	121.4130573051	0.325616182219955	0.999999999895398	0.357246580151786	0.77883546825205	0.253601431776251	516.665131386305	496.86822281128	19.7969085750253	OU	Callitrichidae	PLA	Lemuridae	STR	order
Leontopithecus_rosalia	Mirza_zaza	470.128571428571	153.316666666667	121.4130573057	0.32311260047109	0.99999999990034	0.354689096247344	0.775263999647373	0.250497567002646	516.665131386305	496.86822281128	19.7969085750253	OU	Callitrichidae	PLA	Cheirogaleidae	STR	order
Eulemur_rubriventer	Eulemur_fulvus	250.595	126.166666666667	22.8374257184	0.126902940676525	0.188096949561387	0.323194273860236	0.366504497533415	0.247268754844871	516.665131386305	496.86822281128	19.7969085750253	OU	Lemuridae	STR	Lemuridae	STR	family
Cebuella_pygmaea	Gorilla_gorilla	445.433333333333	206.871929824561	78.0653383507	0.243305867933475	0.642973170063275	0.334436722750293	0.639374015746847	0.241943920957213	516.665131386305	496.86822281128	19.7969085750253	OU	Callitrichidae	PLA	Hominidae	APE	order
Eulemur_flavifrons	Lemur_catta	266.675	84.9427083333333	47.7997285391	0.185346549379568	0.39369512303758	0.326100769440198	0.513823160905168	0.241901269008062	516.665131386305	496.86822281128	19.7969085750253	OU	Lemuridae	STR	Lemuridae	STR	family
Leontopithecus_rosalia	Macaca_mulatta	470.128571428571	231.991538825782	78.0653383544	0.242873057218551	0.64297317009375	0.333877845000609	0.638519020070933	0.241190571722004	516.665131386305	496.86822281128	19.7969085750253	OU	Callitrichidae	PLA	Cercopithecidae	OWM	order
Leontopithecus_chrysomelas	Saimiri_sciureus	258.055555555556	92.1231481481481	41.3912937967	0.169232439987157	0.340913034488192	0.320313752288574	0.475130306093586	0.23585915725627	516.665131386305	496.86822281128	19.7969085750253	OU	Callitrichidae	PLA	Cebidae	PLA	superfamily
Pan_paniscus	Eulemur_collaris	544.863636363636	239.829308390023	121.4130573104	0.311100793445806	0.999999999939051	0.34236068897362	0.757555572633384	0.235676139739902	516.665131386305	496.86822281128	19.7969085750253	OU	Hominidae	APE	Lemuridae	STR	order
Macaca_arctoides	Eulemur_macaco	448.685185185185	144.458333333333	121.4130573132	0.310277258390466	0.999999999962113	0.341511977012159	0.756306495327359	0.234664705881966	516.665131386305	496.86822281128	19.7969085750253	OU	Cercopithecidae	OWM	Lemuridae	STR	order
Pongo_pygmaeus	Loris_tardigradus	344.588095238095	43	121.4130573157	0.307586022680362	0.999999999982704	0.338735400713955	0.75219312662145	0.231364092109	516.665131386305	496.86822281128	19.7969085750253	OU	Hominidae	APE	Lorisidae	STR	order
Macaca_arctoides	Eulemur_sanfordi	448.685185185185	147.325	121.4130573133	0.307353579995089	0.999999999962937	0.338495367669062	0.751835587607756	0.23107935942752	516.665131386305	496.86822281128	19.7969085750253	OU	Cercopithecidae	OWM	Lemuridae	STR	order
Cebuella_pygmaea	Eulemur_macaco	445.433333333333	144.458333333333	121.4130573058	0.306960734319225	0.999999999901164	0.338089614615866	0.751230499509527	0.230598265795234	516.665131386305	496.86822281128	19.7969085750253	OU	Callitrichidae	PLA	Lemuridae	STR	order
Eulemur_collaris	Eulemur_macaco	239.829308390023	144.458333333333	14.8274950171	0.0972676951113615	0.122124385504014	0.308262558249916	0.285258525163444	0.227198189280571	516.665131386305	496.86822281128	19.7969085750253	OU	Lemuridae	STR	Lemuridae	STR	family
Cebuella_pygmaea	Eulemur_sanfordi	445.433333333333	147.325	121.4130573059	0.304037055923848	0.999999999901987	0.335066762765229	0.746694830836636	0.227022898063378	516.665131386305	496.86822281128	19.7969085750253	OU	Callitrichidae	PLA	Lemuridae	STR	order
Eulemur_flavifrons	Hapalemur_griseus	266.675	92.4398148148148	47.7997285409	0.177700341851285	0.393695123052405	0.313377635125118	0.495657871803948	0.223722794882368	516.665131386305	496.86822281128	19.7969085750253	OU	Lemuridae	STR	Lemuridae	STR	family
Macaca_arctoides	Mirza_zaza	448.685185185185	153.316666666667	121.4130573121	0.301242752186148	0.999999999953053	0.332172572654733	0.742306340415306	0.223614404962432	516.665131386305	496.86822281128	19.7969085750253	OU	Cercopithecidae	OWM	Cheirogaleidae	STR	order
Pan_paniscus	Eulemur_rubriventer	544.863636363636	250.595	121.413057312	0.300120995781373	0.999999999952229	0.331009323473492	0.74052985769957	0.22224855830925	516.665131386305	496.86822281128	19.7969085750253	OU	Hominidae	APE	Lemuridae	STR	order
Pongo_pygmaeus	Cheirogaleus_medius	344.588095238095	50.3333333333333	121.413057314	0.300106845389864	0.999999999968702	0.330994644586381	0.740507394230349	0.222231338077294	516.665131386305	496.86822281128	19.7969085750253	OU	Hominidae	APE	Cheirogaleidae	STR	order
Daubentonia_madagascariensis	Eulemur_albifrons	82.0777777777778	332.166666666667	92.4969438832	0.255062609779591	0.761836872628026	0.32279781210927	0.662111951509907	0.221674755300053	516.665131386305	496.86822281128	19.7969085750253	OU	Daubentoniidae	STR	Lemuridae	STR	superfamily
Eulemur_flavifrons	Cheirogaleus_medius	266.675	50.3333333333333	71.9834962251	0.220644229134795	0.592881011444119	0.316879867183235	0.592910518016538	0.220655210182932	516.665131386305	496.86822281128	19.7969085750253	OU	Lemuridae	STR	Cheirogaleidae	STR	superfamily
Cebuella_pygmaea	Mirza_zaza	445.433333333333	153.316666666667	121.4130573047	0.297926228114907	0.999999999892104	0.328731076177163	0.737029601833527	0.219580449306986	516.665131386305	496.86822281128	19.7969085750253	OU	Callitrichidae	PLA	Cheirogaleidae	STR	order
Eulemur_flavifrons	Nycticebus_pygmaeus	266.675	7.5	99.3606340171	0.264329423763386	0.818368602291453	0.322766411920365	0.67937031258497	0.21943359354784	516.665131386305	496.86822281128	19.7969085750253	OU	Lemuridae	STR	Lorisidae	STR	superfamily
Pongo_pygmaeus	Propithecus_coquereli	344.588095238095	53.2916666666667	121.413057315	0.297089677278356	0.999999999976938	0.327861909242464	0.73568691427683	0.218564987945454	516.665131386305	496.86822281128	19.7969085750253	OU	Hominidae	APE	Indriidae	STR	order
Leontopithecus_rosalia	Eulemur_mongoz	470.128571428571	181.294333333333	121.4130573067	0.294578519220029	0.999999999908577	0.325250214721431	0.731628077383873	0.215521915675241	516.665131386305	496.86822281128	19.7969085750253	OU	Callitrichidae	PLA	Lemuridae	STR	order
Eulemur_flavifrons	Propithecus_coquereli	266.675	53.2916666666667	71.9834962261	0.217627061023287	0.592881011452355	0.312777466298849	0.586465762827028	0.215272234882637	516.665131386305	496.86822281128	19.7969085750253	OU	Lemuridae	STR	Indriidae	STR	superfamily
Eulemur_flavifrons	Varecia_rubra	266.675	90.8722222222222	52.6432531401	0.179299110431186	0.433588069545977	0.301905747074377	0.4994854725636	0.206549273825112	516.665131386305	496.86822281128	19.7969085750253	OU	Lemuridae	STR	Lemuridae	STR	family
Macaca_arctoides	Pan_troglodytes	448.685185185185	256.544302105726	62.1515760321	0.195962144905109	0.511901910759216	0.303588402783373	0.538444797248907	0.206123077808794	516.665131386305	496.86822281128	19.7969085750253	OU	Cercopithecidae	OWM	Hominidae	APE	order
Eulemur_rubriventer	Lemur_catta	250.595	84.9427083333333	47.79972854	0.168946753357131	0.393695123044992	0.298702251987304	0.474430370269098	0.203592744891141	516.665131386305	496.86822281128	19.7969085750253	OU	Lemuridae	STR	Lemuridae	STR	family
Pan_paniscus	Eulemur_flavifrons	544.863636363636	266.675	121.4130573111	0.283721199758935	0.999999999944817	0.313913411870177	0.713587851353113	0.202460001330478	516.665131386305	496.86822281128	19.7969085750253	OU	Hominidae	APE	Lemuridae	STR	order
Eulemur_flavifrons	Galago_moholi	266.675	20.3333333333333	99.3606340181	0.251240863505014	0.818368602299689	0.307622341922256	0.654823752035811	0.201032254222314	516.665131386305	496.86822281128	19.7969085750253	OU	Lemuridae	STR	Galagidae	STR	superfamily
Saguinus_oedipus	Macaca_arctoides	234.143243243243	448.685185185185	78.0653383523	0.21880871182248	0.642973170076453	0.302520176070092	0.588996966893883	0.200440195005453	516.665131386305	496.86822281128	19.7969085750253	OU	Callitrichidae	PLA	Cercopithecidae	OWM	order
Leontopithecus_rosalia	Pan_troglodytes	470.128571428571	256.544302105726	78.0653383517	0.217831993190051	0.642973170071512	0.301236010991487	0.58690540657389	0.198836872950373	516.665131386305	496.86822281128	19.7969085750253	OU	Callitrichidae	PLA	Hominidae	APE	order
Cebuella_pygmaea	Macaca_mulatta	445.433333333333	231.991538825782	78.0653383534	0.217686684862367	0.642973170085513	0.301044889464041	0.586593703219543	0.19859870451207	516.665131386305	496.86822281128	19.7969085750253	OU	Callitrichidae	PLA	Cercopithecidae	OWM	order
Macaca_fascicularis	Macaca_nemestrina	183.651470588235	259.756542857143	10.9824679331	0.0776186356643631	0.0904554104452973	0.286858254082236	0.229618687688186	0.197032871485081	516.665131386305	496.86822281128	19.7969085750253	OU	Cercopithecidae	OWM	Cercopithecidae	OWM	family
Callithrix_jacchus	Eulemur_albifrons	58.4421686746988	332.166666666667	121.4130573055	0.279168279441069	0.999999999898693	0.309138137417346	0.705784481044863	0.197032639249463	516.665131386305	496.86822281128	19.7969085750253	OU	Callitrichidae	PLA	Lemuridae	STR	order
Eulemur_mongoz	Eulemur_coronatus	181.294333333333	90.1904761904762	15.6477288181	0.0929157135572226	0.128880115234574	0.287646753423565	0.27300899417213	0.196824975325892	516.665131386305	496.86822281128	19.7969085750253	OU	Lemuridae	STR	Lemuridae	STR	family
Eulemur_rubriventer	Nycticebus_pygmaeus	250.595	7.5	99.360634018	0.247929627740948	0.818368602298865	0.303771222024042	0.648428685875884	0.196445320915488	516.665131386305	496.86822281128	19.7969085750253	OU	Lemuridae	STR	Lorisidae	STR	superfamily
Leontopithecus_rosalia	Macaca_nemestrina	470.128571428571	259.756542857143	78.0653383542	0.214555867997377	0.642973170092103	0.296922363729431	0.579843971197673	0.193490074438941	516.665131386305	496.86822281128	19.7969085750253	OU	Callitrichidae	PLA	Cercopithecidae	OWM	order
Eulemur_rubriventer	Cheirogaleus_medius	250.595	50.3333333333333	71.983496226	0.204244433112358	0.592881011451531	0.29447152104745	0.557160691697908	0.191938968242081	516.665131386305	496.86822281128	19.7969085750253	OU	Lemuridae	STR	Cheirogaleidae	STR	superfamily
Macaca_arctoides	Eulemur_mongoz	448.685185185185	181.294333333333	121.4130573131	0.272708670935086	0.999999999961289	0.302341935794618	0.694470721096878	0.189388187360992	516.665131386305	496.86822281128	19.7969085750253	OU	Cercopithecidae	OWM	Lemuridae	STR	order
Macaca_nigra	Pan_troglodytes	73.6666666666667	256.544302105726	62.151576032	0.186514671533972	0.511901910758392	0.28962958701145	0.516566805710534	0.188214355265275	516.665131386305	496.86822281128	19.7969085750253	OU	Cercopithecidae	OWM	Hominidae	APE	order
Eulemur_rubriventer	Propithecus_coquereli	250.595	53.2916666666667	71.983496227	0.20122726500085	0.592881011459768	0.290320257225263	0.550393392036309	0.186806719751932	516.665131386305	496.86822281128	19.7969085750253	OU	Lemuridae	STR	Indriidae	STR	superfamily
Eulemur_rubriventer	Hapalemur_griseus	250.595	92.4398148148148	47.7997285418	0.161300545828848	0.393695123059818	0.285791336348742	0.455521373549572	0.18663133446814	516.665131386305	496.86822281128	19.7969085750253	OU	Lemuridae	STR	Lemuridae	STR	family
Cebuella_pygmaea	Eulemur_mongoz	445.433333333333	181.294333333333	121.4130573057	0.269392146863845	0.99999999990034	0.29884310969632	0.68855129517654	0.185490311651975	516.665131386305	496.86822281128	19.7969085750253	OU	Callitrichidae	PLA	Lemuridae	STR	order
Pongo_pygmaeus	Daubentonia_madagascariensis	344.588095238095	82.0777777777778	121.413057312	0.26773107339145	0.999999999952229	0.297088340086795	0.685558326629303	0.183545266669678	516.665131386305	496.86822281128	19.7969085750253	OU	Hominidae	APE	Daubentoniidae	STR	order
Eulemur_rubriventer	Eulemur_macaco	250.595	144.458333333333	22.8374257191	0.108247492775795	0.188096949567152	0.27782253911729	0.31578528026879	0.18173056460118	516.665131386305	496.86822281128	19.7969085750253	OU	Lemuridae	STR	Lemuridae	STR	family
Eulemur_collaris	Nycticebus_pygmaeus	239.829308390023	7.5	99.3606340164	0.236949830076515	0.818368602285687	0.290945548833145	0.626690560812835	0.181451514000434	516.665131386305	496.86822281128	19.7969085750253	OU	Lemuridae	STR	Lorisidae	STR	superfamily
Pongo_pygmaeus	Lemur_catta	344.588095238095	84.9427083333333	121.413057316	0.264809165634637	0.999999999985175	0.293997776849024	0.680247809669254	0.180135854905975	516.665131386305	496.86822281128	19.7969085750253	OU	Hominidae	APE	Lemuridae	STR	order
Leontopithecus_rosalia	Propithecus_tattersalli	470.128571428571	210.666666666667	121.4130573067	0.264622034433354	0.999999999908577	0.293799678291401	0.679905714550668	0.17991803342371	516.665131386305	496.86822281128	19.7969085750253	OU	Callitrichidae	PLA	Indriidae	STR	order
Eulemur_collaris	Lemur_catta	239.829308390023	84.9427083333333	47.7997285384	0.157966955692697	0.393695123031814	0.280136467804434	0.447172892444392	0.179424474308335	516.665131386305	496.86822281128	19.7969085750253	OU	Lemuridae	STR	Lemuridae	STR	family
Macaca_nigra	Eulemur_albifrons	73.6666666666667	332.166666666667	121.4130573132	0.263640999490056	0.999999999962113	0.292760821466455	0.678108367021573	0.178777167650911	516.665131386305	496.86822281128	19.7969085750253	OU	Cercopithecidae	OWM	Lemuridae	STR	order
Callithrix_jacchus	Macaca_nemestrina	58.4421686746988	259.756542857143	78.0653383528	0.205318076677659	0.642973170080572	0.284707856882706	0.559554677901958	0.178680379849163	516.665131386305	496.86822281128	19.7969085750253	OU	Callitrichidae	PLA	Cercopithecidae	OWM	order
Eulemur_rubriventer	Galago_moholi	250.595	20.3333333333333	99.360634019	0.234841067482577	0.818368602307102	0.288472665975228	0.622422243949438	0.178611818417656	516.665131386305	496.86822281128	19.7969085750253	OU	Lemuridae	STR	Galagidae	STR	superfamily
Saguinus_oedipus	Saimiri_sciureus	234.143243243243	92.1231481481481	41.3912937952	0.144844564094946	0.340913034475838	0.276203962342393	0.413712908609842	0.175775226665005	516.665131386305	496.86822281128	19.7969085750253	OU	Callitrichidae	PLA	Cebidae	PLA	superfamily
Pongo_pygmaeus	Eulemur_coronatus	344.588095238095	90.1904761904762	121.4130573151	0.259457031155144	0.999999999977762	0.288324149611561	0.670369141562606	0.173931987251724	516.665131386305	496.86822281128	19.7969085750253	OU	Hominidae	APE	Lemuridae	STR	order
Callithrix_jacchus	Pan_troglodytes	58.4421686746988	256.544302105726	78.0653383503	0.202041951484984	0.642973170059981	0.280358294095601	0.552226434069652	0.173526535159497	516.665131386305	496.86822281128	19.7969085750253	OU	Callitrichidae	PLA	Hominidae	APE	order
Eulemur_collaris	Cheirogaleus_medius	239.829308390023	50.3333333333333	71.9834962244	0.193264635447924	0.592881011438353	0.279323453119931	0.53225505098661	0.173502062656192	516.665131386305	496.86822281128	19.7969085750253	OU	Lemuridae	STR	Cheirogaleidae	STR	superfamily
Eulemur_mongoz	Eulemur_flavifrons	181.294333333333	266.675	15.6477288181	0.0870787013428527	0.128880115234574	0.270308318580684	0.256482140315081	0.17329385262903	516.665131386305	496.86822281128	19.7969085750253	OU	Lemuridae	STR	Lemuridae	STR	family
Pongo_pygmaeus	Varecia_rubra	344.588095238095	90.8722222222222	121.413057317	0.258761726686255	0.999999999993411	0.287585898326484	0.669071430016544	0.173130078508663	516.665131386305	496.86822281128	19.7969085750253	OU	Hominidae	APE	Lemuridae	STR	order
Eulemur_rubriventer	Varecia_rubra	250.595	90.8722222222222	52.643253141	0.162899314408748	0.43358806955339	0.275473030652161	0.459502902905212	0.172635533835582	516.665131386305	496.86822281128	19.7969085750253	OU	Lemuridae	STR	Lemuridae	STR	family
Eulemur_rubriventer	Eulemur_sanfordi	250.595	147.325	22.8374257192	0.105323814380418	0.188096949567976	0.270617492416409	0.307698286713844	0.172293901147555	516.665131386305	496.86822281128	19.7969085750253	OU	Lemuridae	STR	Lemuridae	STR	family
Macaca_nemestrina	Nycticebus_pygmaeus	259.756542857143	7.5	121.4130573145	0.257273373643185	0.99999999997282	0.286004708921606	0.666282485190846	0.171416742769074	516.665131386305	496.86822281128	19.7969085750253	OU	Cercopithecidae	OWM	Lorisidae	STR	order
Pongo_pygmaeus	Hapalemur_griseus	344.588095238095	92.4398148148148	121.4130573178	0.257162958106354	1	0.285887357135702	0.666074981039439	0.171289812444736	516.665131386305	496.86822281128	19.7969085750253	OU	Hominidae	APE	Lemuridae	STR	order
Eulemur_flavifrons	Loris_tardigradus	266.675	43	99.3606340168	0.228123406425293	0.818368602288982	0.280574922845846	0.608625787145081	0.169656787190356	516.665131386305	496.86822281128	19.7969085750253	OU	Lemuridae	STR	Lorisidae	STR	superfamily
Leontopithecus_chrysomelas	Nycticebus_pygmaeus	258.055555555556	7.5	121.4130573077	0.25553855742535	0.999999999916813	0.284160132278414	0.663012627478736	0.169425290394801	516.665131386305	496.86822281128	19.7969085750253	OU	Callitrichidae	PLA	Lorisidae	STR	order
Gorilla_gorilla	Pongo_pygmaeus	206.871929824561	344.588095238095	40.643277586	0.140455038667551	0.334752113848972	0.270521697148	0.402314361725199	0.168802755516334	516.665131386305	496.86822281128	19.7969085750253	OU	Hominidae	APE	Hominidae	APE	family
Eulemur_collaris	Propithecus_coquereli	239.829308390023	53.2916666666667	71.9834962254	0.190247467336416	0.59288101144659	0.275141302518897	0.525277653929145	0.168554467724654	516.665131386305	496.86822281128	19.7969085750253	OU	Lemuridae	STR	Indriidae	STR	superfamily
Pan_troglodytes	Nycticebus_pygmaeus	256.544302105726	7.5	121.413057312	0.253997248450511	0.999999999952229	0.282519912891931	0.660090279221721	0.167661114659256	516.665131386305	496.86822281128	19.7969085750253	OU	Hominidae	APE	Lorisidae	STR	order
Eulemur_collaris	Galago_moholi	239.829308390023	20.3333333333333	99.3606340174	0.223861269818143	0.818368602293923	0.275548423132666	0.599715793243537	0.164049718707653	516.665131386305	496.86822281128	19.7969085750253	OU	Lemuridae	STR	Galagidae	STR	superfamily
Eulemur_collaris	Hapalemur_griseus	239.829308390023	92.4398148148148	47.7997285402	0.150320748164414	0.39369512304664	0.267108382208027	0.427790207019609	0.16333893973327	516.665131386305	496.86822281128	19.7969085750253	OU	Lemuridae	STR	Lemuridae	STR	family
Leontopithecus_chrysomelas	Macaca_arctoides	258.055555555556	448.685185185185	78.0653383538	0.194420835930269	0.642973170088808	0.270205113735561	0.534913702624084	0.161746047973301	516.665131386305	496.86822281128	19.7969085750253	OU	Callitrichidae	PLA	Cercopithecidae	OWM	order
Cebuella_pygmaea	Pan_troglodytes	445.433333333333	256.544302105726	78.0653383507	0.192645620833867	0.642973170063275	0.267833200973835	0.530828189622942	0.159045090693234	516.665131386305	496.86822281128	19.7969085750253	OU	Callitrichidae	PLA	Hominidae	APE	order
Saimiri_sciureus	Eulemur_albifrons	92.1231481481481	332.166666666667	121.4130573002	0.244817458968403	0.99999999985504	0.272724262565636	0.642350120916019	0.157258524393502	516.665131386305	496.86822281128	19.7969085750253	OU	Cebidae	PLA	Lemuridae	STR	order
Macaca_nemestrina	Galago_moholi	259.756542857143	20.3333333333333	121.4130573155	0.244184813384814	0.999999999981056	0.272047507448295	0.641106418941708	0.156548451272053	516.665131386305	496.86822281128	19.7969085750253	OU	Cercopithecidae	OWM	Galagidae	STR	order
Eulemur_albifrons	Mirza_zaza	332.166666666667	153.316666666667	71.9834962252	0.182406935237124	0.592881011444942	0.264235229630529	0.506881596474107	0.155948186492946	516.665131386305	496.86822281128	19.7969085750253	OU	Lemuridae	STR	Cheirogaleidae	STR	superfamily
Macaca_arctoides	Propithecus_tattersalli	448.685185185185	210.666666666667	121.4130573131	0.242752186148412	0.999999999961289	0.270514210567152	0.638280018554318	0.154943869884908	516.665131386305	496.86822281128	19.7969085750253	OU	Cercopithecidae	OWM	Indriidae	STR	order
Leontopithecus_chrysomelas	Galago_moholi	258.055555555556	20.3333333333333	121.4130573087	0.242449997166979	0.999999999925049	0.270190648559008	0.637682059180132	0.154606013453244	516.665131386305	496.86822281128	19.7969085750253	OU	Callitrichidae	PLA	Galagidae	STR	order
Cebuella_pygmaea	Macaca_nemestrina	445.433333333333	259.756542857143	78.0653383532	0.189369495641193	0.642973170083866	0.263449171559164	0.523236604442703	0.154104489105511	516.665131386305	496.86822281128	19.7969085750253	OU	Callitrichidae	PLA	Cercopithecidae	OWM	order
Pan_troglodytes	Galago_moholi	256.544302105726	20.3333333333333	121.413057313	0.240908688192139	0.999999999960466	0.268539579489757	0.634622554892691	0.152886087202386	516.665131386305	496.86822281128	19.7969085750253	OU	Hominidae	APE	Galagidae	STR	order
Eulemur_flavifrons	Varecia_variegata	266.675	117.2	52.6432531401	0.152447730749618	0.433588069545977	0.258452115267708	0.433214281121094	0.15231630832092	516.665131386305	496.86822281128	19.7969085750253	OU	Lemuridae	STR	Lemuridae	STR	family
Leontopithecus_chrysomelas	Macaca_nigra	258.055555555556	73.6666666666667	78.0653383537	0.188055980508811	0.642973170087984	0.261689037657358	0.520174080841474	0.15213985802009	516.665131386305	496.86822281128	19.7969085750253	OU	Callitrichidae	PLA	Cercopithecidae	OWM	order
Eulemur_collaris	Varecia_rubra	239.829308390023	90.8722222222222	52.6432531394	0.151919516744315	0.433588069540212	0.257588445534259	0.431869571781482	0.151317393744691	516.665131386305	496.86822281128	19.7969085750253	OU	Lemuridae	STR	Lemuridae	STR	family
Cebuella_pygmaea	Propithecus_tattersalli	445.433333333333	210.666666666667	121.4130573057	0.239435662077171	0.99999999990034	0.266960492687639	0.631683564995514	0.151247572623042	516.665131386305	496.86822281128	19.7969085750253	OU	Callitrichidae	PLA	Indriidae	STR	order
Eulemur_rubriventer	Loris_tardigradus	250.595	43	99.3606340177	0.211723610402856	0.818368602296394	0.261169459939445	0.573682489270776	0.14841982880633	516.665131386305	496.86822281128	19.7969085750253	OU	Lemuridae	STR	Lorisidae	STR	superfamily
Macaca_fascicularis	Pongo_pygmaeus	183.651470588235	344.588095238095	62.1515760366	0.164137302039633	0.511901910796279	0.25618414042463	0.462575919989758	0.148321312920115	516.665131386305	496.86822281128	19.7969085750253	OU	Cercopithecidae	OWM	Hominidae	APE	order
Leontopithecus_rosalia	Eulemur_collaris	470.128571428571	239.829308390023	121.4130573061	0.234879411564047	0.999999999903635	0.262069053637652	0.62250012314788	0.14621246263761	516.665131386305	496.86822281128	19.7969085750253	OU	Callitrichidae	PLA	Lemuridae	STR	order
Pongo_pygmaeus	Varecia_variegata	344.588095238095	117.2	121.413057317	0.231910347004686	0.999999999993411	0.258875830409756	0.616440498714121	0.142958929965476	516.665131386305	496.86822281128	19.7969085750253	OU	Hominidae	APE	Lemuridae	STR	order
Propithecus_tattersalli	Nycticebus_pygmaeus	210.666666666667	7.5	99.360634017	0.207207207207208	0.818368602290629	0.255795355840658	0.563748949905432	0.142738669529768	516.665131386305	496.86822281128	19.7969085750253	OU	Indriidae	STR	Lorisidae	STR	superfamily
Saguinus_oedipus	Nycticebus_pygmaeus	234.143243243243	7.5	121.4130573062	0.231150681533139	0.999999999904458	0.258058092284515	0.614880565112164	0.142130061700738	516.665131386305	496.86822281128	19.7969085750253	OU	Callitrichidae	PLA	Lorisidae	STR	order
Macaca_mulatta	Nycticebus_pygmaeus	231.991538825782	7.5	121.4130573147	0.228956184422011	0.999999999974467	0.255694202735041	0.610352543043933	0.139743989411178	516.665131386305	496.86822281128	19.7969085750253	OU	Cercopithecidae	OWM	Lorisidae	STR	order
Callithrix_jacchus	Macaca_mulatta	58.4421686746988	231.991538825782	78.065338353	0.177000887456485	0.642973170082219	0.246821455970301	0.493978471402856	0.135984877582874	516.665131386305	496.86822281128	19.7969085750253	OU	Callitrichidae	PLA	Cercopithecidae	OWM	order
Eulemur_collaris	Loris_tardigradus	239.829308390023	43	99.3606340161	0.200743812738422	0.818368602283216	0.248082853057461	0.549303617473064	0.134742831304749	516.665131386305	496.86822281128	19.7969085750253	OU	Lemuridae	STR	Lorisidae	STR	superfamily
Leontopithecus_rosalia	Eulemur_rubriventer	470.128571428571	250.595	121.4130573077	0.223899613899613	0.999999999916813	0.25023817166189	0.599796491135463	0.134294202794745	516.665131386305	496.86822281128	19.7969085750253	OU	Callitrichidae	PLA	Lemuridae	STR	order
Pongo_pygmaeus	Eulemur_fulvus	344.588095238095	126.166666666667	121.4130573144	0.222765352954032	0.999999999971996	0.249012573700786	0.597405224777193	0.133081185757801	516.665131386305	496.86822281128	19.7969085750253	OU	Hominidae	APE	Lemuridae	STR	order
Propithecus_tattersalli	Cheirogaleus_medius	210.666666666667	50.3333333333333	69.529333389	0.163522012578617	0.57266767615452	0.24178176829972	0.461049704377727	0.131650132699789	516.665131386305	496.86822281128	19.7969085750253	OU	Indriidae	STR	Cheirogaleidae	STR	superfamily
Macaca_nemestrina	Loris_tardigradus	259.756542857143	43	121.4130573142	0.221067356305092	0.999999999970349	0.247176670949084	0.593809515374907	0.131271899716631	516.665131386305	496.86822281128	19.7969085750253	OU	Cercopithecidae	OWM	Lorisidae	STR	order
Leontopithecus_chrysomelas	Loris_tardigradus	258.055555555556	43	121.4130573074	0.219332540087258	0.999999999914342	0.245299513479708	0.590116105591924	0.129431664396964	516.665131386305	496.86822281128	19.7969085750253	OU	Callitrichidae	PLA	Lorisidae	STR	order
Daubentonia_madagascariensis	Eulemur_flavifrons	82.0777777777778	266.675	92.4969438831	0.188268457136382	0.761836872627202	0.241362314200111	0.520670206592084	0.128670296744669	516.665131386305	496.86822281128	19.7969085750253	OU	Daubentoniidae	STR	Lemuridae	STR	superfamily
Saguinus_oedipus	Galago_moholi	234.143243243243	20.3333333333333	121.4130573072	0.218062121274768	0.999999999912695	0.243923936788516	0.587398773306153	0.128089422552519	516.665131386305	496.86822281128	19.7969085750253	OU	Callitrichidae	PLA	Galagidae	STR	order
Pan_troglodytes	Loris_tardigradus	256.544302105726	43	121.4130573117	0.217791231112418	0.999999999949758	0.243630523716384	0.586817981202348	0.127803810571384	516.665131386305	496.86822281128	19.7969085750253	OU	Hominidae	APE	Lorisidae	STR	order
Saimiri_sciureus	Macaca_nemestrina	92.1231481481481	259.756542857143	78.0653383475	0.170967256204992	0.642973170036919	0.238667868407214	0.479370355109461	0.127465092072771	516.665131386305	496.86822281128	19.7969085750253	OU	Cebidae	PLA	Cercopithecidae	OWM	order
Pan_paniscus	Eulemur_albifrons	544.863636363636	332.166666666667	121.4130573112	0.216927047115726	0.99999999994564	0.242694253353316	0.584961925765392	0.126894063238313	516.665131386305	496.86822281128	19.7969085750253	OU	Hominidae	APE	Lemuridae	STR	order
Propithecus_tattersalli	Galago_moholi	210.666666666667	20.3333333333333	99.360634018	0.194118646948836	0.818368602298865	0.240151526821731	0.534219639414166	0.12671795238144	516.665131386305	496.86822281128	19.7969085750253	OU	Indriidae	STR	Galagidae	STR	superfamily
Macaca_mulatta	Galago_moholi	231.991538825782	20.3333333333333	121.4130573157	0.21586762416364	0.999999999982704	0.241545972135255	0.582679834689601	0.125781711564682	516.665131386305	496.86822281128	19.7969085750253	OU	Cercopithecidae	OWM	Galagidae	STR	order
Macaca_nemestrina	Cheirogaleus_medius	259.756542857143	50.3333333333333	121.4130573125	0.213588179014594	0.999999999956347	0.239073536186885	0.57774470299656	0.123399439053749	516.665131386305	496.86822281128	19.7969085750253	OU	Cercopithecidae	OWM	Cheirogaleidae	STR	order
Saimiri_sciureus	Pan_troglodytes	92.1231481481481	256.544302105726	78.065338345	0.167691131012318	0.642973170016328	0.234229462424367	0.471348429946549	0.122930403638164	516.665131386305	496.86822281128	19.7969085750253	OU	Cebidae	PLA	Hominidae	APE	order
Macaca_arctoides	Eulemur_collaris	448.685185185185	239.829308390023	121.4130573125	0.213009563279105	0.999999999956347	0.23844554168649	0.57648654452426	0.122797147090753	516.665131386305	496.86822281128	19.7969085750253	OU	Cercopithecidae	OWM	Lemuridae	STR	order
Eulemur_rubriventer	Varecia_variegata	250.595	117.2	52.643253141	0.13604793472718	0.43358806955339	0.2314904647109	0.390769930493294	0.122612787874575	516.665131386305	496.86822281128	19.7969085750253	OU	Lemuridae	STR	Lemuridae	STR	family
Callithrix_jacchus	Eulemur_flavifrons	58.4421686746988	266.675	121.4130573054	0.212374126797859	0.999999999897869	0.23775569642233	0.57510230912129	0.122136850731541	516.665131386305	496.86822281128	19.7969085750253	OU	Callitrichidae	PLA	Lemuridae	STR	order
Leontopithecus_chrysomelas	Cheirogaleus_medius	258.055555555556	50.3333333333333	121.4130573057	0.211853362796759	0.99999999990034	0.237190201481951	0.573965908116697	0.121596607777336	516.665131386305	496.86822281128	19.7969085750253	OU	Callitrichidae	PLA	Cheirogaleidae	STR	order
Macaca_fascicularis	Macaca_mulatta	183.651470588235	231.991538825782	7.3270128521	0.0493014464431892	0.0603478160748515	0.225039566921482	0.147977797734216	0.120891192826691	516.665131386305	496.86822281128	19.7969085750253	OU	Cercopithecidae	OWM	Cercopithecidae	OWM	family
Macaca_nemestrina	Propithecus_coquereli	259.756542857143	53.2916666666667	121.4130573135	0.210571010903087	0.999999999964584	0.235797162977649	0.571160037053767	0.120269746394115	516.665131386305	496.86822281128	19.7969085750253	OU	Cercopithecidae	OWM	Indriidae	STR	order
Pan_troglodytes	Cheirogaleus_medius	256.544302105726	50.3333333333333	121.41305731	0.21031205382192	0.999999999935757	0.235515761138507	0.570592120437345	0.120002400751492	516.665131386305	496.86822281128	19.7969085750253	OU	Hominidae	APE	Cheirogaleidae	STR	order
Cebuella_pygmaea	Eulemur_collaris	445.433333333333	239.829308390023	121.4130573051	0.209693039207863	0.999999999895398	0.234842968290861	0.569232794955261	0.119364154803441	516.665131386305	496.86822281128	19.7969085750253	OU	Callitrichidae	PLA	Lemuridae	STR	order
Leontopithecus_chrysomelas	Propithecus_coquereli	258.055555555556	53.2916666666667	121.4130573067	0.208836194685252	0.999999999908577	0.233911391166307	0.567347093265932	0.118482608034228	516.665131386305	496.86822281128	19.7969085750253	OU	Callitrichidae	PLA	Indriidae	STR	order
Saguinus_oedipus	Macaca_nigra	234.143243243243	73.6666666666667	78.0653383522	0.1636681046166	0.64297317007563	0.228768652473686	0.461412279910332	0.117451982157926	516.665131386305	496.86822281128	19.7969085750253	OU	Callitrichidae	PLA	Cercopithecidae	OWM	order
Leontopithecus_rosalia	Eulemur_flavifrons	470.128571428571	266.675	121.4130573068	0.207499817877176	0.9999999999094	0.232457782842134	0.564396542637069	0.11711217981831	516.665131386305	496.86822281128	19.7969085750253	OU	Callitrichidae	PLA	Lemuridae	STR	order
Pan_troglodytes	Propithecus_coquereli	256.544302105726	53.2916666666667	121.413057311	0.207294885710412	0.999999999943993	0.232234800848961	0.563943054213704	0.116902510976958	516.665131386305	496.86822281128	19.7969085750253	OU	Hominidae	APE	Indriidae	STR	order
Pongo_pygmaeus	Eulemur_macaco	344.588095238095	144.458333333333	121.4130573151	0.204109905053301	0.999999999977762	0.228766836237407	0.556860200441398	0.113660682642584	516.665131386305	496.86822281128	19.7969085750253	OU	Hominidae	APE	Lemuridae	STR	order
Gorilla_gorilla	Nycticebus_pygmaeus	206.871929824561	7.5	121.413057312	0.203337001350904	0.999999999952229	0.227924567659579	0.555131532289538	0.112878781136479	516.665131386305	496.86822281128	19.7969085750253	OU	Hominidae	APE	Lorisidae	STR	order
Macaca_arctoides	Eulemur_rubriventer	448.685185185185	250.595	121.4130573141	0.202029765614671	0.999999999969526	0.226499401996464	0.552199047224672	0.111560644086845	516.665131386305	496.86822281128	19.7969085750253	OU	Cercopithecidae	OWM	Lemuridae	STR	order
Pongo_pygmaeus	Eulemur_sanfordi	344.588095238095	147.325	121.4130573152	0.201186226657925	0.999999999978585	0.225579358836068	0.550300943470539	0.110712970345504	516.665131386305	496.86822281128	19.7969085750253	OU	Hominidae	APE	Lemuridae	STR	order
Daubentonia_madagascariensis	Eulemur_rubriventer	82.0777777777778	250.595	92.496943884	0.171868661113944	0.761836872634615	0.220909425861165	0.48156648327606	0.108640300425184	516.665131386305	496.86822281128	19.7969085750253	OU	Daubentoniidae	STR	Lemuridae	STR	superfamily
Eulemur_rubriventer	Eulemur_albifrons	250.595	332.166666666667	22.8374257192	0.0831939486656472	0.188096949567976	0.215346023791595	0.245403877297286	0.108540396944838	516.665131386305	496.86822281128	19.7969085750253	OU	Lemuridae	STR	Lemuridae	STR	family
Eulemur_albifrons	Eulemur_flavifrons	332.166666666667	266.675	14.8274950179	0.0667941526432096	0.122124385510603	0.214591067451672	0.198176184283447	0.108389575496599	516.665131386305	496.86822281128	19.7969085750253	OU	Lemuridae	STR	Lemuridae	STR	family
Cebuella_pygmaea	Eulemur_rubriventer	445.433333333333	250.595	121.4130573067	0.19871324154343	0.999999999908576	0.222880266113096	0.544710104239348	0.108241110524756	516.665131386305	496.86822281128	19.7969085750253	OU	Callitrichidae	PLA	Lemuridae	STR	order
Eulemur_mongoz	Nycticebus_pygmaeus	181.294333333333	7.5	99.360634017	0.177250722420533	0.818368602290629	0.21984554280624	0.494578666465536	0.107120954640031	516.665131386305	496.86822281128	19.7969085750253	OU	Lemuridae	STR	Lorisidae	STR	superfamily
Macaca_nigra	Eulemur_flavifrons	73.6666666666667	266.675	121.4130573131	0.196846846846847	0.999999999961289	0.220841440169652	0.540464840489188	0.106388799685999	516.665131386305	496.86822281128	19.7969085750253	OU	Cercopithecidae	OWM	Lemuridae	STR	order
Callithrix_jacchus	Eulemur_rubriventer	58.4421686746988	250.595	121.4130573063	0.195974330775422	0.999999999905282	0.219887792258317	0.538472654937104	0.105526818202159	516.665131386305	496.86822281128	19.7969085750253	OU	Callitrichidae	PLA	Lemuridae	STR	order
Pongo_pygmaeus	Mirza_zaza	344.588095238095	153.316666666667	121.413057314	0.195075398848983	0.999999999968702	0.218904926038524	0.536415119429668	0.104641393374642	516.665131386305	496.86822281128	19.7969085750253	OU	Hominidae	APE	Cheirogaleidae	STR	order
Saguinus_oedipus	Loris_tardigradus	234.143243243243	43	121.4130573059	0.194944664195046	0.999999999901987	0.218761955376986	0.536115460167939	0.104512848362455	516.665131386305	496.86822281128	19.7969085750253	OU	Callitrichidae	PLA	Lorisidae	STR	order
Eulemur_collaris	Varecia_variegata	239.829308390023	117.2	52.6432531394	0.125068137062747	0.433588069540212	0.213279333910533	0.361586686584822	0.104299394874519	516.665131386305	496.86822281128	19.7969085750253	OU	Lemuridae	STR	Lemuridae	STR	family
Macaca_nigra	Gorilla_gorilla	73.6666666666667	206.871929824561	62.151576032	0.135854424434364	0.511901910758392	0.213218189386573	0.390260763176509	0.103571895799553	516.665131386305	496.86822281128	19.7969085750253	OU	Cercopithecidae	OWM	Hominidae	APE	order
Macaca_mulatta	Loris_tardigradus	231.991538825782	43	121.4130573144	0.192750167083918	0.999999999971996	0.216360965677717	0.531069343079627	0.102363704614612	516.665131386305	496.86822281128	19.7969085750253	OU	Cercopithecidae	OWM	Lorisidae	STR	order
Callithrix_jacchus	Gorilla_gorilla	58.4421686746988	206.871929824561	78.0653383503	0.151381704385377	0.642973170059981	0.212021998028797	0.430498861276893	0.101356719674603	516.665131386305	496.86822281128	19.7969085750253	OU	Callitrichidae	PLA	Hominidae	APE	order
Propithecus_tattersalli	Loris_tardigradus	210.666666666667	43	99.3606340167	0.171001189869115	0.818368602288158	0.212283146914897	0.479453115762656	0.100183527389287	516.665131386305	496.86822281128	19.7969085750253	OU	Indriidae	STR	Lorisidae	STR	superfamily
Gorilla_gorilla	Galago_moholi	206.871929824561	20.3333333333333	121.413057313	0.190248441092532	0.999999999960466	0.213621324423643	0.525279914985026	0.0999336849670697	516.665131386305	496.86822281128	19.7969085750253	OU	Hominidae	APE	Galagidae	STR	order
Saguinus_oedipus	Cheirogaleus_medius	234.143243243243	50.3333333333333	121.4130573042	0.187465486904548	0.999999999887986	0.210570600995928	0.518793828678328	0.0972559377071517	516.665131386305	496.86822281128	19.7969085750253	OU	Callitrichidae	PLA	Cheirogaleidae	STR	order
Daubentonia_madagascariensis	Eulemur_collaris	82.0777777777778	239.829308390023	92.4969438824	0.160888863449511	0.761836872621437	0.207129074011013	0.454493776329944	0.095982473081132	516.665131386305	496.86822281128	19.7969085750253	OU	Daubentoniidae	STR	Lemuridae	STR	superfamily
Macaca_arctoides	Eulemur_flavifrons	448.685185185185	266.675	121.4130573132	0.185629969592233	0.999999999962113	0.208556703218737	0.514489621186973	0.0955046927400759	516.665131386305	496.86822281128	19.7969085750253	OU	Cercopithecidae	OWM	Lemuridae	STR	order
Macaca_mulatta	Cheirogaleus_medius	231.991538825782	50.3333333333333	121.4130573127	0.18527098979342	0.999999999957994	0.208162673551981	0.513645399670478	0.0951635916037838	516.665131386305	496.86822281128	19.7969085750253	OU	Cercopithecidae	OWM	Cheirogaleidae	STR	order
Callithrix_jacchus	Eulemur_collaris	58.4421686746988	239.829308390023	121.4130573047	0.184994533110988	0.999999999892104	0.207859188098253	0.51299470920246	0.0949012167275559	516.665131386305	496.86822281128	19.7969085750253	OU	Callitrichidae	PLA	Lemuridae	STR	order
Saguinus_oedipus	Propithecus_coquereli	234.143243243243	53.2916666666667	121.4130573052	0.184448318793041	0.999999999896222	0.207259478624585	0.511707714451582	0.0943836276538186	516.665131386305	496.86822281128	19.7969085750253	OU	Callitrichidae	PLA	Indriidae	STR	order
Eulemur_mongoz	Galago_moholi	181.294333333333	20.3333333333333	99.360634018	0.164162162162162	0.818368602298865	0.203984447661703	0.462637539455278	0.0928036322031636	516.665131386305	496.86822281128	19.7969085750253	OU	Lemuridae	STR	Galagidae	STR	superfamily
Cebuella_pygmaea	Eulemur_flavifrons	445.433333333333	266.675	121.4130573058	0.182313445520992	0.999999999901164	0.204914346966017	0.506659963346864	0.0923709236344361	516.665131386305	496.86822281128	19.7969085750253	OU	Callitrichidae	PLA	Lemuridae	STR	order
Macaca_mulatta	Propithecus_coquereli	231.991538825782	53.2916666666667	121.4130573137	0.182253821681913	0.999999999966231	0.204848824223384	0.506518587132832	0.0923149482609988	516.665131386305	496.86822281128	19.7969085750253	OU	Cercopithecidae	OWM	Indriidae	STR	order
Macaca_nemestrina	Daubentonia_madagascariensis	259.756542857143	82.0777777777778	121.4130573105	0.181212407016181	0.999999999939875	0.20370414434972	0.504045757021776	0.0913393448817009	516.665131386305	496.86822281128	19.7969085750253	OU	Cercopithecidae	OWM	Daubentoniidae	STR	order
Macaca_nigra	Eulemur_rubriventer	73.6666666666667	250.595	121.413057314	0.180447050824409	0.999999999968702	0.202862616859282	0.502224218650036	0.0906248791108286	516.665131386305	496.86822281128	19.7969085750253	OU	Cercopithecidae	OWM	Lemuridae	STR	order
Saimiri_sciureus	Macaca_mulatta	92.1231481481481	231.991538825782	78.0653383477	0.142650066983818	0.642973170038566	0.200060202415077	0.408026919826846	0.0905248774859602	516.665131386305	496.86822281128	19.7969085750253	OU	Cebidae	PLA	Cercopithecidae	OWM	order
Macaca_fascicularis	Nycticebus_pygmaeus	183.651470588235	7.5	121.4130573146	0.179654737978822	0.999999999973644	0.20199120140765	0.500334778965585	0.0898875136191231	516.665131386305	496.86822281128	19.7969085750253	OU	Cercopithecidae	OWM	Lorisidae	STR	order
Leontopithecus_chrysomelas	Daubentonia_madagascariensis	258.055555555556	82.0777777777778	121.4130573037	0.179477590798346	0.999999999883868	0.201796333815674	0.499911813375234	0.0897229678866391	516.665131386305	496.86822281128	19.7969085750253	OU	Callitrichidae	PLA	Daubentoniidae	STR	order
Macaca_nemestrina	Lemur_catta	259.756542857143	84.9427083333333	121.4130573145	0.178290499259367	0.99999999997282	0.200490171040043	0.497072558696228	0.0886233146604904	516.665131386305	496.86822281128	19.7969085750253	OU	Cercopithecidae	OWM	Lemuridae	STR	order
Saimiri_sciureus	Eulemur_flavifrons	92.1231481481481	266.675	121.4130573001	0.178023306325193	0.999999999854217	0.200196099841445	0.496432321106138	0.0883765231828885	516.665131386305	496.86822281128	19.7969085750253	OU	Cebidae	PLA	Lemuridae	STR	order
Pan_troglodytes	Daubentonia_madagascariensis	256.544302105726	82.0777777777778	121.413057308	0.177936281823507	0.999999999919284	0.20010031497227	0.496223703425703	0.088296200747387	516.665131386305	496.86822281128	19.7969085750253	OU	Hominidae	APE	Daubentoniidae	STR	order
Leontopithecus_chrysomelas	Lemur_catta	258.055555555556	84.9427083333333	121.4130573077	0.176555683041533	0.999999999916813	0.198580335849517	0.492907998520672	0.0870257083626914	516.665131386305	496.86822281128	19.7969085750253	OU	Callitrichidae	PLA	Lemuridae	STR	order
Eulemur_mongoz	Cheirogaleus_medius	181.294333333333	50.3333333333333	71.983496225	0.133565527791943	0.592881011443295	0.195174361619024	0.384223897757265	0.0865587979775176	516.665131386305	496.86822281128	19.7969085750253	OU	Lemuridae	STR	Cheirogaleidae	STR	superfamily
Pan_troglodytes	Lemur_catta	256.544302105726	84.9427083333333	121.413057312	0.175014374066693	0.999999999952229	0.196882533603185	0.489192824963485	0.0856157760629917	516.665131386305	496.86822281128	19.7969085750253	OU	Hominidae	APE	Lemuridae	STR	order
Macaca_nemestrina	Eulemur_coronatus	259.756542857143	90.1904761904762	121.4130573136	0.172938364779874	0.999999999965407	0.194594273537974	0.484166417908785	0.0837309485973711	516.665131386305	496.86822281128	19.7969085750253	OU	Cercopithecidae	OWM	Lemuridae	STR	order
Eulemur_coronatus	Eulemur_macaco	90.1904761904762	144.458333333333	13.292473054	0.0553471261018427	0.109481412853371	0.188340840776401	0.164771067342934	0.0832982038182003	516.665131386305	496.86822281128	19.7969085750253	OU	Lemuridae	STR	Lemuridae	STR	family
Macaca_nemestrina	Varecia_rubra	259.756542857143	90.8722222222222	121.4130573155	0.172243060310985	0.999999999981056	0.193827507520615	0.482477237315747	0.0831033558872279	516.665131386305	496.86822281128	19.7969085750253	OU	Cercopithecidae	OWM	Lemuridae	STR	order
Eulemur_mongoz	Propithecus_coquereli	181.294333333333	53.2916666666667	71.983496226	0.130548359680435	0.592881011451531	0.190851536715826	0.376226408467089	0.0828424920771054	516.665131386305	496.86822281128	19.7969085750253	OU	Lemuridae	STR	Indriidae	STR	superfamily
Eulemur_sanfordi	Eulemur_coronatus	147.325	90.1904761904762	14.8274950179	0.0582708044972196	0.122124385510603	0.187756591562767	0.173318707799116	0.0826978207148984	516.665131386305	496.86822281128	19.7969085750253	OU	Lemuridae	STR	Lemuridae	STR	family
Eulemur_mongoz	Eulemur_collaris	181.294333333333	239.829308390023	15.6477288174	0.0596991076559816	0.128880115228809	0.187258753844987	0.177491291479236	0.0822164978608709	516.665131386305	496.86822281128	19.7969085750253	OU	Lemuridae	STR	Lemuridae	STR	family
Leontopithecus_chrysomelas	Eulemur_coronatus	258.055555555556	90.1904761904762	121.4130573068	0.17120354856204	0.9999999999094	0.192680810136278	0.479946506639962	0.0821685450641604	516.665131386305	496.86822281128	19.7969085750253	OU	Callitrichidae	PLA	Lemuridae	STR	order
Macaca_nemestrina	Hapalemur_griseus	259.756542857143	92.4398148148148	121.4130573163	0.170644291731084	0.999999999987646	0.192063715955995	0.478582339422234	0.0816673443467215	516.665131386305	496.86822281128	19.7969085750253	OU	Cercopithecidae	OWM	Lemuridae	STR	order
Leontopithecus_chrysomelas	Varecia_rubra	258.055555555556	90.8722222222222	121.4130573087	0.17050824409315	0.999999999925049	0.191913580432176	0.478250206970348	0.0815456030338116	516.665131386305	496.86822281128	19.7969085750253	OU	Callitrichidae	PLA	Lemuridae	STR	order
Pan_troglodytes	Eulemur_coronatus	256.544302105726	90.1904761904762	121.4130573111	0.1696622395872	0.999999999944817	0.190979812751514	0.476182420643441	0.0807901759428787	516.665131386305	496.86822281128	19.7969085750253	OU	Hominidae	APE	Lemuridae	STR	order
Macaca_nigra	Eulemur_collaris	73.6666666666667	239.829308390023	121.4130573124	0.169467253159976	0.999999999955524	0.190764560119437	0.475705243743709	0.0806164609746286	516.665131386305	496.86822281128	19.7969085750253	OU	Cercopithecidae	OWM	Lemuridae	STR	order
Pan_troglodytes	Varecia_rubra	256.544302105726	90.8722222222222	121.413057313	0.168966935118311	0.999999999960466	0.190212174779666	0.474479831502974	0.0801714029076795	516.665131386305	496.86822281128	19.7969085750253	OU	Hominidae	APE	Lemuridae	STR	order
Leontopithecus_chrysomelas	Hapalemur_griseus	258.055555555556	92.4398148148148	121.4130573095	0.16890947551325	0.999999999931638	0.190148729376151	0.474339003886837	0.08012035236748	516.665131386305	496.86822281128	19.7969085750253	OU	Callitrichidae	PLA	Lemuridae	STR	order
Lemur_catta	Propithecus_tattersalli	84.9427083333333	210.666666666667	71.983496227	0.12822433282339	0.592881011459768	0.187517821960972	0.370035756563731	0.080028854169843	516.665131386305	496.86822281128	19.7969085750253	OU	Lemuridae	STR	Indriidae	STR	superfamily
Cheirogaleus_medius	Mirza_zaza	50.3333333333333	153.316666666667	49.55786972	0.105031446540881	0.408175782859019	0.185163071717036	0.30688740005364	0.0789680057132071	516.665131386305	496.86822281128	19.7969085750253	OU	Cheirogaleidae	STR	Cheirogaleidae	STR	family
Pan_troglodytes	Hapalemur_griseus	256.544302105726	92.4398148148148	121.4130573138	0.16736816653841	0.999999999967055	0.188446390924699	0.470554224633525	0.0787557978364109	516.665131386305	496.86822281128	19.7969085750253	OU	Hominidae	APE	Lemuridae	STR	order
Eulemur_rubriventer	Eulemur_mongoz	250.595	181.294333333333	22.837425719	0.0706789053204151	0.188096949566329	0.183580224498053	0.209423450531742	0.0786925054666454	516.665131386305	496.86822281128	19.7969085750253	OU	Lemuridae	STR	Lemuridae	STR	family
Gorilla_gorilla	Loris_tardigradus	206.871929824561	43	121.4130573117	0.167130984012811	0.999999999949758	0.188184349235206	0.469970580445713	0.0785466455709102	516.665131386305	496.86822281128	19.7969085750253	OU	Hominidae	APE	Lorisidae	STR	order
Macaca_fascicularis	Galago_moholi	183.651470588235	20.3333333333333	121.4130573156	0.16656617772045	0.99999999998188	0.187560260621201	0.468579425015554	0.0780494837847015	516.665131386305	496.86822281128	19.7969085750253	OU	Cercopithecidae	OWM	Galagidae	STR	order
Pongo_pygmaeus	Eulemur_mongoz	344.588095238095	181.294333333333	121.413057315	0.166541317597921	0.999999999976938	0.187532788429055	0.468518150374058	0.0780276300836362	516.665131386305	496.86822281128	19.7969085750253	OU	Hominidae	APE	Lemuridae	STR	order
Mirza_zaza	Nycticebus_pygmaeus	153.316666666667	7.5	99.360634016	0.148716641169472	0.818368602282393	0.185158617322394	0.423683287668719	0.0769931242303313	516.665131386305	496.86822281128	19.7969085750253	OU	Cheirogaleidae	STR	Lorisidae	STR	superfamily
Eulemur_albifrons	Propithecus_tattersalli	332.166666666667	210.666666666667	71.9834962262	0.123916369199388	0.592881011453179	0.181329282679561	0.358491620487426	0.0749273111147952	516.665131386305	496.86822281128	19.7969085750253	OU	Lemuridae	STR	Indriidae	STR	superfamily
Macaca_mulatta	Pongo_pygmaeus	231.991538825782	344.588095238095	62.1515760367	0.114835855596444	0.511901910797103	0.18085366311476	0.333875274918453	0.0748988273906934	516.665131386305	496.86822281128	19.7969085750253	OU	Cercopithecidae	OWM	Hominidae	APE	order
Saimiri_sciureus	Eulemur_rubriventer	92.1231481481481	250.595	121.413057301	0.161623510302756	0.999999999861629	0.182093766726886	0.456326848784707	0.0737531471561844	516.665131386305	496.86822281128	19.7969085750253	OU	Cebidae	PLA	Lemuridae	STR	order
Eulemur_coronatus	Propithecus_tattersalli	90.1904761904762	210.666666666667	71.9834962261	0.122872198343897	0.592881011452355	0.179827576748042	0.355680296254211	0.0737133068257751	516.665131386305	496.86822281128	19.7969085750253	OU	Lemuridae	STR	Indriidae	STR	superfamily
Leontopithecus_rosalia	Pongo_pygmaeus	470.128571428571	344.588095238095	78.0653383557	0.128037201622107	0.642973170104457	0.179937450361727	0.369536143618874	0.0735868554507477	516.665131386305	496.86822281128	19.7969085750253	OU	Callitrichidae	PLA	Hominidae	APE	order
Callithrix_jacchus	Macaca_fascicularis	58.4421686746988	183.651470588235	78.0653383529	0.127699441013295	0.642973170081395	0.1794708759123	0.368633944454355	0.0732135504804782	516.665131386305	496.86822281128	19.7969085750253	OU	Callitrichidae	PLA	Cercopithecidae	OWM	order
Eulemur_mongoz	Eulemur_fulvus	181.294333333333	126.166666666667	15.6477288174	0.0562240353561101	0.128880115228809	0.176543686975839	0.16731709206968	0.0729921918792981	516.665131386305	496.86822281128	19.7969085750253	OU	Lemuridae	STR	Lemuridae	STR	family
Varecia_rubra	Propithecus_tattersalli	90.8722222222222	210.666666666667	71.983496228	0.122176893875007	0.592881011468004	0.178827237390343	0.353805430476177	0.0729098211876567	516.665131386305	496.86822281128	19.7969085750253	OU	Lemuridae	STR	Indriidae	STR	superfamily
Varecia_rubra	Varecia_variegata	90.8722222222222	117.2	3.814273482	0.0268513796815684	0.0314156777389774	0.17086250231525	0.0850632498671866	0.0727046425071425	516.665131386305	496.86822281128	19.7969085750253	OU	Lemuridae	STR	Lemuridae	STR	family
Gorilla_gorilla	Cheirogaleus_medius	206.871929824561	50.3333333333333	121.41305731	0.159651806722313	0.999999999935757	0.179910611938994	0.45140019052117	0.0720668559761308	516.665131386305	496.86822281128	19.7969085750253	OU	Hominidae	APE	Cheirogaleidae	STR	order
Eulemur_mongoz	Lemur_catta	181.294333333333	84.9427083333333	47.799728539	0.0982678480367156	0.393695123036756	0.176544635732045	0.288037519522201	0.0718952954736948	516.665131386305	496.86822281128	19.7969085750253	OU	Lemuridae	STR	Lemuridae	STR	family
Eulemur_sanfordi	Nycticebus_pygmaeus	147.325	7.5	99.3606340172	0.14260581336053	0.818368602292276	0.177680136789802	0.407911997772311	0.0710811999127307	516.665131386305	496.86822281128	19.7969085750253	OU	Lemuridae	STR	Lorisidae	STR	superfamily
Hapalemur_griseus	Propithecus_tattersalli	92.4398148148148	210.666666666667	71.9834962288	0.120578125295107	0.592881011474593	0.176525977053955	0.349485885769166	0.0710772517715416	516.665131386305	496.86822281128	19.7969085750253	OU	Lemuridae	STR	Indriidae	STR	superfamily
Pan_troglodytes	Pongo_pygmaeus	256.544302105726	344.588095238095	40.643277586	0.0897947915679439	0.334752113848972	0.174975389417038	0.26417398374593	0.0708627274534297	516.665131386305	496.86822281128	19.7969085750253	OU	Hominidae	APE	Hominidae	APE	family
Eulemur_mongoz	Loris_tardigradus	181.294333333333	43	99.3606340167	0.141044705082441	0.818368602288158	0.175767019315138	0.403851427167809	0.0696032390328064	516.665131386305	496.86822281128	19.7969085750253	OU	Lemuridae	STR	Lorisidae	STR	superfamily
Gorilla_gorilla	Propithecus_coquereli	206.871929824561	53.2916666666667	121.413057311	0.156634638610805	0.999999999943993	0.176567178886091	0.443818830959267	0.0695174021998682	516.665131386305	496.86822281128	19.7969085750253	OU	Hominidae	APE	Indriidae	STR	order
Callithrix_jacchus	Propithecus_tattersalli	58.4421686746988	210.666666666667	121.4130573053	0.155251910241681	0.999999999897046	0.175033852078149	0.440327396889236	0.0683616695058388	516.665131386305	496.86822281128	19.7969085750253	OU	Callitrichidae	PLA	Indriidae	STR	order
Eulemur_macaco	Nycticebus_pygmaeus	144.458333333333	7.5	99.3606340171	0.139682134965153	0.818368602291453	0.174096353372561	0.400296934853065	0.0683241394204538	516.665131386305	496.86822281128	19.7969085750253	OU	Lemuridae	STR	Lorisidae	STR	superfamily
Saguinus_oedipus	Daubentonia_madagascariensis	234.143243243243	82.0777777777778	121.4130573022	0.155089714906135	0.999999999871513	0.174853947515278	0.43991715276524	0.0682266258134459	516.665131386305	496.86822281128	19.7969085750253	OU	Callitrichidae	PLA	Daubentoniidae	STR	order
Macaca_mulatta	Daubentonia_madagascariensis	231.991538825782	82.0777777777778	121.4130573107	0.152895217795007	0.999999999941522	0.172418946185057	0.434352283245019	0.0664103869503893	516.665131386305	496.86822281128	19.7969085750253	OU	Cercopithecidae	OWM	Daubentoniidae	STR	order
Saguinus_oedipus	Lemur_catta	234.143243243243	84.9427083333333	121.4130573062	0.152167807149321	0.999999999904458	0.171611448429963	0.4325018511551	0.0658128582845817	516.665131386305	496.86822281128	19.7969085750253	OU	Callitrichidae	PLA	Lemuridae	STR	order
Eulemur_flavifrons	Mirza_zaza	266.675	153.316666666667	71.9834962251	0.115612782593914	0.592881011444119	0.169369286510315	0.335996056520583	0.0655197894435991	516.665131386305	496.86822281128	19.7969085750253	OU	Lemuridae	STR	Cheirogaleidae	STR	superfamily
Macaca_fascicularis	Eulemur_albifrons	183.651470588235	332.166666666667	121.4130573138	0.151468838427774	0.999999999967055	0.170835353104332	0.430721044997126	0.0652408163742609	516.665131386305	496.86822281128	19.7969085750253	OU	Cercopithecidae	OWM	Lemuridae	STR	order
Daubentonia_madagascariensis	Propithecus_tattersalli	82.0777777777778	210.666666666667	92.496943883	0.131146240580203	0.761836872626379	0.169485611138511	0.377814755599235	0.0650388378574422	516.665131386305	496.86822281128	19.7969085750253	OU	Daubentoniidae	STR	Indriidae	STR	superfamily
Mirza_zaza	Galago_moholi	153.316666666667	20.3333333333333	99.360634017	0.1356280809111	0.818368602290629	0.169120986505803	0.389664964735972	0.0645791043516388	516.665131386305	496.86822281128	19.7969085750253	OU	Cheirogaleidae	STR	Galagidae	STR	superfamily
Saimiri_sciureus	Eulemur_collaris	92.1231481481481	239.829308390023	121.4130572994	0.150643712638322	0.999999999848451	0.16991896555713	0.428615393109499	0.064568214121734	516.665131386305	496.86822281128	19.7969085750253	OU	Cebidae	PLA	Lemuridae	STR	order
Macaca_arctoides	Pongo_pygmaeus	448.685185185185	344.588095238095	62.1515760361	0.106167353337165	0.511901910792161	0.16741214423227	0.31003495843103	0.0643005823668131	516.665131386305	496.86822281128	19.7969085750253	OU	Cercopithecidae	OWM	Hominidae	APE	order
Macaca_mulatta	Lemur_catta	231.991538825782	84.9427083333333	121.4130573147	0.149973310038193	0.999999999974467	0.16917424382241	0.426901858188902	0.0640238847356798	516.665131386305	496.86822281128	19.7969085750253	OU	Cercopithecidae	OWM	Lemuridae	STR	order
Saimiri_sciureus	Gorilla_gorilla	92.1231481481481	206.871929824561	78.065338345	0.117030883912711	0.642973170016328	0.164701735256567	0.339860114870148	0.0618597034910785	516.665131386305	496.86822281128	19.7969085750253	OU	Cebidae	PLA	Hominidae	APE	order
Saguinus_oedipus	Eulemur_coronatus	234.143243243243	90.1904761904762	121.4130573053	0.146815672669828	0.999999999897046	0.165664526123553	0.418798398386475	0.0614861685784874	516.665131386305	496.86822281128	19.7969085750253	OU	Callitrichidae	PLA	Lemuridae	STR	order
Eulemur_mongoz	Hapalemur_griseus	181.294333333333	92.4398148148148	47.7997285408	0.0906216405084326	0.393695123051581	0.163008615017892	0.266514415704435	0.0613468954938462	516.665131386305	496.86822281128	19.7969085750253	OU	Lemuridae	STR	Lemuridae	STR	family
Saguinus_oedipus	Varecia_rubra	234.143243243243	90.8722222222222	121.4130573072	0.146120368200939	0.999999999912695	0.164891248218424	0.417006859347082	0.0609331958354326	516.665131386305	496.86822281128	19.7969085750253	OU	Callitrichidae	PLA	Lemuridae	STR	order
Macaca_nemestrina	Varecia_variegata	259.756542857143	117.2	121.4130573155	0.145391680629417	0.999999999981056	0.164080672429174	0.415126545125358	0.0603559460708025	516.665131386305	496.86822281128	19.7969085750253	OU	Cercopithecidae	OWM	Lemuridae	STR	order
Macaca_mulatta	Eulemur_coronatus	231.991538825782	90.1904761904762	121.4130573138	0.1446211755587	0.999999999967054	0.163223390233062	0.413135263416692	0.0597481074620438	516.665131386305	496.86822281128	19.7969085750253	OU	Cercopithecidae	OWM	Lemuridae	STR	order
Saguinus_oedipus	Hapalemur_griseus	234.143243243243	92.4398148148148	121.413057308	0.144521599621038	0.999999999919284	0.163112585521562	0.41287769186005	0.059669744480273	516.665131386305	496.86822281128	19.7969085750253	OU	Callitrichidae	PLA	Lemuridae	STR	order
Macaca_mulatta	Varecia_rubra	231.991538825782	90.8722222222222	121.4130573157	0.143925871089811	0.999999999982704	0.162449611560494	0.411335637739168	0.0592018399729166	516.665131386305	496.86822281128	19.7969085750253	OU	Cercopithecidae	OWM	Lemuridae	STR	order
Eulemur_sanfordi	Galago_moholi	147.325	20.3333333333333	99.3606340182	0.129517253102159	0.818368602300513	0.161608663535187	0.373483031146049	0.0591084459231752	516.665131386305	496.86822281128	19.7969085750253	OU	Lemuridae	STR	Galagidae	STR	superfamily
Leontopithecus_chrysomelas	Varecia_variegata	258.055555555556	117.2	121.4130573087	0.143656864411582	0.999999999925049	0.162150201763168	0.410638696642411	0.0589910675701289	516.665131386305	496.86822281128	19.7969085750253	OU	Callitrichidae	PLA	Lemuridae	STR	order
Macaca_fascicularis	Loris_tardigradus	183.651470588235	43	121.4130573143	0.143448720640729	0.999999999971173	0.161918517472784	0.41009917783547	0.0588282023980089	516.665131386305	496.86822281128	19.7969085750253	OU	Cercopithecidae	OWM	Lorisidae	STR	order
Macaca_mulatta	Hapalemur_griseus	231.991538825782	92.4398148148148	121.4130573165	0.14232710250991	0.999999999989293	0.160669806110365	0.407187979478094	0.0579538852966026	516.665131386305	496.86822281128	19.7969085750253	OU	Cercopithecidae	OWM	Lemuridae	STR	order
Pan_troglodytes	Varecia_variegata	256.544302105726	117.2	121.413057313	0.142115555436742	0.999999999960466	0.160434242691825	0.406638164433755	0.0577896086025652	516.665131386305	496.86822281128	19.7969085750253	OU	Hominidae	APE	Lemuridae	STR	order
Eulemur_mongoz	Varecia_rubra	181.294333333333	90.8722222222222	52.64325314	0.0922204090883332	0.433588069545154	0.158135331759659	0.271032764462799	0.0576463103362632	516.665131386305	496.86822281128	19.7969085750253	OU	Lemuridae	STR	Lemuridae	STR	family
Saguinus_oedipus	Pongo_pygmaeus	234.143243243243	344.588095238095	78.0653383542	0.112641358485316	0.642973170092103	0.158607822872686	0.327870556059121	0.0574390760916897	516.665131386305	496.86822281128	19.7969085750253	OU	Callitrichidae	PLA	Hominidae	APE	order
Leontopithecus_rosalia	Eulemur_albifrons	470.128571428571	332.166666666667	121.4130573069	0.140705665233966	0.999999999910224	0.158863925512054	0.402967882379097	0.0566998639631638	516.665131386305	496.86822281128	19.7969085750253	OU	Callitrichidae	PLA	Lemuridae	STR	order
Eulemur_macaco	Galago_moholi	144.458333333333	20.3333333333333	99.3606340181	0.126593574706782	0.818368602299689	0.158009190051018	0.365676203659522	0.0565665125426106	516.665131386305	496.86822281128	19.7969085750253	OU	Lemuridae	STR	Galagidae	STR	superfamily
Macaca_nigra	Propithecus_tattersalli	73.6666666666667	210.666666666667	121.413057313	0.139724630290668	0.999999999960466	0.157770888262038	0.400407935855115	0.0559468508050174	516.665131386305	496.86822281128	19.7969085750253	OU	Cercopithecidae	OWM	Indriidae	STR	order
Macaca_arctoides	Pan_paniscus	448.685185185185	544.863636363636	62.1515760321	0.0980912301667018	0.511901910759216	0.154844892605625	0.287542865973722	0.05509929315792	516.665131386305	496.86822281128	19.7969085750253	OU	Cercopithecidae	OWM	Hominidae	APE	order
Pongo_pygmaeus	Propithecus_tattersalli	344.588095238095	210.666666666667	121.413057315	0.136584832811247	0.999999999976938	0.154270594047896	0.392181633825071	0.0535660628888744	516.665131386305	496.86822281128	19.7969085750253	OU	Hominidae	APE	Indriidae	STR	order
Macaca_nemestrina	Eulemur_fulvus	259.756542857143	126.166666666667	121.4130573129	0.136246686578762	0.999999999959642	0.153893440488854	0.391292692520364	0.0533123328405334	516.665131386305	496.86822281128	19.7969085750253	OU	Cercopithecidae	OWM	Lemuridae	STR	order
Propithecus_coquereli	Mirza_zaza	53.2916666666667	153.316666666667	69.529333389	0.102014278429373	0.57266767615452	0.152286307466076	0.298501298512221	0.0531746348640404	516.665131386305	496.86822281128	19.7969085750253	OU	Indriidae	STR	Cheirogaleidae	STR	superfamily
Macaca_fascicularis	Cheirogaleus_medius	183.651470588235	50.3333333333333	121.4130573126	0.135969543350231	0.999999999957171	0.153584300720738	0.39056368866022	0.0531047663985865	516.665131386305	496.86822281128	19.7969085750253	OU	Cercopithecidae	OWM	Cheirogaleidae	STR	order
Leontopithecus_chrysomelas	Eulemur_fulvus	258.055555555556	126.166666666667	121.4130573061	0.134511870360927	0.999999999903635	0.151957949440261	0.386723020287596	0.052018836775524	516.665131386305	496.86822281128	19.7969085750253	OU	Callitrichidae	PLA	Lemuridae	STR	order
Eulemur_fulvus	Nycticebus_pygmaeus	126.166666666667	7.5	99.3606340164	0.121026687064423	0.818368602285687	0.15114646484892	0.350699001023622	0.0518640843895363	516.665131386305	496.86822281128	19.7969085750253	OU	Lemuridae	STR	Lorisidae	STR	superfamily
Pan_troglodytes	Eulemur_fulvus	256.544302105726	126.166666666667	121.4130573104	0.132970561386088	0.999999999939051	0.150237580143783	0.382650410521884	0.050881239904813	516.665131386305	496.86822281128	19.7969085750253	OU	Hominidae	APE	Lemuridae	STR	order
Macaca_fascicularis	Propithecus_coquereli	183.651470588235	53.2916666666667	121.4130573136	0.132952375238723	0.999999999965407	0.150217276945938	0.382602286517139	0.0508678827659798	516.665131386305	496.86822281128	19.7969085750253	OU	Cercopithecidae	OWM	Indriidae	STR	order
Eulemur_rubriventer	Mirza_zaza	250.595	153.316666666667	71.983496226	0.0992129865714768	0.592881011451531	0.145634933068819	0.290682504343579	0.0486429466334164	516.665131386305	496.86822281128	19.7969085750253	OU	Lemuridae	STR	Cheirogaleidae	STR	superfamily
Eulemur_sanfordi	Cheirogaleus_medius	147.325	50.3333333333333	71.9834962252	0.0989206187319395	0.592881011444942	0.145210542825499	0.28986468086334	0.0483631504906116	516.665131386305	496.86822281128	19.7969085750253	OU	Lemuridae	STR	Cheirogaleidae	STR	superfamily
Cebuella_pygmaea	Pongo_pygmaeus	445.433333333333	344.588095238095	78.0653383547	0.102850829265924	0.642973170096221	0.144982018877298	0.30083015725617	0.0481211854257698	516.665131386305	496.86822281128	19.7969085750253	OU	Callitrichidae	PLA	Hominidae	APE	order
Gorilla_gorilla	Eulemur_albifrons	206.871929824561	332.166666666667	121.4130573112	0.127786575055692	0.99999999994564	0.144446143344119	0.368866742590539	0.0471362176901568	516.665131386305	496.86822281128	19.7969085750253	OU	Hominidae	APE	Lemuridae	STR	order
Cebuella_pygmaea	Pan_paniscus	445.433333333333	544.863636363636	78.0653383507	0.101407754237943	0.642973170063275	0.142969880041677	0.296811050034274	0.0468121275014	516.665131386305	496.86822281128	19.7969085750253	OU	Callitrichidae	PLA	Hominidae	APE	order
Gorilla_gorilla	Daubentonia_madagascariensis	206.871929824561	82.0777777777778	121.413057308	0.127276034723899	0.999999999919284	0.143875352413326	0.367502199321769	0.0467742226857623	516.665131386305	496.86822281128	19.7969085750253	OU	Hominidae	APE	Daubentoniidae	STR	order
Pan_troglodytes	Gorilla_gorilla	256.544302105726	206.871929824561	20.238906202	0.0506602470996074	0.166694642644773	0.140301945795257	0.150962308970895	0.0458790261873641	516.665131386305	496.86822281128	19.7969085750253	OU	Hominidae	APE	Hominidae	APE	family
Eulemur_macaco	Cheirogaleus_medius	144.458333333333	50.3333333333333	71.9834962251	0.0959969403365627	0.592881011444119	0.14096434948703	0.281668218187578	0.0456065999992098	516.665131386305	496.86822281128	19.7969085750253	OU	Lemuridae	STR	Cheirogaleidae	STR	superfamily
Eulemur_sanfordi	Propithecus_coquereli	147.325	53.2916666666667	71.9834962262	0.0959034506204317	0.592881011453179	0.140828502070703	0.281405580504388	0.045519700703634	516.665131386305	496.86822281128	19.7969085750253	OU	Lemuridae	STR	Indriidae	STR	superfamily
Callithrix_jacchus	Eulemur_mongoz	58.4421686746988	181.294333333333	121.4130573053	0.125295425455007	0.999999999897046	0.141660294939628	0.362196721551235	0.0453815923298428	516.665131386305	496.86822281128	19.7969085750253	OU	Callitrichidae	PLA	Lemuridae	STR	order
Mirza_zaza	Loris_tardigradus	153.316666666667	43	99.3606340157	0.112510623831379	0.818368602279922	0.140626037272095	0.327512165977493	0.0450268961979187	516.665131386305	496.86822281128	19.7969085750253	OU	Cheirogaleidae	STR	Lorisidae	STR	superfamily
Varecia_variegata	Propithecus_tattersalli	117.2	210.666666666667	71.983496228	0.0953255141934391	0.592881011468004	0.139988625652424	0.279781265183879	0.0449842252483465	516.665131386305	496.86822281128	19.7969085750253	OU	Lemuridae	STR	Indriidae	STR	superfamily
Gorilla_gorilla	Lemur_catta	206.871929824561	84.9427083333333	121.413057312	0.124354126967086	0.999999999952229	0.14060718109229	0.359668714524046	0.0447262889941483	516.665131386305	496.86822281128	19.7969085750253	OU	Hominidae	APE	Lemuridae	STR	order
Varecia_variegata	Nycticebus_pygmaeus	117.2	7.5	99.360634019	0.111881693013768	0.818368602307102	0.139848064758944	0.325787004392173	0.0445393451196973	516.665131386305	496.86822281128	19.7969085750253	OU	Lemuridae	STR	Lorisidae	STR	superfamily
Macaca_nemestrina	Pongo_pygmaeus	259.756542857143	344.588095238095	62.1515760365	0.0865186663752697	0.511901910795456	0.136768718993716	0.254876835219199	0.0430777916785815	516.665131386305	496.86822281128	19.7969085750253	OU	Cercopithecidae	OWM	Hominidae	APE	order
Eulemur_macaco	Propithecus_coquereli	144.458333333333	53.2916666666667	71.9834962261	0.0929797722250549	0.592881011452355	0.136578099144341	0.273175551272931	0.0428413122433962	516.665131386305	496.86822281128	19.7969085750253	OU	Lemuridae	STR	Indriidae	STR	superfamily
Saimiri_sciureus	Propithecus_tattersalli	92.1231481481481	210.666666666667	121.4130573	0.120901089769015	0.999999999853393	0.136741834805446	0.350359422315738	0.0423588359750253	516.665131386305	496.86822281128	19.7969085750253	OU	Cebidae	PLA	Indriidae	STR	order
Eulemur_fulvus	Galago_moholi	126.166666666667	20.3333333333333	99.3606340174	0.107938126806052	0.818368602293923	0.134966902136247	0.314931013428881	0.0415375951220036	516.665131386305	496.86822281128	19.7969085750253	OU	Lemuridae	STR	Galagidae	STR	superfamily
Saguinus_oedipus	Varecia_variegata	234.143243243243	117.2	121.4130573072	0.119268988519371	0.999999999912695	0.134913707163041	0.345940095267954	0.0412599252545058	516.665131386305	496.86822281128	19.7969085750253	OU	Callitrichidae	PLA	Lemuridae	STR	order
Gorilla_gorilla	Eulemur_coronatus	206.871929824561	90.1904761904762	121.4130573111	0.119001992487593	0.999999999944816	0.134614574101597	0.345215974973446	0.0410813888626541	516.665131386305	496.86822281128	19.7969085750253	OU	Hominidae	APE	Lemuridae	STR	order
Macaca_arctoides	Eulemur_albifrons	448.685185185185	332.166666666667	121.4130573133	0.118835816949024	0.999999999962937	0.134428387071168	0.34476512601269	0.0409704454067697	516.665131386305	496.86822281128	19.7969085750253	OU	Cercopithecidae	OWM	Lemuridae	STR	order
Gorilla_gorilla	Varecia_rubra	206.871929824561	90.8722222222222	121.413057313	0.118306688018703	0.999999999960466	0.133835488766882	0.343328715628154	0.040618083249288	516.665131386305	496.86822281128	19.7969085750253	OU	Hominidae	APE	Lemuridae	STR	order
Eulemur_sanfordi	Loris_tardigradus	147.325	43	99.3606340169	0.106399796022438	0.818368602289805	0.133061420227783	0.310678390719851	0.0403926999504623	516.665131386305	496.86822281128	19.7969085750253	OU	Lemuridae	STR	Lorisidae	STR	superfamily
Macaca_nemestrina	Eulemur_macaco	259.756542857143	144.458333333333	121.4130573136	0.117591238678032	0.999999999965407	0.133033695437935	0.341384488198407	0.0401438248341053	516.665131386305	496.86822281128	19.7969085750253	OU	Cercopithecidae	OWM	Lemuridae	STR	order
Saimiri_sciureus	Macaca_fascicularis	92.1231481481481	183.651470588235	78.0653383476	0.0933486205406291	0.642973170037742	0.131715967511265	0.274215605822637	0.0398113789611991	516.665131386305	496.86822281128	19.7969085750253	OU	Cebidae	PLA	Cercopithecidae	OWM	order
Macaca_mulatta	Varecia_variegata	231.991538825782	117.2	121.4130573157	0.117074491408243	0.999999999982704	0.132454499340058	0.339978794206593	0.0398028444220129	516.665131386305	496.86822281128	19.7969085750253	OU	Cercopithecidae	OWM	Lemuridae	STR	order
Gorilla_gorilla	Hapalemur_griseus	206.871929824561	92.4398148148148	121.4130573138	0.116707919438803	0.999999999967055	0.132043584073115	0.338980889665408	0.0395617543636675	516.665131386305	496.86822281128	19.7969085750253	OU	Hominidae	APE	Lemuridae	STR	order
Daubentonia_madagascariensis	Eulemur_mongoz	82.0777777777778	181.294333333333	92.496943883	0.101189755793529	0.761836872626378	0.131174352108732	0.296203177593325	0.0393427100772991	516.665131386305	496.86822281128	19.7969085750253	OU	Daubentoniidae	STR	Lemuridae	STR	superfamily
Leontopithecus_chrysomelas	Eulemur_macaco	258.055555555556	144.458333333333	121.4130573068	0.115856422460197	0.9999999999094	0.131088946129586	0.336660568650462	0.0390042890707918	516.665131386305	496.86822281128	19.7969085750253	OU	Callitrichidae	PLA	Lemuridae	STR	order
Cebuella_pygmaea	Eulemur_albifrons	445.433333333333	332.166666666667	121.4130573059	0.115519292877783	0.999999999901987	0.130710927488244	0.33574099911694	0.0387845628118706	516.665131386305	496.86822281128	19.7969085750253	OU	Callitrichidae	PLA	Lemuridae	STR	order
Eulemur_collaris	Mirza_zaza	239.829308390023	153.316666666667	71.9834962244	0.0882331889070433	0.592881011438353	0.129669209735977	0.259747120457102	0.0386558454482313	516.665131386305	496.86822281128	19.7969085750253	OU	Lemuridae	STR	Cheirogaleidae	STR	superfamily
Eulemur_macaco	Loris_tardigradus	144.458333333333	43	99.3606340168	0.103476117627061	0.818368602288982	0.129437828722187	0.302569041016815	0.0382574179788819	516.665131386305	496.86822281128	19.7969085750253	OU	Lemuridae	STR	Lorisidae	STR	superfamily
Macaca_nemestrina	Eulemur_sanfordi	259.756542857143	147.325	121.4130573137	0.114667560282655	0.999999999966231	0.129755758852051	0.333415525628602	0.0382319448854818	516.665131386305	496.86822281128	19.7969085750253	OU	Cercopithecidae	OWM	Lemuridae	STR	order
Pan_troglodytes	Eulemur_macaco	256.544302105726	144.458333333333	121.4130573111	0.114315113485357	0.999999999944817	0.129360454782823	0.332452305457543	0.038004323028945	516.665131386305	496.86822281128	19.7969085750253	OU	Hominidae	APE	Lemuridae	STR	order
Leontopithecus_chrysomelas	Eulemur_sanfordi	258.055555555556	147.325	121.4130573069	0.11293274406482	0.999999999910224	0.127809679164283	0.328669079167794	0.0371175010030088	516.665131386305	496.86822281128	19.7969085750253	OU	Callitrichidae	PLA	Lemuridae	STR	order
Eulemur_fulvus	Propithecus_tattersalli	126.166666666667	210.666666666667	71.9834962254	0.0861805201427843	0.59288101144659	0.126678347550978	0.25391508347381	0.0369088122968883	516.665131386305	496.86822281128	19.7969085750253	OU	Lemuridae	STR	Indriidae	STR	superfamily
Pan_troglodytes	Eulemur_sanfordi	256.544302105726	147.325	121.4130573112	0.111391435089981	0.99999999994564	0.126080022187647	0.324441033920323	0.0361399523724264	516.665131386305	496.86822281128	19.7969085750253	OU	Hominidae	APE	Lemuridae	STR	order
Leontopithecus_chrysomelas	Pongo_pygmaeus	258.055555555556	344.588095238095	78.0653383557	0.0882534825931045	0.642973170104457	0.124587084060598	0.259804704986839	0.0356603837846572	516.665131386305	496.86822281128	19.7969085750253	OU	Callitrichidae	PLA	Hominidae	APE	order
Saguinus_oedipus	Eulemur_fulvus	234.143243243243	126.166666666667	121.4130573046	0.110123994468716	0.99999999989128	0.124657248327523	0.320956558498466	0.0353450182766259	516.665131386305	496.86822281128	19.7969085750253	OU	Callitrichidae	PLA	Lemuridae	STR	order
Macaca_nigra	Eulemur_mongoz	73.6666666666667	181.294333333333	121.413057313	0.109768145503994	0.999999999960465	0.124257715050638	0.319977012261029	0.0351232832411906	516.665131386305	496.86822281128	19.7969085750253	OU	Cercopithecidae	OWM	Lemuridae	STR	order
Varecia_variegata	Galago_moholi	117.2	20.3333333333333	99.36063402	0.098793132755397	0.818368602315338	0.123628127105665	0.289507967172297	0.0349492868539658	516.665131386305	496.86822281128	19.7969085750253	OU	Lemuridae	STR	Galagidae	STR	superfamily
Macaca_nemestrina	Mirza_zaza	259.756542857143	153.316666666667	121.4130573125	0.108556732473713	0.999999999956347	0.122897351146848	0.316638311144346	0.0343732204353257	516.665131386305	496.86822281128	19.7969085750253	OU	Cercopithecidae	OWM	Cheirogaleidae	STR	order
Macaca_mulatta	Eulemur_fulvus	231.991538825782	126.166666666667	121.4130573131	0.107929497357588	0.999999999961289	0.122192850599168	0.314907185498466	0.0339877742464578	516.665131386305	496.86822281128	19.7969085750253	OU	Cercopithecidae	OWM	Lemuridae	STR	order
Pongo_pygmaeus	Eulemur_collaris	344.588095238095	239.829308390023	121.4130573144	0.10684220994194	0.999999999971996	0.120971397601691	0.311902430384619	0.0333243449494879	516.665131386305	496.86822281128	19.7969085750253	OU	Hominidae	APE	Lemuridae	STR	order
Leontopithecus_chrysomelas	Mirza_zaza	258.055555555556	153.316666666667	121.4130573057	0.106821916255879	0.99999999990034	0.120948597038625	0.311846301090361	0.0333120194630999	516.665131386305	496.86822281128	19.7969085750253	OU	Callitrichidae	PLA	Cheirogaleidae	STR	order
Eulemur_fulvus	Eulemur_coronatus	126.166666666667	90.1904761904762	14.8274950171	0.0366916782011125	0.122124385504014	0.118894984861616	0.109659688217859	0.0329467204696128	516.665131386305	496.86822281128	19.7969085750253	OU	Lemuridae	STR	Lemuridae	STR	family
Eulemur_mongoz	Eulemur_macaco	181.294333333333	144.458333333333	15.6477288181	0.0375685874553799	0.128880115234574	0.118505823889395	0.112259637447062	0.0327237138131283	516.665131386305	496.86822281128	19.7969085750253	OU	Lemuridae	STR	Lemuridae	STR	family
Pan_troglodytes	Mirza_zaza	256.544302105726	153.316666666667	121.41305731	0.105280607281039	0.999999999935757	0.119216598245541	0.307578271789444	0.0323820272425256	516.665131386305	496.86822281128	19.7969085750253	OU	Hominidae	APE	Cheirogaleidae	STR	order
Macaca_fascicularis	Pan_troglodytes	183.651470588235	256.544302105726	62.1515760326	0.074342510471689	0.511901910763334	0.117672310270801	0.220006152393527	0.0319510619988943	516.665131386305	496.86822281128	19.7969085750253	OU	Cercopithecidae	OWM	Hominidae	APE	order
Macaca_fascicularis	Daubentonia_madagascariensis	183.651470588235	82.0777777777778	121.4130573106	0.103593771351818	0.999999999940698	0.117320414523002	0.302896050682996	0.0313781442196836	516.665131386305	496.86822281128	19.7969085750253	OU	Cercopithecidae	OWM	Daubentoniidae	STR	order
Macaca_mulatta	Eulemur_albifrons	231.991538825782	332.166666666667	121.4130573139	0.102167391984584	0.999999999967878	0.115716486575402	0.298927759045608	0.030540669534467	516.665131386305	496.86822281128	19.7969085750253	OU	Cercopithecidae	OWM	Lemuridae	STR	order
Eulemur_sanfordi	Lemur_catta	147.325	84.9427083333333	47.7997285392	0.0636229389767126	0.393695123038403	0.114852261794868	0.188933509858852	0.0305325224138814	516.665131386305	496.86822281128	19.7969085750253	OU	Lemuridae	STR	Lemuridae	STR	family
Eulemur_fulvus	Cheirogaleus_medius	126.166666666667	50.3333333333333	71.9834962244	0.0773414924358324	0.592881011438353	0.113779186431124	0.228639010664389	0.0298260223766244	516.665131386305	496.86822281128	19.7969085750253	OU	Lemuridae	STR	Cheirogaleidae	STR	superfamily
Macaca_fascicularis	Lemur_catta	183.651470588235	84.9427083333333	121.4130573146	0.100671863595004	0.999999999973644	0.114034292940067	0.294758315208982	0.029673868902994	516.665131386305	496.86822281128	19.7969085750253	OU	Cercopithecidae	OWM	Lemuridae	STR	order
Saguinus_oedipus	Eulemur_albifrons	234.143243243243	332.166666666667	121.4130573054	0.0999728948734564	0.999999999897869	0.113247905314987	0.292806583224784	0.029272721765977	516.665131386305	496.86822281128	19.7969085750253	OU	Callitrichidae	PLA	Lemuridae	STR	order
Eulemur_mongoz	Varecia_variegata	181.294333333333	117.2	52.64325314	0.0653690294067649	0.433588069545154	0.112460937167644	0.194016626130288	0.0292505247024362	516.665131386305	496.86822281128	19.7969085750253	OU	Lemuridae	STR	Lemuridae	STR	family
Eulemur_mongoz	Eulemur_sanfordi	181.294333333333	147.325	15.6477288182	0.034644909060003	0.128880115235398	0.109343814558388	0.10357463915953	0.0278424173352927	516.665131386305	496.86822281128	19.7969085750253	OU	Lemuridae	STR	Lemuridae	STR	family
Eulemur_macaco	Lemur_catta	144.458333333333	84.9427083333333	47.7997285391	0.0606992605813357	0.39369512303758	0.10960856155491	0.180404509205776	0.027814467778622	516.665131386305	496.86822281128	19.7969085750253	OU	Lemuridae	STR	Lemuridae	STR	family
Eulemur_fulvus	Propithecus_coquereli	126.166666666667	53.2916666666667	71.9834962254	0.0743243243243246	0.59288101144659	0.109369019540128	0.21995371777931	0.0275736802848225	516.665131386305	496.86822281128	19.7969085750253	OU	Lemuridae	STR	Indriidae	STR	superfamily
Callithrix_jacchus	Mirza_zaza	58.4421686746988	153.316666666667	121.4130573043	0.0967613442039451	0.999999999888809	0.109633269502646	0.283814382861062	0.027462261193103	516.665131386305	496.86822281128	19.7969085750253	OU	Callitrichidae	PLA	Cheirogaleidae	STR	order
Hapalemur_griseus	Nycticebus_pygmaeus	92.4398148148148	7.5	99.3606340198	0.0866290819121008	0.818368602313691	0.108507040814613	0.255190791915118	0.0270134312992066	516.665131386305	496.86822281128	19.7969085750253	OU	Lemuridae	STR	Lorisidae	STR	superfamily
Pongo_pygmaeus	Eulemur_rubriventer	344.588095238095	250.595	121.413057316	0.0958624122775064	0.999999999985175	0.10862110003821	0.281290282292683	0.0269651650111971	516.665131386305	496.86822281128	19.7969085750253	OU	Hominidae	APE	Lemuridae	STR	order
Leontopithecus_rosalia	Pan_paniscus	470.128571428571	544.863636363636	78.0653383517	0.0762213818817594	0.642973170071512	0.10771316556672	0.225417912740941	0.0267222111431265	516.665131386305	496.86822281128	19.7969085750253	OU	Callitrichidae	PLA	Hominidae	APE	order
Macaca_fascicularis	Eulemur_coronatus	183.651470588235	90.1904761904762	121.4130573137	0.0953197291155112	0.999999999966231	0.108009969842537	0.279764999572465	0.026667123976149	516.665131386305	496.86822281128	19.7969085750253	OU	Cercopithecidae	OWM	Lemuridae	STR	order
Macaca_mulatta	Macaca_nemestrina	231.991538825782	259.756542857143	10.9824679332	0.0283171892211739	0.0904554104461209	0.106695551846016	0.0848013402117525	0.026547174847166	516.665131386305	496.86822281128	19.7969085750253	OU	Cercopithecidae	OWM	Cercopithecidae	OWM	family
Leontopithecus_chrysomelas	Macaca_fascicularis	258.055555555556	183.651470588235	78.0653383543	0.0758838194465283	0.642973170092926	0.107239024428623	0.224446421499161	0.0264892106182287	516.665131386305	496.86822281128	19.7969085750253	OU	Callitrichidae	PLA	Cercopithecidae	OWM	order
Macaca_fascicularis	Varecia_rubra	183.651470588235	90.8722222222222	121.4130573156	0.0946244246466219	0.99999999998188	0.107226874953003	0.277809126875906	0.0262875287926893	516.665131386305	496.86822281128	19.7969085750253	OU	Cercopithecidae	OWM	Lemuridae	STR	order
Varecia_rubra	Nycticebus_pygmaeus	90.8722222222222	7.5	99.360634019	0.0850303133322001	0.818368602307102	0.106516558546435	0.25064072390936	0.0260421272611638	516.665131386305	496.86822281128	19.7969085750253	OU	Lemuridae	STR	Lorisidae	STR	superfamily
Eulemur_fulvus	Loris_tardigradus	126.166666666667	43	99.3606340161	0.0848206697263304	0.818368602283216	0.106255500204896	0.250043430406471	0.0259160128682528	516.665131386305	496.86822281128	19.7969085750253	OU	Lemuridae	STR	Lorisidae	STR	superfamily
Eulemur_coronatus	Nycticebus_pygmaeus	90.1904761904762	7.5	99.3606340171	0.0843350088633107	0.818368602291453	0.105650687666526	0.24865916336341	0.0256249722771355	516.665131386305	496.86822281128	19.7969085750253	OU	Lemuridae	STR	Lorisidae	STR	superfamily
Macaca_fascicularis	Hapalemur_griseus	183.651470588235	92.4398148148148	121.4130573164	0.0930256560667212	0.999999999988469	0.105425847526912	0.27330495901933	0.0254243731193547	516.665131386305	496.86822281128	19.7969085750253	OU	Cercopithecidae	OWM	Lemuridae	STR	order
Saguinus_oedipus	Eulemur_macaco	234.143243243243	144.458333333333	121.4130573053	0.0914685465679857	0.999999999897046	0.103671226776384	0.268909054856392	0.0245967204092173	516.665131386305	496.86822281128	19.7969085750253	OU	Callitrichidae	PLA	Lemuridae	STR	order
Gorilla_gorilla	Varecia_variegata	206.871929824561	117.2	121.413057313	0.0914553083371351	0.999999999960466	0.103656307154965	0.268871643647693	0.0245897390738842	516.665131386305	496.86822281128	19.7969085750253	OU	Hominidae	APE	Lemuridae	STR	order
Saimiri_sciureus	Eulemur_mongoz	92.1231481481481	181.294333333333	121.4130573	0.0909446049823405	0.999999999853393	0.103080711454109	0.267427909815566	0.0243211256229953	516.665131386305	496.86822281128	19.7969085750253	OU	Cebidae	PLA	Lemuridae	STR	order
Lemur_catta	Mirza_zaza	84.9427083333333	153.316666666667	71.983496226	0.069733766785654	0.592881011451531	0.102652593147287	0.206686747986846	0.024310182318899	516.665131386305	496.86822281128	19.7969085750253	OU	Lemuridae	STR	Cheirogaleidae	STR	superfamily
Callithrix_jacchus	Eulemur_sanfordi	58.4421686746988	147.325	121.4130573055	0.0906505163950038	0.999999999898693	0.102749229960424	0.266596105559899	0.02416707464035	516.665131386305	496.86822281128	19.7969085750253	OU	Callitrichidae	PLA	Lemuridae	STR	order
Eulemur_sanfordi	Hapalemur_griseus	147.325	92.4398148148148	47.799728541	0.0559767314484296	0.393695123053229	0.101128533744697	0.166583108222581	0.0236852766691736	516.665131386305	496.86822281128	19.7969085750253	OU	Lemuridae	STR	Lemuridae	STR	family
Macaca_mulatta	Eulemur_macaco	231.991538825782	144.458333333333	121.4130573138	0.0892740494568577	0.999999999967054	0.101197509932376	0.262698739576085	0.0234521802699422	516.665131386305	496.86822281128	19.7969085750253	OU	Cercopithecidae	OWM	Lemuridae	STR	order
Varecia_variegata	Cheirogaleus_medius	117.2	50.3333333333333	71.983496227	0.0681964983851777	0.592881011459768	0.100401752539263	0.202230342275657	0.0232616679297574	516.665131386305	496.86822281128	19.7969085750253	OU	Lemuridae	STR	Cheirogaleidae	STR	superfamily
Saguinus_oedipus	Eulemur_sanfordi	234.143243243243	147.325	121.4130573054	0.0885448681726089	0.999999999897869	0.100375331413308	0.260631368053834	0.0230775701283304	516.665131386305	496.86822281128	19.7969085750253	OU	Callitrichidae	PLA	Lemuridae	STR	order
Eulemur_macaco	Propithecus_tattersalli	144.458333333333	210.666666666667	71.9834962261	0.067525072242054	0.592881011452355	0.0994184079951965	0.200281857858568	0.022810727042081	516.665131386305	496.86822281128	19.7969085750253	OU	Lemuridae	STR	Indriidae	STR	superfamily
Eulemur_sanfordi	Varecia_rubra	147.325	90.8722222222222	52.6432531402	0.0575755000283302	0.433588069546801	0.0991268284047548	0.171268209589403	0.022742444957892	516.665131386305	496.86822281128	19.7969085750253	OU	Lemuridae	STR	Lemuridae	STR	family
Callithrix_jacchus	Eulemur_macaco	58.4421686746988	144.458333333333	121.4130573054	0.0877268379996269	0.999999999897869	0.0994528443457497	0.258309849424305	0.0226607063164684	516.665131386305	496.86822281128	19.7969085750253	OU	Callitrichidae	PLA	Lemuridae	STR	order
Lemur_catta	Nycticebus_pygmaeus	84.9427083333333	7.5	99.360634018	0.0789828743838177	0.818368602298865	0.09898147267782	0.233352000714921	0.0225214062561851	516.665131386305	496.86822281128	19.7969085750253	OU	Lemuridae	STR	Lorisidae	STR	superfamily
Macaca_mulatta	Eulemur_sanfordi	231.991538825782	147.325	121.4130573139	0.0863503710614809	0.999999999967878	0.0979003093317163	0.254398221117875	0.0219673807916148	516.665131386305	496.86822281128	19.7969085750253	OU	Cercopithecidae	OWM	Lemuridae	STR	order
Saimiri_sciureus	Nycticebus_pygmaeus	92.1231481481481	7.5	121.413057301	0.0863061174381928	0.999999999861629	0.097850388852635	0.254272352173052	0.0219452594909695	516.665131386305	496.86822281128	19.7969085750253	OU	Cebidae	PLA	Lorisidae	STR	order
Nycticebus_pygmaeus	Loris_tardigradus	7.5	43	22.2897034077	0.0362060173380928	0.183585718868412	0.0958136723221155	0.108207961191426	0.0213403272496624	516.665131386305	496.86822281128	19.7969085750253	OU	Lorisidae	STR	Lorisidae	STR	family
Eulemur_macaco	Hapalemur_griseus	144.458333333333	92.4398148148148	47.7997285409	0.0530530530530527	0.393695123052405	0.0958727631220029	0.15800022962145	0.0212915885254324	516.665131386305	496.86822281128	19.7969085750253	OU	Lemuridae	STR	Lemuridae	STR	family
Varecia_variegata	Propithecus_coquereli	117.2	53.2916666666667	71.983496228	0.0651793302736699	0.592881011468004	0.0959817375945811	0.193464777708421	0.0212688623832909	516.665131386305	496.86822281128	19.7969085750253	OU	Lemuridae	STR	Indriidae	STR	superfamily
Macaca_fascicularis	Eulemur_flavifrons	183.651470588235	266.675	121.4130573137	0.084674685784564	0.999999999966231	0.0960097771445124	0.24962742042709	0.0211371233885889	516.665131386305	496.86822281128	19.7969085750253	OU	Cercopithecidae	OWM	Lemuridae	STR	order
Daubentonia_madagascariensis	Nycticebus_pygmaeus	82.0777777777778	7.5	99.360634014	0.0760609666270044	0.81836860226592	0.0953375455555455	0.224956287933	0.0209079290940916	516.665131386305	496.86822281128	19.7969085750253	OU	Daubentoniidae	STR	Lorisidae	STR	superfamily
Eulemur_sanfordi	Propithecus_tattersalli	147.325	210.666666666667	71.9834962262	0.0646013938466772	0.592881011453179	0.0951347430285102	0.191782926358638	0.020897016634747	516.665131386305	496.86822281128	19.7969085750253	OU	Lemuridae	STR	Indriidae	STR	superfamily
Eulemur_coronatus	Mirza_zaza	90.1904761904762	153.316666666667	71.9834962251	0.064381632306161	0.592881011444119	0.094812643107841	0.191143165756034	0.0207564566548788	516.665131386305	496.86822281128	19.7969085750253	OU	Lemuridae	STR	Cheirogaleidae	STR	superfamily
Varecia_variegata	Loris_tardigradus	117.2	43	99.3606340187	0.0756756756756757	0.818368602304631	0.094856895560612	0.223847216798296	0.0206994615038088	516.665131386305	496.86822281128	19.7969085750253	OU	Lemuridae	STR	Lorisidae	STR	superfamily
Daubentonia_madagascariensis	Mirza_zaza	82.0777777777778	153.316666666667	92.496943882	0.0726556745424673	0.761836872618142	0.0943921113959694	0.215138409332327	0.0205175501630892	516.665131386305	496.86822281128	19.7969085750253	OU	Daubentoniidae	STR	Cheirogaleidae	STR	superfamily
Eulemur_macaco	Varecia_rubra	144.458333333333	90.8722222222222	52.6432531401	0.0546518216329534	0.433588069545977	0.0941172159959592	0.162696039569268	0.0205071023846165	516.665131386305	496.86822281128	19.7969085750253	OU	Lemuridae	STR	Lemuridae	STR	family
Varecia_rubra	Mirza_zaza	90.8722222222222	153.316666666667	71.983496227	0.0636863278372716	0.592881011459768	0.0937934472986708	0.189118184606201	0.0203147722258221	516.665131386305	496.86822281128	19.7969085750253	OU	Lemuridae	STR	Cheirogaleidae	STR	superfamily
Saguinus_oedipus	Mirza_zaza	234.143243243243	153.316666666667	121.4130573042	0.0824340403636675	0.999999999887986	0.093480999977434	0.243233218896478	0.020050696986543	516.665131386305	496.86822281128	19.7969085750253	OU	Callitrichidae	PLA	Cheirogaleidae	STR	order
Gorilla_gorilla	Eulemur_fulvus	206.871929824561	126.166666666667	121.4130573104	0.0823103142864803	0.999999999939051	0.093341335713576	0.242879647679534	0.0199915001355105	516.665131386305	496.86822281128	19.7969085750253	OU	Hominidae	APE	Lemuridae	STR	order
Hapalemur_griseus	Galago_moholi	92.4398148148148	20.3333333333333	99.3606340208	0.0735405216537292	0.818368602321927	0.0921926683816024	0.217692896549186	0.0195623941670244	516.665131386305	496.86822281128	19.7969085750253	OU	Lemuridae	STR	Galagidae	STR	superfamily
Macaca_nigra	Mirza_zaza	73.6666666666667	153.316666666667	121.413057312	0.0812340642529325	0.999999999952229	0.0921263236762175	0.239801917939079	0.0194800844107702	516.665131386305	496.86822281128	19.7969085750253	OU	Cercopithecidae	OWM	Cheirogaleidae	STR	order
Hapalemur_griseus	Mirza_zaza	92.4398148148148	153.316666666667	71.9834962278	0.062087559257371	0.592881011466357	0.0914493464587379	0.184457203336535	0.0193166880387701	516.665131386305	496.86822281128	19.7969085750253	OU	Lemuridae	STR	Cheirogaleidae	STR	superfamily
Macaca_mulatta	Mirza_zaza	231.991538825782	153.316666666667	121.4130573127	0.0802395432525395	0.999999999957994	0.0910033863660819	0.23695452696084	0.019013123015758	516.665131386305	496.86822281128	19.7969085750253	OU	Cercopithecidae	OWM	Cheirogaleidae	STR	order
Macaca_nemestrina	Eulemur_mongoz	259.756542857143	181.294333333333	121.4130573135	0.0800226512226518	0.999999999964584	0.0907584641847772	0.236333120649459	0.0189120028867623	516.665131386305	496.86822281128	19.7969085750253	OU	Cercopithecidae	OWM	Lemuridae	STR	order
Varecia_rubra	Galago_moholi	90.8722222222222	20.3333333333333	99.36063402	0.0719417530738286	0.818368602315338	0.090197057486824	0.213075679720946	0.0187312146301231	516.665131386305	496.86822281128	19.7969085750253	OU	Lemuridae	STR	Galagidae	STR	superfamily
Pongo_pygmaeus	Eulemur_flavifrons	344.588095238095	266.675	121.4130573151	0.0794626162550688	0.999999999977762	0.0901260129757775	0.234727889664157	0.0186520922211598	516.665131386305	496.86822281128	19.7969085750253	OU	Hominidae	APE	Lemuridae	STR	order
Eulemur_coronatus	Galago_moholi	90.1904761904762	20.3333333333333	99.3606340181	0.0712464486049392	0.818368602299689	0.089328987941643	0.211065301835472	0.0183751589897875	516.665131386305	496.86822281128	19.7969085750253	OU	Lemuridae	STR	Galagidae	STR	superfamily
Eulemur_collaris	Eulemur_flavifrons	239.829308390023	266.675	14.8274950171	0.027379593686871	0.122124385504014	0.0888666695925855	0.0819435932011038	0.0183712882388646	516.665131386305	496.86822281128	19.7969085750253	OU	Lemuridae	STR	Lemuridae	STR	family
Leontopithecus_chrysomelas	Eulemur_mongoz	258.055555555556	181.294333333333	121.4130573067	0.078287835004817	0.999999999908577	0.0887991396066561	0.231357338506583	0.0181124651458128	516.665131386305	496.86822281128	19.7969085750253	OU	Callitrichidae	PLA	Lemuridae	STR	order
Eulemur_sanfordi	Eulemur_fulvus	147.325	126.166666666667	9.5384061272	0.0215791262961071	0.0785616171597847	0.0873318579842793	0.0647444110329948	0.0177838475474159	516.665131386305	496.86822281128	19.7969085750253	OU	Lemuridae	STR	Lemuridae	STR	family
Propithecus_tattersalli	Mirza_zaza	210.666666666667	153.316666666667	69.529333389	0.0584905660377358	0.57266767615452	0.0876741742230647	0.173947031587998	0.0177664302732894	516.665131386305	496.86822281128	19.7969085750253	OU	Indriidae	STR	Cheirogaleidae	STR	superfamily
Pan_troglodytes	Eulemur_albifrons	256.544302105726	332.166666666667	121.4130573112	0.0771263279560847	0.99999999994564	0.0874870154690774	0.228020566822911	0.0175863890184721	516.665131386305	496.86822281128	19.7969085750253	OU	Hominidae	APE	Lemuridae	STR	order
Pan_troglodytes	Eulemur_mongoz	256.544302105726	181.294333333333	121.413057311	0.0767465260299776	0.999999999943993	0.0870579112375748	0.226928554784574	0.0174159782376949	516.665131386305	496.86822281128	19.7969085750253	OU	Hominidae	APE	Lemuridae	STR	order
Daubentonia_madagascariensis	Eulemur_sanfordi	82.0777777777778	147.325	92.4969438832	0.066544846733526	0.761836872628026	0.0864857018420542	0.197434998130208	0.0172455313761422	516.665131386305	496.86822281128	19.7969085750253	OU	Daubentoniidae	STR	Lemuridae	STR	superfamily
Macaca_nemestrina	Gorilla_gorilla	259.756542857143	206.871929824561	62.1515760325	0.0539363722922815	0.51190191076251	0.0855201075711325	0.160595369373787	0.0169210769658166	516.665131386305	496.86822281128	19.7969085750253	OU	Cercopithecidae	OWM	Hominidae	APE	order
Leontopithecus_chrysomelas	Eulemur_albifrons	258.055555555556	332.166666666667	121.4130573069	0.0755850189812453	0.999999999910224	0.0857454713143206	0.223586192446544	0.0168997666015336	516.665131386305	496.86822281128	19.7969085750253	OU	Callitrichidae	PLA	Lemuridae	STR	order
Macaca_nigra	Eulemur_sanfordi	73.6666666666667	147.325	121.4130573132	0.0751232364439911	0.999999999962113	0.0852236169443596	0.22225620833915	0.0166966056908395	516.665131386305	496.86822281128	19.7969085750253	OU	Cercopithecidae	OWM	Lemuridae	STR	order
Eulemur_flavifrons	Propithecus_tattersalli	266.675	210.666666666667	71.9834962261	0.0571222165561785	0.592881011452355	0.0841642154419941	0.169940498850226	0.0163732313726963	516.665131386305	496.86822281128	19.7969085750253	OU	Lemuridae	STR	Indriidae	STR	superfamily
Macaca_nemestrina	Eulemur_albifrons	259.756542857143	332.166666666667	121.4130573137	0.0738502027634105	0.999999999966231	0.083784788768748	0.218586369901494	0.0161426477390883	516.665131386305	496.86822281128	19.7969085750253	OU	Cercopithecidae	OWM	Lemuridae	STR	order
Saimiri_sciureus	Galago_moholi	92.1231481481481	20.3333333333333	121.413057302	0.0732175571798213	0.999999999869866	0.0830696477106648	0.216760792793155	0.0158706957427416	516.665131386305	496.86822281128	19.7969085750253	OU	Cebidae	PLA	Galagidae	STR	order
Daubentonia_madagascariensis	Eulemur_macaco	82.0777777777778	144.458333333333	92.4969438831	0.0636211683381491	0.761836872627202	0.0826998628847089	0.188928351195281	0.0157774490407551	516.665131386305	496.86822281128	19.7969085750253	OU	Daubentoniidae	STR	Lemuridae	STR	superfamily
Lemur_catta	Galago_moholi	84.9427083333333	20.3333333333333	99.360634019	0.0658943141254462	0.818368602307102	0.0826434943502294	0.195544212264808	0.0157450465622273	516.665131386305	496.86822281128	19.7969085750253	OU	Lemuridae	STR	Galagidae	STR	superfamily
Macaca_nigra	Eulemur_macaco	73.6666666666667	144.458333333333	121.4130573131	0.0721995580486143	0.999999999961289	0.0819187630375063	0.213820727614198	0.0154377620359758	516.665131386305	496.86822281128	19.7969085750253	OU	Cercopithecidae	OWM	Lemuridae	STR	order
Daubentonia_madagascariensis	Galago_moholi	82.0777777777778	20.3333333333333	99.360634015	0.0629724063686328	0.818368602274156	0.0789911633141422	0.187037666468861	0.0143923067263181	516.665131386305	496.86822281128	19.7969085750253	OU	Daubentoniidae	STR	Galagidae	STR	superfamily
Callithrix_jacchus	Eulemur_fulvus	58.4421686746988	126.166666666667	121.4130573047	0.0690713900988967	0.999999999892104	0.0783811926550264	0.20476739449324	0.0141435685861033	516.665131386305	496.86822281128	19.7969085750253	OU	Callitrichidae	PLA	Lemuridae	STR	order
Macaca_fascicularis	Eulemur_rubriventer	183.651470588235	250.595	121.4130573146	0.0682748897621265	0.999999999973644	0.0774801988845539	0.202457752859827	0.0138227807583569	516.665131386305	496.86822281128	19.7969085750253	OU	Cercopithecidae	OWM	Lemuridae	STR	order
Macaca_fascicularis	Varecia_variegata	183.651470588235	117.2	121.4130573156	0.0677730449650535	0.99999999998188	0.0769124655860518	0.201001622730362	0.0136224920156004	516.665131386305	496.86822281128	19.7969085750253	OU	Cercopithecidae	OWM	Lemuridae	STR	order
Macaca_nigra	Nycticebus_pygmaeus	73.6666666666667	7.5	121.413057314	0.0674825769165392	0.999999999968702	0.0765838433139961	0.200158493960662	0.0135072109646218	516.665131386305	496.86822281128	19.7969085750253	OU	Cercopithecidae	OWM	Lorisidae	STR	order
Eulemur_fulvus	Lemur_catta	126.166666666667	84.9427083333333	47.7997285384	0.0420438126806055	0.393695123031814	0.0760461009299264	0.125520493039585	0.0134046875061419	516.665131386305	496.86822281128	19.7969085750253	OU	Lemuridae	STR	Lemuridae	STR	family
Leontopithecus_chrysomelas	Gorilla_gorilla	258.055555555556	206.871929824561	78.0653383517	0.0522015560744467	0.642973170071512	0.0738888401952479	0.15549695572479	0.0126244506481827	516.665131386305	496.86822281128	19.7969085750253	OU	Callitrichidae	PLA	Hominidae	APE	order
Saguinus_oedipus	Macaca_fascicularis	234.143243243243	183.651470588235	78.0653383528	0.0514959435543172	0.642973170080572	0.0728928813157427	0.153421368712135	0.0122875704786191	516.665131386305	496.86822281128	19.7969085750253	OU	Callitrichidae	PLA	Cercopithecidae	OWM	order
Gorilla_gorilla	Eulemur_macaco	206.871929824561	144.458333333333	121.4130573111	0.0636548663857501	0.999999999944816	0.0722521466075516	0.189026527299024	0.0120324583392457	516.665131386305	496.86822281128	19.7969085750253	OU	Hominidae	APE	Lemuridae	STR	order
Saimiri_sciureus	Mirza_zaza	92.1231481481481	153.316666666667	121.413057299	0.0624105237312789	0.999999999845157	0.070843496498679	0.185399292051565	0.0115708669181382	516.665131386305	496.86822281128	19.7969085750253	OU	Cebidae	PLA	Cheirogaleidae	STR	order
Gorilla_gorilla	Eulemur_flavifrons	206.871929824561	266.675	121.4130573111	0.0609924224124825	0.999999999944816	0.0692378735689126	0.181260706751134	0.0110555295935604	516.665131386305	496.86822281128	19.7969085750253	OU	Hominidae	APE	Lemuridae	STR	order
Gorilla_gorilla	Eulemur_sanfordi	206.871929824561	147.325	121.4130573112	0.0607311879903733	0.99999999994564	0.068942064065772	0.180497765665338	0.0109618437390599	516.665131386305	496.86822281128	19.7969085750253	OU	Hominidae	APE	Lemuridae	STR	order
Callithrix_jacchus	Varecia_variegata	58.4421686746988	117.2	121.4130573073	0.0599263960482419	0.999999999913519	0.0680306960512482	0.178146281266912	0.0106756646066457	516.665131386305	496.86822281128	19.7969085750253	OU	Callitrichidae	PLA	Lemuridae	STR	order
Callithrix_jacchus	Saimiri_sciureus	58.4421686746988	92.1231481481481	41.3912937953	0.0343508204726663	0.340913034476661	0.0667914903475229	0.102694819391808	0.0103476574599625	516.665131386305	496.86822281128	19.7969085750253	OU	Callitrichidae	PLA	Cebidae	PLA	superfamily
Macaca_fascicularis	Eulemur_fulvus	183.651470588235	126.166666666667	121.413057313	0.0586280509143987	0.999999999960466	0.0665602276240659	0.174349339395227	0.0102217619473593	516.665131386305	496.86822281128	19.7969085750253	OU	Cercopithecidae	OWM	Lemuridae	STR	order
Macaca_fascicularis	Eulemur_collaris	183.651470588235	239.829308390023	121.413057313	0.057295092097693	0.999999999960466	0.065050320455946	0.17044692534336	0.00976577228570253	516.665131386305	496.86822281128	19.7969085750253	OU	Cercopithecidae	OWM	Lemuridae	STR	order
Cebuella_pygmaea	Leontopithecus_rosalia	445.433333333333	470.128571428571	23.8355055678	0.0251863723561836	0.196317480956025	0.0645395160644334	0.0753934867980062	0.00967253869843073	516.665131386305	496.86822281128	19.7969085750253	OU	Callitrichidae	PLA	Callitrichidae	PLA	family
Saimiri_sciureus	Eulemur_sanfordi	92.1231481481481	147.325	121.4130573002	0.0562996959223375	0.99999999985504	0.0639226339535905	0.167530020052839	0.00943188918820519	516.665131386305	496.86822281128	19.7969085750253	OU	Cebidae	PLA	Lemuridae	STR	order
Hapalemur_griseus	Cheirogaleus_medius	92.4398148148148	50.3333333333333	71.9834962278	0.0429438872835099	0.592881011466357	0.063324952530605	0.12818464275969	0.00928474136240992	516.665131386305	496.86822281128	19.7969085750253	OU	Lemuridae	STR	Cheirogaleidae	STR	superfamily
Hapalemur_griseus	Loris_tardigradus	92.4398148148148	43	99.3606340195	0.050423064574008	0.81836860231122	0.0632867216913111	0.150263416900113	0.00925834880769792	516.665131386305	496.86822281128	19.7969085750253	OU	Lemuridae	STR	Lorisidae	STR	superfamily
Eulemur_fulvus	Hapalemur_griseus	126.166666666667	92.4398148148148	47.7997285402	0.0343976051523225	0.39369512304664	0.0622473568188517	0.102833909837912	0.00898471944356543	516.665131386305	496.86822281128	19.7969085750253	OU	Lemuridae	STR	Lemuridae	STR	family
Eulemur_fulvus	Varecia_rubra	126.166666666667	90.8722222222222	52.6432531394	0.0359963737322231	0.433588069540212	0.0620719377523847	0.107585107873052	0.00893168890723079	516.665131386305	496.86822281128	19.7969085750253	OU	Lemuridae	STR	Lemuridae	STR	family
Gorilla_gorilla	Mirza_zaza	206.871929824561	153.316666666667	121.41305731	0.0546203601814319	0.999999999935757	0.0620198212751166	0.162603688130703	0.00888147201309879	516.665131386305	496.86822281128	19.7969085750253	OU	Hominidae	APE	Cheirogaleidae	STR	order
Macaca_nigra	Galago_moholi	73.6666666666667	20.3333333333333	121.413057315	0.0543940166581677	0.999999999976938	0.0617633298488509	0.161939217029983	0.00880852446894267	516.665131386305	496.86822281128	19.7969085750253	OU	Cercopithecidae	OWM	Galagidae	STR	order
Varecia_rubra	Loris_tardigradus	90.8722222222222	43	99.3606340187	0.0488242959941073	0.818368602304631	0.0612840994248885	0.145553080669488	0.00868377241434772	516.665131386305	496.86822281128	19.7969085750253	OU	Lemuridae	STR	Lorisidae	STR	superfamily
Saguinus_oedipus	Eulemur_mongoz	234.143243243243	181.294333333333	121.4130573052	0.0538999591126059	0.999999999896222	0.0612034439207626	0.160488423896762	0.00865031948697973	516.665131386305	496.86822281128	19.7969085750253	OU	Callitrichidae	PLA	Lemuridae	STR	order
Varecia_rubra	Cheirogaleus_medius	90.8722222222222	50.3333333333333	71.983496227	0.0413451187036093	0.592881011459768	0.0609720954975497	0.123451431031122	0.00860900243295875	516.665131386305	496.86822281128	19.7969085750253	OU	Lemuridae	STR	Cheirogaleidae	STR	superfamily
Macaca_nigra	Eulemur_fulvus	73.6666666666667	126.166666666667	121.4130573124	0.053544110147884	0.999999999955524	0.0608001627640793	0.159443140115057	0.00853724105702485	516.665131386305	496.86822281128	19.7969085750253	OU	Cercopithecidae	OWM	Lemuridae	STR	order
Eulemur_fulvus	Eulemur_macaco	126.166666666667	144.458333333333	14.8274950171	0.0186554479007302	0.122124385504014	0.0606177827398549	0.0558860895243377	0.00853703400180103	516.665131386305	496.86822281128	19.7969085750253	OU	Lemuridae	STR	Lemuridae	STR	family
Saimiri_sciureus	Eulemur_macaco	92.1231481481481	144.458333333333	121.4130573001	0.0533760175269606	0.999999999854217	0.060609659140888	0.158949280795025	0.00848407959884986	516.665131386305	496.86822281128	19.7969085750253	OU	Cebidae	PLA	Lemuridae	STR	order
Eulemur_coronatus	Loris_tardigradus	90.1904761904762	43	99.3606340168	0.0481289915252179	0.818368602288982	0.0604130372828809	0.143502925258836	0.00843953574747191	516.665131386305	496.86822281128	19.7969085750253	OU	Lemuridae	STR	Lorisidae	STR	superfamily
Eulemur_rubriventer	Propithecus_tattersalli	250.595	210.666666666667	71.983496227	0.040722420533741	0.592881011459768	0.0600555451527681	0.121606705843163	0.00835263622775724	516.665131386305	496.86822281128	19.7969085750253	OU	Lemuridae	STR	Indriidae	STR	superfamily
Eulemur_coronatus	Cheirogaleus_medius	90.1904761904762	50.3333333333333	71.9834962251	0.0406498142347199	0.592881011444119	0.0599486706340857	0.121391568611586	0.00832299334684856	516.665131386305	496.86822281128	19.7969085750253	OU	Lemuridae	STR	Cheirogaleidae	STR	superfamily
Leontopithecus_chrysomelas	Saguinus_oedipus	258.055555555556	234.143243243243	26.3249190833	0.0243878758922111	0.216821153052709	0.0594749882399446	0.0730100151122417	0.00821211013029231	516.665131386305	496.86822281128	19.7969085750253	OU	Callitrichidae	PLA	Callitrichidae	PLA	family
Callithrix_jacchus	Nycticebus_pygmaeus	58.4421686746988	7.5	121.4130573063	0.0519552969655266	0.999999999905282	0.0589993830586935	0.154772696718638	0.00804126142093388	516.665131386305	496.86822281128	19.7969085750253	OU	Callitrichidae	PLA	Lorisidae	STR	order
Hapalemur_griseus	Propithecus_coquereli	92.4398148148148	53.2916666666667	71.9834962288	0.0399267191720021	0.592881011474593	0.0588842355406679	0.119248503821008	0.00803061901392476	516.665131386305	496.86822281128	19.7969085750253	OU	Lemuridae	STR	Indriidae	STR	superfamily
Macaca_mulatta	Eulemur_mongoz	231.991538825782	181.294333333333	121.4130573137	0.0517054620014778	0.999999999966231	0.058716189461865	0.154037787273023	0.00796459495690595	516.665131386305	496.86822281128	19.7969085750253	OU	Cercopithecidae	OWM	Lemuridae	STR	order
Propithecus_coquereli	Nycticebus_pygmaeus	53.2916666666667	7.5	99.360634017	0.0467023627400986	0.818368602290629	0.0586255629516354	0.139293389100397	0.00794914463587177	516.665131386305	496.86822281128	19.7969085750253	OU	Indriidae	STR	Lorisidae	STR	superfamily
Daubentonia_madagascariensis	Eulemur_fulvus	82.0777777777778	126.166666666667	92.4969438824	0.0449657204374189	0.761836872621437	0.0585025581989507	0.134163765253104	0.00791871669382996	516.665131386305	496.86822281128	19.7969085750253	OU	Daubentoniidae	STR	Lemuridae	STR	superfamily
Saimiri_sciureus	Loris_tardigradus	92.1231481481481	43	121.4130573007	0.0501001001001	0.999999999859158	0.0568962997846422	0.149312316564817	0.00748056200712873	516.665131386305	496.86822281128	19.7969085750253	OU	Cebidae	PLA	Lorisidae	STR	order
Macaca_nemestrina	Propithecus_tattersalli	259.756542857143	210.666666666667	121.4130573135	0.0500661664359776	0.999999999964584	0.056857828253649	0.149212372442798	0.00747049147329277	516.665131386305	496.86822281128	19.7969085750253	OU	Cercopithecidae	OWM	Indriidae	STR	order
Lemur_catta	Varecia_variegata	84.9427083333333	117.2	52.643253141	0.0328988186299507	0.43358806955339	0.0567399692487728	0.0983764827377329	0.00746438910640421	516.665131386305	496.86822281128	19.7969085750253	OU	Lemuridae	STR	Lemuridae	STR	family
Varecia_rubra	Propithecus_coquereli	90.8722222222222	53.2916666666667	71.983496228	0.0383279505921015	0.592881011468004	0.0565303909185556	0.114507092511168	0.00740253457155982	516.665131386305	496.86822281128	19.7969085750253	OU	Lemuridae	STR	Indriidae	STR	superfamily
Eulemur_coronatus	Propithecus_coquereli	90.1904761904762	53.2916666666667	71.9834962261	0.0376326461232121	0.592881011452355	0.0555065486101667	0.112443762490291	0.00713727753262625	516.665131386305	496.86822281128	19.7969085750253	OU	Lemuridae	STR	Indriidae	STR	superfamily
Leontopithecus_chrysomelas	Propithecus_tattersalli	258.055555555556	210.666666666667	121.4130573067	0.0483313502181428	0.999999999908577	0.0548908446803649	0.144099695016848	0.00696453282682355	516.665131386305	496.86822281128	19.7969085750253	OU	Callitrichidae	PLA	Indriidae	STR	order
Cheirogaleus_medius	Nycticebus_pygmaeus	50.3333333333333	7.5	99.360634016	0.0436851946285908	0.818368602282393	0.0548442830795696	0.130377763828153	0.00695967314995787	516.665131386305	496.86822281128	19.7969085750253	OU	Cheirogaleidae	STR	Lorisidae	STR	superfamily
Varecia_variegata	Mirza_zaza	117.2	153.316666666667	71.983496227	0.0368349481557032	0.592881011459768	0.0543318180704746	0.110075639548372	0.00683886040807247	516.665131386305	496.86822281128	19.7969085750253	OU	Lemuridae	STR	Cheirogaleidae	STR	superfamily
Lemur_catta	Loris_tardigradus	84.9427083333333	43	99.3606340177	0.0427768570457249	0.818368602296394	0.0537056588523852	0.127690355391982	0.00667448881029084	516.665131386305	496.86822281128	19.7969085750253	OU	Lemuridae	STR	Lorisidae	STR	superfamily
Pan_troglodytes	Propithecus_tattersalli	256.544302105726	210.666666666667	121.413057311	0.0467900412433034	0.999999999943993	0.0531429839138063	0.139552216434205	0.00652965396291658	516.665131386305	496.86822281128	19.7969085750253	OU	Hominidae	APE	Indriidae	STR	order
Eulemur_sanfordi	Varecia_variegata	147.325	117.2	52.6432531402	0.0307241203467618	0.433588069546801	0.0529950240137258	0.0919033959139879	0.0065122894162859	516.665131386305	496.86822281128	19.7969085750253	OU	Lemuridae	STR	Lemuridae	STR	family
Lemur_catta	Cheirogaleus_medius	84.9427083333333	50.3333333333333	71.983496226	0.0352976797552269	0.592881011451531	0.0520676275279295	0.105509203661684	0.00628158097517954	516.665131386305	496.86822281128	19.7969085750253	OU	Lemuridae	STR	Cheirogaleidae	STR	superfamily
Gorilla_gorilla	Eulemur_rubriventer	206.871929824561	250.595	121.413057312	0.0445926263900449	0.999999999952229	0.0506506518252119	0.133060989532369	0.00593353899359004	516.665131386305	496.86822281128	19.7969085750253	OU	Hominidae	APE	Lemuridae	STR	order
Macaca_nigra	Varecia_variegata	73.6666666666667	117.2	121.413057315	0.0443991160972293	0.999999999976938	0.0504311462226112	0.132488917779626	0.00588239084222952	516.665131386305	496.86822281128	19.7969085750253	OU	Cercopithecidae	OWM	Lemuridae	STR	order
Daubentonia_madagascariensis	Loris_tardigradus	82.0777777777778	43	99.3606340137	0.0398549492889116	0.818368602263449	0.0500422408163046	0.119035748731264	0.00579709890644716	516.665131386305	496.86822281128	19.7969085750253	OU	Daubentoniidae	STR	Lorisidae	STR	superfamily
Saimiri_sciureus	Cheirogaleus_medius	92.1231481481481	50.3333333333333	121.413057299	0.042620922809602	0.999999999845157	0.0484139013437275	0.127228859069648	0.00542261138240086	516.665131386305	496.86822281128	19.7969085750253	OU	Cebidae	PLA	Cheirogaleidae	STR	order
Eulemur_macaco	Varecia_variegata	144.458333333333	117.2	52.6432531401	0.027800441951385	0.433588069545977	0.047958464583172	0.083191386804096	0.00533399667136654	516.665131386305	496.86822281128	19.7969085750253	OU	Lemuridae	STR	Lemuridae	STR	family
Lemur_catta	Propithecus_coquereli	84.9427083333333	53.2916666666667	71.983496227	0.0322805116437191	0.592881011459768	0.0476225371212236	0.0965367106118166	0.00525612112838354	516.665131386305	496.86822281128	19.7969085750253	OU	Lemuridae	STR	Indriidae	STR	superfamily
Eulemur_coronatus	Varecia_variegata	90.1904761904762	117.2	52.6432531401	0.0275466841504577	0.433588069545977	0.0475212280802524	0.0824347498330671	0.00523723823640103	516.665131386305	496.86822281128	19.7969085750253	OU	Lemuridae	STR	Lemuridae	STR	family
Daubentonia_madagascariensis	Varecia_variegata	82.0777777777778	117.2	92.496943885	0.0358207263867641	0.761836872642851	0.0466197616723408	0.107063307182828	0.00503399818304154	516.665131386305	496.86822281128	19.7969085750253	OU	Daubentoniidae	STR	Lemuridae	STR	superfamily
Macaca_fascicularis	Eulemur_macaco	183.651470588235	144.458333333333	121.4130573137	0.0399726030136685	0.999999999966231	0.0454089831494607	0.119384517658778	0.0047721099305138	516.665131386305	496.86822281128	19.7969085750253	OU	Cercopithecidae	OWM	Lemuridae	STR	order
Saimiri_sciureus	Propithecus_coquereli	92.1231481481481	53.2916666666667	121.4130573	0.0396037546980942	0.999999999853393	0.044990416923337	0.118291038359017	0.00468476926684017	516.665131386305	496.86822281128	19.7969085750253	OU	Cebidae	PLA	Indriidae	STR	order
Eulemur_mongoz	Propithecus_tattersalli	181.294333333333	210.666666666667	71.983496226	0.0299564847866742	0.592881011451531	0.0441976103011858	0.0896170136281329	0.0045280767194849	516.665131386305	496.86822281128	19.7969085750253	OU	Lemuridae	STR	Indriidae	STR	superfamily
Callithrix_jacchus	Galago_moholi	58.4421686746988	20.3333333333333	121.4130573073	0.038866736707155	0.999999999913519	0.0441540175281198	0.116105418156106	0.00451263871813778	516.665131386305	496.86822281128	19.7969085750253	OU	Callitrichidae	PLA	Galagidae	STR	order
Loris_tardigradus	Galago_moholi	43	20.3333333333333	43.1545285787	0.0231174570797213	0.355435646972817	0.0440506939579653	0.0692165710423026	0.00450183070804454	516.665131386305	496.86822281128	19.7969085750253	OU	Lorisidae	STR	Galagidae	STR	superfamily
Eulemur_collaris	Propithecus_tattersalli	239.829308390023	210.666666666667	71.9834962254	0.0297426228693075	0.59288101144659	0.0438823992451801	0.0889798985182235	0.004463788708833	516.665131386305	496.86822281128	19.7969085750253	OU	Lemuridae	STR	Indriidae	STR	superfamily
Hapalemur_griseus	Varecia_variegata	92.4398148148148	117.2	52.6432531428	0.0252526111016677	0.433588069568216	0.0435678001869215	0.0755911398344646	0.00440250502942217	516.665131386305	496.86822281128	19.7969085750253	OU	Lemuridae	STR	Lemuridae	STR	family
Eulemur_rubriventer	Eulemur_flavifrons	250.595	266.675	22.8374257191	0.0163997960224375	0.188096949567152	0.0429587439764449	0.0491337459279775	0.00428387282670648	516.665131386305	496.86822281128	19.7969085750253	OU	Lemuridae	STR	Lemuridae	STR	family
Propithecus_coquereli	Galago_moholi	53.2916666666667	20.3333333333333	99.360634018	0.0336138024817271	0.818368602298865	0.0422137947572512	0.100503257595385	0.00412808683042274	516.665131386305	496.86822281128	19.7969085750253	OU	Indriidae	STR	Galagidae	STR	superfamily
Daubentonia_madagascariensis	Cheirogaleus_medius	82.0777777777778	50.3333333333333	92.496943882	0.0323757719984136	0.761836872618142	0.0421406345889539	0.0968201917803739	0.00411456647293999	516.665131386305	496.86822281128	19.7969085750253	OU	Daubentoniidae	STR	Cheirogaleidae	STR	superfamily
Eulemur_mongoz	Mirza_zaza	181.294333333333	153.316666666667	71.983496225	0.0285340812510617	0.592881011443295	0.0421010023528226	0.0853784740690842	0.00410908136566609	516.665131386305	496.86822281128	19.7969085750253	OU	Lemuridae	STR	Cheirogaleidae	STR	superfamily
Macaca_fascicularis	Eulemur_sanfordi	183.651470588235	147.325	121.4130573138	0.0370489246182917	0.999999999967055	0.0420908810456358	0.110710967959404	0.00410172230648118	516.665131386305	496.86822281128	19.7969085750253	OU	Cercopithecidae	OWM	Lemuridae	STR	order
Eulemur_fulvus	Mirza_zaza	126.166666666667	153.316666666667	71.9834962244	0.0276899541050485	0.592881011438353	0.0408566291088033	0.0828619512201896	0.00386999006896072	516.665131386305	496.86822281128	19.7969085750253	OU	Lemuridae	STR	Cheirogaleidae	STR	superfamily
Macaca_mulatta	Gorilla_gorilla	231.991538825782	206.871929824561	62.1515760327	0.0256191830711076	0.511901910764157	0.0406815595871846	0.0766850753007467	0.00383786217953117	516.665131386305	496.86822281128	19.7969085750253	OU	Cercopithecidae	OWM	Hominidae	APE	order
Macaca_mulatta	Eulemur_flavifrons	231.991538825782	266.675	121.4130573138	0.0353732393413748	0.999999999967054	0.0401888021254439	0.105733735431087	0.00374014472998467	516.665131386305	496.86822281128	19.7969085750253	OU	Cercopithecidae	OWM	Lemuridae	STR	order
Macaca_mulatta	Pan_troglodytes	231.991538825782	256.544302105726	62.1515760327	0.0250410640284997	0.511901910764157	0.0397643141750669	0.0749597692908949	0.00366685949574365	516.665131386305	496.86822281128	19.7969085750253	OU	Cercopithecidae	OWM	Hominidae	APE	order
Saimiri_sciureus	Eulemur_fulvus	92.1231481481481	126.166666666667	121.4130572994	0.0347205696262304	0.999999999848451	0.0394478908885395	0.103793993998104	0.00360378659594184	516.665131386305	496.86822281128	19.7969085750253	OU	Cebidae	PLA	Lemuridae	STR	order
Saguinus_oedipus	Gorilla_gorilla	234.143243243243	206.871929824561	78.0653383502	0.0278136801822356	0.642973170059157	0.0394093546977519	0.0832308575576116	0.00360039354859493	516.665131386305	496.86822281128	19.7969085750253	OU	Callitrichidae	PLA	Hominidae	APE	order
Callithrix_jacchus	Hapalemur_griseus	58.4421686746988	92.4398148148148	121.4130573081	0.0346737849465742	0.999999999920107	0.0393947795609792	0.103654925450077	0.00359410859399629	516.665131386305	496.86822281128	19.7969085750253	OU	Callitrichidae	PLA	Lemuridae	STR	order
Cheirogaleus_medius	Galago_moholi	50.3333333333333	20.3333333333333	99.360634017	0.0305966343702193	0.818368602290629	0.0384277686957262	0.0915237344942252	0.00342183000750358	516.665131386305	496.86822281128	19.7969085750253	OU	Cheirogaleidae	STR	Galagidae	STR	superfamily
Daubentonia_madagascariensis	Propithecus_coquereli	82.0777777777778	53.2916666666667	92.496943883	0.0293586038869058	0.761836872626379	0.0382166168334966	0.0878357258989397	0.00338489035703378	516.665131386305	496.86822281128	19.7969085750253	OU	Daubentoniidae	STR	Indriidae	STR	superfamily
Gorilla_gorilla	Eulemur_collaris	206.871929824561	239.829308390023	121.4130573104	0.0336128287256114	0.999999999939051	0.0381903047841138	0.100500361569573	0.00337810144050598	516.665131386305	496.86822281128	19.7969085750253	OU	Hominidae	APE	Lemuridae	STR	order
Saguinus_oedipus	Eulemur_flavifrons	234.143243243243	266.675	121.4130573053	0.0331787422302468	0.999999999897046	0.0376974728943144	0.0992092221450593	0.00329163720875311	516.665131386305	496.86822281128	19.7969085750253	OU	Callitrichidae	PLA	Lemuridae	STR	order
Leontopithecus_chrysomelas	Macaca_mulatta	258.055555555556	231.991538825782	78.0653383544	0.0265823730033391	0.64297317009375	0.0376660354731927	0.0795587601674343	0.00328918956003339	516.665131386305	496.86822281128	19.7969085750253	OU	Callitrichidae	PLA	Cercopithecidae	OWM	order
Macaca_fascicularis	Gorilla_gorilla	183.651470588235	206.871929824561	62.1515760326	0.0236822633720816	0.511901910763334	0.0376082318469787	0.070903266749312	0.00328021795151001	516.665131386305	496.86822281128	19.7969085750253	OU	Cercopithecidae	OWM	Hominidae	APE	order
Callithrix_jacchus	Varecia_rubra	58.4421686746988	90.8722222222222	121.4130573073	0.0330750163666735	0.999999999913519	0.0375797075578064	0.0989006627256567	0.00327114103860885	516.665131386305	496.86822281128	19.7969085750253	OU	Callitrichidae	PLA	Lemuridae	STR	order
Saguinus_oedipus	Macaca_nemestrina	234.143243243243	259.756542857143	78.0653383527	0.0261226921100459	0.642973170079748	0.0370151597632109	0.078187425803949	0.00317659607927387	516.665131386305	496.86822281128	19.7969085750253	OU	Callitrichidae	PLA	Cercopithecidae	OWM	order
Callithrix_jacchus	Eulemur_coronatus	58.4421686746988	90.1904761904762	121.4130573054	0.0323797118977842	0.999999999897869	0.0367902714004507	0.0968319160909243	0.00313538954585476	516.665131386305	496.86822281128	19.7969085750253	OU	Callitrichidae	PLA	Lemuridae	STR	order
Macaca_nigra	Loris_tardigradus	73.6666666666667	43	121.4130573137	0.0312765595784464	0.999999999966231	0.0355376984478403	0.0935483517086305	0.00292587059577925	516.665131386305	496.86822281128	19.7969085750253	OU	Cercopithecidae	OWM	Lorisidae	STR	order
Macaca_fascicularis	Mirza_zaza	183.651470588235	153.316666666667	121.4130573126	0.0309380968093503	0.999999999957171	0.0351533735854432	0.0925405843201251	0.00286302955661249	516.665131386305	496.86822281128	19.7969085750253	OU	Cercopithecidae	OWM	Cheirogaleidae	STR	order
Saguinus_oedipus	Pan_troglodytes	234.143243243243	256.544302105726	78.0653383502	0.0228465669173717	0.642973170059157	0.03237570888071	0.0684074939202521	0.00243070233763401	516.665131386305	496.86822281128	19.7969085750253	OU	Callitrichidae	PLA	Hominidae	APE	order
Macaca_fascicularis	Propithecus_tattersalli	183.651470588235	210.666666666667	121.4130573136	0.0275524692283856	0.999999999965407	0.0313085548812851	0.0824520002015019	0.00227175619844931	516.665131386305	496.86822281128	19.7969085750253	OU	Cercopithecidae	OWM	Indriidae	STR	order
Leontopithecus_rosalia	Macaca_arctoides	470.128571428571	448.685185185185	78.0653383538	0.0218698482849424	0.642973170088808	0.0309923196585389	0.0654897132670259	0.00222754254765625	516.665131386305	496.86822281128	19.7969085750253	OU	Callitrichidae	PLA	Cercopithecidae	OWM	order
Callithrix_jacchus	Lemur_catta	58.4421686746988	84.9427083333333	121.4130573063	0.0270275774182912	0.999999999905282	0.0307124048116322	0.0808866824052042	0.00218617107102246	516.665131386305	496.86822281128	19.7969085750253	OU	Callitrichidae	PLA	Lemuridae	STR	order
Gorilla_gorilla	Eulemur_mongoz	206.871929824561	181.294333333333	121.413057311	0.0260862789303702	0.999999999943993	0.0296432747600245	0.0780787868809346	0.00203678501323507	516.665131386305	496.86822281128	19.7969085750253	OU	Hominidae	APE	Lemuridae	STR	order
Saimiri_sciureus	Varecia_variegata	92.1231481481481	117.2	121.413057302	0.0255755755755756	0.999999999869866	0.0290631937230564	0.0765549480167069	0.00195793685894035	516.665131386305	496.86822281128	19.7969085750253	OU	Cebidae	PLA	Lemuridae	STR	order
Eulemur_rubriventer	Eulemur_collaris	250.595	239.829308390023	22.8374257184	0.0109797976644335	0.188096949561387	0.028768904042229	0.0329069286820092	0.00192087867203018	516.665131386305	496.86822281128	19.7969085750253	OU	Lemuridae	STR	Lemuridae	STR	family
Callithrix_jacchus	Daubentonia_madagascariensis	58.4421686746988	82.0777777777778	121.4130573023	0.0241056696614778	0.999999999872337	0.0273935202839718	0.0721674875091766	0.00173964561441713	516.665131386305	496.86822281128	19.7969085750253	OU	Callitrichidae	PLA	Daubentoniidae	STR	order
Saguinus_oedipus	Propithecus_tattersalli	234.143243243243	210.666666666667	121.4130573052	0.0239434743259317	0.999999999896222	0.027209274307452	0.071683220563541	0.00171634535134136	516.665131386305	496.86822281128	19.7969085750253	OU	Callitrichidae	PLA	Indriidae	STR	order
Macaca_nigra	Cheirogaleus_medius	73.6666666666667	50.3333333333333	121.413057312	0.0237973822879484	0.999999999952229	0.0270433196465	0.0712470105339965	0.001695492346632	516.665131386305	496.86822281128	19.7969085750253	OU	Cercopithecidae	OWM	Cheirogaleidae	STR	order
Saimiri_sciureus	Macaca_nigra	92.1231481481481	73.6666666666667	78.065338347	0.0188235405216536	0.642973170032801	0.0266770584495392	0.0563839120805894	0.00165068295736848	516.665131386305	496.86822281128	19.7969085750253	OU	Cebidae	PLA	Cercopithecidae	OWM	order
Nycticebus_pygmaeus	Galago_moholi	7.5	20.3333333333333	43.154528579	0.0130885602583715	0.355435646975288	0.0249490829632218	0.0392222667763303	0.00144432053042675	516.665131386305	496.86822281128	19.7969085750253	OU	Lorisidae	STR	Galagidae	STR	superfamily
Macaca_mulatta	Propithecus_tattersalli	231.991538825782	210.666666666667	121.4130573137	0.0217489772148037	0.999999999966231	0.024716294120527	0.0651285695377057	0.00141647977495615	516.665131386305	496.86822281128	19.7969085750253	OU	Cercopithecidae	OWM	Indriidae	STR	order
Macaca_nigra	Propithecus_coquereli	73.6666666666667	53.2916666666667	121.413057313	0.0207802141764406	0.999999999960466	0.0236156871486495	0.0622335801396352	0.00129322712431943	516.665131386305	496.86822281128	19.7969085750253	OU	Cercopithecidae	OWM	Indriidae	STR	order
Macaca_nemestrina	Eulemur_collaris	259.756542857143	239.829308390023	121.4130573129	0.0203235435666701	0.999999999959642	0.0230968501705665	0.0608686072441954	0.00123706579121986	516.665131386305	496.86822281128	19.7969085750253	OU	Cercopithecidae	OWM	Lemuridae	STR	order
Callithrix_jacchus	Macaca_nigra	58.4421686746988	73.6666666666667	78.0653383523	0.0155272799510126	0.642973170076453	0.0220068495339037	0.0465227001505824	0.00112348543132712	516.665131386305	496.86822281128	19.7969085750253	OU	Callitrichidae	PLA	Cercopithecidae	OWM	order
Macaca_nigra	Hapalemur_griseus	73.6666666666667	92.4398148148148	121.4130573158	0.0191465049955615	0.999999999983527	0.0217595373384037	0.0573496641552355	0.00109804563126008	516.665131386305	496.86822281128	19.7969085750253	OU	Cercopithecidae	OWM	Lemuridae	STR	order
Macaca_mulatta	Eulemur_rubriventer	231.991538825782	250.595	121.4130573147	0.0189734433189373	0.999999999974467	0.0215629050590152	0.0568321728211174	0.00107830200974105	516.665131386305	496.86822281128	19.7969085750253	OU	Cercopithecidae	OWM	Lemuridae	STR	order
Leontopithecus_chrysomelas	Eulemur_collaris	258.055555555556	239.829308390023	121.4130573061	0.0185887273488353	0.999999999903635	0.0211257869818436	0.0556817043758743	0.00103505202106132	516.665131386305	496.86822281128	19.7969085750253	OU	Callitrichidae	PLA	Lemuridae	STR	order
Macaca_nigra	Varecia_rubra	73.6666666666667	90.8722222222222	121.413057315	0.0175477364156609	0.999999999976938	0.0199429713885204	0.052568112169841	0.000922451376246539	516.665131386305	496.86822281128	19.7969085750253	OU	Cercopithecidae	OWM	Lemuridae	STR	order
Pan_troglodytes	Eulemur_collaris	256.544302105726	239.829308390023	121.4130573104	0.017047418373996	0.999999999939051	0.0193744742298164	0.0510713778710641	0.000870635145557532	516.665131386305	496.86822281128	19.7969085750253	OU	Hominidae	APE	Lemuridae	STR	order
Macaca_nigra	Eulemur_coronatus	73.6666666666667	90.1904761904762	121.4130573131	0.0168524319467715	0.999999999961289	0.019152914018223	0.050488014063548	0.000850845821166523	516.665131386305	496.86822281128	19.7969085750253	OU	Cercopithecidae	OWM	Lemuridae	STR	order
Saguinus_oedipus	Eulemur_rubriventer	234.143243243243	250.595	121.4130573062	0.0167789462078093	0.999999999904458	0.0190694128694132	0.0502681511045249	0.000843446603429436	516.665131386305	496.86822281128	19.7969085750253	OU	Callitrichidae	PLA	Lemuridae	STR	order
Lemur_catta	Hapalemur_griseus	84.9427083333333	92.4398148148148	25.8477057818	0.00764620752828301	0.212890658985247	0.0188339508625295	0.0229193470224687	0.000823174133528682	516.665131386305	496.86822281128	19.7969085750253	OU	Lemuridae	STR	Lemuridae	STR	family
Callithrix_jacchus	Loris_tardigradus	58.4421686746988	43	121.413057306	0.0157492796274338	0.999999999902811	0.0178993909273616	0.0471870830904633	0.000743162566466885	516.665131386305	496.86822281128	19.7969085750253	OU	Callitrichidae	PLA	Lorisidae	STR	order
Eulemur_fulvus	Varecia_variegata	126.166666666667	117.2	52.6432531394	0.00914499405065476	0.433588069540212	0.0157844853454793	0.0274103015283858	0.000578122559205919	516.665131386305	496.86822281128	19.7969085750253	OU	Lemuridae	STR	Lemuridae	STR	family
Pongo_pygmaeus	Eulemur_albifrons	344.588095238095	332.166666666667	121.4130573152	0.0126684636118592	0.999999999978585	0.0143984043860584	0.0379643365014329	0.00048094981552708	516.665131386305	496.86822281128	19.7969085750253	OU	Hominidae	APE	Lemuridae	STR	order
Daubentonia_madagascariensis	Hapalemur_griseus	82.0777777777778	92.4398148148148	92.4969438858	0.0105681152850964	0.76183687264944	0.0137612855488293	0.0316737340862793	0.000439374471557395	516.665131386305	496.86822281128	19.7969085750253	OU	Daubentoniidae	STR	Lemuridae	STR	superfamily
Eulemur_macaco	Mirza_zaza	144.458333333333	153.316666666667	71.9834962251	0.00903450620431821	0.592881011444119	0.0133356571031882	0.0270792641326384	0.000412642292622576	516.665131386305	496.86822281128	19.7969085750253	OU	Lemuridae	STR	Cheirogaleidae	STR	superfamily
Propithecus_coquereli	Loris_tardigradus	53.2916666666667	43	99.3606340167	0.0104963454020058	0.818368602288158	0.0131873596805619	0.0314587442042945	0.000403487919940207	516.665131386305	496.86822281128	19.7969085750253	OU	Indriidae	STR	Lorisidae	STR	superfamily
Macaca_nigra	Lemur_catta	73.6666666666667	84.9427083333333	121.413057314	0.0115002974672785	0.999999999968702	0.0130708442384723	0.0344659125486288	0.000396368246802844	516.665131386305	496.86822281128	19.7969085750253	OU	Cercopithecidae	OWM	Lemuridae	STR	order
Pan_troglodytes	Eulemur_flavifrons	256.544302105726	266.675	121.4130573111	0.0103321753128751	0.999999999944817	0.0117432978927556	0.0309669568173514	0.000319956026760763	516.665131386305	496.86822281128	19.7969085750253	OU	Hominidae	APE	Lemuridae	STR	order
Daubentonia_madagascariensis	Varecia_rubra	82.0777777777778	90.8722222222222	92.496943885	0.00896934670519573	0.761836872642851	0.0116796088464348	0.0268840347600662	0.000316514252928014	516.665131386305	496.86822281128	19.7969085750253	OU	Daubentoniidae	STR	Lemuridae	STR	superfamily
Saimiri_sciureus	Daubentonia_madagascariensis	92.1231481481481	82.0777777777778	121.413057297	0.0102451508111885	0.999999999828684	0.0116443950244213	0.0307062617143838	0.000314590282165579	516.665131386305	496.86822281128	19.7969085750253	OU	Cebidae	PLA	Daubentoniidae	STR	order
Daubentonia_madagascariensis	Eulemur_coronatus	82.0777777777778	90.1904761904762	92.4969438831	0.00827404223630637	0.761836872627202	0.0107742619877632	0.0248006817615061	0.000269351478980341	516.665131386305	496.86822281128	19.7969085750253	OU	Daubentoniidae	STR	Lemuridae	STR	superfamily
Macaca_nemestrina	Eulemur_rubriventer	259.756542857143	250.595	121.4130573145	0.00934374590223663	0.99999999997282	0.0106199430396884	0.02800577858712	0.000261678878919462	516.665131386305	496.86822281128	19.7969085750253	OU	Cercopithecidae	OWM	Lemuridae	STR	order
Lemur_catta	Varecia_rubra	84.9427083333333	90.8722222222222	52.643253141	0.00604743894838236	0.43358806955339	0.010438411975904	0.0181280028312574	0.000252839037963043	516.665131386305	496.86822281128	19.7969085750253	OU	Lemuridae	STR	Lemuridae	STR	family
Leontopithecus_chrysomelas	Eulemur_flavifrons	258.055555555556	266.675	121.4130573068	0.00879086633803571	0.9999999999094	0.00999158339031778	0.0263492678298027	0.000231632891617885	516.665131386305	496.86822281128	19.7969085750253	OU	Callitrichidae	PLA	Lemuridae	STR	order
Macaca_nigra	Daubentonia_madagascariensis	73.6666666666667	82.0777777777778	121.41305731	0.00857838971046517	0.999999999935757	0.00975009741180831	0.0257126251073166	0.000220572918663823	516.665131386305	496.86822281128	19.7969085750253	OU	Cercopithecidae	OWM	Daubentoniidae	STR	order
Eulemur_coronatus	Lemur_catta	90.1904761904762	84.9427083333333	47.7997285391	0.005352134479493	0.39369512303758	0.00969505559846495	0.0160440343685686	0.000218112505107131	516.665131386305	496.86822281128	19.7969085750253	OU	Lemuridae	STR	Lemuridae	STR	family
Eulemur_sanfordi	Eulemur_macaco	147.325	144.458333333333	14.8274950179	0.00292367839537684	0.122124385510603	0.00950894014062709	0.00876545526083287	0.000209846477954349	516.665131386305	496.86822281128	19.7969085750253	OU	Lemuridae	STR	Lemuridae	STR	family
Callithrix_jacchus	Cheirogaleus_medius	58.4421686746988	50.3333333333333	121.4130573043	0.00827010233693575	0.999999999888809	0.0093997181017672	0.0247888760762475	0.00020500654199098	516.665131386305	496.86822281128	19.7969085750253	OU	Callitrichidae	PLA	Cheirogaleidae	STR	order
Cheirogaleus_medius	Loris_tardigradus	50.3333333333333	43	99.3606340157	0.00747917729049801	0.818368602279922	0.00939687176680931	0.0224188074993871	0.000204888402930334	516.665131386305	496.86822281128	19.7969085750253	OU	Cheirogaleidae	STR	Lorisidae	STR	superfamily
Macaca_mulatta	Eulemur_collaris	231.991538825782	239.829308390023	121.4130573131	0.0079936456545038	0.999999999961289	0.00908551393373691	0.0239604758787903	0.000191531553895749	516.665131386305	496.86822281128	19.7969085750253	OU	Cercopithecidae	OWM	Lemuridae	STR	order
Eulemur_sanfordi	Mirza_zaza	147.325	153.316666666667	71.9834962252	0.00611082780894137	0.592881011444942	0.00902030071251476	0.0183179861594839	0.000188803582955655	516.665131386305	496.86822281128	19.7969085750253	OU	Lemuridae	STR	Cheirogaleidae	STR	superfamily
Leontopithecus_chrysomelas	Eulemur_rubriventer	258.055555555556	250.595	121.4130573077	0.00760892968440183	0.999999999916813	0.00864826638604621	0.0228076347942497	0.000173541689431399	516.665131386305	496.86822281128	19.7969085750253	OU	Callitrichidae	PLA	Lemuridae	STR	order
Saimiri_sciureus	Lemur_catta	92.1231481481481	84.9427083333333	121.413057301	0.0073232430543751	0.999999999861629	0.00832356858972531	0.0219515143822324	0.000160756275254942	516.665131386305	496.86822281128	19.7969085750253	OU	Cebidae	PLA	Lemuridae	STR	order
Macaca_nemestrina	Eulemur_flavifrons	259.756542857143	266.675	121.4130573136	0.00705605012020091	0.999999999965407	0.00801988859668785	0.0211507913381677	0.000149241043769186	516.665131386305	496.86822281128	19.7969085750253	OU	Cercopithecidae	OWM	Lemuridae	STR	order
Pan_troglodytes	Eulemur_rubriventer	256.544302105726	250.595	121.413057312	0.00606762070956246	0.999999999952229	0.0068964725023668	0.0181884898825926	0.000110360857892558	516.665131386305	496.86822281128	19.7969085750253	OU	Hominidae	APE	Lemuridae	STR	order
Saguinus_oedipus	Eulemur_collaris	234.143243243243	239.829308390023	121.4130573046	0.00579914854337578	0.99999999989128	0.00659133348572898	0.0173838396093099	0.000100811468159568	516.665131386305	496.86822281128	19.7969085750253	OU	Callitrichidae	PLA	Lemuridae	STR	order
Callithrix_jacchus	Propithecus_coquereli	58.4421686746988	53.2916666666667	121.4130573053	0.00525293422542794	0.999999999897046	0.00597051648052094	0.0157467018390623	8.27163890365356e-05	516.665131386305	496.86822281128	19.7969085750253	OU	Callitrichidae	PLA	Indriidae	STR	order
Macaca_nemestrina	Pan_troglodytes	259.756542857143	256.544302105726	62.1515760325	0.00327612519267417	0.51190191076251	0.00520448817366966	0.00982121817454568	6.28548938925644e-05	516.665131386305	496.86822281128	19.7969085750253	OU	Cercopithecidae	OWM	Hominidae	APE	order
Cebuella_pygmaea	Macaca_arctoides	445.433333333333	448.685185185185	78.0653383528	0.00331652407124114	0.642973170080571	0.00470108611922553	0.0099423203198712	5.12835468091317e-05	516.665131386305	496.86822281128	19.7969085750253	OU	Callitrichidae	PLA	Cercopithecidae	OWM	order
Propithecus_coquereli	Cheirogaleus_medius	53.2916666666667	50.3333333333333	69.529333389	0.0030171681115078	0.57266767615452	0.00453168621451083	0.00904494736067559	4.76543864500107e-05	516.665131386305	496.86822281128	19.7969085750253	OU	Indriidae	STR	Cheirogaleidae	STR	superfamily
Gorilla_gorilla	Propithecus_tattersalli	206.871929824561	210.666666666667	121.413057311	0.00387020585630396	0.999999999943993	0.00439891790825334	0.0116020463754008	4.4902307829701e-05	516.665131386305	496.86822281128	19.7969085750253	OU	Hominidae	APE	Indriidae	STR	order
Eulemur_coronatus	Hapalemur_griseus	90.1904761904762	92.4398148148148	47.7997285409	0.00229407304879001	0.393695123052405	0.00415565277956222	0.00687729576242007	4.00742044625875e-05	516.665131386305	496.86822281128	19.7969085750253	OU	Lemuridae	STR	Lemuridae	STR	family
Daubentonia_madagascariensis	Lemur_catta	82.0777777777778	84.9427083333333	92.496943884	0.00292190775681336	0.761836872634615	0.00380494034966059	0.00875938497839047	3.35952693189593e-05	516.665131386305	496.86822281128	19.7969085750253	OU	Daubentoniidae	STR	Lemuridae	STR	superfamily
Saguinus_oedipus	Macaca_mulatta	234.143243243243	231.991538825782	78.0653383529	0.00219449711112802	0.642973170081395	0.00311065237046433	0.00657878857093211	2.24537090899219e-05	516.665131386305	496.86822281128	19.7969085750253	OU	Callitrichidae	PLA	Cercopithecidae	OWM	order
Hapalemur_griseus	Varecia_rubra	92.4398148148148	90.8722222222222	52.6432531428	0.00159876857990065	0.433588069568216	0.00275968852963107	0.0047929050946716	1.76728711180582e-05	516.665131386305	496.86822281128	19.7969085750253	OU	Lemuridae	STR	Lemuridae	STR	family
Macaca_fascicularis	Eulemur_mongoz	183.651470588235	181.294333333333	121.4130573136	0.00240401555828863	0.999999999965407	0.00273243863146799	0.00720687858125019	1.73254482366219e-05	516.665131386305	496.86822281128	19.7969085750253	OU	Cercopithecidae	OWM	Lemuridae	STR	order
Leontopithecus_chrysomelas	Macaca_nemestrina	258.055555555556	259.756542857143	78.0653383542	0.0017348162178348	0.642973170092103	0.00245906694528369	0.00520075308001171	1.40322352593129e-05	516.665131386305	496.86822281128	19.7969085750253	OU	Callitrichidae	PLA	Cercopithecidae	OWM	order
Saimiri_sciureus	Eulemur_coronatus	92.1231481481481	90.1904761904762	121.4130573001	0.0019711085748821	0.999999999854217	0.00224039176815576	0.00590911461698053	1.16475064931895e-05	516.665131386305	496.86822281128	19.7969085750253	OU	Cebidae	PLA	Lemuridae	STR	order
Leontopithecus_chrysomelas	Pan_troglodytes	258.055555555556	256.544302105726	78.0653383517	0.00154130897483938	0.642973170071512	0.0021847750658062	0.00462065045994945	1.10764342199904e-05	516.665131386305	496.86822281128	19.7969085750253	OU	Callitrichidae	PLA	Hominidae	APE	order
Saimiri_sciureus	Varecia_rubra	92.1231481481481	90.8722222222222	121.413057302	0.00127580410599274	0.999999999869866	0.00145009931757463	0.00382470698593947	4.87957687751571e-06	516.665131386305	496.86822281128	19.7969085750253	OU	Cebidae	PLA	Lemuridae	STR	order
Eulemur_coronatus	Varecia_rubra	90.1904761904762	90.8722222222222	52.6432531401	0.000695304468889359	0.433588069545977	0.00120019050523412	0.0020844446310953	3.34262810475994e-06	516.665131386305	496.86822281128	19.7969085750253	OU	Lemuridae	STR	Lemuridae	STR	family
Saimiri_sciureus	Hapalemur_griseus	92.1231481481481	92.4398148148148	121.4130573028	0.00032296447390791	0.999999999876455	0.000367086766935204	0.000968212048593581	3.12698094943958e-07	516.665131386305	496.86822281128	19.7969085750253	OU	Cebidae	PLA	Lemuridae	STR	order
