Species1	Species2	TraitValue1	TraitValue2	PatristicDistance	NormalizedTraitDifference	NormalizedPatristicDistance	Sbm	Sou	FinalScore	AIC_BM	AIC_OU	delta_AIC	SelectedModel	family_1	superfamily_1	family_2	superfamily_2	taxonomic_level
Pan_paniscus	Pan_troglodytes	4152.02	6027.39	4.786270704	0.226087658893197	0.0394213835788339	0.998246433698566	0.992589816783251	5.72509584150084	695.596463404046	695.151157936192	0.445305467853359	BM	Hominidae	APE	Hominidae	APE	family
Pan_paniscus	Gorilla_gorilla	4152.02	8393.91	20.238906202	0.51138654205968	0.16669464264491	0.999422279838253	0.998276845021847	3.06603197100103	695.596463404046	695.151157936192	0.445305467853359	BM	Hominidae	APE	Hominidae	APE	family
Gorilla_gorilla	Hylobates_lar	8393.91	2249.16	45.7765141047	0.740788293501534	0.377031228073906	0.99908424860393	0.999116296437396	1.96299367394175	695.596463404046	695.151157936192	0.445305467853359	BM	Hominidae	APE	Hylobatidae	APE	superfamily
Macaca_mulatta	Papio_anubis	2329.14	5171.17	22.4016461426	0.342624606986478	0.18450771801242	0.971611742624211	0.955878978034562	1.80425022349286	695.596463404046	695.151157936192	0.445305467853359	BM	Cercopithecidae	OWM	Cercopithecidae	OWM	family
Pan_troglodytes	Gorilla_gorilla	6027.39	8393.91	20.238906202	0.285298883166483	0.16669464264491	0.945166266761745	0.919632057774778	1.61765774853469	695.596463404046	695.151157936192	0.445305467853359	BM	Hominidae	APE	Hominidae	APE	family
Papio_anubis	Cercopithecus_ascanius	5171.17	1802.09	29.8369393136	0.406163802249098	0.245747368304268	0.975642861485385	0.96665317069191	1.61251295178656	695.596463404046	695.151157936192	0.445305467853359	BM	Cercopithecidae	OWM	Cercopithecidae	OWM	family
Cercopithecus_ascanius	Gorilla_gorilla	1802.09	8393.91	62.1515760317	0.794685396292653	0.511901910756343	0.997727980833139	0.998823172385165	1.54889020568249	695.596463404046	695.151157936192	0.445305467853359	BM	Cercopithecidae	OWM	Hominidae	APE	order
Cebuella_pygmaea	Gorilla_gorilla	185	8393.91	78.0653383507	0.989635775321644	0.642973170063805	0.999304737794195	0.999857491389426	1.53808551431689	695.596463404046	695.151157936192	0.445305467853359	BM	Callitrichidae	PLA	Hominidae	APE	order
Callithrix_jacchus	Gorilla_gorilla	318.24	8393.91	78.0653383503	0.973572854580175	0.64297317006051	0.999151271162827	0.999817462971762	1.51288825182528	695.596463404046	695.151157936192	0.445305467853359	BM	Callitrichidae	PLA	Hominidae	APE	order
Papio_anubis	Cercopithecus_mitis	5171.17	1998.9	29.8369393137	0.382437117836545	0.245747368305091	0.965987778284448	0.954884816006538	1.5032900833908	695.596463404046	695.151157936192	0.445305467853359	BM	Cercopithecidae	OWM	Cercopithecidae	OWM	family
Cercopithecus_mitis	Gorilla_gorilla	1998.9	8393.91	62.1515760318	0.7709587118801	0.511901910757166	0.996933892667745	0.998353660277686	1.5014495034486	695.596463404046	695.151157936192	0.445305467853359	BM	Cercopithecidae	OWM	Hominidae	APE	order
Piliocolobus_badius	Gorilla_gorilla	2007.11	8393.91	62.151576032	0.769968944698416	0.511901910758814	0.996895834562023	0.998330758922405	1.49946467786017	695.596463404046	695.151157936192	0.445305467853359	BM	Cercopithecidae	OWM	Hominidae	APE	order
Saguinus_oedipus	Gorilla_gorilla	413.31	8393.91	78.0653383502	0.962111567617615	0.642973170059687	0.999023169669365	0.999782678841542	1.49488624504765	695.596463404046	695.151157936192	0.445305467853359	BM	Callitrichidae	PLA	Hominidae	APE	order
Saguinus_midas	Gorilla_gorilla	428.47	8393.91	78.0653383511	0.960283934185908	0.642973170067099	0.999001159438205	0.999776587462764	1.49201367693381	695.596463404046	695.151157936192	0.445305467853359	BM	Callitrichidae	PLA	Hominidae	APE	order
Callimico_goeldii	Gorilla_gorilla	460.1	8393.91	78.0653383533	0.956470738576086	0.642973170085219	0.998953751120129	0.999763358639966	1.48601850993344	695.596463404046	695.151157936192	0.445305467853359	BM	Callitrichidae	PLA	Hominidae	APE	order
Pygathrix_nemaeus	Gorilla_gorilla	2206.11	8393.91	62.1515760308	0.745978241999884	0.51190191074893	0.995831073167624	0.997677699316456	1.45119269471685	695.596463404046	695.151157936192	0.445305467853359	BM	Cercopithecidae	OWM	Hominidae	APE	order
Aotus_trivirgatus	Gorilla_gorilla	675.3	8393.91	78.0653383541	0.93052702389908	0.642973170091808	0.99857173568095	0.999651884307389	1.44515825632391	695.596463404046	695.151157936192	0.445305467853359	BM	Aotidae	PLA	Hominidae	APE	order
Saimiri_sciureus	Gorilla_gorilla	721.53	8393.91	78.065338345	0.924953706382733	0.642973170016858	0.9984744449434	0.999622251846734	1.43636263789145	695.596463404046	695.151157936192	0.445305467853359	BM	Cebidae	PLA	Hominidae	APE	order
Plecturocebus_moloch	Gorilla_gorilla	786.82	8393.91	78.0653383522	0.917082585884305	0.642973170076159	0.998326620840567	0.999576368794868	1.42392871368048	695.596463404046	695.151157936192	0.445305467853359	BM	Pitheciidae	PLA	Hominidae	APE	order
Macaca_mulatta	Gorilla_gorilla	2329.14	8393.91	62.1515760327	0.731146201030033	0.511901910764579	0.995016879546457	0.997164477876694	1.42117619829656	695.596463404046	695.151157936192	0.445305467853359	BM	Cercopithecidae	OWM	Hominidae	APE	order
Erythrocebus_patas	Gorilla_gorilla	2615.67	8393.91	62.151576032	0.696603205832996	0.511901910758814	0.99253717007992	0.995544902760869	1.35065831960108	695.596463404046	695.151157936192	0.445305467853359	BM	Cercopithecidae	OWM	Hominidae	APE	order
Alouatta_seniculus	Gorilla_gorilla	1593.25	8393.91	78.0653383544	0.819862372933665	0.642973170094279	0.995040217202163	0.998374159626556	1.26878705299659	695.596463404046	695.151157936192	0.445305467853359	BM	Atelidae	PLA	Hominidae	APE	order
Nasalis_larvatus	Gorilla_gorilla	2945.18	8393.91	62.151576031	0.656878701078256	0.511901910750577	0.988360279137924	0.992677683020958	1.26827582144697	695.596463404046	695.151157936192	0.445305467853359	BM	Cercopithecidae	OWM	Hominidae	APE	order
Cebus_albifrons	Gorilla_gorilla	1738.26	8393.91	78.0653383462	0.802380504600428	0.642973170026741	0.994035463266326	0.997957879330046	1.24047894031594	695.596463404046	695.151157936192	0.445305467853359	BM	Cebidae	PLA	Hominidae	APE	order
Ateles_geoffroyi	Gorilla_gorilla	1833.67	8393.91	78.065338351	0.790878228497579	0.642973170066276	0.993277900203535	0.997632858695015	1.22176461272528	695.596463404046	695.151157936192	0.445305467853359	BM	Atelidae	PLA	Hominidae	APE	order
Pan_troglodytes	Hylobates_lar	6027.39	2249.16	45.7765141047	0.45548941033505	0.377031228073906	0.958492620154385	0.959099797578046	1.15794980854753	695.596463404046	695.151157936192	0.445305467853359	BM	Hominidae	APE	Hylobatidae	APE	superfamily
Papio_anubis	Erythrocebus_patas	5171.17	2615.67	29.8369393139	0.308081611789441	0.245747368306739	0.912318942656715	0.893479561109153	1.14373021471747	695.596463404046	695.151157936192	0.445305467853359	BM	Cercopithecidae	OWM	Cercopithecidae	OWM	family
Papio_anubis	Piliocolobus_badius	5171.17	2007.11	38.5936741539	0.381447350654862	0.317870869958512	0.936994160486666	0.930643111127581	1.12439979210226	695.596463404046	695.151157936192	0.445305467853359	BM	Cercopithecidae	OWM	Cercopithecidae	OWM	family
Cebuella_pygmaea	Pan_troglodytes	185	6027.39	78.0653383507	0.704336892155161	0.642973170063805	0.984209981801785	0.993214578469377	1.0781404762839	695.596463404046	695.151157936192	0.445305467853359	BM	Callitrichidae	PLA	Hominidae	APE	order
Callithrix_jacchus	Pan_troglodytes	318.24	6027.39	78.0653383503	0.688273971413692	0.64297317006051	0.981660247166108	0.991841916510809	1.0508233132533	695.596463404046	695.151157936192	0.445305467853359	BM	Callitrichidae	PLA	Hominidae	APE	order
Papio_anubis	Pygathrix_nemaeus	5171.17	2206.11	38.5936741527	0.35745664795633	0.317870869948629	0.918530239357843	0.911219714678257	1.03291862025747	695.596463404046	695.151157936192	0.445305467853359	BM	Cercopithecidae	OWM	Cercopithecidae	OWM	family
Saguinus_oedipus	Pan_troglodytes	413.31	6027.39	78.0653383502	0.676812684451131	0.642973170059687	0.979627125687611	0.990715683051779	1.03118465213133	695.596463404046	695.151157936192	0.445305467853359	BM	Callitrichidae	PLA	Hominidae	APE	order
Gorilla_gorilla	Carlito_syrichta	8393.91	206.85	115.745494551	0.987001620276604	0.953319989695427	0.994527472528508	0.999535338867007	1.02966499958618	695.596463404046	695.151157936192	0.445305467853359	BM	Hominidae	APE	Tarsiidae	TAR	order
Saguinus_midas	Pan_troglodytes	428.47	6027.39	78.0653383511	0.674985051019424	0.642973170067099	0.97928537010732	0.990523799208258	1.02804131848221	695.596463404046	695.151157936192	0.445305467853359	BM	Callitrichidae	PLA	Hominidae	APE	order
Gorilla_gorilla	Pongo_pygmaeus	8393.91	5303.23	40.643277586	0.372600929730147	0.334752113849248	0.923214637452885	0.918465482344773	1.02759808832854	695.596463404046	695.151157936192	0.445305467853359	BM	Hominidae	APE	Hominidae	APE	family
Callimico_goeldii	Pan_troglodytes	460.1	6027.39	78.0653383533	0.671171855409602	0.642973170085219	0.978556200615857	0.990112023475699	1.02147245226868	695.596463404046	695.151157936192	0.445305467853359	BM	Callitrichidae	PLA	Hominidae	APE	order
Gorilla_gorilla	Microcebus_murinus	8393.91	99.03	121.41305731	1	0.99999999993658	0.994002671890002	0.999567722483591	0.994002671953041	695.596463404046	695.151157936192	0.445305467853359	BM	Hominidae	APE	Cheirogaleidae	STR	order
Gorilla_gorilla	Cheirogaleus_medius	8393.91	202.38	121.41305731	0.987540506915109	0.99999999993658	0.993346153023666	0.999490476990309	0.980969563561378	695.596463404046	695.151157936192	0.445305467853359	BM	Hominidae	APE	Cheirogaleidae	STR	order
Aotus_trivirgatus	Pan_troglodytes	675.3	6027.39	78.0653383541	0.645228140732597	0.642973170091808	0.972975933322225	0.986861942184451	0.976388256364448	695.596463404046	695.151157936192	0.445305467853359	BM	Aotidae	PLA	Hominidae	APE	order
Gorilla_gorilla	Galago_senegalensis	8393.91	254.3	121.413057313	0.981281224080397	0.999999999961289	0.992992541312466	0.999446985459036	0.974404936479521	695.596463404046	695.151157936192	0.445305467853359	BM	Hominidae	APE	Galagidae	STR	order
Gorilla_gorilla	Loris_tardigradus	8393.91	287.23	121.4130573117	0.977311305287117	0.999999999950582	0.992759607905426	0.99941763470126	0.970235188286325	695.596463404046	695.151157936192	0.445305467853359	BM	Hominidae	APE	Lorisidae	STR	order
Saimiri_sciureus	Pan_troglodytes	721.53	6027.39	78.065338345	0.639654823216249	0.642973170016858	0.971625581916126	0.986051356450234	0.966611079303123	695.596463404046	695.151157936192	0.445305467853359	BM	Cebidae	PLA	Hominidae	APE	order
Gorilla_gorilla	Cheirogaleus_major	8393.91	381.62	121.41305731	0.965931996605135	0.99999999993658	0.992052946260247	0.999325271401267	0.958255683179939	695.596463404046	695.151157936192	0.445305467853359	BM	Hominidae	APE	Cheirogaleidae	STR	order
Plecturocebus_moloch	Pan_troglodytes	786.82	6027.39	78.0653383522	0.631783702717821	0.642973170076159	0.969619702109303	0.984831454276541	0.952745704076899	695.596463404046	695.151157936192	0.445305467853359	BM	Pitheciidae	PLA	Hominidae	APE	order
Gorilla_gorilla	Lepilemur_ruficaudatus	8393.91	449.28	121.413057307	0.957775157687634	0.999999999911871	0.991509030724597	0.999250874886645	0.949642718334654	695.596463404046	695.151157936192	0.445305467853359	BM	Hominidae	APE	Lepilemuridae	STR	order
Cercopithecus_ascanius	Pan_troglodytes	1802.09	6027.39	62.1515760317	0.509386513126169	0.511901910756343	0.949582834553315	0.962442966908199	0.944916748411617	695.596463404046	695.151157936192	0.445305467853359	BM	Cercopithecidae	OWM	Hominidae	APE	order
Gorilla_gorilla	Nycticebus_coucang	8393.91	528.14	121.4130573114	0.948268088266497	0.999999999948111	0.99083325131523	0.999154576257136	0.939575553064324	695.596463404046	695.151157936192	0.445305467853359	BM	Hominidae	APE	Lorisidae	STR	order
Gorilla_gorilla	Otolemur_crassicaudatus	8393.91	539.87	121.413057313	0.946853962926528	0.999999999961289	0.990728732910778	0.999139308529487	0.938075426978062	695.596463404046	695.151157936192	0.445305467853359	BM	Hominidae	APE	Galagidae	STR	order
Gorilla_gorilla	Avahi_laniger	8393.91	553.35	121.413057308	0.945228864070366	0.999999999920108	0.990607309213758	0.999121447442526	0.93635062170273	695.596463404046	695.151157936192	0.445305467853359	BM	Hominidae	APE	Indriidae	STR	order
Cebuella_pygmaea	Pongo_pygmaeus	185	5303.23	78.0653383547	0.617034845591497	0.64297317009675	0.96553191601728	0.982290706281408	0.926581176977786	695.596463404046	695.151157936192	0.445305467853359	BM	Callitrichidae	PLA	Hominidae	APE	order
Gorilla_gorilla	Perodicticus_potto	8393.91	679.74	121.413057312	0.929991753949424	0.999999999953053	0.989397982701555	0.99893645349382	0.920131965329839	695.596463404046	695.151157936192	0.445305467853359	BM	Hominidae	APE	Lorisidae	STR	order
Cebuella_pygmaea	Papio_anubis	185	5171.17	78.0653383526	0.60111418127809	0.642973170079454	0.960600818688711	0.979136639693353	0.898063560863313	695.596463404046	695.151157936192	0.445305467853359	BM	Callitrichidae	PLA	Cercopithecidae	OWM	order
Callithrix_jacchus	Pongo_pygmaeus	318.24	5303.23	78.0653383543	0.600971924850028	0.642973170093456	0.960554189393528	0.979106380552815	0.897807446675701	695.596463404046	695.151157936192	0.445305467853359	BM	Callitrichidae	PLA	Hominidae	APE	order
Gorilla_gorilla	Eulemur_fulvus	8393.91	909.39	121.4130573104	0.902306000810138	0.999999999939875	0.98684227228367	0.99850530846344	0.890433704188205	695.596463404046	695.151157936192	0.445305467853359	BM	Hominidae	APE	Lemuridae	STR	order
Cercopithecus_mitis	Pan_troglodytes	1998.9	6027.39	62.1515760318	0.485659828713616	0.511901910757167	0.937857852851778	0.95260893922201	0.889779613246614	695.596463404046	695.151157936192	0.445305467853359	BM	Cercopithecidae	OWM	Hominidae	APE	order
Piliocolobus_badius	Pan_troglodytes	2007.11	6027.39	62.151576032	0.484670061531933	0.511901910758814	0.93732339839805	0.952155568396074	0.887460233355032	695.596463404046	695.151157936192	0.445305467853359	BM	Cercopithecidae	OWM	Hominidae	APE	order
Pongo_pygmaeus	Hylobates_lar	5303.23	2249.16	45.7765141087	0.368187363771387	0.377031228106852	0.900591466071752	0.901602051543592	0.879466667503717	695.596463404046	695.151157936192	0.445305467853359	BM	Hominidae	APE	Hylobatidae	APE	superfamily
Saguinus_oedipus	Pongo_pygmaeus	413.31	5303.23	78.0653383542	0.589510637887468	0.642973170092632	0.956640302389582	0.97653934444232	0.877096683224427	695.596463404046	695.151157936192	0.445305467853359	BM	Callitrichidae	PLA	Hominidae	APE	order
Saguinus_midas	Pongo_pygmaeus	428.47	5303.23	78.0653383551	0.587683004455761	0.642973170100045	0.955986814390764	0.976105657231015	0.873780165996411	695.596463404046	695.151157936192	0.445305467853359	BM	Callitrichidae	PLA	Hominidae	APE	order
Callithrix_jacchus	Papio_anubis	318.24	5171.17	78.0653383522	0.58505126053662	0.642973170076159	0.955031215954954	0.975468950669899	0.868997716778889	695.596463404046	695.151157936192	0.445305467853359	BM	Callitrichidae	PLA	Cercopithecidae	OWM	order
Callimico_goeldii	Pongo_pygmaeus	460.1	5303.23	78.0653383573	0.583869808845939	0.642973170118165	0.954596568664826	0.975178369939875	0.866848170303731	695.596463404046	695.151157936192	0.445305467853359	BM	Callitrichidae	PLA	Hominidae	APE	order
Gorilla_gorilla	Propithecus_verreauxi	8393.91	1222.63	121.413057311	0.864542946974519	0.999999999944817	0.982484363601978	0.997656144418426	0.849399927111712	695.596463404046	695.151157936192	0.445305467853359	BM	Hominidae	APE	Indriidae	STR	order
Saguinus_oedipus	Papio_anubis	413.31	5171.17	78.0653383521	0.57358997357406	0.642973170075336	0.950663140317507	0.972521740962941	0.848077137446748	695.596463404046	695.151157936192	0.445305467853359	BM	Callitrichidae	PLA	Cercopithecidae	OWM	order
Saguinus_midas	Papio_anubis	428.47	5171.17	78.065338353	0.571762340142353	0.642973170082748	0.949934713511061	0.972024592131578	0.844727152004865	695.596463404046	695.151157936192	0.445305467853359	BM	Callitrichidae	PLA	Cercopithecidae	OWM	order
Callimico_goeldii	Papio_anubis	460.1	5171.17	78.0653383552	0.567949144532531	0.642973170100868	0.948385860026962	0.970962321422781	0.837725371658295	695.596463404046	695.151157936192	0.445305467853359	BM	Callitrichidae	PLA	Cercopithecidae	OWM	order
Gorilla_gorilla	Indri_indri	8393.91	1342.01	121.413057306	0.850150936481299	0.999999999903635	0.980516735317731	0.997229796948496	0.833587220846284	695.596463404046	695.151157936192	0.445305467853359	BM	Hominidae	APE	Indriidae	STR	order
Pygathrix_nemaeus	Pan_troglodytes	2206.11	6027.39	62.1515760308	0.460679358833401	0.51190191074893	0.923162401082093	0.940001072171369	0.830787801529006	695.596463404046	695.151157936192	0.445305467853359	BM	Cercopithecidae	OWM	Hominidae	APE	order
Gorilla_gorilla	Varecia_variegata	8393.91	1420	121.413057313	0.840748751036784	0.999999999961289	0.979129365048818	0.996914192981173	0.8232017908001	695.596463404046	695.151157936192	0.445305467853359	BM	Hominidae	APE	Lemuridae	STR	order
Aotus_trivirgatus	Pongo_pygmaeus	675.3	5303.23	78.0653383581	0.557926094168933	0.642973170124754	0.944122461952989	0.968003147349602	0.819241893891754	695.596463404046	695.151157936192	0.445305467853359	BM	Aotidae	PLA	Hominidae	APE	order
Gorilla_gorilla	Daubentonia_madagascariensis	8393.91	1517.1	121.413057308	0.82904273479544	0.999999999920108	0.977282314636407	0.996475556306624	0.810208802858114	695.596463404046	695.151157936192	0.445305467853359	BM	Hominidae	APE	Daubentoniidae	STR	order
Saimiri_sciureus	Pongo_pygmaeus	721.53	5303.23	78.065338349	0.552352776652586	0.642973170049803	0.941627499888947	0.966248518043388	0.808914879132213	695.596463404046	695.151157936192	0.445305467853359	BM	Cebidae	PLA	Hominidae	APE	order
Macaca_mulatta	Pan_troglodytes	2329.14	6027.39	62.1515760327	0.44584731786355	0.511901910764579	0.913171809753589	0.931278627042573	0.795338312996609	695.596463404046	695.151157936192	0.445305467853359	BM	Cercopithecidae	OWM	Hominidae	APE	order
Plecturocebus_moloch	Pongo_pygmaeus	786.82	5303.23	78.0653383562	0.544481656154158	0.642973170109105	0.9379468801603	0.963630734951936	0.79427088786247	695.596463404046	695.151157936192	0.445305467853359	BM	Pitheciidae	PLA	Hominidae	APE	order
Aotus_trivirgatus	Papio_anubis	675.3	5171.17	78.065338356	0.542005429855525	0.642973170107457	0.936750007945773	0.962772207281521	0.789649730857295	695.596463404046	695.151157936192	0.445305467853359	BM	Aotidae	PLA	Cercopithecidae	OWM	order
Saimiri_sciureus	Papio_anubis	721.53	5171.17	78.0653383469	0.536432112339178	0.642973170032507	0.933986286496156	0.960776596994758	0.779224172815217	695.596463404046	695.151157936192	0.445305467853359	BM	Cebidae	PLA	Cercopithecidae	OWM	order
Alouatta_seniculus	Pan_troglodytes	1593.25	6027.39	78.0653383544	0.534563489767182	0.642973170094279	0.933037680060192	0.960087488017435	0.775721136644188	695.596463404046	695.151157936192	0.445305467853359	BM	Atelidae	PLA	Hominidae	APE	order
Plecturocebus_moloch	Papio_anubis	786.82	5171.17	78.0653383541	0.52856099184075	0.642973170091808	0.929914320816507	0.957804005106218	0.764443150353394	695.596463404046	695.151157936192	0.445305467853359	BM	Pitheciidae	PLA	Cercopithecidae	OWM	order
Cebus_albifrons	Pan_troglodytes	1738.26	6027.39	78.0653383462	0.517081621433945	0.642973170026741	0.923608299959722	0.953128526991437	0.742769526904458	695.596463404046	695.151157936192	0.445305467853359	BM	Cebidae	PLA	Hominidae	APE	order
Cercopithecus_ascanius	Pongo_pygmaeus	1802.09	5303.23	62.1515760357	0.422084466562506	0.511901910789288	0.895004965140764	0.915153295117062	0.73796890638631	695.596463404046	695.151157936192	0.445305467853359	BM	Cercopithecidae	OWM	Hominidae	APE	order
Ateles_geoffroyi	Pan_troglodytes	1833.67	6027.39	78.065338351	0.505579345331096	0.642973170066276	0.916833102337061	0.948013978350388	0.720919474151106	695.596463404046	695.151157936192	0.445305467853359	BM	Atelidae	PLA	Hominidae	APE	order
Erythrocebus_patas	Pan_troglodytes	2615.67	6027.39	62.151576032	0.411304322666512	0.511901910758814	0.885824864398275	0.906890735121664	0.711744942136289	695.596463404046	695.151157936192	0.445305467853359	BM	Cercopithecidae	OWM	Hominidae	APE	order
Pan_troglodytes	Carlito_syrichta	6027.39	206.85	115.745494551	0.701702737110121	0.953319989695427	0.951717390444788	0.987173365545691	0.700523124500694	695.596463404046	695.151157936192	0.445305467853359	BM	Hominidae	APE	Tarsiidae	TAR	order
Papio_anubis	Nasalis_larvatus	5171.17	2945.18	38.5936741529	0.268357107034701	0.317870869950276	0.809111624728378	0.798630733659591	0.683078807800852	695.596463404046	695.151157936192	0.445305467853359	BM	Cercopithecidae	OWM	Cercopithecidae	OWM	family
Cercopithecus_mitis	Pongo_pygmaeus	1998.9	5303.23	62.1515760358	0.398357782149953	0.511901910790112	0.87397782898118	0.896127563742437	0.680122230963742	695.596463404046	695.151157936192	0.445305467853359	BM	Cercopithecidae	OWM	Hominidae	APE	order
Pan_troglodytes	Microcebus_murinus	6027.39	99.03	121.41305731	0.714701116833517	0.99999999993658	0.950463738845082	0.988111177450604	0.679297495705421	695.596463404046	695.151157936192	0.445305467853359	BM	Hominidae	APE	Cheirogaleidae	STR	order
Piliocolobus_badius	Pongo_pygmaeus	2007.11	5303.23	62.151576036	0.39736801496827	0.511901910791759	0.873034111200753	0.895265623448178	0.677699817980472	695.596463404046	695.151157936192	0.445305467853359	BM	Cercopithecidae	OWM	Hominidae	APE	order
Cebuella_pygmaea	Pan_paniscus	185	4152.02	78.0653383507	0.478249233261964	0.642973170063805	0.898774292444565	0.933967533313354	0.66851641133723	695.596463404046	695.151157936192	0.445305467853359	BM	Callitrichidae	PLA	Hominidae	APE	order
Pan_troglodytes	Cheirogaleus_medius	6027.39	202.38	121.41305731	0.702241623748626	0.99999999993658	0.946357098559601	0.986548081260153	0.664571345580679	695.596463404046	695.151157936192	0.445305467853359	BM	Hominidae	APE	Cheirogaleidae	STR	order
Pan_troglodytes	Galago_senegalensis	6027.39	254.3	121.413057313	0.695982340913913	0.999999999961289	0.94418905643762	0.98569633694927	0.657138909790192	695.596463404046	695.151157936192	0.445305467853359	BM	Hominidae	APE	Galagidae	STR	order
Papio_anubis	Gorilla_gorilla	5171.17	8393.91	62.1515760319	0.388521594043555	0.51190191075799	0.864353287168807	0.887307230071896	0.65602395671927	695.596463404046	695.151157936192	0.445305467853359	BM	Cercopithecidae	OWM	Hominidae	APE	order
Pan_troglodytes	Loris_tardigradus	6027.39	287.23	121.4130573117	0.692012422120634	0.999999999950582	0.942776521379447	0.985131783327774	0.652413064110497	695.596463404046	695.151157936192	0.445305467853359	BM	Hominidae	APE	Lorisidae	STR	order
Pan_troglodytes	Cheirogaleus_major	6027.39	381.62	121.41305731	0.680633113438651	0.99999999993658	0.938562050047665	0.983403332618516	0.638816410319819	695.596463404046	695.151157936192	0.445305467853359	BM	Hominidae	APE	Cheirogaleidae	STR	order
Callithrix_jacchus	Pan_paniscus	318.24	4152.02	78.0653383503	0.462186312520495	0.64297317006051	0.886781991236646	0.924343466930045	0.637442614441712	695.596463404046	695.151157936192	0.445305467853359	BM	Callitrichidae	PLA	Hominidae	APE	order
Pan_troglodytes	Lepilemur_ruficaudatus	6027.39	449.28	121.413057307	0.67247627452115	0.999999999911871	0.935385504836046	0.98205808715098	0.629024559588665	695.596463404046	695.151157936192	0.445305467853359	BM	Hominidae	APE	Lepilemuridae	STR	order
Pygathrix_nemaeus	Pongo_pygmaeus	2206.11	5303.23	62.1515760348	0.373377312269737	0.511901910781876	0.848437779803813	0.872585212961276	0.618843983933156	695.596463404046	695.151157936192	0.445305467853359	BM	Cercopithecidae	OWM	Hominidae	APE	order
Pan_troglodytes	Nycticebus_coucang	6027.39	528.14	121.4130573114	0.662969205100014	0.999999999948111	0.931513336449741	0.980370431392332	0.617564656238191	695.596463404046	695.151157936192	0.445305467853359	BM	Hominidae	APE	Lorisidae	STR	order
Pan_troglodytes	Otolemur_crassicaudatus	6027.39	539.87	121.413057313	0.661555079760045	0.999999999961289	0.93092139979743	0.980107906449075	0.615855780917161	695.596463404046	695.151157936192	0.445305467853359	BM	Hominidae	APE	Galagidae	STR	order
Saguinus_oedipus	Pan_paniscus	413.31	4152.02	78.0653383502	0.450725025557935	0.642973170059687	0.877560806407442	0.916799573247189	0.615171262682576	695.596463404046	695.151157936192	0.445305467853359	BM	Callitrichidae	PLA	Hominidae	APE	order
Nasalis_larvatus	Pan_troglodytes	2945.18	6027.39	62.151576031	0.371579817911772	0.511901910750577	0.846458014893002	0.870742789731768	0.614427702726732	695.596463404046	695.151157936192	0.445305467853359	BM	Cercopithecidae	OWM	Hominidae	APE	order
Pan_troglodytes	Avahi_laniger	6027.39	553.35	121.413057308	0.659929980903883	0.999999999920108	0.930235968629489	0.979802434803745	0.613890605062809	695.596463404046	695.151157936192	0.445305467853359	BM	Hominidae	APE	Indriidae	STR	order
Saguinus_midas	Pan_paniscus	428.47	4152.02	78.0653383511	0.448897392126227	0.642973170067099	0.876037597861	0.915542103700355	0.611613378896181	695.596463404046	695.151157936192	0.445305467853359	BM	Callitrichidae	PLA	Hominidae	APE	order
Alouatta_seniculus	Pongo_pygmaeus	1593.25	5303.23	78.0653383584	0.447261443203518	0.642973170127225	0.874661639629894	0.914403517158353	0.608427295929339	695.596463404046	695.151157936192	0.445305467853359	BM	Atelidae	PLA	Hominidae	APE	order
Callimico_goeldii	Pan_paniscus	460.1	4152.02	78.0653383533	0.445084196516405	0.642973170085219	0.872811980367373	0.912868990112007	0.604185115438357	695.596463404046	695.151157936192	0.445305467853359	BM	Callitrichidae	PLA	Hominidae	APE	order
Pan_troglodytes	Perodicticus_potto	6027.39	679.74	121.413057312	0.644692870782941	0.999999999953053	0.92353390799614	0.976733473917645	0.595395726439372	695.596463404046	695.151157936192	0.445305467853359	BM	Hominidae	APE	Lorisidae	STR	order
Pongo_pygmaeus	Carlito_syrichta	5303.23	206.85	115.745494555	0.614400690546458	0.953319989728372	0.916221263983323	0.970663527677542	0.590491108284738	695.596463404046	695.151157936192	0.445305467853359	BM	Hominidae	APE	Tarsiidae	TAR	order
Macaca_mulatta	Pongo_pygmaeus	2329.14	5303.23	62.1515760367	0.358545271299886	0.511901910797525	0.831509262185812	0.856757350347673	0.582403987385588	695.596463404046	695.151157936192	0.445305467853359	BM	Cercopithecidae	OWM	Hominidae	APE	order
Alouatta_seniculus	Papio_anubis	1593.25	5171.17	78.0653383563	0.431340778890111	0.642973170109928	0.860642243597296	0.902663445882097	0.577364831001457	695.596463404046	695.151157936192	0.445305467853359	BM	Atelidae	PLA	Cercopithecidae	OWM	order
Cebus_albifrons	Pongo_pygmaeus	1738.26	5303.23	78.0653383502	0.429779574870281	0.642973170059687	0.859204934168704	0.901446036707628	0.574314370379086	695.596463404046	695.151157936192	0.445305467853359	BM	Cebidae	PLA	Hominidae	APE	order
Pongo_pygmaeus	Microcebus_murinus	5303.23	99.03	121.413057314	0.627399070269853	0.999999999969525	0.915300662224948	0.972767099919588	0.574258784514814	695.596463404046	695.151157936192	0.445305467853359	BM	Hominidae	APE	Cheirogaleidae	STR	order
Papio_anubis	Carlito_syrichta	5171.17	206.85	115.7454945529	0.59848002623305	0.953319989711076	0.907888371628502	0.9662020169146	0.569958736135997	695.596463404046	695.151157936192	0.445305467853359	BM	Cercopithecidae	OWM	Tarsiidae	TAR	order
Papio_anubis	Hylobates_lar	5171.17	2249.16	62.1515760366	0.352266699457979	0.511901910796701	0.823930115174225	0.849619407985208	0.566989761387559	695.596463404046	695.151157936192	0.445305467853359	BM	Cercopithecidae	OWM	Hylobatidae	APE	order
Pan_troglodytes	Eulemur_fulvus	6027.39	909.39	121.4130573104	0.617007117643655	0.999999999939875	0.910017643053249	0.970113259883424	0.561487362978917	695.596463404046	695.151157936192	0.445305467853359	BM	Hominidae	APE	Lemuridae	STR	order
Pongo_pygmaeus	Cheirogaleus_medius	5303.23	202.38	121.413057314	0.614939577184962	0.999999999969526	0.908935562385216	0.969559538182541	0.558940450438574	695.596463404046	695.151157936192	0.445305467853359	BM	Hominidae	APE	Cheirogaleidae	STR	order
Papio_anubis	Microcebus_murinus	5171.17	99.03	121.4130573119	0.611478405956446	0.999999999952229	0.907100705637911	0.968612850469048	0.554672493551934	695.596463404046	695.151157936192	0.445305467853359	BM	Cercopithecidae	OWM	Cheirogaleidae	STR	order
Aotus_trivirgatus	Pan_paniscus	675.3	4152.02	78.0653383541	0.4191404818394	0.642973170091808	0.849104905839152	0.892822950536413	0.553513359375171	695.596463404046	695.151157936192	0.445305467853359	BM	Aotidae	PLA	Hominidae	APE	order
Ateles_geoffroyi	Pongo_pygmaeus	1833.67	5303.23	78.065338355	0.418277298767432	0.642973170099221	0.848261841836476	0.892097901811258	0.551825003516236	695.596463404046	695.151157936192	0.445305467853359	BM	Atelidae	PLA	Hominidae	APE	order
Pongo_pygmaeus	Galago_senegalensis	5303.23	254.3	121.413057317	0.60868029435025	0.999999999994235	0.905595760868194	0.967829162481551	0.551218294290769	695.596463404046	695.151157936192	0.445305467853359	BM	Hominidae	APE	Galagidae	STR	order
Pongo_pygmaeus	Loris_tardigradus	5303.23	287.23	121.4130573157	0.60471037555697	0.999999999983527	0.903427104937531	0.966688540538052	0.54631174392412	695.596463404046	695.151157936192	0.445305467853359	BM	Hominidae	APE	Lorisidae	STR	order
Cebus_albifrons	Papio_anubis	1738.26	5171.17	78.0653383481	0.413858910556874	0.64297317004239	0.843890171340595	0.888325587556753	0.543182022537031	695.596463404046	695.151157936192	0.445305467853359	BM	Cebidae	PLA	Cercopithecidae	OWM	order
Saimiri_sciureus	Pan_paniscus	721.53	4152.02	78.065338345	0.413567164323052	0.642973170016858	0.843598181272041	0.888072884687253	0.542611300013677	695.596463404046	695.151157936192	0.445305467853359	BM	Cebidae	PLA	Hominidae	APE	order
Papio_anubis	Cheirogaleus_medius	5171.17	202.38	121.4130573119	0.599018912871555	0.999999999952229	0.900248696938865	0.964993029605821	0.539265995780114	695.596463404046	695.151157936192	0.445305467853359	BM	Cercopithecidae	OWM	Cheirogaleidae	STR	order
Pongo_pygmaeus	Cheirogaleus_major	5303.23	381.62	121.413057314	0.593331066874988	0.999999999969526	0.896989502588942	0.963225530918957	0.53221173856298	695.596463404046	695.151157936192	0.445305467853359	BM	Hominidae	APE	Cheirogaleidae	STR	order
Papio_anubis	Galago_senegalensis	5171.17	254.3	121.4130573149	0.592759630036842	0.999999999976938	0.89665743538014	0.963043826173947	0.531502329677973	695.596463404046	695.151157936192	0.445305467853359	BM	Cercopithecidae	OWM	Galagidae	STR	order
Plecturocebus_moloch	Pan_paniscus	786.82	4152.02	78.0653383522	0.405696043824624	0.642973170076159	0.835563255462361	0.881083384039893	0.527214389157407	695.596463404046	695.151157936192	0.445305467853359	BM	Pitheciidae	PLA	Hominidae	APE	order
Papio_anubis	Loris_tardigradus	5171.17	287.23	121.4130573136	0.588789711243562	0.999999999966231	0.894326928089375	0.961760249899672	0.526570493764867	695.596463404046	695.151157936192	0.445305467853359	BM	Cercopithecidae	OWM	Lorisidae	STR	order
Pongo_pygmaeus	Lepilemur_ruficaudatus	5303.23	449.28	121.413057311	0.585174227957487	0.999999999944816	0.892168394117618	0.960558485019372	0.522073951264658	695.596463404046	695.151157936192	0.445305467853359	BM	Hominidae	APE	Lepilemuridae	STR	order
Ateles_geoffroyi	Papio_anubis	1833.67	5171.17	78.0653383529	0.402356634454025	0.642973170081925	0.832061908279433	0.878016552954751	0.520683668698103	695.596463404046	695.151157936192	0.445305467853359	BM	Atelidae	PLA	Cercopithecidae	OWM	order
Pan_troglodytes	Propithecus_verreauxi	6027.39	1222.63	121.413057311	0.579244063808036	0.999999999944817	0.888552514388326	0.958517941695323	0.514688769369544	695.596463404046	695.151157936192	0.445305467853359	BM	Hominidae	APE	Indriidae	STR	order
Papio_anubis	Cheirogaleus_major	5171.17	381.62	121.4130573119	0.57741040256158	0.999999999952229	0.887415288868454	0.957869167699096	0.512402819209313	695.596463404046	695.151157936192	0.445305467853359	BM	Cercopithecidae	OWM	Cheirogaleidae	STR	order
Pongo_pygmaeus	Nycticebus_coucang	5303.23	528.14	121.4130573154	0.57566715853635	0.999999999981056	0.886325675855495	0.957244444033928	0.510228583367208	695.596463404046	695.151157936192	0.445305467853359	BM	Hominidae	APE	Lorisidae	STR	order
Pongo_pygmaeus	Otolemur_crassicaudatus	5303.23	539.87	121.413057317	0.574253033196381	0.999999999994235	0.885435691199825	0.956731928888922	0.508464131374766	695.596463404046	695.151157936192	0.445305467853359	BM	Hominidae	APE	Galagidae	STR	order
Pongo_pygmaeus	Avahi_laniger	5303.23	553.35	121.413057312	0.572627934340219	0.999999999953053	0.884406168319681	0.956136550394448	0.506435677306423	695.596463404046	695.151157936192	0.445305467853359	BM	Hominidae	APE	Indriidae	STR	order
Papio_anubis	Lepilemur_ruficaudatus	5171.17	449.28	121.4130573089	0.569253563644079	0.99999999992752	0.882245235021054	0.954878184851264	0.502221244080144	695.596463404046	695.151157936192	0.445305467853359	BM	Cercopithecidae	OWM	Lepilemuridae	STR	order
Erythrocebus_patas	Pongo_pygmaeus	2615.67	5303.23	62.151576036	0.324002276102849	0.511901910791759	0.786647557002831	0.814096158076078	0.497899292005858	695.596463404046	695.151157936192	0.445305467853359	BM	Cercopithecidae	OWM	Hominidae	APE	order
Pan_troglodytes	Indri_indri	6027.39	1342.01	121.413057306	0.564852053314816	0.999999999903635	0.879379034418073	0.953191157645659	0.496719053280915	695.596463404046	695.151157936192	0.445305467853359	BM	Hominidae	APE	Indriidae	STR	order
Papio_anubis	Nycticebus_coucang	5171.17	528.14	121.4130573133	0.559746494222942	0.99999999996376	0.875986283892922	0.951168101141687	0.490330251414216	695.596463404046	695.151157936192	0.445305467853359	BM	Cercopithecidae	OWM	Lorisidae	STR	order
Papio_anubis	Otolemur_crassicaudatus	5171.17	539.87	121.4130573149	0.558332368882974	0.999999999976938	0.875033519106138	0.950594949793332	0.488559537585802	695.596463404046	695.151157936192	0.445305467853359	BM	Cercopithecidae	OWM	Galagidae	STR	order
Pongo_pygmaeus	Perodicticus_potto	5303.23	679.74	121.413057316	0.557390824219277	0.999999999985998	0.874395996513261	0.950210216125744	0.487380305197387	695.596463404046	695.151157936192	0.445305467853359	BM	Hominidae	APE	Lorisidae	STR	order
Papio_anubis	Avahi_laniger	5171.17	553.35	121.4130573099	0.556707270026812	0.999999999935757	0.8739315743299	0.949929331002034	0.486524060966689	695.596463404046	695.151157936192	0.445305467853359	BM	Cercopithecidae	OWM	Indriidae	STR	order
Pan_troglodytes	Varecia_variegata	6027.39	1420	121.413057313	0.555449867870301	0.999999999961289	0.873073774939193	0.949409171596056	0.484948712949772	695.596463404046	695.151157936192	0.445305467853359	BM	Hominidae	APE	Lemuridae	STR	order
Pan_troglodytes	Daubentonia_madagascariensis	6027.39	1517.1	121.413057308	0.543743851628957	0.999999999920108	0.864868454619088	0.944345892464241	0.470266904704537	695.596463404046	695.151157936192	0.445305467853359	BM	Hominidae	APE	Daubentoniidae	STR	order
Papio_anubis	Perodicticus_potto	5171.17	679.74	121.4130573139	0.54147015990587	0.999999999968702	0.863228193716184	0.943315011595497	0.467412308101386	695.596463404046	695.151157936192	0.445305467853359	BM	Cercopithecidae	OWM	Lorisidae	STR	order
Pongo_pygmaeus	Eulemur_fulvus	5303.23	909.39	121.4130573144	0.529705071079991	0.99999999997282	0.854494309065869	0.937723801655311	0.452629968733487	695.596463404046	695.151157936192	0.445305467853359	BM	Hominidae	APE	Lemuridae	STR	order
Papio_anubis	Eulemur_fulvus	5171.17	909.39	121.4130573123	0.513784406766584	0.999999999955524	0.842003589603634	0.929438708015967	0.432608314799078	695.596463404046	695.151157936192	0.445305467853359	BM	Cercopithecidae	OWM	Lemuridae	STR	order
Pan_paniscus	Hylobates_lar	4152.02	2249.16	45.7765141047	0.229401751441853	0.377031228073906	0.695404583789091	0.69685293321845	0.423113571512012	695.596463404046	695.151157936192	0.445305467853359	BM	Hominidae	APE	Hylobatidae	APE	superfamily
Pan_paniscus	Carlito_syrichta	4152.02	206.85	115.745494551	0.475615078216924	0.953319989695427	0.819289740665518	0.908346730372666	0.408746861810217	695.596463404046	695.151157936192	0.445305467853359	BM	Hominidae	APE	Tarsiidae	TAR	order
Pongo_pygmaeus	Propithecus_verreauxi	5303.23	1222.63	121.413057315	0.491942017244372	0.999999999977762	0.823567404094797	0.916622251787296	0.405147410116115	695.596463404046	695.151157936192	0.445305467853359	BM	Hominidae	APE	Indriidae	STR	order
Nasalis_larvatus	Pongo_pygmaeus	2945.18	5303.23	62.151576035	0.284277771348109	0.511901910783523	0.725091908142778	0.75420033250796	0.402669939938055	695.596463404046	695.151157936192	0.445305467853359	BM	Cercopithecidae	OWM	Hominidae	APE	order
Pan_paniscus	Microcebus_murinus	4152.02	99.03	121.41305731	0.48861345794032	0.99999999993658	0.820622548113632	0.914513031253203	0.400967220923028	695.596463404046	695.151157936192	0.445305467853359	BM	Hominidae	APE	Cheirogaleidae	STR	order
Cercopithecus_ascanius	Pan_paniscus	1802.09	4152.02	62.1515760317	0.283298854232973	0.511901910756343	0.723435645661753	0.752570530443849	0.400366721086176	695.596463404046	695.151157936192	0.445305467853359	BM	Cercopithecidae	OWM	Hominidae	APE	order
Pongo_pygmaeus	Indri_indri	5303.23	1342.01	121.41305731	0.477550006751153	0.99999999993658	0.810571881640645	0.907190793475815	0.387088607574333	695.596463404046	695.151157936192	0.445305467853359	BM	Hominidae	APE	Indriidae	STR	order
Cebuella_pygmaea	Nasalis_larvatus	185	2945.18	78.0653383517	0.332757074243389	0.642973170072041	0.745857259239513	0.79909878631136	0.386002544025165	695.596463404046	695.151157936192	0.445305467853359	BM	Callitrichidae	PLA	Cercopithecidae	OWM	order
Pan_paniscus	Cheirogaleus_medius	4152.02	202.38	121.41305731	0.476153964855429	0.99999999993658	0.809274714958827	0.906232085590222	0.385339364209331	695.596463404046	695.151157936192	0.445305467853359	BM	Hominidae	APE	Cheirogaleidae	STR	order
Papio_anubis	Propithecus_verreauxi	5171.17	1222.63	121.4130573129	0.476021352930965	0.999999999960466	0.809151156060003	0.906140605028949	0.385173228048564	695.596463404046	695.151157936192	0.445305467853359	BM	Cercopithecidae	OWM	Indriidae	STR	order
Pan_paniscus	Galago_senegalensis	4152.02	254.3	121.413057313	0.469894682020716	0.999999999961289	0.803378313468614	0.901835586578084	0.377503197164287	695.596463404046	695.151157936192	0.445305467853359	BM	Hominidae	APE	Galagidae	STR	order
Pongo_pygmaeus	Varecia_variegata	5303.23	1420	121.413057317	0.468147821306637	0.999999999994235	0.801709142685529	0.900579643513246	0.375318388472006	695.596463404046	695.151157936192	0.445305467853359	BM	Hominidae	APE	Lemuridae	STR	order
Pan_paniscus	Loris_tardigradus	4152.02	287.23	121.4130573117	0.465924763227437	0.999999999950582	0.799569998354684	0.898962825883644	0.372539462185578	695.596463404046	695.151157936192	0.445305467853359	BM	Hominidae	APE	Lorisidae	STR	order
Nasalis_larvatus	Pygathrix_nemaeus	2945.18	2206.11	14.9942228138	0.0890995409216287	0.123497613395607	0.514015097658917	0.46565947515073	0.370845297888362	695.596463404046	695.151157936192	0.445305467853359	BM	Cercopithecidae	OWM	Cercopithecidae	OWM	family
Papio_anubis	Indri_indri	5171.17	1342.01	121.4130573079	0.461629342437745	0.999999999919284	0.795389090790646	0.895779498750912	0.367174942993478	695.596463404046	695.151157936192	0.445305467853359	BM	Cercopithecidae	OWM	Indriidae	STR	order
Pongo_pygmaeus	Daubentonia_madagascariensis	5303.23	1517.1	121.413057312	0.456441805065293	0.999999999953053	0.790255736960359	0.891829389777045	0.360705755058324	695.596463404046	695.151157936192	0.445305467853359	BM	Hominidae	APE	Daubentoniidae	STR	order
Pan_paniscus	Cheirogaleus_major	4152.02	381.62	121.41305731	0.454545454545455	0.99999999993658	0.788356111332365	0.890356158212586	0.358343686991983	695.596463404046	695.151157936192	0.445305467853359	BM	Hominidae	APE	Cheirogaleidae	STR	order
Callithrix_jacchus	Nasalis_larvatus	318.24	2945.18	78.0653383513	0.316694153501919	0.642973170068747	0.722210172856131	0.776490356241764	0.355722058073889	695.596463404046	695.151157936192	0.445305467853359	BM	Callitrichidae	PLA	Cercopithecidae	OWM	order
Papio_anubis	Varecia_variegata	5171.17	1420	121.4130573149	0.45222715699323	0.999999999976938	0.78601695504614	0.888533630810596	0.355458212937188	695.596463404046	695.151157936192	0.445305467853359	BM	Cercopithecidae	OWM	Lemuridae	STR	order
Pan_paniscus	Lepilemur_ruficaudatus	4152.02	449.28	121.413057307	0.446388615627954	0.999999999911871	0.78004339645907	0.883837699531633	0.348202491905778	695.596463404046	695.151157936192	0.445305467853359	BM	Hominidae	APE	Lepilemuridae	STR	order
Cercopithecus_mitis	Pan_paniscus	1998.9	4152.02	62.1515760318	0.259572169820419	0.511901910757167	0.681207469176504	0.71074043820463	0.345422623272648	695.596463404046	695.151157936192	0.445305467853359	BM	Cercopithecidae	OWM	Hominidae	APE	order
Piliocolobus_badius	Pan_paniscus	2007.11	4152.02	62.151576032	0.258582402638736	0.511901910758814	0.679358686627543	0.708897647463841	0.343171607195689	695.596463404046	695.151157936192	0.445305467853359	BM	Cercopithecidae	OWM	Hominidae	APE	order
Cebuella_pygmaea	Cebus_albifrons	185	1738.26	41.3912937969	0.187255270721216	0.34091303449012	0.621837656883546	0.615613502176054	0.341560359986029	695.596463404046	695.151157936192	0.445305467853359	BM	Callitrichidae	PLA	Cebidae	PLA	superfamily
Papio_anubis	Daubentonia_madagascariensis	5171.17	1517.1	121.4130573099	0.440521140751886	0.999999999935757	0.773920627720705	0.878963271602021	0.340928397796843	695.596463404046	695.151157936192	0.445305467853359	BM	Cercopithecidae	OWM	Daubentoniidae	STR	order
Alouatta_seniculus	Pan_paniscus	1593.25	4152.02	78.0653383544	0.308475830873985	0.642973170094279	0.709549492615412	0.764243631917232	0.340416800359896	695.596463404046	695.151157936192	0.445305467853359	BM	Atelidae	PLA	Hominidae	APE	order
Pan_paniscus	Nycticebus_coucang	4152.02	528.14	121.4130573114	0.436881546206817	0.999999999948111	0.770062078702933	0.875860155816614	0.33642591163643	695.596463404046	695.151157936192	0.445305467853359	BM	Hominidae	APE	Lorisidae	STR	order
Pan_paniscus	Otolemur_crassicaudatus	4152.02	539.87	121.413057313	0.435467420866848	0.999999999961289	0.768550317867179	0.874637861448103	0.334678624740972	695.596463404046	695.151157936192	0.445305467853359	BM	Hominidae	APE	Galagidae	STR	order
Saguinus_oedipus	Nasalis_larvatus	413.31	2945.18	78.0653383512	0.305232866539359	0.642973170067923	0.704448358262035	0.759282740830722	0.334416429380019	695.596463404046	695.151157936192	0.445305467853359	BM	Callitrichidae	PLA	Cercopithecidae	OWM	order
Pan_paniscus	Avahi_laniger	4152.02	553.35	121.413057308	0.433842322010686	0.999999999920108	0.766804315387202	0.873221652213407	0.332672164741976	695.596463404046	695.151157936192	0.445305467853359	BM	Hominidae	APE	Indriidae	STR	order
Saguinus_midas	Nasalis_larvatus	428.47	2945.18	78.0653383521	0.303405233107652	0.642973170075336	0.7015472426032	0.756454758804034	0.331045080237352	695.596463404046	695.151157936192	0.445305467853359	BM	Callitrichidae	PLA	Cercopithecidae	OWM	order
Callimico_goeldii	Nasalis_larvatus	460.1	2945.18	78.0653383543	0.29959203749783	0.642973170093456	0.695433282860276	0.750479468751482	0.324035720068431	695.596463404046	695.151157936192	0.445305467853359	BM	Callitrichidae	PLA	Cercopithecidae	OWM	order
Cebuella_pygmaea	Ateles_geoffroyi	185	1833.67	46.5475501497	0.198757546824065	0.383381748042961	0.622272159434691	0.625039301837608	0.322606093006528	695.596463404046	695.151157936192	0.445305467853359	BM	Callitrichidae	PLA	Atelidae	PLA	superfamily
Pan_paniscus	Perodicticus_potto	4152.02	679.74	121.413057312	0.418605211889744	0.999999999953053	0.749978329053973	0.859330511844319	0.313944837361093	695.596463404046	695.151157936192	0.445305467853359	BM	Hominidae	APE	Lorisidae	STR	order
Cebuella_pygmaea	Erythrocebus_patas	185	2615.67	78.0653383527	0.293032569488648	0.642973170080277	0.684722803712985	0.739962591522699	0.31205980575276	695.596463404046	695.151157936192	0.445305467853359	BM	Callitrichidae	PLA	Cercopithecidae	OWM	order
Cebus_albifrons	Pan_paniscus	1738.26	4152.02	78.0653383462	0.290993962540748	0.642973170026741	0.681344306895589	0.736632452929112	0.308359802493596	695.596463404046	695.151157936192	0.445305467853359	BM	Cebidae	PLA	Hominidae	APE	order
Callithrix_jacchus	Cebus_albifrons	318.24	1738.26	41.3912937965	0.171192349979747	0.340913034486826	0.579578208372198	0.573518312704916	0.291040076064097	695.596463404046	695.151157936192	0.445305467853359	BM	Callitrichidae	PLA	Cebidae	PLA	superfamily
Pygathrix_nemaeus	Pan_paniscus	2206.11	4152.02	62.1515760308	0.234591699940204	0.51190191074893	0.632411388766503	0.661816376443306	0.289818146088233	695.596463404046	695.151157936192	0.445305467853359	BM	Cercopithecidae	OWM	Hominidae	APE	order
Ateles_geoffroyi	Pan_paniscus	1833.67	4152.02	78.065338351	0.279491686437899	0.642973170066276	0.661839601581061	0.717292421998912	0.287692667453311	695.596463404046	695.151157936192	0.445305467853359	BM	Atelidae	PLA	Hominidae	APE	order
Callithrix_jacchus	Erythrocebus_patas	318.24	2615.67	78.0653383523	0.276969648747179	0.642973170076983	0.657462521288313	0.712926325395139	0.283211138598297	695.596463404046	695.151157936192	0.445305467853359	BM	Callitrichidae	PLA	Cercopithecidae	OWM	order
Pan_paniscus	Eulemur_fulvus	4152.02	909.39	121.4130573104	0.390919458750458	0.999999999939875	0.717275149778429	0.831135349608443	0.280396813343396	695.596463404046	695.151157936192	0.445305467853359	BM	Hominidae	APE	Lemuridae	STR	order
Callithrix_jacchus	Ateles_geoffroyi	318.24	1833.67	46.5475501493	0.182694626082596	0.383381748039666	0.582521155336277	0.585223819328287	0.27759142213612	695.596463404046	695.151157936192	0.445305467853359	BM	Callitrichidae	PLA	Atelidae	PLA	superfamily
Aotus_trivirgatus	Nasalis_larvatus	675.3	2945.18	78.0653383551	0.273648322820824	0.642973170100045	0.651643249597572	0.70710741666147	0.277338294383483	695.596463404046	695.151157936192	0.445305467853359	BM	Aotidae	PLA	Cercopithecidae	OWM	order
Saimiri_sciureus	Nasalis_larvatus	721.53	2945.18	78.065338346	0.268075005304477	0.642973170025094	0.641738017384982	0.69716627251726	0.267560032727103	695.596463404046	695.151157936192	0.445305467853359	BM	Cebidae	PLA	Cercopithecidae	OWM	order
Saguinus_oedipus	Erythrocebus_patas	413.31	2615.67	78.0653383522	0.265508361784619	0.642973170076159	0.637117426326028	0.692513547571095	0.263090299877084	695.596463404046	695.151157936192	0.445305467853359	BM	Callitrichidae	PLA	Cercopithecidae	OWM	order
Saguinus_midas	Erythrocebus_patas	428.47	2615.67	78.0653383531	0.263680728352912	0.642973170083572	0.633804600580336	0.689171779708249	0.259920734628363	695.596463404046	695.151157936192	0.445305467853359	BM	Callitrichidae	PLA	Cercopithecidae	OWM	order
Macaca_mulatta	Pan_paniscus	2329.14	4152.02	62.1515760327	0.219759658970353	0.511901910764579	0.601349501365172	0.63039100573135	0.258159539089468	695.596463404046	695.151157936192	0.445305467853359	BM	Cercopithecidae	OWM	Hominidae	APE	order
Saguinus_oedipus	Cebus_albifrons	413.31	1738.26	41.3912937964	0.159731063017187	0.340913034486002	0.547797961331125	0.541904419171023	0.256664726281274	695.596463404046	695.151157936192	0.445305467853359	BM	Callitrichidae	PLA	Cebidae	PLA	superfamily
Plecturocebus_moloch	Nasalis_larvatus	786.82	2945.18	78.0653383532	0.260203884806049	0.642973170084396	0.627450477638251	0.682748566968707	0.253922028789248	695.596463404046	695.151157936192	0.445305467853359	BM	Pitheciidae	PLA	Cercopithecidae	OWM	order
Callimico_goeldii	Erythrocebus_patas	460.1	2615.67	78.0653383553	0.25986753274309	0.642973170101692	0.626832172279551	0.68212259655273	0.253343899292898	695.596463404046	695.151157936192	0.445305467853359	BM	Callitrichidae	PLA	Cercopithecidae	OWM	order
Saguinus_midas	Cebus_albifrons	428.47	1738.26	41.3912937973	0.157903429585479	0.340913034493415	0.542607613670444	0.536744415488518	0.251323928535243	695.596463404046	695.151157936192	0.445305467853359	BM	Callitrichidae	PLA	Cebidae	PLA	superfamily
Cebuella_pygmaea	Macaca_mulatta	185	2329.14	78.0653383534	0.258489574291611	0.642973170086043	0.624292486978706	0.679549692829365	0.250979522475225	695.596463404046	695.151157936192	0.445305467853359	BM	Callitrichidae	PLA	Cercopithecidae	OWM	order
Nasalis_larvatus	Piliocolobus_badius	2945.18	2007.11	27.017026323	0.113090243620161	0.222521588038961	0.489966764953178	0.462060183666849	0.249011618614888	695.596463404046	695.151157936192	0.445305467853359	BM	Cercopithecidae	OWM	Cercopithecidae	OWM	family
Saguinus_oedipus	Ateles_geoffroyi	413.31	1833.67	46.5475501492	0.171233339120036	0.383381748038842	0.552708047773025	0.555345016084936	0.246861111836504	695.596463404046	695.151157936192	0.445305467853359	BM	Callitrichidae	PLA	Atelidae	PLA	superfamily
Cebuella_pygmaea	Alouatta_seniculus	185	1593.25	46.5475501531	0.169773402387979	0.383381748070964	0.548825412313651	0.551452822655384	0.243037019978914	695.596463404046	695.151157936192	0.445305467853359	BM	Callitrichidae	PLA	Atelidae	PLA	superfamily
Saguinus_midas	Ateles_geoffroyi	428.47	1833.67	46.5475501501	0.169405705688328	0.383381748046255	0.547844541510853	0.550469502117568	0.242077228858969	695.596463404046	695.151157936192	0.445305467853359	BM	Callitrichidae	PLA	Atelidae	PLA	superfamily
Callimico_goeldii	Cebus_albifrons	460.1	1738.26	41.3912937995	0.154090233975657	0.340913034511535	0.531671451593124	0.525874947323425	0.240311663329464	695.596463404046	695.151157936192	0.445305467853359	BM	Callitrichidae	PLA	Cebidae	PLA	superfamily
Pan_paniscus	Propithecus_verreauxi	4152.02	1222.63	121.413057311	0.353156404914839	0.999999999944817	0.668176853549065	0.78611450203931	0.235970935459719	695.596463404046	695.151157936192	0.445305467853359	BM	Hominidae	APE	Indriidae	STR	order
Cebuella_pygmaea	Hylobates_lar	185	2249.16	78.0653383554	0.248847481820111	0.642973170102516	0.606224213597711	0.661166429142735	0.234624671738814	695.596463404046	695.151157936192	0.445305467853359	BM	Callitrichidae	PLA	Hylobatidae	APE	order
Cercopithecus_ascanius	Erythrocebus_patas	1802.09	2615.67	23.4097503937	0.0980821904596571	0.192810813852121	0.460655153590094	0.428548154225633	0.234333674589949	695.596463404046	695.151157936192	0.445305467853359	BM	Cercopithecidae	OWM	Cercopithecidae	OWM	family
Callimico_goeldii	Ateles_geoffroyi	460.1	1833.67	46.5475501523	0.165592510078506	0.383381748064375	0.537601647388727	0.54020019503119	0.232204080300899	695.596463404046	695.151157936192	0.445305467853359	BM	Callitrichidae	PLA	Atelidae	PLA	superfamily
Cebuella_pygmaea	Pygathrix_nemaeus	185	2206.11	78.0653383515	0.24365753332176	0.642973170070394	0.596284675267186	0.650996727179327	0.225964721229756	695.596463404046	695.151157936192	0.445305467853359	BM	Callitrichidae	PLA	Cercopithecidae	OWM	order
Nasalis_larvatus	Microcebus_murinus	2945.18	99.03	121.413057311	0.343121298921744	0.999999999944816	0.654253841631091	0.772811538287512	0.224488427977389	695.596463404046	695.151157936192	0.445305467853359	BM	Cercopithecidae	OWM	Cheirogaleidae	STR	order
Nasalis_larvatus	Carlito_syrichta	2945.18	206.85	115.745494552	0.330122919198349	0.953319989703663	0.647161767252505	0.758305224846654	0.224104114155174	695.596463404046	695.151157936192	0.445305467853359	BM	Cercopithecidae	OWM	Tarsiidae	TAR	order
Callithrix_jacchus	Macaca_mulatta	318.24	2329.14	78.065338353	0.242426653550142	0.642973170082748	0.593905500854154	0.648556665851352	0.2239261757665	695.596463404046	695.151157936192	0.445305467853359	BM	Callitrichidae	PLA	Cercopithecidae	OWM	order
Pan_paniscus	Indri_indri	4152.02	1342.01	121.413057306	0.338764394421619	0.999999999903635	0.648094691308742	0.766855835013126	0.219551405650229	695.596463404046	695.151157936192	0.445305467853359	BM	Hominidae	APE	Indriidae	STR	order
Cercopithecus_ascanius	Nasalis_larvatus	1802.09	2945.18	38.5936741527	0.137806695214397	0.317870869948629	0.498200544488301	0.488242687436982	0.215985096718808	695.596463404046	695.151157936192	0.445305467853359	BM	Cercopithecidae	OWM	Cercopithecidae	OWM	family
Nasalis_larvatus	Cheirogaleus_medius	2945.18	202.38	121.413057311	0.330661805836854	0.999999999944817	0.636456988496907	0.755487295408396	0.210452017165486	695.596463404046	695.151157936192	0.445305467853359	BM	Cercopithecidae	OWM	Cheirogaleidae	STR	order
Aotus_trivirgatus	Erythrocebus_patas	675.3	2615.67	78.0653383561	0.233923818066084	0.642973170108281	0.577242931485826	0.631406869569393	0.210010116692868	695.596463404046	695.151157936192	0.445305467853359	BM	Aotidae	PLA	Cercopithecidae	OWM	order
Pan_paniscus	Varecia_variegata	4152.02	1420	121.413057313	0.329362208977104	0.999999999961289	0.634568225658176	0.7536282517383	0.209002792557549	695.596463404046	695.151157936192	0.445305467853359	BM	Hominidae	APE	Lemuridae	STR	order
Callithrix_jacchus	Hylobates_lar	318.24	2249.16	78.065338355	0.232784561078641	0.642973170099221	0.574980360705788	0.629070117905248	0.20816817422581	695.596463404046	695.151157936192	0.445305467853359	BM	Callitrichidae	PLA	Hylobatidae	APE	order
Saguinus_oedipus	Macaca_mulatta	413.31	2329.14	78.0653383529	0.230965366587582	0.642973170081925	0.571352802160177	0.625319718269843	0.205238282936368	695.596463404046	695.151157936192	0.445305467853359	BM	Callitrichidae	PLA	Cercopithecidae	OWM	order
Nasalis_larvatus	Galago_senegalensis	2945.18	254.3	121.413057314	0.324402523002141	0.999999999969526	0.627303933249331	0.74644259127098	0.203498978641451	695.596463404046	695.151157936192	0.445305467853359	BM	Cercopithecidae	OWM	Galagidae	STR	order
Pan_paniscus	Pongo_pygmaeus	4152.02	5303.23	40.643277586	0.138785612329533	0.334752113849248	0.490204237872004	0.483532995254488	0.203234849026932	695.596463404046	695.151157936192	0.445305467853359	BM	Hominidae	APE	Hominidae	APE	family
Callithrix_jacchus	Alouatta_seniculus	318.24	1593.25	46.5475501527	0.15371048164651	0.38338174806767	0.504868945206591	0.507373407775295	0.202418735704582	695.596463404046	695.151157936192	0.445305467853359	BM	Callitrichidae	PLA	Atelidae	PLA	superfamily
Saguinus_midas	Macaca_mulatta	428.47	2329.14	78.0653383538	0.229137733155874	0.642973170089338	0.567690346605718	0.621528406213362	0.202309031242522	695.596463404046	695.151157936192	0.445305467853359	BM	Callitrichidae	PLA	Cercopithecidae	OWM	order
Saimiri_sciureus	Erythrocebus_patas	721.53	2615.67	78.065338347	0.228350500549737	0.64297317003333	0.566107217728198	0.619888088552641	0.201051727440434	695.596463404046	695.151157936192	0.445305467853359	BM	Cebidae	PLA	Cercopithecidae	OWM	order
Callithrix_jacchus	Pygathrix_nemaeus	318.24	2206.11	78.0653383511	0.227594612580291	0.642973170067099	0.564583974384737	0.618308977140778	0.199847018353387	695.596463404046	695.151157936192	0.445305467853359	BM	Callitrichidae	PLA	Cercopithecidae	OWM	order
Nasalis_larvatus	Loris_tardigradus	2945.18	287.23	121.4130573127	0.320432604208861	0.999999999958818	0.621425326147488	0.740586723698739	0.199124935586981	695.596463404046	695.151157936192	0.445305467853359	BM	Cercopithecidae	OWM	Lorisidae	STR	order
Callimico_goeldii	Macaca_mulatta	460.1	2329.14	78.065338356	0.225324537546053	0.642973170107457	0.559990883361673	0.613542462888155	0.196244093361449	695.596463404046	695.151157936192	0.445305467853359	BM	Callitrichidae	PLA	Cercopithecidae	OWM	order
Pan_paniscus	Daubentonia_madagascariensis	4152.02	1517.1	121.413057308	0.31765619273576	0.999999999920108	0.617280323836925	0.736436102674087	0.1960829175364	695.596463404046	695.151157936192	0.445305467853359	BM	Hominidae	APE	Daubentoniidae	STR	order
Saguinus_oedipus	Hylobates_lar	413.31	2249.16	78.0653383549	0.221323274116081	0.642973170098397	0.551827734402158	0.60505297500627	0.189949326979311	695.596463404046	695.151157936192	0.445305467853359	BM	Callitrichidae	PLA	Hylobatidae	APE	order
Erythrocebus_patas	Pan_paniscus	2615.67	4152.02	62.151576032	0.185216663773316	0.511901910758814	0.523141357887553	0.550457753571986	0.189283327436977	695.596463404046	695.151157936192	0.445305467853359	BM	Cercopithecidae	OWM	Hominidae	APE	order
Plecturocebus_moloch	Erythrocebus_patas	786.82	2615.67	78.0653383542	0.220479380051309	0.642973170092632	0.550095150441064	0.603248189076959	0.188630946639662	695.596463404046	695.151157936192	0.445305467853359	BM	Pitheciidae	PLA	Cercopithecidae	OWM	order
Cebuella_pygmaea	Piliocolobus_badius	185	2007.11	78.0653383527	0.219666830623228	0.642973170080277	0.548423338046486	0.601505743622212	0.187364608842763	695.596463404046	695.151157936192	0.445305467853359	BM	Callitrichidae	PLA	Cercopithecidae	OWM	order
Saguinus_midas	Hylobates_lar	428.47	2249.16	78.0653383558	0.219495640684374	0.64297317010581	0.54807066883796	0.601138053951547	0.187098199722866	695.596463404046	695.151157936192	0.445305467853359	BM	Callitrichidae	PLA	Hylobatidae	APE	order
Cebus_albifrons	Saimiri_sciureus	1738.26	721.53	36.6614225672	0.122573201782304	0.301956176519536	0.460094128676779	0.447793272779692	0.18676620933271	695.596463404046	695.151157936192	0.445305467853359	BM	Cebidae	PLA	Cebidae	PLA	family
Nasalis_larvatus	Cheirogaleus_major	2945.18	381.62	121.413057311	0.309053295526879	0.999999999944817	0.604261157539882	0.72328519956103	0.186748902106893	695.596463404046	695.151157936192	0.445305467853359	BM	Cercopithecidae	OWM	Cheirogaleidae	STR	order
Cebuella_pygmaea	Cercopithecus_mitis	185	1998.9	78.0653383525	0.218677063441545	0.64297317007863	0.546382163186354	0.599377054489413	0.18582617832688	695.596463404046	695.151157936192	0.445305467853359	BM	Callitrichidae	PLA	Cercopithecidae	OWM	order
Saguinus_oedipus	Pygathrix_nemaeus	413.31	2206.11	78.065338351	0.21613332561773	0.642973170066276	0.541112461786125	0.593874992325375	0.181893182085618	695.596463404046	695.151157936192	0.445305467853359	BM	Callitrichidae	PLA	Cercopithecidae	OWM	order
Callimico_goeldii	Hylobates_lar	460.1	2249.16	78.065338358	0.215682445074552	0.64297317012393	0.540174834307409	0.592895059052316	0.181199207750312	695.596463404046	695.151157936192	0.445305467853359	BM	Callitrichidae	PLA	Hylobatidae	APE	order
Erythrocebus_patas	Microcebus_murinus	2615.67	99.03	121.413057312	0.303396794167004	0.999999999953053	0.595556916245863	0.714398540376707	0.180690059141465	695.596463404046	695.151157936192	0.445305467853359	BM	Cercopithecidae	OWM	Cheirogaleidae	STR	order
Saguinus_midas	Pygathrix_nemaeus	428.47	2206.11	78.0653383519	0.214305692186023	0.642973170073688	0.537305184992799	0.589894141587155	0.179086103346776	695.596463404046	695.151157936192	0.445305467853359	BM	Callitrichidae	PLA	Cercopithecidae	OWM	order
Erythrocebus_patas	Carlito_syrichta	2615.67	206.85	115.745494553	0.290398414443609	0.953319989711899	0.58624154356622	0.696933952626777	0.178579717796595	695.596463404046	695.151157936192	0.445305467853359	BM	Cercopithecidae	OWM	Tarsiidae	TAR	order
Nasalis_larvatus	Lepilemur_ruficaudatus	2945.18	449.28	121.413057308	0.300896456609378	0.999999999920107	0.591673167736258	0.710409555843558	0.17803235965691	695.596463404046	695.151157936192	0.445305467853359	BM	Cercopithecidae	OWM	Lepilemuridae	STR	order
Saguinus_oedipus	Alouatta_seniculus	413.31	1593.25	46.5475501526	0.14224919468395	0.383381748066846	0.47215900564871	0.474555923161456	0.175188930237213	695.596463404046	695.151157936192	0.445305467853359	BM	Callitrichidae	PLA	Atelidae	PLA	superfamily
Callimico_goeldii	Pygathrix_nemaeus	460.1	2206.11	78.0653383541	0.210492496576201	0.642973170091808	0.529305203252553	0.58151414383458	0.17328059531239	695.596463404046	695.151157936192	0.445305467853359	BM	Callitrichidae	PLA	Cercopithecidae	OWM	order
Saguinus_midas	Alouatta_seniculus	428.47	1593.25	46.5475501535	0.140421561252242	0.383381748074259	0.466843028506825	0.469221289347477	0.170990995924918	695.596463404046	695.151157936192	0.445305467853359	BM	Callitrichidae	PLA	Atelidae	PLA	superfamily
Aotus_trivirgatus	Cebus_albifrons	675.3	1738.26	41.3912938003	0.128146519298652	0.340913034518124	0.453558704100613	0.448336423197222	0.170489137531087	695.596463404046	695.151157936192	0.445305467853359	BM	Aotidae	PLA	Cebidae	PLA	superfamily
Aotus_trivirgatus	Ateles_geoffroyi	675.3	1833.67	46.5475501531	0.139648795401501	0.383381748070964	0.464587194229277	0.466957442976532	0.169228301450262	695.596463404046	695.151157936192	0.445305467853359	BM	Aotidae	PLA	Atelidae	PLA	superfamily
Nasalis_larvatus	Nycticebus_coucang	2945.18	528.14	121.4130573124	0.291389387188241	0.999999999956347	0.57670443802127	0.69490091377587	0.168045552791093	695.596463404046	695.151157936192	0.445305467853359	BM	Cercopithecidae	OWM	Lorisidae	STR	order
Erythrocebus_patas	Cheirogaleus_medius	2615.67	202.38	121.413057312	0.290937301082113	0.999999999953053	0.575984725645123	0.694149960178059	0.167575441551581	695.596463404046	695.151157936192	0.445305467853359	BM	Cercopithecidae	OWM	Cheirogaleidae	STR	order
Nasalis_larvatus	Otolemur_crassicaudatus	2945.18	539.87	121.413057314	0.289975261848273	0.999999999969526	0.574450798003457	0.692547855407415	0.166576520575078	695.596463404046	695.151157936192	0.445305467853359	BM	Cercopithecidae	OWM	Galagidae	STR	order
Nasalis_larvatus	Avahi_laniger	2945.18	553.35	121.413057309	0.288350162992111	0.999999999928344	0.571852307131617	0.689828946124073	0.164893705980632	695.596463404046	695.151157936192	0.445305467853359	BM	Cercopithecidae	OWM	Indriidae	STR	order
Callithrix_jacchus	Piliocolobus_badius	318.24	2007.11	78.0653383523	0.203603909881758	0.642973170076983	0.514661525375808	0.56612261876432	0.162972739313023	695.596463404046	695.151157936192	0.445305467853359	BM	Callitrichidae	PLA	Cercopithecidae	OWM	order
Callimico_goeldii	Alouatta_seniculus	460.1	1593.25	46.5475501557	0.13660836564242	0.383381748092379	0.455665227894484	0.458003243073171	0.162364750989	695.596463404046	695.151157936192	0.445305467853359	BM	Callitrichidae	PLA	Atelidae	PLA	superfamily
Callithrix_jacchus	Cercopithecus_mitis	318.24	1998.9	78.0653383521	0.202614142700075	0.642973170075336	0.512537409139138	0.563884556249281	0.161511136992352	695.596463404046	695.151157936192	0.445305467853359	BM	Callitrichidae	PLA	Cercopithecidae	OWM	order
Erythrocebus_patas	Galago_senegalensis	2615.67	254.3	121.413057315	0.284678018247401	0.999999999977762	0.565946751395606	0.683626884001724	0.161112599624438	695.596463404046	695.151157936192	0.445305467853359	BM	Cercopithecidae	OWM	Galagidae	STR	order
Erythrocebus_patas	Loris_tardigradus	2615.67	287.23	121.4130573137	0.280708099454121	0.999999999967054	0.559509673967547	0.676830965211145	0.157058897210799	695.596463404046	695.151157936192	0.445305467853359	BM	Cercopithecidae	OWM	Lorisidae	STR	order
Aotus_trivirgatus	Macaca_mulatta	675.3	2329.14	78.0653383568	0.199380822869047	0.642973170114047	0.505563618894293	0.556527160021908	0.156771223175484	695.596463404046	695.151157936192	0.445305467853359	BM	Aotidae	PLA	Cercopithecidae	OWM	order
Saimiri_sciureus	Ateles_geoffroyi	721.53	1833.67	46.547550144	0.134075477885153	0.383381747996013	0.448176613523769	0.45048691566567	0.156735405243585	695.596463404046	695.151157936192	0.445305467853359	BM	Cebidae	PLA	Atelidae	PLA	superfamily
Cercopithecus_mitis	Nasalis_larvatus	1998.9	2945.18	38.5936741528	0.114080010801844	0.317870869949452	0.421801972561809	0.412966610952057	0.15137962655635	695.596463404046	695.151157936192	0.445305467853359	BM	Cercopithecidae	OWM	Cercopithecidae	OWM	family
Cebuella_pygmaea	Cercopithecus_ascanius	185	1802.09	78.0653383524	0.194950379028991	0.642973170077807	0.495921839174993	0.546331482753818	0.150364206494371	695.596463404046	695.151157936192	0.445305467853359	BM	Callitrichidae	PLA	Cercopithecidae	OWM	order
Nasalis_larvatus	Perodicticus_potto	2945.18	679.74	121.413057313	0.273113052871169	0.999999999961289	0.547043275753213	0.663566171996178	0.149404659099388	695.596463404046	695.151157936192	0.445305467853359	BM	Cercopithecidae	OWM	Lorisidae	STR	order
Saimiri_sciureus	Macaca_mulatta	721.53	2329.14	78.0653383477	0.1938075053527	0.642973170039096	0.493418654903029	0.543680118528567	0.148728194359068	695.596463404046	695.151157936192	0.445305467853359	BM	Cebidae	PLA	Cercopithecidae	OWM	order
Saguinus_oedipus	Piliocolobus_badius	413.31	2007.11	78.0653383522	0.192142622919198	0.642973170076159	0.489760477395102	0.539802196675436	0.146357370895752	695.596463404046	695.151157936192	0.445305467853359	BM	Callitrichidae	PLA	Cercopithecidae	OWM	order
Erythrocebus_patas	Cheirogaleus_major	2615.67	381.62	121.413057312	0.269328790772139	0.999999999953053	0.540758237681784	0.65682802612914	0.145641762261745	695.596463404046	695.151157936192	0.445305467853359	BM	Cercopithecidae	OWM	Cheirogaleidae	STR	order
Macaca_mulatta	Microcebus_murinus	2329.14	99.03	121.4130573127	0.268853798969967	0.999999999958818	0.539965918043521	0.655976220094325	0.145171888386285	695.596463404046	695.151157936192	0.445305467853359	BM	Cercopithecidae	OWM	Cheirogaleidae	STR	order
Saguinus_oedipus	Cercopithecus_mitis	413.31	1998.9	78.065338352	0.191152855737515	0.642973170074512	0.487579172444667	0.537488073431056	0.144954961651248	695.596463404046	695.151157936192	0.445305467853359	BM	Callitrichidae	PLA	Cercopithecidae	OWM	order
Saguinus_midas	Piliocolobus_badius	428.47	2007.11	78.0653383531	0.190314989487491	0.642973170083572	0.485728842532273	0.535524038884925	0.143771908162646	695.596463404046	695.151157936192	0.445305467853359	BM	Callitrichidae	PLA	Cercopithecidae	OWM	order
Aotus_trivirgatus	Hylobates_lar	675.3	2249.16	78.0653383588	0.189738730397546	0.642973170130519	0.484454227967609	0.534170546170748	0.14296044441736	695.596463404046	695.151157936192	0.445305467853359	BM	Aotidae	PLA	Hylobatidae	APE	order
Saguinus_midas	Cercopithecus_mitis	428.47	1998.9	78.0653383529	0.189325222305808	0.642973170081925	0.483538589293963	0.533197967502595	0.1423792705065	695.596463404046	695.151157936192	0.445305467853359	BM	Callitrichidae	PLA	Cercopithecidae	OWM	order
Macaca_mulatta	Carlito_syrichta	2329.14	206.85	115.7454945537	0.255855419246571	0.953319989717665	0.528524035966823	0.635791980046275	0.14184716597019	695.596463404046	695.151157936192	0.445305467853359	BM	Cercopithecidae	OWM	Tarsiidae	TAR	order
Callimico_goeldii	Piliocolobus_badius	460.1	2007.11	78.0653383553	0.186501793877669	0.642973170101692	0.4772641661667	0.526527193557753	0.138435983463418	695.596463404046	695.151157936192	0.445305467853359	BM	Callitrichidae	PLA	Cercopithecidae	OWM	order
Cercopithecus_mitis	Erythrocebus_patas	1998.9	2615.67	23.4097503938	0.0743555060471038	0.192810813852945	0.358298437435009	0.332088689048533	0.138174104963251	695.596463404046	695.151157936192	0.445305467853359	BM	Cercopithecidae	OWM	Cercopithecidae	OWM	family
Plecturocebus_moloch	Macaca_mulatta	786.82	2329.14	78.0653383549	0.185936384854272	0.642973170098397	0.476002985328353	0.525185056658573	0.137651582348685	695.596463404046	695.151157936192	0.445305467853359	BM	Pitheciidae	PLA	Cercopithecidae	OWM	order
Erythrocebus_patas	Lepilemur_ruficaudatus	2615.67	449.28	121.413057309	0.261171951854638	0.999999999928344	0.527046351145097	0.642013248431679	0.137649724256294	695.596463404046	695.151157936192	0.445305467853359	BM	Cercopithecidae	OWM	Lepilemuridae	STR	order
Callimico_goeldii	Cercopithecus_mitis	460.1	1998.9	78.0653383551	0.185512026695986	0.642973170100045	0.475055403743832	0.524176367981571	0.137064025125163	695.596463404046	695.151157936192	0.445305467853359	BM	Callitrichidae	PLA	Cercopithecidae	OWM	order
Hylobates_lar	Microcebus_murinus	2249.16	99.03	121.4130573147	0.259211706498467	0.999999999975291	0.523717855100642	0.638393861425337	0.135753798947708	695.596463404046	695.151157936192	0.445305467853359	BM	Hylobatidae	APE	Cheirogaleidae	STR	order
Aotus_trivirgatus	Pygathrix_nemaeus	675.3	2206.11	78.0653383549	0.184548781899196	0.642973170098397	0.472901250391541	0.521882405273149	0.135734045800091	695.596463404046	695.151157936192	0.445305467853359	BM	Aotidae	PLA	Cercopithecidae	OWM	order
Saimiri_sciureus	Hylobates_lar	721.53	2249.16	78.0653383497	0.184165412881199	0.642973170055568	0.472042649549702	0.520967734806837	0.135206154005373	695.596463404046	695.151157936192	0.445305467853359	BM	Cebidae	PLA	Hylobatidae	APE	order
Macaca_mulatta	Cheirogaleus_medius	2329.14	202.38	121.4130573127	0.256394305885076	0.999999999958818	0.518911510618773	0.633151808040217	0.133045956586356	695.596463404046	695.151157936192	0.445305467853359	BM	Cercopithecidae	OWM	Cheirogaleidae	STR	order
Hylobates_lar	Carlito_syrichta	2249.16	206.85	115.7454945557	0.246213326775071	0.953319989734137	0.511654630944413	0.617435489451584	0.132144705032177	695.596463404046	695.151157936192	0.445305467853359	BM	Hylobatidae	APE	Tarsiidae	TAR	order
Pygathrix_nemaeus	Microcebus_murinus	2206.11	99.03	121.4130573108	0.254021758000116	0.999999999943169	0.514843666716853	0.628700898552128	0.130781493322073	695.596463404046	695.151157936192	0.445305467853359	BM	Cercopithecidae	OWM	Cheirogaleidae	STR	order
Ateles_geoffroyi	Plecturocebus_moloch	1833.67	786.82	49.0936032072	0.126204357386725	0.404351923028652	0.414508364456171	0.420165130302638	0.129374336532849	695.596463404046	695.151157936192	0.445305467853359	BM	Atelidae	PLA	Pitheciidae	PLA	superfamily
Erythrocebus_patas	Nycticebus_coucang	2615.67	528.14	121.4130573134	0.251664882433501	0.999999999964584	0.510784322539021	0.624246367467486	0.128546476485211	695.596463404046	695.151157936192	0.445305467853359	BM	Cercopithecidae	OWM	Lorisidae	STR	order
Saimiri_sciureus	Pygathrix_nemaeus	721.53	2206.11	78.0653383458	0.178975464382848	0.642973170023447	0.460349423987715	0.508491651793515	0.128141041924927	695.596463404046	695.151157936192	0.445305467853359	BM	Cebidae	PLA	Cercopithecidae	OWM	order
Callithrix_jacchus	Cercopithecus_ascanius	318.24	1802.09	78.065338352	0.178887458287522	0.642973170074512	0.460150029241853	0.508278600777294	0.128022556761528	695.596463404046	695.151157936192	0.445305467853359	BM	Callitrichidae	PLA	Cercopithecidae	OWM	order
Erythrocebus_patas	Otolemur_crassicaudatus	2615.67	539.87	121.413057315	0.250250757093532	0.999999999977762	0.508339963734333	0.621557876728878	0.127212460788245	695.596463404046	695.151157936192	0.445305467853359	BM	Cercopithecidae	OWM	Galagidae	STR	order
Macaca_mulatta	Galago_senegalensis	2329.14	254.3	121.4130573157	0.250135023050364	0.999999999983527	0.50813962409258	0.621337323709875	0.127103516587294	695.596463404046	695.151157936192	0.445305467853359	BM	Cercopithecidae	OWM	Galagidae	STR	order
Pygathrix_nemaeus	Carlito_syrichta	2206.11	206.85	115.7454945518	0.24102337827672	0.953319989702016	0.502441533049597	0.607324283965616	0.127029913345257	695.596463404046	695.151157936192	0.445305467853359	BM	Cercopithecidae	OWM	Tarsiidae	TAR	order
Erythrocebus_patas	Avahi_laniger	2615.67	553.35	121.41305731	0.248625658237371	0.99999999993658	0.50552285488379	0.618453704751057	0.125685952557488	695.596463404046	695.151157936192	0.445305467853359	BM	Cercopithecidae	OWM	Indriidae	STR	order
Plecturocebus_moloch	Hylobates_lar	786.82	2249.16	78.0653383569	0.176294292382771	0.64297317011487	0.454258213092104	0.501978703921433	0.124551278277797	695.596463404046	695.151157936192	0.445305467853359	BM	Pitheciidae	PLA	Hylobatidae	APE	order
Hylobates_lar	Cheirogaleus_medius	2249.16	202.38	121.4130573147	0.246752213413576	0.999999999975291	0.502264558484273	0.6148558305822	0.123934891528249	695.596463404046	695.151157936192	0.445305467853359	BM	Hylobatidae	APE	Cheirogaleidae	STR	order
Macaca_mulatta	Loris_tardigradus	2329.14	287.23	121.4130573144	0.246165104257084	0.99999999997282	0.501241110904175	0.613724057520417	0.123388070327017	695.596463404046	695.151157936192	0.445305467853359	BM	Cercopithecidae	OWM	Lorisidae	STR	order
Nasalis_larvatus	Eulemur_fulvus	2945.18	909.39	121.4130573114	0.245427299731883	0.999999999948111	0.499953387020676	0.612298912837163	0.12270220977466	695.596463404046	695.151157936192	0.445305467853359	BM	Cercopithecidae	OWM	Lemuridae	STR	order
Nasalis_larvatus	Pan_paniscus	2945.18	4152.02	62.151576031	0.145492159018575	0.511901910750577	0.423697452717626	0.44748546224151	0.120422791694939	695.596463404046	695.151157936192	0.445305467853359	BM	Cercopithecidae	OWM	Hominidae	APE	order
Pygathrix_nemaeus	Cheirogaleus_medius	2206.11	202.38	121.4130573108	0.241562264915225	0.999999999943169	0.493178841424083	0.604780967846662	0.119133397949438	695.596463404046	695.151157936192	0.445305467853359	BM	Cercopithecidae	OWM	Cheirogaleidae	STR	order
Hylobates_lar	Galago_senegalensis	2249.16	254.3	121.4130573177	0.240492930578863	1	0.491296053414269	0.602685526383729	0.118153227667427	695.596463404046	695.151157936192	0.445305467853359	BM	Hylobatidae	APE	Galagidae	STR	order
Plecturocebus_moloch	Pygathrix_nemaeus	786.82	2206.11	78.065338353	0.17110434388442	0.642973170082748	0.442371400717038	0.48924224543666	0.117721347942371	695.596463404046	695.151157936192	0.445305467853359	BM	Pitheciidae	PLA	Cercopithecidae	OWM	order
Varecia_variegata	Microcebus_murinus	1420	99.03	71.983496227	0.159251248963216	0.592881011460256	0.430192423734239	0.467831493044239	0.115552158780486	695.596463404046	695.151157936192	0.445305467853359	BM	Lemuridae	STR	Cheirogaleidae	STR	superfamily
Hylobates_lar	Loris_tardigradus	2249.16	287.23	121.4130573164	0.236523011785583	0.999999999989293	0.484274235529833	0.594847753212093	0.114542000718903	695.596463404046	695.151157936192	0.445305467853359	BM	Hylobatidae	APE	Lorisidae	STR	order
Pygathrix_nemaeus	Galago_senegalensis	2206.11	254.3	121.4130573138	0.235302982080512	0.999999999967878	0.482106241376958	0.592420618283837	0.11344103627927	695.596463404046	695.151157936192	0.445305467853359	BM	Cercopithecidae	OWM	Galagidae	STR	order
Saguinus_oedipus	Cercopithecus_ascanius	413.31	1802.09	78.0653383519	0.167426171324962	0.642973170073688	0.433871489635872	0.480113772928658	0.112977408292895	695.596463404046	695.151157936192	0.445305467853359	BM	Callitrichidae	PLA	Cercopithecidae	OWM	order
Macaca_mulatta	Cheirogaleus_major	2329.14	381.62	121.4130573127	0.234785795575102	0.999999999958818	0.481185779623247	0.591389113744571	0.112975586092922	695.596463404046	695.151157936192	0.445305467853359	BM	Cercopithecidae	OWM	Cheirogaleidae	STR	order
Erythrocebus_patas	Perodicticus_potto	2615.67	679.74	121.413057314	0.233388548116428	0.999999999969525	0.478694811996869	0.588594607565382	0.111721887166221	695.596463404046	695.151157936192	0.445305467853359	BM	Cercopithecidae	OWM	Lorisidae	STR	order
Saguinus_midas	Cercopithecus_ascanius	428.47	1802.09	78.0653383528	0.165598537893255	0.642973170081101	0.429624999649628	0.475546867578307	0.110650451830509	695.596463404046	695.151157936192	0.445305467853359	BM	Callitrichidae	PLA	Cercopithecidae	OWM	order
Pygathrix_nemaeus	Loris_tardigradus	2206.11	287.23	121.4130573125	0.231333063287233	0.999999999957171	0.475019203637476	0.584463068332849	0.109887647502426	695.596463404046	695.151157936192	0.445305467853359	BM	Cercopithecidae	OWM	Lorisidae	STR	order
Piliocolobus_badius	Microcebus_murinus	2007.11	99.03	121.413057312	0.230031055301584	0.999999999953053	0.472684114852099	0.581833391703047	0.108732025768828	695.596463404046	695.151157936192	0.445305467853359	BM	Cercopithecidae	OWM	Cheirogaleidae	STR	order
Aotus_trivirgatus	Alouatta_seniculus	675.3	1593.25	46.5475501565	0.110664650965415	0.383381748098968	0.376667093900626	0.378685349225788	0.108726439595423	695.596463404046	695.151157936192	0.445305467853359	BM	Aotidae	PLA	Atelidae	PLA	superfamily
Indri_indri	Microcebus_murinus	1342.01	99.03	69.529333384	0.149849063518701	0.572667676113809	0.413652540332614	0.44694186054676	0.108239819316526	695.596463404046	695.151157936192	0.445305467853359	BM	Indriidae	STR	Cheirogaleidae	STR	superfamily
Cercopithecus_mitis	Microcebus_murinus	1998.9	99.03	121.4130573118	0.229041288119901	0.999999999951406	0.470905476846042	0.579827810182946	0.107856797004775	695.596463404046	695.151157936192	0.445305467853359	BM	Cercopithecidae	OWM	Cheirogaleidae	STR	order
Cebus_albifrons	Plecturocebus_moloch	1738.26	786.82	49.0936032024	0.114702081283876	0.404351922989118	0.37987609967208	0.385154136699137	0.107759050433801	695.596463404046	695.151157936192	0.445305467853359	BM	Cebidae	PLA	Pitheciidae	PLA	superfamily
Alouatta_seniculus	Nasalis_larvatus	1593.25	2945.18	78.0653383554	0.16298367185541	0.642973170102516	0.423523117559304	0.468977266325911	0.107356505722408	695.596463404046	695.151157936192	0.445305467853359	BM	Atelidae	PLA	Cercopithecidae	OWM	order
Callimico_goeldii	Cercopithecus_ascanius	460.1	1802.09	78.065338355	0.161785342283433	0.642973170099221	0.420716522342947	0.465952688474501	0.105860974822706	695.596463404046	695.151157936192	0.445305467853359	BM	Callitrichidae	PLA	Cercopithecidae	OWM	order
Macaca_mulatta	Lepilemur_ruficaudatus	2329.14	449.28	121.4130573097	0.226628956657601	0.999999999934109	0.466557704432689	0.574916056283623	0.105735485783113	695.596463404046	695.151157936192	0.445305467853359	BM	Cercopithecidae	OWM	Lepilemuridae	STR	order
Hylobates_lar	Cheirogaleus_major	2249.16	381.62	121.4130573147	0.225143703103601	0.999999999975291	0.463871861815648	0.571875319021414	0.104437828737318	695.596463404046	695.151157936192	0.445305467853359	BM	Hylobatidae	APE	Cheirogaleidae	STR	order
Piliocolobus_badius	Carlito_syrichta	2007.11	206.85	115.745494553	0.217032675578188	0.953319989711899	0.458679186529583	0.558518222930868	0.104422829856559	695.596463404046	695.151157936192	0.445305467853359	BM	Cercopithecidae	OWM	Tarsiidae	TAR	order
Aotus_trivirgatus	Piliocolobus_badius	675.3	2007.11	78.0653383561	0.160558079200664	0.642973170108281	0.417835531511401	0.462846090982549	0.104338522165646	695.596463404046	695.151157936192	0.445305467853359	BM	Aotidae	PLA	Cercopithecidae	OWM	order
Cercopithecus_mitis	Carlito_syrichta	1998.9	206.85	115.7454945528	0.216042908396505	0.953319989710252	0.456833274740978	0.556432735498214	0.103528291017309	695.596463404046	695.151157936192	0.445305467853359	BM	Cercopithecidae	OWM	Tarsiidae	TAR	order
Aotus_trivirgatus	Cercopithecus_mitis	675.3	1998.9	78.0653383559	0.15956831201898	0.642973170106634	0.415507196668657	0.460334072698317	0.103117493989929	695.596463404046	695.151157936192	0.445305467853359	BM	Aotidae	PLA	Cercopithecidae	OWM	order
Pygathrix_nemaeus	Cheirogaleus_major	2206.11	381.62	121.4130573108	0.219953754605251	0.999999999943169	0.454433534698052	0.561151114419864	0.0999543621810525	695.596463404046	695.151157936192	0.445305467853359	BM	Cercopithecidae	OWM	Cheirogaleidae	STR	order
Varecia_variegata	Cheirogaleus_medius	1420	202.38	71.983496227	0.146791755878325	0.592881011460256	0.399630723919465	0.43526584752747	0.0989448043252045	695.596463404046	695.151157936192	0.445305467853359	BM	Lemuridae	STR	Cheirogaleidae	STR	superfamily
Saimiri_sciureus	Alouatta_seniculus	721.53	1593.25	46.5475501474	0.105091333449067	0.383381748024017	0.35906917752062	0.361008754260192	0.0984268522447708	695.596463404046	695.151157936192	0.445305467853359	BM	Cebidae	PLA	Atelidae	PLA	superfamily
Piliocolobus_badius	Cheirogaleus_medius	2007.11	202.38	121.413057312	0.217571562216693	0.999999999953053	0.450073898081289	0.556177466964446	0.0979232811230999	695.596463404046	695.151157936192	0.445305467853359	BM	Cercopithecidae	OWM	Cheirogaleidae	STR	order
Saimiri_sciureus	Piliocolobus_badius	721.53	2007.11	78.065338347	0.154984761684316	0.64297317003333	0.404668762486424	0.448624926448538	0.0975429374631516	695.596463404046	695.151157936192	0.445305467853359	BM	Cebidae	PLA	Cercopithecidae	OWM	order
Macaca_mulatta	Nycticebus_coucang	2329.14	528.14	121.4130573141	0.217121887236464	0.999999999970349	0.449249028703691	0.555235016831086	0.0975417969541861	695.596463404046	695.151157936192	0.445305467853359	BM	Cercopithecidae	OWM	Lorisidae	STR	order
Hylobates_lar	Lepilemur_ruficaudatus	2249.16	449.28	121.4130573117	0.2169868641861	0.999999999950582	0.449001227953827	0.554951806436999	0.0974273684742241	695.596463404046	695.151157936192	0.445305467853359	BM	Hylobatidae	APE	Lepilemuridae	STR	order
Cercopithecus_mitis	Cheirogaleus_medius	1998.9	202.38	121.4130573118	0.21658179503501	0.999999999951406	0.448257496812167	0.554101558541955	0.097084413302197	695.596463404046	695.151157936192	0.445305467853359	BM	Cercopithecidae	OWM	Cheirogaleidae	STR	order
Saimiri_sciureus	Cercopithecus_mitis	721.53	1998.9	78.0653383468	0.153994994502633	0.642973170031683	0.402316335374789	0.446080167048719	0.0963565895779248	695.596463404046	695.151157936192	0.445305467853359	BM	Cebidae	PLA	Cercopithecidae	OWM	order
Macaca_mulatta	Otolemur_crassicaudatus	2329.14	539.87	121.4130573157	0.215707761896495	0.999999999983527	0.44665104151278	0.552263797646261	0.0963460965150475	695.596463404046	695.151157936192	0.445305467853359	BM	Cercopithecidae	OWM	Galagidae	STR	order
Macaca_mulatta	Avahi_laniger	2329.14	553.35	121.4130573107	0.214082663040333	0.999999999942346	0.44365806350772	0.54883541332311	0.0949794997205261	695.596463404046	695.151157936192	0.445305467853359	BM	Cercopithecidae	OWM	Indriidae	STR	order
Pygathrix_nemaeus	Lepilemur_ruficaudatus	2206.11	449.28	121.4130573078	0.21179691568775	0.99999999991846	0.439435039948922	0.543988246016278	0.0930709861138937	695.596463404046	695.151157936192	0.445305467853359	BM	Cercopithecidae	OWM	Lepilemuridae	STR	order
Piliocolobus_badius	Galago_senegalensis	2007.11	254.3	121.413057315	0.21131227938198	0.999999999977762	0.438537661091281	0.542956772994366	0.0926683927621018	695.596463404046	695.151157936192	0.445305467853359	BM	Cercopithecidae	OWM	Galagidae	STR	order
Daubentonia_madagascariensis	Microcebus_murinus	1517.1	99.03	92.496943882	0.17095726520456	0.76183687261877	0.409576532939433	0.472794696394986	0.0919095497735636	695.596463404046	695.151157936192	0.445305467853359	BM	Daubentoniidae	STR	Cheirogaleidae	STR	superfamily
Cercopithecus_mitis	Galago_senegalensis	1998.9	254.3	121.4130573148	0.210322512200297	0.999999999976115	0.436702799020143	0.540846141327259	0.0918484297770118	695.596463404046	695.151157936192	0.445305467853359	BM	Cercopithecidae	OWM	Galagidae	STR	order
Indri_indri	Cheirogaleus_medius	1342.01	202.38	69.529333384	0.13738957043381	0.572667676113809	0.382145460748152	0.41346383033295	0.0916810968827666	695.596463404046	695.151157936192	0.445305467853359	BM	Indriidae	STR	Cheirogaleidae	STR	superfamily
Ateles_geoffroyi	Microcebus_murinus	1833.67	99.03	121.413057305	0.209121771502421	0.999999999895398	0.434472953372922	0.538278303911545	0.090857753688738	695.596463404046	695.151157936192	0.445305467853359	BM	Atelidae	PLA	Cheirogaleidae	STR	order
Nasalis_larvatus	Propithecus_verreauxi	2945.18	1222.63	121.413057312	0.207664245896264	0.999999999953053	0.431760558354971	0.535150573961495	0.0896612307627441	695.596463404046	695.151157936192	0.445305467853359	BM	Cercopithecidae	OWM	Indriidae	STR	order
Hylobates_lar	Nycticebus_coucang	2249.16	528.14	121.4130573161	0.207479794764963	0.999999999986822	0.431416859386662	0.53475391872748	0.0895102814448694	695.596463404046	695.151157936192	0.445305467853359	BM	Hylobatidae	APE	Lorisidae	STR	order
Piliocolobus_badius	Loris_tardigradus	2007.11	287.23	121.4130573137	0.2073423605887	0.999999999967054	0.431160705382633	0.534458249410373	0.0893978784500695	695.596463404046	695.151157936192	0.445305467853359	BM	Cercopithecidae	OWM	Lorisidae	STR	order
Propithecus_verreauxi	Microcebus_murinus	1222.63	99.03	69.529333389	0.135457053025481	0.572667676154991	0.377192926217719	0.408188264104804	0.0892200561249795	695.596463404046	695.151157936192	0.445305467853359	BM	Indriidae	STR	Cheirogaleidae	STR	superfamily
Cercopithecus_mitis	Loris_tardigradus	1998.9	287.23	121.4130573135	0.206352593407017	0.999999999965407	0.429314320635417	0.532325830709813	0.0885901234529546	695.596463404046	695.151157936192	0.445305467853359	BM	Cercopithecidae	OWM	Lorisidae	STR	order
Hylobates_lar	Otolemur_crassicaudatus	2249.16	539.87	121.4130573177	0.206065669424995	1	0.428778538243138	0.53170665256246	0.0883565365181429	695.596463404046	695.151157936192	0.445305467853359	BM	Hylobatidae	APE	Galagidae	STR	order
Plecturocebus_moloch	Piliocolobus_badius	786.82	2007.11	78.0653383542	0.147113641185888	0.642973170092632	0.385845664120897	0.428230482800423	0.0882823160046237	695.596463404046	695.151157936192	0.445305467853359	BM	Pitheciidae	PLA	Cercopithecidae	OWM	order
Erythrocebus_patas	Eulemur_fulvus	2615.67	909.39	121.4130573124	0.205702794977143	0.999999999956347	0.428100588504081	0.530922924690784	0.0880614875904932	695.596463404046	695.151157936192	0.445305467853359	BM	Cercopithecidae	OWM	Lemuridae	STR	order
Cercopithecus_ascanius	Microcebus_murinus	1802.09	99.03	121.4130573117	0.205314603707347	0.999999999950582	0.427374916786755	0.530083715508197	0.0877463116788694	695.596463404046	695.151157936192	0.445305467853359	BM	Cercopithecidae	OWM	Cheirogaleidae	STR	order
Plecturocebus_moloch	Cercopithecus_mitis	786.82	1998.9	78.065338354	0.146123874004205	0.642973170090985	0.38346026930116	0.425640780451815	0.087146249149171	695.596463404046	695.151157936192	0.445305467853359	BM	Pitheciidae	PLA	Cercopithecidae	OWM	order
Papio_anubis	Pan_paniscus	5171.17	4152.02	62.1515760319	0.122864948016126	0.51190191075799	0.362994004619998	0.384063009074795	0.087124581038898	695.596463404046	695.151157936192	0.445305467853359	BM	Cercopithecidae	OWM	Hominidae	APE	order
Hylobates_lar	Avahi_laniger	2249.16	553.35	121.4130573127	0.204440570568833	0.999999999958818	0.425739430307621	0.528191158508836	0.0870384120493242	695.596463404046	695.151157936192	0.445305467853359	BM	Hylobatidae	APE	Indriidae	STR	order
Cebus_albifrons	Nasalis_larvatus	1738.26	2945.18	78.0653383472	0.145501803522173	0.642973170034978	0.381958967782163	0.42401031144771	0.0864355174893984	695.596463404046	695.151157936192	0.445305467853359	BM	Cebidae	PLA	Cercopithecidae	OWM	order
Ateles_geoffroyi	Carlito_syrichta	1833.67	206.85	115.745494546	0.196123391779025	0.953319989654245	0.41903094551188	0.513282978170529	0.086205860766612	695.596463404046	695.151157936192	0.445305467853359	BM	Atelidae	PLA	Tarsiidae	TAR	order
Pygathrix_nemaeus	Nycticebus_coucang	2206.11	528.14	121.4130573122	0.202289846266613	0.9999999999547	0.421705616775701	0.523516324956588	0.0853067643911881	695.596463404046	695.151157936192	0.445305467853359	BM	Cercopithecidae	OWM	Lorisidae	STR	order
Indri_indri	Avahi_laniger	1342.01	553.35	45.340161082	0.095077927589067	0.373437273417463	0.331013499800652	0.331451528214058	0.0842767441959862	695.596463404046	695.151157936192	0.445305467853359	BM	Indriidae	STR	Indriidae	STR	family
Pygathrix_nemaeus	Otolemur_crassicaudatus	2206.11	539.87	121.4130573138	0.200875720926644	0.999999999967878	0.419046099929881	0.520428795522428	0.0841761874276171	695.596463404046	695.151157936192	0.445305467853359	BM	Cercopithecidae	OWM	Galagidae	STR	order
Pan_troglodytes	Pongo_pygmaeus	6027.39	5303.23	40.643277586	0.0873020465636635	0.334752113849248	0.321592318728153	0.316816918529628	0.0838700232876358	695.596463404046	695.151157936192	0.445305467853359	BM	Hominidae	APE	Hominidae	APE	family
Cercopithecus_ascanius	Carlito_syrichta	1802.09	206.85	115.7454945527	0.192316223983952	0.953319989709428	0.411668091584928	0.504785074925682	0.0830470920183096	695.596463404046	695.151157936192	0.445305467853359	BM	Cercopithecidae	OWM	Tarsiidae	TAR	order
Pygathrix_nemaeus	Avahi_laniger	2206.11	553.35	121.4130573088	0.199250622070482	0.999999999926697	0.415982758904546	0.516867199539768	0.0828848234884019	695.596463404046	695.151157936192	0.445305467853359	BM	Cercopithecidae	OWM	Indriidae	STR	order
Macaca_mulatta	Perodicticus_potto	2329.14	679.74	121.4130573147	0.198845552919391	0.999999999975291	0.415218026894068	0.515977211716692	0.0825642581418897	695.596463404046	695.151157936192	0.445305467853359	BM	Cercopithecidae	OWM	Lorisidae	STR	order
Cebus_albifrons	Microcebus_murinus	1738.26	99.03	121.4130573002	0.197619495399572	0.999999999855864	0.412900514408882	0.513277998969008	0.081597191319468	695.596463404046	695.151157936192	0.445305467853359	BM	Cebidae	PLA	Cheirogaleidae	STR	order
Ateles_geoffroyi	Cheirogaleus_medius	1833.67	202.38	121.413057305	0.19666227841753	0.999999999895398	0.411088217305418	0.511165007774233	0.0808455454543408	695.596463404046	695.151157936192	0.445305467853359	BM	Atelidae	PLA	Cheirogaleidae	STR	order
Piliocolobus_badius	Cheirogaleus_major	2007.11	381.62	121.413057312	0.195963051906718	0.999999999953053	0.40976274317902	0.509618394395507	0.0802983577147994	695.596463404046	695.151157936192	0.445305467853359	BM	Cercopithecidae	OWM	Cheirogaleidae	STR	order
Cercopithecus_mitis	Cheirogaleus_major	1998.9	381.62	121.4130573118	0.194973284725035	0.999999999951406	0.40788416672511	0.507424645950541	0.0795265157775931	695.596463404046	695.151157936192	0.445305467853359	BM	Cercopithecidae	OWM	Cheirogaleidae	STR	order
Daubentonia_madagascariensis	Cheirogaleus_medius	1517.1	202.38	92.496943882	0.158497772119669	0.76183687261877	0.382218091968363	0.442256870868786	0.07951927534378	695.596463404046	695.151157936192	0.445305467853359	BM	Daubentoniidae	STR	Cheirogaleidae	STR	superfamily
Avahi_laniger	Propithecus_verreauxi	553.35	1222.63	38.068820955	0.0806859170958471	0.31354799719264	0.307865239831497	0.300527947801877	0.0792235620707079	695.596463404046	695.151157936192	0.445305467853359	BM	Indriidae	STR	Indriidae	STR	family
Alouatta_seniculus	Plecturocebus_moloch	1593.25	786.82	49.0936032106	0.0972202129506394	0.404351923056656	0.325608365188984	0.330241866669837	0.0782875332034642	695.596463404046	695.151157936192	0.445305467853359	BM	Atelidae	PLA	Pitheciidae	PLA	superfamily
Nasalis_larvatus	Indri_indri	2945.18	1342.01	121.413057307	0.193272235403044	0.999999999911871	0.404649183695011	0.503642133523321	0.078207452293644	695.596463404046	695.151157936192	0.445305467853359	BM	Cercopithecidae	OWM	Indriidae	STR	order
Cercopithecus_ascanius	Cheirogaleus_medius	1802.09	202.38	121.4130573117	0.192855110622456	0.999999999950582	0.403854683980737	0.502712240930949	0.0778854397583512	695.596463404046	695.151157936192	0.445305467853359	BM	Cercopithecidae	OWM	Cheirogaleidae	STR	order
Cebus_albifrons	Carlito_syrichta	1738.26	206.85	115.7454945412	0.184621115676176	0.95331998961471	0.396656049354106	0.487369826732076	0.0768168958683602	695.596463404046	695.151157936192	0.445305467853359	BM	Cebidae	PLA	Tarsiidae	TAR	order
Ateles_geoffroyi	Galago_senegalensis	1833.67	254.3	121.413057308	0.190402995582817	0.999999999920108	0.399174392021501	0.497227054143993	0.0760040000069158	695.596463404046	695.151157936192	0.445305467853359	BM	Atelidae	PLA	Galagidae	STR	order
Aotus_trivirgatus	Cercopithecus_ascanius	675.3	1802.09	78.0653383558	0.135841627606427	0.64297317010581	0.35844346560889	0.398414712241918	0.0757287333858536	695.596463404046	695.151157936192	0.445305467853359	BM	Aotidae	PLA	Cercopithecidae	OWM	order
Hylobates_lar	Perodicticus_potto	2249.16	679.74	121.4130573167	0.189203460447891	0.999999999991764	0.396878838270091	0.494532186732797	0.0750908495798584	695.596463404046	695.151157936192	0.445305467853359	BM	Hylobatidae	APE	Lorisidae	STR	order
Propithecus_verreauxi	Cheirogaleus_medius	1222.63	202.38	69.529333389	0.12299755994059	0.572667676154991	0.344859647194963	0.373664432763013	0.074068952890355	695.596463404046	695.151157936192	0.445305467853359	BM	Indriidae	STR	Cheirogaleidae	STR	superfamily
Piliocolobus_badius	Lepilemur_ruficaudatus	2007.11	449.28	121.413057309	0.187806212989217	0.999999999928344	0.394199958803443	0.491383576336321	0.0740332014286852	695.596463404046	695.151157936192	0.445305467853359	BM	Cercopithecidae	OWM	Lepilemuridae	STR	order
Ateles_geoffroyi	Nasalis_larvatus	1833.67	2945.18	78.065338352	0.133999527419324	0.642973170074512	0.353917209839433	0.393476212153247	0.0737585035757461	695.596463404046	695.151157936192	0.445305467853359	BM	Atelidae	PLA	Cercopithecidae	OWM	order
Cercopithecus_mitis	Lepilemur_ruficaudatus	1998.9	449.28	121.4130573088	0.186816445807534	0.999999999926697	0.392299106104084	0.4891469920282	0.0732879247012101	695.596463404046	695.151157936192	0.445305467853359	BM	Cercopithecidae	OWM	Lepilemuridae	STR	order
Cercopithecus_ascanius	Galago_senegalensis	1802.09	254.3	121.4130573147	0.186595827787744	0.999999999975291	0.39187504577141	0.488647760295512	0.0731222485568831	695.596463404046	695.151157936192	0.445305467853359	BM	Cercopithecidae	OWM	Galagidae	STR	order
Ateles_geoffroyi	Loris_tardigradus	1833.67	287.23	121.4130573067	0.186433076789538	0.9999999999094	0.391562129886259	0.488279311373463	0.0730001326355736	695.596463404046	695.151157936192	0.445305467853359	BM	Atelidae	PLA	Lorisidae	STR	order
Varecia_variegata	Cheirogaleus_major	1420	381.62	71.983496227	0.125183245568351	0.592881011460256	0.344946752569179	0.376615781494525	0.0728334239083102	695.596463404046	695.151157936192	0.445305467853359	BM	Lemuridae	STR	Cheirogaleidae	STR	superfamily
Cebus_albifrons	Cheirogaleus_medius	1738.26	202.38	121.4130573002	0.185160002314681	0.999999999855864	0.389111961767445	0.485392448184633	0.0720479717519148	695.596463404046	695.151157936192	0.445305467853359	BM	Cebidae	PLA	Cheirogaleidae	STR	order
Pygathrix_nemaeus	Perodicticus_potto	2206.11	679.74	121.4130573128	0.18401351194954	0.999999999959642	0.386901682032999	0.48278540563288	0.0711951372929496	695.596463404046	695.151157936192	0.445305467853359	BM	Cercopithecidae	OWM	Lorisidae	STR	order
Macaca_mulatta	Cercopithecus_ascanius	2329.14	1802.09	29.8369393144	0.0635391952626198	0.245747368310857	0.275319738706049	0.260775380766536	0.0711852776187972	695.596463404046	695.151157936192	0.445305467853359	BM	Cercopithecidae	OWM	Cercopithecidae	OWM	family
Nasalis_larvatus	Varecia_variegata	2945.18	1420	121.413057314	0.183870049958529	0.999999999969526	0.386624858147055	0.482458701905865	0.0710887319848744	695.596463404046	695.151157936192	0.445305467853359	BM	Cercopithecidae	OWM	Lemuridae	STR	order
Cercopithecus_ascanius	Loris_tardigradus	1802.09	287.23	121.4130573134	0.182625908994464	0.999999999964584	0.38422185763606	0.479620966604433	0.0701688660088122	695.596463404046	695.151157936192	0.445305467853359	BM	Cercopithecidae	OWM	Lorisidae	STR	order
Saimiri_sciureus	Cercopithecus_ascanius	721.53	1802.09	78.0653383467	0.13026831009008	0.642973170030859	0.344709058921235	0.383418073489095	0.0698390985369666	695.596463404046	695.151157936192	0.445305467853359	BM	Cebidae	PLA	Cercopithecidae	OWM	order
Alouatta_seniculus	Microcebus_murinus	1593.25	99.03	121.4130573084	0.180137627066335	0.999999999923402	0.379403498596037	0.473921533754679	0.0683448459429907	695.596463404046	695.151157936192	0.445305467853359	BM	Atelidae	PLA	Cheirogaleidae	STR	order
Cebus_albifrons	Galago_senegalensis	1738.26	254.3	121.4130573032	0.178900719479968	0.999999999880573	0.377002236693504	0.471076561217103	0.0674459713980801	695.596463404046	695.151157936192	0.445305467853359	BM	Cebidae	PLA	Galagidae	STR	order
Piliocolobus_badius	Nycticebus_coucang	2007.11	528.14	121.4130573134	0.178299143568081	0.999999999964584	0.375832918708839	0.46969007065563	0.0670106875328514	695.596463404046	695.151157936192	0.445305467853359	BM	Cercopithecidae	OWM	Lorisidae	STR	order
Cercopithecus_mitis	Nycticebus_coucang	1998.9	528.14	121.4130573132	0.177309376386397	0.999999999962937	0.373906990214134	0.467404881083024	0.0662972152638402	695.596463404046	695.151157936192	0.445305467853359	BM	Cercopithecidae	OWM	Lorisidae	STR	order
Daubentonia_madagascariensis	Galago_senegalensis	1517.1	254.3	99.360634015	0.152238489284957	0.81836860227483	0.356234067949276	0.421058691277902	0.0662690823984222	695.596463404046	695.151157936192	0.445305467853359	BM	Daubentoniidae	STR	Galagidae	STR	superfamily
Macaca_mulatta	Nasalis_larvatus	2329.14	2945.18	38.5936741537	0.0742674999517775	0.317870869956865	0.28262936356794	0.276354497669854	0.0660336577805989	695.596463404046	695.151157936192	0.445305467853359	BM	Cercopithecidae	OWM	Cercopithecidae	OWM	family
Piliocolobus_badius	Otolemur_crassicaudatus	2007.11	539.87	121.413057315	0.176885018228112	0.999999999977762	0.373080474314705	0.466423592298602	0.0659923465011768	695.596463404046	695.151157936192	0.445305467853359	BM	Cercopithecidae	OWM	Galagidae	STR	order
Indri_indri	Cheirogaleus_major	1342.01	381.62	69.529333384	0.115781060123835	0.572667676113809	0.325827051847903	0.353280456782904	0.0658752066049505	695.596463404046	695.151157936192	0.445305467853359	BM	Indriidae	STR	Cheirogaleidae	STR	superfamily
Cercopithecus_mitis	Otolemur_crassicaudatus	1998.9	539.87	121.4130573148	0.175895251046429	0.999999999976115	0.371150900289722	0.464131302538983	0.065283680784128	695.596463404046	695.151157936192	0.445305467853359	BM	Cercopithecidae	OWM	Galagidae	STR	order
Piliocolobus_badius	Avahi_laniger	2007.11	553.35	121.41305731	0.17525991937195	0.99999999993658	0.36991096819851	0.462657272528836	0.0648305664653822	695.596463404046	695.151157936192	0.445305467853359	BM	Cercopithecidae	OWM	Indriidae	STR	order
Ateles_geoffroyi	Cheirogaleus_major	1833.67	381.62	121.413057305	0.175053768107556	0.999999999895398	0.369508413039793	0.46217854455344	0.0646838400568248	695.596463404046	695.151157936192	0.445305467853359	BM	Atelidae	PLA	Cheirogaleidae	STR	order
Cebus_albifrons	Loris_tardigradus	1738.26	287.23	121.4130573019	0.174930800686689	0.999999999869866	0.369268240173807	0.461892885585734	0.0645963889301748	695.596463404046	695.151157936192	0.445305467853359	BM	Cebidae	PLA	Lorisidae	STR	order
Erythrocebus_patas	Piliocolobus_badius	2615.67	2007.11	38.593674154	0.0733657388654206	0.317870869959336	0.279342333855756	0.273134074033149	0.0644732143034696	695.596463404046	695.151157936192	0.445305467853359	BM	Cercopithecidae	OWM	Cercopithecidae	OWM	family
Cercopithecus_mitis	Avahi_laniger	1998.9	553.35	121.4130573098	0.174270152190267	0.999999999934933	0.367977232303656	0.460356866429016	0.0641274482802838	695.596463404046	695.151157936192	0.445305467853359	BM	Cercopithecidae	OWM	Indriidae	STR	order
Varecia_variegata	Lepilemur_ruficaudatus	1420	449.28	71.983496224	0.11702640665085	0.592881011435547	0.323791954277669	0.353810826075818	0.0639119961353175	695.596463404046	695.151157936192	0.445305467853359	BM	Lemuridae	STR	Lepilemuridae	STR	superfamily
Alouatta_seniculus	Carlito_syrichta	1593.25	206.85	115.7454945494	0.167139247342939	0.953319989682248	0.361928444828624	0.44665109303566	0.0634545047994006	695.596463404046	695.151157936192	0.445305467853359	BM	Atelidae	PLA	Tarsiidae	TAR	order
Daubentonia_madagascariensis	Loris_tardigradus	1517.1	287.23	99.3606340137	0.148268570491677	0.818368602264123	0.347564122688927	0.411120754121113	0.0629702013037997	695.596463404046	695.151157936192	0.445305467853359	BM	Daubentoniidae	STR	Lorisidae	STR	superfamily
Alouatta_seniculus	Erythrocebus_patas	1593.25	2615.67	78.0653383564	0.123259167100669	0.642973170110752	0.327269870132441	0.364328998128204	0.0627382501865833	695.596463404046	695.151157936192	0.445305467853359	BM	Atelidae	PLA	Cercopithecidae	OWM	order
Nasalis_larvatus	Daubentonia_madagascariensis	2945.18	1517.1	121.413057309	0.172164033717185	0.999999999928344	0.363854076208225	0.455445496148046	0.0626425854489367	695.596463404046	695.151157936192	0.445305467853359	BM	Cercopithecidae	OWM	Daubentoniidae	STR	order
Papio_anubis	Pan_troglodytes	5171.17	6027.39	62.1515760319	0.103222710877071	0.51190191075799	0.308226053344755	0.32655464563732	0.0621523931060845	695.596463404046	695.151157936192	0.445305467853359	BM	Cercopithecidae	OWM	Hominidae	APE	order
Cercopithecus_ascanius	Cheirogaleus_major	1802.09	381.62	121.4130573117	0.171246600312482	0.999999999950582	0.362054472315946	0.453299160950117	0.0620005975150993	695.596463404046	695.151157936192	0.445305467853359	BM	Cercopithecidae	OWM	Cheirogaleidae	STR	order
Macaca_mulatta	Eulemur_fulvus	2329.14	909.39	121.4130573131	0.171159799780105	0.999999999962113	0.36188409680148	0.45309587439939	0.0619400095544924	695.596463404046	695.151157936192	0.445305467853359	BM	Cercopithecidae	OWM	Lemuridae	STR	order
Plecturocebus_moloch	Cercopithecus_ascanius	786.82	1802.09	78.0653383539	0.122397189591652	0.642973170090161	0.325112768338634	0.36196429338118	0.0618888796548548	695.596463404046	695.151157936192	0.445305467853359	BM	Pitheciidae	PLA	Cercopithecidae	OWM	order
Daubentonia_madagascariensis	Cheirogaleus_major	1517.1	381.62	92.496943882	0.136889261809695	0.76183687261877	0.333507367794959	0.387339120501211	0.0599256599757566	695.596463404046	695.151157936192	0.445305467853359	BM	Daubentoniidae	STR	Cheirogaleidae	STR	superfamily
Erythrocebus_patas	Propithecus_verreauxi	2615.67	1222.63	121.413057313	0.167939741141523	0.999999999961289	0.355550195605234	0.445528172162738	0.0597110078150724	695.596463404046	695.151157936192	0.445305467853359	BM	Cercopithecidae	OWM	Indriidae	STR	order
Alouatta_seniculus	Cheirogaleus_medius	1593.25	202.38	121.4130573084	0.167678133981444	0.999999999923402	0.35503446702517	0.444911106928869	0.0595315169344371	695.596463404046	695.151157936192	0.445305467853359	BM	Atelidae	PLA	Cheirogaleidae	STR	order
Ateles_geoffroyi	Lepilemur_ruficaudatus	1833.67	449.28	121.413057302	0.166896929190055	0.99999999987069	0.353493395107399	0.443066447283719	0.0589969621400205	695.596463404046	695.151157936192	0.445305467853359	BM	Atelidae	PLA	Lepilemuridae	STR	order
Indri_indri	Lepilemur_ruficaudatus	1342.01	449.28	69.529333381	0.107624221206335	0.5726676760891	0.304061172081654	0.32991766184753	0.0571436946954236	695.596463404046	695.151157936192	0.445305467853359	BM	Indriidae	STR	Lepilemuridae	STR	superfamily
Varecia_variegata	Galago_senegalensis	1420	254.3	99.36063402	0.140532473043612	0.818368602316012	0.330534455914609	0.391532092849848	0.0567602720636488	695.596463404046	695.151157936192	0.445305467853359	BM	Lemuridae	STR	Galagidae	STR	superfamily
Cebus_albifrons	Cheirogaleus_major	1738.26	381.62	121.4130573002	0.163551492004707	0.999999999855864	0.346876797764895	0.435133252639883	0.0567322178244406	695.596463404046	695.151157936192	0.445305467853359	BM	Cebidae	PLA	Cheirogaleidae	STR	order
Cercopithecus_ascanius	Lepilemur_ruficaudatus	1802.09	449.28	121.4130573087	0.163089761394981	0.999999999925873	0.34596142670209	0.434034075225371	0.0564227665368936	695.596463404046	695.151157936192	0.445305467853359	BM	Cercopithecidae	OWM	Lepilemuridae	STR	order
Galago_senegalensis	Otolemur_crassicaudatus	254.3	539.87	15.608317406	0.0344272611538684	0.128555509191717	0.208106971107724	0.186495259990124	0.0557312019322451	695.596463404046	695.151157936192	0.445305467853359	BM	Galagidae	STR	Galagidae	STR	family
Hylobates_lar	Eulemur_fulvus	2249.16	909.39	121.4130573151	0.161517707308605	0.999999999978586	0.342840966189697	0.430284026168092	0.0553748868316125	695.596463404046	695.151157936192	0.445305467853359	BM	Hylobatidae	APE	Lemuridae	STR	order
Alouatta_seniculus	Galago_senegalensis	1593.25	254.3	121.4130573114	0.161418851146731	0.999999999948111	0.342644540293179	0.430047814592849	0.0553092880486948	695.596463404046	695.151157936192	0.445305467853359	BM	Atelidae	PLA	Galagidae	STR	order
Cercopithecus_mitis	Cercopithecus_ascanius	1998.9	1802.09	9.5808815419	0.0237266844125533	0.0789114593896588	0.183538466048185	0.160513904592909	0.0551853849259833	695.596463404046	695.151157936192	0.445305467853359	BM	Cercopithecidae	OWM	Cercopithecidae	OWM	family
Cebuella_pygmaea	Daubentonia_madagascariensis	185	1517.1	121.4130573027	0.160593040526204	0.999999999876455	0.341002741768259	0.428072761261341	0.0547626671351024	695.596463404046	695.151157936192	0.445305467853359	BM	Callitrichidae	PLA	Daubentoniidae	STR	order
Piliocolobus_badius	Perodicticus_potto	2007.11	679.74	121.413057314	0.160022809251008	0.999999999969525	0.339868101384515	0.426707069327996	0.0543866483600138	695.596463404046	695.151157936192	0.445305467853359	BM	Cercopithecidae	OWM	Lorisidae	STR	order
Cercopithecus_mitis	Perodicticus_potto	1998.9	679.74	121.4130573138	0.159033042069325	0.999999999967878	0.337896817215181	0.424332932740546	0.053736758748999	695.596463404046	695.151157936192	0.445305467853359	BM	Cercopithecidae	OWM	Lorisidae	STR	order
Varecia_variegata	Loris_tardigradus	1420	287.23	99.3606340187	0.136562554250333	0.818368602305305	0.321728227639699	0.381368428957637	0.0536873340657794	695.596463404046	695.151157936192	0.445305467853359	BM	Lemuridae	STR	Lorisidae	STR	superfamily
Daubentonia_madagascariensis	Lepilemur_ruficaudatus	1517.1	449.28	92.496943879	0.128732422892194	0.761836872594061	0.314733120014988	0.366004829271052	0.0531824575069339	695.596463404046	695.151157936192	0.445305467853359	BM	Daubentoniidae	STR	Lepilemuridae	STR	superfamily
Carlito_syrichta	Daubentonia_madagascariensis	206.85	1517.1	121.413057303	0.157958885481164	0.999999999878926	0.335754805261802	0.421751130348634	0.0530354548405208	695.596463404046	695.151157936192	0.445305467853359	BM	Tarsiidae	TAR	Daubentoniidae	STR	order
Alouatta_seniculus	Loris_tardigradus	1593.25	287.23	121.4130573101	0.157448932353452	0.999999999937404	0.334736928221134	0.420523523026991	0.0527039719709907	695.596463404046	695.151157936192	0.445305467853359	BM	Atelidae	PLA	Lorisidae	STR	order
Ateles_geoffroyi	Nycticebus_coucang	1833.67	528.14	121.4130573064	0.157389859768918	0.999999999906929	0.334618978193173	0.42038123892438	0.0526656340587436	695.596463404046	695.151157936192	0.445305467853359	BM	Atelidae	PLA	Lorisidae	STR	order
Pygathrix_nemaeus	Eulemur_fulvus	2206.11	909.39	121.4130573112	0.156327758810254	0.999999999946464	0.332496874245238	0.417820236808252	0.0519784911649556	695.596463404046	695.151157936192	0.445305467853359	BM	Cercopithecidae	OWM	Lemuridae	STR	order
Ateles_geoffroyi	Otolemur_crassicaudatus	1833.67	539.87	121.413057308	0.155975734428949	0.999999999920108	0.33179293269563	0.416970249679742	0.0517516463596703	695.596463404046	695.151157936192	0.445305467853359	BM	Atelidae	PLA	Galagidae	STR	order
Cebus_albifrons	Lepilemur_ruficaudatus	1738.26	449.28	121.4130572972	0.155394653087206	0.999999999831155	0.330630308604867	0.415565923977851	0.051378182114444	695.596463404046	695.151157936192	0.445305467853359	BM	Cebidae	PLA	Lepilemuridae	STR	order
Varecia_variegata	Avahi_laniger	1420	553.35	71.983496225	0.104480113033582	0.592881011443783	0.290753316546689	0.31808179078594	0.0512378348966019	695.596463404046	695.151157936192	0.445305467853359	BM	Lemuridae	STR	Indriidae	STR	superfamily
Propithecus_verreauxi	Cheirogaleus_major	1222.63	381.62	69.529333389	0.101389049630616	0.572667676154991	0.287251359574321	0.311839617734805	0.0508569691725716	695.596463404046	695.151157936192	0.445305467853359	BM	Indriidae	STR	Cheirogaleidae	STR	superfamily
Ateles_geoffroyi	Avahi_laniger	1833.67	553.35	121.413057303	0.154350635572787	0.999999999878926	0.328539453862566	0.41303885352926	0.0507102735205631	695.596463404046	695.151157936192	0.445305467853359	BM	Atelidae	PLA	Indriidae	STR	order
Cercopithecus_ascanius	Nycticebus_coucang	1802.09	528.14	121.4130573131	0.153582691973844	0.999999999962113	0.326999866800495	0.411176802423462	0.0502215198202112	695.596463404046	695.151157936192	0.445305467853359	BM	Cercopithecidae	OWM	Lorisidae	STR	order
Erythrocebus_patas	Indri_indri	2615.67	1342.01	121.413057308	0.153547730648304	0.999999999920107	0.326929743027146	0.411091966004207	0.0501993201272619	695.596463404046	695.151157936192	0.445305467853359	BM	Cercopithecidae	OWM	Indriidae	STR	order
Indri_indri	Galago_senegalensis	1342.01	254.3	99.360634013	0.131130287599097	0.818368602258358	0.30960681641421	0.367342169048292	0.0496094678693689	695.596463404046	695.151157936192	0.445305467853359	BM	Indriidae	STR	Galagidae	STR	superfamily
Cercopithecus_ascanius	Otolemur_crassicaudatus	1802.09	539.87	121.4130573147	0.152168566633875	0.999999999975291	0.324161218406854	0.407740823843491	0.0493271479644804	695.596463404046	695.151157936192	0.445305467853359	BM	Cercopithecidae	OWM	Galagidae	STR	order
Cercopithecus_ascanius	Avahi_laniger	1802.09	553.35	121.4130573097	0.150543467777713	0.999999999934109	0.320893373285218	0.403780909608533	0.0483084012044281	695.596463404046	695.151157936192	0.445305467853359	BM	Cercopithecidae	OWM	Indriidae	STR	order
Cebuella_pygmaea	Varecia_variegata	185	1420	121.4130573077	0.14888702428486	0.999999999917637	0.317556280455753	0.399732249119826	0.0472800096439196	695.596463404046	695.151157936192	0.445305467853359	BM	Callitrichidae	PLA	Lemuridae	STR	order
Indri_indri	Loris_tardigradus	1342.01	287.23	99.3606340117	0.127160368805818	0.81836860224765	0.300697737811726	0.3570071313141	0.0467232432111846	695.596463404046	695.151157936192	0.445305467853359	BM	Indriidae	STR	Lorisidae	STR	superfamily
Cebus_albifrons	Erythrocebus_patas	1738.26	2615.67	78.0653383482	0.105777298767432	0.642973170043214	0.283017395324004	0.315673676179343	0.0465599763354911	695.596463404046	695.151157936192	0.445305467853359	BM	Cebidae	PLA	Cercopithecidae	OWM	order
Carlito_syrichta	Varecia_variegata	206.85	1420	121.413057308	0.14625286923982	0.999999999920108	0.312236689224499	0.393268405009453	0.0456655116846734	695.596463404046	695.151157936192	0.445305467853359	BM	Tarsiidae	TAR	Lemuridae	STR	order
Alouatta_seniculus	Cheirogaleus_major	1593.25	381.62	121.4130573084	0.14606962367147	0.999999999923402	0.31186605145682	0.392817591255861	0.0455541567756942	695.596463404046	695.151157936192	0.445305467853359	BM	Atelidae	PLA	Cheirogaleidae	STR	order
Cebus_albifrons	Nycticebus_coucang	1738.26	528.14	121.4130573016	0.145887583666069	0.999999999867395	0.311497777921858	0.392369595358694	0.0454436581443956	695.596463404046	695.151157936192	0.445305467853359	BM	Cebidae	PLA	Lorisidae	STR	order
Cebuella_pygmaea	Saimiri_sciureus	185	721.53	41.3912937957	0.0646820689389117	0.340913034480237	0.239188958604634	0.236175701010948	0.0453817693813885	695.596463404046	695.151157936192	0.445305467853359	BM	Callitrichidae	PLA	Cebidae	PLA	superfamily
Eulemur_fulvus	Microcebus_murinus	909.39	99.03	71.9834962244	0.0976939991898617	0.592881011438841	0.272647738155949	0.298448462738171	0.0449264648329398	695.596463404046	695.151157936192	0.445305467853359	BM	Lemuridae	STR	Cheirogaleidae	STR	superfamily
Callithrix_jacchus	Daubentonia_madagascariensis	318.24	1517.1	121.4130573023	0.144530119784735	0.99999999987316	0.308749255514471	0.389024272076601	0.0446235668886142	695.596463404046	695.151157936192	0.445305467853359	BM	Callitrichidae	PLA	Daubentoniidae	STR	order
Cebus_albifrons	Otolemur_crassicaudatus	1738.26	539.87	121.4130573032	0.1444734583261	0.999999999880573	0.308634441514626	0.388884458654441	0.0445894851294876	695.596463404046	695.151157936192	0.445305467853359	BM	Cebidae	PLA	Galagidae	STR	order
Erythrocebus_patas	Varecia_variegata	2615.67	1420	121.413057315	0.144145545203788	0.999999999977762	0.307969846702759	0.388075047329323	0.0443924814602835	695.596463404046	695.151157936192	0.445305467853359	BM	Cercopithecidae	OWM	Lemuridae	STR	order
Cebuella_pygmaea	Plecturocebus_moloch	185	786.82	49.0936032069	0.0725531894373397	0.404351923026182	0.246123563463568	0.249721465220311	0.0441621481389842	695.596463404046	695.151157936192	0.445305467853359	BM	Callitrichidae	PLA	Pitheciidae	PLA	superfamily
Cebus_albifrons	Avahi_laniger	1738.26	553.35	121.4130572982	0.142848359469938	0.999999999839391	0.305338466668041	0.38486847221058	0.0436170990536014	695.596463404046	695.151157936192	0.445305467853359	BM	Cebidae	PLA	Indriidae	STR	order
Daubentonia_madagascariensis	Avahi_laniger	1517.1	553.35	92.49694388	0.116186129274926	0.761836872602297	0.285476156240817	0.332592860279869	0.0435373644762132	695.596463404046	695.151157936192	0.445305467853359	BM	Daubentoniidae	STR	Indriidae	STR	superfamily
Propithecus_verreauxi	Lepilemur_ruficaudatus	1222.63	449.28	69.529333386	0.0932322107131146	0.572667676130282	0.26504953552319	0.287919700668616	0.0431509498009268	695.596463404046	695.151157936192	0.445305467853359	BM	Indriidae	STR	Lepilemuridae	STR	superfamily
Cebuella_pygmaea	Indri_indri	185	1342.01	121.4130573007	0.139484838840345	0.999999999859982	0.298498371961113	0.37651982551609	0.041635997312931	695.596463404046	695.151157936192	0.445305467853359	BM	Callitrichidae	PLA	Indriidae	STR	order
Nasalis_larvatus	Hylobates_lar	2945.18	2249.16	62.1515760357	0.083909592423278	0.511901910789288	0.252753874789763	0.268081877266743	0.041430739307678	695.596463404046	695.151157936192	0.445305467853359	BM	Cercopithecidae	OWM	Hylobatidae	APE	order
Ateles_geoffroyi	Perodicticus_potto	1833.67	679.74	121.413057307	0.139113525451845	0.999999999911871	0.297741767813904	0.375595184219899	0.0414199069985071	695.596463404046	695.151157936192	0.445305467853359	BM	Atelidae	PLA	Lorisidae	STR	order
Daubentonia_madagascariensis	Nycticebus_coucang	1517.1	528.14	99.3606340134	0.119225353471057	0.818368602261652	0.282766856570649	0.336142878580791	0.0411953468539307	695.596463404046	695.151157936192	0.445305467853359	BM	Daubentoniidae	STR	Lorisidae	STR	superfamily
Alouatta_seniculus	Lepilemur_ruficaudatus	1593.25	449.28	121.4130573054	0.137912784753969	0.999999999898693	0.29529306973314	0.372601065187669	0.0407246895695709	695.596463404046	695.151157936192	0.445305467853359	BM	Atelidae	PLA	Lepilemuridae	STR	order
Daubentonia_madagascariensis	Otolemur_crassicaudatus	1517.1	539.87	99.360634015	0.117811228131088	0.81836860227483	0.279554569103876	0.332396473751415	0.0402442945932137	695.596463404046	695.151157936192	0.445305467853359	BM	Daubentoniidae	STR	Galagidae	STR	superfamily
Carlito_syrichta	Indri_indri	206.85	1342.01	121.413057301	0.136850683795305	0.999999999862453	0.293124548471593	0.369947527065876	0.0401142949010452	695.596463404046	695.151157936192	0.445305467853359	BM	Tarsiidae	TAR	Indriidae	STR	order
Propithecus_verreauxi	Galago_senegalensis	1222.63	254.3	99.360634018	0.116738277105877	0.818368602299539	0.277113983650354	0.329548389235707	0.0395296311740072	695.596463404046	695.151157936192	0.445305467853359	BM	Indriidae	STR	Galagidae	STR	superfamily
Cercopithecus_ascanius	Perodicticus_potto	1802.09	679.74	121.4130573137	0.135306357656771	0.999999999967055	0.289967210207135	0.366080680515663	0.0392344070543155	695.596463404046	695.151157936192	0.445305467853359	BM	Cercopithecidae	OWM	Lorisidae	STR	order
Aotus_trivirgatus	Cebuella_pygmaea	675.3	185	40.5102348762	0.0591087514225643	0.333656328002658	0.221439045477172	0.21794453289262	0.0392289442634393	695.596463404046	695.151157936192	0.445305467853359	BM	Aotidae	PLA	Callitrichidae	PLA	superfamily
Macaca_mulatta	Propithecus_verreauxi	2329.14	1222.63	121.4130573137	0.133396745944486	0.999999999967055	0.286056165422918	0.361285345096363	0.038158961626032	695.596463404046	695.151157936192	0.445305467853359	BM	Cercopithecidae	OWM	Indriidae	STR	order
Saguinus_oedipus	Daubentonia_madagascariensis	413.31	1517.1	121.4130573022	0.133068832822175	0.999999999872337	0.285383811734726	0.360460374301569	0.0379756907387313	695.596463404046	695.151157936192	0.445305467853359	BM	Callitrichidae	PLA	Daubentoniidae	STR	order
Callithrix_jacchus	Varecia_variegata	318.24	1420	121.4130573073	0.132824103543391	0.999999999914342	0.28488187392578	0.359844388471733	0.0378391795231942	695.596463404046	695.151157936192	0.445305467853359	BM	Callitrichidae	PLA	Lemuridae	STR	order
Erythrocebus_patas	Daubentonia_madagascariensis	2615.67	1517.1	121.41305731	0.132439528962444	0.99999999993658	0.284092865641446	0.358875909651711	0.0376251253095303	695.596463404046	695.151157936192	0.445305467853359	BM	Cercopithecidae	OWM	Daubentoniidae	STR	order
Piliocolobus_badius	Eulemur_fulvus	2007.11	909.39	121.4130573124	0.132337056111722	0.999999999956347	0.283882577079946	0.358617747843026	0.037568184533809	695.596463404046	695.151157936192	0.445305467853359	BM	Cercopithecidae	OWM	Lemuridae	STR	order
Ateles_geoffroyi	Erythrocebus_patas	1833.67	2615.67	78.065338353	0.0942750226645835	0.642973170082748	0.253362755075027	0.28291425068243	0.0371489520690039	695.596463404046	695.151157936192	0.445305467853359	BM	Atelidae	PLA	Cercopithecidae	OWM	order
Cercopithecus_mitis	Eulemur_fulvus	1998.9	909.39	121.4130573122	0.131347288930039	0.9999999999547	0.281850330635344	0.356121979885915	0.0370202768146645	695.596463404046	695.151157936192	0.445305467853359	BM	Cercopithecidae	OWM	Lemuridae	STR	order
Saguinus_midas	Daubentonia_madagascariensis	428.47	1517.1	121.4130573031	0.131241199390467	0.999999999879749	0.28163238288311	0.355854228512757	0.0369617717212193	695.596463404046	695.151157936192	0.445305467853359	BM	Callitrichidae	PLA	Daubentoniidae	STR	order
Propithecus_verreauxi	Loris_tardigradus	1222.63	287.23	99.3606340167	0.112768358312598	0.818368602288832	0.268059455893308	0.318969509058467	0.0369376643809555	695.596463404046	695.151157936192	0.445305467853359	BM	Indriidae	STR	Lorisidae	STR	superfamily
Alouatta_seniculus	Nycticebus_coucang	1593.25	528.14	121.4130573098	0.128405715332832	0.999999999934933	0.275798793886958	0.348680945441777	0.0354141414192915	695.596463404046	695.151157936192	0.445305467853359	BM	Atelidae	PLA	Lorisidae	STR	order
Cebus_albifrons	Perodicticus_potto	1738.26	679.74	121.4130573022	0.127611249348996	0.999999999872337	0.274161403946903	0.346665244403828	0.0349860792854055	695.596463404046	695.151157936192	0.445305467853359	BM	Cebidae	PLA	Lorisidae	STR	order
Callimico_goeldii	Daubentonia_madagascariensis	460.1	1517.1	121.4130573053	0.127428003780645	0.99999999989787	0.273783557629019	0.346199957950444	0.0348876922201923	695.596463404046	695.151157936192	0.445305467853359	BM	Callitrichidae	PLA	Daubentoniidae	STR	order
Alouatta_seniculus	Otolemur_crassicaudatus	1593.25	539.87	121.4130573114	0.126991589992863	0.999999999948111	0.272883418652724	0.345091299801826	0.0346538992191957	695.596463404046	695.151157936192	0.445305467853359	BM	Atelidae	PLA	Galagidae	STR	order
Eulemur_fulvus	Cheirogaleus_medius	909.39	202.38	71.9834962244	0.0852345061049708	0.592881011438841	0.239012591134429	0.261885822010224	0.0343612289231055	695.596463404046	695.151157936192	0.445305467853359	BM	Lemuridae	STR	Cheirogaleidae	STR	superfamily
Alouatta_seniculus	Avahi_laniger	1593.25	553.35	121.4130573064	0.125366491136701	0.999999999906929	0.269528215268704	0.340956246853748	0.0337898066137198	695.596463404046	695.151157936192	0.445305467853359	BM	Atelidae	PLA	Indriidae	STR	order
Cebuella_pygmaea	Propithecus_verreauxi	185	1222.63	121.4130573057	0.125092828347125	0.999999999901164	0.268962697190265	0.340258882854953	0.033645304514727	695.596463404046	695.151157936192	0.445305467853359	BM	Callitrichidae	PLA	Indriidae	STR	order
Varecia_variegata	Nycticebus_coucang	1420	528.14	99.3606340184	0.107519337229713	0.818368602302834	0.256030226867613	0.304885542552988	0.0336378988955787	695.596463404046	695.151157936192	0.445305467853359	BM	Lemuridae	STR	Lorisidae	STR	superfamily
Callimico_goeldii	Cebuella_pygmaea	460.1	185	20.8919895174	0.0331650367455587	0.172073663071775	0.17389459784454	0.158969115337248	0.0335159990460755	695.596463404046	695.151157936192	0.445305467853359	BM	Callitrichidae	PLA	Callitrichidae	PLA	family
Alouatta_seniculus	Macaca_mulatta	1593.25	2329.14	78.0653383571	0.0887161719036321	0.642973170116517	0.238892398173642	0.266889120034952	0.0329619026856176	695.596463404046	695.151157936192	0.445305467853359	BM	Atelidae	PLA	Cercopithecidae	OWM	order
Hylobates_lar	Propithecus_verreauxi	2249.16	1222.63	121.4130573157	0.123754653472986	0.999999999983527	0.266195288385655	0.336844615429791	0.0329429056708509	695.596463404046	695.151157936192	0.445305467853359	BM	Hylobatidae	APE	Indriidae	STR	order
Varecia_variegata	Otolemur_crassicaudatus	1420	539.87	99.36063402	0.106105211889744	0.818368602316012	0.2527786097852	0.301072907827247	0.0327738965993427	695.596463404046	695.151157936192	0.445305467853359	BM	Lemuridae	STR	Galagidae	STR	superfamily
Callithrix_jacchus	Indri_indri	318.24	1342.01	121.4130573003	0.123421918098875	0.999999999856688	0.265506637098777	0.335994571668457	0.0327693384234094	695.596463404046	695.151157936192	0.445305467853359	BM	Callitrichidae	PLA	Indriidae	STR	order
Cebuella_pygmaea	Callithrix_jacchus	185	318.24	8.0860732424	0.0160629207414694	0.0665997004032381	0.135806432439629	0.117941954706531	0.032754621225795	695.596463404046	695.151157936192	0.445305467853359	BM	Callitrichidae	PLA	Callitrichidae	PLA	family
Carlito_syrichta	Propithecus_verreauxi	206.85	1222.63	121.413057306	0.122458673302085	0.999999999903635	0.26351183915247	0.333531321419207	0.0322693102251135	695.596463404046	695.151157936192	0.445305467853359	BM	Tarsiidae	TAR	Indriidae	STR	order
Saguinus_oedipus	Varecia_variegata	413.31	1420	121.4130573072	0.121362816580831	0.999999999913518	0.261240252392701	0.330724571849221	0.0317048528374072	695.596463404046	695.151157936192	0.445305467853359	BM	Callitrichidae	PLA	Lemuridae	STR	order
Saguinus_midas	Varecia_variegata	428.47	1420	121.4130573081	0.119535183149123	0.999999999920931	0.257446707044774	0.326033290081384	0.030773939280169	695.596463404046	695.151157936192	0.445305467853359	BM	Callitrichidae	PLA	Lemuridae	STR	order
Macaca_mulatta	Indri_indri	2329.14	1342.01	121.4130573087	0.119004735451266	0.999999999925873	0.256344501554446	0.324669316960181	0.0305062095941349	695.596463404046	695.151157936192	0.445305467853359	BM	Cercopithecidae	OWM	Indriidae	STR	order
Pygathrix_nemaeus	Propithecus_verreauxi	2206.11	1222.63	121.4130573118	0.118564704974635	0.999999999951406	0.255429773124019	0.323537029412998	0.0302849556936589	695.596463404046	695.151157936192	0.445305467853359	BM	Cercopithecidae	OWM	Indriidae	STR	order
Daubentonia_madagascariensis	Perodicticus_potto	1517.1	679.74	99.360634014	0.100949019153984	0.818368602266594	0.240884787844066	0.287107453420074	0.0297140958177333	695.596463404046	695.151157936192	0.445305467853359	BM	Daubentoniidae	STR	Lorisidae	STR	superfamily
Erythrocebus_patas	Pygathrix_nemaeus	2615.67	2206.11	38.5936741528	0.0493750361668885	0.317870869949452	0.190174230646625	0.185850841108442	0.0295398553433993	695.596463404046	695.151157936192	0.445305467853359	BM	Cercopithecidae	OWM	Cercopithecidae	OWM	family
Callimico_goeldii	Varecia_variegata	460.1	1420	121.4130573103	0.115721987539301	0.999999999939051	0.249511743780052	0.316204600938053	0.0288739949063844	695.596463404046	695.151157936192	0.445305467853359	BM	Callitrichidae	PLA	Lemuridae	STR	order
Eulemur_fulvus	Varecia_variegata	909.39	1420	52.6432531394	0.0615572497733541	0.433588069540569	0.202735673642176	0.208304771970373	0.0287827349898818	695.596463404046	695.151157936192	0.445305467853359	BM	Lemuridae	STR	Lemuridae	STR	family
Cercopithecus_ascanius	Pygathrix_nemaeus	1802.09	2206.11	38.5936741525	0.0487071542927686	0.317870869946981	0.187650091127175	0.183381939480524	0.028753505922414	695.596463404046	695.151157936192	0.445305467853359	BM	Cercopithecidae	OWM	Cercopithecidae	OWM	family
Macaca_mulatta	Cercopithecus_mitis	2329.14	1998.9	29.8369393145	0.0398125108500665	0.245747368311681	0.174665285471118	0.165221372630782	0.028296797726555	695.596463404046	695.151157936192	0.445305467853359	BM	Cercopithecidae	OWM	Cercopithecidae	OWM	family
Indri_indri	Nycticebus_coucang	1342.01	528.14	99.3606340114	0.0981171517851976	0.818368602245179	0.234327972130331	0.279395885786597	0.0280944224227961	695.596463404046	695.151157936192	0.445305467853359	BM	Indriidae	STR	Lorisidae	STR	superfamily
Indri_indri	Otolemur_crassicaudatus	1342.01	539.87	99.360634013	0.0967030264452289	0.818368602258358	0.231047422449773	0.275534303660401	0.0273018599951233	695.596463404046	695.151157936192	0.445305467853359	BM	Indriidae	STR	Galagidae	STR	superfamily
Saguinus_oedipus	Indri_indri	413.31	1342.01	121.4130573002	0.111960631136315	0.999999999855864	0.241658704208362	0.30645674559427	0.0270562610466521	695.596463404046	695.151157936192	0.445305467853359	BM	Callitrichidae	PLA	Indriidae	STR	order
Perodicticus_potto	Galago_senegalensis	679.74	254.3	43.154528579	0.0512894701309724	0.355435646975581	0.186880030578501	0.185675869356011	0.0269668442881018	695.596463404046	695.151157936192	0.445305467853359	BM	Lorisidae	STR	Galagidae	STR	superfamily
Callithrix_jacchus	Plecturocebus_moloch	318.24	786.82	49.0936032065	0.0564902686958702	0.404351923022887	0.192860280658965	0.195717211102321	0.0269436806278505	695.596463404046	695.151157936192	0.445305467853359	BM	Callitrichidae	PLA	Pitheciidae	PLA	superfamily
Ateles_geoffroyi	Eulemur_fulvus	1833.67	909.39	121.4130573054	0.111427772312559	0.999999999898693	0.240544149998864	0.305071643072658	0.0268032987799069	695.596463404046	695.151157936192	0.445305467853359	BM	Atelidae	PLA	Lemuridae	STR	order
Alouatta_seniculus	Hylobates_lar	1593.25	2249.16	78.0653383591	0.0790740794321316	0.64297317013299	0.213596340109137	0.238818678598497	0.0262684894934404	695.596463404046	695.151157936192	0.445305467853359	BM	Atelidae	PLA	Hylobatidae	APE	order
Saguinus_midas	Indri_indri	428.47	1342.01	121.4130573011	0.110132997704608	0.999999999863277	0.237833856108109	0.301701793486271	0.0261933555324137	695.596463404046	695.151157936192	0.445305467853359	BM	Callitrichidae	PLA	Indriidae	STR	order
Alouatta_seniculus	Perodicticus_potto	1593.25	679.74	121.4130573104	0.110129381015759	0.999999999939875	0.237826281341919	0.301692372123425	0.0261916611550401	695.596463404046	695.151157936192	0.445305467853359	BM	Atelidae	PLA	Lorisidae	STR	order
Macaca_mulatta	Varecia_variegata	2329.14	1420	121.4130573157	0.109602550006751	0.999999999983527	0.236722648668544	0.300319498210232	0.0259454059388521	695.596463404046	695.151157936192	0.445305467853359	BM	Cercopithecidae	OWM	Lemuridae	STR	order
Hylobates_lar	Indri_indri	2249.16	1342.01	121.4130573107	0.109362642979766	0.999999999942346	0.236219919487158	0.29969399646451	0.0258336347210725	695.596463404046	695.151157936192	0.445305467853359	BM	Hylobatidae	APE	Indriidae	STR	order
Loris_tardigradus	Perodicticus_potto	287.23	679.74	39.9170348617	0.0473195513376927	0.328770527186789	0.179403026708748	0.176165300781511	0.0258212644701541	695.596463404046	695.151157936192	0.445305467853359	BM	Lorisidae	STR	Lorisidae	STR	family
Callithrix_jacchus	Saimiri_sciureus	318.24	721.53	41.3912937953	0.0486191481974423	0.340913034476942	0.180989876713239	0.178679408639565	0.0258117840863985	695.596463404046	695.151157936192	0.445305467853359	BM	Callitrichidae	PLA	Cebidae	PLA	superfamily
Callithrix_jacchus	Propithecus_verreauxi	318.24	1222.63	121.4130573053	0.109029907605656	0.99999999989787	0.235522502115851	0.298826129933698	0.0256789966473666	695.596463404046	695.151157936192	0.445305467853359	BM	Callitrichidae	PLA	Indriidae	STR	order
Cercopithecus_ascanius	Eulemur_fulvus	1802.09	909.39	121.4130573121	0.107620604517485	0.999999999953877	0.23256647354707	0.295145961924593	0.0250289444747899	695.596463404046	695.151157936192	0.445305467853359	BM	Cercopithecidae	OWM	Lemuridae	STR	order
Callimico_goeldii	Indri_indri	460.1	1342.01	121.4130573033	0.106319802094786	0.999999999881397	0.229835019141059	0.291742982187834	0.024436013752427	695.596463404046	695.151157936192	0.445305467853359	BM	Callitrichidae	PLA	Indriidae	STR	order
Pygathrix_nemaeus	Indri_indri	2206.11	1342.01	121.4130573068	0.104172694481415	0.999999999910224	0.225320245784287	0.286113280791251	0.0234722171266712	695.596463404046	695.151157936192	0.445305467853359	BM	Cercopithecidae	OWM	Indriidae	STR	order
Nycticebus_coucang	Loris_tardigradus	528.14	287.23	22.2897034071	0.0290432170206199	0.183585718863621	0.147762803349198	0.135763442150731	0.0233760403140832	695.596463404046	695.151157936192	0.445305467853359	BM	Lorisidae	STR	Lorisidae	STR	family
Varecia_variegata	Perodicticus_potto	1420	679.74	99.360634019	0.0892430029126401	0.818368602307776	0.21367408666349	0.255048950805066	0.0233011348244444	695.596463404046	695.151157936192	0.445305467853359	BM	Lemuridae	STR	Lorisidae	STR	superfamily
Alouatta_seniculus	Pygathrix_nemaeus	1593.25	2206.11	78.0653383552	0.0738841309337809	0.642973170100869	0.199884667540423	0.223575621609618	0.0229687732474048	695.596463404046	695.151157936192	0.445305467853359	BM	Atelidae	PLA	Cercopithecidae	OWM	order
Aotus_trivirgatus	Daubentonia_madagascariensis	675.3	1517.1	121.4130573061	0.10148428910364	0.999999999904458	0.219656529934439	0.279042310969788	0.0222916867894987	695.596463404046	695.151157936192	0.445305467853359	BM	Aotidae	PLA	Daubentoniidae	STR	order
Hylobates_lar	Varecia_variegata	2249.16	1420	121.4130573177	0.0999604575352507	1	0.216441039452519	0.275023706205662	0.021635545333079	695.596463404046	695.151157936192	0.445305467853359	BM	Hylobatidae	APE	Lemuridae	STR	order
Cebus_albifrons	Eulemur_fulvus	1738.26	909.39	121.4130573006	0.0999254962097101	0.999999999859159	0.216367222722573	0.274931417759535	0.0216206020971151	695.596463404046	695.151157936192	0.445305467853359	BM	Cebidae	PLA	Lemuridae	STR	order
Cebus_albifrons	Macaca_mulatta	1738.26	2329.14	78.0653383489	0.0712343035703952	0.642973170048979	0.192859790119877	0.215759242720884	0.021366728000292	695.596463404046	695.151157936192	0.445305467853359	BM	Cebidae	PLA	Cercopithecidae	OWM	order
Macaca_mulatta	Erythrocebus_patas	2329.14	2615.67	29.8369393147	0.0345429951970372	0.245747368313328	0.151849551989953	0.143608819607184	0.0213444334361026	695.596463404046	695.151157936192	0.445305467853359	BM	Cercopithecidae	OWM	Cercopithecidae	OWM	family
Aotus_trivirgatus	Callithrix_jacchus	675.3	318.24	40.5102348758	0.0430458306810948	0.333656327999363	0.162255666320399	0.159663875369667	0.0209330060705141	695.596463404046	695.151157936192	0.445305467853359	BM	Aotidae	PLA	Callitrichidae	PLA	superfamily
Macaca_mulatta	Daubentonia_madagascariensis	2329.14	1517.1	121.4130573107	0.0978965337654071	0.999999999942346	0.212079990871574	0.269568703552664	0.0207618959885233	695.596463404046	695.151157936192	0.445305467853359	BM	Cercopithecidae	OWM	Daubentoniidae	STR	order
Saguinus_oedipus	Propithecus_verreauxi	413.31	1222.63	121.4130573052	0.0975686206430955	0.999999999897046	0.211386497628694	0.268700755854697	0.02062468899833	695.596463404046	695.151157936192	0.445305467853359	BM	Callitrichidae	PLA	Indriidae	STR	order
Propithecus_verreauxi	Nycticebus_coucang	1222.63	528.14	99.3606340164	0.0837251412919777	0.818368602286361	0.200754434222526	0.239778946781693	0.0205386586475987	695.596463404046	695.151157936192	0.445305467853359	BM	Indriidae	STR	Lorisidae	STR	superfamily
Saimiri_sciureus	Daubentonia_madagascariensis	721.53	1517.1	121.413057297	0.0959109715872924	0.999999999829508	0.207878233608349	0.264307908085099	0.0199378033606261	695.596463404046	695.151157936192	0.445305467853359	BM	Cebidae	PLA	Daubentoniidae	STR	order
Saguinus_midas	Propithecus_verreauxi	428.47	1222.63	121.4130573061	0.0957409872113883	0.999999999904458	0.207518237689556	0.263856949724347	0.0198680009426639	695.596463404046	695.151157936192	0.445305467853359	BM	Callitrichidae	PLA	Indriidae	STR	order
Propithecus_verreauxi	Otolemur_crassicaudatus	1222.63	539.87	99.360634018	0.082311015952009	0.818368602299539	0.197434347211885	0.235850168890032	0.0198578264820621	695.596463404046	695.151157936192	0.445305467853359	BM	Indriidae	STR	Galagidae	STR	superfamily
Pygathrix_nemaeus	Varecia_variegata	2206.11	1420	121.4130573138	0.0947705090368999	0.999999999967878	0.205462096732152	0.261280592288716	0.0194717474957203	695.596463404046	695.151157936192	0.445305467853359	BM	Cercopithecidae	OWM	Lemuridae	STR	order
Piliocolobus_badius	Propithecus_verreauxi	2007.11	1222.63	121.413057313	0.0945740022761028	0.999999999961289	0.2050455857707	0.260758561506431	0.0193919816961337	695.596463404046	695.151157936192	0.445305467853359	BM	Cercopithecidae	OWM	Indriidae	STR	order
Eulemur_fulvus	Cheirogaleus_major	909.39	381.62	71.9834962244	0.0636259957949965	0.592881011438841	0.179629193215986	0.197093569294142	0.0192772007733594	695.596463404046	695.151157936192	0.445305467853359	BM	Lemuridae	STR	Cheirogaleidae	STR	superfamily
Erythrocebus_patas	Nasalis_larvatus	2615.67	2945.18	38.593674153	0.0397245047547403	0.3178708699511	0.153522433316029	0.150009184146973	0.019185786458382	695.596463404046	695.151157936192	0.445305467853359	BM	Cercopithecidae	OWM	Cercopithecidae	OWM	family
Cercopithecus_mitis	Propithecus_verreauxi	1998.9	1222.63	121.4130573128	0.0935842350944197	0.999999999959642	0.202946812897748	0.25812736901277	0.0189926222506525	695.596463404046	695.151157936192	0.445305467853359	BM	Cercopithecidae	OWM	Indriidae	STR	order
Indri_indri	Perodicticus_potto	1342.01	679.74	99.360634012	0.0798408174681249	0.818368602250121	0.191626284252013	0.228972836032505	0.0186952421451574	695.596463404046	695.151157936192	0.445305467853359	BM	Indriidae	STR	Lorisidae	STR	superfamily
Cebuella_pygmaea	Saguinus_midas	185	428.47	26.3249190832	0.0293518411357367	0.216821153052064	0.137518909703743	0.128313938321063	0.0186164178815835	695.596463404046	695.151157936192	0.445305467853359	BM	Callitrichidae	PLA	Callitrichidae	PLA	family
Callimico_goeldii	Propithecus_verreauxi	460.1	1222.63	121.4130573083	0.0919277916015663	0.999999999922578	0.199431094106836	0.253717143654088	0.018333260059345	695.596463404046	695.151157936192	0.445305467853359	BM	Callitrichidae	PLA	Indriidae	STR	order
Macaca_mulatta	Piliocolobus_badius	2329.14	2007.11	38.5936741547	0.0388227436683834	0.317870869965101	0.150079293014095	0.146642972542987	0.0183297384980829	695.596463404046	695.151157936192	0.445305467853359	BM	Cercopithecidae	OWM	Cercopithecidae	OWM	family
Eulemur_fulvus	Galago_senegalensis	909.39	254.3	99.3606340174	0.0789752232702583	0.818368602294598	0.189588534012695	0.226558620702555	0.0182959081777475	695.596463404046	695.151157936192	0.445305467853359	BM	Lemuridae	STR	Galagidae	STR	superfamily
Daubentonia_madagascariensis	Eulemur_fulvus	1517.1	909.39	92.4969438824	0.0732632660146982	0.761836872622064	0.18241620176997	0.213578937201948	0.01754234691958	695.596463404046	695.151157936192	0.445305467853359	BM	Daubentoniidae	STR	Lemuridae	STR	superfamily
Aotus_trivirgatus	Varecia_variegata	675.3	1420	121.4130573111	0.0897782728622958	0.99999999994564	0.194862827737299	0.247981728491933	0.0174944481202687	695.596463404046	695.151157936192	0.445305467853359	BM	Aotidae	PLA	Lemuridae	STR	order
Cercopithecus_ascanius	Hylobates_lar	1802.09	2249.16	62.1515760364	0.0538971027911193	0.511901910795054	0.163992732086471	0.174163150250206	0.0172664585770607	695.596463404046	695.151157936192	0.445305467853359	BM	Cercopithecidae	OWM	Hylobatidae	APE	order
Saguinus_oedipus	Plecturocebus_moloch	413.31	786.82	49.0936032064	0.0450289817333102	0.404351923022063	0.154285054392358	0.156587599527566	0.0171813178085891	695.596463404046	695.151157936192	0.445305467853359	BM	Callitrichidae	PLA	Pitheciidae	PLA	superfamily
Hylobates_lar	Daubentonia_madagascariensis	2249.16	1517.1	121.4130573127	0.0882544412939066	0.999999999958818	0.191620259396918	0.243907459710667	0.0169113389343649	695.596463404046	695.151157936192	0.445305467853359	BM	Hylobatidae	APE	Daubentoniidae	STR	order
Plecturocebus_moloch	Daubentonia_madagascariensis	786.82	1517.1	121.4130573042	0.0880398510888644	0.99999999988881	0.191163366029003	0.243333161742133	0.0168299942807109	695.596463404046	695.151157936192	0.445305467853359	BM	Pitheciidae	PLA	Daubentoniidae	STR	order
Cebuella_pygmaea	Eulemur_fulvus	185	909.39	121.4130573051	0.0873297745115059	0.999999999896222	0.189651047092362	0.241431859554253	0.0165621831801657	695.596463404046	695.151157936192	0.445305467853359	BM	Callitrichidae	PLA	Lemuridae	STR	order
Eulemur_fulvus	Loris_tardigradus	909.39	287.23	99.3606340161	0.0750053044769786	0.81836860228389	0.180226429088342	0.215458416339562	0.0165181534956791	695.596463404046	695.151157936192	0.445305467853359	BM	Lemuridae	STR	Lorisidae	STR	superfamily
Cebuella_pygmaea	Saguinus_oedipus	185	413.31	26.3249190823	0.0275242077040295	0.216821153044651	0.129033640586842	0.120387224878185	0.016380084112863	695.596463404046	695.151157936192	0.445305467853359	BM	Callitrichidae	PLA	Callitrichidae	PLA	family
Cebus_albifrons	Hylobates_lar	1738.26	2249.16	78.0653383509	0.0615922110988947	0.642973170065452	0.167170429666877	0.187138703157905	0.0160137263464463	695.596463404046	695.151157936192	0.445305467853359	BM	Cebidae	PLA	Hylobatidae	APE	order
Saguinus_midas	Plecturocebus_moloch	428.47	786.82	49.0936032073	0.0432013483016029	0.404351923029476	0.148096892333802	0.150309361176737	0.0158228143943591	695.596463404046	695.151157936192	0.445305467853359	BM	Callitrichidae	PLA	Pitheciidae	PLA	superfamily
Carlito_syrichta	Eulemur_fulvus	206.85	909.39	121.4130573054	0.0846956194664661	0.999999999898693	0.184034686995226	0.234365963704219	0.0155869318199569	695.596463404046	695.151157936192	0.445305467853359	BM	Tarsiidae	TAR	Lemuridae	STR	order
Saimiri_sciureus	Varecia_variegata	721.53	1420	121.413057302	0.0842049553459484	0.999999999870689	0.182987472891291	0.233047622092752	0.0154084519856716	695.596463404046	695.151157936192	0.445305467853359	BM	Cebidae	PLA	Lemuridae	STR	order
Saguinus_oedipus	Saimiri_sciureus	413.31	721.53	41.3912937952	0.0371578612348822	0.340913034476118	0.138824182208509	0.137039295271304	0.0151311600815636	695.596463404046	695.151157936192	0.445305467853359	BM	Callitrichidae	PLA	Cebidae	PLA	superfamily
Avahi_laniger	Microcebus_murinus	553.35	99.03	69.529333386	0.0547711359296337	0.572667676130282	0.157648601643119	0.171646578272422	0.0150778424374481	695.596463404046	695.151157936192	0.445305467853359	BM	Indriidae	STR	Cheirogaleidae	STR	superfamily
Ateles_geoffroyi	Macaca_mulatta	1833.67	2329.14	78.0653383537	0.0597320274675462	0.642973170088514	0.162192834212925	0.181586962245962	0.0150676688840872	695.596463404046	695.151157936192	0.445305467853359	BM	Atelidae	PLA	Cercopithecidae	OWM	order
Pygathrix_nemaeus	Daubentonia_madagascariensis	2206.11	1517.1	121.4130573088	0.0830644927955558	0.999999999926697	0.180552148315585	0.229980767348988	0.0149974726240814	695.596463404046	695.151157936192	0.445305467853359	BM	Cercopithecidae	OWM	Daubentoniidae	STR	order
Plecturocebus_moloch	Microcebus_murinus	786.82	99.03	121.4130573062	0.0829174141156955	0.999999999905282	0.1802379516322	0.229584990215025	0.0149448648762673	695.596463404046	695.151157936192	0.445305467853359	BM	Pitheciidae	PLA	Cheirogaleidae	STR	order
Alouatta_seniculus	Eulemur_fulvus	1593.25	909.39	121.4130573088	0.0824436278764732	0.999999999926697	0.179225629754276	0.228309662736867	0.0147760111264712	695.596463404046	695.151157936192	0.445305467853359	BM	Atelidae	PLA	Lemuridae	STR	order
Eulemur_fulvus	Lepilemur_ruficaudatus	909.39	449.28	71.9834962214	0.0554691568774955	0.592881011414132	0.15692207418201	0.172251706801027	0.0146814200198155	695.596463404046	695.151157936192	0.445305467853359	BM	Lemuridae	STR	Lepilemuridae	STR	superfamily
Microcebus_murinus	Perodicticus_potto	99.03	679.74	99.360634016	0.0700082460505758	0.818368602283067	0.168405603940575	0.201423960384615	0.0144064434095794	695.596463404046	695.151157936192	0.445305467853359	BM	Cheirogaleidae	STR	Lorisidae	STR	superfamily
Aotus_trivirgatus	Indri_indri	675.3	1342.01	121.4130573041	0.0803760874177806	0.999999999887986	0.174804517382079	0.222737121360389	0.0140501031716988	695.596463404046	695.151157936192	0.445305467853359	BM	Aotidae	PLA	Indriidae	STR	order
Cheirogaleus_major	Cheirogaleus_medius	381.62	202.38	21.154435	0.0216085103099743	0.174235254982876	0.113119994981643	0.103436867196726	0.0140290469805627	695.596463404046	695.151157936192	0.445305467853359	BM	Cheirogaleidae	STR	Cheirogaleidae	STR	family
Piliocolobus_badius	Indri_indri	2007.11	1342.01	121.413057308	0.0801819917828829	0.999999999920107	0.174389187037237	0.222213391011047	0.0139828723631605	695.596463404046	695.151157936192	0.445305467853359	BM	Cercopithecidae	OWM	Indriidae	STR	order
Saguinus_midas	Saimiri_sciureus	428.47	721.53	41.3912937961	0.035330227803175	0.340913034483531	0.1320603458035	0.130360790104039	0.0136859598462467	695.596463404046	695.151157936192	0.445305467853359	BM	Callitrichidae	PLA	Cebidae	PLA	superfamily
Cercopithecus_mitis	Indri_indri	1998.9	1342.01	121.4130573078	0.0791922246011998	0.99999999991846	0.172270503558681	0.219541125992139	0.0136424844110932	695.596463404046	695.151157936192	0.445305467853359	BM	Cercopithecidae	OWM	Indriidae	STR	order
Cebus_albifrons	Pygathrix_nemaeus	1738.26	2206.11	78.065338347	0.056402262600544	0.64297317003333	0.153266739384585	0.171626640309512	0.0134447147806345	695.596463404046	695.151157936192	0.445305467853359	BM	Cebidae	PLA	Cercopithecidae	OWM	order
Callimico_goeldii	Plecturocebus_moloch	460.1	786.82	49.0936032095	0.039388152691781	0.404351923047596	0.135156875332398	0.137180089984327	0.0131657087291998	695.596463404046	695.151157936192	0.445305467853359	BM	Callitrichidae	PLA	Pitheciidae	PLA	superfamily
Eulemur_fulvus	Indri_indri	909.39	1342.01	71.9834962204	0.052155064328839	0.592881011405896	0.14765772040343	0.16210759601814	0.0129892807462817	695.596463404046	695.151157936192	0.445305467853359	BM	Lemuridae	STR	Indriidae	STR	superfamily
Plecturocebus_moloch	Varecia_variegata	786.82	1420	121.4130573092	0.0763338348475204	0.999999999929991	0.166144880333781	0.211809313493289	0.0126824758570478	695.596463404046	695.151157936192	0.445305467853359	BM	Pitheciidae	PLA	Lemuridae	STR	order
Propithecus_verreauxi	Perodicticus_potto	1222.63	679.74	99.360634017	0.065448806974905	0.818368602291303	0.157586581750375	0.188561418162518	0.012602944128035	695.596463404046	695.151157936192	0.445305467853359	BM	Indriidae	STR	Lorisidae	STR	superfamily
Saimiri_sciureus	Microcebus_murinus	721.53	99.03	121.413057299	0.0750462936172675	0.99999999984598	0.163382315870118	0.208319694501064	0.0122612372505465	695.596463404046	695.151157936192	0.445305467853359	BM	Cebidae	PLA	Cheirogaleidae	STR	order
Saimiri_sciureus	Indri_indri	721.53	1342.01	121.413057295	0.0748027699014332	0.999999999813035	0.162859580600192	0.207659200918315	0.0121823477361578	695.596463404046	695.151157936192	0.445305467853359	BM	Cebidae	PLA	Indriidae	STR	order
Alouatta_seniculus	Ateles_geoffroyi	1593.25	1833.67	34.5806779974	0.0289841444360859	0.284818443430785	0.11863477952523	0.114190557783504	0.0120726998697263	695.596463404046	695.151157936192	0.445305467853359	BM	Atelidae	PLA	Atelidae	PLA	family
Pygathrix_nemaeus	Piliocolobus_badius	2206.11	2007.11	27.0170263228	0.0239907026985321	0.222521588037314	0.111145108433925	0.103957508486213	0.0119828789482991	695.596463404046	695.151157936192	0.445305467853359	BM	Cercopithecidae	OWM	Cercopithecidae	OWM	family
Ateles_geoffroyi	Propithecus_verreauxi	1833.67	1222.63	121.413057306	0.07366471847694	0.999999999903635	0.160415749318181	0.20457056922189	0.0118169810139299	695.596463404046	695.151157936192	0.445305467853359	BM	Atelidae	PLA	Indriidae	STR	order
Erythrocebus_patas	Hylobates_lar	2615.67	2249.16	62.1515760367	0.0441850876685377	0.511901910797525	0.134755697005692	0.143156030730201	0.0116315101788836	695.596463404046	695.151157936192	0.445305467853359	BM	Cercopithecidae	OWM	Hylobatidae	APE	order
Plecturocebus_moloch	Carlito_syrichta	786.82	206.85	115.7454945472	0.0699190343922998	0.953319989664128	0.15600043036498	0.195837489543627	0.0114414882454584	695.596463404046	695.151157936192	0.445305467853359	BM	Pitheciidae	PLA	Tarsiidae	TAR	order
Aotus_trivirgatus	Saguinus_oedipus	675.3	413.31	40.5102348757	0.0315845437185348	0.33365632799854	0.119436906853874	0.117517003755345	0.0113061251640618	695.596463404046	695.151157936192	0.445305467853359	BM	Aotidae	PLA	Callitrichidae	PLA	superfamily
Nycticebus_coucang	Galago_senegalensis	528.14	254.3	43.1545285784	0.0330131358138997	0.355435646970639	0.120942310988427	0.120154531932838	0.0112332147108409	695.596463404046	695.151157936192	0.445305467853359	BM	Lorisidae	STR	Galagidae	STR	superfamily
Callithrix_jacchus	Eulemur_fulvus	318.24	909.39	121.4130573047	0.0712668537700365	0.999999999892928	0.155261579861899	0.198052400243395	0.0110650043093076	695.596463404046	695.151157936192	0.445305467853359	BM	Callitrichidae	PLA	Lemuridae	STR	order
Piliocolobus_badius	Varecia_variegata	2007.11	1420	121.413057315	0.0707798063383678	0.999999999977762	0.154213859507562	0.196726746536754	0.0109152271108802	695.596463404046	695.151157936192	0.445305467853359	BM	Cercopithecidae	OWM	Lemuridae	STR	order
Callimico_goeldii	Saimiri_sciureus	460.1	721.53	41.3912937983	0.031517032193353	0.340913034501651	0.117917598719923	0.11639724571825	0.0109013513092902	695.596463404046	695.151157936192	0.445305467853359	BM	Callitrichidae	PLA	Cebidae	PLA	superfamily
Plecturocebus_moloch	Cheirogaleus_medius	786.82	202.38	121.4130573062	0.0704579210308046	0.999999999905282	0.153521280655021	0.195850322836237	0.010816790269964	695.596463404046	695.151157936192	0.445305467853359	BM	Pitheciidae	PLA	Cheirogaleidae	STR	order
Microcebus_murinus	Lepilemur_ruficaudatus	99.03	449.28	61.947397719	0.0422248423123662	0.510220227441461	0.129041062001519	0.136996447667491	0.0106791894985378	695.596463404046	695.151157936192	0.445305467853359	BM	Cheirogaleidae	STR	Lepilemuridae	STR	superfamily
Cercopithecus_ascanius	Propithecus_verreauxi	1802.09	1222.63	121.4130573127	0.0698575506818664	0.999999999958818	0.152229187809326	0.194214987741847	0.0106343582030873	695.596463404046	695.151157936192	0.445305467853359	BM	Cercopithecidae	OWM	Indriidae	STR	order
Ateles_geoffroyi	Hylobates_lar	1833.67	2249.16	78.0653383557	0.0500899349960457	0.642973170104986	0.136292118401995	0.152669906774338	0.0106176488672374	695.596463404046	695.151157936192	0.445305467853359	BM	Atelidae	PLA	Hylobatidae	APE	order
Cercopithecus_mitis	Varecia_variegata	1998.9	1420	121.4130573148	0.0697900391566846	0.999999999976115	0.152083866566246	0.19403104135758	0.0106139390030118	695.596463404046	695.151157936192	0.445305467853359	BM	Cercopithecidae	OWM	Lemuridae	STR	order
Alouatta_seniculus	Piliocolobus_badius	1593.25	2007.11	78.0653383564	0.0498934282352487	0.642973170110752	0.135762634160408	0.152078291355658	0.0105349080792032	695.596463404046	695.151157936192	0.445305467853359	BM	Atelidae	PLA	Cercopithecidae	OWM	order
Aotus_trivirgatus	Microcebus_murinus	675.3	99.03	121.4130573081	0.0694729761009201	0.999999999920931	0.151401306657201	0.193167006855932	0.0105182993598755	695.596463404046	695.151157936192	0.445305467853359	BM	Aotidae	PLA	Cheirogaleidae	STR	order
Alouatta_seniculus	Cercopithecus_mitis	1593.25	1998.9	78.0653383562	0.0489036610535656	0.642973170109105	0.133094800573527	0.149097140787366	0.0101230087316633	695.596463404046	695.151157936192	0.445305467853359	BM	Atelidae	PLA	Cercopithecidae	OWM	order
Aotus_trivirgatus	Saguinus_midas	675.3	428.47	40.5102348766	0.0297569102868275	0.333656328005952	0.112573171932484	0.110762104548421	0.0100397609657767	695.596463404046	695.151157936192	0.445305467853359	BM	Aotidae	PLA	Callitrichidae	PLA	superfamily
Plecturocebus_moloch	Indri_indri	786.82	1342.01	121.4130573022	0.0669316494030052	0.999999999872337	0.145926386309813	0.186233156276749	0.00976709372838283	695.596463404046	695.151157936192	0.445305467853359	BM	Pitheciidae	PLA	Indriidae	STR	order
Cheirogaleus_medius	Perodicticus_potto	202.38	679.74	99.360634016	0.0575487529656849	0.818368602283067	0.138771203863262	0.166155709467579	0.00975857297994828	695.596463404046	695.151157936192	0.445305467853359	BM	Cheirogaleidae	STR	Lorisidae	STR	superfamily
Cheirogaleus_major	Microcebus_murinus	381.62	99.03	49.55786972	0.0340680033948653	0.408175782859356	0.116497463731423	0.118442138292307	0.0097233499794936	695.596463404046	695.151157936192	0.445305467853359	BM	Cheirogaleidae	STR	Cheirogaleidae	STR	family
Loris_tardigradus	Otolemur_crassicaudatus	287.23	539.87	43.1545285787	0.0304573423605887	0.35543564697311	0.111643186993159	0.110915150583004	0.00956672409600802	695.596463404046	695.151157936192	0.445305467853359	BM	Lorisidae	STR	Galagidae	STR	superfamily
Aotus_trivirgatus	Propithecus_verreauxi	675.3	1222.63	121.4130573091	0.0659840769245607	0.999999999929167	0.143883163832644	0.183643992868484	0.00949399775115483	695.596463404046	695.151157936192	0.445305467853359	BM	Aotidae	PLA	Indriidae	STR	order
Saimiri_sciureus	Carlito_syrichta	721.53	206.85	115.74549454	0.0620479138938719	0.953319989604827	0.138627805978316	0.174167177180695	0.00902274814588172	695.596463404046	695.151157936192	0.445305467853359	BM	Cebidae	PLA	Tarsiidae	TAR	order
Avahi_laniger	Cheirogaleus_medius	553.35	202.38	69.529333386	0.0423116428447428	0.572667676130282	0.122109058107968	0.133017386983639	0.00902204728872611	695.596463404046	695.151157936192	0.445305467853359	BM	Indriidae	STR	Cheirogaleidae	STR	superfamily
Plecturocebus_moloch	Galago_senegalensis	786.82	254.3	121.4130573092	0.064198638196092	0.999999999929991	0.140030664045543	0.17875999999202	0.00898977793804768	695.596463404046	695.151157936192	0.445305467853359	BM	Pitheciidae	PLA	Galagidae	STR	order
Callimico_goeldii	Callithrix_jacchus	460.1	318.24	20.891989517	0.0171021160040893	0.17207366306848	0.0902006637924785	0.0823782411041676	0.00896489438485949	695.596463404046	695.151157936192	0.445305467853359	BM	Callitrichidae	PLA	Callitrichidae	PLA	family
Eulemur_fulvus	Avahi_laniger	909.39	553.35	71.9834962224	0.042922863260228	0.592881011422369	0.121745926148826	0.133711472322303	0.00881405145366195	695.596463404046	695.151157936192	0.445305467853359	BM	Lemuridae	STR	Indriidae	STR	superfamily
Saimiri_sciureus	Cheirogaleus_medius	721.53	202.38	121.413057299	0.0625868005323766	0.99999999984598	0.13654988135677	0.174344920274888	0.00854622018851212	695.596463404046	695.151157936192	0.445305467853359	BM	Cebidae	PLA	Cheirogaleidae	STR	order
Ateles_geoffroyi	Pygathrix_nemaeus	1833.67	2206.11	78.0653383518	0.044899986497695	0.642973170072865	0.122288065809803	0.137016859426747	0.00853959816560797	695.596463404046	695.151157936192	0.445305467853359	BM	Atelidae	PLA	Cercopithecidae	OWM	order
Cebus_albifrons	Propithecus_verreauxi	1738.26	1222.63	121.4130573012	0.062162442374091	0.9999999998641	0.135633031035867	0.173181612208769	0.0084312804769362	695.596463404046	695.151157936192	0.445305467853359	BM	Cebidae	PLA	Indriidae	STR	order
Microcebus_murinus	Otolemur_crassicaudatus	99.03	539.87	99.360634017	0.0531460370734718	0.818368602291303	0.128250359569438	0.15360891188708	0.00832876328011575	695.596463404046	695.151157936192	0.445305467853359	BM	Cheirogaleidae	STR	Galagidae	STR	superfamily
Saimiri_sciureus	Propithecus_verreauxi	721.53	1222.63	121.4130573	0.0604107594082133	0.999999999854217	0.131846499107204	0.168375665156897	0.00796494713754168	695.596463404046	695.151157936192	0.445305467853359	BM	Cebidae	PLA	Indriidae	STR	order
Plecturocebus_moloch	Loris_tardigradus	786.82	287.23	121.4130573079	0.0602287194028123	0.999999999919284	0.131452816566985	0.167875852524196	0.00791723480436137	695.596463404046	695.151157936192	0.445305467853359	BM	Pitheciidae	PLA	Lorisidae	STR	order
Microcebus_murinus	Nycticebus_coucang	99.03	528.14	99.3606340154	0.0517319117335031	0.818368602278125	0.124866216091086	0.149570518367456	0.0078932256825822	695.596463404046	695.151157936192	0.445305467853359	BM	Cheirogaleidae	STR	Lorisidae	STR	superfamily
Saguinus_oedipus	Eulemur_fulvus	413.31	909.39	121.4130573046	0.0598055668074765	0.999999999892104	0.130537574431357	0.166713774437129	0.00780687362938277	695.596463404046	695.151157936192	0.445305467853359	BM	Callitrichidae	PLA	Lemuridae	STR	order
Cebuella_pygmaea	Perodicticus_potto	185	679.74	121.4130573067	0.05964402137222	0.9999999999094	0.130188119550723	0.166270035856882	0.00776494298559593	695.596463404046	695.151157936192	0.445305467853359	BM	Callitrichidae	PLA	Lorisidae	STR	order
Ateles_geoffroyi	Indri_indri	1833.67	1342.01	121.413057301	0.0592727079837201	0.999999999862453	0.12938479862961	0.165249898864914	0.00766898738776017	695.596463404046	695.151157936192	0.445305467853359	BM	Atelidae	PLA	Indriidae	STR	order
Aotus_trivirgatus	Callimico_goeldii	675.3	460.1	40.5102348788	0.0259437146770056	0.333656328024072	0.098225973272861	0.0966432466247997	0.00763763912272758	695.596463404046	695.151157936192	0.445305467853359	BM	Aotidae	PLA	Callitrichidae	PLA	superfamily
Piliocolobus_badius	Daubentonia_madagascariensis	2007.11	1517.1	121.41305731	0.0590737900970237	0.99999999993658	0.128954393156169	0.164703282376505	0.00761782475387973	695.596463404046	695.151157936192	0.445305467853359	BM	Cercopithecidae	OWM	Daubentoniidae	STR	order
Cercopithecus_mitis	Pygathrix_nemaeus	1998.9	2206.11	38.5936741526	0.0249804698802153	0.317870869947805	0.096905546014069	0.0946716697485318	0.0076155014576446	695.596463404046	695.151157936192	0.445305467853359	BM	Cercopithecidae	OWM	Cercopithecidae	OWM	family
Aotus_trivirgatus	Carlito_syrichta	675.3	206.85	115.7454945491	0.0564745963775244	0.953319989679778	0.126285537210165	0.158741353873978	0.0074811446518168	695.596463404046	695.151157936192	0.445305467853359	BM	Aotidae	PLA	Tarsiidae	TAR	order
Cercopithecus_ascanius	Piliocolobus_badius	1802.09	2007.11	38.5936741537	0.0247164515942364	0.317870869956865	0.0958863237369895	0.0936757207156893	0.00745576239658636	695.596463404046	695.151157936192	0.445305467853359	BM	Cercopithecidae	OWM	Cercopithecidae	OWM	family
Cercopithecus_mitis	Daubentonia_madagascariensis	1998.9	1517.1	121.4130573098	0.0580840229153406	0.999999999934933	0.126812234548722	0.161982273319831	0.00736576473795279	695.596463404046	695.151157936192	0.445305467853359	BM	Cercopithecidae	OWM	Daubentoniidae	STR	order
Saguinus_midas	Eulemur_fulvus	428.47	909.39	121.4130573055	0.0579779333757692	0.999999999899517	0.126582568906557	0.161690502689165	0.00733899574733553	695.596463404046	695.151157936192	0.445305467853359	BM	Callitrichidae	PLA	Lemuridae	STR	order
Aotus_trivirgatus	Cheirogaleus_medius	675.3	202.38	121.4130573081	0.0570134830160292	0.999999999920931	0.12449421248249	0.159037027519716	0.00709784866952557	695.596463404046	695.151157936192	0.445305467853359	BM	Aotidae	PLA	Cheirogaleidae	STR	order
Carlito_syrichta	Perodicticus_potto	206.85	679.74	121.413057307	0.0570098663271801	0.999999999911871	0.12448637950526	0.159027073567025	0.00709695185577491	695.596463404046	695.151157936192	0.445305467853359	BM	Tarsiidae	TAR	Lorisidae	STR	order
Saimiri_sciureus	Galago_senegalensis	721.53	254.3	121.413057302	0.0563275176976641	0.999999999870689	0.123008340342825	0.15714864131444	0.00692875446851674	695.596463404046	695.151157936192	0.445305467853359	BM	Cebidae	PLA	Galagidae	STR	order
Eulemur_fulvus	Propithecus_verreauxi	909.39	1222.63	71.9834962254	0.0377630538356191	0.592881011447078	0.107205137667898	0.11776310413201	0.00682834043769868	695.596463404046	695.151157936192	0.445305467853359	BM	Lemuridae	STR	Indriidae	STR	superfamily
Cercopithecus_ascanius	Indri_indri	1802.09	1342.01	121.4130573077	0.0554655401886465	0.999999999917637	0.121140593387696	0.154774432645784	0.00671912845157514	695.596463404046	695.151157936192	0.445305467853359	BM	Cercopithecidae	OWM	Indriidae	STR	order
Callimico_goeldii	Eulemur_fulvus	460.1	909.39	121.4130573077	0.0541647377659472	0.999999999917637	0.118320719917643	0.15118887986315	0.00640881076714506	695.596463404046	695.151157936192	0.445305467853359	BM	Callitrichidae	PLA	Lemuridae	STR	order
Eulemur_fulvus	Nycticebus_coucang	909.39	528.14	99.3606340158	0.0459620874563587	0.818368602281419	0.111035416434931	0.133053724982566	0.00623608910056958	695.596463404046	695.151157936192	0.445305467853359	BM	Lemuridae	STR	Lorisidae	STR	superfamily
Plecturocebus_moloch	Propithecus_verreauxi	786.82	1222.63	121.4130573072	0.0525396389097853	0.999999999913519	0.114795733775094	0.146705040826403	0.00603132640144891	695.596463404046	695.151157936192	0.445305467853359	BM	Pitheciidae	PLA	Indriidae	STR	order
Saimiri_sciureus	Loris_tardigradus	721.53	287.23	121.4130573007	0.0523575989043844	0.999999999859982	0.114400729707996	0.146202472889885	0.00598974752125879	695.596463404046	695.151157936192	0.445305467853359	BM	Cebidae	PLA	Lorisidae	STR	order
Eulemur_fulvus	Otolemur_crassicaudatus	909.39	539.87	99.3606340174	0.0445479621163899	0.818368602294598	0.107640297712338	0.128996457980949	0.00585940845144983	695.596463404046	695.151157936192	0.445305467853359	BM	Lemuridae	STR	Galagidae	STR	superfamily
Aotus_trivirgatus	Galago_senegalensis	675.3	254.3	121.4130573111	0.0507542001813167	0.99999999994564	0.110920337671784	0.141773340449513	0.00562967302267898	695.596463404046	695.151157936192	0.445305467853359	BM	Aotidae	PLA	Galagidae	STR	order
Cercopithecus_mitis	Hylobates_lar	1998.9	2249.16	62.1515760365	0.030170418378566	0.511901910795877	0.0922491244190407	0.0980321445450165	0.00543696872405045	695.596463404046	695.151157936192	0.445305467853359	BM	Cercopithecidae	OWM	Hylobatidae	APE	order
Ateles_geoffroyi	Varecia_variegata	1833.67	1420	121.413057308	0.0498705225392049	0.999999999920107	0.109001278123048	0.139330404216427	0.00543595069787193	695.596463404046	695.151157936192	0.445305467853359	BM	Atelidae	PLA	Lemuridae	STR	order
Cheirogaleus_medius	Lepilemur_ruficaudatus	202.38	449.28	61.947397719	0.0297653492274753	0.510220227441461	0.0911652244915345	0.096812901842595	0.00531841859347499	695.596463404046	695.151157936192	0.445305467853359	BM	Cheirogaleidae	STR	Lepilemuridae	STR	superfamily
Plecturocebus_moloch	Cheirogaleus_major	786.82	381.62	121.4130573062	0.0488494107208302	0.999999999905282	0.106782961648979	0.136505869932655	0.00521628475207172	695.596463404046	695.151157936192	0.445305467853359	BM	Pitheciidae	PLA	Cheirogaleidae	STR	order
Piliocolobus_badius	Hylobates_lar	2007.11	2249.16	62.1515760367	0.0291806511968829	0.511901910797525	0.0892356749149914	0.0948315578047869	0.00508682434874277	695.596463404046	695.151157936192	0.445305467853359	BM	Cercopithecidae	OWM	Hylobatidae	APE	order
Cebus_albifrons	Indri_indri	1738.26	1342.01	121.4130572962	0.0477704318808711	0.999999999822919	0.104438024123562	0.133519371341553	0.00498904951805088	695.596463404046	695.151157936192	0.445305467853359	BM	Cebidae	PLA	Indriidae	STR	order
Cheirogaleus_medius	Otolemur_crassicaudatus	202.38	539.87	99.360634017	0.0406865439885809	0.818368602291303	0.0983596949203884	0.117900667441468	0.00489011436029809	695.596463404046	695.151157936192	0.445305467853359	BM	Cheirogaleidae	STR	Galagidae	STR	superfamily
Aotus_trivirgatus	Loris_tardigradus	675.3	287.23	121.4130573098	0.046784281388037	0.999999999934933	0.102294030886139	0.130788142351908	0.00478575272560505	695.596463404046	695.151157936192	0.445305467853359	BM	Aotidae	PLA	Lorisidae	STR	order
Cercopithecus_ascanius	Varecia_variegata	1802.09	1420	121.4130573147	0.0460633547441313	0.999999999975291	0.100726188176137	0.128790483977543	0.00463978613809616	695.596463404046	695.151157936192	0.445305467853359	BM	Cercopithecidae	OWM	Lemuridae	STR	order
Cheirogaleus_medius	Nycticebus_coucang	202.38	528.14	99.3606340154	0.0392724186486122	0.818368602278125	0.0949575257132326	0.113831261957114	0.00455688511663971	695.596463404046	695.151157936192	0.445305467853359	BM	Cheirogaleidae	STR	Lorisidae	STR	superfamily
Cebus_albifrons	Piliocolobus_badius	1738.26	2007.11	78.0653383482	0.0324115599020118	0.642973170043214	0.0884415947017959	0.099141858101999	0.004458242082347	695.596463404046	695.151157936192	0.445305467853359	BM	Cebidae	PLA	Cercopithecidae	OWM	order
Alouatta_seniculus	Propithecus_verreauxi	1593.25	1222.63	121.4130573094	0.0446805740408541	0.999999999931638	0.0977178762925404	0.124956565530999	0.00436609080710235	695.596463404046	695.151157936192	0.445305467853359	BM	Atelidae	PLA	Indriidae	STR	order
Cebuella_pygmaea	Avahi_laniger	185	553.35	121.4130573027	0.0444069112512779	0.999999999876455	0.0971223407954024	0.124197453237831	0.00431290316875064	695.596463404046	695.151157936192	0.445305467853359	BM	Callitrichidae	PLA	Indriidae	STR	order
Cebus_albifrons	Cercopithecus_mitis	1738.26	1998.9	78.065338348	0.0314217927203287	0.642973170041567	0.085751398656542	0.0961292392034921	0.00419063002876146	695.596463404046	695.151157936192	0.445305467853359	BM	Cebidae	PLA	Cercopithecidae	OWM	order
Callithrix_jacchus	Perodicticus_potto	318.24	679.74	121.4130573063	0.0435811006307505	0.999999999906106	0.0953249103399957	0.121906049967805	0.0041543645105347	695.596463404046	695.151157936192	0.445305467853359	BM	Callitrichidae	PLA	Lorisidae	STR	order
Daubentonia_madagascariensis	Propithecus_verreauxi	1517.1	1222.63	92.496943883	0.0355002121790791	0.761836872627006	0.0889901363180062	0.104458818266862	0.00414677844384295	695.596463404046	695.151157936192	0.445305467853359	BM	Daubentoniidae	STR	Indriidae	STR	superfamily
Callimico_goeldii	Microcebus_murinus	460.1	99.03	121.4130573073	0.0435292614239145	0.999999999914342	0.095212062547465	0.121762175774194	0.00414451076169372	695.596463404046	695.151157936192	0.445305467853359	BM	Callitrichidae	PLA	Cheirogaleidae	STR	order
Cebuella_pygmaea	Otolemur_crassicaudatus	185	539.87	121.4130573077	0.042781812395116	0.999999999917637	0.0935847422294225	0.119687265950254	0.00400372488543421	695.596463404046	695.151157936192	0.445305467853359	BM	Callitrichidae	PLA	Galagidae	STR	order
Nycticebus_coucang	Perodicticus_potto	528.14	679.74	39.9170348614	0.0182763343170727	0.328770527184318	0.0697963896049641	0.0685187252770003	0.00387997720315676	695.596463404046	695.151157936192	0.445305467853359	BM	Lorisidae	STR	Lorisidae	STR	family
Avahi_laniger	Galago_senegalensis	553.35	254.3	99.360634015	0.0360523600100303	0.81836860227483	0.0872041493802027	0.104553912109622	0.00384168622682291	695.596463404046	695.151157936192	0.445305467853359	BM	Indriidae	STR	Galagidae	STR	superfamily
Callithrix_jacchus	Saguinus_midas	318.24	428.47	26.3249190828	0.0132889203942673	0.216821153048769	0.0625085195647062	0.0582943253768993	0.0038311333040095	695.596463404046	695.151157936192	0.445305467853359	BM	Callitrichidae	PLA	Callitrichidae	PLA	family
Cheirogaleus_major	Perodicticus_potto	381.62	679.74	99.360634016	0.0359402426557105	0.818368602283067	0.0869340351152212	0.104230624156016	0.00381787657586648	695.596463404046	695.151157936192	0.445305467853359	BM	Cheirogaleidae	STR	Lorisidae	STR	superfamily
Carlito_syrichta	Avahi_laniger	206.85	553.35	121.413057303	0.0417727562062381	0.999999999878926	0.0913872376820425	0.116884836304282	0.0038174968005157	695.596463404046	695.151157936192	0.445305467853359	BM	Tarsiidae	TAR	Indriidae	STR	order
Cebuella_pygmaea	Nycticebus_coucang	185	528.14	121.4130573061	0.0413676870551473	0.999999999904458	0.0905048876042287	0.115759432977284	0.00374397786773072	695.596463404046	695.151157936192	0.445305467853359	BM	Callitrichidae	PLA	Lorisidae	STR	order
Saimiri_sciureus	Cheirogaleus_major	721.53	381.62	121.413057299	0.0409782902224022	0.99999999984598	0.0896565708052581	0.114677351774453	0.00367397297936909	695.596463404046	695.151157936192	0.445305467853359	BM	Cebidae	PLA	Cheirogaleidae	STR	order
Plecturocebus_moloch	Lepilemur_ruficaudatus	786.82	449.28	121.4130573032	0.0406925718033293	0.999999999880573	0.089034056560063	0.113883242707512	0.00362302473994473	695.596463404046	695.151157936192	0.445305467853359	BM	Pitheciidae	PLA	Lepilemuridae	STR	order
Carlito_syrichta	Otolemur_crassicaudatus	206.85	539.87	121.413057308	0.0401476573500762	0.999999999920108	0.0878466630034331	0.112368422918297	0.00352683772589122	695.596463404046	695.151157936192	0.445305467853359	BM	Tarsiidae	TAR	Galagidae	STR	order
Saguinus_midas	Microcebus_murinus	428.47	99.03	121.4130573051	0.0397160658140926	0.999999999896222	0.0869060659314677	0.111168340386105	0.00345156703453623	695.596463404046	695.151157936192	0.445305467853359	BM	Callitrichidae	PLA	Cheirogaleidae	STR	order
Carlito_syrichta	Nycticebus_coucang	206.85	528.14	121.4130573064	0.0387335320101074	0.999999999906929	0.0847643105247839	0.108435362780099	0.00328322113533198	695.596463404046	695.151157936192	0.445305467853359	BM	Tarsiidae	TAR	Lorisidae	STR	order
Cebus_albifrons	Varecia_variegata	1738.26	1420	121.4130573032	0.0383682464363559	0.999999999880573	0.0839678927461848	0.10741896838595	0.00322170080201188	695.596463404046	695.151157936192	0.445305467853359	BM	Cebidae	PLA	Lemuridae	STR	order
Ateles_geoffroyi	Daubentonia_madagascariensis	1833.67	1517.1	121.413057303	0.0381645062978609	0.999999999878926	0.0835236494612163	0.106851991772326	0.00318763884626885	695.596463404046	695.151157936192	0.445305467853359	BM	Atelidae	PLA	Daubentoniidae	STR	order
Saguinus_oedipus	Microcebus_murinus	413.31	99.03	121.4130573042	0.0378884323823853	0.999999999888809	0.0829216450729239	0.106083634601385	0.00314177114273096	695.596463404046	695.151157936192	0.445305467853359	BM	Callitrichidae	PLA	Cheirogaleidae	STR	order
Avahi_laniger	Loris_tardigradus	553.35	287.23	99.3606340137	0.0320824412167506	0.818368602264123	0.0776338729569383	0.0930965534888262	0.00304347473580836	695.596463404046	695.151157936192	0.445305467853359	BM	Indriidae	STR	Lorisidae	STR	superfamily
Perodicticus_potto	Otolemur_crassicaudatus	679.74	539.87	43.154528579	0.016862208977104	0.355435646975581	0.0619501328674606	0.0615443218076456	0.00293897389150234	695.596463404046	695.151157936192	0.445305467853359	BM	Lorisidae	STR	Galagidae	STR	superfamily
Callithrix_jacchus	Saguinus_oedipus	318.24	413.31	26.3249190819	0.01146128696256	0.216821153041356	0.0539258309434752	0.0502885426338812	0.00285054947115691	695.596463404046	695.151157936192	0.445305467853359	BM	Callitrichidae	PLA	Callitrichidae	PLA	family
Cebus_albifrons	Alouatta_seniculus	1738.26	1593.25	46.5475501486	0.0174818683332369	0.383381748033901	0.0618417718242274	0.0622006307148499	0.00281993005162474	695.596463404046	695.151157936192	0.445305467853359	BM	Cebidae	PLA	Atelidae	PLA	superfamily
Aotus_trivirgatus	Cheirogaleus_major	675.3	381.62	121.4130573081	0.0354049727060548	0.999999999920931	0.0775041376880385	0.0991673845879742	0.00274403187966829	695.596463404046	695.151157936192	0.445305467853359	BM	Aotidae	PLA	Cheirogaleidae	STR	order
Varecia_variegata	Propithecus_verreauxi	1420	1222.63	71.983496228	0.0237941959377351	0.592881011468492	0.0676722938724779	0.0743650644319576	0.00271590384716394	695.596463404046	695.151157936192	0.445305467853359	BM	Lemuridae	STR	Indriidae	STR	superfamily
Alouatta_seniculus	Cercopithecus_ascanius	1593.25	1802.09	78.0653383561	0.0251769766410123	0.642973170108281	0.0687565223506412	0.0770913183994995	0.00269230729619372	695.596463404046	695.151157936192	0.445305467853359	BM	Atelidae	PLA	Cercopithecidae	OWM	order
Macaca_mulatta	Pygathrix_nemaeus	2329.14	2206.11	38.5936741535	0.0148320409698513	0.317870869955218	0.0576292198454121	0.0562966324823663	0.002689013151561	695.596463404046	695.151157936192	0.445305467853359	BM	Cercopithecidae	OWM	Cercopithecidae	OWM	family
Cercopithecus_ascanius	Daubentonia_madagascariensis	1802.09	1517.1	121.4130573097	0.0343573385027873	0.999999999934109	0.0752176976067287	0.0962475110124062	0.00258427989824495	695.596463404046	695.151157936192	0.445305467853359	BM	Cercopithecidae	OWM	Daubentoniidae	STR	order
Saimiri_sciureus	Lepilemur_ruficaudatus	721.53	449.28	121.413057296	0.0328214513049013	0.999999999821271	0.0718645371785421	0.0919644788933154	0.00235869840797636	695.596463404046	695.151157936192	0.445305467853359	BM	Cebidae	PLA	Lepilemuridae	STR	order
Lepilemur_ruficaudatus	Perodicticus_potto	449.28	679.74	99.360634013	0.0277834037382096	0.818368602258358	0.067257542188891	0.0806675326180947	0.00228337627313285	695.596463404046	695.151157936192	0.445305467853359	BM	Lepilemuridae	STR	Lorisidae	STR	superfamily
Eulemur_fulvus	Perodicticus_potto	909.39	679.74	99.3606340164	0.0276857531392859	0.818368602286361	0.0670217092008917	0.080384972567625	0.00226737253937268	695.596463404046	695.151157936192	0.445305467853359	BM	Lemuridae	STR	Lorisidae	STR	superfamily
Saguinus_oedipus	Perodicticus_potto	413.31	679.74	121.4130573062	0.0321198136681905	0.999999999905282	0.0703322882509196	0.090006968413369	0.00225905999369098	695.596463404046	695.151157936192	0.445305467853359	BM	Callitrichidae	PLA	Lorisidae	STR	order
Cebuella_pygmaea	Lepilemur_ruficaudatus	185	449.28	121.4130573017	0.0318606176340104	0.999999999868219	0.0697661850174093	0.0892836942290236	0.00222279374491623	695.596463404046	695.151157936192	0.445305467853359	BM	Callitrichidae	PLA	Lepilemuridae	STR	order
Callimico_goeldii	Carlito_syrichta	460.1	206.85	115.7454945483	0.0305308817005189	0.953319989673189	0.0684748610588175	0.0862231985176545	0.00219296553632837	695.596463404046	695.151157936192	0.445305467853359	BM	Callitrichidae	PLA	Tarsiidae	TAR	order
Avahi_laniger	Cheirogaleus_major	553.35	381.62	69.529333386	0.0207031325347684	0.572667676130282	0.0599268041767408	0.0653168826136104	0.0021664791308632	695.596463404046	695.151157936192	0.445305467853359	BM	Indriidae	STR	Cheirogaleidae	STR	superfamily
Plecturocebus_moloch	Nycticebus_coucang	786.82	528.14	121.4130573076	0.0311855023821924	0.999999999916813	0.0682915185587854	0.0873994714262942	0.0021297053148757	695.596463404046	695.151157936192	0.445305467853359	BM	Pitheciidae	PLA	Lorisidae	STR	order
Callimico_goeldii	Cheirogaleus_medius	460.1	202.38	121.4130573073	0.0310697683390236	0.999999999914342	0.0680386949133649	0.08707641216436	0.00211394648922883	695.596463404046	695.151157936192	0.445305467853359	BM	Callitrichidae	PLA	Cheirogaleidae	STR	order
Saguinus_midas	Perodicticus_potto	428.47	679.74	121.4130573071	0.0302921802364832	0.999999999912695	0.0663398592924628	0.0849054872271564	0.00200957897472567	695.596463404046	695.151157936192	0.445305467853359	BM	Callitrichidae	PLA	Lorisidae	STR	order
Alouatta_seniculus	Indri_indri	1593.25	1342.01	121.4130573044	0.0302885635476342	0.999999999890457	0.0663319570201627	0.0848953884095315	0.00200909969566422	695.596463404046	695.151157936192	0.445305467853359	BM	Atelidae	PLA	Indriidae	STR	order
Indri_indri	Propithecus_verreauxi	1342.01	1222.63	45.340161085	0.0143920104932199	0.373437273442172	0.0516006156366365	0.0516731228974582	0.00198865152065245	695.596463404046	695.151157936192	0.445305467853359	BM	Indriidae	STR	Indriidae	STR	family
Plecturocebus_moloch	Otolemur_crassicaudatus	786.82	539.87	121.4130573092	0.0297713770422236	0.999999999929991	0.0652018650515728	0.0834511171432231	0.00194114930844246	695.596463404046	695.151157936192	0.445305467853359	BM	Pitheciidae	PLA	Galagidae	STR	order
Carlito_syrichta	Lepilemur_ruficaudatus	206.85	449.28	121.413057302	0.0292264625889705	0.99999999987069	0.0640110432927455	0.0819291161328024	0.00187081636231832	695.596463404046	695.151157936192	0.445305467853359	BM	Tarsiidae	TAR	Lepilemuridae	STR	order
Ateles_geoffroyi	Piliocolobus_badius	1833.67	2007.11	78.065338353	0.0209092837991628	0.642973170082748	0.0571237269300489	0.0640547218053288	0.00185764550314371	695.596463404046	695.151157936192	0.445305467853359	BM	Atelidae	PLA	Cercopithecidae	OWM	order
Callithrix_jacchus	Avahi_laniger	318.24	553.35	121.4130573023	0.0283439905098085	0.99999999987316	0.0620822417278407	0.0794636481320464	0.00175965847058475	695.596463404046	695.151157936192	0.445305467853359	BM	Callitrichidae	PLA	Indriidae	STR	order
Aotus_trivirgatus	Eulemur_fulvus	675.3	909.39	121.4130573085	0.0282210230889416	0.999999999924226	0.061813445117234	0.0791200381272558	0.00174443866199267	695.596463404046	695.151157936192	0.445305467853359	BM	Aotidae	PLA	Lemuridae	STR	order
Plecturocebus_moloch	Avahi_laniger	786.82	553.35	121.4130573042	0.0281462781860618	0.99999999988881	0.0616500555002842	0.0789111699226757	0.00173521961249009	695.596463404046	695.151157936192	0.445305467853359	BM	Pitheciidae	PLA	Indriidae	STR	order
Ateles_geoffroyi	Cercopithecus_mitis	1833.67	1998.9	78.0653383528	0.0199195166174797	0.642973170081101	0.0544240055032836	0.0610286783037823	0.00168607328028279	695.596463404046	695.151157936192	0.445305467853359	BM	Atelidae	PLA	Cercopithecidae	OWM	order
Saguinus_midas	Carlito_syrichta	428.47	206.85	115.7454945461	0.0267176860906969	0.953319989655069	0.0599398574085557	0.0754887242017248	0.00167987067505252	695.596463404046	695.151157936192	0.445305467853359	BM	Callitrichidae	PLA	Tarsiidae	TAR	order
Lepilemur_ruficaudatus	Galago_senegalensis	449.28	254.3	99.360634014	0.0235060663927628	0.818368602266594	0.0569222294650989	0.0682816529646575	0.00163498172012569	695.596463404046	695.151157936192	0.445305467853359	BM	Lepilemuridae	STR	Galagidae	STR	superfamily
Saguinus_midas	Cheirogaleus_medius	428.47	202.38	121.4130573051	0.0272565727292016	0.999999999896222	0.0597049945640852	0.0764245504989436	0.00162735352680146	695.596463404046	695.151157936192	0.445305467853359	BM	Callitrichidae	PLA	Cheirogaleidae	STR	order
Aotus_trivirgatus	Lepilemur_ruficaudatus	675.3	449.28	121.4130573051	0.0272481337885539	0.999999999896222	0.059686543752995	0.0764009610629977	0.00162634692972676	695.596463404046	695.151157936192	0.445305467853359	BM	Aotidae	PLA	Lepilemuridae	STR	order
Callithrix_jacchus	Otolemur_crassicaudatus	318.24	539.87	121.4130573073	0.0267188916536466	0.999999999914342	0.0585293507130947	0.0749214330418414	0.00156383938039541	695.596463404046	695.151157936192	0.445305467853359	BM	Callitrichidae	PLA	Galagidae	STR	order
Cebus_albifrons	Daubentonia_madagascariensis	1738.26	1517.1	121.4130572982	0.0266622301950119	0.999999999839391	0.058405452522828	0.0747630170989451	0.00155721962005758	695.596463404046	695.151157936192	0.445305467853359	BM	Cebidae	PLA	Daubentoniidae	STR	order
Aotus_trivirgatus	Plecturocebus_moloch	675.3	786.82	49.0936032103	0.0134444380147754	0.404351923054185	0.0463301756798836	0.0470297948793239	0.00154044815822078	695.596463404046	695.151157936192	0.445305467853359	BM	Aotidae	PLA	Pitheciidae	PLA	superfamily
Callimico_goeldii	Perodicticus_potto	460.1	679.74	121.4130573093	0.0264789846266613	0.999999999930815	0.0580047508319166	0.0742506729294754	0.0015359069056579	695.596463404046	695.151157936192	0.445305467853359	BM	Callitrichidae	PLA	Lorisidae	STR	order
Callithrix_jacchus	Microcebus_murinus	318.24	99.03	121.4130573043	0.0264271454198252	0.999999999889633	0.0578913917659139	0.0741057278639073	0.00152990422892273	695.596463404046	695.151157936192	0.445305467853359	BM	Callitrichidae	PLA	Cheirogaleidae	STR	order
Microcebus_murinus	Loris_tardigradus	99.03	287.23	99.3606340157	0.0226886947128831	0.818368602280596	0.0549460726398752	0.0659128148447912	0.00152334127228721	695.596463404046	695.151157936192	0.445305467853359	BM	Cheirogaleidae	STR	Lorisidae	STR	superfamily
Papio_anubis	Pongo_pygmaeus	5171.17	5303.23	62.1515760359	0.0159206643134077	0.511901910790935	0.0487576276668113	0.0518250505323595	0.00151641126246636	695.596463404046	695.151157936192	0.445305467853359	BM	Cercopithecidae	OWM	Hominidae	APE	order
Daubentonia_madagascariensis	Indri_indri	1517.1	1342.01	92.496943878	0.0211082016858592	0.761836872585824	0.0529841533795684	0.0622258409411648	0.00146803106535702	695.596463404046	695.151157936192	0.445305467853359	BM	Daubentoniidae	STR	Indriidae	STR	superfamily
Saguinus_oedipus	Carlito_syrichta	413.31	206.85	115.7454945452	0.0248900526589896	0.953319989647656	0.0558465972280507	0.0703387795101842	0.00145808832388516	695.596463404046	695.151157936192	0.445305467853359	BM	Callitrichidae	PLA	Tarsiidae	TAR	order
Saguinus_oedipus	Cheirogaleus_medius	413.31	202.38	121.4130573042	0.0254289392974944	0.999999999888809	0.0557083446776582	0.0713142186143615	0.00141660411532958	695.596463404046	695.151157936192	0.445305467853359	BM	Callitrichidae	PLA	Cheirogaleidae	STR	order
Callithrix_jacchus	Nycticebus_coucang	318.24	528.14	121.4130573057	0.0253047663136778	0.999999999901164	0.055436752457007	0.0709669035601944	0.00140281406625242	695.596463404046	695.151157936192	0.445305467853359	BM	Callitrichidae	PLA	Lorisidae	STR	order
Callimico_goeldii	Galago_senegalensis	460.1	254.3	121.4130573103	0.0248104855043111	0.999999999939051	0.0543555936408802	0.0695842539648649	0.00134858866818748	695.596463404046	695.151157936192	0.445305467853359	BM	Callitrichidae	PLA	Galagidae	STR	order
Cheirogaleus_medius	Microcebus_murinus	202.38	99.03	49.55786972	0.0124594930848909	0.408175782859356	0.0427380049084545	0.0434559772540907	0.00130456998915686	695.596463404046	695.151157936192	0.445305467853359	BM	Cheirogaleidae	STR	Cheirogaleidae	STR	family
Cebuella_pygmaea	Cheirogaleus_major	185	381.62	121.4130573047	0.0237037787165095	0.999999999892928	0.0519344926044551	0.0664877123416611	0.00123104372058201	695.596463404046	695.151157936192	0.445305467853359	BM	Callitrichidae	PLA	Cheirogaleidae	STR	order
Cebus_albifrons	Ateles_geoffroyi	1738.26	1833.67	46.5475501452	0.011502276102849	0.383381748005897	0.0407122222832473	0.0409487408411253	0.00122145413520121	695.596463404046	695.151157936192	0.445305467853359	BM	Cebidae	PLA	Atelidae	PLA	superfamily
Saimiri_sciureus	Nycticebus_coucang	721.53	528.14	121.4130573004	0.0233143818837644	0.999999999857511	0.0510825085049107	0.0653979466911816	0.00119095711103383	695.596463404046	695.151157936192	0.445305467853359	BM	Cebidae	PLA	Lorisidae	STR	order
Lepilemur_ruficaudatus	Loris_tardigradus	449.28	287.23	99.3606340127	0.019536147599483	0.818368602255887	0.0473211105029648	0.0567710854544309	0.00112965257563523	695.596463404046	695.151157936192	0.445305467853359	BM	Lepilemuridae	STR	Lorisidae	STR	superfamily
Saimiri_sciureus	Eulemur_fulvus	721.53	909.39	121.4130572994	0.0226477055725942	0.999999999849275	0.0496237133528205	0.0635319035047993	0.00112386324960289	695.596463404046	695.151157936192	0.445305467853359	BM	Cebidae	PLA	Lemuridae	STR	order
Cheirogaleus_major	Otolemur_crassicaudatus	381.62	539.87	99.360634017	0.0190780336786066	0.818368602291303	0.0462127082025197	0.0554419993144965	0.00107732334915931	695.596463404046	695.151157936192	0.445305467853359	BM	Cheirogaleidae	STR	Galagidae	STR	superfamily
Saimiri_sciureus	Otolemur_crassicaudatus	721.53	539.87	121.413057302	0.0219002565437957	0.999999999870689	0.0479879769397052	0.0614393609745016	0.00105094900613319	695.596463404046	695.151157936192	0.445305467853359	BM	Cebidae	PLA	Galagidae	STR	order
Microcebus_murinus	Galago_senegalensis	99.03	254.3	99.360634017	0.0187187759196034	0.818368602291303	0.045343424807948	0.0543996078026869	0.00103715294798815	695.596463404046	695.151157936192	0.445305467853359	BM	Cheirogaleidae	STR	Galagidae	STR	superfamily
Carlito_syrichta	Cheirogaleus_major	206.85	381.62	121.413057305	0.0210696236714696	0.999999999895399	0.0461699619861871	0.0591134415215471	0.000972783724076776	695.596463404046	695.151157936192	0.445305467853359	BM	Tarsiidae	TAR	Cheirogaleidae	STR	order
Saguinus_midas	Galago_senegalensis	428.47	254.3	121.4130573081	0.0209972898944891	0.999999999920931	0.0460116327741086	0.0589108699544224	0.000966119591953125	695.596463404046	695.151157936192	0.445305467853359	BM	Callitrichidae	PLA	Galagidae	STR	order
Alouatta_seniculus	Varecia_variegata	1593.25	1420	121.4130573114	0.020886378103119	0.999999999948111	0.0457688577912507	0.0586002528205901	0.000955945669225551	695.596463404046	695.151157936192	0.445305467853359	BM	Atelidae	PLA	Lemuridae	STR	order
Callimico_goeldii	Loris_tardigradus	460.1	287.23	121.413057309	0.0208405667110314	0.999999999928344	0.0456685799280106	0.0584719518356487	0.000951759086655973	695.596463404046	695.151157936192	0.445305467853359	BM	Callitrichidae	PLA	Lorisidae	STR	order
Cheirogaleus_major	Nycticebus_coucang	381.62	528.14	99.3606340154	0.0176639083386378	0.818368602278125	0.0427906908637626	0.0513383628298649	0.00092360684300497	695.596463404046	695.151157936192	0.445305467853359	BM	Cheirogaleidae	STR	Lorisidae	STR	superfamily
Saimiri_sciureus	Avahi_laniger	721.53	553.35	121.413057297	0.0202751576876338	0.999999999829508	0.0444308809511793	0.0568883236735734	0.000900843117639232	695.596463404046	695.151157936192	0.445305467853359	BM	Cebidae	PLA	Indriidae	STR	order
Saguinus_oedipus	Galago_senegalensis	413.31	254.3	121.4130573072	0.0191696564627819	0.999999999913518	0.0420105955408392	0.0537913320676761	0.00080532868438441	695.596463404046	695.151157936192	0.445305467853359	BM	Callitrichidae	PLA	Galagidae	STR	order
Avahi_laniger	Lepilemur_ruficaudatus	553.35	449.28	69.529333383	0.0125462936172675	0.572667676105573	0.0363378492195972	0.0396106766948775	0.00079610801299184	695.596463404046	695.151157936192	0.445305467853359	BM	Indriidae	STR	Lepilemuridae	STR	superfamily
Cheirogaleus_major	Galago_senegalensis	381.62	254.3	99.360634017	0.0153492274752618	0.818368602291303	0.0371877614654059	0.044618523174848	0.000697489381227643	695.596463404046	695.151157936192	0.445305467853359	BM	Cheirogaleidae	STR	Galagidae	STR	superfamily
Callimico_goeldii	Saguinus_oedipus	460.1	413.31	26.3249190849	0.00564082904152924	0.216821153066065	0.0265556679708404	0.0247626263947039	0.000690873473315961	695.596463404046	695.151157936192	0.445305467853359	BM	Callitrichidae	PLA	Callitrichidae	PLA	family
Aotus_trivirgatus	Nycticebus_coucang	675.3	528.14	121.4130573095	0.017741064367417	0.999999999932462	0.0388823934432271	0.0497880243268358	0.000689815044882114	695.596463404046	695.151157936192	0.445305467853359	BM	Aotidae	PLA	Lorisidae	STR	order
Avahi_laniger	Perodicticus_potto	553.35	679.74	99.360634014	0.0152371101209421	0.818368602266594	0.0369163207004702	0.0442929465323469	0.000687340694908328	695.596463404046	695.151157936192	0.445305467853359	BM	Indriidae	STR	Lorisidae	STR	superfamily
Saguinus_midas	Loris_tardigradus	428.47	287.23	121.4130573068	0.0170273711012094	0.999999999910224	0.0373193850331825	0.0477875824559972	0.000635451018285967	695.596463404046	695.151157936192	0.445305467853359	BM	Callitrichidae	PLA	Lorisidae	STR	order
Saguinus_oedipus	Avahi_laniger	413.31	553.35	121.4130573022	0.0168827035472484	0.999999999872337	0.0370025413264814	0.0473820503653247	0.000624702935789546	695.596463404046	695.151157936192	0.445305467853359	BM	Callitrichidae	PLA	Indriidae	STR	order
Saguinus_oedipus	Saguinus_midas	413.31	428.47	6.5019007411	0.00182763343170727	0.0535519068932311	0.0173146156054995	0.0149224775421709	0.000590917712806437	695.596463404046	695.151157936192	0.445305467853359	BM	Callitrichidae	PLA	Callitrichidae	PLA	family
Aotus_trivirgatus	Otolemur_crassicaudatus	675.3	539.87	121.4130573111	0.0163269390274483	0.99999999994564	0.0357852795113411	0.0458240180668605	0.00058426407669362	695.596463404046	695.151157936192	0.445305467853359	BM	Aotidae	PLA	Galagidae	STR	order
Macaca_mulatta	Hylobates_lar	2329.14	2249.16	62.1515760374	0.0096420924715005	0.51190191080329	0.0295409176077417	0.0314009946072689	0.000556427419502792	695.596463404046	695.151157936192	0.445305467853359	BM	Cercopithecidae	OWM	Hylobatidae	APE	order
Callithrix_jacchus	Lepilemur_ruficaudatus	318.24	449.28	121.4130573013	0.0157976968925409	0.999999999864924	0.0346260307106877	0.0443401758360438	0.000547011537833146	695.596463404046	695.151157936192	0.445305467853359	BM	Callitrichidae	PLA	Lepilemuridae	STR	order
Saimiri_sciureus	Plecturocebus_moloch	721.53	786.82	49.0936032012	0.00787112049842797	0.404351922979234	0.0271342853322461	0.0275443427658556	0.000528196398610436	695.596463404046	695.151157936192	0.445305467853359	BM	Cebidae	PLA	Pitheciidae	PLA	superfamily
Saguinus_oedipus	Otolemur_crassicaudatus	413.31	539.87	121.4130573072	0.0152576046910866	0.999999999913518	0.0334429405486291	0.0428257547408535	0.000510259166642621	695.596463404046	695.151157936192	0.445305467853359	BM	Callitrichidae	PLA	Galagidae	STR	order
Saguinus_oedipus	Loris_tardigradus	413.31	287.23	121.4130573059	0.0151997376695021	0.999999999902811	0.0333161764762608	0.0426634860723183	0.00050639714263922	695.596463404046	695.151157936192	0.445305467853359	BM	Callitrichidae	PLA	Lorisidae	STR	order
Saguinus_midas	Avahi_laniger	428.47	553.35	121.4130573031	0.0150550701155412	0.999999999879749	0.0329992626188343	0.0422578066806967	0.000496806212547447	695.596463404046	695.151157936192	0.445305467853359	BM	Callitrichidae	PLA	Indriidae	STR	order
Plecturocebus_moloch	Eulemur_fulvus	786.82	909.39	121.4130573066	0.0147765850741663	0.999999999908577	0.0323891888119124	0.0414768431286878	0.000478601604006213	695.596463404046	695.151157936192	0.445305467853359	BM	Pitheciidae	PLA	Lemuridae	STR	order
Aotus_trivirgatus	Avahi_laniger	675.3	553.35	121.4130573061	0.0147018401712864	0.999999999904458	0.032225442817061	0.0412672270562836	0.000473773309790624	695.596463404046	695.151157936192	0.445305467853359	BM	Aotidae	PLA	Indriidae	STR	order
Daubentonia_madagascariensis	Varecia_variegata	1517.1	1420	92.496943885	0.011706016241344	0.761836872643479	0.0293984983519084	0.0345329728196983	0.000451723080801335	695.596463404046	695.151157936192	0.445305467853359	BM	Daubentoniidae	STR	Lemuridae	STR	superfamily
Callithrix_jacchus	Cheirogaleus_medius	318.24	202.38	121.4130573043	0.0139676523349343	0.999999999889633	0.0306169634341239	0.0392081068783879	0.000427647100846437	695.596463404046	695.151157936192	0.445305467853359	BM	Callitrichidae	PLA	Cheirogaleidae	STR	order
Callithrix_jacchus	Carlito_syrichta	318.24	206.85	115.7454945453	0.0134287656964296	0.95331998964848	0.0301480125855559	0.0379843466397704	0.000424674402740388	695.596463404046	695.151157936192	0.445305467853359	BM	Callitrichidae	PLA	Tarsiidae	TAR	order
Varecia_variegata	Indri_indri	1420	1342.01	71.983496223	0.00940218544451517	0.59288101142731	0.0267675654924538	0.0294210735099029	0.000424492621297439	695.596463404046	695.151157936192	0.445305467853359	BM	Lemuridae	STR	Indriidae	STR	superfamily
Saguinus_oedipus	Nycticebus_coucang	413.31	528.14	121.4130573056	0.0138434793511178	0.99999999990034	0.030344909271113	0.0388598222195382	0.00042007912494806	695.596463404046	695.151157936192	0.445305467853359	BM	Callitrichidae	PLA	Lorisidae	STR	order
Cheirogaleus_major	Lepilemur_ruficaudatus	381.62	449.28	61.947397719	0.00815683891750091	0.510220227441461	0.0250332422393055	0.0265909340867692	0.000400203899309778	695.596463404046	695.151157936192	0.445305467853359	BM	Cheirogaleidae	STR	Lepilemuridae	STR	superfamily
Saguinus_midas	Otolemur_crassicaudatus	428.47	539.87	121.4130573081	0.0134299712593793	0.999999999920931	0.0294389172122081	0.037699947393238	0.000395363812098462	695.596463404046	695.151157936192	0.445305467853359	BM	Callitrichidae	PLA	Galagidae	STR	order
Cheirogaleus_major	Loris_tardigradus	381.62	287.23	99.3606340157	0.0113793086819821	0.818368602280596	0.0275740300801421	0.0330861752920488	0.00038341329202243	695.596463404046	695.151157936192	0.445305467853359	BM	Cheirogaleidae	STR	Lorisidae	STR	superfamily
Carlito_syrichta	Microcebus_murinus	206.85	99.03	121.413057305	0.0129983797233956	0.999999999895398	0.0284932640066469	0.0364892641138879	0.000370366265156099	695.596463404046	695.151157936192	0.445305467853359	BM	Tarsiidae	TAR	Cheirogaleidae	STR	order
Plecturocebus_moloch	Perodicticus_potto	786.82	679.74	121.4130573082	0.0129091680651197	0.999999999921755	0.0282977887505882	0.0362390005603661	0.00036530091088118	695.596463404046	695.151157936192	0.445305467853359	BM	Pitheciidae	PLA	Lorisidae	STR	order
Lepilemur_ruficaudatus	Otolemur_crassicaudatus	449.28	539.87	99.360634014	0.0109211947611057	0.818368602266594	0.026464356645833	0.031754893691988	0.000353168966106485	695.596463404046	695.151157936192	0.445305467853359	BM	Lepilemuridae	STR	Galagidae	STR	superfamily
Aotus_trivirgatus	Saimiri_sciureus	675.3	721.53	41.3912937991	0.00557331751634742	0.34091303450824	0.0209260619309276	0.0206543671574148	0.000342103632605431	695.596463404046	695.151157936192	0.445305467853359	BM	Aotidae	PLA	Cebidae	PLA	superfamily
Cebuella_pygmaea	Loris_tardigradus	185	287.23	121.4130573064	0.0123244700345273	0.999999999906929	0.027016591815726	0.0345986724521131	0.00033296517629896	695.596463404046	695.151157936192	0.445305467853359	BM	Callitrichidae	PLA	Lorisidae	STR	order
Saguinus_midas	Nycticebus_coucang	428.47	528.14	121.4130573065	0.0120158459194105	0.999999999907753	0.0263403028443679	0.0337327902973451	0.000316501020477732	695.596463404046	695.151157936192	0.445305467853359	BM	Callitrichidae	PLA	Lorisidae	STR	order
Callimico_goeldii	Saguinus_midas	460.1	428.47	26.3249190858	0.00381319560982196	0.216821153073478	0.0179534091334107	0.0167409739028214	0.000315743459152525	695.596463404046	695.151157936192	0.445305467853359	BM	Callitrichidae	PLA	Callitrichidae	PLA	family
Cheirogaleus_medius	Loris_tardigradus	202.38	287.23	99.3606340157	0.0102292016279922	0.818368602280596	0.0247880692789837	0.0297437911858665	0.000309838571417265	695.596463404046	695.151157936192	0.445305467853359	BM	Cheirogaleidae	STR	Lorisidae	STR	superfamily
Callimico_goeldii	Avahi_laniger	460.1	553.35	121.4130573053	0.0112418745057192	0.99999999989787	0.0246442146847424	0.031561147504812	0.000277047168806172	695.596463404046	695.151157936192	0.445305467853359	BM	Callitrichidae	PLA	Indriidae	STR	order
Lepilemur_ruficaudatus	Nycticebus_coucang	449.28	528.14	99.3606340124	0.0095070694211369	0.818368602253416	0.0230386562505569	0.0276448956083759	0.00026764236035039	695.596463404046	695.151157936192	0.445305467853359	BM	Lepilemuridae	STR	Lorisidae	STR	superfamily
Cebus_albifrons	Cercopithecus_ascanius	1738.26	1802.09	78.0653383479	0.00769510830777539	0.642973170040743	0.0210384286094375	0.0235955834264429	0.000251788090574235	695.596463404046	695.151157936192	0.445305467853359	BM	Cebidae	PLA	Cercopithecidae	OWM	order
Cebuella_pygmaea	Microcebus_murinus	185	99.03	121.4130573047	0.0103642246783558	0.999999999892928	0.0227207902678092	0.0290983169552898	0.000235483375230589	695.596463404046	695.151157936192	0.445305467853359	BM	Callitrichidae	PLA	Cheirogaleidae	STR	order
Carlito_syrichta	Loris_tardigradus	206.85	287.23	121.4130573067	0.0096903149894875	0.9999999999094	0.0212437848313312	0.0272070253332959	0.000205858966603147	695.596463404046	695.151157936192	0.445305467853359	BM	Tarsiidae	TAR	Lorisidae	STR	order
Callimico_goeldii	Otolemur_crassicaudatus	460.1	539.87	121.4130573103	0.00961677564955732	0.999999999939051	0.0210826044260833	0.0270006316454985	0.000202746676886364	695.596463404046	695.151157936192	0.445305467853359	BM	Callitrichidae	PLA	Galagidae	STR	order
Callimico_goeldii	Cheirogaleus_major	460.1	381.62	121.4130573073	0.00946125802904925	0.999999999914342	0.0207417446776533	0.0265641538107018	0.000196242998384747	695.596463404046	695.151157936192	0.445305467853359	BM	Callitrichidae	PLA	Cheirogaleidae	STR	order
Alouatta_seniculus	Daubentonia_madagascariensis	1593.25	1517.1	121.4130573064	0.00918036186177499	0.999999999906929	0.0201260737157353	0.0257757667960205	0.000184764639584404	695.596463404046	695.151157936192	0.445305467853359	BM	Atelidae	PLA	Daubentoniidae	STR	order
Loris_tardigradus	Galago_senegalensis	287.23	254.3	43.1545285787	0.00396991879327971	0.35543564697311	0.0145989700944944	0.0145031576524311	0.000163058281391361	695.596463404046	695.151157936192	0.445305467853359	BM	Lorisidae	STR	Galagidae	STR	superfamily
Pygathrix_nemaeus	Hylobates_lar	2206.11	2249.16	62.1515760355	0.00518994849835076	0.511901910787641	0.015903262781628	0.0169049861422476	0.000161236192038024	695.596463404046	695.151157936192	0.445305467853359	BM	Cercopithecidae	OWM	Hylobatidae	APE	order
Cebuella_pygmaea	Galago_senegalensis	185	254.3	121.4130573077	0.00835455124124762	0.999999999917637	0.0183159858754789	0.0234578336745383	0.000153021842543259	695.596463404046	695.151157936192	0.445305467853359	BM	Callitrichidae	PLA	Galagidae	STR	order
Callimico_goeldii	Nycticebus_coucang	460.1	528.14	121.4130573087	0.00820265030958856	0.999999999925873	0.0179830248669673	0.0230314471830447	0.000147508464503303	695.596463404046	695.151157936192	0.445305467853359	BM	Callitrichidae	PLA	Lorisidae	STR	order
Callithrix_jacchus	Galago_senegalensis	318.24	254.3	121.4130573073	0.00770836950022182	0.999999999914342	0.0168995589353877	0.0216439541607222	0.000130268044675902	695.596463404046	695.151157936192	0.445305467853359	BM	Callitrichidae	PLA	Galagidae	STR	order
Callithrix_jacchus	Cheirogaleus_major	318.24	381.62	121.4130573043	0.00764085797504002	0.999999999889633	0.0167515708806872	0.0214544377418933	0.000127996373972274	695.596463404046	695.151157936192	0.445305467853359	BM	Callitrichidae	PLA	Cheirogaleidae	STR	order
Cheirogaleus_medius	Galago_senegalensis	202.38	254.3	99.360634017	0.0062592828347125	0.818368602291303	0.0151694296498073	0.0182029638652493	0.000116023208067335	695.596463404046	695.151157936192	0.445305467853359	BM	Cheirogaleidae	STR	Galagidae	STR	superfamily
Carlito_syrichta	Galago_senegalensis	206.85	254.3	121.413057308	0.00572039619620778	0.999999999920108	0.0125416173274904	0.016062906249844	7.17430200602013e-05	695.596463404046	695.151157936192	0.445305467853359	BM	Tarsiidae	TAR	Galagidae	STR	order
Saguinus_midas	Cheirogaleus_major	428.47	381.62	121.4130573051	0.00564806241922729	0.999999999896222	0.0123830427790656	0.0158598195016907	6.99401985633823e-05	695.596463404046	695.151157936192	0.445305467853359	BM	Callitrichidae	PLA	Cheirogaleidae	STR	order
Ateles_geoffroyi	Cercopithecus_ascanius	1833.67	1802.09	78.0653383527	0.00380716779507361	0.642973170080277	0.0104097090827227	0.0116752400468484	6.16378894486047e-05	695.596463404046	695.151157936192	0.445305467853359	BM	Atelidae	PLA	Cercopithecidae	OWM	order
Saimiri_sciureus	Perodicticus_potto	721.53	679.74	121.413057301	0.00503804756669173	0.999999999862453	0.0110457119113178	0.0141470816733015	5.5648822024847e-05	695.596463404046	695.151157936192	0.445305467853359	BM	Cebidae	PLA	Lorisidae	STR	order
Saguinus_oedipus	Lepilemur_ruficaudatus	413.31	449.28	121.4130573012	0.0043364099299809	0.9999999998641	0.00950747897352586	0.0121770145433836	4.12283262354851e-05	695.596463404046	695.151157936192	0.445305467853359	BM	Callitrichidae	PLA	Lepilemuridae	STR	order
Saguinus_oedipus	Cheirogaleus_major	413.31	381.62	121.4130573042	0.00382042898752001	0.999999999888809	0.00837624699840925	0.010728188597866	3.20008568429084e-05	695.596463404046	695.151157936192	0.445305467853359	BM	Callitrichidae	PLA	Cheirogaleidae	STR	order
Callithrix_jacchus	Loris_tardigradus	318.24	287.23	121.413057306	0.00373845070694211	0.999999999903635	0.00819651694484076	0.0104979979178066	3.06422745698558e-05	695.596463404046	695.151157936192	0.445305467853359	BM	Callitrichidae	PLA	Lorisidae	STR	order
Avahi_laniger	Nycticebus_coucang	553.35	528.14	99.3606340134	0.00303922419613063	0.818368602261652	0.0073659270058823	0.00883912069686988	2.73552816192378e-05	695.596463404046	695.151157936192	0.445305467853359	BM	Indriidae	STR	Lorisidae	STR	superfamily
Nycticebus_coucang	Otolemur_crassicaudatus	528.14	539.87	43.1545285784	0.00141412533996875	0.355435646970639	0.00520055459432191	0.00516642027432677	2.06907666588912e-05	695.596463404046	695.151157936192	0.445305467853359	BM	Lorisidae	STR	Galagidae	STR	superfamily
Cebuella_pygmaea	Carlito_syrichta	185	206.85	115.7454945457	0.00263415504503983	0.953319989651774	0.00591511683047878	0.00745362819145767	1.63442862943608e-05	695.596463404046	695.151157936192	0.445305467853359	BM	Callitrichidae	PLA	Tarsiidae	TAR	order
Saguinus_midas	Lepilemur_ruficaudatus	428.47	449.28	121.4130573021	0.00250877649827363	0.999999999871513	0.00550052133770027	0.00704504358106529	1.37995786620481e-05	695.596463404046	695.151157936192	0.445305467853359	BM	Callitrichidae	PLA	Lepilemuridae	STR	order
Cercopithecus_mitis	Piliocolobus_badius	1998.9	2007.11	38.5936741538	0.000989767181683136	0.317870869957688	0.00384903022072445	0.00375987811699013	1.19848786215823e-05	695.596463404046	695.151157936192	0.445305467853359	BM	Cercopithecidae	OWM	Cercopithecidae	OWM	family
Cebuella_pygmaea	Cheirogaleus_medius	185	202.38	121.4130573047	0.00209526840653512	0.999999999892928	0.00459391109565108	0.00588387019201643	9.62547678217945e-06	695.596463404046	695.151157936192	0.445305467853359	BM	Callitrichidae	PLA	Cheirogaleidae	STR	order
Avahi_laniger	Otolemur_crassicaudatus	553.35	539.87	99.360634015	0.00162509885616188	0.81836860227483	0.00393866335618377	0.00472642155532276	7.8213133997917e-06	695.596463404046	695.151157936192	0.445305467853359	BM	Indriidae	STR	Galagidae	STR	superfamily
Callimico_goeldii	Lepilemur_ruficaudatus	460.1	449.28	121.4130573043	0.00130441911154833	0.999999999889633	0.00285997043989912	0.00366305114271986	3.73060010067945e-06	695.596463404046	695.151157936192	0.445305467853359	BM	Callitrichidae	PLA	Lepilemuridae	STR	order
Carlito_syrichta	Cheirogaleus_medius	206.85	202.38	121.413057305	0.000538886638504716	0.999999999895399	0.00118152408222059	0.00151329818019794	6.36707541046822e-07	695.596463404046	695.151157936192	0.445305467853359	BM	Tarsiidae	TAR	Cheirogaleidae	STR	order
Aotus_trivirgatus	Perodicticus_potto	675.3	679.74	121.4130573101	0.000535269949655698	0.999999999937404	0.00117359439610695	0.00150314182861871	6.28189813359698e-07	695.596463404046	695.151157936192	0.445305467853359	BM	Aotidae	PLA	Lorisidae	STR	order
