Species1	Species2	TraitValue1	TraitValue2	PatristicDistance	NormalizedTraitDifference	NormalizedPatristicDistance	Sbm	Sou	FinalScore	AIC_BM	AIC_OU	delta_AIC	SelectedModel	family_1	superfamily_1	family_2	superfamily_2	taxonomic_level
Leontopithecus_rosalia	Leontopithecus_chrysomelas	3.38333333333333	3.05	1.4560128688	0.110344827586206	0.0119922263796461	0.928443732705625	0.863411941562474	7.94456665605362	68.6569873897563	64.9307458151295	3.72624157462684	OU	Callitrichidae	PLA	Callitrichidae	PLA	family
Propithecus_tattersalli	Propithecus_coquereli	5.8	4.26850340136054	8.601073458	0.506978184377201	0.0708414205853214	0.999341479980039	0.99695922878588	7.1347606461281	68.6569873897563	64.9307458151295	3.72624157462684	OU	Indriidae	STR	Indriidae	STR	family
Varecia_rubra	Varecia_variegata	4.75324074074074	5.19703703703704	3.814273482	0.146911877394638	0.0314156777389774	0.861724679458258	0.787193625575804	3.68122229822049	68.6569873897563	64.9307458151295	3.72624157462684	OU	Lemuridae	STR	Lemuridae	STR	family
Eulemur_albifrons	Eulemur_fulvus	6.02666666666667	5.15	9.5384061272	0.290206896551725	0.0785616171597847	0.935911464455181	0.895127519531054	3.30660427894205	68.6569873897563	64.9307458151295	3.72624157462684	OU	Lemuridae	STR	Lemuridae	STR	family
Eulemur_mongoz	Eulemur_albifrons	4.7876	6.02666666666667	15.6477288182	0.41017379310345	0.128880115235398	0.958967425518597	0.93815036165079	2.98575689226253	68.6569873897563	64.9307458151295	3.72624157462684	OU	Lemuridae	STR	Lemuridae	STR	family
Eulemur_albifrons	Eulemur_collaris	6.02666666666667	5.25342970521542	9.5384061272	0.255968097583862	0.0785616171597847	0.897555142737276	0.847383603214744	2.76093054955172	68.6569873897563	64.9307458151295	3.72624157462684	OU	Lemuridae	STR	Lemuridae	STR	family
Macaca_arctoides	Macaca_fascicularis	3.54659090909091	4.344	10.2479298855	0.263969905956113	0.0844055006264766	0.895798973452611	0.847352159193057	2.65001058122671	68.6569873897563	64.9307458151295	3.72624157462684	OU	Cercopithecidae	OWM	Cercopithecidae	OWM	family
Macaca_fascicularis	Macaca_nigra	4.344	3.51666666666667	10.9824679326	0.273875862068965	0.0904554104411791	0.896569013261418	0.850377227579419	2.57472488545699	68.6569873897563	64.9307458151295	3.72624157462684	OU	Cercopithecidae	OWM	Cercopithecidae	OWM	family
Eulemur_mongoz	Eulemur_sanfordi	4.7876	5.80333333333333	15.6477288182	0.336242758620689	0.128880115235398	0.906051578118976	0.874178949551116	2.28069583107008	68.6569873897563	64.9307458151295	3.72624157462684	OU	Lemuridae	STR	Lemuridae	STR	family
Eulemur_sanfordi	Eulemur_fulvus	5.80333333333333	5.15	9.5384061272	0.216275862068964	0.0785616171597847	0.832374058337665	0.773164346742989	2.12847942364436	68.6569873897563	64.9307458151295	3.72624157462684	OU	Lemuridae	STR	Lemuridae	STR	family
Eulemur_albifrons	Eulemur_coronatus	6.02666666666667	5.11346153846154	14.8274950179	0.302302387267905	0.122124385510603	0.878124853378726	0.840239738283455	2.07989974891947	68.6569873897563	64.9307458151295	3.72624157462684	OU	Lemuridae	STR	Lemuridae	STR	family
Macaca_fascicularis	Macaca_nemestrina	4.344	3.65934044312169	10.9824679331	0.226645922276958	0.0904554104452973	0.822218632013622	0.766890753770821	1.92152864398501	68.6569873897563	64.9307458151295	3.72624157462684	OU	Cercopithecidae	OWM	Cercopithecidae	OWM	family
Callithrix_jacchus	Leontopithecus_chrysomelas	4.31011235955056	3.05	23.8355055674	0.417140643161565	0.196317480952731	0.90774113669146	0.89597011093371	1.90378129606511	68.6569873897563	64.9307458151295	3.72624157462684	OU	Callitrichidae	PLA	Callitrichidae	PLA	family
Eulemur_sanfordi	Eulemur_collaris	5.80333333333333	5.25342970521542	9.5384061272	0.182037063101101	0.0785616171597847	0.75453037162443	0.690953015296348	1.60102429395742	68.6569873897563	64.9307458151295	3.72624157462684	OU	Lemuridae	STR	Lemuridae	STR	family
Eulemur_albifrons	Hapalemur_griseus	6.02666666666667	4.2280701754386	47.799728541	0.595397459165155	0.393695123053229	0.910289446699579	0.942336101728998	1.42512438634701	68.6569873897563	64.9307458151295	3.72624157462684	OU	Lemuridae	STR	Lemuridae	STR	family
Eulemur_sanfordi	Eulemur_coronatus	5.80333333333333	5.11346153846154	14.8274950179	0.228371352785144	0.122124385510603	0.757446695253928	0.711790139578053	1.3310402864664	68.6569873897563	64.9307458151295	3.72624157462684	OU	Lemuridae	STR	Lemuridae	STR	family
Eulemur_albifrons	Eulemur_macaco	6.02666666666667	5.33964285714286	14.8274950179	0.227428571428572	0.122124385510603	0.755496614181246	0.709795185472522	1.32183023369135	68.6569873897563	64.9307458151295	3.72624157462684	OU	Lemuridae	STR	Lemuridae	STR	family
Macaca_mulatta	Macaca_nigra	4.05630471178309	3.51666666666667	10.9824679327	0.178638801141987	0.0904554104420027	0.711842113974073	0.652690883365242	1.28898776038863	68.6569873897563	64.9307458151295	3.72624157462684	OU	Cercopithecidae	OWM	Cercopithecidae	OWM	family
Macaca_arctoides	Macaca_mulatta	3.54659090909091	4.05630471178309	10.2479298856	0.168732845029135	0.0844055006273002	0.701011434741851	0.639402878391009	1.27821369447382	68.6569873897563	64.9307458151295	3.72624157462684	OU	Cercopithecidae	OWM	Cercopithecidae	OWM	family
Eulemur_albifrons	Lemur_catta	6.02666666666667	4.41653985507246	47.7997285392	0.533007496251877	0.393695123038403	0.871265326083995	0.910743519391007	1.23301787243849	68.6569873897563	64.9307458151295	3.72624157462684	OU	Lemuridae	STR	Lemuridae	STR	family
Eulemur_albifrons	Eulemur_flavifrons	6.02666666666667	5.36954545454545	14.8274950179	0.217529780564266	0.122124385510603	0.734355891696985	0.688288543524623	1.22598983988181	68.6569873897563	64.9307458151295	3.72624157462684	OU	Lemuridae	STR	Lemuridae	STR	family
Callithrix_jacchus	Leontopithecus_rosalia	4.31011235955056	3.38333333333333	23.8355055674	0.306795815575359	0.196317480952731	0.784374177904766	0.768148213691641	1.20042625118558	68.6569873897563	64.9307458151295	3.72624157462684	OU	Callitrichidae	PLA	Callitrichidae	PLA	family
Eulemur_sanfordi	Hapalemur_griseus	5.80333333333333	4.2280701754386	47.799728541	0.521466424682394	0.393695123053229	0.862778436513209	0.903594983440849	1.19685111088394	68.6569873897563	64.9307458151295	3.72624157462684	OU	Lemuridae	STR	Lemuridae	STR	family
Aotus_trivirgatus	Leontopithecus_chrysomelas	4.40882352941177	3.05	40.5102348772	0.449817444219069	0.333656328010619	0.836255624829506	0.864496516717958	1.16546752164096	68.6569873897563	64.9307458151295	3.72624157462684	OU	Aotidae	PLA	Callitrichidae	PLA	superfamily
Eulemur_sanfordi	Lemur_catta	5.80333333333333	4.41653985507246	47.7997285392	0.459076461769116	0.393695123038403	0.809262889617997	0.85670388494987	0.998977547020002	68.6569873897563	64.9307458151295	3.72624157462684	OU	Lemuridae	STR	Lemuridae	STR	family
Leontopithecus_chrysomelas	Mirza_zaza	3.05	6.07083333333333	121.4130573057	1	0.99999999990034	0.926269525750794	0.995124391036017	0.995124391135191	68.6569873897563	64.9307458151295	3.72624157462684	OU	Callitrichidae	PLA	Cheirogaleidae	STR	order
Leontopithecus_chrysomelas	Eulemur_albifrons	3.05	6.02666666666667	121.4130573069	0.98537931034483	0.999999999910224	0.921953741748374	0.994462492722957	0.979922765331121	68.6569873897563	64.9307458151295	3.72624157462684	OU	Callitrichidae	PLA	Lemuridae	STR	order
Propithecus_coquereli	Mirza_zaza	4.26850340136054	6.07083333333333	69.529333389	0.596633356790993	0.57266767615452	0.841434586132997	0.923716702621168	0.962373502044962	68.6569873897563	64.9307458151295	3.72624157462684	OU	Indriidae	STR	Cheirogaleidae	STR	superfamily
Hapalemur_griseus	Mirza_zaza	4.2280701754386	6.07083333333333	71.9834962278	0.610018148820325	0.592881011466357	0.843445724402948	0.928654292154843	0.955496906189063	68.6569873897563	64.9307458151295	3.72624157462684	OU	Lemuridae	STR	Cheirogaleidae	STR	superfamily
Eulemur_mongoz	Eulemur_flavifrons	4.7876	5.36954545454545	15.6477288181	0.192644012539184	0.128880115234574	0.662752771310446	0.619534078029014	0.926050775785275	68.6569873897563	64.9307458151295	3.72624157462684	OU	Lemuridae	STR	Lemuridae	STR	family
Leontopithecus_chrysomelas	Eulemur_sanfordi	3.05	5.80333333333333	121.4130573069	0.911448275862069	0.999999999910224	0.896883035086896	0.989707782906564	0.902067452418443	68.6569873897563	64.9307458151295	3.72624157462684	OU	Callitrichidae	PLA	Lemuridae	STR	order
Leontopithecus_chrysomelas	Propithecus_tattersalli	3.05	5.8	121.4130573067	0.910344827586208	0.999999999908577	0.896465262697113	0.989615246798575	0.900891121305894	68.6569873897563	64.9307458151295	3.72624157462684	OU	Callitrichidae	PLA	Indriidae	STR	order
Eulemur_albifrons	Propithecus_coquereli	6.02666666666667	4.26850340136054	71.9834962262	0.582012667135823	0.592881011453179	0.823533107680529	0.914655482434417	0.897888558679364	68.6569873897563	64.9307458151295	3.72624157462684	OU	Lemuridae	STR	Indriidae	STR	superfamily
Leontopithecus_rosalia	Mirza_zaza	3.38333333333333	6.07083333333333	121.4130573057	0.889655172413794	0.99999999990034	0.888380205860996	0.987737652847783	0.878745911931467	68.6569873897563	64.9307458151295	3.72624157462684	OU	Callitrichidae	PLA	Cheirogaleidae	STR	order
Leontopithecus_rosalia	Eulemur_albifrons	3.38333333333333	6.02666666666667	121.4130573069	0.875034482758624	0.999999999910224	0.882372223232187	0.986235221653424	0.862989827135317	68.6569873897563	64.9307458151295	3.72624157462684	OU	Callitrichidae	PLA	Lemuridae	STR	order
Eulemur_mongoz	Eulemur_macaco	4.7876	5.33964285714286	15.6477288181	0.182745221674878	0.128880115234574	0.637340772844169	0.594575558519599	0.843076855156163	68.6569873897563	64.9307458151295	3.72624157462684	OU	Lemuridae	STR	Lemuridae	STR	family
Macaca_nigra	Mirza_zaza	3.51666666666667	6.07083333333333	121.413057312	0.845517241379309	0.999999999952229	0.869472119721789	0.982699049708687	0.83088898965545	68.6569873897563	64.9307458151295	3.72624157462684	OU	Cercopithecidae	OWM	Cheirogaleidae	STR	order
Eulemur_rubriventer	Eulemur_albifrons	5.30783333333333	6.02666666666667	22.8374257192	0.237958620689658	0.188096949567976	0.673493739449208	0.653390014929689	0.826593876626772	68.6569873897563	64.9307458151295	3.72624157462684	OU	Lemuridae	STR	Lemuridae	STR	family
Lemur_catta	Mirza_zaza	4.41653985507246	6.07083333333333	71.983496226	0.547628185907047	0.592881011451531	0.796575875503576	0.894518340634858	0.826242444404034	68.6569873897563	64.9307458151295	3.72624157462684	OU	Lemuridae	STR	Cheirogaleidae	STR	superfamily
Macaca_arctoides	Mirza_zaza	3.54659090909091	6.07083333333333	121.4130573121	0.835611285266457	0.999999999953053	0.864905092170495	0.981345399609969	0.820023290696909	68.6569873897563	64.9307458151295	3.72624157462684	OU	Cercopithecidae	OWM	Cheirogaleidae	STR	order
Macaca_nigra	Eulemur_albifrons	3.51666666666667	6.02666666666667	121.4130573132	0.830896551724139	0.999999999962113	0.862688499258057	0.980669201445017	0.814834657893601	68.6569873897563	64.9307458151295	3.72624157462684	OU	Cercopithecidae	OWM	Lemuridae	STR	order
Macaca_arctoides	Eulemur_albifrons	3.54659090909091	6.02666666666667	121.4130573133	0.820990595611287	0.999999999962937	0.857940034261115	0.979178350815423	0.803896217475427	68.6569873897563	64.9307458151295	3.72624157462684	OU	Cercopithecidae	OWM	Lemuridae	STR	order
Eulemur_albifrons	Varecia_rubra	6.02666666666667	4.75324074074074	52.6432531402	0.421547892720308	0.433588069546801	0.747724059110807	0.811886494460538	0.78934146233693	68.6569873897563	64.9307458151295	3.72624157462684	OU	Lemuridae	STR	Lemuridae	STR	family
Leontopithecus_chrysomelas	Cheirogaleus_medius	3.05	5.48	121.4130573057	0.80441379310345	0.99999999990034	0.849713134543746	0.97645888777242	0.785476997800868	68.6569873897563	64.9307458151295	3.72624157462684	OU	Callitrichidae	PLA	Cheirogaleidae	STR	order
Leontopithecus_rosalia	Eulemur_sanfordi	3.38333333333333	5.80333333333333	121.4130573069	0.801103448275863	0.999999999910224	0.848027565459862	0.975880340624354	0.781781106048979	68.6569873897563	64.9307458151295	3.72624157462684	OU	Callitrichidae	PLA	Lemuridae	STR	order
Leontopithecus_rosalia	Propithecus_tattersalli	3.38333333333333	5.8	121.4130573067	0.800000000000002	0.999999999908577	0.847462522041151	0.975684771240151	0.780547817063483	68.6569873897563	64.9307458151295	3.72624157462684	OU	Callitrichidae	PLA	Indriidae	STR	order
Macaca_nemestrina	Mirza_zaza	3.65934044312169	6.07083333333333	121.4130573125	0.798287301587303	0.999999999956347	0.846582334874612	0.975378499396107	0.77863227034318	68.6569873897563	64.9307458151295	3.72624157462684	OU	Cercopithecidae	OWM	Cheirogaleidae	STR	order
Saimiri_sciureus	Mirza_zaza	3.67065217391304	6.07083333333333	121.413057299	0.794542728635683	0.999999999845157	0.844644483768894	0.974697217082476	0.774438586574234	68.6569873897563	64.9307458151295	3.72624157462684	OU	Cebidae	PLA	Cheirogaleidae	STR	order
Hapalemur_griseus	Propithecus_tattersalli	4.2280701754386	5.8	71.9834962288	0.520362976406533	0.592881011474593	0.773157884991124	0.87601045848313	0.7688615434078	68.6569873897563	64.9307458151295	3.72624157462684	OU	Lemuridae	STR	Indriidae	STR	superfamily
Macaca_nemestrina	Eulemur_albifrons	3.65934044312169	6.02666666666667	121.4130573137	0.783666611932132	0.999999999966231	0.838910627316817	0.972625150614861	0.762213856488067	68.6569873897563	64.9307458151295	3.72624157462684	OU	Cercopithecidae	OWM	Lemuridae	STR	order
Pan_troglodytes	Mirza_zaza	3.70669083179489	6.07083333333333	121.41305731	0.78261269016445	0.999999999935757	0.838346616724684	0.972416792021256	0.761025721613731	68.6569873897563	64.9307458151295	3.72624157462684	OU	Hominidae	APE	Cheirogaleidae	STR	order
Saimiri_sciureus	Eulemur_albifrons	3.67065217391304	6.02666666666667	121.4130573002	0.779922038980513	0.99999999985504	0.83689994294355	0.971878640786947	0.757989571274043	68.6569873897563	64.9307458151295	3.72624157462684	OU	Cebidae	PLA	Lemuridae	STR	order
Aotus_trivirgatus	Leontopithecus_rosalia	4.40882352941177	3.38333333333333	40.5102348772	0.339472616632863	0.333656328010619	0.706728546667044	0.740071737196479	0.752972648893149	68.6569873897563	64.9307458151295	3.72624157462684	OU	Aotidae	PLA	Callitrichidae	PLA	superfamily
Pan_troglodytes	Eulemur_albifrons	3.70669083179489	6.02666666666667	121.4130573112	0.76799200050928	0.99999999994564	0.830367775643811	0.969382169878905	0.744477751943797	68.6569873897563	64.9307458151295	3.72624157462684	OU	Hominidae	APE	Lemuridae	STR	order
Leontopithecus_chrysomelas	Eulemur_flavifrons	3.05	5.36954545454545	121.4130573068	0.767849529780564	0.9999999999094	0.830288599077548	0.969351241974799	0.74431589540999	68.6569873897563	64.9307458151295	3.72624157462684	OU	Callitrichidae	PLA	Lemuridae	STR	order
Eulemur_sanfordi	Propithecus_coquereli	5.80333333333333	4.26850340136054	71.9834962262	0.508081632653062	0.592881011453179	0.762003886210205	0.866886580239895	0.742896366226596	68.6569873897563	64.9307458151295	3.72624157462684	OU	Lemuridae	STR	Indriidae	STR	superfamily
Leontopithecus_chrysomelas	Daubentonia_madagascariensis	3.05	5.365625	121.4130573037	0.766551724137932	0.999999999883868	0.829566081381653	0.969068273646973	0.742840956057724	68.6569873897563	64.9307458151295	3.72624157462684	OU	Callitrichidae	PLA	Daubentoniidae	STR	order
Macaca_mulatta	Macaca_nemestrina	4.05630471178309	3.65934044312169	10.9824679332	0.131408861349981	0.0904554104461209	0.565401043977317	0.510650658338648	0.741846410612109	68.6569873897563	64.9307458151295	3.72624157462684	OU	Cercopithecidae	OWM	Cercopithecidae	OWM	family
Eulemur_flavifrons	Hapalemur_griseus	5.36954545454545	4.2280701754386	47.7997285409	0.377867678600889	0.393695123052405	0.718497689999898	0.771687268833758	0.740663675534678	68.6569873897563	64.9307458151295	3.72624157462684	OU	Lemuridae	STR	Lemuridae	STR	family
Leontopithecus_chrysomelas	Eulemur_macaco	3.05	5.33964285714286	121.4130573068	0.757950738916258	0.9999999999094	0.824719367998321	0.967135679517428	0.733041202988926	68.6569873897563	64.9307458151295	3.72624157462684	OU	Callitrichidae	PLA	Lemuridae	STR	order
Macaca_nigra	Eulemur_sanfordi	3.51666666666667	5.80333333333333	121.4130573132	0.756965517241378	0.999999999962113	0.824157689541246	0.966907842717174	0.73191589531488	68.6569873897563	64.9307458151295	3.72624157462684	OU	Cercopithecidae	OWM	Lemuridae	STR	order
Macaca_nigra	Propithecus_tattersalli	3.51666666666667	5.8	121.413057313	0.755862068965517	0.999999999960466	0.823527017361734	0.966651061807528	0.730654871574438	68.6569873897563	64.9307458151295	3.72624157462684	OU	Cercopithecidae	OWM	Indriidae	STR	order
Leontopithecus_chrysomelas	Eulemur_rubriventer	3.05	5.30783333333333	121.4130573077	0.747420689655172	0.999999999916813	0.818646496091334	0.96462969808933	0.720984194267764	68.6569873897563	64.9307458151295	3.72624157462684	OU	Callitrichidae	PLA	Lemuridae	STR	order
Macaca_arctoides	Eulemur_sanfordi	3.54659090909091	5.80333333333333	121.4130573133	0.747059561128526	0.999999999962937	0.818435491261751	0.964540939570657	0.720569531032858	68.6569873897563	64.9307458151295	3.72624157462684	OU	Cercopithecidae	OWM	Lemuridae	STR	order
Macaca_arctoides	Propithecus_tattersalli	3.54659090909091	5.8	121.4130573131	0.745956112852665	0.999999999961289	0.81778962557805	0.964268554583299	0.71930202275086	68.6569873897563	64.9307458151295	3.72624157462684	OU	Cercopithecidae	OWM	Indriidae	STR	order
Macaca_fascicularis	Macaca_mulatta	4.344	4.05630471178309	7.3270128521	0.0952370609269776	0.0603478160748515	0.511868763785144	0.449971963318802	0.710116953244359	68.6569873897563	64.9307458151295	3.72624157462684	OU	Cercopithecidae	OWM	Cercopithecidae	OWM	family
Eulemur_albifrons	Eulemur_sanfordi	6.02666666666667	5.80333333333333	5.21120138	0.0739310344827612	0.0429212598308897	0.476627647319469	0.412090729055008	0.709818258360299	68.6569873897563	64.9307458151295	3.72624157462684	OU	Lemuridae	STR	Lemuridae	STR	family
Eulemur_macaco	Hapalemur_griseus	5.33964285714286	4.2280701754386	47.7997285409	0.367968887736583	0.393695123052405	0.705701453415801	0.759267264272236	0.709652506139538	68.6569873897563	64.9307458151295	3.72624157462684	OU	Lemuridae	STR	Lemuridae	STR	family
Leontopithecus_chrysomelas	Eulemur_collaris	3.05	5.25342970521542	121.4130573061	0.729411212760968	0.999999999903635	0.807900433950551	0.959965638304249	0.700209700511834	68.6569873897563	64.9307458151295	3.72624157462684	OU	Callitrichidae	PLA	Lemuridae	STR	order
Leontopithecus_chrysomelas	Varecia_variegata	3.05	5.19703703703704	121.4130573087	0.710743295019159	0.999999999925049	0.7962747855996	0.954590516451399	0.67846880910756	68.6569873897563	64.9307458151295	3.72624157462684	OU	Callitrichidae	PLA	Lemuridae	STR	order
Macaca_nemestrina	Eulemur_sanfordi	3.65934044312169	5.80333333333333	121.4130573137	0.709735577449371	0.999999999966231	0.795632958101984	0.954283832262576	0.67728918676435	68.6569873897563	64.9307458151295	3.72624157462684	OU	Cercopithecidae	OWM	Lemuridae	STR	order
Eulemur_rubriventer	Hapalemur_griseus	5.30783333333333	4.2280701754386	47.7997285418	0.357438838475497	0.393695123059818	0.691667391145151	0.745540937223172	0.676882366654297	68.6569873897563	64.9307458151295	3.72624157462684	OU	Lemuridae	STR	Lemuridae	STR	family
Macaca_nemestrina	Propithecus_tattersalli	3.65934044312169	5.8	121.4130573135	0.708632129173511	0.999999999964584	0.794928472790621	0.953946014043244	0.675996795071989	68.6569873897563	64.9307458151295	3.72624157462684	OU	Cercopithecidae	OWM	Indriidae	STR	order
Saimiri_sciureus	Eulemur_sanfordi	3.67065217391304	5.80333333333333	121.4130573002	0.705991004497752	0.99999999985504	0.793235107175106	0.953128893005637	0.672900424686423	68.6569873897563	64.9307458151295	3.72624157462684	OU	Cebidae	PLA	Lemuridae	STR	order
Saimiri_sciureus	Propithecus_tattersalli	3.67065217391304	5.8	121.4130573	0.704887556221891	0.999999999853393	0.792524629508469	0.952783909039496	0.671605521348853	68.6569873897563	64.9307458151295	3.72624157462684	OU	Cebidae	PLA	Indriidae	STR	order
Leontopithecus_chrysomelas	Eulemur_fulvus	3.05	5.15	121.4130573061	0.695172413793104	0.999999999903635	0.786192786664353	0.949653378953233	0.660172831777315	68.6569873897563	64.9307458151295	3.72624157462684	OU	Callitrichidae	PLA	Lemuridae	STR	order
Eulemur_sanfordi	Eulemur_macaco	5.80333333333333	5.33964285714286	14.8274950179	0.153497536945811	0.122124385510603	0.567829039254712	0.524680674467203	0.659468548210543	68.6569873897563	64.9307458151295	3.72624157462684	OU	Lemuridae	STR	Lemuridae	STR	family
Leontopithecus_rosalia	Cheirogaleus_medius	3.38333333333333	5.48	121.4130573057	0.694068965517243	0.99999999990034	0.785464891750702	0.949287055510218	0.65887068466255	68.6569873897563	64.9307458151295	3.72624157462684	OU	Callitrichidae	PLA	Cheirogaleidae	STR	order
Pan_troglodytes	Eulemur_sanfordi	3.70669083179489	5.80333333333333	121.4130573112	0.694060966026519	0.99999999994564	0.785459608323034	0.949284391703425	0.658861241975391	68.6569873897563	64.9307458151295	3.72624157462684	OU	Hominidae	APE	Lemuridae	STR	order
Pan_troglodytes	Propithecus_tattersalli	3.70669083179489	5.8	121.413057311	0.692957517750658	0.999999999943993	0.784729915508375	0.948915821889118	0.657558352527437	68.6569873897563	64.9307458151295	3.72624157462684	OU	Hominidae	APE	Indriidae	STR	order
Leontopithecus_chrysomelas	Eulemur_coronatus	3.05	5.11346153846154	121.4130573068	0.683076923076925	0.9999999999094	0.778116239546935	0.945514513899384	0.64585914493748	68.6569873897563	64.9307458151295	3.72624157462684	OU	Callitrichidae	PLA	Lemuridae	STR	order
Lemur_catta	Propithecus_tattersalli	4.41653985507246	5.8	71.983496227	0.457973013493255	0.592881011459768	0.71250544752399	0.824203341832535	0.636658757650011	68.6569873897563	64.9307458151295	3.72624157462684	OU	Lemuridae	STR	Indriidae	STR	superfamily
Macaca_mulatta	Mirza_zaza	4.05630471178309	6.07083333333333	121.4130573127	0.666878440237322	0.999999999957994	0.766960968391438	0.939530645128149	0.626552731204543	68.6569873897563	64.9307458151295	3.72624157462684	OU	Cercopithecidae	OWM	Cheirogaleidae	STR	order
Eulemur_collaris	Hapalemur_griseus	5.25342970521542	4.2280701754386	47.7997285402	0.339429361581292	0.39369512304664	0.666655204754568	0.720821964067947	0.621466014574866	68.6569873897563	64.9307458151295	3.72624157462684	OU	Lemuridae	STR	Lemuridae	STR	family
Pongo_pygmaeus	Mirza_zaza	4.06930776014109	6.07083333333333	121.413057314	0.662573982849846	0.999999999968702	0.76393088262941	0.937851960134579	0.621396308569351	68.6569873897563	64.9307458151295	3.72624157462684	OU	Hominidae	APE	Cheirogaleidae	STR	order
Eulemur_mongoz	Eulemur_collaris	4.7876	5.25342970521542	15.6477288174	0.154205695519587	0.128880115228809	0.557599298047219	0.517347315709275	0.619008622877981	68.6569873897563	64.9307458151295	3.72624157462684	OU	Lemuridae	STR	Lemuridae	STR	family
Leontopithecus_rosalia	Eulemur_flavifrons	3.38333333333333	5.36954545454545	121.4130573068	0.657504702194358	0.9999999999094	0.76032680047845	0.935825749656027	0.615309830889144	68.6569873897563	64.9307458151295	3.72624157462684	OU	Callitrichidae	PLA	Lemuridae	STR	order
Leontopithecus_rosalia	Daubentonia_madagascariensis	3.38333333333333	5.365625	121.4130573037	0.656206896551726	0.999999999883868	0.759397900902864	0.935298332699944	0.61374921632231	68.6569873897563	64.9307458151295	3.72624157462684	OU	Callitrichidae	PLA	Daubentoniidae	STR	order
Macaca_mulatta	Eulemur_albifrons	4.05630471178309	6.02666666666667	121.4130573139	0.652257750582152	0.999999999967878	0.756555723707236	0.933671392526726	0.60899440229195	68.6569873897563	64.9307458151295	3.72624157462684	OU	Cercopithecidae	OWM	Lemuridae	STR	order
Macaca_nigra	Cheirogaleus_medius	3.51666666666667	5.48	121.413057312	0.649931034482758	0.999999999952229	0.754870197446942	0.932697172399068	0.606188838145428	68.6569873897563	64.9307458151295	3.72624157462684	OU	Cercopithecidae	OWM	Cheirogaleidae	STR	order
Pongo_pygmaeus	Eulemur_albifrons	4.06930776014109	6.02666666666667	121.4130573152	0.647953293194676	0.999999999978585	0.753431052398503	0.931859840410881	0.603801652403025	68.6569873897563	64.9307458151295	3.72624157462684	OU	Hominidae	APE	Lemuridae	STR	order
Leontopithecus_rosalia	Eulemur_macaco	3.38333333333333	5.33964285714286	121.4130573068	0.647605911330052	0.9999999999094	0.75317766268227	0.931711885852249	0.603382124989054	68.6569873897563	64.9307458151295	3.72624157462684	OU	Callitrichidae	PLA	Lemuridae	STR	order
Macaca_arctoides	Cheirogaleus_medius	3.54659090909091	5.48	121.4130573121	0.640025078369907	0.999999999953053	0.74760252804614	0.928416790827432	0.594210029337161	68.6569873897563	64.9307458151295	3.72624157462684	OU	Cercopithecidae	OWM	Cheirogaleidae	STR	order
Leontopithecus_rosalia	Eulemur_rubriventer	3.38333333333333	5.30783333333333	121.4130573077	0.637075862068966	0.999999999916813	0.745410062994352	0.927100170566044	0.590633140436781	68.6569873897563	64.9307458151295	3.72624157462684	OU	Callitrichidae	PLA	Lemuridae	STR	order
Varecia_rubra	Mirza_zaza	4.75324074074074	6.07083333333333	71.983496227	0.436168582375478	0.592881011459768	0.688936765728255	0.80272535060351	0.590546115395957	68.6569873897563	64.9307458151295	3.72624157462684	OU	Lemuridae	STR	Cheirogaleidae	STR	superfamily
Eulemur_sanfordi	Eulemur_flavifrons	5.80333333333333	5.36954545454545	14.8274950179	0.143598746081505	0.122124385510603	0.537555575865119	0.495748931199339	0.58292145826429	68.6569873897563	64.9307458151295	3.72624157462684	OU	Lemuridae	STR	Lemuridae	STR	family
Eulemur_sanfordi	Varecia_rubra	5.80333333333333	4.75324074074074	52.6432531402	0.347616858237547	0.433588069546801	0.654859511017408	0.722232790602608	0.579029524146803	68.6569873897563	64.9307458151295	3.72624157462684	OU	Lemuridae	STR	Lemuridae	STR	family
Leontopithecus_rosalia	Eulemur_collaris	3.38333333333333	5.25342970521542	121.4130573061	0.619066385174762	0.999999999903635	0.73173437166764	0.918624127469734	0.56868931798181	68.6569873897563	64.9307458151295	3.72624157462684	OU	Callitrichidae	PLA	Lemuridae	STR	order
Eulemur_mongoz	Mirza_zaza	4.7876	6.07083333333333	71.983496225	0.42479448275862	0.592881011443295	0.676150159321137	0.790786933103632	0.56659248607452	68.6569873897563	64.9307458151295	3.72624157462684	OU	Lemuridae	STR	Cheirogaleidae	STR	superfamily
Macaca_nigra	Eulemur_flavifrons	3.51666666666667	5.36954545454545	121.4130573131	0.613366771159872	0.999999999961289	0.727303060451233	0.915780766654083	0.561709491954672	68.6569873897563	64.9307458151295	3.72624157462684	OU	Cercopithecidae	OWM	Lemuridae	STR	order
Macaca_nigra	Daubentonia_madagascariensis	3.51666666666667	5.365625	121.41305731	0.612068965517241	0.999999999935757	0.726287088089514	0.915122219913559	0.560117910500317	68.6569873897563	64.9307458151295	3.72624157462684	OU	Cercopithecidae	OWM	Daubentoniidae	STR	order
Gorilla_gorilla	Mirza_zaza	4.23293154761905	6.07083333333333	121.41305731	0.608408866995073	0.999999999935757	0.723407897578269	0.913242512975992	0.555624842647152	68.6569873897563	64.9307458151295	3.72624157462684	OU	Hominidae	APE	Cheirogaleidae	STR	order
Pan_troglodytes	Gorilla_gorilla	3.70669083179489	4.23293154761905	20.238906202	0.174203823169377	0.166694642644773	0.554545406009998	0.528097105266246	0.551886571052593	68.6569873897563	64.9307458151295	3.72624157462684	OU	Hominidae	APE	Hominidae	APE	family
Macaca_nigra	Eulemur_macaco	3.51666666666667	5.33964285714286	121.4130573131	0.603467980295567	0.999999999961289	0.71948854273342	0.910651880804468	0.549549251282705	68.6569873897563	64.9307458151295	3.72624157462684	OU	Cercopithecidae	OWM	Lemuridae	STR	order
Macaca_arctoides	Eulemur_flavifrons	3.54659090909091	5.36954545454545	121.4130573132	0.603460815047021	0.999999999962113	0.719482831649946	0.910648079133633	0.549540432075807	68.6569873897563	64.9307458151295	3.72624157462684	OU	Cercopithecidae	OWM	Lemuridae	STR	order
Eulemur_flavifrons	Lemur_catta	5.36954545454545	4.41653985507246	47.7997285391	0.315477715687611	0.39369512303758	0.631419070948669	0.685490664046365	0.54930075625521	68.6569873897563	64.9307458151295	3.72624157462684	OU	Lemuridae	STR	Lemuridae	STR	family
Macaca_nemestrina	Cheirogaleus_medius	3.65934044312169	5.48	121.4130573125	0.602701094690752	0.999999999956347	0.718876846095843	0.91024425401887	0.548605208357088	68.6569873897563	64.9307458151295	3.72624157462684	OU	Cercopithecidae	OWM	Cheirogaleidae	STR	order
Macaca_arctoides	Daubentonia_madagascariensis	3.54659090909091	5.365625	121.4130573101	0.602163009404389	0.99999999993658	0.718447109003501	0.909957349896668	0.547942656278171	68.6569873897563	64.9307458151295	3.72624157462684	OU	Cercopithecidae	OWM	Daubentoniidae	STR	order
Leontopithecus_rosalia	Varecia_variegata	3.38333333333333	5.19703703703704	121.4130573087	0.600398467432953	0.999999999925049	0.717034746696199	0.909011323352452	0.545769005460918	68.6569873897563	64.9307458151295	3.72624157462684	OU	Callitrichidae	PLA	Lemuridae	STR	order
Hapalemur_griseus	Cheirogaleus_medius	4.2280701754386	5.48	71.9834962278	0.414431941923774	0.592881011466357	0.664206826517452	0.779462303126101	0.544854818578143	68.6569873897563	64.9307458151295	3.72624157462684	OU	Lemuridae	STR	Cheirogaleidae	STR	superfamily
Saimiri_sciureus	Cheirogaleus_medius	3.67065217391304	5.48	121.413057299	0.598956521739132	0.999999999845157	0.715877035900477	0.908232330611428	0.54399167775828	68.6569873897563	64.9307458151295	3.72624157462684	OU	Cebidae	PLA	Cheirogaleidae	STR	order
Gorilla_gorilla	Eulemur_albifrons	4.23293154761905	6.02666666666667	121.4130573112	0.593788177339903	0.99999999994564	0.711701156192602	0.905396075673343	0.537613485574	68.6569873897563	64.9307458151295	3.72624157462684	OU	Hominidae	APE	Lemuridae	STR	order
Macaca_arctoides	Eulemur_macaco	3.54659090909091	5.33964285714286	121.4130573132	0.593562024182715	0.999999999962113	0.711517490520424	0.905270382022668	0.537334120406393	68.6569873897563	64.9307458151295	3.72624157462684	OU	Cercopithecidae	OWM	Lemuridae	STR	order
Propithecus_coquereli	Cheirogaleus_medius	4.26850340136054	5.48	69.529333389	0.401047149894443	0.57266767615452	0.656728129160251	0.76656622818821	0.536837006559564	68.6569873897563	64.9307458151295	3.72624157462684	OU	Indriidae	STR	Cheirogaleidae	STR	superfamily
Macaca_nigra	Eulemur_rubriventer	3.51666666666667	5.30783333333333	121.413057314	0.592937931034481	0.999999999968702	0.711010236909938	0.904922823029534	0.536563066449807	68.6569873897563	64.9307458151295	3.72624157462684	OU	Cercopithecidae	OWM	Lemuridae	STR	order
Mirza_zaza	Galago_moholi	6.07083333333333	4.53333333333333	99.360634017	0.50896551724138	0.818368602290629	0.685642346821104	0.853395217698266	0.53074951454805	68.6569873897563	64.9307458151295	3.72624157462684	OU	Cheirogaleidae	STR	Galagidae	STR	superfamily
Pan_troglodytes	Cheirogaleus_medius	3.70669083179489	5.48	121.41305731	0.5870264832679	0.999999999935757	0.706175700497462	0.901579829201256	0.529251236555288	68.6569873897563	64.9307458151295	3.72624157462684	OU	Hominidae	APE	Cheirogaleidae	STR	order
Leontopithecus_rosalia	Eulemur_fulvus	3.38333333333333	5.15	121.4130573061	0.584827586206898	0.999999999903635	0.704363621779878	0.900312629372086	0.526527661918002	68.6569873897563	64.9307458151295	3.72624157462684	OU	Callitrichidae	PLA	Lemuridae	STR	order
Leontopithecus_chrysomelas	Macaca_fascicularis	3.05	4.344	78.0653383543	0.428358620689656	0.642973170092926	0.660582206003458	0.789624312188037	0.526059868381446	68.6569873897563	64.9307458151295	3.72624157462684	OU	Callitrichidae	PLA	Cercopithecidae	OWM	order
Macaca_arctoides	Eulemur_rubriventer	3.54659090909091	5.30783333333333	121.4130573141	0.583031974921629	0.999999999969526	0.702878346296918	0.899268214616802	0.524302123168259	68.6569873897563	64.9307458151295	3.72624157462684	OU	Cercopithecidae	OWM	Lemuridae	STR	order
Callithrix_jacchus	Mirza_zaza	4.31011235955056	6.07083333333333	121.4130573043	0.582859356838435	0.999999999888809	0.702735299435693	0.899167353831287	0.524088105602495	68.6569873897563	64.9307458151295	3.72624157462684	OU	Callitrichidae	PLA	Cheirogaleidae	STR	order
Eulemur_macaco	Lemur_catta	5.33964285714286	4.41653985507246	47.7997285391	0.305578924823305	0.39369512303758	0.616203472695437	0.670065491041491	0.520092529299922	68.6569873897563	64.9307458151295	3.72624157462684	OU	Lemuridae	STR	Lemuridae	STR	family
Leontopithecus_chrysomelas	Loris_tardigradus	3.05	4.8	121.4130573074	0.579310344827587	0.999999999914342	0.699784064451829	0.897075775729932	0.519685277019097	68.6569873897563	64.9307458151295	3.72624157462684	OU	Callitrichidae	PLA	Lorisidae	STR	order
Eulemur_fulvus	Hapalemur_griseus	5.15	4.2280701754386	47.7997285402	0.305190562613429	0.39369512304664	0.615598779754022	0.669450487431985	0.518954792531169	68.6569873897563	64.9307458151295	3.72624157462684	OU	Lemuridae	STR	Lemuridae	STR	family
Macaca_mulatta	Eulemur_sanfordi	4.05630471178309	5.80333333333333	121.4130573139	0.578326716099391	0.999999999967878	0.69896266780443	0.896490017013147	0.518464127571754	68.6569873897563	64.9307458151295	3.72624157462684	OU	Cercopithecidae	OWM	Lemuridae	STR	order
Macaca_mulatta	Propithecus_tattersalli	4.05630471178309	5.8	121.4130573137	0.57722326782353	0.999999999966231	0.698039433710692	0.89582975452243	0.517093778336449	68.6569873897563	64.9307458151295	3.72624157462684	OU	Cercopithecidae	OWM	Indriidae	STR	order
Leontopithecus_chrysomelas	Eulemur_mongoz	3.05	4.7876	121.4130573067	0.57520551724138	0.999999999908577	0.696346351895933	0.894613759000777	0.514586770024343	68.6569873897563	64.9307458151295	3.72624157462684	OU	Callitrichidae	PLA	Lemuridae	STR	order
Macaca_nigra	Eulemur_collaris	3.51666666666667	5.25342970521542	121.4130573124	0.574928454140276	0.999999999955524	0.696113378411819	0.894445911247091	0.514242405088252	68.6569873897563	64.9307458151295	3.72624157462684	OU	Cercopithecidae	OWM	Lemuridae	STR	order
Pongo_pygmaeus	Eulemur_sanfordi	4.06930776014109	5.80333333333333	121.4130573152	0.574022258711914	0.999999999978585	0.69535055864788	0.893895446811902	0.513115883442252	68.6569873897563	64.9307458151295	3.72624157462684	OU	Hominidae	APE	Lemuridae	STR	order
Pongo_pygmaeus	Propithecus_tattersalli	4.06930776014109	5.8	121.413057315	0.572918810436054	0.999999999976938	0.694419980058649	0.893222091195176	0.511743737954546	68.6569873897563	64.9307458151295	3.72624157462684	OU	Hominidae	APE	Indriidae	STR	order
Leontopithecus_rosalia	Eulemur_coronatus	3.38333333333333	5.11346153846154	121.4130573068	0.572732095490719	0.9999999999094	0.694262330192588	0.893107818141182	0.511511512229486	68.6569873897563	64.9307458151295	3.72624157462684	OU	Callitrichidae	PLA	Lemuridae	STR	order
Macaca_fascicularis	Mirza_zaza	4.344	6.07083333333333	121.4130573126	0.571641379310344	0.999999999957171	0.693340323244755	0.892438341650573	0.510154684592419	68.6569873897563	64.9307458151295	3.72624157462684	OU	Cercopithecidae	OWM	Cheirogaleidae	STR	order
Eulemur_albifrons	Galago_moholi	6.02666666666667	4.53333333333333	99.3606340182	0.49434482758621	0.818368602300513	0.671538911550696	0.841439386134338	0.508280995988261	68.6569873897563	64.9307458151295	3.72624157462684	OU	Lemuridae	STR	Galagidae	STR	superfamily
Callithrix_jacchus	Eulemur_albifrons	4.31011235955056	6.02666666666667	121.4130573055	0.568238667183265	0.999999999898693	0.690452107815991	0.890328416763676	0.505919032948431	68.6569873897563	64.9307458151295	3.72624157462684	OU	Callitrichidae	PLA	Lemuridae	STR	order
Hapalemur_griseus	Varecia_variegata	4.2280701754386	5.19703703703704	52.6432531428	0.320761443839484	0.433588069568216	0.616313107024207	0.683414523060372	0.505579015068423	68.6569873897563	64.9307458151295	3.72624157462684	OU	Lemuridae	STR	Lemuridae	STR	family
Macaca_nemestrina	Eulemur_flavifrons	3.65934044312169	5.36954545454545	121.4130573136	0.566136831367866	0.999999999965407	0.688659123506856	0.889008869951133	0.503300664709472	68.6569873897563	64.9307458151295	3.72624157462684	OU	Cercopithecidae	OWM	Lemuridae	STR	order
Macaca_arctoides	Eulemur_collaris	3.54659090909091	5.25342970521542	121.4130573125	0.565022498027425	0.999999999956347	0.687705761648673	0.888304217145204	0.501911867801589	68.6569873897563	64.9307458151295	3.72624157462684	OU	Cercopithecidae	OWM	Lemuridae	STR	order
Macaca_nemestrina	Daubentonia_madagascariensis	3.65934044312169	5.365625	121.4130573105	0.564839025725234	0.999999999939875	0.687548608686098	0.888187860085709	0.501683165581957	68.6569873897563	64.9307458151295	3.72624157462684	OU	Cercopithecidae	OWM	Daubentoniidae	STR	order
Leontopithecus_chrysomelas	Varecia_rubra	3.05	4.75324074074074	121.4130573087	0.563831417624521	0.999999999925049	0.686684614657526	0.88754713543343	0.500426959617521	68.6569873897563	64.9307458151295	3.72624157462684	OU	Callitrichidae	PLA	Lemuridae	STR	order
Saimiri_sciureus	Eulemur_flavifrons	3.67065217391304	5.36954545454545	121.4130573001	0.562392258416247	0.999999999854217	0.685447853745647	0.886626977274887	0.498632148195087	68.6569873897563	64.9307458151295	3.72624157462684	OU	Cebidae	PLA	Lemuridae	STR	order
Saimiri_sciureus	Daubentonia_madagascariensis	3.67065217391304	5.365625	121.413057297	0.561094452773615	0.999999999828684	0.684329818401495	0.8857921199526	0.497013044901131	68.6569873897563	64.9307458151295	3.72624157462684	OU	Cebidae	PLA	Daubentoniidae	STR	order
Macaca_fascicularis	Eulemur_albifrons	4.344	6.02666666666667	121.4130573138	0.557020689655174	0.999999999967055	0.680803414638947	0.883140069306294	0.491927290483317	68.6569873897563	64.9307458151295	3.72624157462684	OU	Cercopithecidae	OWM	Lemuridae	STR	order
Macaca_nigra	Varecia_variegata	3.51666666666667	5.19703703703704	121.413057315	0.556260536398468	0.999999999976938	0.68014255381009	0.882639891562811	0.490977739538737	68.6569873897563	64.9307458151295	3.72624157462684	OU	Cercopithecidae	OWM	Lemuridae	STR	order
Macaca_nemestrina	Eulemur_macaco	3.65934044312169	5.33964285714286	121.4130573136	0.556238040503561	0.999999999965407	0.680122982743923	0.88262506379416	0.490949636001177	68.6569873897563	64.9307458151295	3.72624157462684	OU	Cercopithecidae	OWM	Lemuridae	STR	order
Eulemur_rubriventer	Lemur_catta	5.30783333333333	4.41653985507246	47.79972854	0.295048875562219	0.393695123044992	0.599602194191524	0.65312801666675	0.489476947098692	68.6569873897563	64.9307458151295	3.72624157462684	OU	Lemuridae	STR	Lemuridae	STR	family
Saimiri_sciureus	Eulemur_macaco	3.67065217391304	5.33964285714286	121.4130573001	0.552493467551941	0.999999999854217	0.676854349377249	0.880136334718734	0.486269575558099	68.6569873897563	64.9307458151295	3.72624157462684	OU	Cebidae	PLA	Lemuridae	STR	order
Eulemur_coronatus	Hapalemur_griseus	5.11346153846154	4.2280701754386	47.7997285409	0.29309507189725	0.393695123052405	0.596475104058309	0.649925511799504	0.48385147149353	68.6569873897563	64.9307458151295	3.72624157462684	OU	Lemuridae	STR	Lemuridae	STR	family
Pan_troglodytes	Eulemur_flavifrons	3.70669083179489	5.36954545454545	121.4130573111	0.550462219945014	0.999999999944817	0.67507219836207	0.878769135037127	0.48372920891839	68.6569873897563	64.9307458151295	3.72624157462684	OU	Hominidae	APE	Lemuridae	STR	order
Aotus_trivirgatus	Mirza_zaza	4.40882352941177	6.07083333333333	121.4130573081	0.550182555780931	0.999999999920107	0.674826330079318	0.878579946020519	0.48337936019806	68.6569873897563	64.9307458151295	3.72624157462684	OU	Aotidae	PLA	Cheirogaleidae	STR	order
Pan_troglodytes	Daubentonia_madagascariensis	3.70669083179489	5.365625	121.413057308	0.549164414302382	0.999999999919284	0.673930203203203	0.877889235961288	0.48210552812796	68.6569873897563	64.9307458151295	3.72624157462684	OU	Hominidae	APE	Daubentoniidae	STR	order
Macaca_arctoides	Varecia_variegata	3.54659090909091	5.19703703703704	121.4130573151	0.546354580285616	0.999999999977762	0.671448781085971	0.875967098863359	0.478588636654142	68.6569873897563	64.9307458151295	3.72624157462684	OU	Cercopithecidae	OWM	Lemuridae	STR	order
Leontopithecus_chrysomelas	Nycticebus_pygmaeus	3.05	4.7	121.4130573077	0.546206896551725	0.999999999916813	0.67131802073645	0.875865422759119	0.47840373440202	68.6569873897563	64.9307458151295	3.72624157462684	OU	Callitrichidae	PLA	Lorisidae	STR	order
Macaca_nemestrina	Eulemur_rubriventer	3.65934044312169	5.30783333333333	121.4130573145	0.545707991242475	0.99999999997282	0.67087603647162	0.875521459478349	0.477779056954595	68.6569873897563	64.9307458151295	3.72624157462684	OU	Cercopithecidae	OWM	Lemuridae	STR	order
Saimiri_sciureus	Eulemur_rubriventer	3.67065217391304	5.30783333333333	121.413057301	0.541963418290855	0.999999999861629	0.667546401598903	0.872916037612675	0.473088559690936	68.6569873897563	64.9307458151295	3.72624157462684	OU	Cebidae	PLA	Lemuridae	STR	order
Macaca_nigra	Eulemur_fulvus	3.51666666666667	5.15	121.4130573124	0.540689655172413	0.999999999955524	0.66640884278785	0.872020161869516	0.471492280645591	68.6569873897563	64.9307458151295	3.72624157462684	OU	Cercopithecidae	OWM	Lemuridae	STR	order
Pan_troglodytes	Eulemur_macaco	3.70669083179489	5.33964285714286	121.4130573111	0.540563429080708	0.999999999944817	0.666295977538976	0.871931116513339	0.471334074290631	68.6569873897563	64.9307458151295	3.72624157462684	OU	Hominidae	APE	Lemuridae	STR	order
Aotus_trivirgatus	Eulemur_albifrons	4.40882352941177	6.02666666666667	121.4130573093	0.535561866125761	0.999999999929991	0.661804002976475	0.868363880012212	0.465062580088105	68.6569873897563	64.9307458151295	3.72624157462684	OU	Aotidae	PLA	Lemuridae	STR	order
Eulemur_rubriventer	Eulemur_mongoz	5.30783333333333	4.7876	22.837425719	0.172215172413792	0.188096949566329	0.522354933049756	0.504225674021769	0.461651885303427	68.6569873897563	64.9307458151295	3.72624157462684	OU	Lemuridae	STR	Lemuridae	STR	family
Macaca_arctoides	Eulemur_fulvus	3.54659090909091	5.15	121.4130573125	0.530783699059562	0.999999999956347	0.657476569389516	0.864884504251181	0.459066596445777	68.6569873897563	64.9307458151295	3.72624157462684	OU	Cercopithecidae	OWM	Lemuridae	STR	order
Pan_troglodytes	Eulemur_rubriventer	3.70669083179489	5.30783333333333	121.413057312	0.530033379819622	0.999999999952229	0.65679382696134	0.864331738016213	0.458124672407987	68.6569873897563	64.9307458151295	3.72624157462684	OU	Hominidae	APE	Lemuridae	STR	order
Macaca_nigra	Eulemur_coronatus	3.51666666666667	5.11346153846154	121.4130573131	0.528594164456233	0.999999999961289	0.655481801609697	0.86326657036731	0.456317671483971	68.6569873897563	64.9307458151295	3.72624157462684	OU	Cercopithecidae	OWM	Lemuridae	STR	order
Leontopithecus_chrysomelas	Gorilla_gorilla	3.05	4.23293154761905	78.0653383517	0.391591133004927	0.642973170071512	0.617510326443744	0.747800726905307	0.455434452853124	68.6569873897563	64.9307458151295	3.72624157462684	OU	Callitrichidae	PLA	Hominidae	APE	order
Macaca_nemestrina	Eulemur_collaris	3.65934044312169	5.25342970521542	121.4130573129	0.52769851434827	0.999999999959642	0.654663690841876	0.862600446787375	0.455192974264222	68.6569873897563	64.9307458151295	3.72624157462684	OU	Cercopithecidae	OWM	Lemuridae	STR	order
Saimiri_sciureus	Eulemur_collaris	3.67065217391304	5.25342970521542	121.4130572994	0.523953941396651	0.999999999848451	0.651229898439297	0.859788357300572	0.450489498642858	68.6569873897563	64.9307458151295	3.72624157462684	OU	Cebidae	PLA	Lemuridae	STR	order
Mirza_zaza	Nycticebus_pygmaeus	6.07083333333333	4.7	99.360634016	0.453793103448275	0.818368602282393	0.630310891840558	0.804428125214259	0.44606297751889	68.6569873897563	64.9307458151295	3.72624157462684	OU	Cheirogaleidae	STR	Lorisidae	STR	superfamily
Gorilla_gorilla	Eulemur_sanfordi	4.23293154761905	5.80333333333333	121.4130573112	0.519857142857142	0.99999999994564	0.647448356620669	0.856661263003381	0.445341476605537	68.6569873897563	64.9307458151295	3.72624157462684	OU	Hominidae	APE	Lemuridae	STR	order
Gorilla_gorilla	Propithecus_tattersalli	4.23293154761905	5.8	121.413057311	0.518753694581281	0.999999999943993	0.646425401929702	0.855809919755257	0.443954557757214	68.6569873897563	64.9307458151295	3.72624157462684	OU	Hominidae	APE	Indriidae	STR	order
Macaca_arctoides	Eulemur_coronatus	3.54659090909091	5.11346153846154	121.4130573132	0.518688208343382	0.999999999962113	0.646364633809269	0.855759273584407	0.443872244405547	68.6569873897563	64.9307458151295	3.72624157462684	OU	Cercopithecidae	OWM	Lemuridae	STR	order
Eulemur_flavifrons	Propithecus_coquereli	5.36954545454545	4.26850340136054	71.9834962261	0.364482886571557	0.592881011452355	0.602728828715745	0.71871872096738	0.441843589170606	68.6569873897563	64.9307458151295	3.72624157462684	OU	Lemuridae	STR	Indriidae	STR	superfamily
Eulemur_collaris	Lemur_catta	5.25342970521542	4.41653985507246	47.7997285384	0.277039398668015	0.393695123031814	0.570228455269383	0.622902120446404	0.438330115823045	68.6569873897563	64.9307458151295	3.72624157462684	OU	Lemuridae	STR	Lemuridae	STR	family
Pan_troglodytes	Eulemur_collaris	3.70669083179489	5.25342970521542	121.4130573104	0.512023902925418	0.999999999939051	0.640145977767401	0.850533549744085	0.435493507735519	68.6569873897563	64.9307458151295	3.72624157462684	OU	Hominidae	APE	Lemuridae	STR	order
Macaca_nemestrina	Varecia_variegata	3.65934044312169	5.19703703703704	121.4130573155	0.509030596606462	0.999999999981056	0.637330622830131	0.848139892249747	0.431729155365807	68.6569873897563	64.9307458151295	3.72624157462684	OU	Cercopithecidae	OWM	Lemuridae	STR	order
Saimiri_sciureus	Varecia_variegata	3.67065217391304	5.19703703703704	121.413057302	0.505286023654842	0.999999999869866	0.633789303557716	0.845104505870163	0.427019495399495	68.6569873897563	64.9307458151295	3.72624157462684	OU	Cebidae	PLA	Lemuridae	STR	order
Eulemur_albifrons	Nycticebus_pygmaeus	6.02666666666667	4.7	99.3606340172	0.439172413793105	0.818368602292276	0.614689836322394	0.78963811013097	0.423754374102186	68.6569873897563	64.9307458151295	3.72624157462684	OU	Lemuridae	STR	Lorisidae	STR	superfamily
Eulemur_macaco	Propithecus_coquereli	5.33964285714286	4.26850340136054	71.9834962261	0.354584095707251	0.592881011452355	0.589784857973583	0.705446050619288	0.421905821062366	68.6569873897563	64.9307458151295	3.72624157462684	OU	Lemuridae	STR	Indriidae	STR	superfamily
Eulemur_rubriventer	Eulemur_sanfordi	5.30783333333333	5.80333333333333	22.8374257192	0.164027586206897	0.188096949567976	0.501172254345581	0.483512715503525	0.421641200490195	68.6569873897563	64.9307458151295	3.72624157462684	OU	Lemuridae	STR	Lemuridae	STR	family
Lemur_catta	Cheirogaleus_medius	4.41653985507246	5.48	71.983496226	0.352041979010497	0.592881011451531	0.586420693280754	0.701970818245963	0.416817525422011	68.6569873897563	64.9307458151295	3.72624157462684	OU	Lemuridae	STR	Cheirogaleidae	STR	superfamily
Aotus_trivirgatus	Saimiri_sciureus	4.40882352941177	3.67065217391304	41.3912937991	0.244360172854752	0.340913034507959	0.545792423990211	0.580028881170187	0.415753999749711	68.6569873897563	64.9307458151295	3.72624157462684	OU	Aotidae	PLA	Cebidae	PLA	superfamily
Callithrix_jacchus	Eulemur_sanfordi	4.31011235955056	5.80333333333333	121.4130573055	0.494307632700503	0.999999999898693	0.623283052147948	0.835939733964119	0.413211391017954	68.6569873897563	64.9307458151295	3.72624157462684	OU	Callitrichidae	PLA	Lemuridae	STR	order
Macaca_nemestrina	Eulemur_fulvus	3.65934044312169	5.15	121.4130573129	0.493459715380407	0.999999999959642	0.622463938225531	0.835215245882968	0.41214507753142	68.6569873897563	64.9307458151295	3.72624157462684	OU	Cercopithecidae	OWM	Lemuridae	STR	order
Pan_troglodytes	Varecia_variegata	3.70669083179489	5.19703703703704	121.413057313	0.493355985183609	0.999999999960466	0.622363656400127	0.835126450316744	0.412014632665196	68.6569873897563	64.9307458151295	3.72624157462684	OU	Hominidae	APE	Lemuridae	STR	order
Callithrix_jacchus	Propithecus_tattersalli	4.31011235955056	5.8	121.4130573053	0.493204184424643	0.999999999897046	0.622216872484536	0.834996440255463	0.411823738356075	68.6569873897563	64.9307458151295	3.72624157462684	OU	Callitrichidae	PLA	Indriidae	STR	order
Leontopithecus_chrysomelas	Galago_moholi	3.05	4.53333333333333	121.4130573087	0.49103448275862	0.999999999925049	0.620115036509837	0.833129750992992	0.409095436380324	68.6569873897563	64.9307458151295	3.72624157462684	OU	Callitrichidae	PLA	Galagidae	STR	order
Saimiri_sciureus	Eulemur_fulvus	3.67065217391304	5.15	121.4130572994	0.489715142428787	0.999999999848451	0.618833455975861	0.831986930471135	0.407436598216308	68.6569873897563	64.9307458151295	3.72624157462684	OU	Cebidae	PLA	Lemuridae	STR	order
Varecia_rubra	Propithecus_tattersalli	4.75324074074074	5.8	71.983496228	0.346513409961687	0.592881011468004	0.579048198349572	0.694318707931018	0.405799373620778	68.6569873897563	64.9307458151295	3.72624157462684	OU	Lemuridae	STR	Indriidae	STR	superfamily
Eulemur_rubriventer	Propithecus_coquereli	5.30783333333333	4.26850340136054	71.983496227	0.344054046446165	0.592881011459768	0.57574393646395	0.690873187673219	0.400919765021454	68.6569873897563	64.9307458151295	3.72624157462684	OU	Lemuridae	STR	Indriidae	STR	superfamily
Macaca_fascicularis	Eulemur_sanfordi	4.344	5.80333333333333	121.4130573138	0.483089655172413	0.999999999967055	0.612357546200576	0.826158902234083	0.399108819211031	68.6569873897563	64.9307458151295	3.72624157462684	OU	Cercopithecidae	OWM	Lemuridae	STR	order
Macaca_fascicularis	Propithecus_tattersalli	4.344	5.8	121.4130573136	0.481986206896552	0.999999999965407	0.611272531097077	0.825173770688611	0.397722375778487	68.6569873897563	64.9307458151295	3.72624157462684	OU	Cercopithecidae	OWM	Indriidae	STR	order
Macaca_nemestrina	Eulemur_coronatus	3.65934044312169	5.11346153846154	121.4130573136	0.481364224664227	0.999999999965407	0.610660125082618	0.824616646988047	0.396940952936347	68.6569873897563	64.9307458151295	3.72624157462684	OU	Cercopithecidae	OWM	Lemuridae	STR	order
Mirza_zaza	Loris_tardigradus	6.07083333333333	4.8	99.3606340157	0.420689655172413	0.818368602279922	0.594374914988777	0.769804718844361	0.395724959166944	68.6569873897563	64.9307458151295	3.72624157462684	OU	Cheirogaleidae	STR	Lorisidae	STR	superfamily
Eulemur_sanfordi	Galago_moholi	5.80333333333333	4.53333333333333	99.3606340182	0.420413793103449	0.818368602300513	0.594066939684846	0.769498954154091	0.395308389392807	68.6569873897563	64.9307458151295	3.72624157462684	OU	Lemuridae	STR	Galagidae	STR	superfamily
Propithecus_tattersalli	Galago_moholi	5.8	4.53333333333333	99.360634018	0.419310344827588	0.818368602298865	0.592833642709989	0.768273008574855	0.393642692598811	68.6569873897563	64.9307458151295	3.72624157462684	OU	Indriidae	STR	Galagidae	STR	superfamily
Pan_troglodytes	Eulemur_fulvus	3.70669083179489	5.15	121.4130573104	0.477785103957555	0.999999999939051	0.60712471514746	0.82138498286544	0.392445509451458	68.6569873897563	64.9307458151295	3.72624157462684	OU	Hominidae	APE	Lemuridae	STR	order
Saimiri_sciureus	Eulemur_coronatus	3.67065217391304	5.11346153846154	121.4130573001	0.477619651712608	0.999999999854217	0.606960814428288	0.821234528298432	0.392237749437447	68.6569873897563	64.9307458151295	3.72624157462684	OU	Cebidae	PLA	Lemuridae	STR	order
Eulemur_mongoz	Eulemur_fulvus	4.7876	5.15	15.6477288174	0.119966896551724	0.128880115228809	0.449887584409285	0.415047929902947	0.386343634022016	68.6569873897563	64.9307458151295	3.72624157462684	OU	Lemuridae	STR	Lemuridae	STR	family
Eulemur_albifrons	Varecia_variegata	6.02666666666667	5.19703703703704	52.6432531402	0.274636015325671	0.433588069546801	0.544245507095266	0.608822498186792	0.38563004078366	68.6569873897563	64.9307458151295	3.72624157462684	OU	Lemuridae	STR	Lemuridae	STR	family
Macaca_mulatta	Cheirogaleus_medius	4.05630471178309	5.48	121.4130573127	0.471292233340771	0.999999999957994	0.600661682428002	0.815409698284333	0.38429625780829	68.6569873897563	64.9307458151295	3.72624157462684	OU	Cercopithecidae	OWM	Cheirogaleidae	STR	order
Eulemur_mongoz	Propithecus_tattersalli	4.7876	5.8	71.983496226	0.335139310344828	0.592881011451531	0.563640197117556	0.678169452035283	0.383350517324866	68.6569873897563	64.9307458151295	3.72624157462684	OU	Lemuridae	STR	Indriidae	STR	superfamily
Leontopithecus_rosalia	Loris_tardigradus	3.38333333333333	4.8	121.4130573074	0.468965517241381	0.999999999914342	0.598330177033473	0.813232840984838	0.3813781599428	68.6569873897563	64.9307458151295	3.72624157462684	OU	Callitrichidae	PLA	Lorisidae	STR	order
Pongo_pygmaeus	Cheirogaleus_medius	4.06930776014109	5.48	121.413057314	0.466987775953295	0.999999999968702	0.596341956299198	0.81136761958076	0.378898760160397	68.6569873897563	64.9307458151295	3.72624157462684	OU	Hominidae	APE	Cheirogaleidae	STR	order
Pan_troglodytes	Eulemur_coronatus	3.70669083179489	5.11346153846154	121.4130573111	0.465689613241375	0.999999999944817	0.595033717551987	0.810135867240375	0.377271858708955	68.6569873897563	64.9307458151295	3.72624157462684	OU	Hominidae	APE	Lemuridae	STR	order
Leontopithecus_rosalia	Eulemur_mongoz	3.38333333333333	4.7876	121.4130573067	0.464860689655174	0.999999999908577	0.59419703553314	0.809346255240238	0.376233258415206	68.6569873897563	64.9307458151295	3.72624157462684	OU	Callitrichidae	PLA	Lemuridae	STR	order
Eulemur_albifrons	Loris_tardigradus	6.02666666666667	4.8	99.3606340169	0.406068965517243	0.818368602289805	0.577860539119313	0.753199644382557	0.373732569366182	68.6569873897563	64.9307458151295	3.72624157462684	OU	Lemuridae	STR	Lorisidae	STR	superfamily
Aotus_trivirgatus	Eulemur_sanfordi	4.40882352941177	5.80333333333333	121.4130573093	0.461630831643	0.999999999929991	0.590927111015757	0.806246507252098	0.372188245678106	68.6569873897563	64.9307458151295	3.72624157462684	OU	Aotidae	PLA	Lemuridae	STR	order
Aotus_trivirgatus	Propithecus_tattersalli	4.40882352941177	5.8	121.4130573091	0.460527383367139	0.999999999928344	0.589806390903344	0.805179074738233	0.370807012457743	68.6569873897563	64.9307458151295	3.72624157462684	OU	Aotidae	PLA	Indriidae	STR	order
Eulemur_collaris	Propithecus_coquereli	5.25342970521542	4.26850340136054	71.9834962254	0.326044569551961	0.59288101144659	0.551089451950453	0.66486294700797	0.365629779303178	68.6569873897563	64.9307458151295	3.72624157462684	OU	Lemuridae	STR	Indriidae	STR	superfamily
Leontopithecus_rosalia	Varecia_rubra	3.38333333333333	4.75324074074074	121.4130573087	0.453486590038315	0.999999999925049	0.58261253049512	0.798266366260306	0.362003092404796	68.6569873897563	64.9307458151295	3.72624157462684	OU	Callitrichidae	PLA	Lemuridae	STR	order
Leontopithecus_chrysomelas	Lemur_catta	3.05	4.41653985507246	121.4130573077	0.452371814092953	0.999999999916813	0.581466738949932	0.797155670519432	0.360610756817358	68.6569873897563	64.9307458151295	3.72624157462684	OU	Callitrichidae	PLA	Lemuridae	STR	order
Daubentonia_madagascariensis	Hapalemur_griseus	5.365625	4.2280701754386	92.4969438858	0.376569872958257	0.76183687264944	0.559604876358714	0.720200123349279	0.355989160791059	68.6569873897563	64.9307458151295	3.72624157462684	OU	Daubentoniidae	STR	Lemuridae	STR	superfamily
Leontopithecus_chrysomelas	Pongo_pygmaeus	3.05	4.06930776014109	78.0653383557	0.337426017150154	0.642973170104457	0.548261771082886	0.676182556646493	0.354853977683964	68.6569873897563	64.9307458151295	3.72624157462684	OU	Callitrichidae	PLA	Hominidae	APE	order
Eulemur_coronatus	Mirza_zaza	5.11346153846154	6.07083333333333	71.9834962251	0.316923076923075	0.592881011444119	0.538298548105455	0.651166474488741	0.348079426901285	68.6569873897563	64.9307458151295	3.72624157462684	OU	Lemuridae	STR	Cheirogaleidae	STR	superfamily
Leontopithecus_chrysomelas	Macaca_mulatta	3.05	4.05630471178309	78.0653383544	0.333121559762678	0.64297317009375	0.542470239365397	0.669971825645253	0.34710944396553	68.6569873897563	64.9307458151295	3.72624157462684	OU	Callitrichidae	PLA	Cercopithecidae	OWM	order
Eulemur_fulvus	Lemur_catta	5.15	4.41653985507246	47.7997285384	0.242800599700152	0.393695123031814	0.511062391684158	0.561126056786816	0.346059006385534	68.6569873897563	64.9307458151295	3.72624157462684	OU	Lemuridae	STR	Lemuridae	STR	family
Lemur_catta	Varecia_variegata	4.41653985507246	5.19703703703704	52.643253141	0.258371480926206	0.43358806955339	0.517124166495233	0.580161736175231	0.34571349508466	68.6569873897563	64.9307458151295	3.72624157462684	OU	Lemuridae	STR	Lemuridae	STR	family
Leontopithecus_rosalia	Nycticebus_pygmaeus	3.38333333333333	4.7	121.4130573077	0.435862068965519	0.999999999916813	0.564282035534626	0.780182090336227	0.340051780092079	68.6569873897563	64.9307458151295	3.72624157462684	OU	Callitrichidae	PLA	Lorisidae	STR	order
Macaca_mulatta	Eulemur_flavifrons	4.05630471178309	5.36954545454545	121.4130573138	0.434727970017885	0.999999999967054	0.563086821032354	0.778979789928617	0.338644302771783	68.6569873897563	64.9307458151295	3.72624157462684	OU	Cercopithecidae	OWM	Lemuridae	STR	order
Macaca_mulatta	Daubentonia_madagascariensis	4.05630471178309	5.365625	121.4130573107	0.433430164375254	0.999999999941522	0.561716764019971	0.777598162590674	0.33703449944928	68.6569873897563	64.9307458151295	3.72624157462684	OU	Cercopithecidae	OWM	Daubentoniidae	STR	order
Daubentonia_madagascariensis	Propithecus_coquereli	5.365625	4.26850340136054	92.496943883	0.363185080928925	0.761836872626379	0.543185864525172	0.702752497659657	0.335018206529755	68.6569873897563	64.9307458151295	3.72624157462684	OU	Daubentoniidae	STR	Indriidae	STR	superfamily
Pongo_pygmaeus	Eulemur_flavifrons	4.06930776014109	5.36954545454545	121.4130573151	0.430423512630409	0.999999999977762	0.55853325384455	0.774373588467465	0.333308600043794	68.6569873897563	64.9307458151295	3.72624157462684	OU	Hominidae	APE	Lemuridae	STR	order
Pongo_pygmaeus	Daubentonia_madagascariensis	4.06930776014109	5.365625	121.413057312	0.429125706987778	0.999999999952229	0.557155026665209	0.772971453179147	0.331701921342717	68.6569873897563	64.9307458151295	3.72624157462684	OU	Hominidae	APE	Daubentoniidae	STR	order
Varecia_variegata	Propithecus_coquereli	5.19703703703704	4.26850340136054	71.983496228	0.307376651810152	0.592881011468004	0.524696548688692	0.636456722274913	0.32996829470138	68.6569873897563	64.9307458151295	3.72624157462684	OU	Lemuridae	STR	Indriidae	STR	superfamily
Macaca_mulatta	Eulemur_macaco	4.05630471178309	5.33964285714286	121.4130573138	0.42482917915358	0.999999999967054	0.5525747410843	0.76828522920035	0.326389983287758	68.6569873897563	64.9307458151295	3.72624157462684	OU	Cercopithecidae	OWM	Lemuridae	STR	order
Macaca_nigra	Loris_tardigradus	3.51666666666667	4.8	121.4130573137	0.424827586206896	0.999999999966231	0.552573037954412	0.76828347912919	0.326388015972112	68.6569873897563	64.9307458151295	3.72624157462684	OU	Cercopithecidae	OWM	Lorisidae	STR	order
Eulemur_fulvus	Mirza_zaza	5.15	6.07083333333333	71.9834962244	0.304827586206895	0.592881011438353	0.521027729295738	0.632464244478733	0.325179159539783	68.6569873897563	64.9307458151295	3.72624157462684	OU	Lemuridae	STR	Cheirogaleidae	STR	superfamily
Macaca_nigra	Eulemur_mongoz	3.51666666666667	4.7876	121.413057313	0.420722758620689	0.999999999960465	0.5481720559057	0.763742544130318	0.321323870055194	68.6569873897563	64.9307458151295	3.72624157462684	OU	Cercopithecidae	OWM	Lemuridae	STR	order
Pongo_pygmaeus	Eulemur_macaco	4.06930776014109	5.33964285714286	121.4130573151	0.420524721766104	0.999999999977762	0.547959113983669	0.763521886997707	0.321079829099182	68.6569873897563	64.9307458151295	3.72624157462684	OU	Hominidae	APE	Lemuridae	STR	order
Leontopithecus_rosalia	Macaca_fascicularis	3.38333333333333	4.344	78.0653383543	0.31801379310345	0.642973170092926	0.521816732081007	0.647567598722219	0.320286192238445	68.6569873897563	64.9307458151295	3.72624157462684	OU	Callitrichidae	PLA	Cercopithecidae	OWM	order
Callithrix_jacchus	Saimiri_sciureus	4.31011235955056	3.67065217391304	41.3912937953	0.211683371797248	0.340913034476661	0.483233196639706	0.515214734527658	0.319912649781377	68.6569873897563	64.9307458151295	3.72624157462684	OU	Callitrichidae	PLA	Cebidae	PLA	superfamily
Eulemur_coronatus	Lemur_catta	5.11346153846154	4.41653985507246	47.7997285391	0.230705108983972	0.39369512303758	0.489157574018382	0.537985249576405	0.315259037698179	68.6569873897563	64.9307458151295	3.72624157462684	OU	Lemuridae	STR	Lemuridae	STR	family
Eulemur_mongoz	Eulemur_coronatus	4.7876	5.11346153846154	15.6477288181	0.107871405835544	0.128880115234574	0.408967465565779	0.376643774271894	0.315247184222065	68.6569873897563	64.9307458151295	3.72624157462684	OU	Lemuridae	STR	Lemuridae	STR	family
Macaca_arctoides	Loris_tardigradus	3.54659090909091	4.8	121.4130573138	0.414921630094044	0.999999999967055	0.541910850658867	0.75721832453123	0.31418626156193	68.6569873897563	64.9307458151295	3.72624157462684	OU	Cercopithecidae	OWM	Lorisidae	STR	order
Eulemur_sanfordi	Nycticebus_pygmaeus	5.80333333333333	4.7	99.3606340172	0.365241379310344	0.818368602292276	0.52970999414099	0.702454322773909	0.313508344569682	68.6569873897563	64.9307458151295	3.72624157462684	OU	Lemuridae	STR	Lorisidae	STR	superfamily
Macaca_mulatta	Eulemur_rubriventer	4.05630471178309	5.30783333333333	121.4130573147	0.414299129892494	0.999999999974467	0.541236101373866	0.756510778395572	0.313421757251581	68.6569873897563	64.9307458151295	3.72624157462684	OU	Cercopithecidae	OWM	Lemuridae	STR	order
Propithecus_tattersalli	Nycticebus_pygmaeus	5.8	4.7	99.360634017	0.364137931034483	0.818368602290629	0.52836785462169	0.700992378547224	0.311910688754011	68.6569873897563	64.9307458151295	3.72624157462684	OU	Indriidae	STR	Lorisidae	STR	superfamily
Gorilla_gorilla	Cheirogaleus_medius	4.23293154761905	5.48	121.41305731	0.412822660098522	0.999999999935757	0.539633479684662	0.754826803376033	0.311609608903377	68.6569873897563	64.9307458151295	3.72624157462684	OU	Hominidae	APE	Cheirogaleidae	STR	order
Macaca_arctoides	Eulemur_mongoz	3.54659090909091	4.7876	121.4130573131	0.410816802507837	0.999999999961289	0.53745122981372	0.752525974081534	0.309150314488239	68.6569873897563	64.9307458151295	3.72624157462684	OU	Cercopithecidae	OWM	Lemuridae	STR	order
Pongo_pygmaeus	Eulemur_rubriventer	4.06930776014109	5.30783333333333	121.413057316	0.409994672505018	0.999999999985175	0.536555138384546	0.751578591528883	0.308143218500235	68.6569873897563	64.9307458151295	3.72624157462684	OU	Hominidae	APE	Lemuridae	STR	order
Macaca_nigra	Varecia_rubra	3.51666666666667	4.75324074074074	121.413057315	0.40934865900383	0.999999999976938	0.535850329345193	0.750832379171382	0.307352227557549	68.6569873897563	64.9307458151295	3.72624157462684	OU	Cercopithecidae	OWM	Lemuridae	STR	order
Leontopithecus_chrysomelas	Saimiri_sciureus	3.05	3.67065217391304	41.3912937967	0.205457271364317	0.340913034488192	0.470826518589382	0.502278141258273	0.302706807687167	68.6569873897563	64.9307458151295	3.72624157462684	OU	Callitrichidae	PLA	Cebidae	PLA	superfamily
Eulemur_fulvus	Propithecus_coquereli	5.15	4.26850340136054	71.9834962254	0.291805770584098	0.59288101144659	0.502046680681147	0.611645408280931	0.301041281879072	68.6569873897563	64.9307458151295	3.72624157462684	OU	Lemuridae	STR	Indriidae	STR	superfamily
Leontopithecus_chrysomelas	Propithecus_coquereli	3.05	4.26850340136054	121.4130573067	0.403366643209007	0.999999999908577	0.529295605162292	0.74384806394779	0.30004349663957	68.6569873897563	64.9307458151295	3.72624157462684	OU	Callitrichidae	PLA	Indriidae	STR	order
Varecia_variegata	Mirza_zaza	5.19703703703704	6.07083333333333	71.983496227	0.289256704980841	0.592881011459768	0.498284777840672	0.607487539631145	0.296382985176018	68.6569873897563	64.9307458151295	3.72624157462684	OU	Lemuridae	STR	Cheirogaleidae	STR	superfamily
Macaca_arctoides	Varecia_rubra	3.54659090909091	4.75324074074074	121.4130573151	0.399442702890979	0.999999999977762	0.524968393983498	0.739193460353778	0.295265433769615	68.6569873897563	64.9307458151295	3.72624157462684	OU	Cercopithecidae	OWM	Lemuridae	STR	order
Macaca_mulatta	Eulemur_collaris	4.05630471178309	5.25342970521542	121.4130573131	0.396289652998289	0.999999999961289	0.521475538035817	0.735411143036652	0.291435826696352	68.6569873897563	64.9307458151295	3.72624157462684	OU	Cercopithecidae	OWM	Lemuridae	STR	order
Pongo_pygmaeus	Eulemur_collaris	4.06930776014109	5.25342970521542	121.4130573144	0.391985195610813	0.999999999971996	0.516684619771279	0.730186845504474	0.286222433475529	68.6569873897563	64.9307458151295	3.72624157462684	OU	Hominidae	APE	Lemuridae	STR	order
Macaca_nigra	Nycticebus_pygmaeus	3.51666666666667	4.7	121.413057314	0.391724137931034	0.999999999968702	0.516393223949814	0.729867740929935	0.285906811628398	68.6569873897563	64.9307458151295	3.72624157462684	OU	Cercopithecidae	OWM	Lorisidae	STR	order
Leontopithecus_chrysomelas	Hapalemur_griseus	3.05	4.2280701754386	121.4130573095	0.389981851179675	0.999999999931638	0.514446022726492	0.727731424949016	0.283802048282641	68.6569873897563	64.9307458151295	3.72624157462684	OU	Callitrichidae	PLA	Lemuridae	STR	order
Aotus_trivirgatus	Macaca_nigra	4.40882352941177	3.51666666666667	78.0653383561	0.295334685598378	0.642973170107751	0.48987887948569	0.612174316422129	0.281187952588493	68.6569873897563	64.9307458151295	3.72624157462684	OU	Aotidae	PLA	Cercopithecidae	OWM	order
Callithrix_jacchus	Cheirogaleus_medius	4.31011235955056	5.48	121.4130573043	0.387273149941884	0.999999999888809	0.511410336927705	0.724387224031144	0.280535722059391	68.6569873897563	64.9307458151295	3.72624157462684	OU	Callitrichidae	PLA	Cheirogaleidae	STR	order
Eulemur_coronatus	Propithecus_coquereli	5.11346153846154	4.26850340136054	71.9834962261	0.279710279867918	0.592881011452355	0.484063591596705	0.591677777159686	0.279142616214928	68.6569873897563	64.9307458151295	3.72624157462684	OU	Lemuridae	STR	Indriidae	STR	superfamily
Macaca_arctoides	Nycticebus_pygmaeus	3.54659090909091	4.7	121.4130573141	0.381818181818182	0.999999999969526	0.505265946116631	0.717567684041471	0.273980388460548	68.6569873897563	64.9307458151295	3.72624157462684	OU	Cercopithecidae	OWM	Lorisidae	STR	order
Leontopithecus_rosalia	Galago_moholi	3.38333333333333	4.53333333333333	121.4130573087	0.380689655172414	0.999999999925049	0.503989654785494	0.71614269332012	0.272628114994714	68.6569873897563	64.9307458151295	3.72624157462684	OU	Callitrichidae	PLA	Galagidae	STR	order
Macaca_mulatta	Varecia_variegata	4.05630471178309	5.19703703703704	121.4130573157	0.377621735256481	0.999999999982704	0.500511172990793	0.712244260089995	0.268958913426304	68.6569873897563	64.9307458151295	3.72624157462684	OU	Cercopithecidae	OWM	Lemuridae	STR	order
Macaca_nemestrina	Loris_tardigradus	3.65934044312169	4.8	121.4130573142	0.377597646414889	0.999999999970349	0.500483809321332	0.712213507961089	0.268930144358973	68.6569873897563	64.9307458151295	3.72624157462684	OU	Cercopithecidae	OWM	Lorisidae	STR	order
Gorilla_gorilla	Eulemur_flavifrons	4.23293154761905	5.36954545454545	121.4130573111	0.376258396775636	0.999999999944816	0.49896123985206	0.710500316193905	0.267331709894454	68.6569873897563	64.9307458151295	3.72624157462684	OU	Hominidae	APE	Lemuridae	STR	order
Macaca_fascicularis	Cheirogaleus_medius	4.344	5.48	121.4130573126	0.376055172413794	0.999999999957171	0.498729982932083	0.710239749030527	0.267089331288244	68.6569873897563	64.9307458151295	3.72624157462684	OU	Cercopithecidae	OWM	Cheirogaleidae	STR	order
Eulemur_sanfordi	Loris_tardigradus	5.80333333333333	4.8	99.3606340169	0.332137931034482	0.818368602289805	0.488541621756934	0.656512095633352	0.266447867785567	68.6569873897563	64.9307458151295	3.72624157462684	OU	Lemuridae	STR	Lorisidae	STR	superfamily
Gorilla_gorilla	Daubentonia_madagascariensis	4.23293154761905	5.365625	121.413057308	0.374960591133005	0.999999999919284	0.497483444558066	0.708833600068397	0.265784665718035	68.6569873897563	64.9307458151295	3.72624157462684	OU	Hominidae	APE	Daubentoniidae	STR	order
Propithecus_tattersalli	Loris_tardigradus	5.8	4.8	99.3606340167	0.331034482758621	0.818368602288158	0.487137657663138	0.654906468340595	0.264913174083464	68.6569873897563	64.9307458151295	3.72624157462684	OU	Indriidae	STR	Lorisidae	STR	superfamily
Aotus_trivirgatus	Macaca_arctoides	4.40882352941177	3.54659090909091	78.0653383562	0.285428729485526	0.642973170108575	0.475586594810147	0.596058111375721	0.264602190789369	68.6569873897563	64.9307458151295	3.72624157462684	OU	Aotidae	PLA	Cercopithecidae	OWM	order
Saimiri_sciureus	Loris_tardigradus	3.67065217391304	4.8	121.4130573007	0.37385307346327	0.999999999859158	0.496220507576516	0.707406169781138	0.264465970796806	68.6569873897563	64.9307458151295	3.72624157462684	OU	Cebidae	PLA	Lorisidae	STR	order
Macaca_nemestrina	Eulemur_mongoz	3.65934044312169	4.7876	121.4130573135	0.373492818828683	0.999999999964584	0.495809337121514	0.706940842424482	0.264037327991595	68.6569873897563	64.9307458151295	3.72624157462684	OU	Cercopithecidae	OWM	Lemuridae	STR	order
Pongo_pygmaeus	Varecia_variegata	4.06930776014109	5.19703703703704	121.413057317	0.373317277869005	0.999999999993411	0.495608922331556	0.706713922884073	0.263828517924946	68.6569873897563	64.9307458151295	3.72624157462684	OU	Hominidae	APE	Lemuridae	STR	order
Eulemur_collaris	Mirza_zaza	5.25342970521542	6.07083333333333	71.9834962244	0.270588787239032	0.592881011438353	0.470282632743727	0.576223018727812	0.262986138548283	68.6569873897563	64.9307458151295	3.72624157462684	OU	Lemuridae	STR	Cheirogaleidae	STR	superfamily
Daubentonia_madagascariensis	Lemur_catta	5.365625	4.41653985507246	92.496943884	0.314179910044979	0.761836872634615	0.480229995952045	0.632787776954335	0.260960336762837	68.6569873897563	64.9307458151295	3.72624157462684	OU	Daubentoniidae	STR	Lemuridae	STR	superfamily
Saimiri_sciureus	Eulemur_mongoz	3.67065217391304	4.7876	121.4130573	0.369748245877063	0.999999999853393	0.49152507163628	0.702074710748608	0.259590892812002	68.6569873897563	64.9307458151295	3.72624157462684	OU	Cebidae	PLA	Lemuridae	STR	order
Leontopithecus_rosalia	Gorilla_gorilla	3.38333333333333	4.23293154761905	78.0653383517	0.281246305418721	0.642973170071512	0.469491193529852	0.589135004026863	0.257696667587188	68.6569873897563	64.9307458151295	3.72624157462684	OU	Callitrichidae	PLA	Hominidae	APE	order
Gorilla_gorilla	Eulemur_macaco	4.23293154761905	5.33964285714286	121.4130573111	0.366359605911331	0.999999999944816	0.487631648768099	0.697624845509027	0.255581563488744	68.6569873897563	64.9307458151295	3.72624157462684	OU	Hominidae	APE	Lemuridae	STR	order
Macaca_nemestrina	Varecia_rubra	3.65934044312169	4.75324074074074	121.4130573155	0.362118719211824	0.999999999981056	0.482737214603912	0.691993846233072	0.250583925305131	68.6569873897563	64.9307458151295	3.72624157462684	OU	Cercopithecidae	OWM	Lemuridae	STR	order
Macaca_mulatta	Eulemur_fulvus	4.05630471178309	5.15	121.4130573131	0.362050854030426	0.999999999961289	0.482658694650631	0.691903175214923	0.250504135502624	68.6569873897563	64.9307458151295	3.72624157462684	OU	Cercopithecidae	OWM	Lemuridae	STR	order
Pan_troglodytes	Loris_tardigradus	3.70669083179489	4.8	121.4130573117	0.361923034992037	0.999999999949758	0.482510791380584	0.691732355126628	0.250353873382197	68.6569873897563	64.9307458151295	3.72624157462684	OU	Hominidae	APE	Lorisidae	STR	order
Eulemur_coronatus	Eulemur_flavifrons	5.11346153846154	5.36954545454545	13.292473054	0.0847726067036391	0.109481412853371	0.353165724735548	0.319649773881446	0.247508173834503	68.6569873897563	64.9307458151295	3.72624157462684	OU	Lemuridae	STR	Lemuridae	STR	family
Saimiri_sciureus	Varecia_rubra	3.67065217391304	4.75324074074074	121.413057302	0.358374146260205	0.999999999869866	0.478395542812534	0.686964529245272	0.246190326711355	68.6569873897563	64.9307458151295	3.72624157462684	OU	Cebidae	PLA	Lemuridae	STR	order
Pan_troglodytes	Eulemur_mongoz	3.70669083179489	4.7876	121.413057311	0.35781820740583	0.999999999943993	0.477749360859835	0.686213266567799	0.245539600955141	68.6569873897563	64.9307458151295	3.72624157462684	OU	Hominidae	APE	Lemuridae	STR	order
Pongo_pygmaeus	Eulemur_fulvus	4.06930776014109	5.15	121.4130573144	0.35774639664295	0.999999999971996	0.477665863373298	0.686116139337142	0.245455576533308	68.6569873897563	64.9307458151295	3.72624157462684	OU	Hominidae	APE	Lemuridae	STR	order
Macaca_nigra	Gorilla_gorilla	3.51666666666667	4.23293154761905	62.151576032	0.237108374384236	0.511901910758392	0.44657664933184	0.526833880099098	0.244024728674621	68.6569873897563	64.9307458151295	3.72624157462684	OU	Cercopithecidae	OWM	Hominidae	APE	order
Gorilla_gorilla	Eulemur_rubriventer	4.23293154761905	5.30783333333333	121.413057312	0.355829556650245	0.999999999952229	0.475434537672457	0.683516218943679	0.243215273161599	68.6569873897563	64.9307458151295	3.72624157462684	OU	Hominidae	APE	Lemuridae	STR	order
Aotus_trivirgatus	Cheirogaleus_medius	4.40882352941177	5.48	121.4130573081	0.35459634888438	0.999999999920107	0.473996427453797	0.681836099038617	0.241776591275979	68.6569873897563	64.9307458151295	3.72624157462684	OU	Aotidae	PLA	Cheirogaleidae	STR	order
Cheirogaleus_medius	Galago_moholi	5.48	4.53333333333333	99.360634017	0.313379310344829	0.818368602290629	0.464404155153804	0.628568068015686	0.240698662079882	68.6569873897563	64.9307458151295	3.72624157462684	OU	Cheirogaleidae	STR	Galagidae	STR	superfamily
Callithrix_jacchus	Eulemur_flavifrons	4.31011235955056	5.36954545454545	121.4130573054	0.350708886618998	0.999999999897869	0.469449896047006	0.676501655985103	0.237255142590675	68.6569873897563	64.9307458151295	3.72624157462684	OU	Callitrichidae	PLA	Lemuridae	STR	order
Macaca_mulatta	Eulemur_coronatus	4.05630471178309	5.11346153846154	121.4130573138	0.349955363314246	0.999999999967054	0.468566319845191	0.675460952857827	0.236381183169735	68.6569873897563	64.9307458151295	3.72624157462684	OU	Cercopithecidae	OWM	Lemuridae	STR	order
Callithrix_jacchus	Daubentonia_madagascariensis	4.31011235955056	5.365625	121.4130573023	0.349411080976367	0.999999999872337	0.4679276344428	0.674707881528423	0.235750410258217	68.6569873897563	64.9307458151295	3.72624157462684	OU	Callitrichidae	PLA	Daubentoniidae	STR	order
Pan_troglodytes	Varecia_rubra	3.70669083179489	4.75324074074074	121.413057313	0.346444107788972	0.999999999960466	0.464439232018919	0.670582794633906	0.232319457994763	68.6569873897563	64.9307458151295	3.72624157462684	OU	Hominidae	APE	Lemuridae	STR	order
Eulemur_rubriventer	Mirza_zaza	5.30783333333333	6.07083333333333	71.983496226	0.252579310344828	0.592881011451531	0.442534895769172	0.544723978821641	0.232063439782315	68.6569873897563	64.9307458151295	3.72624157462684	OU	Lemuridae	STR	Cheirogaleidae	STR	superfamily
Pongo_pygmaeus	Eulemur_coronatus	4.06930776014109	5.11346153846154	121.4130573151	0.34565090592677	0.999999999977762	0.463504681001903	0.669474261802221	0.231404385091739	68.6569873897563	64.9307458151295	3.72624157462684	OU	Hominidae	APE	Lemuridae	STR	order
Macaca_nemestrina	Nycticebus_pygmaeus	3.65934044312169	4.7	121.4130573145	0.344494198139027	0.99999999997282	0.4621403780031	0.667853392320633	0.230071618868179	68.6569873897563	64.9307458151295	3.72624157462684	OU	Cercopithecidae	OWM	Lorisidae	STR	order
Callithrix_jacchus	Macaca_nigra	4.31011235955056	3.51666666666667	78.0653383523	0.262657884540874	0.642973170076453	0.441972604625319	0.557524277155533	0.227751567301696	68.6569873897563	64.9307458151295	3.72624157462684	OU	Callitrichidae	PLA	Cercopithecidae	OWM	order
Leontopithecus_rosalia	Lemur_catta	3.38333333333333	4.41653985507246	121.4130573077	0.342026986506747	0.999999999916813	0.459224566019882	0.664379014080498	0.227235552103179	68.6569873897563	64.9307458151295	3.72624157462684	OU	Callitrichidae	PLA	Lemuridae	STR	order
Callithrix_jacchus	Eulemur_macaco	4.31011235955056	5.33964285714286	121.4130573054	0.340810095754693	0.999999999897869	0.457783510576482	0.662656777774285	0.225840119908815	68.6569873897563	64.9307458151295	3.72624157462684	OU	Callitrichidae	PLA	Lemuridae	STR	order
Saimiri_sciureus	Nycticebus_pygmaeus	3.67065217391304	4.7	121.413057301	0.340749625187408	0.999999999861629	0.457711850755411	0.662571047342772	0.225770836073318	68.6569873897563	64.9307458151295	3.72624157462684	OU	Cebidae	PLA	Lorisidae	STR	order
Macaca_arctoides	Gorilla_gorilla	3.54659090909091	4.23293154761905	62.1515760321	0.227202418271384	0.511901910759216	0.429882728334608	0.508149182348359	0.225536808215743	68.6569873897563	64.9307458151295	3.72624157462684	OU	Cercopithecidae	OWM	Hominidae	APE	order
Macaca_fascicularis	Eulemur_flavifrons	4.344	5.36954545454545	121.4130573137	0.339490909090908	0.999999999966231	0.456219154874209	0.660783359765914	0.22432994352665	68.6569873897563	64.9307458151295	3.72624157462684	OU	Cercopithecidae	OWM	Lemuridae	STR	order
Eulemur_flavifrons	Varecia_rubra	5.36954545454545	4.75324074074074	52.6432531401	0.204018112156042	0.433588069545977	0.420470373018818	0.47587303917678	0.223914645946018	68.6569873897563	64.9307458151295	3.72624157462684	OU	Lemuridae	STR	Lemuridae	STR	family
Macaca_fascicularis	Daubentonia_madagascariensis	4.344	5.365625	121.4130573106	0.338193103448276	0.999999999940698	0.454677965941333	0.658933805667236	0.222846868718801	68.6569873897563	64.9307458151295	3.72624157462684	OU	Cercopithecidae	OWM	Daubentoniidae	STR	order
Gorilla_gorilla	Eulemur_collaris	4.23293154761905	5.25342970521542	121.4130573104	0.33782007975604	0.999999999939051	0.454234586694881	0.658401002380351	0.222421079149143	68.6569873897563	64.9307458151295	3.72624157462684	OU	Hominidae	APE	Lemuridae	STR	order
Cheirogaleus_medius	Mirza_zaza	5.48	6.07083333333333	49.55786972	0.19558620689655	0.408175782859019	0.415935776981372	0.463803067512196	0.222241216973489	68.6569873897563	64.9307458151295	3.72624157462684	OU	Cheirogaleidae	STR	Cheirogaleidae	STR	family
Macaca_nigra	Galago_moholi	3.51666666666667	4.53333333333333	121.413057315	0.336551724137929	0.999999999976938	0.452725671861208	0.656585381858613	0.220974942313373	68.6569873897563	64.9307458151295	3.72624157462684	OU	Cercopithecidae	OWM	Galagidae	STR	order
Eulemur_sanfordi	Varecia_variegata	5.80333333333333	5.19703703703704	52.6432531402	0.20070498084291	0.433588069546801	0.414297462057782	0.469112826248299	0.217149150122465	68.6569873897563	64.9307458151295	3.72624157462684	OU	Lemuridae	STR	Lemuridae	STR	family
Eulemur_macaco	Mirza_zaza	5.33964285714286	6.07083333333333	71.9834962251	0.242049261083742	0.592881011444119	0.425989573565439	0.525712375724129	0.214627032457418	68.6569873897563	64.9307458151295	3.72624157462684	OU	Lemuridae	STR	Cheirogaleidae	STR	superfamily
Callithrix_jacchus	Eulemur_rubriventer	4.31011235955056	5.30783333333333	121.4130573063	0.330280046493607	0.999999999905282	0.445234295017242	0.647517249411382	0.21386202726126	68.6569873897563	64.9307458151295	3.72624157462684	OU	Callitrichidae	PLA	Lemuridae	STR	order
Macaca_fascicularis	Eulemur_macaco	4.344	5.33964285714286	121.4130573137	0.329592118226602	0.999999999966231	0.444409538992795	0.64651344212782	0.213085734860076	68.6569873897563	64.9307458151295	3.72624157462684	OU	Cercopithecidae	OWM	Lemuridae	STR	order
Callithrix_jacchus	Macaca_arctoides	4.31011235955056	3.54659090909091	78.0653383524	0.252751928428023	0.642973170077277	0.427029397876503	0.540125785848523	0.212322753608067	68.6569873897563	64.9307458151295	3.72624157462684	OU	Callitrichidae	PLA	Cercopithecidae	OWM	order
Varecia_rubra	Cheirogaleus_medius	4.75324074074074	5.48	71.983496227	0.240582375478928	0.592881011459768	0.423666402304355	0.523029785579438	0.212237777612607	68.6569873897563	64.9307458151295	3.72624157462684	OU	Lemuridae	STR	Cheirogaleidae	STR	superfamily
Pan_troglodytes	Nycticebus_pygmaeus	3.70669083179489	4.7	121.413057312	0.328819586716175	0.999999999952229	0.44348263921733	0.645384031952225	0.212214910669887	68.6569873897563	64.9307458151295	3.72624157462684	OU	Hominidae	APE	Lorisidae	STR	order
Macaca_arctoides	Galago_moholi	3.54659090909091	4.53333333333333	121.4130573151	0.326645768025077	0.999999999977762	0.44087040692298	0.64219378590069	0.209769882421128	68.6569873897563	64.9307458151295	3.72624157462684	OU	Cercopithecidae	OWM	Galagidae	STR	order
Eulemur_mongoz	Hapalemur_griseus	4.7876	4.2280701754386	47.7997285408	0.185223666061705	0.393695123051581	0.402431992682312	0.445164305618521	0.209438623591161	68.6569873897563	64.9307458151295	3.72624157462684	OU	Lemuridae	STR	Lemuridae	STR	family
Aotus_trivirgatus	Macaca_nemestrina	4.40882352941177	3.65934044312169	78.0653383566	0.248104745806372	0.64297317011187	0.419954257230308	0.531833492662939	0.205219159433193	68.6569873897563	64.9307458151295	3.72624157462684	OU	Aotidae	PLA	Cercopithecidae	OWM	order
Eulemur_macaco	Varecia_rubra	5.33964285714286	4.75324074074074	52.6432531401	0.194119321291737	0.433588069545977	0.401937518479297	0.455545136219312	0.203949598413172	68.6569873897563	64.9307458151295	3.72624157462684	OU	Lemuridae	STR	Lemuridae	STR	family
Gorilla_gorilla	Varecia_variegata	4.23293154761905	5.19703703703704	121.413057313	0.319152162014232	0.999999999960466	0.43182014199533	0.631058469237771	0.201403674822589	68.6569873897563	64.9307458151295	3.72624157462684	OU	Hominidae	APE	Lemuridae	STR	order
Macaca_fascicularis	Eulemur_rubriventer	4.344	5.30783333333333	121.4130573146	0.319062068965516	0.999999999973644	0.431710908859249	0.630923295062863	0.201303691886604	68.6569873897563	64.9307458151295	3.72624157462684	OU	Cercopithecidae	OWM	Lemuridae	STR	order
Aotus_trivirgatus	Eulemur_flavifrons	4.40882352941177	5.36954545454545	121.4130573092	0.318032085561495	0.999999999929167	0.430461394420705	0.629375736154213	0.200161677985103	68.6569873897563	64.9307458151295	3.72624157462684	OU	Aotidae	PLA	Lemuridae	STR	order
Aotus_trivirgatus	Daubentonia_madagascariensis	4.40882352941177	5.365625	121.4130573061	0.316734279918863	0.999999999903635	0.428885109681512	0.627420044729554	0.198725436093226	68.6569873897563	64.9307458151295	3.72624157462684	OU	Aotidae	PLA	Daubentoniidae	STR	order
Eulemur_flavifrons	Mirza_zaza	5.36954545454545	6.07083333333333	71.9834962251	0.232150470219436	0.592881011444119	0.410227148172802	0.507449893564804	0.198698776196133	68.6569873897563	64.9307458151295	3.72624157462684	OU	Lemuridae	STR	Cheirogaleidae	STR	superfamily
Macaca_fascicularis	Pan_troglodytes	4.344	3.70669083179489	62.1515760326	0.210971310854106	0.511901910763334	0.402021750129286	0.476697633756958	0.196462491270621	68.6569873897563	64.9307458151295	3.72624157462684	OU	Cercopithecidae	OWM	Hominidae	APE	order
Eulemur_coronatus	Eulemur_macaco	5.11346153846154	5.33964285714286	13.292473054	0.0748738158393336	0.109481412853371	0.314276367582928	0.284051080257014	0.19426117838479	68.6569873897563	64.9307458151295	3.72624157462684	OU	Lemuridae	STR	Lemuridae	STR	family
Eulemur_mongoz	Cheirogaleus_medius	4.7876	5.48	71.983496225	0.229208275862069	0.592881011443295	0.405503950832809	0.501949988644167	0.194054269314575	68.6569873897563	64.9307458151295	3.72624157462684	OU	Lemuridae	STR	Cheirogaleidae	STR	superfamily
Callithrix_jacchus	Eulemur_collaris	4.31011235955056	5.25342970521542	121.4130573047	0.312270569599402	0.999999999892104	0.423447796279762	0.620644898598494	0.193809136025226	68.6569873897563	64.9307458151295	3.72624157462684	OU	Callitrichidae	PLA	Lemuridae	STR	order
Eulemur_flavifrons	Galago_moholi	5.36954545454545	4.53333333333333	99.3606340181	0.276815047021944	0.818368602299689	0.415763167397449	0.570185315524239	0.192866483983539	68.6569873897563	64.9307458151295	3.72624157462684	OU	Lemuridae	STR	Galagidae	STR	superfamily
Daubentonia_madagascariensis	Galago_moholi	5.365625	4.53333333333333	99.360634015	0.275517241379312	0.818368602274156	0.413999591187905	0.568019618854939	0.191233141155888	68.6569873897563	64.9307458151295	3.72624157462684	OU	Daubentoniidae	STR	Galagidae	STR	superfamily
Eulemur_coronatus	Propithecus_tattersalli	5.11346153846154	5.8	71.9834962261	0.227267904509283	0.592881011452355	0.40237958297916	0.498305009998704	0.191014273085695	68.6569873897563	64.9307458151295	3.72624157462684	OU	Lemuridae	STR	Indriidae	STR	superfamily
Aotus_trivirgatus	Eulemur_macaco	4.40882352941177	5.33964285714286	121.4130573092	0.308133294697189	0.999999999929167	0.418386422062397	0.614298018088367	0.18928567225293	68.6569873897563	64.9307458151295	3.72624157462684	OU	Aotidae	PLA	Lemuridae	STR	order
Gorilla_gorilla	Eulemur_fulvus	4.23293154761905	5.15	121.4130573104	0.303581280788177	0.999999999939051	0.412793791020967	0.607240444568346	0.184346831919676	68.6569873897563	64.9307458151295	3.72624157462684	OU	Hominidae	APE	Lemuridae	STR	order
Eulemur_rubriventer	Varecia_rubra	5.30783333333333	4.75324074074074	52.643253141	0.183589272030651	0.43358806955339	0.381932680310392	0.433499302399891	0.183551686362973	68.6569873897563	64.9307458151295	3.72624157462684	OU	Lemuridae	STR	Lemuridae	STR	family
Aotus_trivirgatus	Pan_troglodytes	4.40882352941177	3.70669083179489	78.0653383541	0.232430134383519	0.642973170091279	0.395793385540239	0.503262796896521	0.181925848470906	68.6569873897563	64.9307458151295	3.72624157462684	OU	Aotidae	PLA	Hominidae	APE	order
Macaca_fascicularis	Eulemur_collaris	4.344	5.25342970521542	121.413057313	0.301052592071312	0.999999999960466	0.409676310536716	0.603286295293451	0.181620902966372	68.6569873897563	64.9307458151295	3.72624157462684	OU	Cercopithecidae	OWM	Lemuridae	STR	order
Eulemur_macaco	Galago_moholi	5.33964285714286	4.53333333333333	99.3606340181	0.266916256157638	0.818368602299689	0.402249857126004	0.553507947070668	0.180530226319093	68.6569873897563	64.9307458151295	3.72624157462684	OU	Lemuridae	STR	Galagidae	STR	superfamily
Macaca_nigra	Lemur_catta	3.51666666666667	4.41653985507246	121.413057314	0.297889055472262	0.999999999968702	0.405765466760458	0.598305738902583	0.178228731450902	68.6569873897563	64.9307458151295	3.72624157462684	OU	Cercopithecidae	OWM	Lemuridae	STR	order
Aotus_trivirgatus	Eulemur_rubriventer	4.40882352941177	5.30783333333333	121.4130573101	0.297603245436103	0.99999999993658	0.405411558463508	0.597853929346607	0.177923269681561	68.6569873897563	64.9307458151295	3.72624157462684	OU	Aotidae	PLA	Lemuridae	STR	order
Leontopithecus_rosalia	Pongo_pygmaeus	3.38333333333333	4.06930776014109	78.0653383557	0.227081189563948	0.642973170104457	0.387446317373092	0.493304570199018	0.174222181930121	68.6569873897563	64.9307458151295	3.72624157462684	OU	Callitrichidae	PLA	Hominidae	APE	order
Callithrix_jacchus	Varecia_variegata	4.31011235955056	5.19703703703704	121.4130573073	0.293602651857594	0.999999999913519	0.400447691592605	0.591497838834515	0.173665334064868	68.6569873897563	64.9307458151295	3.72624157462684	OU	Callitrichidae	PLA	Lemuridae	STR	order
Leontopithecus_rosalia	Propithecus_coquereli	3.38333333333333	4.26850340136054	121.4130573067	0.293021815622801	0.999999999908577	0.399725442751472	0.590570066152684	0.173049913052358	68.6569873897563	64.9307458151295	3.72624157462684	OU	Callitrichidae	PLA	Indriidae	STR	order
Eulemur_fulvus	Propithecus_tattersalli	5.15	5.8	71.9834962254	0.215172413793104	0.59288101144659	0.382737611909788	0.475269063887012	0.172487884926923	68.6569873897563	64.9307458151295	3.72624157462684	OU	Lemuridae	STR	Indriidae	STR	superfamily
Gorilla_gorilla	Eulemur_coronatus	4.23293154761905	5.11346153846154	121.4130573111	0.291485790071997	0.999999999944816	0.397813557153303	0.588110532308257	0.171425863168995	68.6569873897563	64.9307458151295	3.72624157462684	OU	Hominidae	APE	Lemuridae	STR	order
Macaca_nemestrina	Macaca_nigra	3.65934044312169	3.51666666666667	7.6582823365	0.0472299397920063	0.0630762663067973	0.263351621016221	0.228663067285608	0.171217218977828	68.6569873897563	64.9307458151295	3.72624157462684	OU	Cercopithecidae	OWM	Cercopithecidae	OWM	family
Cheirogaleus_medius	Nycticebus_pygmaeus	5.48	4.7	99.360634016	0.258206896551725	0.818368602282393	0.390244194903901	0.538534713377122	0.169915337219274	68.6569873897563	64.9307458151295	3.72624157462684	OU	Cheirogaleidae	STR	Lorisidae	STR	superfamily
Macaca_nemestrina	Galago_moholi	3.65934044312169	4.53333333333333	121.4130573155	0.289321784345923	0.999999999981056	0.395115380943443	0.584630625201532	0.169146375669784	68.6569873897563	64.9307458151295	3.72624157462684	OU	Cercopithecidae	OWM	Galagidae	STR	order
Saimiri_sciureus	Macaca_fascicularis	3.67065217391304	4.344	78.0653383476	0.222901349325339	0.642973170037742	0.380888395784802	0.48545046056739	0.16829250073487	68.6569873897563	64.9307458151295	3.72624157462684	OU	Cebidae	PLA	Cercopithecidae	OWM	order
Leontopithecus_rosalia	Macaca_mulatta	3.38333333333333	4.05630471178309	78.0653383544	0.222776732176472	0.64297317009375	0.380692409120228	0.485215331631706	0.168116946414846	68.6569873897563	64.9307458151295	3.72624157462684	OU	Callitrichidae	PLA	Cercopithecidae	OWM	order
Macaca_arctoides	Lemur_catta	3.54659090909091	4.41653985507246	121.4130573141	0.28798309935941	0.999999999969526	0.393443541168368	0.58246923599112	0.167741295867342	68.6569873897563	64.9307458151295	3.72624157462684	OU	Cercopithecidae	OWM	Lemuridae	STR	order
Eulemur_rubriventer	Galago_moholi	5.30783333333333	4.53333333333333	99.360634019	0.256386206896552	0.818368602307102	0.387720934306316	0.53536948730014	0.167725584473885	68.6569873897563	64.9307458151295	3.72624157462684	OU	Lemuridae	STR	Galagidae	STR	superfamily
Hapalemur_griseus	Varecia_rubra	4.2280701754386	4.75324074074074	52.6432531428	0.173849566444846	0.433588069568216	0.363173317067538	0.41273443579372	0.165488185113238	68.6569873897563	64.9307458151295	3.72624157462684	OU	Lemuridae	STR	Lemuridae	STR	family
Saimiri_sciureus	Galago_moholi	3.67065217391304	4.53333333333333	121.413057302	0.285577211394303	0.999999999869866	0.390433727255681	0.578568165197056	0.165225883239995	68.6569873897563	64.9307458151295	3.72624157462684	OU	Cebidae	PLA	Galagidae	STR	order
Macaca_fascicularis	Varecia_variegata	4.344	5.19703703703704	121.4130573156	0.282384674329503	0.99999999998188	0.386429585163934	0.573358694701859	0.161907708280307	68.6569873897563	64.9307458151295	3.72624157462684	OU	Cercopithecidae	OWM	Lemuridae	STR	order
Macaca_nemestrina	Gorilla_gorilla	3.65934044312169	4.23293154761905	62.1515760325	0.18987843459223	0.51190191076251	0.364920579274208	0.434336503059438	0.161107301131858	68.6569873897563	64.9307458151295	3.72624157462684	OU	Cercopithecidae	OWM	Hominidae	APE	order
Leontopithecus_chrysomelas	Pan_troglodytes	3.05	3.70669083179489	78.0653383517	0.21738730983555	0.642973170071512	0.372190669978804	0.474993351922539	0.160593834658337	68.6569873897563	64.9307458151295	3.72624157462684	OU	Callitrichidae	PLA	Hominidae	APE	order
Leontopithecus_rosalia	Hapalemur_griseus	3.38333333333333	4.2280701754386	121.4130573095	0.279637023593469	0.999999999931638	0.382974168126432	0.56884526087781	0.159070195647996	68.6569873897563	64.9307458151295	3.72624157462684	OU	Callitrichidae	PLA	Lemuridae	STR	order
Aotus_trivirgatus	Eulemur_collaris	4.40882352941177	5.25342970521542	121.4130573085	0.279593768541898	0.999999999923402	0.382919702893852	0.568773987212576	0.159025662545547	68.6569873897563	64.9307458151295	3.72624157462684	OU	Aotidae	PLA	Lemuridae	STR	order
Callithrix_jacchus	Macaca_nemestrina	4.31011235955056	3.65934044312169	78.0653383528	0.215427944748868	0.642973170080572	0.369087433846811	0.471251486933861	0.157892652468357	68.6569873897563	64.9307458151295	3.72624157462684	OU	Callitrichidae	PLA	Cercopithecidae	OWM	order
Eulemur_fulvus	Eulemur_flavifrons	5.15	5.36954545454545	14.8274950171	0.0726771159874592	0.122124385504014	0.290036768303313	0.264629270025497	0.157482816162768	68.6569873897563	64.9307458151295	3.72624157462684	OU	Lemuridae	STR	Lemuridae	STR	family
Callithrix_jacchus	Eulemur_fulvus	4.31011235955056	5.15	121.4130573047	0.278031770631539	0.999999999892104	0.380951480676801	0.566195625196315	0.157420372214148	68.6569873897563	64.9307458151295	3.72624157462684	OU	Callitrichidae	PLA	Lemuridae	STR	order
Pan_troglodytes	Galago_moholi	3.70669083179489	4.53333333333333	121.413057313	0.27364717292307	0.999999999960466	0.375412014543445	0.558910613648512	0.15294430934766	68.6569873897563	64.9307458151295	3.72624157462684	OU	Hominidae	APE	Galagidae	STR	order
Daubentonia_madagascariensis	Mirza_zaza	5.365625	6.07083333333333	92.496943882	0.233448275862068	0.761836872618142	0.367559677483717	0.497145336843319	0.152339333931283	68.6569873897563	64.9307458151295	3.72624157462684	OU	Daubentoniidae	STR	Cheirogaleidae	STR	superfamily
Eulemur_collaris	Varecia_rubra	5.25342970521542	4.75324074074074	52.6432531394	0.165579795136446	0.433588069540212	0.347059689982698	0.394831616793844	0.150779375206156	68.6569873897563	64.9307458151295	3.72624157462684	OU	Lemuridae	STR	Lemuridae	STR	family
Macaca_nigra	Pongo_pygmaeus	3.51666666666667	4.06930776014109	62.151576036	0.182943258529463	0.511901910791337	0.352512721337418	0.420057270099782	0.150119865038694	68.6569873897563	64.9307458151295	3.72624157462684	OU	Cercopithecidae	OWM	Hominidae	APE	order
Varecia_variegata	Propithecus_tattersalli	5.19703703703704	5.8	71.983496228	0.199601532567049	0.592881011468004	0.357044802499422	0.444836707806077	0.149760385140898	68.6569873897563	64.9307458151295	3.72624157462684	OU	Lemuridae	STR	Indriidae	STR	superfamily
Eulemur_collaris	Galago_moholi	5.25342970521542	4.53333333333333	99.3606340174	0.238376730002347	0.818368602293923	0.362517711228057	0.50341844083686	0.146637152761233	68.6569873897563	64.9307458151295	3.72624157462684	OU	Lemuridae	STR	Galagidae	STR	superfamily
Macaca_fascicularis	Eulemur_fulvus	4.344	5.15	121.413057313	0.266813793103449	0.999999999960466	0.366736415953005	0.547418358684077	0.146058768700737	68.6569873897563	64.9307458151295	3.72624157462684	OU	Cercopithecidae	OWM	Lemuridae	STR	order
Callithrix_jacchus	Eulemur_coronatus	4.31011235955056	5.11346153846154	121.4130573054	0.265936279915359	0.999999999897869	0.365618636193975	0.545930415342118	0.145182703763558	68.6569873897563	64.9307458151295	3.72624157462684	OU	Callitrichidae	PLA	Lemuridae	STR	order
Aotus_trivirgatus	Varecia_variegata	4.40882352941177	5.19703703703704	121.4130573111	0.26092585080009	0.999999999944816	0.359220410713873	0.537381909166332	0.140216831861539	68.6569873897563	64.9307458151295	3.72624157462684	OU	Aotidae	PLA	Lemuridae	STR	order
Leontopithecus_chrysomelas	Macaca_nemestrina	3.05	3.65934044312169	78.0653383542	0.201712698412697	0.642973170092103	0.347185256735982	0.444684507896278	0.139505839749475	68.6569873897563	64.9307458151295	3.72624157462684	OU	Callitrichidae	PLA	Cercopithecidae	OWM	order
Callithrix_jacchus	Pan_troglodytes	4.31011235955056	3.70669083179489	78.0653383503	0.199753333326015	0.642973170059981	0.344031148664057	0.440836575146854	0.136955287464629	68.6569873897563	64.9307458151295	3.72624157462684	OU	Callitrichidae	PLA	Hominidae	APE	order
Daubentonia_madagascariensis	Eulemur_albifrons	5.365625	6.02666666666667	92.4969438832	0.218827586206898	0.761836872628026	0.346091914339601	0.470024230358522	0.135008256338795	68.6569873897563	64.9307458151295	3.72624157462684	OU	Daubentoniidae	STR	Lemuridae	STR	superfamily
Macaca_arctoides	Pongo_pygmaeus	3.54659090909091	4.06930776014109	62.1515760361	0.173037302416612	0.511901910792161	0.334619289549297	0.399373188061297	0.134999416221572	68.6569873897563	64.9307458151295	3.72624157462684	OU	Cercopithecidae	OWM	Hominidae	APE	order
Macaca_fascicularis	Eulemur_coronatus	4.344	5.11346153846154	121.4130573137	0.254718302387269	0.999999999966231	0.351256352867855	0.526667559619619	0.134151866713285	68.6569873897563	64.9307458151295	3.72624157462684	OU	Cercopithecidae	OWM	Lemuridae	STR	order
Cheirogaleus_medius	Loris_tardigradus	5.48	4.8	99.3606340157	0.225103448275863	0.818368602279922	0.343668202220542	0.479140643355459	0.131794170411656	68.6569873897563	64.9307458151295	3.72624157462684	OU	Cheirogaleidae	STR	Lorisidae	STR	superfamily
Macaca_nemestrina	Lemur_catta	3.65934044312169	4.41653985507246	121.4130573145	0.250659115680255	0.99999999997282	0.346026684405344	0.519588166760009	0.130239510401529	68.6569873897563	64.9307458151295	3.72624157462684	OU	Cercopithecidae	OWM	Lemuridae	STR	order
Macaca_nigra	Propithecus_coquereli	3.51666666666667	4.26850340136054	121.413057313	0.248883884588316	0.999999999960466	0.343734188779732	0.516474047256522	0.128542067175334	68.6569873897563	64.9307458151295	3.72624157462684	OU	Cercopithecidae	OWM	Indriidae	STR	order
Eulemur_flavifrons	Nycticebus_pygmaeus	5.36954545454545	4.7	99.3606340171	0.221642633228839	0.818368602291453	0.338716659598709	0.472711556606702	0.12802670321252	68.6569873897563	64.9307458151295	3.72624157462684	OU	Lemuridae	STR	Lorisidae	STR	superfamily
Saimiri_sciureus	Lemur_catta	3.67065217391304	4.41653985507246	121.413057301	0.246914542728636	0.999999999861629	0.341187230975271	0.513006639373061	0.126668799795081	68.6569873897563	64.9307458151295	3.72624157462684	OU	Cebidae	PLA	Lemuridae	STR	order
Daubentonia_madagascariensis	Nycticebus_pygmaeus	5.365625	4.7	99.360634014	0.220344827586207	0.81836860226592	0.336855988833326	0.470290254157014	0.126625123056748	68.6569873897563	64.9307458151295	3.72624157462684	OU	Daubentoniidae	STR	Lorisidae	STR	superfamily
Macaca_mulatta	Loris_tardigradus	4.05630471178309	4.8	121.4130573144	0.246188785064909	0.999999999971996	0.340247604750027	0.511725423458625	0.125981060291633	68.6569873897563	64.9307458151295	3.72624157462684	OU	Cercopithecidae	OWM	Lorisidae	STR	order
Varecia_variegata	Galago_moholi	5.19703703703704	4.53333333333333	99.36063402	0.219708812260539	0.818368602315338	0.335943370097177	0.469101586846477	0.125940501852073	68.6569873897563	64.9307458151295	3.72624157462684	OU	Lemuridae	STR	Galagidae	STR	superfamily
Aotus_trivirgatus	Eulemur_fulvus	4.40882352941177	5.15	121.4130573085	0.245354969574035	0.999999999923402	0.339167415042809	0.510251206838316	0.125192669338519	68.6569873897563	64.9307458151295	3.72624157462684	OU	Aotidae	PLA	Lemuridae	STR	order
Eulemur_albifrons	Cheirogaleus_medius	6.02666666666667	5.48	71.9834962252	0.18096551724138	0.592881011444942	0.325725734472335	0.407316260082191	0.124325448553252	68.6569873897563	64.9307458151295	3.72624157462684	OU	Lemuridae	STR	Cheirogaleidae	STR	superfamily
Eulemur_collaris	Propithecus_tattersalli	5.25342970521542	5.8	71.9834962254	0.18093361482524	0.59288101144659	0.325671613550716	0.40725104452878	0.124283628932827	68.6569873897563	64.9307458151295	3.72624157462684	OU	Lemuridae	STR	Indriidae	STR	superfamily
Macaca_mulatta	Eulemur_mongoz	4.05630471178309	4.7876	121.4130573137	0.242083957478702	0.999999999966231	0.334923082453497	0.504444878231756	0.122118012456329	68.6569873897563	64.9307458151295	3.72624157462684	OU	Cercopithecidae	OWM	Lemuridae	STR	order
Pongo_pygmaeus	Loris_tardigradus	4.06930776014109	4.8	121.4130573157	0.241884327677433	0.999999999982704	0.33466370128959	0.504089331981312	0.121931309157775	68.6569873897563	64.9307458151295	3.72624157462684	OU	Hominidae	APE	Lorisidae	STR	order
Saimiri_sciureus	Gorilla_gorilla	3.67065217391304	4.23293154761905	78.065338345	0.18613386164061	0.642973170016328	0.321939911009792	0.413737998986841	0.119772729330096	68.6569873897563	64.9307458151295	3.72624157462684	OU	Cebidae	PLA	Hominidae	APE	order
Macaca_arctoides	Propithecus_coquereli	3.54659090909091	4.26850340136054	121.4130573131	0.238977928475464	0.999999999961289	0.33088286225868	0.498897571713791	0.119225508214216	68.6569873897563	64.9307458151295	3.72624157462684	OU	Cercopithecidae	OWM	Indriidae	STR	order
Pongo_pygmaeus	Eulemur_mongoz	4.06930776014109	4.7876	121.413057315	0.237779500091226	0.999999999976938	0.329321413400616	0.496748439447261	0.11811659560559	68.6569873897563	64.9307458151295	3.72624157462684	OU	Hominidae	APE	Lemuridae	STR	order
Eulemur_fulvus	Eulemur_macaco	5.15	5.33964285714286	14.8274950171	0.0627783251231537	0.122124385504014	0.25197988026142	0.229678950403012	0.11806699999216	68.6569873897563	64.9307458151295	3.72624157462684	OU	Lemuridae	STR	Lemuridae	STR	family
Eulemur_macaco	Nycticebus_pygmaeus	5.33964285714286	4.7	99.3606340171	0.211743842364533	0.818368602291453	0.324472603839263	0.45410193222941	0.117493862406479	68.6569873897563	64.9307458151295	3.72624157462684	OU	Lemuridae	STR	Lorisidae	STR	superfamily
Daubentonia_madagascariensis	Varecia_rubra	5.365625	4.75324074074074	92.496943885	0.20272030651341	0.761836872642851	0.322105982293358	0.439308386642032	0.116897375267545	68.6569873897563	64.9307458151295	3.72624157462684	OU	Daubentoniidae	STR	Lemuridae	STR	superfamily
Macaca_nigra	Hapalemur_griseus	3.51666666666667	4.2280701754386	121.4130573158	0.235499092558984	0.999999999983527	0.326346312231392	0.492645594352779	0.116017590425172	68.6569873897563	64.9307458151295	3.72624157462684	OU	Cercopithecidae	OWM	Lemuridae	STR	order
Pan_troglodytes	Lemur_catta	3.70669083179489	4.41653985507246	121.413057312	0.234984504257403	0.999999999952229	0.325674253305289	0.491717338269813	0.115545954973622	68.6569873897563	64.9307458151295	3.72624157462684	OU	Hominidae	APE	Lemuridae	STR	order
Aotus_trivirgatus	Eulemur_coronatus	4.40882352941177	5.11346153846154	121.4130573092	0.233259478857855	0.999999999929167	0.32341945447778	0.488599111715822	0.113970374177317	68.6569873897563	64.9307458151295	3.72624157462684	OU	Aotidae	PLA	Lemuridae	STR	order
Eulemur_mongoz	Propithecus_coquereli	4.7876	4.26850340136054	71.983496226	0.171838874032373	0.592881011451531	0.31017505941266	0.388526873079068	0.112609476626296	68.6569873897563	64.9307458151295	3.72624157462684	OU	Lemuridae	STR	Indriidae	STR	superfamily
Macaca_mulatta	Varecia_rubra	4.05630471178309	4.75324074074074	121.4130573157	0.230709857861843	0.999999999982704	0.320081506470693	0.483972086191616	0.111657131216299	68.6569873897563	64.9307458151295	3.72624157462684	OU	Cercopithecidae	OWM	Lemuridae	STR	order
Pan_troglodytes	Pongo_pygmaeus	3.70669083179489	4.06930776014109	40.643277586	0.120038707314604	0.334752113848972	0.289376348127473	0.309384171802223	0.110942021006904	68.6569873897563	64.9307458151295	3.72624157462684	OU	Hominidae	APE	Hominidae	APE	family
Eulemur_fulvus	Galago_moholi	5.15	4.53333333333333	99.3606340174	0.204137931034484	0.818368602293923	0.313448108740155	0.439584994417352	0.109652265522687	68.6569873897563	64.9307458151295	3.72624157462684	OU	Lemuridae	STR	Galagidae	STR	superfamily
Pongo_pygmaeus	Varecia_rubra	4.06930776014109	4.75324074074074	121.413057317	0.226405400474367	0.999999999993411	0.314431905401297	0.47611141302353	0.10779419513672	68.6569873897563	64.9307458151295	3.72624157462684	OU	Hominidae	APE	Lemuridae	STR	order
Macaca_arctoides	Hapalemur_griseus	3.54659090909091	4.2280701754386	121.4130573159	0.225593136446132	0.999999999984351	0.313363822374015	0.4746212241692	0.107071290585908	68.6569873897563	64.9307458151295	3.72624157462684	OU	Cercopithecidae	OWM	Lemuridae	STR	order
Eulemur_rubriventer	Nycticebus_pygmaeus	5.30783333333333	4.7	99.360634018	0.201213793103447	0.818368602298865	0.309191706297464	0.433954518743716	0.106697195500318	68.6569873897563	64.9307458151295	3.72624157462684	OU	Lemuridae	STR	Lorisidae	STR	superfamily
Daubentonia_madagascariensis	Eulemur_mongoz	5.365625	4.7876	92.496943883	0.191346206896552	0.761836872626378	0.304967712999326	0.417111525972038	0.104763514625425	68.6569873897563	64.9307458151295	3.72624157462684	OU	Daubentoniidae	STR	Lemuridae	STR	superfamily
Eulemur_mongoz	Varecia_variegata	4.7876	5.19703703703704	52.64325314	0.135537777777779	0.433588069545154	0.287196247574789	0.32783870559115	0.102480978482598	68.6569873897563	64.9307458151295	3.72624157462684	OU	Lemuridae	STR	Lemuridae	STR	family
Eulemur_rubriventer	Propithecus_tattersalli	5.30783333333333	5.8	71.983496227	0.162924137931036	0.592881011459768	0.29485786710986	0.369923370753722	0.101655214310541	68.6569873897563	64.9307458151295	3.72624157462684	OU	Lemuridae	STR	Indriidae	STR	superfamily
Varecia_rubra	Propithecus_coquereli	4.75324074074074	4.26850340136054	71.983496228	0.160464774415515	0.592881011468004	0.290610776905954	0.364748864820244	0.0987202207181064	68.6569873897563	64.9307458151295	3.72624157462684	OU	Lemuridae	STR	Indriidae	STR	superfamily
Eulemur_coronatus	Galago_moholi	5.11346153846154	4.53333333333333	99.3606340181	0.192042440318304	0.818368602299689	0.295778801526132	0.416120934407878	0.0976490049675166	68.6569873897563	64.9307458151295	3.72624157462684	OU	Lemuridae	STR	Galagidae	STR	superfamily
Eulemur_fulvus	Varecia_rubra	5.15	4.75324074074074	52.6432531394	0.131340996168583	0.433588069540212	0.278680281430181	0.318252881148739	0.0964040603975161	68.6569873897563	64.9307458151295	3.72624157462684	OU	Lemuridae	STR	Lemuridae	STR	family
Macaca_mulatta	Nycticebus_pygmaeus	4.05630471178309	4.7	121.4130573147	0.213085336789047	0.999999999974467	0.296838850470396	0.451403732468075	0.0961875163632483	68.6569873897563	64.9307458151295	3.72624157462684	OU	Cercopithecidae	OWM	Lorisidae	STR	order
Eulemur_mongoz	Lemur_catta	4.7876	4.41653985507246	47.799728539	0.122833703148427	0.393695123036756	0.273725154068943	0.304659542966582	0.0950544156438504	68.6569873897563	64.9307458151295	3.72624157462684	OU	Lemuridae	STR	Lemuridae	STR	family
Hapalemur_griseus	Loris_tardigradus	4.2280701754386	4.8	99.3606340195	0.189328493647912	0.81836860231122	0.291791781331025	0.410793968216692	0.0950366411693506	68.6569873897563	64.9307458151295	3.72624157462684	OU	Lemuridae	STR	Lorisidae	STR	superfamily
Leontopithecus_chrysomelas	Macaca_arctoides	3.05	3.54659090909091	78.0653383538	0.164388714733543	0.642973170088808	0.286094677742195	0.369254191833963	0.0944070838868349	68.6569873897563	64.9307458151295	3.72624157462684	OU	Callitrichidae	PLA	Cercopithecidae	OWM	order
Eulemur_flavifrons	Loris_tardigradus	5.36954545454545	4.8	99.3606340168	0.188539184952977	0.818368602288982	0.290630710632338	0.409240505672544	0.0942825411109793	68.6569873897563	64.9307458151295	3.72624157462684	OU	Lemuridae	STR	Lorisidae	STR	superfamily
Daubentonia_madagascariensis	Loris_tardigradus	5.365625	4.8	99.3606340137	0.187241379310345	0.818368602263449	0.288720175388112	0.406682166855436	0.0930482054813954	68.6569873897563	64.9307458151295	3.72624157462684	OU	Daubentoniidae	STR	Lorisidae	STR	superfamily
Pongo_pygmaeus	Nycticebus_pygmaeus	4.06930776014109	4.7	121.413057316	0.208780879401571	0.999999999985175	0.29111884220308	0.443298055343733	0.0925521578330428	68.6569873897563	64.9307458151295	3.72624157462684	OU	Hominidae	APE	Lorisidae	STR	order
Eulemur_fulvus	Eulemur_collaris	5.15	5.25342970521542	7.651134656	0.0342387989678631	0.0630173955340987	0.192697200250074	0.166936365376134	0.0907003630679471	68.6569873897563	64.9307458151295	3.72624157462684	OU	Lemuridae	STR	Lemuridae	STR	family
Eulemur_macaco	Propithecus_tattersalli	5.33964285714286	5.8	71.9834962261	0.15239408866995	0.592881011452355	0.276610520533574	0.347643691235129	0.0893583071211118	68.6569873897563	64.9307458151295	3.72624157462684	OU	Lemuridae	STR	Indriidae	STR	superfamily
Eulemur_collaris	Nycticebus_pygmaeus	5.25342970521542	4.7	99.3606340164	0.183204316209243	0.818368602285687	0.282765548380851	0.398691732191377	0.0892532362194672	68.6569873897563	64.9307458151295	3.72624157462684	OU	Lemuridae	STR	Lorisidae	STR	superfamily
Macaca_nemestrina	Propithecus_coquereli	3.65934044312169	4.26850340136054	121.4130573135	0.20165394479631	0.999999999964584	0.281612112415736	0.429750409672707	0.0866608653914006	68.6569873897563	64.9307458151295	3.72624157462684	OU	Cercopithecidae	OWM	Indriidae	STR	order
Eulemur_macaco	Loris_tardigradus	5.33964285714286	4.8	99.3606340168	0.178640394088671	0.818368602288982	0.276013071679087	0.389600474823965	0.0850452744215987	68.6569873897563	64.9307458151295	3.72624157462684	OU	Lemuridae	STR	Lorisidae	STR	superfamily
Macaca_nemestrina	Pongo_pygmaeus	3.65934044312169	4.06930776014109	62.1515760365	0.135713318737457	0.511901910795456	0.265546419781777	0.318620218009164	0.0844712752403726	68.6569873897563	64.9307458151295	3.72624157462684	OU	Cercopithecidae	OWM	Hominidae	APE	order
Leontopithecus_chrysomelas	Macaca_nigra	3.05	3.51666666666667	78.0653383537	0.154482758620691	0.642973170087984	0.269547861647468	0.348523584658998	0.0837373739795807	68.6569873897563	64.9307458151295	3.72624157462684	OU	Callitrichidae	PLA	Cercopithecidae	OWM	order
Saimiri_sciureus	Propithecus_coquereli	3.67065217391304	4.26850340136054	121.4130573	0.19790937184469	0.999999999853393	0.276599532958623	0.422569898951157	0.0836305432741585	68.6569873897563	64.9307458151295	3.72624157462684	OU	Cebidae	PLA	Indriidae	STR	order
Propithecus_coquereli	Loris_tardigradus	4.26850340136054	4.8	99.3606340167	0.17594370161858	0.818368602288158	0.272013066036242	0.384200202278239	0.082600438925	68.6569873897563	64.9307458151295	3.72624157462684	OU	Indriidae	STR	Lorisidae	STR	superfamily
Eulemur_coronatus	Varecia_rubra	5.11346153846154	4.75324074074074	52.6432531401	0.119245505452403	0.433588069545977	0.253945878354507	0.290341653477857	0.0798498382557139	68.6569873897563	64.9307458151295	3.72624157462684	OU	Lemuridae	STR	Lemuridae	STR	family
Eulemur_flavifrons	Propithecus_tattersalli	5.36954545454545	5.8	71.9834962261	0.142495297805644	0.592881011452355	0.259312252334571	0.326412446302072	0.0784512201349535	68.6569873897563	64.9307458151295	3.72624157462684	OU	Lemuridae	STR	Indriidae	STR	superfamily
Macaca_nemestrina	Hapalemur_griseus	3.65934044312169	4.2280701754386	121.4130573163	0.188269152766978	0.999999999987646	0.2636406469208	0.403890771530137	0.0760401733673193	68.6569873897563	64.9307458151295	3.72624157462684	OU	Cercopithecidae	OWM	Lemuridae	STR	order
Eulemur_rubriventer	Loris_tardigradus	5.30783333333333	4.8	99.3606340177	0.168110344827585	0.818368602296394	0.260352105262149	0.368395918545784	0.0756763697018971	68.6569873897563	64.9307458151295	3.72624157462684	OU	Lemuridae	STR	Lorisidae	STR	superfamily
Gorilla_gorilla	Loris_tardigradus	4.23293154761905	4.8	121.4130573117	0.18771921182266	0.999999999949758	0.262899080810554	0.402816939215457	0.075616478342141	68.6569873897563	64.9307458151295	3.72624157462684	OU	Hominidae	APE	Lorisidae	STR	order
Pan_troglodytes	Propithecus_coquereli	3.70669083179489	4.26850340136054	121.413057311	0.185979333373457	0.999999999943993	0.260551337498402	0.399413816715923	0.0742827153771359	68.6569873897563	64.9307458151295	3.72624157462684	OU	Hominidae	APE	Indriidae	STR	order
Saimiri_sciureus	Hapalemur_griseus	3.67065217391304	4.2280701754386	121.4130573028	0.184524579815358	0.999999999876455	0.258586467063281	0.396561675460623	0.0731753765442864	68.6569873897563	64.9307458151295	3.72624157462684	OU	Cebidae	PLA	Lemuridae	STR	order
Varecia_variegata	Nycticebus_pygmaeus	5.19703703703704	4.7	99.360634019	0.164536398467434	0.818368602307102	0.25501168975823	0.361128349004633	0.0726063509306229	68.6569873897563	64.9307458151295	3.72624157462684	OU	Lemuridae	STR	Lorisidae	STR	superfamily
Gorilla_gorilla	Eulemur_mongoz	4.23293154761905	4.7876	121.413057311	0.183614384236453	0.999999999943993	0.257356247729343	0.394774085134026	0.072486200558453	68.6569873897563	64.9307458151295	3.72624157462684	OU	Hominidae	APE	Lemuridae	STR	order
Lemur_catta	Varecia_rubra	4.41653985507246	4.75324074074074	52.643253141	0.111459603531569	0.43358806955339	0.237882824274125	0.27216387351684	0.0699633582378068	68.6569873897563	64.9307458151295	3.72624157462684	OU	Lemuridae	STR	Lemuridae	STR	family
Leontopithecus_rosalia	Saimiri_sciureus	3.38333333333333	3.67065217391304	41.3912937967	0.095112443778111	0.340913034488192	0.229183821824578	0.246405505685956	0.0687454788619537	68.6569873897563	64.9307458151295	3.72624157462684	OU	Callitrichidae	PLA	Cebidae	PLA	superfamily
Eulemur_rubriventer	Eulemur_coronatus	5.30783333333333	5.11346153846154	22.8374257191	0.0643437665782475	0.188096949567152	0.209228426463573	0.200887218182386	0.0687190318876825	68.6569873897563	64.9307458151295	3.72624157462684	OU	Lemuridae	STR	Lemuridae	STR	family
Hapalemur_griseus	Nycticebus_pygmaeus	4.2280701754386	4.7	99.3606340198	0.15622504537205	0.818368602313691	0.2425452451208	0.344093599232532	0.0656868286495293	68.6569873897563	64.9307458151295	3.72624157462684	OU	Lemuridae	STR	Lorisidae	STR	superfamily
Eulemur_collaris	Eulemur_coronatus	5.25342970521542	5.11346153846154	14.8274950171	0.046334289684043	0.122124385504014	0.187423259998932	0.170607553247204	0.0647289217613455	68.6569873897563	64.9307458151295	3.72624157462684	OU	Lemuridae	STR	Lemuridae	STR	family
Pan_troglodytes	Hapalemur_griseus	3.70669083179489	4.2280701754386	121.4130573138	0.172594541344125	0.999999999967055	0.242410516204695	0.372946107391925	0.0643684623535068	68.6569873897563	64.9307458151295	3.72624157462684	OU	Hominidae	APE	Lemuridae	STR	order
Macaca_arctoides	Macaca_nemestrina	3.54659090909091	3.65934044312169	10.9824679326	0.0373239836791547	0.0904554104411791	0.175627956466733	0.155673211053311	0.0642343488387982	68.6569873897563	64.9307458151295	3.72624157462684	OU	Cercopithecidae	OWM	Cercopithecidae	OWM	family
Gorilla_gorilla	Varecia_rubra	4.23293154761905	4.75324074074074	121.413057313	0.172240284619594	0.999999999960466	0.241928512386411	0.372238813811914	0.064114519239959	68.6569873897563	64.9307458151295	3.72624157462684	OU	Hominidae	APE	Lemuridae	STR	order
Macaca_mulatta	Pan_troglodytes	4.05630471178309	3.70669083179489	62.1515760327	0.115734249927128	0.511901910764157	0.227625847795584	0.273764294453237	0.0618944852698005	68.6569873897563	64.9307458151295	3.72624157462684	OU	Cercopithecidae	OWM	Hominidae	APE	order
Saimiri_sciureus	Pongo_pygmaeus	3.67065217391304	4.06930776014109	78.065338349	0.131968745785837	0.642973170049273	0.231481931172101	0.300414790463825	0.0616594361316631	68.6569873897563	64.9307458151295	3.72624157462684	OU	Cebidae	PLA	Hominidae	APE	order
Daubentonia_madagascariensis	Eulemur_sanfordi	5.365625	5.80333333333333	92.4969438832	0.144896551724137	0.761836872628026	0.233432580238358	0.322486296558411	0.0613348526810097	68.6569873897563	64.9307458151295	3.72624157462684	OU	Daubentoniidae	STR	Lemuridae	STR	superfamily
Eulemur_collaris	Loris_tardigradus	5.25342970521542	4.8	99.3606340161	0.150100867933381	0.818368602283216	0.233318660478494	0.331425458620062	0.0607883157483036	68.6569873897563	64.9307458151295	3.72624157462684	OU	Lemuridae	STR	Lorisidae	STR	superfamily
Daubentonia_madagascariensis	Propithecus_tattersalli	5.365625	5.8	92.496943883	0.143793103448276	0.761836872626379	0.231705926689486	0.320167238582297	0.0604300507266089	68.6569873897563	64.9307458151295	3.72624157462684	OU	Daubentoniidae	STR	Indriidae	STR	superfamily
Eulemur_fulvus	Nycticebus_pygmaeus	5.15	4.7	99.3606340164	0.14896551724138	0.818368602285687	0.231604474748803	0.329066391912722	0.0598991030950143	68.6569873897563	64.9307458151295	3.72624157462684	OU	Lemuridae	STR	Lorisidae	STR	superfamily
Saimiri_sciureus	Macaca_mulatta	3.67065217391304	4.05630471178309	78.0653383477	0.127664288398361	0.642973170038566	0.2241368657096	0.291070426985609	0.0577929230432681	68.6569873897563	64.9307458151295	3.72624157462684	OU	Cebidae	PLA	Cercopithecidae	OWM	order
Eulemur_coronatus	Cheirogaleus_medius	5.11346153846154	5.48	71.9834962251	0.121336870026525	0.592881011444119	0.22190517216656	0.280167858088003	0.057338134172371	68.6569873897563	64.9307458151295	3.72624157462684	OU	Lemuridae	STR	Cheirogaleidae	STR	superfamily
Callithrix_jacchus	Loris_tardigradus	4.31011235955056	4.8	121.413057306	0.162169701666022	0.999999999902811	0.228187745806964	0.351991317096088	0.0570823268880504	68.6569873897563	64.9307458151295	3.72624157462684	OU	Callitrichidae	PLA	Lorisidae	STR	order
Loris_tardigradus	Galago_moholi	4.8	4.53333333333333	43.1545285787	0.0882758620689668	0.355435646972817	0.208826868443975	0.226896634470444	0.0563519618221002	68.6569873897563	64.9307458151295	3.72624157462684	OU	Lorisidae	STR	Galagidae	STR	superfamily
Propithecus_coquereli	Nycticebus_pygmaeus	4.26850340136054	4.7	99.360634017	0.142840253342718	0.818368602290629	0.222337021758051	0.316283618488922	0.055204992061835	68.6569873897563	64.9307458151295	3.72624157462684	OU	Indriidae	STR	Lorisidae	STR	superfamily
Lemur_catta	Hapalemur_griseus	4.41653985507246	4.2280701754386	25.8477057818	0.0623899629132778	0.212890658985247	0.191071852838667	0.187008244259235	0.0548048349299319	68.6569873897563	64.9307458151295	3.72624157462684	OU	Lemuridae	STR	Lemuridae	STR	family
Callithrix_jacchus	Eulemur_mongoz	4.31011235955056	4.7876	121.4130573053	0.158064874079815	0.999999999897046	0.222566057462746	0.343661922168463	0.0543208784591778	68.6569873897563	64.9307458151295	3.72624157462684	OU	Callitrichidae	PLA	Lemuridae	STR	order
Macaca_mulatta	Galago_moholi	4.05630471178309	4.53333333333333	121.4130573157	0.157912922995942	0.999999999982704	0.222357729903832	0.343352757826087	0.0542198376079729	68.6569873897563	64.9307458151295	3.72624157462684	OU	Cercopithecidae	OWM	Galagidae	STR	order
Gorilla_gorilla	Nycticebus_pygmaeus	4.23293154761905	4.7	121.413057312	0.154615763546798	0.999999999952229	0.217833354665398	0.336629853620634	0.0520482818526875	68.6569873897563	64.9307458151295	3.72624157462684	OU	Hominidae	APE	Lorisidae	STR	order
Pongo_pygmaeus	Galago_moholi	4.06930776014109	4.53333333333333	121.413057317	0.153608465608466	0.999999999993411	0.216449657608276	0.334570525183759	0.0513928650116343	68.6569873897563	64.9307458151295	3.72624157462684	OU	Hominidae	APE	Galagidae	STR	order
Eulemur_coronatus	Nycticebus_pygmaeus	5.11346153846154	4.7	99.3606340171	0.1368700265252	0.818368602291453	0.213273583509569	0.303736501459072	0.0507991422141206	68.6569873897563	64.9307458151295	3.72624157462684	OU	Lemuridae	STR	Lorisidae	STR	superfamily
Macaca_fascicularis	Loris_tardigradus	4.344	4.8	121.4130573143	0.150951724137931	0.999999999971173	0.212796891750246	0.329126975080967	0.049682284350206	68.6569873897563	64.9307458151295	3.72624157462684	OU	Cercopithecidae	OWM	Lorisidae	STR	order
Aotus_trivirgatus	Macaca_mulatta	4.40882352941177	4.05630471178309	78.0653383568	0.116695884456391	0.642973170113517	0.205331120457731	0.267063657943478	0.048470498021513	68.6569873897563	64.9307458151295	3.72624157462684	OU	Aotidae	PLA	Cercopithecidae	OWM	order
Macaca_fascicularis	Eulemur_mongoz	4.344	4.7876	121.4130573136	0.146846896551724	0.999999999965407	0.207143956463661	0.320682377907708	0.0470912119762032	68.6569873897563	64.9307458151295	3.72624157462684	OU	Cercopithecidae	OWM	Lemuridae	STR	order
Callithrix_jacchus	Varecia_rubra	4.31011235955056	4.75324074074074	121.4130573073	0.146690774462956	0.999999999913519	0.206928736888627	0.320360393847443	0.0469939142848032	68.6569873897563	64.9307458151295	3.72624157462684	OU	Callitrichidae	PLA	Lemuridae	STR	order
Varecia_variegata	Loris_tardigradus	5.19703703703704	4.8	99.3606340187	0.131432950191572	0.818368602304631	0.204994274145255	0.292236978035057	0.0469343130589943	68.6569873897563	64.9307458151295	3.72624157462684	OU	Lemuridae	STR	Lorisidae	STR	superfamily
Eulemur_fulvus	Cheirogaleus_medius	5.15	5.48	71.9834962244	0.109241379310345	0.592881011438353	0.200281248228916	0.253250031555248	0.0466626223875282	68.6569873897563	64.9307458151295	3.72624157462684	OU	Lemuridae	STR	Cheirogaleidae	STR	superfamily
Propithecus_tattersalli	Cheirogaleus_medius	5.8	5.48	69.529333389	0.105931034482759	0.57266767615452	0.19766563844373	0.247036414732473	0.0456963507059575	68.6569873897563	64.9307458151295	3.72624157462684	OU	Indriidae	STR	Cheirogaleidae	STR	superfamily
Eulemur_rubriventer	Eulemur_fulvus	5.30783333333333	5.15	22.8374257184	0.0522482758620676	0.188096949561387	0.170572165121937	0.163720573856975	0.045477174016496	68.6569873897563	64.9307458151295	3.72624157462684	OU	Lemuridae	STR	Lemuridae	STR	family
Aotus_trivirgatus	Pongo_pygmaeus	4.40882352941177	4.06930776014109	78.0653383581	0.112391427068915	0.642973170124224	0.197917567795742	0.257569015827614	0.0450229505719632	68.6569873897563	64.9307458151295	3.72624157462684	OU	Aotidae	PLA	Hominidae	APE	order
Eulemur_sanfordi	Cheirogaleus_medius	5.80333333333333	5.48	71.9834962252	0.107034482758619	0.592881011444942	0.196318675668713	0.24830407770127	0.0448270361346857	68.6569873897563	64.9307458151295	3.72624157462684	OU	Lemuridae	STR	Cheirogaleidae	STR	superfamily
Eulemur_collaris	Eulemur_flavifrons	5.25342970521542	5.36954545454545	14.8274950171	0.0384383170195961	0.122124385504014	0.155935877359882	0.141873901426856	0.0446544232533571	68.6569873897563	64.9307458151295	3.72624157462684	OU	Lemuridae	STR	Lemuridae	STR	family
Lemur_catta	Loris_tardigradus	4.41653985507246	4.8	99.3606340177	0.126938530734634	0.818368602296394	0.198132877737431	0.282680474618583	0.0438470440028635	68.6569873897563	64.9307458151295	3.72624157462684	OU	Lemuridae	STR	Lorisidae	STR	superfamily
Leontopithecus_rosalia	Pan_troglodytes	3.38333333333333	3.70669083179489	78.0653383517	0.107042482249344	0.642973170071512	0.188680284144676	0.245715790746839	0.040906882889805	68.6569873897563	64.9307458151295	3.72624157462684	OU	Callitrichidae	PLA	Hominidae	APE	order
Macaca_fascicularis	Varecia_rubra	4.344	4.75324074074074	121.4130573156	0.135472796934866	0.99999999998188	0.191424086905312	0.297074842341819	0.0402455597917597	68.6569873897563	64.9307458151295	3.72624157462684	OU	Cercopithecidae	OWM	Lemuridae	STR	order
Macaca_fascicularis	Pongo_pygmaeus	4.344	4.06930776014109	62.1515760366	0.0909326035395015	0.511901910796279	0.179794426741598	0.216763233738615	0.0385051213519265	68.6569873897563	64.9307458151295	3.72624157462684	OU	Cercopithecidae	OWM	Hominidae	APE	order
Aotus_trivirgatus	Loris_tardigradus	4.40882352941177	4.8	121.4130573098	0.129492900608518	0.999999999934109	0.1831278820764	0.284545606815328	0.0368466359843555	68.6569873897563	64.9307458151295	3.72624157462684	OU	Aotidae	PLA	Lorisidae	STR	order
Eulemur_fulvus	Loris_tardigradus	5.15	4.8	99.3606340161	0.115862068965518	0.818368602283216	0.181158706587184	0.25894164768425	0.0366601491776863	68.6569873897563	64.9307458151295	3.72624157462684	OU	Lemuridae	STR	Lorisidae	STR	superfamily
Callithrix_jacchus	Nycticebus_pygmaeus	4.31011235955056	4.7	121.4130573063	0.12906625339016	0.999999999905282	0.182535176592352	0.283648700272685	0.0366094750266514	68.6569873897563	64.9307458151295	3.72624157462684	OU	Callitrichidae	PLA	Lorisidae	STR	order
Aotus_trivirgatus	Eulemur_mongoz	4.40882352941177	4.7876	121.4130573091	0.125388073022311	0.999999999928344	0.177421092024791	0.275900236523952	0.0345945990066171	68.6569873897563	64.9307458151295	3.72624157462684	OU	Aotidae	PLA	Lemuridae	STR	order
Varecia_variegata	Cheirogaleus_medius	5.19703703703704	5.48	71.983496227	0.0936704980842905	0.592881011459768	0.172218712274231	0.218142152768047	0.0344647302038766	68.6569873897563	64.9307458151295	3.72624157462684	OU	Lemuridae	STR	Cheirogaleidae	STR	superfamily
Propithecus_tattersalli	Mirza_zaza	5.8	6.07083333333333	69.529333389	0.089655172413792	0.57266767615452	0.167787976420379	0.210050721726204	0.0328849251601952	68.6569873897563	64.9307458151295	3.72624157462684	OU	Indriidae	STR	Cheirogaleidae	STR	superfamily
Macaca_mulatta	Lemur_catta	4.05630471178309	4.41653985507246	121.4130573147	0.119250254330275	0.999999999974467	0.16887046189564	0.262907480806817	0.0313517839523453	68.6569873897563	64.9307458151295	3.72624157462684	OU	Cercopithecidae	OWM	Lemuridae	STR	order
Eulemur_sanfordi	Mirza_zaza	5.80333333333333	6.07083333333333	71.9834962252	0.0885517241379312	0.592881011444942	0.162943308023835	0.206499058035091	0.0308423566767649	68.6569873897563	64.9307458151295	3.72624157462684	OU	Lemuridae	STR	Cheirogaleidae	STR	superfamily
Macaca_fascicularis	Nycticebus_pygmaeus	4.344	4.7	121.4130573146	0.117848275862069	0.999999999973644	0.166914510989631	0.259928993663234	0.0306321837505821	68.6569873897563	64.9307458151295	3.72624157462684	OU	Cercopithecidae	OWM	Lorisidae	STR	order
Leontopithecus_rosalia	Macaca_nemestrina	3.38333333333333	3.65934044312169	78.0653383542	0.0913678708264914	0.642973170092103	0.161464163269344	0.21065580718609	0.0299346434269907	68.6569873897563	64.9307458151295	3.72624157462684	OU	Callitrichidae	PLA	Cercopithecidae	OWM	order
Eulemur_macaco	Eulemur_flavifrons	5.33964285714286	5.36954545454545	3.030803714	0.0098987908643055	0.024962749320008	0.0892080879969722	0.0746019160318246	0.02958282981609	68.6569873897563	64.9307458151295	3.72624157462684	OU	Lemuridae	STR	Lemuridae	STR	family
Eulemur_coronatus	Loris_tardigradus	5.11346153846154	4.8	99.3606340168	0.103766578249338	0.818368602288982	0.162525720023284	0.232735083928061	0.0295100804579247	68.6569873897563	64.9307458151295	3.72624157462684	OU	Lemuridae	STR	Lorisidae	STR	superfamily
Pongo_pygmaeus	Lemur_catta	4.06930776014109	4.41653985507246	121.413057316	0.114945796942799	0.999999999985175	0.16286188555998	0.253750354733812	0.0291675367498283	68.6569873897563	64.9307458151295	3.72624157462684	OU	Hominidae	APE	Lemuridae	STR	order
Aotus_trivirgatus	Varecia_rubra	4.40882352941177	4.75324074074074	121.4130573111	0.114013973405452	0.999999999944816	0.161559891940935	0.251763253021305	0.0287045288360252	68.6569873897563	64.9307458151295	3.72624157462684	OU	Aotidae	PLA	Lemuridae	STR	order
Hapalemur_griseus	Galago_moholi	4.2280701754386	4.53333333333333	99.3606340208	0.101052631578945	0.818368602321927	0.158331964517964	0.226816985956524	0.0280074935092574	68.6569873897563	64.9307458151295	3.72624157462684	OU	Lemuridae	STR	Galagidae	STR	superfamily
Callithrix_jacchus	Macaca_mulatta	4.31011235955056	4.05630471178309	78.065338353	0.084019083398887	0.642973170082219	0.148635388577636	0.194065587956145	0.0253590874052434	68.6569873897563	64.9307458151295	3.72624157462684	OU	Callitrichidae	PLA	Cercopithecidae	OWM	order
Eulemur_collaris	Eulemur_macaco	5.25342970521542	5.33964285714286	14.8274950171	0.0285395261552906	0.122124385504014	0.116112794249207	0.105589172735003	0.0246753745744502	68.6569873897563	64.9307458151295	3.72624157462684	OU	Lemuridae	STR	Lemuridae	STR	family
Lemur_catta	Nycticebus_pygmaeus	4.41653985507246	4.7	99.360634018	0.093835082458772	0.818368602298865	0.147157399717078	0.211014787253554	0.0241951975018787	68.6569873897563	64.9307458151295	3.72624157462684	OU	Lemuridae	STR	Lorisidae	STR	superfamily
Gorilla_gorilla	Pongo_pygmaeus	4.23293154761905	4.06930776014109	40.643277586	0.0541651158547729	0.334752113848972	0.132956392496282	0.142532213384605	0.0230626589993616	68.6569873897563	64.9307458151295	3.72624157462684	OU	Hominidae	APE	Hominidae	APE	family
Callithrix_jacchus	Pongo_pygmaeus	4.31011235955056	4.06930776014109	78.0653383543	0.079714626011411	0.642973170092926	0.141102561574647	0.184306837612938	0.0228500212995478	68.6569873897563	64.9307458151295	3.72624157462684	OU	Callitrichidae	PLA	Hominidae	APE	order
Eulemur_albifrons	Propithecus_tattersalli	6.02666666666667	5.8	71.9834962262	0.0750344827586219	0.592881011453179	0.13834375105315	0.17553738946603	0.0222158527072721	68.6569873897563	64.9307458151295	3.72624157462684	OU	Lemuridae	STR	Indriidae	STR	superfamily
Nycticebus_pygmaeus	Galago_moholi	4.7	4.53333333333333	43.154528579	0.0551724137931048	0.355435646975288	0.13144342401575	0.143003437430922	0.022197674574615	68.6569873897563	64.9307458151295	3.72624157462684	OU	Lorisidae	STR	Galagidae	STR	superfamily
Eulemur_collaris	Cheirogaleus_medius	5.25342970521542	5.48	71.9834962244	0.0750025803424819	0.592881011438353	0.138285524074902	0.175463971410412	0.0221971194202915	68.6569873897563	64.9307458151295	3.72624157462684	OU	Lemuridae	STR	Cheirogaleidae	STR	superfamily
Gorilla_gorilla	Galago_moholi	4.23293154761905	4.53333333333333	121.413057313	0.0994433497536929	0.999999999960466	0.141145698707248	0.220481744712087	0.0219254432545753	68.6569873897563	64.9307458151295	3.72624157462684	OU	Hominidae	APE	Galagidae	STR	order
Propithecus_coquereli	Galago_moholi	4.26850340136054	4.53333333333333	99.360634018	0.0876678395496131	0.818368602298865	0.137585423776118	0.197442738311467	0.0211510781986289	68.6569873897563	64.9307458151295	3.72624157462684	OU	Indriidae	STR	Galagidae	STR	superfamily
Daubentonia_madagascariensis	Eulemur_coronatus	5.365625	5.11346153846154	92.4969438831	0.0834748010610073	0.761836872627202	0.135796163532065	0.189340768897682	0.020746151288225	68.6569873897563	64.9307458151295	3.72624157462684	OU	Daubentoniidae	STR	Lemuridae	STR	superfamily
Aotus_trivirgatus	Nycticebus_pygmaeus	4.40882352941177	4.7	121.4130573101	0.0963894523326558	0.99999999993658	0.136854563885151	0.213877945105631	0.0206155779960731	68.6569873897563	64.9307458151295	3.72624157462684	OU	Aotidae	PLA	Lorisidae	STR	order
Eulemur_mongoz	Galago_moholi	4.7876	4.53333333333333	99.360634018	0.08417103448276	0.818368602298865	0.132149064898307	0.189720605732942	0.0195131870924415	68.6569873897563	64.9307458151295	3.72624157462684	OU	Lemuridae	STR	Galagidae	STR	superfamily
Nycticebus_pygmaeus	Loris_tardigradus	4.7	4.8	22.2897034077	0.033103448275862	0.183585718868412	0.109887928723119	0.105057177908957	0.018943493406532	68.6569873897563	64.9307458151295	3.72624157462684	OU	Lorisidae	STR	Lorisidae	STR	family
Eulemur_flavifrons	Varecia_variegata	5.36954545454545	5.19703703703704	52.6432531401	0.0571062347614047	0.433588069545977	0.123248830938557	0.141512838768602	0.0186381175130919	68.6569873897563	64.9307458151295	3.72624157462684	OU	Lemuridae	STR	Lemuridae	STR	family
Macaca_nigra	Pan_troglodytes	3.51666666666667	3.70669083179489	62.151576032	0.0629045512148587	0.511901910758392	0.124933377461621	0.150932703662571	0.0185472134172604	68.6569873897563	64.9307458151295	3.72624157462684	OU	Cercopithecidae	OWM	Hominidae	APE	order
Macaca_mulatta	Gorilla_gorilla	4.05630471178309	4.23293154761905	62.1515760327	0.058469573242249	0.511901910764157	0.116190066006061	0.140406179807537	0.0160372314330029	68.6569873897563	64.9307458151295	3.72624157462684	OU	Cercopithecidae	OWM	Hominidae	APE	order
Daubentonia_madagascariensis	Eulemur_fulvus	5.365625	5.15	92.4969438824	0.0713793103448274	0.761836872621437	0.116271061595435	0.162319410226111	0.0152083050504649	68.6569873897563	64.9307458151295	3.72624157462684	OU	Daubentoniidae	STR	Lemuridae	STR	superfamily
Varecia_rubra	Galago_moholi	4.75324074074074	4.53333333333333	99.36063402	0.0727969348659014	0.818368602315338	0.114424200766738	0.164478491235381	0.0146309743304277	68.6569873897563	64.9307458151295	3.72624157462684	OU	Lemuridae	STR	Galagidae	STR	superfamily
Macaca_arctoides	Pan_troglodytes	3.54659090909091	3.70669083179489	62.1515760321	0.0529985951020071	0.511901910759216	0.105384922177578	0.127386422840154	0.0131886623270957	68.6569873897563	64.9307458151295	3.72624157462684	OU	Cercopithecidae	OWM	Hominidae	APE	order
Eulemur_rubriventer	Cheirogaleus_medius	5.30783333333333	5.48	71.983496226	0.0569931034482774	0.592881011451531	0.105304752390434	0.133791921504484	0.0128612937091378	68.6569873897563	64.9307458151295	3.72624157462684	OU	Lemuridae	STR	Cheirogaleidae	STR	superfamily
Eulemur_macaco	Varecia_variegata	5.33964285714286	5.19703703703704	52.6432531401	0.0472074438970992	0.433588069545977	0.102013943156659	0.117178737205782	0.0127579817137665	68.6569873897563	64.9307458151295	3.72624157462684	OU	Lemuridae	STR	Lemuridae	STR	family
Aotus_trivirgatus	Gorilla_gorilla	4.40882352941177	4.23293154761905	78.0653383541	0.0582263112141419	0.642973170091279	0.103318912277628	0.135190736781653	0.0122425915719006	68.6569873897563	64.9307458151295	3.72624157462684	OU	Aotidae	PLA	Hominidae	APE	order
Callithrix_jacchus	Galago_moholi	4.31011235955056	4.53333333333333	121.4130573073	0.0738938395970548	0.999999999913519	0.105128850832744	0.164787784485606	0.0121768021153865	68.6569873897563	64.9307458151295	3.72624157462684	OU	Callitrichidae	PLA	Galagidae	STR	order
Macaca_mulatta	Propithecus_coquereli	4.05630471178309	4.26850340136054	121.4130573137	0.0702450834463287	0.999999999966231	0.0999657172192256	0.156759095577832	0.0110115557502077	68.6569873897563	64.9307458151295	3.72624157462684	OU	Cercopithecidae	OWM	Indriidae	STR	order
Leontopithecus_rosalia	Macaca_arctoides	3.38333333333333	3.54659090909091	78.0653383538	0.0540438871473368	0.642973170088808	0.0959347214714392	0.125563608347429	0.0105540103304832	68.6569873897563	64.9307458151295	3.72624157462684	OU	Callitrichidae	PLA	Cercopithecidae	OWM	order
Pongo_pygmaeus	Propithecus_coquereli	4.06930776014109	4.26850340136054	121.413057315	0.0659406260588526	0.999999999976938	0.0938693139003784	0.147266682048271	0.00971085721209697	68.6569873897563	64.9307458151295	3.72624157462684	OU	Hominidae	APE	Indriidae	STR	order
Lemur_catta	Propithecus_coquereli	4.41653985507246	4.26850340136054	71.983496227	0.049005170883946	0.592881011459768	0.0906144539060757	0.115181647275028	0.0095204538487571	68.6569873897563	64.9307458151295	3.72624157462684	OU	Lemuridae	STR	Indriidae	STR	superfamily
Saimiri_sciureus	Macaca_nigra	3.67065217391304	3.51666666666667	78.065338347	0.0509745127436258	0.642973170032801	0.0905103317654631	0.118486576443195	0.00939354203620054	68.6569873897563	64.9307458151295	3.72624157462684	OU	Cebidae	PLA	Cercopithecidae	OWM	order
Daubentonia_madagascariensis	Varecia_variegata	5.365625	5.19703703703704	92.496943885	0.0558084291187729	0.761836872642851	0.0910331219979992	0.127254563197374	0.00932204455476705	68.6569873897563	64.9307458151295	3.72624157462684	OU	Daubentoniidae	STR	Lemuridae	STR	superfamily
Macaca_fascicularis	Galago_moholi	4.344	4.53333333333333	121.4130573156	0.0626758620689643	0.99999999998188	0.0892417173869334	0.140052727090905	0.0087779254056909	68.6569873897563	64.9307458151295	3.72624157462684	OU	Cercopithecidae	OWM	Galagidae	STR	order
Eulemur_macaco	Cheirogaleus_medius	5.33964285714286	5.48	71.9834962251	0.0464630541871913	0.592881011444119	0.0859325938860027	0.109245166156805	0.00856135375708652	68.6569873897563	64.9307458151295	3.72624157462684	OU	Lemuridae	STR	Cheirogaleidae	STR	superfamily
Aotus_trivirgatus	Callithrix_jacchus	4.40882352941177	4.31011235955056	40.5102348758	0.0326768010575038	0.333656327999088	0.0805797142375058	0.0863533023160611	0.00845705429104921	68.6569873897563	64.9307458151295	3.72624157462684	OU	Aotidae	PLA	Callitrichidae	PLA	superfamily
Gorilla_gorilla	Lemur_catta	4.23293154761905	4.41653985507246	121.413057312	0.0607806810880257	0.999999999952229	0.0865540186117329	0.135859649610815	0.00825764203612031	68.6569873897563	64.9307458151295	3.72624157462684	OU	Hominidae	APE	Lemuridae	STR	order
Aotus_trivirgatus	Hapalemur_griseus	4.40882352941177	4.2280701754386	121.4130573119	0.059835593039394	0.999999999951406	0.0852133461787863	0.13376720924619	0.00800404029485942	68.6569873897563	64.9307458151295	3.72624157462684	OU	Aotidae	PLA	Lemuridae	STR	order
Eulemur_rubriventer	Varecia_variegata	5.30783333333333	5.19703703703704	52.643253141	0.0366773946360131	0.43358806955339	0.0793447624601218	0.0911714035347843	0.00771222683873391	68.6569873897563	64.9307458151295	3.72624157462684	OU	Lemuridae	STR	Lemuridae	STR	family
Macaca_mulatta	Hapalemur_griseus	4.05630471178309	4.2280701754386	121.4130573165	0.0568602914169968	0.999999999989293	0.0809911105327859	0.127173785811507	0.00723113852192246	68.6569873897563	64.9307458151295	3.72624157462684	OU	Cercopithecidae	OWM	Lemuridae	STR	order
Leontopithecus_rosalia	Macaca_nigra	3.38333333333333	3.51666666666667	78.0653383537	0.0441379310344852	0.642973170087984	0.0784134903855617	0.102690297393379	0.00704934120911998	68.6569873897563	64.9307458151295	3.72624157462684	OU	Callitrichidae	PLA	Cercopithecidae	OWM	order
Eulemur_rubriventer	Eulemur_flavifrons	5.30783333333333	5.36954545454545	22.8374257191	0.0204288401253916	0.188096949567152	0.0671298431121223	0.0643998756478515	0.00699434396321972	68.6569873897563	64.9307458151295	3.72624157462684	OU	Lemuridae	STR	Lemuridae	STR	family
Macaca_fascicularis	Gorilla_gorilla	4.344	4.23293154761905	62.1515760326	0.0367674876847286	0.511901910763334	0.0732210200591297	0.0885697781039297	0.00636154731444428	68.6569873897563	64.9307458151295	3.72624157462684	OU	Cercopithecidae	OWM	Hominidae	APE	order
Pongo_pygmaeus	Hapalemur_griseus	4.06930776014109	4.2280701754386	121.4130573178	0.0525558340295208	1	0.0748786637639356	0.117619346905962	0.00618158287465037	68.6569873897563	64.9307458151295	3.72624157462684	OU	Hominidae	APE	Lemuridae	STR	order
Saimiri_sciureus	Macaca_arctoides	3.67065217391304	3.54659090909091	78.0653383471	0.0410685566307742	0.642973170033624	0.0729763761671293	0.0955847033800026	0.00610527155214285	68.6569873897563	64.9307458151295	3.72624157462684	OU	Cebidae	PLA	Cercopithecidae	OWM	order
Eulemur_rubriventer	Eulemur_collaris	5.30783333333333	5.25342970521542	22.8374257184	0.0180094768942045	0.188096949561387	0.0591953193267107	0.0567868318914295	0.00543709581271019	68.6569873897563	64.9307458151295	3.72624157462684	OU	Lemuridae	STR	Lemuridae	STR	family
Eulemur_flavifrons	Cheirogaleus_medius	5.36954545454545	5.48	71.9834962251	0.0365642633228858	0.592881011444119	0.0676748762733994	0.0860736240377261	0.00530834787035025	68.6569873897563	64.9307458151295	3.72624157462684	OU	Lemuridae	STR	Cheirogaleidae	STR	superfamily
Aotus_trivirgatus	Propithecus_coquereli	4.40882352941177	4.26850340136054	121.4130573091	0.0464508010100621	0.999999999928344	0.0662018501407238	0.104039166261508	0.00483270260961239	68.6569873897563	64.9307458151295	3.72624157462684	OU	Aotidae	PLA	Indriidae	STR	order
Macaca_arctoides	Macaca_nigra	3.54659090909091	3.51666666666667	10.9824679321	0.00990595611285161	0.0904554104370609	0.0469682320284798	0.0415632496990911	0.00455167607373986	68.6569873897563	64.9307458151295	3.72624157462684	OU	Cercopithecidae	OWM	Cercopithecidae	OWM	family
Eulemur_fulvus	Eulemur_coronatus	5.15	5.11346153846154	14.8274950171	0.0120954907161799	0.122124385504014	0.0493538693112824	0.0448580847932947	0.00444285181803491	68.6569873897563	64.9307458151295	3.72624157462684	OU	Lemuridae	STR	Lemuridae	STR	family
Eulemur_coronatus	Varecia_variegata	5.11346153846154	5.19703703703704	52.6432531401	0.0276663719422344	0.433588069545977	0.059893709293059	0.0688368411250163	0.00439233868193703	68.6569873897563	64.9307458151295	3.72624157462684	OU	Lemuridae	STR	Lemuridae	STR	family
Daubentonia_madagascariensis	Cheirogaleus_medius	5.365625	5.48	92.496943882	0.0378620689655175	0.761836872618142	0.0618321144123067	0.0865321874897492	0.00430051073691751	68.6569873897563	64.9307458151295	3.72624157462684	OU	Daubentoniidae	STR	Cheirogaleidae	STR	superfamily
Lemur_catta	Galago_moholi	4.41653985507246	4.53333333333333	99.360634019	0.0386626686656672	0.818368602307102	0.060921536371758	0.0878051013401558	0.00414822798760777	68.6569873897563	64.9307458151295	3.72624157462684	OU	Lemuridae	STR	Galagidae	STR	superfamily
Daubentonia_madagascariensis	Eulemur_collaris	5.365625	5.25342970521542	92.4969438824	0.0371405113769644	0.761836872621437	0.0606560416388479	0.0848893946094346	0.00413846538488823	68.6569873897563	64.9307458151295	3.72624157462684	OU	Daubentoniidae	STR	Lemuridae	STR	superfamily
Aotus_trivirgatus	Galago_moholi	4.40882352941177	4.53333333333333	121.4130573111	0.041217038539551	0.999999999944816	0.0587570285934353	0.0923725866305805	0.00380732446336075	68.6569873897563	64.9307458151295	3.72624157462684	OU	Aotidae	PLA	Galagidae	STR	order
Macaca_fascicularis	Hapalemur_griseus	4.344	4.2280701754386	121.4130573164	0.0383767695099807	0.999999999988469	0.0547146654604687	0.0860328275890198	0.00330166199471379	68.6569873897563	64.9307458151295	3.72624157462684	OU	Cercopithecidae	OWM	Lemuridae	STR	order
Callithrix_jacchus	Lemur_catta	4.31011235955056	4.41653985507246	121.4130573063	0.0352311709313876	0.999999999905282	0.0502361070239524	0.079005165900007	0.00278344450454942	68.6569873897563	64.9307458151295	3.72624157462684	OU	Callitrichidae	PLA	Lemuridae	STR	order
Callithrix_jacchus	Gorilla_gorilla	4.31011235955056	4.23293154761905	78.0653383503	0.0255495101566381	0.642973170059981	0.0454388506262886	0.0595525683354574	0.00236641126005104	68.6569873897563	64.9307458151295	3.72624157462684	OU	Callitrichidae	PLA	Hominidae	APE	order
Eulemur_mongoz	Nycticebus_pygmaeus	4.7876	4.7	99.360634017	0.0289986206896552	0.818368602290629	0.0457131552904604	0.0659158383851686	0.00233570592691592	68.6569873897563	64.9307458151295	3.72624157462684	OU	Lemuridae	STR	Lorisidae	STR	superfamily
Eulemur_collaris	Varecia_variegata	5.25342970521542	5.19703703703704	52.6432531394	0.0186679177418086	0.433588069540212	0.0404340591424571	0.0464791937041859	0.00200113846696803	68.6569873897563	64.9307458151295	3.72624157462684	OU	Lemuridae	STR	Lemuridae	STR	family
Eulemur_rubriventer	Eulemur_macaco	5.30783333333333	5.33964285714286	22.8374257191	0.0105300492610861	0.188096949567152	0.0346321321168868	0.0332214470578373	0.00185980407895291	68.6569873897563	64.9307458151295	3.72624157462684	OU	Lemuridae	STR	Lemuridae	STR	family
Aotus_trivirgatus	Macaca_fascicularis	4.40882352941177	4.344	78.0653383567	0.0214588235294133	0.642973170112693	0.0381697987583996	0.0500314116061622	0.00166976676864433	68.6569873897563	64.9307458151295	3.72624157462684	OU	Aotidae	PLA	Cercopithecidae	OWM	order
Callithrix_jacchus	Hapalemur_griseus	4.31011235955056	4.2280701754386	121.4130573081	0.0271587919818902	0.999999999920107	0.0387360986692482	0.0609435094674895	0.00165515209640614	68.6569873897563	64.9307458151295	3.72624157462684	OU	Callitrichidae	PLA	Lemuridae	STR	order
Macaca_fascicularis	Propithecus_coquereli	4.344	4.26850340136054	121.4130573136	0.0249919774806489	0.999999999965407	0.0356477562759233	0.0560896081757148	0.00140179022447438	68.6569873897563	64.9307458151295	3.72624157462684	OU	Cercopithecidae	OWM	Indriidae	STR	order
Eulemur_fulvus	Varecia_variegata	5.15	5.19703703703704	52.6432531394	0.0155708812260545	0.433588069540212	0.0337303811642036	0.0387749005997832	0.00139247228926648	68.6569873897563	64.9307458151295	3.72624157462684	OU	Lemuridae	STR	Lemuridae	STR	family
Macaca_fascicularis	Lemur_catta	4.344	4.41653985507246	121.4130573146	0.0240131934032971	0.999999999973644	0.034252525453029	0.0538963309403515	0.00129422301863288	68.6569873897563	64.9307458151295	3.72624157462684	OU	Cercopithecidae	OWM	Lemuridae	STR	order
Macaca_nemestrina	Pan_troglodytes	3.65934044312169	3.70669083179489	62.1515760325	0.0156746114228525	0.51190191076251	0.0312513267088887	0.0378225231851833	0.00115813858376986	68.6569873897563	64.9307458151295	3.72624157462684	OU	Cercopithecidae	OWM	Hominidae	APE	order
Daubentonia_madagascariensis	Eulemur_rubriventer	5.365625	5.30783333333333	92.496943884	0.0191310344827598	0.761836872634615	0.0312660059984499	0.0437872485523065	0.00109957313967018	68.6569873897563	64.9307458151295	3.72624157462684	OU	Daubentoniidae	STR	Lemuridae	STR	superfamily
Varecia_rubra	Nycticebus_pygmaeus	4.75324074074074	4.7	99.360634019	0.0176245210727966	0.818368602307102	0.0277927250671703	0.0400905308272826	0.000863396278147891	68.6569873897563	64.9307458151295	3.72624157462684	OU	Lemuridae	STR	Lorisidae	STR	superfamily
Eulemur_albifrons	Mirza_zaza	6.02666666666667	6.07083333333333	71.9834962252	0.01462068965517	0.592881011444942	0.027087989639886	0.0344739386533863	0.000850141509869113	68.6569873897563	64.9307458151295	3.72624157462684	OU	Lemuridae	STR	Cheirogaleidae	STR	superfamily
Eulemur_mongoz	Varecia_rubra	4.7876	4.75324074074074	52.64325314	0.0113740996168587	0.433588069545154	0.0246425384931572	0.0283291994756274	0.000743145763304013	68.6569873897563	64.9307458151295	3.72624157462684	OU	Lemuridae	STR	Lemuridae	STR	family
Hapalemur_griseus	Propithecus_coquereli	4.2280701754386	4.26850340136054	71.9834962288	0.0133847920293319	0.592881011474593	0.0247989935125186	0.0315614219052254	0.000712525886603714	68.6569873897563	64.9307458151295	3.72624157462684	OU	Lemuridae	STR	Indriidae	STR	superfamily
Varecia_rubra	Loris_tardigradus	4.75324074074074	4.8	99.3606340187	0.0154789272030654	0.818368602304631	0.0244103918882739	0.0352133341615134	0.000666038059779311	68.6569873897563	64.9307458151295	3.72624157462684	OU	Lemuridae	STR	Lorisidae	STR	superfamily
Saimiri_sciureus	Pan_troglodytes	3.67065217391304	3.70669083179489	78.065338345	0.0119300384712329	0.642973170016328	0.021226105660872	0.0278275851330805	0.000516326616226817	68.6569873897563	64.9307458151295	3.72624157462684	OU	Cebidae	PLA	Hominidae	APE	order
Callithrix_jacchus	Macaca_fascicularis	4.31011235955056	4.344	78.0653383529	0.0112179775280905	0.642973170081395	0.0199594687021073	0.0261672715120418	0.000456541388432069	68.6569873897563	64.9307458151295	3.72624157462684	OU	Callitrichidae	PLA	Cercopithecidae	OWM	order
Callithrix_jacchus	Propithecus_coquereli	4.31011235955056	4.26850340136054	121.4130573053	0.0137739999525583	0.999999999897046	0.0196513459797946	0.0309308043262329	0.000426040897365986	68.6569873897563	64.9307458151295	3.72624157462684	OU	Callitrichidae	PLA	Indriidae	STR	order
Gorilla_gorilla	Propithecus_coquereli	4.23293154761905	4.26850340136054	121.413057311	0.0117755102040797	0.999999999943993	0.0168005607071116	0.026444791931274	0.000311400917248924	68.6569873897563	64.9307458151295	3.72624157462684	OU	Hominidae	APE	Indriidae	STR	order
Daubentonia_madagascariensis	Eulemur_macaco	5.365625	5.33964285714286	92.4969438831	0.00860098522167374	0.761836872627202	0.0140595321687857	0.0196938882676088	0.000222340041592979	68.6569873897563	64.9307458151295	3.72624157462684	OU	Daubentoniidae	STR	Lemuridae	STR	superfamily
Macaca_mulatta	Pongo_pygmaeus	4.05630471178309	4.06930776014109	62.1515760367	0.00430445738747606	0.511901910797103	0.00858406106509558	0.0103901687185771	8.7368375765897e-05	68.6569873897563	64.9307458151295	3.72624157462684	OU	Cercopithecidae	OWM	Hominidae	APE	order
Saimiri_sciureus	Macaca_nemestrina	3.67065217391304	3.65934044312169	78.0653383475	0.00374457295161952	0.642973170036919	0.00666310967151907	0.00873605516308196	5.08773886562863e-05	68.6569873897563	64.9307458151295	3.72624157462684	OU	Cebidae	PLA	Cercopithecidae	OWM	order
Eulemur_mongoz	Loris_tardigradus	4.7876	4.8	99.3606340167	0.00410482758620674	0.818368602288158	0.00647428501388272	0.00934097793160123	4.68530974778087e-05	68.6569873897563	64.9307458151295	3.72624157462684	OU	Lemuridae	STR	Lorisidae	STR	superfamily
Aotus_trivirgatus	Lemur_catta	4.40882352941177	4.41653985507246	121.4130573101	0.00255436987388382	0.99999999993658	0.0036446716812828	0.00573746431365188	1.46556059962053e-05	68.6569873897563	64.9307458151295	3.72624157462684	OU	Aotidae	PLA	Lemuridae	STR	order
Gorilla_gorilla	Hapalemur_griseus	4.23293154761905	4.2280701754386	121.4130573138	0.00160928182525213	0.999999999967055	0.00229618907467831	0.00361468600412707	5.81704849062658e-06	68.6569873897563	64.9307458151295	3.72624157462684	OU	Hominidae	APE	Lemuridae	STR	order
Daubentonia_madagascariensis	Eulemur_flavifrons	5.365625	5.36954545454545	92.4969438831	0.00129780564263176	0.761836872627202	0.00212155498121858	0.00297191255647283	5.06271752363182e-06	68.6569873897563	64.9307458151295	3.72624157462684	OU	Daubentoniidae	STR	Lemuridae	STR	superfamily
Eulemur_sanfordi	Propithecus_tattersalli	5.80333333333333	5.8	71.9834962262	0.00110344827586077	0.592881011453179	0.00204476721691914	0.00260261212092767	4.84388570740856e-06	68.6569873897563	64.9307458151295	3.72624157462684	OU	Lemuridae	STR	Indriidae	STR	superfamily
