Species1	Species2	TraitValue1	TraitValue2	PatristicDistance	NormalizedTraitDifference	NormalizedPatristicDistance	Sbm	Sou	FinalScore	AIC_BM	AIC_OU	delta_AIC	SelectedModel	family_1	superfamily_1	family_2	superfamily_2	taxonomic_level
Gorilla_gorilla	Hylobates_lar	369878	76001	45.7765141047	0.796956737509797	0.377031228073906	0.999982300093975	0.999982300085898	2.11373109734618	936.904391295405	938.904391295405	-1.99999999999966	BM	Hominidae	APE	Hylobatidae	APE	superfamily
Pan_troglodytes	Hylobates_lar	313493	76001	45.7765141047	0.644047848265351	0.377031228073906	0.99947679114688	0.999476790987475	1.70731448431408	936.904391295405	938.904391295405	-1.99999999999966	BM	Hominidae	APE	Hylobatidae	APE	superfamily
Cercopithecus_ascanius	Gorilla_gorilla	51279	369878	62.1515760317	0.86399963118544	0.511901910756343	0.999934867742086	0.999934867716185	1.68771270195521	936.904391295405	938.904391295405	-1.99999999999966	BM	Cercopithecidae	OWM	Hominidae	APE	order
Pygathrix_nemaeus	Gorilla_gorilla	56189	369878	62.1515760308	0.85068434083889	0.51190191074893	0.999915708107898	0.999915708075354	1.66167114672759	936.904391295405	938.904391295405	-1.99999999999966	BM	Cercopithecidae	OWM	Hominidae	APE	order
Cercopithecus_mitis	Gorilla_gorilla	56277	369878	62.1515760318	0.850445696123922	0.511901910757166	0.999915320427276	0.9999153203946	1.66120434965351	936.904391295405	938.904391295405	-1.99999999999966	BM	Cercopithecidae	OWM	Hominidae	APE	order
Piliocolobus_badius	Gorilla_gorilla	57885	369878	62.151576032	0.846085006332221	0.511901910758814	0.999907932787876	0.999907932752694	1.652674256266	936.904391295405	938.904391295405	-1.99999999999966	BM	Cercopithecidae	OWM	Hominidae	APE	order
Nasalis_larvatus	Gorilla_gorilla	70873	369878	62.151576031	0.810863215900246	0.511901910750577	0.999821611069023	0.999821611006133	1.58373811437679	936.904391295405	938.904391295405	-1.99999999999966	BM	Cercopithecidae	OWM	Hominidae	APE	order
Macaca_mulatta	Gorilla_gorilla	71080	369878	62.1515760327	0.810301858445718	0.511901910764579	0.999819757270424	0.999819757206964	1.58263876416659	936.904391295405	938.904391295405	-1.99999999999966	BM	Cercopithecidae	OWM	Hominidae	APE	order
Cebuella_pygmaea	Gorilla_gorilla	3099	369878	78.0653383507	0.994657612630814	0.642973170063805	0.999959047727629	0.99995904771049	1.5469026165472	936.904391295405	938.904391295405	-1.99999999999966	BM	Callitrichidae	PLA	Hominidae	APE	order
Callithrix_jacchus	Gorilla_gorilla	5318	369878	78.0653383503	0.988639969193137	0.64297317006051	0.999954423264939	0.999954423246084	1.53753679973638	936.904391295405	938.904391295405	-1.99999999999966	BM	Callitrichidae	PLA	Hominidae	APE	order
Saguinus_oedipus	Gorilla_gorilla	7052	369878	78.0653383502	0.983937583559549	0.642973170059687	0.999950469248564	0.999950469228259	1.53021758015243	936.904391295405	938.904391295405	-1.99999999999966	BM	Callitrichidae	PLA	Hominidae	APE	order
Saguinus_midas	Gorilla_gorilla	7055	369878	78.0653383511	0.983929447944266	0.642973170067099	0.999950462134084	0.999950462113776	1.53020491675652	936.904391295405	938.904391295405	-1.99999999999966	BM	Callitrichidae	PLA	Hominidae	APE	order
Callimico_goeldii	Gorilla_gorilla	7733	369878	78.0653383533	0.982090798890302	0.642973170085219	0.999948829175155	0.999948829154252	1.52734295952643	936.904391295405	938.904391295405	-1.99999999999966	BM	Callitrichidae	PLA	Hominidae	APE	order
Erythrocebus_patas	Gorilla_gorilla	84770	369878	62.151576032	0.773176334037516	0.511901910758814	0.999647915310124	0.999647915196664	1.50986760206075	936.904391295405	938.904391295405	-1.99999999999966	BM	Cercopithecidae	OWM	Hominidae	APE	order
Aotus_trivirgatus	Gorilla_gorilla	12128	369878	78.0653383541	0.970172122500671	0.642973170091808	0.999936940760435	0.999936940735267	1.508789152191	936.904391295405	938.904391295405	-1.99999999999966	BM	Aotidae	PLA	Hominidae	APE	order
Saimiri_sciureus	Gorilla_gorilla	17635	369878	78.065338345	0.955237844712799	0.642973170016858	0.999918338330363	0.999918338298719	1.48553607356658	936.904391295405	938.904391295405	-1.99999999999966	BM	Cebidae	PLA	Hominidae	APE	order
Alouatta_seniculus	Gorilla_gorilla	37388	369878	78.0653383544	0.901670241817605	0.642973170094279	0.999799633318682	0.999799633249083	1.40206406592584	936.904391295405	938.904391295405	-1.99999999999966	BM	Atelidae	PLA	Hominidae	APE	order
Cercopithecus_ascanius	Pan_troglodytes	51279	313493	62.1515760317	0.711090741940995	0.511901910756343	0.998986158012539	0.998986157733305	1.38770688947095	936.904391295405	938.904391295405	-1.99999999999966	BM	Cercopithecidae	OWM	Hominidae	APE	order
Pygathrix_nemaeus	Pan_troglodytes	56189	313493	62.1515760308	0.697775451594445	0.51190191074893	0.998740774514802	0.998740774180004	1.36138736802773	936.904391295405	938.904391295405	-1.99999999999966	BM	Cercopithecidae	OWM	Hominidae	APE	order
Cercopithecus_mitis	Pan_troglodytes	56277	313493	62.1515760318	0.697536806879476	0.511901910757167	0.998735914167694	0.998735913831818	1.36091513988285	936.904391295405	938.904391295405	-1.99999999999966	BM	Cercopithecidae	OWM	Hominidae	APE	order
Piliocolobus_badius	Pan_troglodytes	57885	313493	62.151576032	0.693176117087775	0.511901910758814	0.998643996391986	0.998643996035873	1.35228283626815	936.904391295405	938.904391295405	-1.99999999999966	BM	Cercopithecidae	OWM	Hominidae	APE	order
Cebus_albifrons	Gorilla_gorilla	52113	369878	78.0653383462	0.86173793013676	0.642973170026741	0.999620393142249	0.99962039302119	1.33973056523194	936.904391295405	938.904391295405	-1.99999999999966	BM	Cebidae	PLA	Hominidae	APE	order
Cebuella_pygmaea	Pan_troglodytes	3099	313493	78.0653383507	0.841748723386369	0.642973170063805	0.999482311538505	0.999482311380539	1.30847288651454	936.904391295405	938.904391295405	-1.99999999999966	BM	Callitrichidae	PLA	Hominidae	APE	order
Callithrix_jacchus	Pan_troglodytes	5318	313493	78.0653383503	0.835731079948691	0.64297317006051	0.999432344814632	0.999432344643737	1.29905369580037	936.904391295405	938.904391295405	-1.99999999999966	BM	Callitrichidae	PLA	Hominidae	APE	order
Saguinus_oedipus	Pan_troglodytes	7052	313493	78.0653383502	0.831028694315103	0.642973170059687	0.999390211561371	0.999390211379725	1.29168988893898	936.904391295405	938.904391295405	-1.99999999999966	BM	Callitrichidae	PLA	Hominidae	APE	order
Saguinus_midas	Pan_troglodytes	7055	313493	78.0653383511	0.83102055869982	0.642973170067099	0.99939013620817	0.999390136026505	1.29167714613058	936.904391295405	938.904391295405	-1.99999999999966	BM	Callitrichidae	PLA	Hominidae	APE	order
Callimico_goeldii	Pan_troglodytes	7733	313493	78.0653383533	0.829181909645857	0.642973170085219	0.999372882359238	0.999372882173208	1.28879703477065	936.904391295405	938.904391295405	-1.99999999999966	BM	Callitrichidae	PLA	Hominidae	APE	order
Nasalis_larvatus	Pan_troglodytes	70873	313493	62.151576031	0.657954326655801	0.511901910750577	0.997642538776882	0.997642538214929	1.28228320906573	936.904391295405	938.904391295405	-1.99999999999966	BM	Cercopithecidae	OWM	Hominidae	APE	order
Macaca_mulatta	Pan_troglodytes	71080	313493	62.1515760327	0.657392969201272	0.511901910764579	0.997622143291095	0.997622142725175	1.28116299065874	936.904391295405	938.904391295405	-1.99999999999966	BM	Cercopithecidae	OWM	Hominidae	APE	order
Aotus_trivirgatus	Pan_troglodytes	12128	313493	78.0653383541	0.817263233256226	0.642973170091808	0.99924955314348	0.999249552926825	1.27011508196411	936.904391295405	938.904391295405	-1.99999999999966	BM	Aotidae	PLA	Hominidae	APE	order
Saimiri_sciureus	Pan_troglodytes	17635	313493	78.065338345	0.802328955468354	0.642973170016858	0.999063243462484	0.999063243201214	1.24667312098429	936.904391295405	938.904391295405	-1.99999999999966	BM	Cebidae	PLA	Hominidae	APE	order
Ateles_geoffroyi	Gorilla_gorilla	79946	369878	78.065338351	0.786258403412619	0.642973170066276	0.998815501807752	0.998815501489633	1.22139945850958	936.904391295405	938.904391295405	-1.99999999999966	BM	Atelidae	PLA	Hominidae	APE	order
Erythrocebus_patas	Pan_troglodytes	84770	313493	62.151576032	0.620267444793071	0.511901910758814	0.995854498644899	0.995854497758665	1.20666891894293	936.904391295405	938.904391295405	-1.99999999999966	BM	Cercopithecidae	OWM	Hominidae	APE	order
Alouatta_seniculus	Pan_troglodytes	37388	313493	78.0653383544	0.74876135257316	0.642973170094279	0.997984551353842	0.997984550859594	1.16218264971966	936.904391295405	938.904391295405	-1.99999999999966	BM	Atelidae	PLA	Hominidae	APE	order
Pongo_pygmaeus	Hylobates_lar	238300	76001	45.7765141087	0.440134074939864	0.377031228106852	0.982230479033731	0.982230476344729	1.14662412829298	936.904391295405	938.904391295405	-1.99999999999966	BM	Hominidae	APE	Hylobatidae	APE	superfamily
Macaca_mulatta	Papio_anubis	71080	154987	22.4016461426	0.227545023850912	0.18450771801242	0.920190616880455	0.920190609768818	1.13482947012197	936.904391295405	938.904391295405	-1.99999999999966	BM	Cercopithecidae	OWM	Cercopithecidae	OWM	family
Papio_anubis	Gorilla_gorilla	154987	369878	62.1515760319	0.582756834594806	0.51190191075799	0.992929355162059	0.992929353813743	1.13036571231722	936.904391295405	938.904391295405	-1.99999999999966	BM	Cercopithecidae	OWM	Hominidae	APE	order
Cebus_albifrons	Pan_troglodytes	52113	313493	78.0653383462	0.708829040892314	0.642973170026741	0.996536157179866	0.996536156412315	1.0986053562374	936.904391295405	938.904391295405	-1.99999999999966	BM	Cebidae	PLA	Hominidae	APE	order
Papio_anubis	Cercopithecus_ascanius	154987	51279	29.8369393136	0.281242796590635	0.245747368304268	0.939360665837277	0.939360659758642	1.07504069113862	936.904391295405	938.904391295405	-1.99999999999966	BM	Cercopithecidae	OWM	Cercopithecidae	OWM	family
Gorilla_gorilla	Carlito_syrichta	369878	2258	115.745494551	0.996938296781822	0.953319989695427	0.999265958456056	0.999265958243419	1.04498648242287	936.904391295405	938.904391295405	-1.99999999999966	BM	Hominidae	APE	Tarsiidae	TAR	order
Gorilla_gorilla	Pongo_pygmaeus	369878	238300	40.643277586	0.356822662569932	0.334752113849248	0.958595075229481	0.958595070430128	1.0217962274731	936.904391295405	938.904391295405	-1.99999999999966	BM	Hominidae	APE	Hominidae	APE	family
Papio_anubis	Cercopithecus_mitis	154987	56277	29.8369393137	0.267688861529116	0.245747368305091	0.925852230203595	0.92585222337629	1.00851671843624	936.904391295405	938.904391295405	-1.99999999999966	BM	Cercopithecidae	OWM	Cercopithecidae	OWM	family
Gorilla_gorilla	Microcebus_murinus	369878	1129	121.41305731	1	0.99999999993658	0.999056697646017	0.999056697383211	0.999056697709377	936.904391295405	938.904391295405	-1.99999999999966	BM	Hominidae	APE	Cheirogaleidae	STR	order
Gorilla_gorilla	Cheirogaleus_medius	369878	1941	121.41305731	0.997797960130061	0.99999999993658	0.999031879315186	0.999031879046575	0.996831971348814	936.904391295405	938.904391295405	-1.99999999999966	BM	Hominidae	APE	Cheirogaleidae	STR	order
Gorilla_gorilla	Galago_senegalensis	369878	2997	121.413057313	0.994934223550437	0.999999999961289	0.998998698433839	0.998998698157509	0.993937994392645	936.904391295405	938.904391295405	-1.99999999999966	BM	Hominidae	APE	Galagidae	STR	order
Gorilla_gorilla	Cheirogaleus_major	369878	4313	121.41305731	0.99136540031295	0.99999999993658	0.998955874795011	0.99895587450879	0.990330290773936	936.904391295405	938.904391295405	-1.99999999999966	BM	Hominidae	APE	Cheirogaleidae	STR	order
Gorilla_gorilla	Loris_tardigradus	369878	4551	121.4130573117	0.99071997483383	0.999999999950582	0.998947951441114	0.998947951153072	0.989677689360954	936.904391295405	938.904391295405	-1.99999999999966	BM	Hominidae	APE	Lorisidae	STR	order
Gorilla_gorilla	Lepilemur_ruficaudatus	369878	4708	121.413057307	0.990294210967352	0.999999999911871	0.998942694277343	0.998942693988094	0.989247167318163	936.904391295405	938.904391295405	-1.99999999999966	BM	Hominidae	APE	Lepilemuridae	STR	order
Gorilla_gorilla	Otolemur_crassicaudatus	369878	6545	121.413057313	0.98531250254238	0.999999999961289	0.998879349651132	0.998879349347427	0.984208311780762	936.904391295405	938.904391295405	-1.99999999999966	BM	Hominidae	APE	Galagidae	STR	order
Gorilla_gorilla	Avahi_laniger	369878	6550	121.413057308	0.985298943183575	0.999999999920108	0.998879172548502	0.998879172244757	0.984194593158752	936.904391295405	938.904391295405	-1.99999999999966	BM	Hominidae	APE	Indriidae	STR	order
Cebuella_pygmaea	Pongo_pygmaeus	3099	238300	78.0653383547	0.637834950060882	0.64297317009675	0.991473505485402	0.991473503928122	0.983550299249361	936.904391295405	938.904391295405	-1.99999999999966	BM	Callitrichidae	PLA	Hominidae	APE	order
Gorilla_gorilla	Nycticebus_coucang	369878	8495	121.4130573114	0.980024352608414	0.999999999948111	0.998808282662437	0.998808282342698	0.978856440646968	936.904391295405	938.904391295405	-1.99999999999966	BM	Hominidae	APE	Lorisidae	STR	order
Gorilla_gorilla	Perodicticus_potto	369878	9418	121.413057312	0.977521294973003	0.999999999953053	0.998773212437066	0.998773212109484	0.976322084051663	936.904391295405	938.904391295405	-1.99999999999966	BM	Hominidae	APE	Lorisidae	STR	order
Ateles_geoffroyi	Pan_troglodytes	79946	313493	78.065338351	0.633349514168174	0.642973170066276	0.990998035036643	0.990998033413487	0.9761653413429	936.904391295405	938.904391295405	-1.99999999999966	BM	Atelidae	PLA	Hominidae	APE	order
Callithrix_jacchus	Pongo_pygmaeus	5318	238300	78.0653383543	0.631817306623204	0.642973170093456	0.990830271855655	0.990830270209512	0.973638936743792	936.904391295405	938.904391295405	-1.99999999999966	BM	Callitrichidae	PLA	Hominidae	APE	order
Cercopithecus_ascanius	Pongo_pygmaeus	51279	238300	62.1515760357	0.507176968615508	0.511901910789288	0.980930465771509	0.980930462942718	0.971876309829557	936.904391295405	938.904391295405	-1.99999999999966	BM	Cercopithecidae	OWM	Hominidae	APE	order
Saguinus_oedipus	Pongo_pygmaeus	7052	238300	78.0653383542	0.627114920989616	0.642973170092632	0.990297842470733	0.99029784075248	0.965873199884453	936.904391295405	938.904391295405	-1.99999999999966	BM	Callitrichidae	PLA	Hominidae	APE	order
Saguinus_midas	Pongo_pygmaeus	7055	238300	78.0653383551	0.627106785374333	0.642973170100045	0.99029689791913	0.99029689620075	0.965859748274738	936.904391295405	938.904391295405	-1.99999999999966	BM	Callitrichidae	PLA	Hominidae	APE	order
Callimico_goeldii	Pongo_pygmaeus	7733	238300	78.0653383573	0.62526813632037	0.642973170118165	0.990081315189957	0.990081313442734	0.962818244252204	936.904391295405	938.904391295405	-1.99999999999966	BM	Callitrichidae	PLA	Hominidae	APE	order
Gorilla_gorilla	Eulemur_fulvus	369878	15566	121.4130573104	0.960848707386325	0.999999999939875	0.998514200734537	0.998514200350307	0.959421079140355	936.904391295405	938.904391295405	-1.99999999999966	BM	Hominidae	APE	Lemuridae	STR	order
Gorilla_gorilla	Propithecus_verreauxi	369878	17040	121.413057311	0.956851408410599	0.999999999944817	0.998445030473034	0.998445030074024	0.955363533681407	936.904391295405	938.904391295405	-1.99999999999966	BM	Hominidae	APE	Indriidae	STR	order
Gorilla_gorilla	Varecia_variegata	369878	20461	121.413057313	0.94757409511619	0.999999999961289	0.998272915355383	0.998272914920163	0.945937554483496	936.904391295405	938.904391295405	-1.99999999999966	BM	Hominidae	APE	Lemuridae	STR	order
Pygathrix_nemaeus	Pongo_pygmaeus	56189	238300	62.1515760348	0.493861678268958	0.511901910781876	0.977547573972601	0.977547570796613	0.943097252230359	936.904391295405	938.904391295405	-1.99999999999966	BM	Cercopithecidae	OWM	Hominidae	APE	order
Aotus_trivirgatus	Pongo_pygmaeus	12128	238300	78.0653383581	0.613349459930739	0.642973170124754	0.988577411914649	0.988577409971473	0.943030673550392	936.904391295405	938.904391295405	-1.99999999999966	BM	Aotidae	PLA	Hominidae	APE	order
Cercopithecus_mitis	Pongo_pygmaeus	56277	238300	62.1515760358	0.493623033553989	0.511901910790112	0.977482463872822	0.977482460690368	0.94257874192731	936.904391295405	938.904391295405	-1.99999999999966	BM	Cercopithecidae	OWM	Hominidae	APE	order
Piliocolobus_badius	Pongo_pygmaeus	57885	238300	62.151576036	0.489262343762288	0.511901910791759	0.976263496608711	0.976263493306605	0.933086898897416	936.904391295405	938.904391295405	-1.99999999999966	BM	Cercopithecidae	OWM	Hominidae	APE	order
Gorilla_gorilla	Indri_indri	369878	25551	121.413057306	0.933770667852659	0.999999999903635	0.997984225017248	0.997984224522934	0.931888396390575	936.904391295405	938.904391295405	-1.99999999999966	BM	Hominidae	APE	Indriidae	STR	order
Gorilla_gorilla	Daubentonia_madagascariensis	369878	30196	121.413057308	0.921174023522776	0.999999999920108	0.997682789141731	0.997682788587628	0.919039469146538	936.904391295405	938.904391295405	-1.99999999999966	BM	Hominidae	APE	Daubentoniidae	STR	order
Saimiri_sciureus	Pongo_pygmaeus	17635	238300	78.065338349	0.598415182142867	0.642973170049803	0.986409467238613	0.986409465027339	0.91805137212696	936.904391295405	938.904391295405	-1.99999999999966	BM	Cebidae	PLA	Hominidae	APE	order
Pan_troglodytes	Carlito_syrichta	313493	2258	115.745494551	0.844029407537376	0.953319989695427	0.995745520218101	0.995745519313362	0.881591187190137	936.904391295405	938.904391295405	-1.99999999999966	BM	Hominidae	APE	Tarsiidae	TAR	order
Nasalis_larvatus	Pongo_pygmaeus	70873	238300	62.151576035	0.454040553330314	0.511901910783523	0.964145414700103	0.96414541033022	0.855166015909723	936.904391295405	938.904391295405	-1.99999999999966	BM	Cercopithecidae	OWM	Hominidae	APE	order
Macaca_mulatta	Pongo_pygmaeus	71080	238300	62.1515760367	0.453479195875785	0.511901910797525	0.963915866819114	0.96391586243082	0.853905373191579	936.904391295405	938.904391295405	-1.99999999999966	BM	Cercopithecidae	OWM	Hominidae	APE	order
Pan_troglodytes	Microcebus_murinus	313493	1129	121.41305731	0.847091110755555	0.99999999993658	0.994909595542609	0.994909594499682	0.842779074442997	936.904391295405	938.904391295405	-1.99999999999966	BM	Hominidae	APE	Cheirogaleidae	STR	order
Pan_troglodytes	Cheirogaleus_medius	313493	1941	121.41305731	0.844889070885616	0.99999999993658	0.994793541961372	0.994793540899747	0.840490191444058	936.904391295405	938.904391295405	-1.99999999999966	BM	Hominidae	APE	Cheirogaleidae	STR	order
Pan_troglodytes	Galago_senegalensis	313493	2997	121.413057313	0.842025334305991	0.999999999961289	0.994639040549728	0.994639039463382	0.837511270665096	936.904391295405	938.904391295405	-1.99999999999966	BM	Hominidae	APE	Galagidae	STR	order
Pan_troglodytes	Cheirogaleus_major	313493	4313	121.41305731	0.838456511068505	0.99999999993658	0.994440709974234	0.994440708856431	0.833795288202362	936.904391295405	938.904391295405	-1.99999999999966	BM	Hominidae	APE	Cheirogaleidae	STR	order
Pan_troglodytes	Loris_tardigradus	313493	4551	121.4130573117	0.837811085589385	0.999999999950582	0.994404142714521	0.994404141590951	0.833122814363405	936.904391295405	938.904391295405	-1.99999999999966	BM	Hominidae	APE	Lorisidae	STR	order
Pan_troglodytes	Lepilemur_ruficaudatus	313493	4708	121.413057307	0.837385321722906	0.999999999911871	0.994379901964096	0.99437990083671	0.83267913419438	936.904391295405	938.904391295405	-1.99999999999966	BM	Hominidae	APE	Lepilemuridae	STR	order
Pan_troglodytes	Otolemur_crassicaudatus	313493	6545	121.413057313	0.832403613297934	0.999999999961289	0.99408914776947	0.994089146596641	0.827483398575603	936.904391295405	938.904391295405	-1.99999999999966	BM	Hominidae	APE	Galagidae	STR	order
Pan_troglodytes	Avahi_laniger	313493	6550	121.413057308	0.832390053939129	0.999999999920108	0.994088338221696	0.994088337048741	0.827469245538725	936.904391295405	938.904391295405	-1.99999999999966	BM	Hominidae	APE	Indriidae	STR	order
Alouatta_seniculus	Pongo_pygmaeus	37388	238300	78.0653383584	0.544847579247673	0.642973170127225	0.975359403144249	0.975359399755062	0.826507596879115	936.904391295405	938.904391295405	-1.99999999999966	BM	Atelidae	PLA	Hominidae	APE	order
Pan_troglodytes	Nycticebus_coucang	313493	8495	121.4130573114	0.827115463363968	0.999999999948111	0.993765737889986	0.993765736667324	0.821959008812763	936.904391295405	938.904391295405	-1.99999999999966	BM	Hominidae	APE	Lorisidae	STR	order
Pan_troglodytes	Perodicticus_potto	313493	9418	121.413057312	0.824612405728558	0.999999999953053	0.993607172673033	0.993607171426202	0.819340801045526	936.904391295405	938.904391295405	-1.99999999999966	BM	Hominidae	APE	Lorisidae	STR	order
Pan_troglodytes	Eulemur_fulvus	313493	15566	121.4130573104	0.80793981814188	0.999999999939875	0.99245513792428	0.992455136506619	0.801844023696728	936.904391295405	938.904391295405	-1.99999999999966	BM	Hominidae	APE	Lemuridae	STR	order
Papio_anubis	Pan_troglodytes	154987	313493	62.1515760319	0.42984794535036	0.51190191075799	0.953050403018556	0.953050397819964	0.800283704638359	936.904391295405	938.904391295405	-1.99999999999966	BM	Cercopithecidae	OWM	Hominidae	APE	order
Pan_troglodytes	Propithecus_verreauxi	313493	17040	121.413057311	0.803942519166154	0.999999999944817	0.992152645101133	0.992152643639903	0.797633696943984	936.904391295405	938.904391295405	-1.99999999999966	BM	Hominidae	APE	Indriidae	STR	order
Pan_troglodytes	Varecia_variegata	313493	20461	121.413057313	0.794665205871745	0.999999999961289	0.991408334765953	0.991408333199578	0.787837708480247	936.904391295405	938.904391295405	-1.99999999999966	BM	Hominidae	APE	Lemuridae	STR	order
Pan_troglodytes	Indri_indri	313493	25551	121.413057306	0.780861778608213	0.999999999903635	0.990183923034743	0.990183921301223	0.773196779364677	936.904391295405	938.904391295405	-1.99999999999966	BM	Hominidae	APE	Indriidae	STR	order
Erythrocebus_patas	Pongo_pygmaeus	84770	238300	62.151576036	0.416353671467584	0.511901910791759	0.945693551090144	0.945693545401562	0.769176621104218	936.904391295405	938.904391295405	-1.99999999999966	BM	Cercopithecidae	OWM	Hominidae	APE	order
Pan_troglodytes	Daubentonia_madagascariensis	313493	30196	121.413057308	0.76826513427833	0.999999999920108	0.98893330766678	0.988933305769182	0.759762980467631	936.904391295405	938.904391295405	-1.99999999999966	BM	Hominidae	APE	Daubentoniidae	STR	order
Cebus_albifrons	Pongo_pygmaeus	52113	238300	78.0653383502	0.504915267566827	0.642973170059687	0.962685592691287	0.962685588205307	0.755979683524475	936.904391295405	938.904391295405	-1.99999999999966	BM	Cebidae	PLA	Hominidae	APE	order
Papio_anubis	Pygathrix_nemaeus	154987	56189	38.5936741527	0.267927506244085	0.317870869948629	0.883933698001933	0.883933689393815	0.745051446296555	936.904391295405	938.904391295405	-1.99999999999966	BM	Cercopithecidae	OWM	Cercopithecidae	OWM	family
Papio_anubis	Piliocolobus_badius	154987	57885	38.5936741539	0.263328171737415	0.317870869958512	0.877538598590504	0.877538589766986	0.726963860595376	936.904391295405	938.904391295405	-1.99999999999966	BM	Cercopithecidae	OWM	Cercopithecidae	OWM	family
Pan_troglodytes	Gorilla_gorilla	313493	369878	20.238906202	0.152908889244445	0.16669464264491	0.784467852036378	0.784467841205039	0.719591859699884	936.904391295405	938.904391295405	-1.99999999999966	BM	Hominidae	APE	Hominidae	APE	family
Pongo_pygmaeus	Carlito_syrichta	238300	2258	115.745494555	0.64011563421189	0.953319989728372	0.969842284315856	0.969842280422959	0.651209683631241	936.904391295405	938.904391295405	-1.99999999999966	BM	Hominidae	APE	Tarsiidae	TAR	order
Pongo_pygmaeus	Microcebus_murinus	238300	1129	121.413057314	0.643177337430068	0.999999999969525	0.966574216544049	0.966574212372681	0.6216786310443	936.904391295405	938.904391295405	-1.99999999999966	BM	Hominidae	APE	Cheirogaleidae	STR	order
Pongo_pygmaeus	Cheirogaleus_medius	238300	1941	121.413057314	0.640975297560129	0.999999999969526	0.96596438071283	0.965964376490969	0.619159306378761	936.904391295405	938.904391295405	-1.99999999999966	BM	Hominidae	APE	Cheirogaleidae	STR	order
Papio_anubis	Erythrocebus_patas	154987	84770	29.8369393139	0.19041949944271	0.245747368306739	0.796004956548291	0.796004945873043	0.616791408283356	936.904391295405	938.904391295405	-1.99999999999966	BM	Cercopithecidae	OWM	Cercopithecidae	OWM	family
Ateles_geoffroyi	Pongo_pygmaeus	79946	238300	78.065338355	0.429435740842687	0.642973170099221	0.92344333257414	0.923443325623896	0.616759127894902	936.904391295405	938.904391295405	-1.99999999999966	BM	Atelidae	PLA	Hominidae	APE	order
Pongo_pygmaeus	Galago_senegalensis	238300	2997	121.413057317	0.638111560980504	0.999999999994235	0.965157086778985	0.965157082490957	0.615877895239485	936.904391295405	938.904391295405	-1.99999999999966	BM	Hominidae	APE	Galagidae	STR	order
Pongo_pygmaeus	Cheirogaleus_major	238300	4313	121.413057314	0.634542737743018	0.999999999969526	0.964128191491942	0.964128187120676	0.611780542183165	936.904391295405	938.904391295405	-1.99999999999966	BM	Hominidae	APE	Cheirogaleidae	STR	order
Pongo_pygmaeus	Loris_tardigradus	238300	4551	121.4130573157	0.633897312263898	0.999999999983527	0.963939374398451	0.96393937001204	0.611038578626587	936.904391295405	938.904391295405	-1.99999999999966	BM	Hominidae	APE	Lorisidae	STR	order
Pongo_pygmaeus	Lepilemur_ruficaudatus	238300	4708	121.413057311	0.633471548397419	0.999999999944816	0.96381435528514	0.963814350888723	0.61054897204383	936.904391295405	938.904391295405	-1.99999999999966	BM	Hominidae	APE	Lepilemuridae	STR	order
Pongo_pygmaeus	Otolemur_crassicaudatus	238300	6545	121.413057317	0.628489839972447	0.999999999994235	0.962323889622202	0.962323885107815	0.604810787393808	936.904391295405	938.904391295405	-1.99999999999966	BM	Hominidae	APE	Galagidae	STR	order
Pongo_pygmaeus	Avahi_laniger	238300	6550	121.413057312	0.628476280613642	0.999999999953053	0.962319762609288	0.962319758094577	0.604795145194082	936.904391295405	938.904391295405	-1.99999999999966	BM	Hominidae	APE	Indriidae	STR	order
Pongo_pygmaeus	Nycticebus_coucang	238300	8495	121.4130573154	0.623201690038481	0.999999999981056	0.960684906625843	0.960684901984461	0.598700457415028	936.904391295405	938.904391295405	-1.99999999999966	BM	Hominidae	APE	Lorisidae	STR	order
Pongo_pygmaeus	Perodicticus_potto	238300	9418	121.413057316	0.620698632403071	0.999999999985998	0.959888251490693	0.95988824678858	0.59580132496839	936.904391295405	938.904391295405	-1.99999999999966	BM	Hominidae	APE	Lorisidae	STR	order
Papio_anubis	Nasalis_larvatus	154987	70873	38.5936741529	0.228106381305441	0.317870869950276	0.819082176620545	0.819082166326403	0.58777915488111	936.904391295405	938.904391295405	-1.99999999999966	BM	Cercopithecidae	OWM	Cercopithecidae	OWM	family
Cebuella_pygmaea	Papio_anubis	3099	154987	78.0653383526	0.411900778036008	0.642973170079454	0.910625935016357	0.910625927458823	0.583364203340949	936.904391295405	938.904391295405	-1.99999999999966	BM	Callitrichidae	PLA	Cercopithecidae	OWM	order
Pongo_pygmaeus	Eulemur_fulvus	238300	15566	121.4130573144	0.604026044816393	0.99999999997282	0.954224925872196	0.954224920755887	0.576376707855464	936.904391295405	938.904391295405	-1.99999999999966	BM	Hominidae	APE	Lemuridae	STR	order
Callithrix_jacchus	Papio_anubis	5318	154987	78.0653383522	0.405883134598331	0.642973170076159	0.90584809423595	0.905848086470558	0.571825514764266	936.904391295405	938.904391295405	-1.99999999999966	BM	Callitrichidae	PLA	Cercopithecidae	OWM	order
Pongo_pygmaeus	Propithecus_verreauxi	238300	17040	121.413057315	0.600028745840667	0.999999999977762	0.952771217073902	0.952771211855925	0.571690118466653	936.904391295405	938.904391295405	-1.99999999999966	BM	Hominidae	APE	Indriidae	STR	order
Saguinus_oedipus	Papio_anubis	7052	154987	78.0653383521	0.401180748964743	0.642973170075336	0.901973755964476	0.901973748037295	0.562783213678998	936.904391295405	938.904391295405	-1.99999999999966	BM	Callitrichidae	PLA	Cercopithecidae	OWM	order
Saguinus_midas	Papio_anubis	7055	154987	78.065338353	0.40117261334946	0.642973170082748	0.901966944232322	0.901966936304862	0.562767550823216	936.904391295405	938.904391295405	-1.99999999999966	BM	Callitrichidae	PLA	Cercopithecidae	OWM	order
Pongo_pygmaeus	Varecia_variegata	238300	20461	121.413057317	0.590751432546258	0.999999999994235	0.94924713942281	0.94924713396563	0.560769107457696	936.904391295405	938.904391295405	-1.99999999999966	BM	Hominidae	APE	Lemuridae	STR	order
Callimico_goeldii	Papio_anubis	7733	154987	78.0653383552	0.399333964295496	0.642973170100868	0.900417768109192	0.900417760118675	0.559226128836353	936.904391295405	938.904391295405	-1.99999999999966	BM	Callitrichidae	PLA	Cercopithecidae	OWM	order
Pongo_pygmaeus	Indri_indri	238300	25551	121.41305731	0.576948005282726	0.99999999993658	0.943598025640788	0.943598019820085	0.544406998716697	936.904391295405	938.904391295405	-1.99999999999966	BM	Hominidae	APE	Indriidae	STR	order
Aotus_trivirgatus	Papio_anubis	12128	154987	78.065338356	0.387415287905865	0.642973170107457	0.889896665592672	0.889896657197165	0.536195892667553	936.904391295405	938.904391295405	-1.99999999999966	BM	Aotidae	PLA	Cercopithecidae	OWM	order
Pongo_pygmaeus	Daubentonia_madagascariensis	238300	30196	121.413057312	0.564351360952843	0.999999999953053	0.937995108850385	0.937995102691138	0.529358816271677	936.904391295405	938.904391295405	-1.99999999999966	BM	Hominidae	APE	Daubentoniidae	STR	order
Saimiri_sciureus	Papio_anubis	17635	154987	78.0653383469	0.372481010117994	0.642973170032507	0.875495659188153	0.875495650298455	0.507183693950768	936.904391295405	938.904391295405	-1.99999999999966	BM	Cebidae	PLA	Cercopithecidae	OWM	order
Pan_troglodytes	Pongo_pygmaeus	313493	238300	40.643277586	0.203913773325487	0.334752113849248	0.756178311473741	0.756178300346	0.460624941322838	936.904391295405	938.904391295405	-1.99999999999966	BM	Hominidae	APE	Hominidae	APE	family
Alouatta_seniculus	Papio_anubis	37388	154987	78.0653383563	0.318913407222799	0.642973170109928	0.811564733616859	0.811564723187933	0.402534485747463	936.904391295405	938.904391295405	-1.99999999999966	BM	Atelidae	PLA	Cercopithecidae	OWM	order
Cebuella_pygmaea	Ateles_geoffroyi	3099	79946	46.5475501497	0.208399209218194	0.383381748042961	0.734300304274488	0.73430029299312	0.399152029330136	936.904391295405	938.904391295405	-1.99999999999966	BM	Callitrichidae	PLA	Atelidae	PLA	superfamily
Callithrix_jacchus	Ateles_geoffroyi	5318	79946	46.5475501493	0.202381565780517	0.383381748039666	0.720250061049839	0.720250049701098	0.380209375783059	936.904391295405	938.904391295405	-1.99999999999966	BM	Callitrichidae	PLA	Atelidae	PLA	superfamily
Saguinus_oedipus	Ateles_geoffroyi	7052	79946	46.5475501492	0.197679180146929	0.383381748038842	0.708925189097297	0.708925177710804	0.365535790065995	936.904391295405	938.904391295405	-1.99999999999966	BM	Callitrichidae	PLA	Atelidae	PLA	superfamily
Saguinus_midas	Ateles_geoffroyi	7055	79946	46.5475501501	0.197671044531646	0.383381748046255	0.708905332454024	0.708905321067477	0.365510508140659	936.904391295405	938.904391295405	-1.99999999999966	BM	Callitrichidae	PLA	Atelidae	PLA	superfamily
Papio_anubis	Carlito_syrichta	154987	2258	115.7454945529	0.414181462187016	0.953319989711076	0.839321874321537	0.83932186444628	0.364653594704752	936.904391295405	938.904391295405	-1.99999999999966	BM	Cercopithecidae	OWM	Tarsiidae	TAR	order
Callimico_goeldii	Ateles_geoffroyi	7733	79946	46.5475501523	0.195832395477683	0.383381748064375	0.704394359115109	0.70439434771747	0.359806473320468	936.904391295405	938.904391295405	-1.99999999999966	BM	Callitrichidae	PLA	Atelidae	PLA	superfamily
Papio_anubis	Microcebus_murinus	154987	1129	121.4130573119	0.417243165405194	0.999999999952229	0.832347696994468	0.832347686965221	0.347291387828286	936.904391295405	938.904391295405	-1.99999999999966	BM	Cercopithecidae	OWM	Cheirogaleidae	STR	order
Papio_anubis	Cheirogaleus_medius	154987	1941	121.4130573119	0.415041125535256	0.999999999952229	0.83009366365892	0.830093653582129	0.34452300848114	936.904391295405	938.904391295405	-1.99999999999966	BM	Cercopithecidae	OWM	Cheirogaleidae	STR	order
Papio_anubis	Galago_senegalensis	154987	2997	121.4130573149	0.412177388955631	0.999999999976938	0.827128425999287	0.827128415861557	0.340923634967229	936.904391295405	938.904391295405	-1.99999999999966	BM	Cercopithecidae	OWM	Galagidae	STR	order
Papio_anubis	Cheirogaleus_major	154987	4313	121.4130573119	0.408608565718144	0.999999999952229	0.823379166179368	0.823379155967154	0.336439780150825	936.904391295405	938.904391295405	-1.99999999999966	BM	Cercopithecidae	OWM	Cheirogaleidae	STR	order
Papio_anubis	Loris_tardigradus	154987	4551	121.4130573136	0.407963140239024	0.999999999966231	0.822694685860371	0.822694675634863	0.335629107512889	936.904391295405	938.904391295405	-1.99999999999966	BM	Cercopithecidae	OWM	Lorisidae	STR	order
Papio_anubis	Lepilemur_ruficaudatus	154987	4708	121.4130573089	0.407537376372546	0.99999999992752	0.822242078629365	0.822242068395117	0.335094379492008	936.904391295405	938.904391295405	-1.99999999999966	BM	Cercopithecidae	OWM	Lepilemuridae	STR	order
Papio_anubis	Otolemur_crassicaudatus	154987	6545	121.4130573149	0.402555667947574	0.999999999976938	0.816882219488247	0.816882209153552	0.328840567508172	936.904391295405	938.904391295405	-1.99999999999966	BM	Cercopithecidae	OWM	Galagidae	STR	order
Papio_anubis	Avahi_laniger	154987	6550	121.4130573099	0.402542108588769	0.999999999935757	0.816867469220152	0.816867458885188	0.328823553518576	936.904391295405	938.904391295405	-1.99999999999966	BM	Cercopithecidae	OWM	Indriidae	STR	order
Cebus_albifrons	Papio_anubis	52113	154987	78.0653383481	0.278981095541954	0.64297317004239	0.75007779153405	0.75007778035722	0.325452964095007	936.904391295405	938.904391295405	-1.99999999999966	BM	Cebidae	PLA	Cercopithecidae	OWM	order
Aotus_trivirgatus	Ateles_geoffroyi	12128	79946	46.5475501531	0.183913719088052	0.383381748070964	0.674022321363331	0.674022309945626	0.323338167489775	936.904391295405	938.904391295405	-1.99999999999966	BM	Aotidae	PLA	Atelidae	PLA	superfamily
Papio_anubis	Nycticebus_coucang	154987	8495	121.4130573133	0.397267518013608	0.99999999996376	0.81106260167271	0.811062591235159	0.322208826731854	936.904391295405	938.904391295405	-1.99999999999966	BM	Cercopithecidae	OWM	Lorisidae	STR	order
Papio_anubis	Perodicticus_potto	154987	9418	121.4130573139	0.394764460378198	0.999999999968702	0.808260904549947	0.808260894065119	0.31907267983944	936.904391295405	938.904391295405	-1.99999999999966	BM	Cercopithecidae	OWM	Lorisidae	STR	order
Papio_anubis	Pongo_pygmaeus	154987	238300	62.1515760359	0.225934172024873	0.511901910790935	0.703637836687872	0.703637825288586	0.310559169024814	936.904391295405	938.904391295405	-1.99999999999966	BM	Cercopithecidae	OWM	Hominidae	APE	order
Papio_anubis	Eulemur_fulvus	154987	15566	121.4130573123	0.378091872791519	0.999999999955524	0.788816182270063	0.788816171495015	0.29824498765601	936.904391295405	938.904391295405	-1.99999999999966	BM	Cercopithecidae	OWM	Lemuridae	STR	order
Papio_anubis	Propithecus_verreauxi	154987	17040	121.4130573129	0.374094573815793	0.999999999960466	0.783949354233384	0.783949343395532	0.293271199576699	936.904391295405	938.904391295405	-1.99999999999966	BM	Cercopithecidae	OWM	Indriidae	STR	order
Papio_anubis	Hylobates_lar	154987	76001	62.1515760366	0.214199902914991	0.511901910796701	0.67784086591658	0.677840854496394	0.283635291466626	936.904391295405	938.904391295405	-1.99999999999966	BM	Cercopithecidae	OWM	Hylobatidae	APE	order
Papio_anubis	Varecia_variegata	154987	20461	121.4130573149	0.364817260521384	0.999999999976938	0.772343982196842	0.772343971224087	0.281764415771727	936.904391295405	938.904391295405	-1.99999999999966	BM	Cercopithecidae	OWM	Lemuridae	STR	order
Saimiri_sciureus	Ateles_geoffroyi	17635	79946	46.547550144	0.16897944130018	0.383381747996013	0.633201718253002	0.633201706943539	0.279090157890925	936.904391295405	938.904391295405	-1.99999999999966	BM	Cebidae	PLA	Atelidae	PLA	superfamily
Papio_anubis	Indri_indri	154987	25551	121.4130573079	0.351013833257853	0.999999999919284	0.754265430274404	0.754265419130734	0.264757599995873	936.904391295405	938.904391295405	-1.99999999999966	BM	Cercopithecidae	OWM	Indriidae	STR	order
Papio_anubis	Daubentonia_madagascariensis	154987	30196	121.4130573099	0.33841718892797	0.999999999935757	0.73690940898419	0.736909397717946	0.249382810699023	936.904391295405	938.904391295405	-1.99999999999966	BM	Cercopithecidae	OWM	Daubentoniidae	STR	order
Cercopithecus_ascanius	Erythrocebus_patas	51279	84770	23.4097503937	0.0908232971479245	0.192810813852121	0.506023061607308	0.506023051413763	0.238361541916999	936.904391295405	938.904391295405	-1.99999999999966	BM	Cercopithecidae	OWM	Cercopithecidae	OWM	family
Cebuella_pygmaea	Erythrocebus_patas	3099	84770	78.0653383527	0.221481278593298	0.642973170080277	0.638970380118037	0.638970368784661	0.220102460502542	936.904391295405	938.904391295405	-1.99999999999966	BM	Callitrichidae	PLA	Cercopithecidae	OWM	order
Cebuella_pygmaea	Cebus_albifrons	3099	52113	41.3912937969	0.132919682494054	0.34091303449012	0.54844096830487	0.548440957626894	0.213833417906254	936.904391295405	938.904391295405	-1.99999999999966	BM	Callitrichidae	PLA	Cebidae	PLA	superfamily
Alouatta_seniculus	Ateles_geoffroyi	37388	79946	34.5806779974	0.115411838404986	0.284818443430785	0.525475409244027	0.525475398816069	0.212928918109908	936.904391295405	938.904391295405	-1.99999999999966	BM	Atelidae	PLA	Atelidae	PLA	family
Callithrix_jacchus	Erythrocebus_patas	5318	84770	78.0653383523	0.215463635155621	0.642973170076983	0.625775306068685	0.625775294793929	0.209700541968239	936.904391295405	938.904391295405	-1.99999999999966	BM	Callitrichidae	PLA	Cercopithecidae	OWM	order
Saguinus_oedipus	Erythrocebus_patas	7052	84770	78.0653383522	0.210761249522033	0.642973170076159	0.6152593748326	0.615259363614322	0.201676898282558	936.904391295405	938.904391295405	-1.99999999999966	BM	Callitrichidae	PLA	Cercopithecidae	OWM	order
Saguinus_midas	Erythrocebus_patas	7055	84770	78.0653383531	0.21075311390675	0.642973170083572	0.615241025995042	0.61524101477687	0.201663098966922	936.904391295405	938.904391295405	-1.99999999999966	BM	Callitrichidae	PLA	Cercopithecidae	OWM	order
Callimico_goeldii	Erythrocebus_patas	7733	84770	78.0653383553	0.208914464852786	0.642973170101692	0.611080473432139	0.611080462238626	0.198551908579438	936.904391295405	938.904391295405	-1.99999999999966	BM	Callitrichidae	PLA	Cercopithecidae	OWM	order
Callithrix_jacchus	Cebus_albifrons	5318	52113	41.3912937965	0.126902039056377	0.340913034486826	0.527696553506823	0.527696543053389	0.196430649076946	936.904391295405	938.904391295405	-1.99999999999966	BM	Callitrichidae	PLA	Cebidae	PLA	superfamily
Ateles_geoffroyi	Papio_anubis	79946	154987	78.0653383529	0.203501568817814	0.642973170081925	0.598673930980833	0.598673919868371	0.189480821026177	936.904391295405	938.904391295405	-1.99999999999966	BM	Atelidae	PLA	Cercopithecidae	OWM	order
Saguinus_oedipus	Cebus_albifrons	7052	52113	41.3912937964	0.122199653422789	0.340913034486002	0.51112754082344	0.511127530566457	0.183212731767906	936.904391295405	938.904391295405	-1.99999999999966	BM	Callitrichidae	PLA	Cebidae	PLA	superfamily
Saguinus_midas	Cebus_albifrons	7055	52113	41.3912937973	0.122191517807506	0.340913034493415	0.511098605831681	0.511098595575054	0.183190163112052	936.904391295405	938.904391295405	-1.99999999999966	BM	Callitrichidae	PLA	Cebidae	PLA	superfamily
Cebuella_pygmaea	Hylobates_lar	3099	76001	78.0653383554	0.197700875121017	0.642973170102516	0.585118162997111	0.585118151985617	0.179911663896158	936.904391295405	938.904391295405	-1.99999999999966	BM	Callitrichidae	PLA	Hylobatidae	APE	order
Aotus_trivirgatus	Erythrocebus_patas	12128	84770	78.0653383561	0.196995788463155	0.642973170108281	0.583452179292401	0.583452168294182	0.178759592831683	936.904391295405	938.904391295405	-1.99999999999966	BM	Aotidae	PLA	Cercopithecidae	OWM	order
Callimico_goeldii	Cebus_albifrons	7733	52113	41.3912937995	0.120352868753542	0.340913034511535	0.504535692526543	0.504535682351734	0.178116738983384	936.904391295405	938.904391295405	-1.99999999999966	BM	Callitrichidae	PLA	Cebidae	PLA	superfamily
Cercopithecus_mitis	Erythrocebus_patas	56277	84770	23.4097503938	0.0772693620864057	0.192810813852945	0.439380423232312	0.439380413981178	0.176082680934636	936.904391295405	938.904391295405	-1.99999999999966	BM	Cercopithecidae	OWM	Cercopithecidae	OWM	family
Callithrix_jacchus	Hylobates_lar	5318	76001	78.065338355	0.19168323168334	0.642973170099221	0.570773286519615	0.570773275628417	0.170158994506283	936.904391295405	938.904391295405	-1.99999999999966	BM	Callitrichidae	PLA	Hylobatidae	APE	order
Saguinus_oedipus	Hylobates_lar	7052	76001	78.0653383549	0.186980846049752	0.642973170098397	0.559365747330662	0.559365736544551	0.162667255106668	936.904391295405	938.904391295405	-1.99999999999966	BM	Callitrichidae	PLA	Hylobatidae	APE	order
Saguinus_midas	Hylobates_lar	7055	76001	78.0653383558	0.186972710434469	0.64297317010581	0.559345861662912	0.559345850876991	0.162654394752129	936.904391295405	938.904391295405	-1.99999999999966	BM	Callitrichidae	PLA	Hylobatidae	APE	order
Callimico_goeldii	Hylobates_lar	7733	76001	78.065338358	0.185134061380505	0.64297317012393	0.554838522070739	0.554838511328566	0.159757068839302	936.904391295405	938.904391295405	-1.99999999999966	BM	Callitrichidae	PLA	Hylobatidae	APE	order
Cebuella_pygmaea	Macaca_mulatta	3099	71080	78.0653383534	0.184355754185096	0.642973170086043	0.552922657889214	0.552922647166009	0.158536123035356	936.904391295405	938.904391295405	-1.99999999999966	BM	Callitrichidae	PLA	Cercopithecidae	OWM	order
Cebuella_pygmaea	Nasalis_larvatus	3099	70873	78.0653383517	0.183794396730567	0.642973170072041	0.551537926266834	0.551537915557476	0.15765755890076	936.904391295405	938.904391295405	-1.99999999999966	BM	Callitrichidae	PLA	Cercopithecidae	OWM	order
Saimiri_sciureus	Erythrocebus_patas	17635	84770	78.065338347	0.182061510675283	0.64297317003333	0.547247992299772	0.547247981634037	0.154956382063263	936.904391295405	938.904391295405	-1.99999999999966	BM	Cebidae	PLA	Cercopithecidae	OWM	order
Callithrix_jacchus	Macaca_mulatta	5318	71080	78.065338353	0.178338110747419	0.642973170082748	0.537952390029732	0.537952379462219	0.149209045375275	936.904391295405	938.904391295405	-1.99999999999966	BM	Callitrichidae	PLA	Cercopithecidae	OWM	order
Callithrix_jacchus	Nasalis_larvatus	5318	70873	78.0653383513	0.17777675329289	0.642973170068747	0.536541757655789	0.536541747103616	0.148349349743331	936.904391295405	938.904391295405	-1.99999999999966	BM	Callitrichidae	PLA	Cercopithecidae	OWM	order
Aotus_trivirgatus	Cebus_albifrons	12128	52113	41.3912938003	0.108434192363911	0.340913034518124	0.460877005134441	0.460876995557429	0.146591126682763	936.904391295405	938.904391295405	-1.99999999999966	BM	Aotidae	PLA	Cebidae	PLA	superfamily
Saguinus_oedipus	Macaca_mulatta	7052	71080	78.0653383529	0.173635725113831	0.642973170081925	0.52606198194715	0.526061971512439	0.142063709561278	936.904391295405	938.904391295405	-1.99999999999966	BM	Callitrichidae	PLA	Cercopithecidae	OWM	order
Saguinus_midas	Macaca_mulatta	7055	71080	78.0653383538	0.173627589498548	0.642973170089338	0.526041265591233	0.52604125515676	0.14205145901917	936.904391295405	938.904391295405	-1.99999999999966	BM	Callitrichidae	PLA	Cercopithecidae	OWM	order
Aotus_trivirgatus	Hylobates_lar	12128	76001	78.0653383588	0.173215384990875	0.642973170130519	0.524990985800019	0.524990975377654	0.141431275746124	936.904391295405	938.904391295405	-1.99999999999966	BM	Aotidae	PLA	Hylobatidae	APE	order
Saguinus_oedipus	Nasalis_larvatus	7052	70873	78.0653383512	0.173074367659302	0.642973170067923	0.52463138652786	0.524631376109655	0.141219338075865	936.904391295405	938.904391295405	-1.99999999999966	BM	Callitrichidae	PLA	Cercopithecidae	OWM	order
Saguinus_midas	Nasalis_larvatus	7055	70873	78.0653383521	0.173066232044019	0.642973170075336	0.524610635856378	0.524610625438413	0.141207114485419	936.904391295405	938.904391295405	-1.99999999999966	BM	Callitrichidae	PLA	Cercopithecidae	OWM	order
Callimico_goeldii	Macaca_mulatta	7733	71080	78.065338356	0.171788940444584	0.642973170107457	0.521346624861667	0.521346614481782	0.139292879474859	936.904391295405	938.904391295405	-1.99999999999966	BM	Callitrichidae	PLA	Cercopithecidae	OWM	order
Callimico_goeldii	Nasalis_larvatus	7733	70873	78.0653383543	0.171227582990056	0.642973170093456	0.519908260191242	0.51990824982832	0.138454664844214	936.904391295405	938.904391295405	-1.99999999999966	BM	Callitrichidae	PLA	Cercopithecidae	OWM	order
Cebus_albifrons	Saimiri_sciureus	52113	17635	36.6614225672	0.0934999145760395	0.301956176519536	0.426347658466223	0.426347649421926	0.132017401020797	936.904391295405	938.904391295405	-1.99999999999966	BM	Cebidae	PLA	Cebidae	PLA	family
Erythrocebus_patas	Carlito_syrichta	84770	2258	115.745494553	0.223761962744306	0.953319989711899	0.55146590848293	0.551465897774295	0.129439322997941	936.904391295405	938.904391295405	-1.99999999999966	BM	Cercopithecidae	OWM	Tarsiidae	TAR	order
Erythrocebus_patas	Microcebus_murinus	84770	1129	121.413057312	0.226823665962484	0.999999999953053	0.546797146367185	0.546797135706098	0.124026533282653	936.904391295405	938.904391295405	-1.99999999999966	BM	Cercopithecidae	OWM	Cheirogaleidae	STR	order
Aotus_trivirgatus	Macaca_mulatta	12128	71080	78.0653383568	0.159870264054953	0.642973170114047	0.490307520599914	0.490307510609944	0.121911140977366	936.904391295405	938.904391295405	-1.99999999999966	BM	Aotidae	PLA	Cercopithecidae	OWM	order
Erythrocebus_patas	Cheirogaleus_medius	84770	1941	121.413057312	0.224621626092545	0.999999999953053	0.542399731949947	0.542399721334817	0.121834709788478	936.904391295405	938.904391295405	-1.99999999999966	BM	Cercopithecidae	OWM	Cheirogaleidae	STR	order
Aotus_trivirgatus	Nasalis_larvatus	12128	70873	78.0653383551	0.159308906600425	0.642973170100045	0.488820067013727	0.488820057043655	0.121114525491299	936.904391295405	938.904391295405	-1.99999999999966	BM	Aotidae	PLA	Cercopithecidae	OWM	order
Saimiri_sciureus	Hylobates_lar	17635	76001	78.0653383497	0.158281107203003	0.642973170055568	0.486090797172658	0.486090787239374	0.119661275401319	936.904391295405	938.904391295405	-1.99999999999966	BM	Cebidae	PLA	Hylobatidae	APE	order
Erythrocebus_patas	Galago_senegalensis	84770	2997	121.413057315	0.221757889512921	0.999999999977762	0.536645265578122	0.536645255024819	0.119005321514352	936.904391295405	938.904391295405	-1.99999999999966	BM	Cercopithecidae	OWM	Galagidae	STR	order
Ateles_geoffroyi	Carlito_syrichta	79946	2258	115.745494546	0.210679893369202	0.953319989654245	0.524496627950298	0.524496617533653	0.115911650703089	936.904391295405	938.904391295405	-1.99999999999966	BM	Atelidae	PLA	Tarsiidae	TAR	order
Erythrocebus_patas	Cheirogaleus_major	84770	4313	121.413057312	0.218189066275434	0.999999999953053	0.529417879462919	0.529417868989928	0.115513192794957	936.904391295405	938.904391295405	-1.99999999999966	BM	Cercopithecidae	OWM	Cheirogaleidae	STR	order
Erythrocebus_patas	Loris_tardigradus	84770	4551	121.4130573137	0.217543640796314	0.999999999967054	0.528104185252483	0.528104174794404	0.114885707183381	936.904391295405	938.904391295405	-1.99999999999966	BM	Cercopithecidae	OWM	Lorisidae	STR	order
Erythrocebus_patas	Lepilemur_ruficaudatus	84770	4708	121.413057309	0.217117876929836	0.999999999928344	0.527236483441353	0.527236472993174	0.114472465932942	936.904391295405	938.904391295405	-1.99999999999966	BM	Cercopithecidae	OWM	Lepilemuridae	STR	order
Ateles_geoffroyi	Microcebus_murinus	79946	1129	121.413057305	0.213741596587381	0.999999999895398	0.520324658843323	0.520324648475479	0.111215023336589	936.904391295405	938.904391295405	-1.99999999999966	BM	Atelidae	PLA	Cheirogaleidae	STR	order
Erythrocebus_patas	Otolemur_crassicaudatus	84770	6545	121.413057315	0.212136168504864	0.999999999977762	0.517018835194788	0.517018824866276	0.109678394745509	936.904391295405	938.904391295405	-1.99999999999966	BM	Cercopithecidae	OWM	Galagidae	STR	order
Erythrocebus_patas	Avahi_laniger	84770	6550	121.41305731	0.212122609146059	0.99999999993658	0.516990861799103	0.516990851470926	0.10966545051645	936.904391295405	938.904391295405	-1.99999999999966	BM	Cercopithecidae	OWM	Indriidae	STR	order
Ateles_geoffroyi	Cheirogaleus_medius	79946	1941	121.413057305	0.211539556717442	0.999999999895398	0.515787173418036	0.515787163104328	0.109109390036807	936.904391295405	938.904391295405	-1.99999999999966	BM	Atelidae	PLA	Cheirogaleidae	STR	order
Ateles_geoffroyi	Galago_senegalensis	79946	2997	121.413057308	0.208675820137817	0.999999999920108	0.509851561570582	0.509851551329331	0.106393692767788	936.904391295405	938.904391295405	-1.99999999999966	BM	Atelidae	PLA	Galagidae	STR	order
Cebuella_pygmaea	Piliocolobus_badius	3099	57885	78.0653383527	0.148572606298593	0.642973170080277	0.459941311733079	0.459941302169841	0.106279208228931	936.904391295405	938.904391295405	-1.99999999999966	BM	Callitrichidae	PLA	Cercopithecidae	OWM	order
Hylobates_lar	Carlito_syrichta	76001	2258	115.7454945557	0.199981559272025	0.953319989734137	0.501796511865507	0.501796501725497	0.105263762389073	936.904391295405	938.904391295405	-1.99999999999966	BM	Hylobatidae	APE	Tarsiidae	TAR	order
Erythrocebus_patas	Nycticebus_coucang	84770	8495	121.4130573134	0.206848018570898	0.999999999964584	0.506042748522527	0.506042738328735	0.104673939847763	936.904391295405	938.904391295405	-1.99999999999966	BM	Cercopithecidae	OWM	Lorisidae	STR	order
Ateles_geoffroyi	Cheirogaleus_major	79946	4313	121.413057305	0.205106996900331	0.999999999895398	0.50240009408768	0.50240008393997	0.103045774551546	936.904391295405	938.904391295405	-1.99999999999966	BM	Atelidae	PLA	Cheirogaleidae	STR	order
Ateles_geoffroyi	Loris_tardigradus	79946	4551	121.4130573067	0.204461571421211	0.9999999999094	0.501046077230552	0.501046067100143	0.102444668314273	936.904391295405	938.904391295405	-1.99999999999966	BM	Atelidae	PLA	Lorisidae	STR	order
Erythrocebus_patas	Perodicticus_potto	84770	9418	121.413057314	0.204344960935487	0.999999999969525	0.500801235262624	0.500801225135353	0.102336208859303	936.904391295405	938.904391295405	-1.99999999999966	BM	Cercopithecidae	OWM	Lorisidae	STR	order
Ateles_geoffroyi	Lepilemur_ruficaudatus	79946	4708	121.413057302	0.204035807554732	0.99999999987069	0.500151810620415	0.500151800501482	0.102048878593094	936.904391295405	938.904391295405	-1.99999999999966	BM	Atelidae	PLA	Lepilemuridae	STR	order
Saimiri_sciureus	Macaca_mulatta	17635	71080	78.0653383477	0.144935986267081	0.642973170039096	0.449977599454971	0.449977590040746	0.101431832950564	936.904391295405	938.904391295405	-1.99999999999966	BM	Cebidae	PLA	Cercopithecidae	OWM	order
Hylobates_lar	Microcebus_murinus	76001	1129	121.4130573147	0.203043262490203	0.999999999975291	0.498063788558159	0.49806377846618	0.101128496559578	936.904391295405	938.904391295405	-1.99999999999966	BM	Hylobatidae	APE	Cheirogaleidae	STR	order
Saimiri_sciureus	Nasalis_larvatus	17635	70873	78.065338346	0.144374628812553	0.642973170025094	0.448431546781112	0.448431537390389	0.100691819087623	936.904391295405	938.904391295405	-1.99999999999966	BM	Cebidae	PLA	Cercopithecidae	OWM	order
Cebuella_pygmaea	Cercopithecus_mitis	3099	56277	78.0653383525	0.144211916506892	0.64297317007863	0.447983016660554	0.447983007276669	0.100477737488264	936.904391295405	938.904391295405	-1.99999999999966	BM	Callitrichidae	PLA	Cercopithecidae	OWM	order
Cebuella_pygmaea	Pygathrix_nemaeus	3099	56189	78.0653383515	0.143973271791924	0.642973170070394	0.447324848682099	0.447324839308261	0.100164089290908	936.904391295405	938.904391295405	-1.99999999999966	BM	Callitrichidae	PLA	Cercopithecidae	OWM	order
Hylobates_lar	Cheirogaleus_medius	76001	1941	121.4130573147	0.200841222620265	0.999999999975291	0.49341491649332	0.493414906462127	0.0990980550900428	936.904391295405	938.904391295405	-1.99999999999966	BM	Hylobatidae	APE	Cheirogaleidae	STR	order
Callithrix_jacchus	Piliocolobus_badius	5318	57885	78.0653383523	0.142554962860916	0.642973170076983	0.44340531303662	0.443405303722994	0.098308344537456	936.904391295405	938.904391295405	-1.99999999999966	BM	Callitrichidae	PLA	Cercopithecidae	OWM	order
Ateles_geoffroyi	Otolemur_crassicaudatus	79946	6545	121.413057308	0.19905409912976	0.999999999920108	0.489625427235162	0.489625417254303	0.0974619483371056	936.904391295405	938.904391295405	-1.99999999999966	BM	Atelidae	PLA	Galagidae	STR	order
Ateles_geoffroyi	Avahi_laniger	79946	6550	121.413057303	0.199040539770955	0.999999999878926	0.489596618874478	0.489596608894004	0.0974495753026094	936.904391295405	938.904391295405	-1.99999999999966	BM	Atelidae	PLA	Indriidae	STR	order
Hylobates_lar	Galago_senegalensis	76001	2997	121.4130573177	0.19797748604064	1	0.487335398917334	0.48733538896723	0.0964814371362663	936.904391295405	938.904391295405	-1.99999999999966	BM	Hylobatidae	APE	Galagidae	STR	order
Nasalis_larvatus	Pygathrix_nemaeus	70873	56189	14.9942228138	0.0398211249386439	0.123497613395607	0.292131359308682	0.292131352730893	0.0941961470968855	936.904391295405	938.904391295405	-1.99999999999966	BM	Cercopithecidae	OWM	Cercopithecidae	OWM	family
Hylobates_lar	Cheirogaleus_major	76001	4313	121.4130573147	0.194408662803153	0.999999999975291	0.479706146624067	0.479706136778226	0.0932590305059425	936.904391295405	938.904391295405	-1.99999999999966	BM	Hylobatidae	APE	Cheirogaleidae	STR	order
Callithrix_jacchus	Cercopithecus_mitis	5318	56277	78.0653383521	0.138194273069215	0.642973170075336	0.431270240825328	0.431270231702112	0.0926929461461954	936.904391295405	938.904391295405	-1.99999999999966	BM	Callitrichidae	PLA	Cercopithecidae	OWM	order
Ateles_geoffroyi	Nycticebus_coucang	79946	8495	121.4130573064	0.193765949195794	0.999999999906929	0.478325993018317	0.478325983191631	0.0926832900708413	936.904391295405	938.904391295405	-1.99999999999966	BM	Atelidae	PLA	Lorisidae	STR	order
Hylobates_lar	Loris_tardigradus	76001	4551	121.4130573164	0.193763237324033	0.999999999989293	0.478320165580722	0.478320155754117	0.0926808637612808	936.904391295405	938.904391295405	-1.99999999999966	BM	Hylobatidae	APE	Lorisidae	STR	order
Macaca_mulatta	Carlito_syrichta	71080	2258	115.7454945537	0.186636438336104	0.953319989717665	0.472691823763192	0.472691814015615	0.0925413495670926	936.904391295405	938.904391295405	-1.99999999999966	BM	Cercopithecidae	OWM	Tarsiidae	TAR	order
Callithrix_jacchus	Pygathrix_nemaeus	5318	56189	78.0653383511	0.137955628354246	0.642973170067099	0.430602500196875	0.430602491084308	0.0923896069868204	936.904391295405	938.904391295405	-1.99999999999966	BM	Callitrichidae	PLA	Cercopithecidae	OWM	order
Hylobates_lar	Lepilemur_ruficaudatus	76001	4708	121.4130573117	0.193337473457555	0.999999999950582	0.47740484542959	0.477404835615738	0.092300246636313	936.904391295405	938.904391295405	-1.99999999999966	BM	Hylobatidae	APE	Lepilemuridae	STR	order
Cebuella_pygmaea	Alouatta_seniculus	3099	37388	46.5475501531	0.092987370813209	0.383381748070964	0.380548434061187	0.380548425794381	0.0923001643361581	936.904391295405	938.904391295405	-1.99999999999966	BM	Callitrichidae	PLA	Atelidae	PLA	superfamily
Saguinus_oedipus	Piliocolobus_badius	7052	57885	78.0653383522	0.137852577227328	0.642973170076159	0.430314042003599	0.430314032895637	0.0922587480598583	936.904391295405	938.904391295405	-1.99999999999966	BM	Callitrichidae	PLA	Cercopithecidae	OWM	order
Saguinus_midas	Piliocolobus_badius	7055	57885	78.0653383531	0.137844441612045	0.642973170083572	0.430291266017188	0.430291256909591	0.0922484203920513	936.904391295405	938.904391295405	-1.99999999999966	BM	Callitrichidae	PLA	Cercopithecidae	OWM	order
Nasalis_larvatus	Carlito_syrichta	70873	2258	115.745494552	0.186075080881575	0.953319989703663	0.471448807500934	0.471448797771006	0.0920203876292656	936.904391295405	938.904391295405	-1.99999999999966	BM	Cercopithecidae	OWM	Tarsiidae	TAR	order
Ateles_geoffroyi	Perodicticus_potto	79946	9418	121.413057307	0.191262891560384	0.999999999911871	0.472933071833973	0.472933062082978	0.090454546841472	936.904391295405	938.904391295405	-1.99999999999966	BM	Atelidae	PLA	Lorisidae	STR	order
Callimico_goeldii	Piliocolobus_badius	7733	57885	78.0653383553	0.136005792558082	0.642973170101692	0.425132783708817	0.425132774684142	0.0899268023603478	936.904391295405	938.904391295405	-1.99999999999966	BM	Callitrichidae	PLA	Cercopithecidae	OWM	order
Macaca_mulatta	Microcebus_murinus	71080	1129	121.4130573127	0.189698141554282	0.999999999958818	0.46954737221104	0.469547362508246	0.0890722638837993	936.904391295405	938.904391295405	-1.99999999999966	BM	Cercopithecidae	OWM	Cheirogaleidae	STR	order
Nasalis_larvatus	Microcebus_murinus	70873	1129	121.413057311	0.189136784099753	0.999999999944816	0.468330059331267	0.46833004964593	0.0885784413240507	936.904391295405	938.904391295405	-1.99999999999966	BM	Cercopithecidae	OWM	Cheirogaleidae	STR	order
Hylobates_lar	Otolemur_crassicaudatus	76001	6545	121.4130573177	0.188355765032583	1	0.466634054600827	0.466634044939923	0.087893214344595	936.904391295405	938.904391295405	-1.99999999999966	BM	Hylobatidae	APE	Galagidae	STR	order
Hylobates_lar	Avahi_laniger	76001	6550	121.4130573127	0.188342205673778	0.999999999958818	0.466604585947968	0.466604576287489	0.0878813368985593	936.904391295405	938.904391295405	-1.99999999999966	BM	Hylobatidae	APE	Indriidae	STR	order
Erythrocebus_patas	Eulemur_fulvus	84770	15566	121.4130573124	0.187672373348809	0.999999999956347	0.465147810276528	0.46514780063714	0.0872953935164082	936.904391295405	938.904391295405	-1.99999999999966	BM	Cercopithecidae	OWM	Lemuridae	STR	order
Macaca_mulatta	Cheirogaleus_medius	71080	1941	121.4130573127	0.187496101684344	0.999999999958818	0.464764114998653	0.464764105364837	0.08714145976861	936.904391295405	938.904391295405	-1.99999999999966	BM	Cercopithecidae	OWM	Cheirogaleidae	STR	order
Saguinus_oedipus	Cercopithecus_mitis	7052	56277	78.065338352	0.133491887435627	0.642973170074512	0.418044274150046	0.418044265241	0.0867929204285136	936.904391295405	938.904391295405	-1.99999999999966	BM	Callitrichidae	PLA	Cercopithecidae	OWM	order
Saguinus_midas	Cercopithecus_mitis	7055	56277	78.0653383529	0.133483751820344	0.642973170081925	0.418021267834102	0.418021258925436	0.0867828546626342	936.904391295405	938.904391295405	-1.99999999999966	BM	Callitrichidae	PLA	Cercopithecidae	OWM	order
Nasalis_larvatus	Cheirogaleus_medius	70873	1941	121.413057311	0.186934744229815	0.999999999944817	0.463541269304419	0.463541259688401	0.0866519686221671	936.904391295405	938.904391295405	-1.99999999999966	BM	Cercopithecidae	OWM	Cheirogaleidae	STR	order
Saguinus_oedipus	Pygathrix_nemaeus	7052	56189	78.065338351	0.133253242720658	0.642973170066276	0.417369245766234	0.4173692368683	0.0864978633626243	936.904391295405	938.904391295405	-1.99999999999966	BM	Callitrichidae	PLA	Cercopithecidae	OWM	order
Saguinus_midas	Pygathrix_nemaeus	7055	56189	78.0653383519	0.133245107105375	0.642973170073688	0.41734622699304	0.417346218095485	0.0864878120953922	936.904391295405	938.904391295405	-1.99999999999966	BM	Callitrichidae	PLA	Cercopithecidae	OWM	order
Erythrocebus_patas	Pygathrix_nemaeus	84770	56189	38.5936741528	0.0775080068013744	0.317870869949452	0.350613902818078	0.350613895097874	0.0854919004330325	936.904391295405	938.904391295405	-1.99999999999966	BM	Cercopithecidae	OWM	Cercopithecidae	OWM	family
Macaca_mulatta	Galago_senegalensis	71080	2997	121.4130573157	0.184632365104719	0.999999999983527	0.458511168863799	0.458511159321685	0.0846560015356468	936.904391295405	938.904391295405	-1.99999999999966	BM	Cercopithecidae	OWM	Galagidae	STR	order
Callimico_goeldii	Cercopithecus_mitis	7733	56277	78.0653383551	0.13164510276638	0.642973170100045	0.412810975775732	0.412810966953278	0.0845207014168727	936.904391295405	938.904391295405	-1.99999999999966	BM	Callitrichidae	PLA	Cercopithecidae	OWM	order
Callimico_goeldii	Pygathrix_nemaeus	7733	56189	78.0653383541	0.131406458051412	0.642973170091808	0.412133133263847	0.412133124452683	0.0842289504554281	936.904391295405	938.904391295405	-1.99999999999966	BM	Callitrichidae	PLA	Cercopithecidae	OWM	order
Nasalis_larvatus	Galago_senegalensis	70873	2997	121.413057314	0.18407100765019	0.999999999969526	0.457281187719358	0.457281178195485	0.0841722090055432	936.904391295405	938.904391295405	-1.99999999999966	BM	Cercopithecidae	OWM	Galagidae	STR	order
Erythrocebus_patas	Propithecus_verreauxi	84770	17040	121.413057313	0.183675074373083	0.999999999961289	0.456412828311282	0.456412818800325	0.0838316601881492	936.904391295405	938.904391295405	-1.99999999999966	BM	Cercopithecidae	OWM	Indriidae	STR	order
Cebuella_pygmaea	Cercopithecus_ascanius	3099	51279	78.0653383524	0.130657981445373	0.642973170077807	0.410004829055564	0.410004820279962	0.0833167009764541	936.904391295405	938.904391295405	-1.99999999999966	BM	Callitrichidae	PLA	Cercopithecidae	OWM	order
Hylobates_lar	Nycticebus_coucang	76001	8495	121.4130573161	0.183067615098617	0.999999999986822	0.455079208095073	0.455079198604017	0.0833102653080302	936.904391295405	938.904391295405	-1.99999999999966	BM	Hylobatidae	APE	Lorisidae	STR	order
Macaca_mulatta	Cheirogaleus_major	71080	4313	121.4130573127	0.181063541867232	0.999999999958818	0.450667962352109	0.450667952927422	0.0815995374729216	936.904391295405	938.904391295405	-1.99999999999966	BM	Cercopithecidae	OWM	Cheirogaleidae	STR	order
Hylobates_lar	Perodicticus_potto	76001	9418	121.4130573167	0.180564557463207	0.999999999991764	0.449566895792084	0.449566886384092	0.0811758475894738	936.904391295405	938.904391295405	-1.99999999999966	BM	Hylobatidae	APE	Lorisidae	STR	order
Callithrix_jacchus	Alouatta_seniculus	5318	37388	46.5475501527	0.0869697273755319	0.38338174806767	0.357702337436139	0.357702329583974	0.08114438135151	936.904391295405	938.904391295405	-1.99999999999966	BM	Callitrichidae	PLA	Atelidae	PLA	superfamily
Nasalis_larvatus	Cheirogaleus_major	70873	4313	121.413057311	0.180502184412703	0.999999999944817	0.449429186125027	0.449429176719127	0.0811229498388675	936.904391295405	938.904391295405	-1.99999999999966	BM	Cercopithecidae	OWM	Cheirogaleidae	STR	order
Macaca_mulatta	Loris_tardigradus	71080	4551	121.4130573144	0.180418116388112	0.99999999997282	0.44924355059799	0.449243541194911	0.0810516752005999	936.904391295405	938.904391295405	-1.99999999999966	BM	Cercopithecidae	OWM	Lorisidae	STR	order
Alouatta_seniculus	Erythrocebus_patas	37388	84770	78.0653383564	0.128493907780089	0.642973170110752	0.403831374534787	0.403831365863276	0.0807030118989902	936.904391295405	938.904391295405	-1.99999999999966	BM	Atelidae	PLA	Cercopithecidae	OWM	order
Macaca_mulatta	Lepilemur_ruficaudatus	71080	4708	121.4130573097	0.179992352521634	0.999999999934109	0.448302923818229	0.448302914429466	0.0806910979056868	936.904391295405	938.904391295405	-1.99999999999966	BM	Cercopithecidae	OWM	Lepilemuridae	STR	order
Nasalis_larvatus	Loris_tardigradus	70873	4551	121.4130573127	0.179856758933584	0.999999999958818	0.448003195515818	0.448003186131625	0.0805764027406819	936.904391295405	938.904391295405	-1.99999999999966	BM	Cercopithecidae	OWM	Lorisidae	STR	order
Nasalis_larvatus	Lepilemur_ruficaudatus	70873	4708	121.413057308	0.179430995067105	0.999999999920107	0.447061529216709	0.447061519846896	0.0802166950499845	936.904391295405	938.904391295405	-1.99999999999966	BM	Cercopithecidae	OWM	Lepilemuridae	STR	order
Macaca_mulatta	Otolemur_crassicaudatus	71080	6545	121.4130573157	0.175010644096662	0.999999999983527	0.437238717080626	0.437238707863014	0.076521429501539	936.904391295405	938.904391295405	-1.99999999999966	BM	Cercopithecidae	OWM	Galagidae	STR	order
Macaca_mulatta	Avahi_laniger	71080	6550	121.4130573107	0.174997084737857	0.999999999942346	0.437208456661026	0.43720844744389	0.0765102053428284	936.904391295405	938.904391295405	-1.99999999999966	BM	Cercopithecidae	OWM	Indriidae	STR	order
Ateles_geoffroyi	Eulemur_fulvus	79946	15566	121.4130573054	0.174590303973706	0.999999999898693	0.43630027889099	0.436300269688125	0.0761737983231074	936.904391295405	938.904391295405	-1.99999999999966	BM	Atelidae	PLA	Lemuridae	STR	order
Callithrix_jacchus	Cercopithecus_ascanius	5318	51279	78.065338352	0.124640338007696	0.642973170074512	0.392766067264201	0.392766058782685	0.0761376954128435	936.904391295405	938.904391295405	-1.99999999999966	BM	Callitrichidae	PLA	Cercopithecidae	OWM	order
Nasalis_larvatus	Otolemur_crassicaudatus	70873	6545	121.413057314	0.174449286642133	0.999999999969526	0.435985279152879	0.435985269954973	0.0760573209370089	936.904391295405	938.904391295405	-1.99999999999966	BM	Cercopithecidae	OWM	Galagidae	STR	order
Nasalis_larvatus	Avahi_laniger	70873	6550	121.413057309	0.174435727283328	0.999999999928344	0.435954986258684	0.435954977061254	0.076046125096276	936.904391295405	938.904391295405	-1.99999999999966	BM	Cercopithecidae	OWM	Indriidae	STR	order
Erythrocebus_patas	Varecia_variegata	84770	20461	121.413057315	0.174397761078674	0.999999999977762	0.435870161954484	0.43587015275839	0.0760147803675515	936.904391295405	938.904391295405	-1.99999999999966	BM	Cercopithecidae	OWM	Lemuridae	STR	order
Erythrocebus_patas	Piliocolobus_badius	84770	57885	38.593674154	0.0729086722947045	0.317870869959336	0.331085508037665	0.331085500688642	0.0759396569120407	936.904391295405	938.904391295405	-1.99999999999966	BM	Cercopithecidae	OWM	Cercopithecidae	OWM	family
Aotus_trivirgatus	Piliocolobus_badius	12128	57885	78.0653383561	0.124087116168451	0.642973170108281	0.391170023424956	0.391170014971199	0.0754917349508904	936.904391295405	938.904391295405	-1.99999999999966	BM	Aotidae	PLA	Cercopithecidae	OWM	order
Ateles_geoffroyi	Propithecus_verreauxi	79946	17040	121.413057306	0.17059300499798	0.999999999903635	0.427338556423861	0.427338547363601	0.0729009684988702	936.904391295405	938.904391295405	-1.99999999999966	BM	Atelidae	PLA	Indriidae	STR	order
Saguinus_oedipus	Alouatta_seniculus	7052	37388	46.5475501526	0.0822673417419437	0.383381748066846	0.339609542298763	0.339609534786374	0.0728745549729353	936.904391295405	938.904391295405	-1.99999999999966	BM	Callitrichidae	PLA	Atelidae	PLA	superfamily
Saguinus_midas	Alouatta_seniculus	7055	37388	46.5475501535	0.0822592061266607	0.383381748074259	0.339578063258068	0.33957805574628	0.0728605940213595	936.904391295405	938.904391295405	-1.99999999999966	BM	Callitrichidae	PLA	Atelidae	PLA	superfamily
Macaca_mulatta	Nycticebus_coucang	71080	8495	121.4130573141	0.169722494162696	0.999999999970349	0.425377987784439	0.425377978755799	0.0721962130508245	936.904391295405	938.904391295405	-1.99999999999966	BM	Cercopithecidae	OWM	Lorisidae	STR	order
Nasalis_larvatus	Nycticebus_coucang	70873	8495	121.4130573124	0.169161136708167	0.999999999956347	0.424112013827517	0.424112004819375	0.0717432703537846	936.904391295405	938.904391295405	-1.99999999999966	BM	Cercopithecidae	OWM	Lorisidae	STR	order
Saguinus_oedipus	Cercopithecus_ascanius	7052	51279	78.0653383519	0.119937952374108	0.642973170073688	0.379140688982325	0.379140680740582	0.070723569838905	936.904391295405	938.904391295405	-1.99999999999966	BM	Callitrichidae	PLA	Cercopithecidae	OWM	order
Saguinus_midas	Cercopithecus_ascanius	7055	51279	78.0653383528	0.119929816758825	0.642973170081101	0.379117000740602	0.379116992499281	0.0707143541047612	936.904391295405	938.904391295405	-1.99999999999966	BM	Callitrichidae	PLA	Cercopithecidae	OWM	order
Aotus_trivirgatus	Cercopithecus_mitis	12128	56277	78.0653383559	0.119726426376749	0.642973170106634	0.378524667034776	0.37852465880402	0.0704841318215606	936.904391295405	938.904391295405	-1.99999999999966	BM	Aotidae	PLA	Cercopithecidae	OWM	order
Aotus_trivirgatus	Pygathrix_nemaeus	12128	56189	78.0653383549	0.119487781661781	0.642973170098397	0.377829349328925	0.377829341110587	0.0702144240188411	936.904391295405	938.904391295405	-1.99999999999966	BM	Aotidae	PLA	Cercopithecidae	OWM	order
Macaca_mulatta	Perodicticus_potto	71080	9418	121.4130573147	0.167219436527285	0.999999999975291	0.419722965113679	0.419722956177077	0.0701858377256051	936.904391295405	938.904391295405	-1.99999999999966	BM	Cercopithecidae	OWM	Lorisidae	STR	order
Nasalis_larvatus	Perodicticus_potto	70873	9418	121.413057313	0.166658079072757	0.999999999961289	0.418451149419818	0.418451140504083	0.0697382647507936	936.904391295405	938.904391295405	-1.99999999999966	BM	Cercopithecidae	OWM	Lorisidae	STR	order
Callimico_goeldii	Alouatta_seniculus	7733	37388	46.5475501557	0.0804205570726971	0.383381748092379	0.332448479237857	0.332448471862575	0.069736475539877	936.904391295405	938.904391295405	-1.99999999999966	BM	Callitrichidae	PLA	Atelidae	PLA	superfamily
Callimico_goeldii	Cercopithecus_ascanius	7733	51279	78.065338355	0.118091167704862	0.642973170099221	0.373753413954815	0.373753405809584	0.0686451303726897	936.904391295405	938.904391295405	-1.99999999999966	BM	Callitrichidae	PLA	Cercopithecidae	OWM	order
Hylobates_lar	Eulemur_fulvus	76001	15566	121.4130573151	0.163891969876528	0.999999999978586	0.41216527798169	0.412165269169991	0.0675505793245726	936.904391295405	938.904391295405	-1.99999999999966	BM	Hylobatidae	APE	Lemuridae	STR	order
Ateles_geoffroyi	Varecia_variegata	79946	20461	121.413057308	0.161315691703571	0.999999999920107	0.406282684453702	0.406282675740694	0.0655397722750687	936.904391295405	938.904391295405	-1.99999999999966	BM	Atelidae	PLA	Lemuridae	STR	order
Erythrocebus_patas	Indri_indri	84770	25551	121.413057308	0.160594333815143	0.999999999920107	0.404630743254286	0.404630734569219	0.0649814046592395	936.904391295405	938.904391295405	-1.99999999999966	BM	Cercopithecidae	OWM	Indriidae	STR	order
Hylobates_lar	Propithecus_verreauxi	76001	17040	121.4130573157	0.159894670900802	0.999999999983527	0.403026483850682	0.403026475192845	0.0644417870006739	936.904391295405	938.904391295405	-1.99999999999966	BM	Hylobatidae	APE	Indriidae	STR	order
Piliocolobus_badius	Carlito_syrichta	57885	2258	115.745494553	0.150853290449601	0.953319989711899	0.39059727658662	0.390597268142846	0.0618080865287966	936.904391295405	938.904391295405	-1.99999999999966	BM	Cercopithecidae	OWM	Tarsiidae	TAR	order
Cebus_albifrons	Ateles_geoffroyi	52113	79946	46.5475501452	0.0754795267241403	0.383381748005897	0.313141318906532	0.313141311907919	0.0616507141296527	936.904391295405	938.904391295405	-1.99999999999966	BM	Cebidae	PLA	Atelidae	PLA	superfamily
Macaca_mulatta	Cercopithecus_ascanius	71080	51279	29.8369393144	0.0536977727397227	0.245747368310857	0.279811909038832	0.279811902712739	0.061141148345601	936.904391295405	938.904391295405	-1.99999999999966	BM	Cercopithecidae	OWM	Cercopithecidae	OWM	family
Piliocolobus_badius	Microcebus_murinus	57885	1129	121.413057312	0.153914993667779	0.999999999953053	0.389236189184304	0.3892361807643	0.0599092855963854	936.904391295405	938.904391295405	-1.99999999999966	BM	Cercopithecidae	OWM	Cheirogaleidae	STR	order
Saimiri_sciureus	Piliocolobus_badius	17635	57885	78.065338347	0.109152838380579	0.64297317003333	0.347400779952431	0.34740077229254	0.0589756819642553	936.904391295405	938.904391295405	-1.99999999999966	BM	Cebidae	PLA	Cercopithecidae	OWM	order
Cercopithecus_mitis	Carlito_syrichta	56277	2258	115.7454945528	0.1464926006579	0.953319989710252	0.380216325905772	0.380216317644873	0.0584262146978132	936.904391295405	938.904391295405	-1.99999999999966	BM	Cercopithecidae	OWM	Tarsiidae	TAR	order
Piliocolobus_badius	Cheirogaleus_medius	57885	1941	121.413057312	0.151712953797841	0.999999999953053	0.384122501990251	0.384122493660112	0.0582763593998938	936.904391295405	938.904391295405	-1.99999999999966	BM	Cercopithecidae	OWM	Cheirogaleidae	STR	order
Pygathrix_nemaeus	Carlito_syrichta	56189	2258	115.7454945518	0.146253955942931	0.953319989702016	0.37964599513106	0.379645986880313	0.0582435375798257	936.904391295405	938.904391295405	-1.99999999999966	BM	Cercopithecidae	OWM	Tarsiidae	TAR	order
Hylobates_lar	Varecia_variegata	76001	20461	121.4130573177	0.150617357606393	1	0.381571268412381	0.381571260127407	0.0574712561867928	936.904391295405	938.904391295405	-1.99999999999966	BM	Hylobatidae	APE	Lemuridae	STR	order
Macaca_mulatta	Eulemur_fulvus	71080	15566	121.4130573131	0.150546848940607	0.999999999962113	0.38140692203085	0.381406913748793	0.0574196102780559	936.904391295405	938.904391295405	-1.99999999999966	BM	Cercopithecidae	OWM	Lemuridae	STR	order
Nasalis_larvatus	Eulemur_fulvus	70873	15566	121.4130573114	0.149985491486079	0.999999999948111	0.380097791895434	0.380097783636645	0.0570091541331681	936.904391295405	938.904391295405	-1.99999999999966	BM	Cercopithecidae	OWM	Lemuridae	STR	order
Cercopithecus_mitis	Microcebus_murinus	56277	1129	121.4130573118	0.149554303876078	0.999999999951406	0.37909140909921	0.379091400858345	0.056694751795989	936.904391295405	938.904391295405	-1.99999999999966	BM	Cercopithecidae	OWM	Cheirogaleidae	STR	order
Pygathrix_nemaeus	Microcebus_murinus	56189	1129	121.4130573108	0.14931565916111	0.999999999943169	0.378534112067254	0.37853410383633	0.0565210704614994	936.904391295405	938.904391295405	-1.99999999999966	BM	Cercopithecidae	OWM	Cheirogaleidae	STR	order
Piliocolobus_badius	Galago_senegalensis	57885	2997	121.413057315	0.148849217218216	0.999999999977762	0.377444222756083	0.377444214544629	0.0561822771020303	936.904391295405	938.904391295405	-1.99999999999966	BM	Cercopithecidae	OWM	Galagidae	STR	order
Aotus_trivirgatus	Cercopithecus_ascanius	12128	51279	78.0653383558	0.106172491315231	0.64297317010581	0.338514462527299	0.338514455035783	0.0558980148842681	936.904391295405	938.904391295405	-1.99999999999966	BM	Aotidae	PLA	Cercopithecidae	OWM	order
Erythrocebus_patas	Daubentonia_madagascariensis	84770	30196	121.41305731	0.14799768948526	0.99999999993658	0.37545240743322	0.37545239925745	0.0555660888153189	936.904391295405	938.904391295405	-1.99999999999966	BM	Cercopithecidae	OWM	Daubentoniidae	STR	order
Ateles_geoffroyi	Indri_indri	79946	25551	121.413057301	0.147512264440039	0.999999999862453	0.374315715769045	0.374315707613697	0.0552161588561808	936.904391295405	938.904391295405	-1.99999999999966	BM	Atelidae	PLA	Indriidae	STR	order
Cercopithecus_mitis	Cheirogaleus_medius	56277	1941	121.4130573118	0.14735226400614	0.999999999951406	0.3739408567874	0.373940848638796	0.0551010318546966	936.904391295405	938.904391295405	-1.99999999999966	BM	Cercopithecidae	OWM	Cheirogaleidae	STR	order
Pygathrix_nemaeus	Cheirogaleus_medius	56189	1941	121.4130573108	0.147113619291171	0.999999999943169	0.373381565531782	0.373381557393248	0.0549295134851057	936.904391295405	938.904391295405	-1.99999999999966	BM	Cercopithecidae	OWM	Cheirogaleidae	STR	order
Macaca_mulatta	Propithecus_verreauxi	71080	17040	121.4130573137	0.146549549964881	0.999999999967055	0.372058751104477	0.372058742989802	0.0545250425366532	936.904391295405	938.904391295405	-1.99999999999966	BM	Cercopithecidae	OWM	Indriidae	STR	order
Saimiri_sciureus	Cercopithecus_mitis	17635	56277	78.0653383468	0.104792148588878	0.642973170031683	0.334382465650473	0.334382458238021	0.0544978525686118	936.904391295405	938.904391295405	-1.99999999999966	BM	Cebidae	PLA	Cercopithecidae	OWM	order
Alouatta_seniculus	Hylobates_lar	37388	76001	78.0653383591	0.104713504307808	0.64297317013299	0.334146739841321	0.334146732433394	0.0544185631798247	936.904391295405	938.904391295405	-1.99999999999966	BM	Atelidae	PLA	Hylobatidae	APE	order
Saimiri_sciureus	Pygathrix_nemaeus	17635	56189	78.0653383458	0.104553503873909	0.642973170023447	0.333667057923188	0.333667050524473	0.0542574117546704	936.904391295405	938.904391295405	-1.99999999999966	BM	Cebidae	PLA	Cercopithecidae	OWM	order
Nasalis_larvatus	Propithecus_verreauxi	70873	17040	121.413057312	0.145988192510353	0.999999999953053	0.370741108628347	0.370741100537493	0.0541238243404776	936.904391295405	938.904391295405	-1.99999999999966	BM	Cercopithecidae	OWM	Indriidae	STR	order
Piliocolobus_badius	Cheirogaleus_major	57885	4313	121.413057312	0.145280393980729	0.999999999953053	0.369078049884119	0.369078041823411	0.0536198044993214	936.904391295405	938.904391295405	-1.99999999999966	BM	Cercopithecidae	OWM	Cheirogaleidae	STR	order
Piliocolobus_badius	Loris_tardigradus	57885	4551	121.4130573137	0.14463496850161	0.999999999967054	0.367559912928461	0.36755990489535	0.0531620164306138	936.904391295405	938.904391295405	-1.99999999999966	BM	Cercopithecidae	OWM	Lorisidae	STR	order
Cercopithecus_mitis	Galago_senegalensis	56277	2997	121.4130573148	0.144488527426515	0.999999999976115	0.367215245674765	0.367215237647928	0.05305839009738	936.904391295405	938.904391295405	-1.99999999999966	BM	Cercopithecidae	OWM	Galagidae	STR	order
Pygathrix_nemaeus	Galago_senegalensis	56189	2997	121.4130573138	0.144249882711546	0.999999999967878	0.366653394836386	0.366653386819787	0.0528897092026378	936.904391295405	938.904391295405	-1.99999999999966	BM	Cercopithecidae	OWM	Galagidae	STR	order
Piliocolobus_badius	Lepilemur_ruficaudatus	57885	4708	121.413057309	0.144209204635131	0.999999999928344	0.366557603702915	0.366557595688063	0.0528609804867448	936.904391295405	938.904391295405	-1.99999999999966	BM	Cercopithecidae	OWM	Lepilemuridae	STR	order
Aotus_trivirgatus	Alouatta_seniculus	12128	37388	46.5475501565	0.0685018806830663	0.383381748098968	0.285527058368871	0.285527051925575	0.0510174012747268	936.904391295405	938.904391295405	-1.99999999999966	BM	Aotidae	PLA	Atelidae	PLA	superfamily
Cercopithecus_mitis	Cheirogaleus_major	56277	4313	121.4130573118	0.140919704189028	0.999999999951406	0.358791070473228	0.35879106260093	0.0505607315192091	936.904391295405	938.904391295405	-1.99999999999966	BM	Cercopithecidae	OWM	Cheirogaleidae	STR	order
Pygathrix_nemaeus	Cheirogaleus_major	56189	4313	121.4130573108	0.14068105947406	0.999999999943169	0.358226084373932	0.358226076512077	0.0503956250838327	936.904391295405	938.904391295405	-1.99999999999966	BM	Cercopithecidae	OWM	Cheirogaleidae	STR	order
Cercopithecus_mitis	Loris_tardigradus	56277	4551	121.4130573135	0.140274278709908	0.999999999965407	0.357262561814713	0.357262553970691	0.0501147481703466	936.904391295405	938.904391295405	-1.99999999999966	BM	Cercopithecidae	OWM	Lorisidae	STR	order
Cebus_albifrons	Carlito_syrichta	52113	2258	115.7454945412	0.135200366645062	0.95331998961471	0.352983762111414	0.352983754346923	0.0500603517990892	936.904391295405	938.904391295405	-1.99999999999966	BM	Cebidae	PLA	Tarsiidae	TAR	order
Pygathrix_nemaeus	Loris_tardigradus	56189	4551	121.4130573125	0.14003563399494	0.999999999957171	0.356697015245946	0.356697007412404	0.049950292676208	936.904391295405	938.904391295405	-1.99999999999966	BM	Cercopithecidae	OWM	Lorisidae	STR	order
Cercopithecus_mitis	Lepilemur_ruficaudatus	56277	4708	121.4130573088	0.13984851484343	0.999999999926697	0.356253430723172	0.356253422897857	0.0498215131981645	936.904391295405	938.904391295405	-1.99999999999966	BM	Cercopithecidae	OWM	Lepilemuridae	STR	order
Pygathrix_nemaeus	Lepilemur_ruficaudatus	56189	4708	121.4130573078	0.139609870128461	0.99999999991846	0.355687515539861	0.35568750772505	0.0496574878548841	936.904391295405	938.904391295405	-1.99999999999966	BM	Cercopithecidae	OWM	Lepilemuridae	STR	order
Piliocolobus_badius	Otolemur_crassicaudatus	57885	6545	121.413057315	0.139227496210159	0.999999999977762	0.354780335244523	0.354780327446571	0.0493951777817943	936.904391295405	938.904391295405	-1.99999999999966	BM	Cercopithecidae	OWM	Galagidae	STR	order
Piliocolobus_badius	Avahi_laniger	57885	6550	121.41305731	0.139213936851354	0.99999999993658	0.354748156031762	0.354748148234409	0.0493858873950722	936.904391295405	938.904391295405	-1.99999999999966	BM	Cercopithecidae	OWM	Indriidae	STR	order
Cebus_albifrons	Microcebus_murinus	52113	1129	121.4130573002	0.13826206986324	0.999999999855864	0.352487517673816	0.352487509918584	0.0487356538015618	936.904391295405	938.904391295405	-1.99999999999966	BM	Cebidae	PLA	Cheirogaleidae	STR	order
Cercopithecus_ascanius	Carlito_syrichta	51279	2258	115.7454945527	0.132938665596381	0.953319989709428	0.347470555060137	0.347470547398932	0.0484541102907198	936.904391295405	938.904391295405	-1.99999999999966	BM	Cercopithecidae	OWM	Tarsiidae	TAR	order
Macaca_mulatta	Varecia_variegata	71080	20461	121.4130573157	0.137272236670472	0.999999999983527	0.350133258355854	0.350133250644653	0.0480635755080202	936.904391295405	938.904391295405	-1.99999999999966	BM	Cercopithecidae	OWM	Lemuridae	STR	order
Hylobates_lar	Indri_indri	76001	25551	121.4130573107	0.136813930342862	0.999999999942346	0.349042017130587	0.34904200943985	0.0477538102211894	936.904391295405	938.904391295405	-1.99999999999966	BM	Hylobatidae	APE	Indriidae	STR	order
Nasalis_larvatus	Varecia_variegata	70873	20461	121.413057314	0.136710879215944	0.999999999969526	0.348796546129583	0.348796538443455	0.0476842824903129	936.904391295405	938.904391295405	-1.99999999999966	BM	Cercopithecidae	OWM	Lemuridae	STR	order
Cebus_albifrons	Cheirogaleus_medius	52113	1941	121.4130573002	0.136060029993302	0.999999999855864	0.347245330177761	0.347245322520795	0.04724621004583	936.904391295405	938.904391295405	-1.99999999999966	BM	Cebidae	PLA	Cheirogaleidae	STR	order
Cercopithecus_ascanius	Microcebus_murinus	51279	1129	121.4130573117	0.136000368814559	0.999999999950582	0.347103060079547	0.347103052425259	0.0472061441898134	936.904391295405	938.904391295405	-1.99999999999966	BM	Cercopithecidae	OWM	Cheirogaleidae	STR	order
Ateles_geoffroyi	Daubentonia_madagascariensis	79946	30196	121.413057303	0.134915620110156	0.999999999878926	0.344514134288024	0.344514126682577	0.04648033806981	936.904391295405	938.904391295405	-1.99999999999966	BM	Atelidae	PLA	Daubentoniidae	STR	order
Cercopithecus_mitis	Otolemur_crassicaudatus	56277	6545	121.4130573148	0.134866806418458	0.999999999976115	0.34439753491184	0.344397527308597	0.0464477956730587	936.904391295405	938.904391295405	-1.99999999999966	BM	Cercopithecidae	OWM	Galagidae	STR	order
Cercopithecus_mitis	Avahi_laniger	56277	6550	121.4130573098	0.134853247059653	0.999999999934933	0.344365144717316	0.344365137114685	0.046438757942319	936.904391295405	938.904391295405	-1.99999999999966	BM	Cercopithecidae	OWM	Indriidae	STR	order
Pygathrix_nemaeus	Otolemur_crassicaudatus	56189	6545	121.4130573138	0.134628161703489	0.999999999967878	0.343827372798575	0.343827365206116	0.0462888471446993	936.904391295405	938.904391295405	-1.99999999999966	BM	Cercopithecidae	OWM	Galagidae	STR	order
Pygathrix_nemaeus	Avahi_laniger	56189	6550	121.4130573088	0.134614602344684	0.999999999926697	0.343794971212404	0.343794963620559	0.0462798233412525	936.904391295405	938.904391295405	-1.99999999999966	BM	Cercopithecidae	OWM	Indriidae	STR	order
Piliocolobus_badius	Nycticebus_coucang	57885	8495	121.4130573134	0.133939346276193	0.999999999964584	0.342180554853044	0.342180547291786	0.045831439827065	936.904391295405	938.904391295405	-1.99999999999966	BM	Cercopithecidae	OWM	Lorisidae	STR	order
Cercopithecus_ascanius	Cheirogaleus_medius	51279	1941	121.4130573117	0.133798328944621	0.999999999950582	0.341843205801707	0.341843198246851	0.0457380496996008	936.904391295405	938.904391295405	-1.99999999999966	BM	Cercopithecidae	OWM	Cheirogaleidae	STR	order
Cebus_albifrons	Galago_senegalensis	52113	2997	121.4130573032	0.133196293413677	0.999999999880573	0.340402202580644	0.340402195053169	0.0453403116590083	936.904391295405	938.904391295405	-1.99999999999966	BM	Cebidae	PLA	Galagidae	STR	order
Piliocolobus_badius	Perodicticus_potto	57885	9418	121.413057314	0.131436288640783	0.999999999969525	0.336182306870433	0.336182299423482	0.0441865547230929	936.904391295405	938.904391295405	-1.99999999999966	BM	Cercopithecidae	OWM	Lorisidae	STR	order
Cercopithecus_ascanius	Galago_senegalensis	51279	2997	121.4130573147	0.130934592364996	0.999999999975291	0.334977446265007	0.33497743884114	0.0438601353792599	936.904391295405	938.904391295405	-1.99999999999966	BM	Cercopithecidae	OWM	Galagidae	STR	order
Cebus_albifrons	Cheirogaleus_major	52113	4313	121.4130573002	0.12962747017619	0.999999999855864	0.33183423612444	0.331834228760986	0.0430148325528598	936.904391295405	938.904391295405	-1.99999999999966	BM	Cebidae	PLA	Cheirogaleidae	STR	order
Cercopithecus_mitis	Nycticebus_coucang	56277	8495	121.4130573132	0.129578656484492	0.999999999962937	0.331716741602062	0.331716734240872	0.0429834097118018	936.904391295405	938.904391295405	-1.99999999999966	BM	Cercopithecidae	OWM	Lorisidae	STR	order
Pygathrix_nemaeus	Nycticebus_coucang	56189	8495	121.4130573122	0.129340011769523	0.9999999999547	0.331142207071855	0.331142199721738	0.0428299369619999	936.904391295405	938.904391295405	-1.99999999999966	BM	Cercopithecidae	OWM	Lorisidae	STR	order
Cebus_albifrons	Loris_tardigradus	52113	4551	121.4130573019	0.12898204469707	0.999999999869866	0.330280041697974	0.330280034364493	0.0426001951063821	936.904391295405	938.904391295405	-1.99999999999966	BM	Cebidae	PLA	Lorisidae	STR	order
Cebus_albifrons	Lepilemur_ruficaudatus	52113	4708	121.4130572972	0.128556280830592	0.999999999831155	0.329254020558395	0.329254013244738	0.0423276723386534	936.904391295405	938.904391295405	-1.99999999999966	BM	Cebidae	PLA	Lepilemuridae	STR	order
Alouatta_seniculus	Macaca_mulatta	37388	71080	78.0653383571	0.0913683833718871	0.642973170116517	0.293685091146952	0.293685084537671	0.0417335174244668	936.904391295405	938.904391295405	-1.99999999999966	BM	Atelidae	PLA	Cercopithecidae	OWM	order
Saimiri_sciureus	Cercopithecus_ascanius	17635	51279	78.0653383467	0.0912382135273587	0.642973170030859	0.293286076481046	0.293286069879847	0.0416174405368962	936.904391295405	938.904391295405	-1.99999999999966	BM	Cebidae	PLA	Cercopithecidae	OWM	order
Cercopithecus_ascanius	Cheirogaleus_major	51279	4313	121.4130573117	0.12736576912751	0.999999999950582	0.326381827303455	0.326381820045446	0.0415698724658008	936.904391295405	938.904391295405	-1.99999999999966	BM	Cercopithecidae	OWM	Cheirogaleidae	STR	order
Cercopithecus_mitis	Perodicticus_potto	56277	9418	121.4130573138	0.127075598849082	0.999999999967878	0.325681047215248	0.32568103997085	0.041386114110003	936.904391295405	938.904391295405	-1.99999999999966	BM	Cercopithecidae	OWM	Lorisidae	STR	order
Pygathrix_nemaeus	Perodicticus_potto	56189	9418	121.4130573128	0.126836954134113	0.999999999959642	0.325104492881133	0.325104485647944	0.0412352636540225	936.904391295405	938.904391295405	-1.99999999999966	BM	Cercopithecidae	OWM	Lorisidae	STR	order
Alouatta_seniculus	Nasalis_larvatus	37388	70873	78.0653383554	0.0908070259173584	0.642973170102516	0.291963765125245	0.291963758550856	0.0412340085394707	936.904391295405	938.904391295405	-1.99999999999966	BM	Atelidae	PLA	Cercopithecidae	OWM	order
Cercopithecus_ascanius	Loris_tardigradus	51279	4551	121.4130573134	0.12672034364839	0.999999999964584	0.324822698025746	0.324822690798039	0.0411616439200774	936.904391295405	938.904391295405	-1.99999999999966	BM	Cercopithecidae	OWM	Lorisidae	STR	order
Cercopithecus_ascanius	Nasalis_larvatus	51279	70873	38.5936741527	0.053136415285194	0.317870869948629	0.24470574434655	0.244705738755922	0.0409058749434077	936.904391295405	938.904391295405	-1.99999999999966	BM	Cercopithecidae	OWM	Cercopithecidae	OWM	family
Cercopithecus_ascanius	Lepilemur_ruficaudatus	51279	4708	121.4130573087	0.126294579781911	0.999999999925873	0.323793432715519	0.323793425507852	0.0408933555239804	936.904391295405	938.904391295405	-1.99999999999966	BM	Cercopithecidae	OWM	Lepilemuridae	STR	order
Hylobates_lar	Daubentonia_madagascariensis	76001	30196	121.4130573127	0.124217286012979	0.999999999958818	0.318763015515843	0.318763008406528	0.0395958766703218	936.904391295405	938.904391295405	-1.99999999999966	BM	Hylobatidae	APE	Daubentoniidae	STR	order
Cebus_albifrons	Erythrocebus_patas	52113	84770	78.0653383482	0.0885615960992437	0.642973170043214	0.285063610515364	0.285063604081545	0.0392639841182752	936.904391295405	938.904391295405	-1.99999999999966	BM	Cebidae	PLA	Cercopithecidae	OWM	order
Cebus_albifrons	Otolemur_crassicaudatus	52113	6545	121.4130573032	0.12357457240562	0.999999999880573	0.317203718450685	0.317203711371992	0.0391983138776974	936.904391295405	938.904391295405	-1.99999999999966	BM	Cebidae	PLA	Galagidae	STR	order
Cebus_albifrons	Avahi_laniger	52113	6550	121.4130572982	0.123561013046815	0.999999999839391	0.317170807279633	0.317170800201587	0.0391899462626418	936.904391295405	938.904391295405	-1.99999999999966	BM	Cebidae	PLA	Indriidae	STR	order
Macaca_mulatta	Indri_indri	71080	25551	121.4130573087	0.123468809406941	0.999999999925873	0.316946995272934	0.316946988199289	0.0391330681543573	936.904391295405	938.904391295405	-1.99999999999966	BM	Cercopithecidae	OWM	Indriidae	STR	order
Nasalis_larvatus	Indri_indri	70873	25551	121.413057307	0.122907451952412	0.999999999911871	0.315583774572682	0.31558376752587	0.038787597613671	936.904391295405	938.904391295405	-1.99999999999966	BM	Cercopithecidae	OWM	Indriidae	STR	order
Cercopithecus_ascanius	Otolemur_crassicaudatus	51279	6545	121.4130573147	0.121312871356939	0.999999999975291	0.31170583801309	0.311705831042877	0.0378139302290233	936.904391295405	938.904391295405	-1.99999999999966	BM	Cercopithecidae	OWM	Galagidae	STR	order
Cercopithecus_ascanius	Avahi_laniger	51279	6550	121.4130573097	0.121299311998134	0.999999999934109	0.311672827027285	0.311672820057725	0.0378056994894142	936.904391295405	938.904391295405	-1.99999999999966	BM	Cercopithecidae	OWM	Indriidae	STR	order
Cebus_albifrons	Nycticebus_coucang	52113	8495	121.4130573016	0.118286422471654	0.999999999867395	0.304323163221527	0.304323156398202	0.0359972982575051	936.904391295405	938.904391295405	-1.99999999999966	BM	Cebidae	PLA	Lorisidae	STR	order
Cercopithecus_ascanius	Nycticebus_coucang	51279	8495	121.4130573131	0.116024721422973	0.999999999962113	0.298787061673222	0.298787054960941	0.0346666855967378	936.904391295405	938.904391295405	-1.99999999999966	BM	Cercopithecidae	OWM	Lorisidae	STR	order
Cebus_albifrons	Perodicticus_potto	52113	9418	121.4130573022	0.115783364836244	0.999999999872337	0.298195334539973	0.298195327839606	0.0345260592159151	936.904391295405	938.904391295405	-1.99999999999966	BM	Cebidae	PLA	Lorisidae	STR	order
Macaca_mulatta	Cercopithecus_mitis	71080	56277	29.8369393145	0.0401438376782039	0.245747368311681	0.211140381414906	0.21114037654984	0.0344906448319886	936.904391295405	938.904391295405	-1.99999999999966	BM	Cercopithecidae	OWM	Cercopithecidae	OWM	family
Piliocolobus_badius	Eulemur_fulvus	57885	15566	121.4130573124	0.114763701054105	0.999999999956347	0.295693461331751	0.29569345468185	0.0339348760014119	936.904391295405	938.904391295405	-1.99999999999966	BM	Cercopithecidae	OWM	Lemuridae	STR	order
Cercopithecus_ascanius	Perodicticus_potto	51279	9418	121.4130573137	0.113521663787563	0.999999999967055	0.292641641362979	0.29264163477484	0.0332211660221431	936.904391295405	938.904391295405	-1.99999999999966	BM	Cercopithecidae	OWM	Lorisidae	STR	order
Cercopithecus_ascanius	Hylobates_lar	51279	76001	62.1515760364	0.0670428936756439	0.511901910795054	0.243341589592111	0.243341584030568	0.0318700203571181	936.904391295405	938.904391295405	-1.99999999999966	BM	Cercopithecidae	OWM	Hylobatidae	APE	order
Macaca_mulatta	Daubentonia_madagascariensis	71080	30196	121.4130573107	0.110872165077058	0.999999999942346	0.286115854787115	0.286115848331788	0.0317222842849495	936.904391295405	938.904391295405	-1.99999999999966	BM	Cercopithecidae	OWM	Daubentoniidae	STR	order
Piliocolobus_badius	Propithecus_verreauxi	57885	17040	121.413057313	0.110766402078379	0.999999999961289	0.285854918977592	0.285854912527595	0.0316631208927799	936.904391295405	938.904391295405	-1.99999999999966	BM	Cercopithecidae	OWM	Indriidae	STR	order
Saimiri_sciureus	Alouatta_seniculus	17635	37388	46.5475501474	0.0535676028951943	0.383381748024017	0.225194123025293	0.225194117853996	0.0314650069251464	936.904391295405	938.904391295405	-1.99999999999966	BM	Cebidae	PLA	Atelidae	PLA	superfamily
Cercopithecus_mitis	Eulemur_fulvus	56277	15566	121.4130573122	0.110403011262403	0.9999999999547	0.284958115714166	0.284958109282505	0.0314602340599295	936.904391295405	938.904391295405	-1.99999999999966	BM	Cercopithecidae	OWM	Lemuridae	STR	order
Nasalis_larvatus	Daubentonia_madagascariensis	70873	30196	121.413057309	0.110310807622529	0.999999999928344	0.284730505981163	0.284730499554158	0.0314088520718041	936.904391295405	938.904391295405	-1.99999999999966	BM	Cercopithecidae	OWM	Daubentoniidae	STR	order
Pygathrix_nemaeus	Eulemur_fulvus	56189	15566	121.4130573112	0.110164366547435	0.999999999946464	0.284368956131794	0.284368949712187	0.0313273259196915	936.904391295405	938.904391295405	-1.99999999999966	BM	Cercopithecidae	OWM	Lemuridae	STR	order
Nasalis_larvatus	Piliocolobus_badius	70873	57885	27.017026323	0.035221790431974	0.222521588038961	0.195026269265409	0.195026264755446	0.0308696987349976	936.904391295405	938.904391295405	-1.99999999999966	BM	Cercopithecidae	OWM	Cercopithecidae	OWM	family
Ateles_geoffroyi	Cercopithecus_ascanius	79946	51279	78.0653383527	0.0777412277728211	0.642973170080277	0.251494407902674	0.251494402167843	0.0304079314007947	936.904391295405	938.904391295405	-1.99999999999966	BM	Atelidae	PLA	Cercopithecidae	OWM	order
Indri_indri	Avahi_laniger	25551	6550	45.340161082	0.0515282753309162	0.373437273417463	0.219634577015214	0.219634571964656	0.0303060025397561	936.904391295405	938.904391295405	-1.99999999999966	BM	Indriidae	STR	Indriidae	STR	family
Macaca_mulatta	Erythrocebus_patas	71080	84770	29.8369393147	0.0371255244082018	0.245747368313328	0.195600328068358	0.195600323545675	0.0295497152372161	936.904391295405	938.904391295405	-1.99999999999966	BM	Cercopithecidae	OWM	Cercopithecidae	OWM	family
Cercopithecus_mitis	Propithecus_verreauxi	56277	17040	121.4130573128	0.106405712286677	0.999999999959642	0.275067553904547	0.275067547676309	0.0292687590013486	936.904391295405	938.904391295405	-1.99999999999966	BM	Cercopithecidae	OWM	Indriidae	STR	order
Pygathrix_nemaeus	Propithecus_verreauxi	56189	17040	121.4130573118	0.106167067571709	0.999999999951406	0.274475598936169	0.274475592720176	0.0291402694604575	936.904391295405	938.904391295405	-1.99999999999966	BM	Cercopithecidae	OWM	Indriidae	STR	order
Piliocolobus_badius	Varecia_variegata	57885	20461	121.413057315	0.10148908878397	0.999999999977762	0.262839219900032	0.262839213926285	0.0266753129249369	936.904391295405	938.904391295405	-1.99999999999966	BM	Cercopithecidae	OWM	Lemuridae	STR	order
Indri_indri	Microcebus_murinus	25551	1129	69.529333384	0.0662293321473414	0.572667676113809	0.227736566625858	0.227736561399526	0.0263378593593985	936.904391295405	938.904391295405	-1.99999999999966	BM	Indriidae	STR	Cheirogaleidae	STR	superfamily
Cebus_albifrons	Eulemur_fulvus	52113	15566	121.4130573006	0.0991107772495654	0.999999999859159	0.256899836190262	0.256899830341266	0.0254615424436889	936.904391295405	938.904391295405	-1.99999999999966	BM	Cebidae	PLA	Lemuridae	STR	order
Alouatta_seniculus	Carlito_syrichta	37388	2258	115.7454945494	0.0952680549642169	0.953319989682248	0.253050385076501	0.253050379308747	0.0252880651356316	936.904391295405	938.904391295405	-1.99999999999966	BM	Atelidae	PLA	Tarsiidae	TAR	order
Alouatta_seniculus	Microcebus_murinus	37388	1129	121.4130573084	0.0983297581823951	0.999999999923402	0.254946028905736	0.254946023097937	0.0250687813737831	936.904391295405	938.904391295405	-1.99999999999966	BM	Atelidae	PLA	Cheirogaleidae	STR	order
Indri_indri	Cheirogaleus_medius	25551	1941	69.529333384	0.0640272922774028	0.572667676113809	0.220363531715576	0.220363526649156	0.0246378149857892	936.904391295405	938.904391295405	-1.99999999999966	BM	Indriidae	STR	Cheirogaleidae	STR	superfamily
Cercopithecus_mitis	Varecia_variegata	56277	20461	121.4130573148	0.0971283989922685	0.999999999976115	0.251937492975215	0.251937487231004	0.024470285339393	936.904391295405	938.904391295405	-1.99999999999966	BM	Cercopithecidae	OWM	Lemuridae	STR	order
Pygathrix_nemaeus	Varecia_variegata	56189	20461	121.4130573138	0.0968897542772997	0.999999999967878	0.251339401865751	0.251339396134202	0.0243522128877583	936.904391295405	938.904391295405	-1.99999999999966	BM	Cercopithecidae	OWM	Lemuridae	STR	order
Cercopithecus_ascanius	Eulemur_fulvus	51279	15566	121.4130573121	0.0968490762008846	0.999999999953877	0.251237439421893	0.251237433692503	0.0243321139162083	936.904391295405	938.904391295405	-1.99999999999966	BM	Cercopithecidae	OWM	Lemuridae	STR	order
Daubentonia_madagascariensis	Microcebus_murinus	30196	1129	92.496943882	0.0788259764772243	0.76183687261877	0.234792151932974	0.234792146554523	0.0242935480159765	936.904391295405	938.904391295405	-1.99999999999966	BM	Daubentoniidae	STR	Cheirogaleidae	STR	superfamily
Alouatta_seniculus	Cheirogaleus_medius	37388	1941	121.4130573084	0.0961277183124564	0.999999999923402	0.249428577256145	0.2494285715651	0.0239770000153921	936.904391295405	938.904391295405	-1.99999999999966	BM	Atelidae	PLA	Cheirogaleidae	STR	order
Macaca_mulatta	Pygathrix_nemaeus	71080	56189	38.5936741535	0.0403824823931726	0.317870869955218	0.187234035476162	0.18723403113934	0.0237863102777678	936.904391295405	938.904391295405	-1.99999999999966	BM	Cercopithecidae	OWM	Cercopithecidae	OWM	family
Cebus_albifrons	Propithecus_verreauxi	52113	17040	121.4130573012	0.0951134782738394	0.9999999998641	0.246882970983401	0.246882965346426	0.0234818981000018	936.904391295405	938.904391295405	-1.99999999999966	BM	Cebidae	PLA	Indriidae	STR	order
Daubentonia_madagascariensis	Cheirogaleus_medius	30196	1941	92.496943882	0.0766239366072857	0.76183687261877	0.228417955008247	0.228417949767185	0.0229737933848682	936.904391295405	938.904391295405	-1.99999999999966	BM	Daubentoniidae	STR	Cheirogaleidae	STR	superfamily
Cercopithecus_mitis	Nasalis_larvatus	56277	70873	38.5936741528	0.0395824802236752	0.317870869949452	0.183591649902182	0.183591645646595	0.02286152503575	936.904391295405	938.904391295405	-1.99999999999966	BM	Cercopithecidae	OWM	Cercopithecidae	OWM	family
Alouatta_seniculus	Galago_senegalensis	37388	2997	121.4130573114	0.0932639817328318	0.999999999948111	0.242234084235858	0.242234078697955	0.0225917152084145	936.904391295405	938.904391295405	-1.99999999999966	BM	Atelidae	PLA	Galagidae	STR	order
Cercopithecus_ascanius	Propithecus_verreauxi	51279	17040	121.4130573127	0.0928517772251586	0.999999999958818	0.241196767015788	0.241196761500048	0.0223955484793007	936.904391295405	938.904391295405	-1.99999999999966	BM	Cercopithecidae	OWM	Indriidae	STR	order
Cercopithecus_mitis	Cercopithecus_ascanius	56277	51279	9.5808815419	0.0135539350615188	0.0789114593896588	0.126770597302539	0.126770594335976	0.021774282934802	936.904391295405	938.904391295405	-1.99999999999966	BM	Cercopithecidae	OWM	Cercopithecidae	OWM	family
Cebus_albifrons	Hylobates_lar	52113	76001	78.0653383509	0.064781192626963	0.642973170065452	0.210655840573304	0.210655835718855	0.0212241151287617	936.904391295405	938.904391295405	-1.99999999999966	BM	Cebidae	PLA	Hylobatidae	APE	order
Ateles_geoffroyi	Pygathrix_nemaeus	79946	56189	78.0653383518	0.064425937426271	0.642973170072865	0.209527623593716	0.209527618764003	0.0209946762867169	936.904391295405	938.904391295405	-1.99999999999966	BM	Atelidae	PLA	Cercopithecidae	OWM	order
Alouatta_seniculus	Cheirogaleus_major	37388	4313	121.4130573084	0.0896951584953451	0.999999999923402	0.233238833715527	0.233238828370488	0.0209203941589861	936.904391295405	938.904391295405	-1.99999999999966	BM	Atelidae	PLA	Cheirogaleidae	STR	order
Ateles_geoffroyi	Cercopithecus_mitis	79946	56277	78.0653383528	0.0641872927113023	0.642973170081101	0.2087694905873	0.208769485774222	0.0208412248365297	936.904391295405	938.904391295405	-1.99999999999966	BM	Atelidae	PLA	Cercopithecidae	OWM	order
Erythrocebus_patas	Nasalis_larvatus	84770	70873	38.593674153	0.0376868818627305	0.3178708699511	0.174945337830416	0.174945333768406	0.0207415806307279	936.904391295405	938.904391295405	-1.99999999999966	BM	Cercopithecidae	OWM	Cercopithecidae	OWM	family
Alouatta_seniculus	Loris_tardigradus	37388	4551	121.4130573101	0.0890497330162251	0.999999999937404	0.231608631524595	0.231608626214669	0.0206246868028095	936.904391295405	938.904391295405	-1.99999999999966	BM	Atelidae	PLA	Lorisidae	STR	order
Pygathrix_nemaeus	Hylobates_lar	56189	76001	62.1515760355	0.0537276033290938	0.511901910787641	0.196119872778661	0.196119868244471	0.020584120722252	936.904391295405	938.904391295405	-1.99999999999966	BM	Cercopithecidae	OWM	Hylobatidae	APE	order
Alouatta_seniculus	Lepilemur_ruficaudatus	37388	4708	121.4130573054	0.0886239691497469	0.999999999898693	0.230532684562442	0.230532679275717	0.0204307215267399	936.904391295405	938.904391295405	-1.99999999999966	BM	Atelidae	PLA	Lepilemuridae	STR	order
Cebuella_pygmaea	Saimiri_sciureus	3099	17635	41.3912937957	0.0394197679180147	0.340913034480237	0.176668478889144	0.176668474788474	0.0204281729704368	936.904391295405	938.904391295405	-1.99999999999966	BM	Callitrichidae	PLA	Cebidae	PLA	superfamily
Cercopithecus_mitis	Hylobates_lar	56277	76001	62.1515760365	0.053488958614125	0.511901910795877	0.195266399744948	0.195266395229663	0.0204035112087158	936.904391295405	938.904391295405	-1.99999999999966	BM	Cercopithecidae	OWM	Hylobatidae	APE	order
Piliocolobus_badius	Indri_indri	57885	25551	121.413057308	0.087685661520438	0.999999999920107	0.228159924407335	0.228159919171851	0.0200063539057087	936.904391295405	938.904391295405	-1.99999999999966	BM	Cercopithecidae	OWM	Indriidae	STR	order
Indri_indri	Cheirogaleus_major	25551	4313	69.529333384	0.0575947324602914	0.572667676113809	0.198714035068053	0.198714030476465	0.0199852063652619	936.904391295405	938.904391295405	-1.99999999999966	BM	Indriidae	STR	Cheirogaleidae	STR	superfamily
Daubentonia_madagascariensis	Cheirogaleus_major	30196	4313	92.496943882	0.0701913767901743	0.76183687261877	0.209710738797256	0.209710733963528	0.0193215713401549	936.904391295405	938.904391295405	-1.99999999999966	BM	Daubentoniidae	STR	Cheirogaleidae	STR	superfamily
Indri_indri	Lepilemur_ruficaudatus	25551	4708	69.529333381	0.0565235431146932	0.5726676760891	0.195093465313194	0.195093460801742	0.0192561486503552	936.904391295405	938.904391295405	-1.99999999999966	BM	Indriidae	STR	Lepilemuridae	STR	superfamily
Cebus_albifrons	Varecia_variegata	52113	20461	121.4130573032	0.0858361649794304	0.999999999880573	0.223476746777768	0.223476741643711	0.0191823869077738	936.904391295405	938.904391295405	-1.99999999999966	BM	Cebidae	PLA	Lemuridae	STR	order
Daubentonia_madagascariensis	Galago_senegalensis	30196	2997	99.360634015	0.0737602000276611	0.81836860227483	0.212556105946514	0.212556101050448	0.0191578475128869	936.904391295405	938.904391295405	-1.99999999999966	BM	Daubentoniidae	STR	Galagidae	STR	superfamily
Daubentonia_madagascariensis	Lepilemur_ruficaudatus	30196	4708	92.496943879	0.0691201874445761	0.761836872594061	0.206583404642385	0.206583399877323	0.0187429673798801	936.904391295405	938.904391295405	-1.99999999999966	BM	Daubentoniidae	STR	Lepilemuridae	STR	superfamily
Macaca_mulatta	Piliocolobus_badius	71080	57885	38.5936741547	0.0357831478865027	0.317870869965101	0.166240505346569	0.166240501480459	0.0187139154594327	936.904391295405	938.904391295405	-1.99999999999966	BM	Cercopithecidae	OWM	Cercopithecidae	OWM	family
Alouatta_seniculus	Otolemur_crassicaudatus	37388	6545	121.4130573114	0.0836422607247748	0.999999999948111	0.217910943329987	0.217910938316971	0.0182265639377342	936.904391295405	938.904391295405	-1.99999999999966	BM	Atelidae	PLA	Galagidae	STR	order
Alouatta_seniculus	Avahi_laniger	37388	6550	121.4130573064	0.0836287013659698	0.999999999906929	0.217876509012729	0.217876504000463	0.0182207295085814	936.904391295405	938.904391295405	-1.99999999999966	BM	Atelidae	PLA	Indriidae	STR	order
Cercopithecus_ascanius	Varecia_variegata	51279	20461	121.4130573147	0.0835744639307496	0.999999999975291	0.217738767449524	0.21773876244026	0.0181974007669858	936.904391295405	938.904391295405	-1.99999999999966	BM	Cercopithecidae	OWM	Lemuridae	STR	order
Ateles_geoffroyi	Piliocolobus_badius	79946	57885	78.065338353	0.0598266029196011	0.642973170082748	0.194882244524184	0.194882240017413	0.0181331713385933	936.904391295405	938.904391295405	-1.99999999999966	BM	Atelidae	PLA	Cercopithecidae	OWM	order
Cercopithecus_mitis	Indri_indri	56277	25551	121.4130573078	0.0833249717287369	0.99999999991846	0.217105068416719	0.217105063421272	0.0180902736894636	936.904391295405	938.904391295405	-1.99999999999966	BM	Cercopithecidae	OWM	Indriidae	STR	order
Pygathrix_nemaeus	Indri_indri	56189	25551	121.4130573068	0.0830863270137682	0.999999999910224	0.21649878668384	0.216498781701618	0.0179880889901124	936.904391295405	938.904391295405	-1.99999999999966	BM	Cercopithecidae	OWM	Indriidae	STR	order
Cebus_albifrons	Alouatta_seniculus	52113	37388	46.5475501486	0.0399323116808452	0.383381748033901	0.168884285425882	0.16888428150017	0.01759066507002	936.904391295405	938.904391295405	-1.99999999999966	BM	Cebidae	PLA	Atelidae	PLA	superfamily
Piliocolobus_badius	Hylobates_lar	57885	76001	62.1515760367	0.0491282688224239	0.511901910797525	0.17963112564908	0.179631121482035	0.0172395649315191	936.904391295405	938.904391295405	-1.99999999999966	BM	Cercopithecidae	OWM	Hylobatidae	APE	order
Daubentonia_madagascariensis	Loris_tardigradus	30196	4551	99.3606340137	0.0695459513110544	0.818368602264123	0.200679106124691	0.200679101489694	0.0170539525894339	936.904391295405	938.904391295405	-1.99999999999966	BM	Daubentoniidae	STR	Lorisidae	STR	superfamily
Daubentonia_madagascariensis	Avahi_laniger	30196	6550	92.49694388	0.0641249196607991	0.761836872602297	0.191956599220716	0.191956594778852	0.0161572666617495	936.904391295405	938.904391295405	-1.99999999999966	BM	Daubentoniidae	STR	Indriidae	STR	superfamily
Alouatta_seniculus	Nycticebus_coucang	37388	8495	121.4130573098	0.0783541107908089	0.999999999934933	0.204449796980028	0.204449792261903	0.0160194820447738	936.904391295405	938.904391295405	-1.99999999999966	BM	Atelidae	PLA	Lorisidae	STR	order
Varecia_variegata	Microcebus_murinus	20461	1129	71.983496227	0.0524259048838099	0.592881011460256	0.178142642802436	0.178142638668724	0.0157523838119027	936.904391295405	938.904391295405	-1.99999999999966	BM	Lemuridae	STR	Cheirogaleidae	STR	superfamily
Alouatta_seniculus	Piliocolobus_badius	37388	57885	78.0653383564	0.0555852354853844	0.642973170110752	0.181315717444037	0.181315713239303	0.0156748015622365	936.904391295405	938.904391295405	-1.99999999999966	BM	Atelidae	PLA	Cercopithecidae	OWM	order
Alouatta_seniculus	Perodicticus_potto	37388	9418	121.4130573104	0.0758510531553984	0.999999999939875	0.19805663576628	0.198056631189228	0.0150228044081907	936.904391295405	938.904391295405	-1.99999999999966	BM	Atelidae	PLA	Lorisidae	STR	order
Carlito_syrichta	Daubentonia_madagascariensis	2258	30196	121.413057303	0.0757642732590461	0.999999999878926	0.197834747020401	0.197834742448257	0.0149888058352027	936.904391295405	938.904391295405	-1.99999999999966	BM	Tarsiidae	TAR	Daubentoniidae	STR	order
Piliocolobus_badius	Daubentonia_madagascariensis	57885	30196	121.41305731	0.0750890171905551	0.99999999993658	0.196107631413941	0.196107626880022	0.0147255293073743	936.904391295405	938.904391295405	-1.99999999999966	BM	Cercopithecidae	OWM	Daubentoniidae	STR	order
Callithrix_jacchus	Saimiri_sciureus	5318	17635	41.3912937953	0.0334021244803376	0.340913034476942	0.150048194580368	0.15004819108118	0.0147014867915306	936.904391295405	938.904391295405	-1.99999999999966	BM	Callitrichidae	PLA	Cebidae	PLA	superfamily
Daubentonia_madagascariensis	Otolemur_crassicaudatus	30196	6545	99.360634015	0.0641384790196041	0.81836860227483	0.185371348307641	0.185371344012338	0.0145282166266107	936.904391295405	938.904391295405	-1.99999999999966	BM	Daubentoniidae	STR	Galagidae	STR	superfamily
Varecia_variegata	Cheirogaleus_medius	20461	1941	71.983496227	0.0502238650138712	0.592881011460256	0.170777997941166	0.170777993972817	0.0144668676347231	936.904391295405	938.904391295405	-1.99999999999966	BM	Lemuridae	STR	Cheirogaleidae	STR	superfamily
Cebuella_pygmaea	Daubentonia_madagascariensis	3099	30196	121.4130573027	0.0734835891080383	0.999999999876455	0.191997565551058	0.191997561108285	0.0141086702184406	936.904391295405	938.904391295405	-1.99999999999966	BM	Callitrichidae	PLA	Daubentoniidae	STR	order
Cebus_albifrons	Indri_indri	52113	25551	121.4130572962	0.0720327377158989	0.999999999822919	0.188278665226914	0.188278660866829	0.0135622277121915	936.904391295405	938.904391295405	-1.99999999999966	BM	Cebidae	PLA	Indriidae	STR	order
Cebus_albifrons	Macaca_mulatta	52113	71080	78.0653383489	0.0514360716910419	0.642973170048979	0.167991345377934	0.167991341472343	0.0134388420650208	936.904391295405	938.904391295405	-1.99999999999966	BM	Cebidae	PLA	Cercopithecidae	OWM	order
Alouatta_seniculus	Cercopithecus_mitis	37388	56277	78.0653383562	0.0512245456936832	0.642973170109105	0.167310734023203	0.167310730132954	0.0133293529783847	936.904391295405	938.904391295405	-1.99999999999966	BM	Atelidae	PLA	Cercopithecidae	OWM	order
Indri_indri	Galago_senegalensis	25551	2997	99.360634013	0.0611635556977782	0.818368602258358	0.176919094776646	0.176919090670357	0.0132226491552956	936.904391295405	938.904391295405	-1.99999999999966	BM	Indriidae	STR	Galagidae	STR	superfamily
Alouatta_seniculus	Pygathrix_nemaeus	37388	56189	78.0653383552	0.0509859009787145	0.642973170100869	0.166542714244492	0.166542710371565	0.0132063525074676	936.904391295405	938.904391295405	-1.99999999999966	BM	Atelidae	PLA	Cercopithecidae	OWM	order
Cebus_albifrons	Nasalis_larvatus	52113	70873	78.0653383472	0.0508747142365132	0.642973170034978	0.166184832530974	0.16618482866612	0.0131492358615775	936.904391295405	938.904391295405	-1.99999999999966	BM	Cebidae	PLA	Cercopithecidae	OWM	order
Cercopithecus_mitis	Daubentonia_madagascariensis	56277	30196	121.4130573098	0.070728327398854	0.999999999934933	0.184931497747292	0.1849314934618	0.013079895519882	936.904391295405	938.904391295405	-1.99999999999966	BM	Cercopithecidae	OWM	Daubentoniidae	STR	order
Pygathrix_nemaeus	Daubentonia_madagascariensis	56189	30196	121.4130573088	0.0704896826838852	0.999999999926697	0.184318758801819	0.184318754529999	0.0129925708215802	936.904391295405	938.904391295405	-1.99999999999966	BM	Cercopithecidae	OWM	Daubentoniidae	STR	order
Cercopithecus_ascanius	Indri_indri	51279	25551	121.4130573077	0.0697710366672181	0.999999999917637	0.182472899614573	0.182472895383974	0.0127313233708306	936.904391295405	938.904391295405	-1.99999999999966	BM	Cercopithecidae	OWM	Indriidae	STR	order
Daubentonia_madagascariensis	Nycticebus_coucang	30196	8495	99.3606340134	0.0588503290856382	0.818368602261652	0.170332563143352	0.170332559185029	0.0122489149354994	936.904391295405	938.904391295405	-1.99999999999966	BM	Daubentoniidae	STR	Lorisidae	STR	superfamily
Avahi_laniger	Propithecus_verreauxi	6550	17040	38.068820955	0.0284475347729757	0.31354799719264	0.133418573957806	0.133418570838556	0.0121047799890543	936.904391295405	938.904391295405	-1.99999999999966	BM	Indriidae	STR	Indriidae	STR	family
Callithrix_jacchus	Daubentonia_madagascariensis	5318	30196	121.4130573023	0.0674659456703611	0.99999999987316	0.176545436649872	0.176545432551961	0.0119108048388812	936.904391295405	938.904391295405	-1.99999999999966	BM	Callitrichidae	PLA	Daubentoniidae	STR	order
Indri_indri	Loris_tardigradus	25551	4551	99.3606340117	0.0569493069811715	0.81836860224765	0.164910718448148	0.16491071461205	0.0114759426297578	936.904391295405	938.904391295405	-1.99999999999966	BM	Indriidae	STR	Lorisidae	STR	superfamily
Propithecus_verreauxi	Microcebus_murinus	17040	1129	69.529333389	0.0431485915894009	0.572667676154991	0.149558390158032	0.149558386669992	0.0112687238417673	936.904391295405	938.904391295405	-1.99999999999966	BM	Indriidae	STR	Cheirogaleidae	STR	superfamily
Daubentonia_madagascariensis	Perodicticus_potto	30196	9418	99.360634014	0.0563472714502277	0.818368602266594	0.163192023627733	0.163192019830459	0.0112362879372397	936.904391295405	938.904391295405	-1.99999999999966	BM	Daubentoniidae	STR	Lorisidae	STR	superfamily
Varecia_variegata	Cheirogaleus_major	20461	4313	71.983496227	0.0437913051967599	0.592881011460256	0.149180714956507	0.149180711477064	0.0110187678334326	936.904391295405	938.904391295405	-1.99999999999966	BM	Lemuridae	STR	Cheirogaleidae	STR	superfamily
Saguinus_oedipus	Saimiri_sciureus	7052	17635	41.3912937952	0.0286997388467494	0.340913034476118	0.129124860392138	0.129124857371455	0.0108703669179799	936.904391295405	938.904391295405	-1.99999999999966	BM	Callitrichidae	PLA	Cebidae	PLA	superfamily
Saguinus_midas	Saimiri_sciureus	7055	17635	41.3912937961	0.0286916032314664	0.340913034483531	0.129088578018284	0.129088574998434	0.0108642318937023	936.904391295405	938.904391295405	-1.99999999999966	BM	Callitrichidae	PLA	Cebidae	PLA	superfamily
Varecia_variegata	Lepilemur_ruficaudatus	20461	4708	71.983496224	0.0427201158511616	0.592881011435547	0.145572845460897	0.145572842063663	0.0104892696897392	936.904391295405	938.904391295405	-1.99999999999966	BM	Lemuridae	STR	Lepilemuridae	STR	superfamily
Carlito_syrichta	Indri_indri	2258	25551	121.413057301	0.0631676289291632	0.999999999862453	0.165465767106446	0.165465763257819	0.010452080178497	936.904391295405	938.904391295405	-1.99999999999966	BM	Tarsiidae	TAR	Indriidae	STR	order
Saguinus_oedipus	Daubentonia_madagascariensis	7052	30196	121.4130573022	0.062763560036773	0.999999999872337	0.164422480820521	0.164422476995448	0.0103197402476914	936.904391295405	938.904391295405	-1.99999999999966	BM	Callitrichidae	PLA	Daubentoniidae	STR	order
Saguinus_midas	Daubentonia_madagascariensis	7055	30196	121.4130573031	0.06275542442149	0.999999999879749	0.164401472077908	0.16440146825331	0.0103170841570075	936.904391295405	938.904391295405	-1.99999999999966	BM	Callitrichidae	PLA	Daubentoniidae	STR	order
Propithecus_verreauxi	Cheirogaleus_medius	17040	1941	69.529333389	0.0409465517194623	0.572667676154991	0.142009140838758	0.142009137522868	0.0101538551451555	936.904391295405	938.904391295405	-1.99999999999966	BM	Indriidae	STR	Cheirogaleidae	STR	superfamily
Callimico_goeldii	Daubentonia_madagascariensis	7733	30196	121.4130573053	0.0609167753675264	0.99999999989787	0.159650515607653	0.159650511890492	0.00972539459757443	936.904391295405	938.904391295405	-1.99999999999966	BM	Callitrichidae	PLA	Daubentoniidae	STR	order
Cebuella_pygmaea	Indri_indri	3099	25551	121.4130573007	0.0608869447781553	0.999999999859982	0.159573386739209	0.159573383023794	0.00971593598781382	936.904391295405	938.904391295405	-1.99999999999966	BM	Callitrichidae	PLA	Indriidae	STR	order
Callimico_goeldii	Saimiri_sciureus	7733	17635	41.3912937983	0.0268529541775029	0.340913034501651	0.120881937657337	0.120881934826375	0.0095215987782494	936.904391295405	938.904391295405	-1.99999999999966	BM	Callitrichidae	PLA	Cebidae	PLA	superfamily
Indri_indri	Otolemur_crassicaudatus	25551	6545	99.360634013	0.0515418346897212	0.818368602258358	0.149446164995194	0.149446161509708	0.00941229845565771	936.904391295405	938.904391295405	-1.99999999999966	BM	Indriidae	STR	Galagidae	STR	superfamily
Cebus_albifrons	Daubentonia_madagascariensis	52113	30196	121.4130572982	0.059436093386016	0.999999999839391	0.155820283516219	0.155820279885874	0.00926134892399295	936.904391295405	938.904391295405	-1.99999999999966	BM	Cebidae	PLA	Daubentoniidae	STR	order
Alouatta_seniculus	Eulemur_fulvus	37388	15566	121.4130573088	0.0591784655687202	0.999999999926697	0.155153472034369	0.155153468419155	0.00918174440332634	936.904391295405	938.904391295405	-1.99999999999966	BM	Atelidae	PLA	Lemuridae	STR	order
Eulemur_fulvus	Microcebus_murinus	15566	1129	71.9834962244	0.0391512926136749	0.592881011438841	0.13353113466594	0.133531131544108	0.00881781744646332	936.904391295405	938.904391295405	-1.99999999999966	BM	Lemuridae	STR	Cheirogaleidae	STR	superfamily
Cercopithecus_ascanius	Daubentonia_madagascariensis	51279	30196	121.4130573097	0.0571743923373352	0.999999999934109	0.149962620193511	0.149962616696271	0.00857402168344354	936.904391295405	938.904391295405	-1.99999999999966	BM	Cercopithecidae	OWM	Daubentoniidae	STR	order
Varecia_variegata	Avahi_laniger	20461	6550	71.983496225	0.0377248480673846	0.592881011443783	0.128709264207676	0.128709261196542	0.00818973342606342	936.904391295405	938.904391295405	-1.99999999999966	BM	Lemuridae	STR	Indriidae	STR	superfamily
Aotus_trivirgatus	Cebuella_pygmaea	12128	3099	40.5102348762	0.0244854901301427	0.333656328002658	0.111481158538787	0.111481155924949	0.00818108508068399	936.904391295405	938.904391295405	-1.99999999999966	BM	Aotidae	PLA	Callitrichidae	PLA	superfamily
Alouatta_seniculus	Propithecus_verreauxi	37388	17040	121.4130573094	0.0551811665929942	0.999999999931638	0.144793408999101	0.144793405619646	0.00798986922409314	936.904391295405	938.904391295405	-1.99999999999966	BM	Atelidae	PLA	Indriidae	STR	order
Varecia_variegata	Galago_senegalensis	20461	2997	99.36063402	0.0473601284342466	0.818368602316012	0.137447250048569	0.137447246837006	0.00795426339281844	936.904391295405	938.904391295405	-1.99999999999966	BM	Lemuridae	STR	Galagidae	STR	superfamily
Callithrix_jacchus	Indri_indri	5318	25551	121.4130573003	0.0548693013404782	0.999999999856688	0.143984052486207	0.143984049125222	0.00790030436522116	936.904391295405	938.904391295405	-1.99999999999966	BM	Callitrichidae	PLA	Indriidae	STR	order
Eulemur_fulvus	Cheirogaleus_medius	15566	1941	71.9834962244	0.0369492527437363	0.592881011438841	0.126085465871979	0.126085462921176	0.00785783935719125	936.904391295405	938.904391295405	-1.99999999999966	BM	Lemuridae	STR	Cheirogaleidae	STR	superfamily
Indri_indri	Nycticebus_coucang	25551	8495	99.3606340114	0.0462536847557553	0.818368602245179	0.134267008670275	0.13426700553157	0.00758868787865906	936.904391295405	938.904391295405	-1.99999999999966	BM	Indriidae	STR	Lorisidae	STR	superfamily
Alouatta_seniculus	Cercopithecus_ascanius	37388	51279	78.0653383561	0.0376706106321644	0.642973170108281	0.123459598888708	0.12345959599835	0.00723326990106992	936.904391295405	938.904391295405	-1.99999999999966	BM	Atelidae	PLA	Cercopithecidae	OWM	order
Propithecus_verreauxi	Cheirogaleus_major	17040	4313	69.529333389	0.0345139919023509	0.572667676154991	0.119884392361736	0.119884389553777	0.00722528810246901	936.904391295405	938.904391295405	-1.99999999999966	BM	Indriidae	STR	Cheirogaleidae	STR	superfamily
Indri_indri	Perodicticus_potto	25551	9418	99.360634012	0.0437506271203447	0.818368602250121	0.127064542550708	0.127064539577384	0.00679297007004934	936.904391295405	938.904391295405	-1.99999999999966	BM	Indriidae	STR	Lorisidae	STR	superfamily
Propithecus_verreauxi	Lepilemur_ruficaudatus	17040	4708	69.529333386	0.0334428025567527	0.572667676130282	0.116190451855026	0.116190449132324	0.00678532157886891	936.904391295405	938.904391295405	-1.99999999999966	BM	Indriidae	STR	Lepilemuridae	STR	superfamily
Saguinus_oedipus	Indri_indri	7052	25551	121.4130573002	0.05016691570689	0.999999999855864	0.131762477948579	0.131762474867324	0.00661011712553006	936.904391295405	938.904391295405	-1.99999999999966	BM	Callitrichidae	PLA	Indriidae	STR	order
Saguinus_midas	Indri_indri	7055	25551	121.4130573011	0.050158780091607	0.999999999863277	0.131741305169662	0.131741302088894	0.00660798315588983	936.904391295405	938.904391295405	-1.99999999999966	BM	Callitrichidae	PLA	Indriidae	STR	order
Varecia_variegata	Loris_tardigradus	20461	4551	99.3606340187	0.0431458797176399	0.818368602305305	0.125322797469988	0.125322794536734	0.00660724559848278	936.904391295405	938.904391295405	-1.99999999999966	BM	Lemuridae	STR	Lorisidae	STR	superfamily
Carlito_syrichta	Varecia_variegata	2258	20461	121.413057308	0.0493642016656316	0.999999999920108	0.129672977538525	0.129672974505248	0.00640120301430606	936.904391295405	938.904391295405	-1.99999999999966	BM	Tarsiidae	TAR	Lemuridae	STR	order
Aotus_trivirgatus	Daubentonia_madagascariensis	12128	30196	121.4130573061	0.0489980989778955	0.999999999904458	0.128719694359284	0.128719691347911	0.00630702032522326	936.904391295405	938.904391295405	-1.99999999999966	BM	Aotidae	PLA	Daubentoniidae	STR	order
Daubentonia_madagascariensis	Eulemur_fulvus	30196	15566	92.4969438824	0.0396746838635495	0.761836872622064	0.119484695086862	0.119484692288122	0.00622248367657515	936.904391295405	938.904391295405	-1.99999999999966	BM	Daubentoniidae	STR	Lemuridae	STR	superfamily
Indri_indri	Propithecus_verreauxi	25551	17040	45.340161085	0.0230807405579405	0.373437273442172	0.0993975590450346	0.0993975567113623	0.00614338587914491	936.904391295405	938.904391295405	-1.99999999999966	BM	Indriidae	STR	Indriidae	STR	family
Callimico_goeldii	Indri_indri	7733	25551	121.4130573033	0.0483201310376435	0.999999999881397	0.126953862308286	0.126953859337509	0.00613442726319891	936.904391295405	938.904391295405	-1.99999999999966	BM	Callitrichidae	PLA	Indriidae	STR	order
Callimico_goeldii	Cebuella_pygmaea	7733	3099	20.8919895174	0.0125668137405118	0.172073663071775	0.0798003522165884	0.0798003503395418	0.00582794685038353	936.904391295405	938.904391295405	-1.99999999999966	BM	Callitrichidae	PLA	Callitrichidae	PLA	family
Cebuella_pygmaea	Varecia_variegata	3099	20461	121.4130573077	0.0470835175146238	0.999999999917637	0.123731361208971	0.123731358312353	0.00582570771307064	936.904391295405	938.904391295405	-1.99999999999966	BM	Callitrichidae	PLA	Lemuridae	STR	order
Cebuella_pygmaea	Callithrix_jacchus	3099	5318	8.0860732424	0.00601764343767712	0.0665997004032381	0.061464295414772	0.0614642939670485	0.00555363179886267	936.904391295405	938.904391295405	-1.99999999999966	BM	Callitrichidae	PLA	Callitrichidae	PLA	family
Alouatta_seniculus	Varecia_variegata	37388	20461	121.4130573114	0.0459038532985852	0.999999999948111	0.120655351138819	0.120655348313081	0.00553854553865302	936.904391295405	938.904391295405	-1.99999999999966	BM	Atelidae	PLA	Lemuridae	STR	order
Eulemur_fulvus	Cheirogaleus_major	15566	4313	71.9834962244	0.0305166929266249	0.592881011438841	0.104273656308104	0.104273653861238	0.00536715983223738	936.904391295405	938.904391295405	-1.99999999999966	BM	Lemuridae	STR	Cheirogaleidae	STR	superfamily
Galago_senegalensis	Otolemur_crassicaudatus	2997	6545	15.608317406	0.00962172100805697	0.128555509191717	0.0707132013347833	0.0707131996702832	0.00529252071037408	936.904391295405	938.904391295405	-1.99999999999966	BM	Galagidae	STR	Galagidae	STR	family
Saimiri_sciureus	Microcebus_murinus	17635	1129	121.413057299	0.0447621552872008	0.99999999984598	0.117676603567374	0.117676600810357	0.00526745840336447	936.904391295405	938.904391295405	-1.99999999999966	BM	Cebidae	PLA	Cheirogaleidae	STR	order
Propithecus_verreauxi	Galago_senegalensis	17040	2997	99.360634018	0.0380828151398377	0.818368602299539	0.110717536313474	0.110717533717307	0.00515224491300927	936.904391295405	938.904391295405	-1.99999999999966	BM	Indriidae	STR	Galagidae	STR	superfamily
Varecia_variegata	Otolemur_crassicaudatus	20461	6545	99.36063402	0.0377384074261896	0.818368602316012	0.10972261021292	0.109722607639782	0.00505976959081967	936.904391295405	938.904391295405	-1.99999999999966	BM	Lemuridae	STR	Galagidae	STR	superfamily
Daubentonia_madagascariensis	Propithecus_verreauxi	30196	17040	92.496943883	0.0356773848878234	0.761836872627006	0.107523630312722	0.107523627790514	0.00503541122914538	936.904391295405	938.904391295405	-1.99999999999966	BM	Daubentoniidae	STR	Indriidae	STR	superfamily
Eulemur_fulvus	Lepilemur_ruficaudatus	15566	4708	71.9834962214	0.0294455035810267	0.592881011414132	0.100633293223598	0.100633290861222	0.00499796407531787	936.904391295405	938.904391295405	-1.99999999999966	BM	Lemuridae	STR	Lepilemuridae	STR	superfamily
Saimiri_sciureus	Carlito_syrichta	17635	2258	115.74549454	0.0417004520690226	0.953319989604827	0.112316172514899	0.112316169881745	0.0049129727894147	936.904391295405	938.904391295405	-1.99999999999966	BM	Cebidae	PLA	Tarsiidae	TAR	order
Saimiri_sciureus	Cheirogaleus_medius	17635	1941	121.413057299	0.0425601154172622	0.99999999984598	0.111926703929963	0.111926701305817	0.00476361343826664	936.904391295405	938.904391295405	-1.99999999999966	BM	Cebidae	PLA	Cheirogaleidae	STR	order
Cercopithecus_ascanius	Piliocolobus_badius	51279	57885	38.5936741537	0.0179146248532199	0.317870869956865	0.0836847983808049	0.0836847964130486	0.00471632323249031	936.904391295405	938.904391295405	-1.99999999999966	BM	Cercopithecidae	OWM	Cercopithecidae	OWM	family
Aotus_trivirgatus	Callithrix_jacchus	12128	5318	40.5102348758	0.0184678466924656	0.333656327999363	0.0842017026515913	0.0842017006717713	0.00466055640286591	936.904391295405	938.904391295405	-1.99999999999966	BM	Aotidae	PLA	Callitrichidae	PLA	superfamily
Callithrix_jacchus	Varecia_variegata	5318	20461	121.4130573073	0.0410658740769467	0.999999999914342	0.108021610221621	0.108021607687876	0.00443600184333009	936.904391295405	938.904391295405	-1.99999999999966	BM	Callitrichidae	PLA	Lemuridae	STR	order
Eulemur_fulvus	Indri_indri	15566	25551	71.9834962204	0.0270780395336665	0.592881011405896	0.0925802233800674	0.0925802212049475	0.0042283205238376	936.904391295405	938.904391295405	-1.99999999999966	BM	Lemuridae	STR	Indriidae	STR	superfamily
Carlito_syrichta	Propithecus_verreauxi	2258	17040	121.413057306	0.0400868883712227	0.999999999903635	0.105461673394952	0.105461670920535	0.00422763032923317	936.904391295405	938.904391295405	-1.99999999999966	BM	Tarsiidae	TAR	Indriidae	STR	order
Saimiri_sciureus	Galago_senegalensis	17635	2997	121.413057302	0.0396963788376375	0.999999999870689	0.104440227098386	0.104440224647656	0.00414589882132254	936.904391295405	938.904391295405	-1.99999999999966	BM	Cebidae	PLA	Galagidae	STR	order
Eulemur_fulvus	Galago_senegalensis	15566	2997	99.3606340174	0.0340855161641116	0.818368602294598	0.09915979489597	0.0991597925678219	0.00413006166448682	936.904391295405	938.904391295405	-1.99999999999966	BM	Lemuridae	STR	Galagidae	STR	superfamily
Propithecus_verreauxi	Loris_tardigradus	17040	4551	99.3606340167	0.033868566423231	0.818368602288832	0.0985318845602627	0.0985318822467049	0.00407778801349662	936.904391295405	938.904391295405	-1.99999999999966	BM	Indriidae	STR	Lorisidae	STR	superfamily
Erythrocebus_patas	Hylobates_lar	84770	76001	62.1515760367	0.0237804034722806	0.511901910797525	0.087521533357031	0.0875215312997717	0.00406581286735241	936.904391295405	938.904391295405	-1.99999999999966	BM	Cercopithecidae	OWM	Hylobatidae	APE	order
Nycticebus_coucang	Loris_tardigradus	8495	4551	22.2897034071	0.0106956222254162	0.183585718863621	0.0657894733734275	0.0657894718242778	0.00383286542094257	936.904391295405	938.904391295405	-1.99999999999966	BM	Lorisidae	STR	Lorisidae	STR	family
Perodicticus_potto	Galago_senegalensis	9418	2997	43.154528579	0.0174129285774334	0.355435646975581	0.0769448068467025	0.0769448050363961	0.00376955557898246	936.904391295405	938.904391295405	-1.99999999999966	BM	Lorisidae	STR	Galagidae	STR	superfamily
Cebuella_pygmaea	Propithecus_verreauxi	3099	17040	121.4130573057	0.0378062042202148	0.999999999901164	0.0994937259116372	0.0994937235757307	0.00376148012081721	936.904391295405	938.904391295405	-1.99999999999966	BM	Callitrichidae	PLA	Indriidae	STR	order
Varecia_variegata	Nycticebus_coucang	20461	8495	99.3606340184	0.0324502574922237	0.818368602302834	0.094425419352597	0.0944254171345302	0.00374419199756775	936.904391295405	938.904391295405	-1.99999999999966	BM	Lemuridae	STR	Lorisidae	STR	superfamily
Aotus_trivirgatus	Indri_indri	12128	25551	121.4130573041	0.0364014546480126	0.999999999887986	0.095815044598099	0.0958150423477044	0.00348780700092569	936.904391295405	938.904391295405	-1.99999999999966	BM	Aotidae	PLA	Indriidae	STR	order
Saguinus_oedipus	Varecia_variegata	7052	20461	121.4130573072	0.0363634884433585	0.999999999913518	0.0957155918674392	0.0957155896193578	0.00348055281902185	936.904391295405	938.904391295405	-1.99999999999966	BM	Callitrichidae	PLA	Lemuridae	STR	order
Saguinus_midas	Varecia_variegata	7055	20461	121.4130573081	0.0363553528280755	0.999999999920931	0.0956942803725178	0.0956942781249322	0.00347899932684674	936.904391295405	938.904391295405	-1.99999999999966	BM	Callitrichidae	PLA	Lemuridae	STR	order
Eulemur_fulvus	Avahi_laniger	15566	6550	71.9834962224	0.0244502357972496	0.592881011422369	0.0836304708823429	0.0836304689158547	0.00344889563590964	936.904391295405	938.904391295405	-1.99999999999966	BM	Lemuridae	STR	Indriidae	STR	superfamily
Saimiri_sciureus	Cheirogaleus_major	17635	4313	121.413057299	0.0361275556001508	0.99999999984598	0.0950975305974429	0.0950975283637385	0.00343564132462532	936.904391295405	938.904391295405	-1.99999999999966	BM	Cebidae	PLA	Cheirogaleidae	STR	order
Carlito_syrichta	Eulemur_fulvus	2258	15566	121.4130573054	0.0360895893954967	0.999999999898693	0.0949980670678199	0.0949980648364296	0.0034284412341908	936.904391295405	938.904391295405	-1.99999999999966	BM	Tarsiidae	TAR	Lemuridae	STR	order
Saimiri_sciureus	Loris_tardigradus	17635	4551	121.4130573007	0.0354821301210308	0.999999999859982	0.0934064489974985	0.0934064468031453	0.00331425977793673	936.904391295405	938.904391295405	-1.99999999999966	BM	Cebidae	PLA	Lorisidae	STR	order
Saimiri_sciureus	Lepilemur_ruficaudatus	17635	4708	121.413057296	0.0350563662545526	0.999999999821271	0.0922906712388187	0.0922906690704404	0.00323537557340478	936.904391295405	938.904391295405	-1.99999999999966	BM	Cebidae	PLA	Lepilemuridae	STR	order
Varecia_variegata	Perodicticus_potto	20461	9418	99.360634019	0.0299471998568132	0.818368602307776	0.087172158508567	0.087172156459454	0.0031899587123017	936.904391295405	938.904391295405	-1.99999999999966	BM	Lemuridae	STR	Lorisidae	STR	superfamily
Eulemur_fulvus	Loris_tardigradus	15566	4551	99.3606340161	0.0298712674475049	0.81836860228389	0.086952007962933	0.0869520059189537	0.00317383472155415	936.904391295405	938.904391295405	-1.99999999999966	BM	Lemuridae	STR	Lorisidae	STR	superfamily
Callimico_goeldii	Varecia_variegata	7733	20461	121.4130573103	0.0345167037741119	0.999999999939051	0.0908761436958571	0.0908761415604207	0.00313674493227471	936.904391295405	938.904391295405	-1.99999999999966	BM	Callitrichidae	PLA	Lemuridae	STR	order
Ateles_geoffroyi	Nasalis_larvatus	79946	70873	78.065338352	0.0246048124876271	0.642973170074512	0.0808242466586061	0.0808242447576405	0.00309292133178475	936.904391295405	938.904391295405	-1.99999999999966	BM	Atelidae	PLA	Cercopithecidae	OWM	order
Saimiri_sciureus	Daubentonia_madagascariensis	17635	30196	121.413057297	0.0340638211900236	0.999999999829508	0.089688855304467	0.0896888531966911	0.00305514513035014	936.904391295405	938.904391295405	-1.99999999999966	BM	Cebidae	PLA	Daubentoniidae	STR	order
Cebuella_pygmaea	Eulemur_fulvus	3099	15566	121.4130573051	0.0338089052444888	0.999999999896222	0.0890204729560835	0.0890204708638831	0.00300968473530414	936.904391295405	938.904391295405	-1.99999999999966	BM	Callitrichidae	PLA	Lemuridae	STR	order
Cebuella_pygmaea	Saguinus_midas	3099	7055	26.3249190832	0.0107281646865483	0.216821153052064	0.0607319754141252	0.0607319739835834	0.0030049772580339	936.904391295405	938.904391295405	-1.99999999999966	BM	Callitrichidae	PLA	Callitrichidae	PLA	family
Cebuella_pygmaea	Saguinus_oedipus	3099	7052	26.3249190823	0.0107200290712653	0.216821153044651	0.0606860087680026	0.0606860073385392	0.00300042578446244	936.904391295405	938.904391295405	-1.99999999999966	BM	Callitrichidae	PLA	Callitrichidae	PLA	family
Ateles_geoffroyi	Macaca_mulatta	79946	71080	78.0653383537	0.0240434550330984	0.642973170088514	0.0789863519338226	0.0789863500757961	0.00295362993247123	936.904391295405	938.904391295405	-1.99999999999966	BM	Atelidae	PLA	Cercopithecidae	OWM	order
Aotus_trivirgatus	Saimiri_sciureus	12128	17635	41.3912937991	0.014934277787872	0.34091303450824	0.0674074084305888	0.0674074068435215	0.0029528966644384	936.904391295405	938.904391295405	-1.99999999999966	BM	Aotidae	PLA	Cebidae	PLA	superfamily
Propithecus_verreauxi	Otolemur_crassicaudatus	17040	6545	99.360634018	0.0284610941317807	0.818368602299539	0.0828623029857887	0.0828623010372317	0.00288177209955015	936.904391295405	938.904391295405	-1.99999999999966	BM	Indriidae	STR	Galagidae	STR	superfamily
Nycticebus_coucang	Galago_senegalensis	8495	2997	43.1545285784	0.0149098709420229	0.355435646970639	0.0659115252080053	0.0659115236559947	0.0027648671224145	936.904391295405	938.904391295405	-1.99999999999966	BM	Lorisidae	STR	Galagidae	STR	superfamily
Daubentonia_madagascariensis	Varecia_variegata	30196	20461	92.496943885	0.0264000715934145	0.761836872643479	0.079673382777411	0.0796733809033309	0.00276093621212464	936.904391295405	938.904391295405	-1.99999999999966	BM	Daubentoniidae	STR	Lemuridae	STR	superfamily
Alouatta_seniculus	Indri_indri	37388	25551	121.4130573044	0.0321004260350537	0.999999999890457	0.0845392862040364	0.0845392842163386	0.00271374710414618	936.904391295405	938.904391295405	-1.99999999999966	BM	Atelidae	PLA	Indriidae	STR	order
Callithrix_jacchus	Propithecus_verreauxi	5318	17040	121.4130573053	0.0317885607825377	0.99999999989787	0.0837209974799028	0.0837209955113016	0.00266137001743638	936.904391295405	938.904391295405	-1.99999999999966	BM	Callitrichidae	PLA	Indriidae	STR	order
Cercopithecus_ascanius	Pygathrix_nemaeus	51279	56189	38.5936741525	0.0133152903465501	0.317870869946981	0.0622510623785473	0.0622510609123674	0.00260763425755185	936.904391295405	938.904391295405	-1.99999999999966	BM	Cercopithecidae	OWM	Cercopithecidae	OWM	family
Aotus_trivirgatus	Saguinus_oedipus	12128	7052	40.5102348757	0.0137654610588774	0.33365632799854	0.0628137242931461	0.0628137228137686	0.00259146853562493	936.904391295405	938.904391295405	-1.99999999999966	BM	Aotidae	PLA	Callitrichidae	PLA	superfamily
Aotus_trivirgatus	Saguinus_midas	12128	7055	40.5102348766	0.0137573254435944	0.333656328005952	0.0627766770632817	0.0627766755847732	0.00258840940253826	936.904391295405	938.904391295405	-1.99999999999966	BM	Aotidae	PLA	Callitrichidae	PLA	superfamily
Loris_tardigradus	Perodicticus_potto	4551	9418	39.9170348617	0.0131986798608267	0.328770527186789	0.0606774905247148	0.0606774890954514	0.00243593237826654	936.904391295405	938.904391295405	-1.99999999999966	BM	Lorisidae	STR	Lorisidae	STR	family
Saimiri_sciureus	Otolemur_crassicaudatus	17635	6545	121.413057302	0.0300746578295806	0.999999999870689	0.0792224067837144	0.0792224049201717	0.00238258677676415	936.904391295405	938.904391295405	-1.99999999999966	BM	Cebidae	PLA	Galagidae	STR	order
Saimiri_sciureus	Avahi_laniger	17635	6550	121.413057297	0.0300610984707755	0.999999999829508	0.0791868063674682	0.0791868045047573	0.00238044238420454	936.904391295405	938.904391295405	-1.99999999999966	BM	Cebidae	PLA	Indriidae	STR	order
Aotus_trivirgatus	Microcebus_murinus	12128	1129	121.4130573081	0.0298278774993288	0.999999999920931	0.0785744543984601	0.0785744525500593	0.00234370920055918	936.904391295405	938.904391295405	-1.99999999999966	BM	Aotidae	PLA	Cheirogaleidae	STR	order
Eulemur_fulvus	Otolemur_crassicaudatus	15566	6545	99.3606340174	0.0244637951560547	0.818368602294598	0.07125799634034	0.0712579946630844	0.00213014162666206	936.904391295405	938.904391295405	-1.99999999999966	BM	Lemuridae	STR	Galagidae	STR	superfamily
Callithrix_jacchus	Eulemur_fulvus	5318	15566	121.4130573047	0.0277912618068117	0.999999999892928	0.0732251151236628	0.0732251134003634	0.00203501834545353	936.904391295405	938.904391295405	-1.99999999999966	BM	Callitrichidae	PLA	Lemuridae	STR	order
Aotus_trivirgatus	Carlito_syrichta	12128	2258	115.7454945491	0.0267661742811506	0.953319989679778	0.072232929960839	0.0722329282607609	0.00202806949723082	936.904391295405	938.904391295405	-1.99999999999966	BM	Aotidae	PLA	Tarsiidae	TAR	order
Aotus_trivirgatus	Cheirogaleus_medius	12128	1941	121.4130573081	0.0276258376293902	0.999999999920931	0.0727904661892968	0.0727904644761694	0.00201089760007213	936.904391295405	938.904391295405	-1.99999999999966	BM	Aotidae	PLA	Cheirogaleidae	STR	order
Aotus_trivirgatus	Callimico_goeldii	12128	7733	40.5102348788	0.0119186763896309	0.333656328024072	0.0544006709861575	0.0544006697042585	0.00194326898189689	936.904391295405	938.904391295405	-1.99999999999966	BM	Aotidae	PLA	Callitrichidae	PLA	superfamily
Saguinus_oedipus	Propithecus_verreauxi	7052	17040	121.4130573052	0.0270861751489496	0.999999999897046	0.0713723627648023	0.0713723610848693	0.00193320431884083	936.904391295405	938.904391295405	-1.99999999999966	BM	Callitrichidae	PLA	Indriidae	STR	order
Saguinus_midas	Propithecus_verreauxi	7055	17040	121.4130573061	0.0270780395336665	0.999999999904458	0.0713509825751048	0.0713509808956722	0.00193204472711923	936.904391295405	938.904391295405	-1.99999999999966	BM	Callitrichidae	PLA	Indriidae	STR	order
Propithecus_verreauxi	Nycticebus_coucang	17040	8495	99.3606340164	0.0231729441978148	0.818368602286361	0.0675072485503522	0.0675072469609455	0.00191153680534036	936.904391295405	938.904391295405	-1.99999999999966	BM	Indriidae	STR	Lorisidae	STR	superfamily
Microcebus_murinus	Perodicticus_potto	1129	9418	99.360634016	0.0224787050269967	0.818368602283067	0.0654894142659472	0.065489412723831	0.00179884372588114	936.904391295405	938.904391295405	-1.99999999999966	BM	Cheirogaleidae	STR	Lorisidae	STR	superfamily
Callimico_goeldii	Propithecus_verreauxi	7733	17040	121.4130573083	0.025239390479703	0.999999999922578	0.0665177681046241	0.0665177665384045	0.00167886792316092	936.904391295405	938.904391295405	-1.99999999999966	BM	Callitrichidae	PLA	Indriidae	STR	order
Eulemur_fulvus	Varecia_variegata	15566	20461	52.6432531394	0.013274612270135	0.433588069540569	0.0531525853600884	0.053152584107511	0.00162730483465115	936.904391295405	938.904391295405	-1.99999999999966	BM	Lemuridae	STR	Lemuridae	STR	family
Saimiri_sciureus	Nycticebus_coucang	17635	8495	121.4130573004	0.0247865078956146	0.999999999857511	0.065326902656573	0.0653269011182663	0.00161922578872392	936.904391295405	938.904391295405	-1.99999999999966	BM	Cebidae	PLA	Lorisidae	STR	order
Aotus_trivirgatus	Galago_senegalensis	12128	2997	121.4130573111	0.0247621010497656	0.99999999994564	0.0652627201006656	0.0652627185638636	0.0016160420700031	936.904391295405	938.904391295405	-1.99999999999966	BM	Aotidae	PLA	Galagidae	STR	order
Callimico_goeldii	Callithrix_jacchus	7733	5318	20.891989517	0.00654917030283472	0.17207366306848	0.0416384566783356	0.0416384556965342	0.00158477095838368	936.904391295405	938.904391295405	-1.99999999999966	BM	Callitrichidae	PLA	Callitrichidae	PLA	family
Propithecus_verreauxi	Perodicticus_potto	17040	9418	99.360634017	0.0206698865624042	0.818368602291303	0.0602300659279729	0.0602300645092081	0.00152125659133509	936.904391295405	938.904391295405	-1.99999999999966	BM	Indriidae	STR	Lorisidae	STR	superfamily
Cheirogaleus_major	Cheirogaleus_medius	4313	1941	21.154435	0.00643255981711137	0.174235254982876	0.040643460671656	0.0406434597132746	0.00150050856223406	936.904391295405	938.904391295405	-1.99999999999966	BM	Cheirogaleidae	STR	Cheirogaleidae	STR	family
Cheirogaleus_medius	Perodicticus_potto	1941	9418	99.360634016	0.0202766651570581	0.818368602283067	0.0590863736533297	0.0590863722614058	0.00146397920273459	936.904391295405	938.904391295405	-1.99999999999966	BM	Cheirogaleidae	STR	Lorisidae	STR	superfamily
Microcebus_murinus	Nycticebus_coucang	1129	8495	99.3606340154	0.0199756473915861	0.818368602278125	0.0582107750248532	0.058210773653482	0.00142087307974731	936.904391295405	938.904391295405	-1.99999999999966	BM	Cheirogaleidae	STR	Lorisidae	STR	superfamily
Saguinus_oedipus	Eulemur_fulvus	7052	15566	121.4130573046	0.0230888761732235	0.999999999892104	0.0608616604625196	0.0608616590289348	0.00140522734226751	936.904391295405	938.904391295405	-1.99999999999966	BM	Callitrichidae	PLA	Lemuridae	STR	order
Saguinus_midas	Eulemur_fulvus	7055	15566	121.4130573055	0.0230807405579405	0.999999999899517	0.0608402568171171	0.0608402553840346	0.00140423818321545	936.904391295405	938.904391295405	-1.99999999999966	BM	Callitrichidae	PLA	Lemuridae	STR	order
Nasalis_larvatus	Hylobates_lar	70873	76001	62.1515760357	0.0139064783904499	0.511901910789288	0.0512492654666142	0.0512492642587637	0.00139225267129597	936.904391295405	938.904391295405	-1.99999999999966	BM	Cercopithecidae	OWM	Hylobatidae	APE	order
Aotus_trivirgatus	Varecia_variegata	12128	20461	121.4130573111	0.022598027384481	0.99999999994564	0.0595702290696594	0.0595702276663793	0.00134616966788915	936.904391295405	938.904391295405	-1.99999999999966	BM	Aotidae	PLA	Lemuridae	STR	order
Avahi_laniger	Microcebus_murinus	6550	1129	69.529333386	0.0147010568164253	0.572667676130282	0.0512225727377169	0.0512225715304939	0.00131494404780992	936.904391295405	938.904391295405	-1.99999999999966	BM	Indriidae	STR	Cheirogaleidae	STR	superfamily
Eulemur_fulvus	Nycticebus_coucang	15566	8495	99.3606340158	0.0191756452220887	0.818368602281419	0.0558833944900092	0.0558833931732844	0.00130943457942922	936.904391295405	938.904391295405	-1.99999999999966	BM	Lemuridae	STR	Lorisidae	STR	superfamily
Saimiri_sciureus	Perodicticus_potto	17635	9418	121.413057301	0.0222834502602041	0.999999999862453	0.0587424887981912	0.0587424874143387	0.00130898532747514	936.904391295405	938.904391295405	-1.99999999999966	BM	Cebidae	PLA	Lorisidae	STR	order
Macaca_mulatta	Hylobates_lar	71080	76001	62.1515760374	0.0133451209359212	0.51190191080329	0.0491831835196761	0.0491831823603931	0.00128219004116182	936.904391295405	938.904391295405	-1.99999999999966	BM	Cercopithecidae	OWM	Hylobatidae	APE	order
Cebus_albifrons	Piliocolobus_badius	52113	57885	78.0653383482	0.0156529238045391	0.642973170043214	0.0514707277366521	0.0514707265235967	0.00125303421194363	936.904391295405	938.904391295405	-1.99999999999966	BM	Cebidae	PLA	Cercopithecidae	OWM	order
Saimiri_sciureus	Indri_indri	17635	25551	121.413057295	0.0214671768601406	0.999999999813035	0.0565943517591495	0.0565943504257292	0.00121492095872582	936.904391295405	938.904391295405	-1.99999999999966	BM	Cebidae	PLA	Indriidae	STR	order
Callimico_goeldii	Eulemur_fulvus	7733	15566	121.4130573077	0.021242091503977	0.999999999917637	0.0560019352472206	0.0560019339277119	0.00118959823301923	936.904391295405	938.904391295405	-1.99999999999966	BM	Callitrichidae	PLA	Lemuridae	STR	order
Aotus_trivirgatus	Cheirogaleus_major	12128	4313	121.4130573081	0.0211932778122788	0.999999999920931	0.0558734552791656	0.0558734539626742	0.00118414166015692	936.904391295405	938.904391295405	-1.99999999999966	BM	Aotidae	PLA	Cheirogaleidae	STR	order
Cheirogaleus_medius	Nycticebus_coucang	1941	8495	99.3606340154	0.0177736075216475	0.818368602278125	0.0518034226150074	0.0518034213941331	0.00112508434374694	936.904391295405	938.904391295405	-1.99999999999966	BM	Cheirogaleidae	STR	Lorisidae	STR	superfamily
Aotus_trivirgatus	Loris_tardigradus	12128	4551	121.4130573098	0.0205478523331589	0.999999999934933	0.054174529200117	0.0541745279235303	0.00111317022629484	936.904391295405	938.904391295405	-1.99999999999966	BM	Aotidae	PLA	Lorisidae	STR	order
Varecia_variegata	Indri_indri	20461	25551	71.983496223	0.0138034272635316	0.59288101142731	0.0472728351727908	0.0472728340584283	0.00110060388049472	936.904391295405	938.904391295405	-1.99999999999966	BM	Lemuridae	STR	Indriidae	STR	superfamily
Aotus_trivirgatus	Lepilemur_ruficaudatus	12128	4708	121.4130573051	0.0201220884666806	0.999999999896222	0.0530536736892885	0.0530536724390351	0.00106755071556905	936.904391295405	938.904391295405	-1.99999999999966	BM	Aotidae	PLA	Lepilemuridae	STR	order
Alouatta_seniculus	Daubentonia_madagascariensis	37388	30196	121.4130573064	0.0195037817051707	0.999999999906929	0.0514257480759427	0.0514257468639445	0.00100299656459164	936.904391295405	938.904391295405	-1.99999999999966	BM	Atelidae	PLA	Daubentoniidae	STR	order
Carlito_syrichta	Perodicticus_potto	2258	9418	121.413057307	0.0194170018088185	0.999999999911871	0.0511972499513282	0.0511972487447002	0.000994097094999078	936.904391295405	938.904391295405	-1.99999999999966	BM	Tarsiidae	TAR	Lorisidae	STR	order
Eulemur_fulvus	Perodicticus_potto	15566	9418	99.3606340164	0.0166725875866782	0.818368602286361	0.0485984636082946	0.0485984624627593	0.000990094364353142	936.904391295405	938.904391295405	-1.99999999999966	BM	Lemuridae	STR	Lorisidae	STR	superfamily
Avahi_laniger	Cheirogaleus_medius	6550	1941	69.529333386	0.0124990169464866	0.572667676130282	0.0435583517985698	0.0435583507715869	0.000950702475422223	936.904391295405	938.904391295405	-1.99999999999966	BM	Indriidae	STR	Cheirogaleidae	STR	superfamily
Ateles_geoffroyi	Erythrocebus_patas	79946	84770	78.065338353	0.0130820693751034	0.642973170082748	0.0430261202399573	0.0430261192254984	0.000875418627262818	936.904391295405	938.904391295405	-1.99999999999966	BM	Atelidae	PLA	Cercopithecidae	OWM	order
Callimico_goeldii	Microcebus_murinus	7733	1129	121.4130573073	0.0179092011096979	0.999999999914342	0.0472264392375301	0.0472264381242588	0.000845787798072305	936.904391295405	938.904391295405	-1.99999999999966	BM	Callitrichidae	PLA	Cheirogaleidae	STR	order
Cebuella_pygmaea	Perodicticus_potto	3099	9418	121.4130573067	0.0171363176578106	0.9999999999094	0.0451905808200268	0.0451905797546415	0.000774400148143102	936.904391295405	938.904391295405	-1.99999999999966	BM	Callitrichidae	PLA	Lorisidae	STR	order
Microcebus_murinus	Otolemur_crassicaudatus	1129	6545	99.360634017	0.0146874974576202	0.818368602291303	0.0428181128675621	0.0428181118579981	0.00076846902743045	936.904391295405	938.904391295405	-1.99999999999966	BM	Cheirogaleidae	STR	Galagidae	STR	superfamily
Perodicticus_potto	Otolemur_crassicaudatus	9418	6545	43.154528579	0.00779120756937646	0.355435646975581	0.0344708447967955	0.034470843983768	0.000755606561100061	936.904391295405	938.904391295405	-1.99999999999966	BM	Lorisidae	STR	Galagidae	STR	superfamily
Carlito_syrichta	Nycticebus_coucang	2258	8495	121.4130573064	0.0169139441734079	0.999999999906929	0.0446047698536269	0.0446047688020234	0.000754442587242171	936.904391295405	938.904391295405	-1.99999999999966	BM	Tarsiidae	TAR	Lorisidae	STR	order
Cheirogaleus_major	Microcebus_murinus	4313	1129	49.55786972	0.00863459968705	0.408175782859356	0.0356481369949998	0.0356481361542411	0.000754104984829541	936.904391295405	938.904391295405	-1.99999999999966	BM	Cheirogaleidae	STR	Cheirogaleidae	STR	family
Cheirogaleus_major	Perodicticus_potto	4313	9418	99.360634016	0.0138441053399467	0.818368602283067	0.0403615540558658	0.0403615531041205	0.000682784755517887	936.904391295405	938.904391295405	-1.99999999999966	BM	Cheirogaleidae	STR	Lorisidae	STR	superfamily
Microcebus_murinus	Lepilemur_ruficaudatus	1129	4708	61.947397719	0.00970578903264822	0.510220227441461	0.0358400574409752	0.0358400565956962	0.000681776256077598	936.904391295405	938.904391295405	-1.99999999999966	BM	Cheirogaleidae	STR	Lepilemuridae	STR	superfamily
Saguinus_midas	Microcebus_murinus	7055	1129	121.4130573051	0.0160705520557344	0.999999999896222	0.0423827582797679	0.0423827572804493	0.000681114323271302	936.904391295405	938.904391295405	-1.99999999999966	BM	Callitrichidae	PLA	Cheirogaleidae	STR	order
Saguinus_oedipus	Microcebus_murinus	7052	1129	121.4130573042	0.0160624164404514	0.999999999888809	0.0423613224530416	0.0423613214542275	0.000680425202284653	936.904391295405	938.904391295405	-1.99999999999966	BM	Callitrichidae	PLA	Cheirogaleidae	STR	order
Cebus_albifrons	Cercopithecus_mitis	52113	56277	78.065338348	0.011292234012838	0.642973170041567	0.0371440535784853	0.0371440527024955	0.000652343464294992	936.904391295405	938.904391295405	-1.99999999999966	BM	Cebidae	PLA	Cercopithecidae	OWM	order
Callimico_goeldii	Cheirogaleus_medius	7733	1941	121.4130573073	0.0157071612397593	0.999999999914342	0.0414252616860451	0.0414252607092615	0.000650673264757668	936.904391295405	938.904391295405	-1.99999999999966	BM	Callitrichidae	PLA	Cheirogaleidae	STR	order
Daubentonia_madagascariensis	Indri_indri	30196	25551	92.496943878	0.0125966443298829	0.761836872585824	0.0380646503145014	0.0380646494168335	0.000629382586754653	936.904391295405	938.904391295405	-1.99999999999966	BM	Daubentoniidae	STR	Indriidae	STR	superfamily
Cebus_albifrons	Pygathrix_nemaeus	52113	56189	78.065338347	0.0110535892978693	0.64297317003333	0.036359618245175	0.0363596173876593	0.000625071629487502	936.904391295405	938.904391295405	-1.99999999999966	BM	Cebidae	PLA	Cercopithecidae	OWM	order
Callimico_goeldii	Carlito_syrichta	7733	2258	115.7454945483	0.0148474978915197	0.953319989673189	0.0401064039701018	0.0401064030243628	0.000624637849654933	936.904391295405	938.904391295405	-1.99999999999966	BM	Callitrichidae	PLA	Tarsiidae	TAR	order
Aotus_trivirgatus	Otolemur_crassicaudatus	12128	6545	121.4130573111	0.0151403800417086	0.99999999994564	0.0399317340255433	0.0399317330839162	0.000604581628904016	936.904391295405	938.904391295405	-1.99999999999966	BM	Aotidae	PLA	Galagidae	STR	order
Aotus_trivirgatus	Avahi_laniger	12128	6550	121.4130573061	0.0151268206829035	0.999999999904458	0.0398960019620244	0.0398960010212386	0.00060349966770197	936.904391295405	938.904391295405	-1.99999999999966	BM	Aotidae	PLA	Indriidae	STR	order
Ateles_geoffroyi	Hylobates_lar	79946	76001	78.0653383557	0.0106983340971772	0.642973170104986	0.0351918143174969	0.0351918134874865	0.000585551317783495	936.904391295405	938.904391295405	-1.99999999999966	BM	Atelidae	PLA	Hylobatidae	APE	order
Lepilemur_ruficaudatus	Perodicticus_potto	4708	9418	99.360634013	0.0127729159943485	0.818368602258358	0.0372409378321607	0.0372409369538895	0.000581248314229401	936.904391295405	938.904391295405	-1.99999999999966	BM	Lepilemuridae	STR	Lorisidae	STR	superfamily
Callithrix_jacchus	Saguinus_midas	5318	7055	26.3249190828	0.00471052124887118	0.216821153048769	0.026687012166318	0.0266870115367225	0.000579785395062672	936.904391295405	938.904391295405	-1.99999999999966	BM	Callitrichidae	PLA	Callitrichidae	PLA	family
Callithrix_jacchus	Saguinus_oedipus	5318	7052	26.3249190819	0.00470238563358816	0.216821153041356	0.0266409377557575	0.0266409371272482	0.000577784783498938	936.904391295405	938.904391295405	-1.99999999999966	BM	Callitrichidae	PLA	Callitrichidae	PLA	family
Cebuella_pygmaea	Nycticebus_coucang	3099	8495	121.4130573061	0.0146332600224001	0.999999999904458	0.0385953008407514	0.0385952999305885	0.00056477507289943	936.904391295405	938.904391295405	-1.99999999999966	BM	Callitrichidae	PLA	Lorisidae	STR	order
Cheirogaleus_medius	Otolemur_crassicaudatus	1941	6545	99.360634017	0.0124854575876816	0.818368602291303	0.0364034075529722	0.0364034066944252	0.000555389343844762	936.904391295405	938.904391295405	-1.99999999999966	BM	Cheirogaleidae	STR	Galagidae	STR	superfamily
Pygathrix_nemaeus	Piliocolobus_badius	56189	57885	27.0170263228	0.00459933450666985	0.222521588037314	0.0257215116883773	0.0257215110815437	0.000531642063655541	936.904391295405	938.904391295405	-1.99999999999966	BM	Cercopithecidae	OWM	Cercopithecidae	OWM	family
Saguinus_midas	Cheirogaleus_medius	7055	1941	121.4130573051	0.0138685121857958	0.999999999896222	0.0365797271086803	0.0365797262459806	0.000507306391212463	936.904391295405	938.904391295405	-1.99999999999966	BM	Callitrichidae	PLA	Cheirogaleidae	STR	order
Saguinus_oedipus	Cheirogaleus_medius	7052	1941	121.4130573042	0.0138603765705127	0.999999999888809	0.0365582835554937	0.036558282693299	0.000506711576907067	936.904391295405	938.904391295405	-1.99999999999966	BM	Callitrichidae	PLA	Cheirogaleidae	STR	order
Varecia_variegata	Propithecus_verreauxi	20461	17040	71.983496228	0.00927731329440893	0.592881011468492	0.0317823763403216	0.0317823755906343	0.000497325866145812	936.904391295405	938.904391295405	-1.99999999999966	BM	Lemuridae	STR	Indriidae	STR	superfamily
Saguinus_midas	Carlito_syrichta	7055	2258	115.7454945461	0.0130088488375562	0.953319989655069	0.0351432428008419	0.0351432419719755	0.00047955895000492	936.904391295405	938.904391295405	-1.99999999999966	BM	Callitrichidae	PLA	Tarsiidae	TAR	order
Saguinus_oedipus	Carlito_syrichta	7052	2258	115.7454945452	0.0130007132222731	0.953319989647656	0.0351212787426707	0.0351212779143218	0.000478959507711296	936.904391295405	938.904391295405	-1.99999999999966	BM	Callitrichidae	PLA	Tarsiidae	TAR	order
Aotus_trivirgatus	Propithecus_verreauxi	12128	17040	121.4130573091	0.0133207140900721	0.999999999929167	0.0351358028850224	0.0351358020563314	0.000468033984589667	936.904391295405	938.904391295405	-1.99999999999966	BM	Aotidae	PLA	Indriidae	STR	order
Cheirogaleus_major	Nycticebus_coucang	4313	8495	99.3606340154	0.0113410477045361	0.818368602278125	0.033068699709236	0.0330686989292407	0.000458269904154962	936.904391295405	938.904391295405	-1.99999999999966	BM	Cheirogaleidae	STR	Lorisidae	STR	superfamily
Callimico_goeldii	Galago_senegalensis	7733	2997	121.4130573103	0.0128434246601347	0.999999999939051	0.033877636194169	0.0338776353951159	0.00043510486814978	936.904391295405	938.904391295405	-1.99999999999966	BM	Callitrichidae	PLA	Galagidae	STR	order
Cheirogaleus_medius	Lepilemur_ruficaudatus	1941	4708	61.947397719	0.00750374916270959	0.510220227441461	0.0277124509057246	0.0277124502519563	0.000407563771674106	936.904391295405	938.904391295405	-1.99999999999966	BM	Cheirogaleidae	STR	Lepilemuridae	STR	superfamily
Lepilemur_ruficaudatus	Nycticebus_coucang	4708	8495	99.3606340124	0.0102698583589379	0.818368602253416	0.0299468247531086	0.0299468240466765	0.000375808220974643	936.904391295405	938.904391295405	-1.99999999999966	BM	Lepilemuridae	STR	Lorisidae	STR	superfamily
Loris_tardigradus	Otolemur_crassicaudatus	4551	6545	43.1545285787	0.00540747229145028	0.35543564697311	0.0239282814267898	0.0239282808622365	0.000364036415309743	936.904391295405	938.904391295405	-1.99999999999966	BM	Lorisidae	STR	Galagidae	STR	superfamily
Carlito_syrichta	Avahi_laniger	2258	6550	121.413057303	0.011639353598247	0.999999999878926	0.0307032570451778	0.0307032563209193	0.000357366065409962	936.904391295405	938.904391295405	-1.99999999999966	BM	Tarsiidae	TAR	Indriidae	STR	order
Carlito_syrichta	Otolemur_crassicaudatus	2258	6545	121.413057308	0.011625794239442	0.999999999920108	0.0306675066669076	0.0306675059434914	0.000356534122374668	936.904391295405	938.904391295405	-1.99999999999966	BM	Tarsiidae	TAR	Galagidae	STR	order
Nycticebus_coucang	Otolemur_crassicaudatus	8495	6545	43.1545285784	0.00528814993396592	0.355435646970639	0.0234004283370822	0.0234004277849756	0.00034815014931729	936.904391295405	938.904391295405	-1.99999999999966	BM	Lorisidae	STR	Galagidae	STR	superfamily
Callithrix_jacchus	Microcebus_murinus	5318	1129	121.4130573043	0.0113600308068632	0.999999999889633	0.0299667869137348	0.0299667862068323	0.000340423622560304	936.904391295405	938.904391295405	-1.99999999999966	BM	Callitrichidae	PLA	Cheirogaleidae	STR	order
Avahi_laniger	Galago_senegalensis	6550	2997	99.360634015	0.00963528036686201	0.81836860227483	0.0280971906784795	0.0280971900156422	0.000330809746312109	936.904391295405	938.904391295405	-1.99999999999966	BM	Indriidae	STR	Galagidae	STR	superfamily
Callithrix_jacchus	Perodicticus_potto	5318	9418	121.4130573063	0.0111186742201335	0.999999999906106	0.0293303989139284	0.0293303982220243	0.000326115150301147	936.904391295405	938.904391295405	-1.99999999999966	BM	Callitrichidae	PLA	Lorisidae	STR	order
Saguinus_midas	Galago_senegalensis	7055	2997	121.4130573081	0.0110047756061711	0.999999999920931	0.0290300744702921	0.0290300737854663	0.000319469455401262	936.904391295405	938.904391295405	-1.99999999999966	BM	Callitrichidae	PLA	Galagidae	STR	order
Saguinus_oedipus	Galago_senegalensis	7052	2997	121.4130573072	0.0109966399908881	0.999999999913518	0.0290086225664142	0.029008621882094	0.000318997379021997	936.904391295405	938.904391295405	-1.99999999999966	BM	Callitrichidae	PLA	Galagidae	STR	order
Microcebus_murinus	Loris_tardigradus	1129	4551	99.3606340157	0.00928002516616994	0.818368602280596	0.0270616451507227	0.0270616445122955	0.000306869969518406	936.904391295405	938.904391295405	-1.99999999999966	BM	Cheirogaleidae	STR	Lorisidae	STR	superfamily
Cercopithecus_mitis	Piliocolobus_badius	56277	57885	38.5936741538	0.00436068979170113	0.317870869957688	0.0204054082806007	0.0204054077991251	0.00027993019805984	936.904391295405	938.904391295405	-1.99999999999966	BM	Cercopithecidae	OWM	Cercopithecidae	OWM	family
Aotus_trivirgatus	Nycticebus_coucang	12128	8495	121.4130573095	0.00985223010774267	0.999999999932462	0.0259908528150043	0.0259908522018208	0.000256067862647188	936.904391295405	938.904391295405	-1.99999999999966	BM	Aotidae	PLA	Lorisidae	STR	order
Cebuella_pygmaea	Avahi_laniger	3099	6550	121.4130573027	0.00935866944723918	0.999999999876455	0.0246892328461103	0.0246892322636146	0.000231058369141212	936.904391295405	938.904391295405	-1.99999999999966	BM	Callitrichidae	PLA	Indriidae	STR	order
Cebuella_pygmaea	Otolemur_crassicaudatus	3099	6545	121.4130573077	0.00934511008843414	0.999999999917637	0.0246534731114085	0.024653472529756	0.000230389420307339	936.904391295405	938.904391295405	-1.99999999999966	BM	Callitrichidae	PLA	Galagidae	STR	order
Aotus_trivirgatus	Eulemur_fulvus	12128	15566	121.4130573085	0.00932341511434607	0.999999999924226	0.0245962574335788	0.0245962568532755	0.000229321118329952	936.904391295405	938.904391295405	-1.99999999999966	BM	Aotidae	PLA	Lemuridae	STR	order
Callimico_goeldii	Cheirogaleus_major	7733	4313	121.4130573073	0.00927460142264793	0.999999999914342	0.0244675216964801	0.0244675211192123	0.000226926511554282	936.904391295405	938.904391295405	-1.99999999999966	BM	Callitrichidae	PLA	Cheirogaleidae	STR	order
Avahi_laniger	Cheirogaleus_major	6550	4313	69.529333386	0.00606645712937527	0.572667676130282	0.0211492875820722	0.0211492870830526	0.000224041362523631	936.904391295405	938.904391295405	-1.99999999999966	BM	Indriidae	STR	Cheirogaleidae	STR	superfamily
Callithrix_jacchus	Cheirogaleus_medius	5318	1941	121.4130573043	0.00915799093692457	0.999999999889633	0.0241599837508932	0.0241599831808767	0.000221256912251345	936.904391295405	938.904391295405	-1.99999999999966	BM	Callitrichidae	PLA	Cheirogaleidae	STR	order
Loris_tardigradus	Galago_senegalensis	4551	2997	43.1545285787	0.00421424871660669	0.35543564697311	0.0186493171086688	0.0186493166686131	0.000221116990825472	936.904391295405	938.904391295405	-1.99999999999966	BM	Lorisidae	STR	Galagidae	STR	superfamily
Avahi_laniger	Perodicticus_potto	6550	9418	99.360634014	0.00777764821057142	0.818368602266594	0.0226818315522016	0.0226818310170401	0.00021556460755687	936.904391295405	938.904391295405	-1.99999999999966	BM	Indriidae	STR	Lorisidae	STR	superfamily
Callimico_goeldii	Loris_tardigradus	7733	4551	121.413057309	0.00862917594352798	0.999999999928344	0.0227652905274253	0.0227652899902959	0.000196445697380761	936.904391295405	938.904391295405	-1.99999999999966	BM	Callitrichidae	PLA	Lorisidae	STR	order
Callithrix_jacchus	Nycticebus_coucang	5318	8495	121.4130573057	0.00861561658472294	0.999999999901164	0.0227295282296565	0.0227295276933704	0.000195828900397712	936.904391295405	938.904391295405	-1.99999999999966	BM	Callitrichidae	PLA	Lorisidae	STR	order
Callithrix_jacchus	Carlito_syrichta	5318	2258	115.7454945453	0.00829832758868499	0.95331998964848	0.0224221297958099	0.0224221292667727	0.000195177044751001	936.904391295405	938.904391295405	-1.99999999999966	BM	Callitrichidae	PLA	Tarsiidae	TAR	order
Cheirogaleus_medius	Loris_tardigradus	1941	4551	99.3606340157	0.00707798529623131	0.818368602280596	0.0206418935219183	0.0206418930348652	0.000178529599531747	936.904391295405	938.904391295405	-1.99999999999966	BM	Cheirogaleidae	STR	Lorisidae	STR	superfamily
Callimico_goeldii	Lepilemur_ruficaudatus	7733	4708	121.4130573043	0.0082034120770497	0.999999999889633	0.0216423328985605	0.021642332387913	0.000177540975095176	936.904391295405	938.904391295405	-1.99999999999966	BM	Callitrichidae	PLA	Lepilemuridae	STR	order
Saimiri_sciureus	Varecia_variegata	17635	20461	121.413057302	0.00766374959660908	0.999999999870689	0.0202189048683845	0.0202189043913077	0.000154952624048996	936.904391295405	938.904391295405	-1.99999999999966	BM	Cebidae	PLA	Lemuridae	STR	order
Avahi_laniger	Lepilemur_ruficaudatus	6550	4708	69.529333383	0.00499526778377704	0.572667676105573	0.0174154925296815	0.01741549211873	0.000151911924492993	936.904391295405	938.904391295405	-1.99999999999966	BM	Indriidae	STR	Lepilemuridae	STR	superfamily
Saguinus_midas	Cheirogaleus_major	7055	4313	121.4130573051	0.00743595236868439	0.999999999896222	0.0196180412900499	0.0196180408271449	0.000145878820614833	936.904391295405	938.904391295405	-1.99999999999966	BM	Callitrichidae	PLA	Cheirogaleidae	STR	order
Saguinus_oedipus	Cheirogaleus_major	7052	4313	121.4130573042	0.00742781675340137	0.999999999888809	0.0195965816687385	0.0195965812063396	0.000145559817644639	936.904391295405	938.904391295405	-1.99999999999966	BM	Callitrichidae	PLA	Cheirogaleidae	STR	order
Aotus_trivirgatus	Perodicticus_potto	12128	9418	121.4130573101	0.00734917247233213	0.999999999937404	0.0193891379327367	0.0193891374752308	0.000142494118766439	936.904391295405	938.904391295405	-1.99999999999966	BM	Aotidae	PLA	Lorisidae	STR	order
Cheirogaleus_major	Otolemur_crassicaudatus	4313	6545	99.360634017	0.00605289777057023	0.818368602291303	0.0176529070552855	0.0176529066387336	0.000130566154981819	936.904391295405	938.904391295405	-1.99999999999966	BM	Cheirogaleidae	STR	Galagidae	STR	superfamily
Saguinus_midas	Loris_tardigradus	7055	4551	121.4130573068	0.00679052688956445	0.999999999910224	0.0179155351721117	0.0179155347493647	0.000121655923338084	936.904391295405	938.904391295405	-1.99999999999966	BM	Callitrichidae	PLA	Lorisidae	STR	order
Saguinus_oedipus	Loris_tardigradus	7052	4551	121.4130573059	0.00678239127428142	0.999999999902811	0.0178940744739729	0.0178940740517322	0.000121364614585411	936.904391295405	938.904391295405	-1.99999999999966	BM	Callitrichidae	PLA	Lorisidae	STR	order
Carlito_syrichta	Lepilemur_ruficaudatus	2258	4708	121.413057302	0.00664408581447	0.99999999987069	0.0175292406361202	0.0175292402224856	0.000116465779063938	936.904391295405	938.904391295405	-1.99999999999966	BM	Tarsiidae	TAR	Lepilemuridae	STR	order
Saguinus_oedipus	Perodicticus_potto	7052	9418	121.4130573062	0.00641628858654532	0.999999999905282	0.0169283298873783	0.016928329487919	0.000108617049855948	936.904391295405	938.904391295405	-1.99999999999966	BM	Callitrichidae	PLA	Lorisidae	STR	order
Saguinus_midas	Perodicticus_potto	7055	9418	121.4130573071	0.0064081529712623	0.999999999912695	0.01690686860949	0.0169068682105369	0.000108341800324103	936.904391295405	938.904391295405	-1.99999999999966	BM	Callitrichidae	PLA	Lorisidae	STR	order
Saguinus_midas	Lepilemur_ruficaudatus	7055	4708	121.4130573021	0.00636476302308616	0.999999999871513	0.0167924082551654	0.0167924078589125	0.000106879699144776	936.904391295405	938.904391295405	-1.99999999999966	BM	Callitrichidae	PLA	Lepilemuridae	STR	order
Saguinus_oedipus	Lepilemur_ruficaudatus	7052	4708	121.4130573012	0.00635662740780314	0.9999999998641	0.0167709469001717	0.0167709465044249	0.00010660666073493	936.904391295405	938.904391295405	-1.99999999999966	BM	Callitrichidae	PLA	Lepilemuridae	STR	order
Avahi_laniger	Loris_tardigradus	6550	4551	99.3606340137	0.00542103165025532	0.818368602264123	0.0158103633337407	0.015810362960655	0.000104730899740192	936.904391295405	938.904391295405	-1.99999999999966	BM	Indriidae	STR	Lorisidae	STR	superfamily
Callithrix_jacchus	Galago_senegalensis	5318	2997	121.4130573073	0.00629425435729995	0.999999999914342	0.0166064094422456	0.0166064090503804	0.000104524964999915	936.904391295405	938.904391295405	-1.99999999999966	BM	Callitrichidae	PLA	Galagidae	STR	order
Carlito_syrichta	Loris_tardigradus	2258	4551	121.4130573067	0.00621832194799172	0.9999999999094	0.016406102019521	0.0164061016323812	0.000102018424278221	936.904391295405	938.904391295405	-1.99999999999966	BM	Tarsiidae	TAR	Lorisidae	STR	order
Avahi_laniger	Nycticebus_coucang	6550	8495	99.3606340134	0.00527459057516088	0.818368602261652	0.0153833236359466	0.0153833232729355	9.91493730827065e-05	936.904391295405	938.904391295405	-1.99999999999966	BM	Indriidae	STR	Lorisidae	STR	superfamily
Eulemur_fulvus	Propithecus_verreauxi	15566	17040	71.9834962254	0.00399729897572604	0.592881011447078	0.0136969648187178	0.0136969644954926	9.23471360750497e-05	936.904391295405	938.904391295405	-1.99999999999966	BM	Lemuridae	STR	Indriidae	STR	superfamily
Microcebus_murinus	Galago_senegalensis	1129	2997	99.360634017	0.00506577644956325	0.818368602291303	0.0147743890655461	0.014774388716901	9.1454818739841e-05	936.904391295405	938.904391295405	-1.99999999999966	BM	Cheirogaleidae	STR	Galagidae	STR	superfamily
Callimico_goeldii	Saguinus_oedipus	7733	7052	26.3249190849	0.00184678466924656	0.216821153066065	0.0104644352620384	0.0104644350150853	8.91313340094968e-05	936.904391295405	938.904391295405	-1.99999999999966	BM	Callitrichidae	PLA	Callitrichidae	PLA	family
Lepilemur_ruficaudatus	Otolemur_crassicaudatus	4708	6545	99.360634014	0.004981708424972	0.818368602266594	0.0145292311392956	0.0145292307964344	8.84447337966363e-05	936.904391295405	938.904391295405	-1.99999999999966	BM	Lepilemuridae	STR	Galagidae	STR	superfamily
Callimico_goeldii	Saguinus_midas	7733	7055	26.3249190858	0.00183864905396354	0.216821153073478	0.0104183390538978	0.0104183388080323	8.83477879062328e-05	936.904391295405	938.904391295405	-1.99999999999966	BM	Callitrichidae	PLA	Callitrichidae	PLA	family
Nycticebus_coucang	Perodicticus_potto	8495	9418	39.9170348614	0.00250305763541054	0.328770527184318	0.011517869069987	0.0115178687981769	8.76900078793467e-05	936.904391295405	938.904391295405	-1.99999999999966	BM	Lorisidae	STR	Lorisidae	STR	family
Saimiri_sciureus	Eulemur_fulvus	17635	15566	121.4130572994	0.00561086267352589	0.999999999849275	0.0148036064637445	0.01480360611441	8.30610029535099e-05	936.904391295405	938.904391295405	-1.99999999999966	BM	Cebidae	PLA	Lemuridae	STR	order
Carlito_syrichta	Cheirogaleus_major	2258	4313	121.413057305	0.00557289646887178	0.999999999895399	0.0147034484408194	0.014703448093848	8.19407959046521e-05	936.904391295405	938.904391295405	-1.99999999999966	BM	Tarsiidae	TAR	Cheirogaleidae	STR	order
Lepilemur_ruficaudatus	Galago_senegalensis	4708	2997	99.360634014	0.00464001258308497	0.818368602266594	0.0135327689151941	0.0135327685958428	7.67285278010046e-05	936.904391295405	938.904391295405	-1.99999999999966	BM	Lepilemuridae	STR	Galagidae	STR	superfamily
Cebuella_pygmaea	Microcebus_murinus	3099	1129	121.4130573047	0.00534238736918609	0.999999999892928	0.0140953412433117	0.0140953409106873	7.53027730306991e-05	936.904391295405	938.904391295405	-1.99999999999966	BM	Callitrichidae	PLA	Cheirogaleidae	STR	order
Callimico_goeldii	Perodicticus_potto	7733	9418	121.4130573093	0.00456950391729876	0.999999999930815	0.0120563358398833	0.0120563355553678	5.50914738524279e-05	936.904391295405	938.904391295405	-1.99999999999966	BM	Callitrichidae	PLA	Lorisidae	STR	order
Cebuella_pygmaea	Lepilemur_ruficaudatus	3099	4708	121.4130573017	0.00436340166346214	0.999999999868219	0.0115125872161527	0.0115125869444671	5.02340422163336e-05	936.904391295405	938.904391295405	-1.99999999999966	BM	Callitrichidae	PLA	Lepilemuridae	STR	order
Cheirogaleus_medius	Microcebus_murinus	1941	1129	49.55786972	0.00220203986993863	0.408175782859356	0.00909400038642418	0.00909400017180927	4.9060606408008e-05	936.904391295405	938.904391295405	-1.99999999999966	BM	Cheirogaleidae	STR	Cheirogaleidae	STR	family
Cheirogaleus_major	Galago_senegalensis	4313	2997	99.360634017	0.00356882323748675	0.818368602291303	0.0104088092648243	0.0104088090191837	4.53917712322613e-05	936.904391295405	938.904391295405	-1.99999999999966	BM	Cheirogaleidae	STR	Galagidae	STR	superfamily
Cebuella_pygmaea	Loris_tardigradus	3099	4551	121.4130573064	0.00393763779698386	0.999999999906929	0.0103893003823323	0.0103893001371522	4.0909301873498e-05	936.904391295405	938.904391295405	-1.99999999999966	BM	Callitrichidae	PLA	Lorisidae	STR	order
Saguinus_oedipus	Nycticebus_coucang	7052	8495	121.4130573056	0.00391323095113478	0.99999999990034	0.0103249074981793	0.0103249072545186	4.04037475935054e-05	936.904391295405	938.904391295405	-1.99999999999966	BM	Callitrichidae	PLA	Lorisidae	STR	order
Saguinus_midas	Nycticebus_coucang	7055	8495	121.4130573065	0.00390509533585176	0.999999999907753	0.0103034431884455	0.0103034429452912	4.02359279421236e-05	936.904391295405	938.904391295405	-1.99999999999966	BM	Callitrichidae	PLA	Lorisidae	STR	order
Callithrix_jacchus	Avahi_laniger	5318	6550	121.4130573023	0.00334102600956206	0.99999999987316	0.00881523372974047	0.00881523352170379	2.94519251751674e-05	936.904391295405	938.904391295405	-1.99999999999966	BM	Callitrichidae	PLA	Indriidae	STR	order
Cheirogaleus_medius	Galago_senegalensis	1941	2997	99.360634017	0.00286373657962462	0.818368602291303	0.00835244195378806	0.00835244175667233	2.92278974111229e-05	936.904391295405	938.904391295405	-1.99999999999966	BM	Cheirogaleidae	STR	Galagidae	STR	superfamily
Callithrix_jacchus	Otolemur_crassicaudatus	5318	6545	121.4130573073	0.00332746665075702	0.999999999914342	0.00877945906548772	0.00877945885829529	2.92133572545991e-05	936.904391295405	938.904391295405	-1.99999999999966	BM	Callitrichidae	PLA	Galagidae	STR	order
Cebuella_pygmaea	Cheirogaleus_major	3099	4313	121.4130573047	0.00329221231786391	0.999999999892928	0.0086864448565675	0.00868644465156989	2.85976207582992e-05	936.904391295405	938.904391295405	-1.99999999999966	BM	Callitrichidae	PLA	Cheirogaleidae	STR	order
Callimico_goeldii	Otolemur_crassicaudatus	7733	6545	121.4130573103	0.0032217036520777	0.999999999939051	0.00850041608543287	0.00850041588482536	2.73858215482882e-05	936.904391295405	938.904391295405	-1.99999999999966	BM	Callitrichidae	PLA	Galagidae	STR	order
Callimico_goeldii	Avahi_laniger	7733	6550	121.4130573053	0.00320814429327266	0.99999999989787	0.00846464126867418	0.00846464106891081	2.71557905834707e-05	936.904391295405	938.904391295405	-1.99999999999966	BM	Callitrichidae	PLA	Indriidae	STR	order
Cebus_albifrons	Cercopithecus_ascanius	52113	51279	78.0653383479	0.00226170104868081	0.642973170040743	0.00744209633219261	0.00744209615655948	2.61780706616997e-05	936.904391295405	938.904391295405	-1.99999999999966	BM	Cebidae	PLA	Cercopithecidae	OWM	order
Cebuella_pygmaea	Cheirogaleus_medius	3099	1941	121.4130573047	0.00314034749924746	0.999999999892928	0.00828576693019004	0.00828576673464763	2.60201874613556e-05	936.904391295405	938.904391295405	-1.99999999999966	BM	Callitrichidae	PLA	Cheirogaleidae	STR	order
Carlito_syrichta	Microcebus_murinus	2258	1129	121.413057305	0.00306170321817822	0.999999999895398	0.00807827217636448	0.00807827198571863	2.47332719222818e-05	936.904391295405	938.904391295405	-1.99999999999966	BM	Tarsiidae	TAR	Cheirogaleidae	STR	order
Callithrix_jacchus	Cheirogaleus_major	5318	4313	121.4130573043	0.00272543111981321	0.999999999889633	0.00719104723918151	0.0071910470694728	1.95987039318752e-05	936.904391295405	938.904391295405	-1.99999999999966	BM	Callitrichidae	PLA	Cheirogaleidae	STR	order
Cebuella_pygmaea	Carlito_syrichta	3099	2258	115.7454945457	0.00228068415100787	0.953319989651774	0.0061631719801172	0.00616317183466528	1.47445231481231e-05	936.904391295405	938.904391295405	-1.99999999999966	BM	Callitrichidae	PLA	Tarsiidae	TAR	order
Callithrix_jacchus	Loris_tardigradus	5318	4551	121.413057306	0.00208000564069326	0.999999999903635	0.00548812379216921	0.00548812366264803	1.14153284456349e-05	936.904391295405	938.904391295405	-1.99999999999966	BM	Callitrichidae	PLA	Lorisidae	STR	order
Callimico_goeldii	Nycticebus_coucang	7733	8495	121.4130573087	0.00206644628188822	0.999999999925873	0.00545234779416079	0.00545234766548394	1.12669838276402e-05	936.904391295405	938.904391295405	-1.99999999999966	BM	Callitrichidae	PLA	Lorisidae	STR	order
Carlito_syrichta	Galago_senegalensis	2258	2997	121.413057308	0.00200407323138503	0.999999999920108	0.00528777806353577	0.00528777793874273	1.05970944714837e-05	936.904391295405	938.904391295405	-1.99999999999966	BM	Tarsiidae	TAR	Galagidae	STR	order
Cheirogaleus_major	Lepilemur_ruficaudatus	4313	4708	61.947397719	0.00107118934559823	0.510220227441461	0.00395683954124418	0.00395683944786103	8.30724485400538e-06	936.904391295405	938.904391295405	-1.99999999999966	BM	Cheirogaleidae	STR	Lepilemuridae	STR	superfamily
Callithrix_jacchus	Lepilemur_ruficaudatus	5318	4708	121.4130573013	0.00165424177421498	0.999999999864924	0.00436475256105265	0.00436475245804267	7.22035602158042e-06	936.904391295405	938.904391295405	-1.99999999999966	BM	Callitrichidae	PLA	Lepilemuridae	STR	order
Saimiri_sciureus	Propithecus_verreauxi	17635	17040	121.4130573	0.00161356369779986	0.999999999854217	0.00425742361153435	0.00425742351105744	6.86962418672926e-06	936.904391295405	938.904391295405	-1.99999999999966	BM	Cebidae	PLA	Indriidae	STR	order
Saguinus_midas	Otolemur_crassicaudatus	7055	6545	121.4130573081	0.00138305459811416	0.999999999920931	0.0036492248325656	0.00364922474644229	5.04707718463131e-06	936.904391295405	938.904391295405	-1.99999999999966	BM	Callitrichidae	PLA	Galagidae	STR	order
Saguinus_oedipus	Otolemur_crassicaudatus	7052	6545	121.4130573072	0.00137491898283114	0.999999999913518	0.00362775895251061	0.00362775886689374	4.98787464937381e-06	936.904391295405	938.904391295405	-1.99999999999966	BM	Callitrichidae	PLA	Galagidae	STR	order
Saguinus_midas	Avahi_laniger	7055	6550	121.4130573031	0.00136949523930912	0.999999999879749	0.00361344836439948	0.00361344827912043	4.94860033312949e-06	936.904391295405	938.904391295405	-1.99999999999966	BM	Callitrichidae	PLA	Indriidae	STR	order
Saguinus_oedipus	Avahi_laniger	7052	6550	121.4130573022	0.0013613596240261	0.999999999872337	0.00359198247997607	0.00359198239520361	4.88997991907283e-06	936.904391295405	938.904391295405	-1.99999999999966	BM	Callitrichidae	PLA	Indriidae	STR	order
Macaca_mulatta	Nasalis_larvatus	71080	70873	38.5936741537	0.00056135745452869	0.317870869956865	0.00262709728147261	0.00262709721947165	4.63943312240857e-06	936.904391295405	938.904391295405	-1.99999999999966	BM	Cercopithecidae	OWM	Cercopithecidae	OWM	family
Carlito_syrichta	Cheirogaleus_medius	2258	1941	121.413057305	0.000859663348239588	0.999999999895399	0.00226824852318089	0.00226824846964896	1.94993012028115e-06	936.904391295405	938.904391295405	-1.99999999999966	BM	Tarsiidae	TAR	Cheirogaleidae	STR	order
Cheirogaleus_major	Loris_tardigradus	4313	4551	99.3606340157	0.000645425479119943	0.818368602280596	0.00188249587947359	0.00188249583504554	1.48467426727347e-06	936.904391295405	938.904391295405	-1.99999999999966	BM	Cheirogaleidae	STR	Lorisidae	STR	superfamily
Cercopithecus_mitis	Pygathrix_nemaeus	56277	56189	38.5936741526	0.000238644714968719	0.317870869947805	0.00111683528017486	0.00111683525381677	8.38475186946516e-07	936.904391295405	938.904391295405	-1.99999999999966	BM	Cercopithecidae	OWM	Cercopithecidae	OWM	family
Lepilemur_ruficaudatus	Loris_tardigradus	4708	4551	99.3606340127	0.000425763866478282	0.818368602255887	0.00124181515950925	0.00124181513020171	6.46065870937069e-07	936.904391295405	938.904391295405	-1.99999999999966	BM	Lepilemuridae	STR	Lorisidae	STR	superfamily
Cebuella_pygmaea	Galago_senegalensis	3099	2997	121.4130573077	0.000276610919622833	0.999999999917637	0.000729847409240908	0.000729847392016055	2.01883763071097e-07	936.904391295405	938.904391295405	-1.99999999999966	BM	Callitrichidae	PLA	Galagidae	STR	order
Saguinus_oedipus	Saguinus_midas	7052	7055	6.5019007411	8.1356152830245e-06	0.0535519068932311	9.27610686553699e-05	9.27610664662132e-05	1.40922781578428e-08	936.904391295405	938.904391295405	-1.99999999999966	BM	Callitrichidae	PLA	Callitrichidae	PLA	family
Avahi_laniger	Otolemur_crassicaudatus	6550	6545	99.360634015	1.35593588050408e-05	0.81836860227483	3.95482694374121e-05	3.95482685040846e-05	6.55266067062791e-10	936.904391295405	938.904391295405	-1.99999999999966	BM	Indriidae	STR	Galagidae	STR	superfamily
