Species1	Species2	TraitValue1	TraitValue2	PatristicDistance	NormalizedTraitDifference	NormalizedPatristicDistance	Sbm	Sou	FinalScore	AIC_BM	AIC_OU	delta_AIC	SelectedModel	family_1	superfamily_1	family_2	superfamily_2	taxonomic_level
Eulemur_albifrons	Eulemur_sanfordi	8.18680555555556	7.56916666666667	5.21120138	0.267649714113753	0.0429212598308897	0.958651337307929	0.870286023792103	5.42695639370571	61.5999233932655	54.591700534891	7.0082228583745	OU	Lemuridae	STR	Lemuridae	STR	family
Eulemur_mongoz	Eulemur_albifrons	6.63126666666667	8.18680555555556	15.6477288182	0.674082455612398	0.128880115235398	0.996973072435128	0.989608265044161	5.17595416621785	61.5999233932655	54.591700534891	7.0082228583745	OU	Lemuridae	STR	Lemuridae	STR	family
Eulemur_mongoz	Eulemur_fulvus	6.63126666666667	8.025	15.6477288174	0.60396509178453	0.128880115228809	0.992106106343639	0.978322064378946	4.58466672192565	61.5999233932655	54.591700534891	7.0082228583745	OU	Lemuridae	STR	Lemuridae	STR	family
Eulemur_mongoz	Eulemur_flavifrons	6.63126666666667	7.85219696969697	15.6477288181	0.529082045249362	0.128880115234574	0.980045241951116	0.955705938144509	3.92338920158577	61.5999233932655	54.591700534891	7.0082228583745	OU	Lemuridae	STR	Lemuridae	STR	family
Macaca_arctoides	Macaca_mulatta	7.77916666666667	7.00058812183339	10.2479298856	0.337391846090859	0.0844055006273002	0.933316568009005	0.858129764267997	3.43017911392197	61.5999233932655	54.591700534891	7.0082228583745	OU	Cercopithecidae	OWM	Cercopithecidae	OWM	family
Eulemur_albifrons	Eulemur_collaris	8.18680555555556	7.45559523809524	9.5384061272	0.316865139073988	0.0785616171597847	0.925761483112064	0.842973110132941	3.39999100622687	61.5999233932655	54.591700534891	7.0082228583745	OU	Lemuridae	STR	Lemuridae	STR	family
Propithecus_tattersalli	Propithecus_coquereli	6.33333333333333	7.00483193277311	8.601073458	0.290989462291087	0.0708414205853214	0.915721217202903	0.822909957654289	3.38019938213125	61.5999233932655	54.591700534891	7.0082228583745	OU	Indriidae	STR	Indriidae	STR	family
Varecia_rubra	Varecia_variegata	7.39925925925926	7.75233333333333	3.814273482	0.153002307152169	0.0314156777389774	0.827149214856508	0.678160474033894	3.30281326440587	61.5999233932655	54.591700534891	7.0082228583745	OU	Lemuridae	STR	Lemuridae	STR	family
Eulemur_mongoz	Eulemur_macaco	6.63126666666667	7.6859375	15.6477288181	0.457034607282574	0.128880115234574	0.955599781918283	0.917685186817809	3.25429480104778	61.5999233932655	54.591700534891	7.0082228583745	OU	Lemuridae	STR	Lemuridae	STR	family
Mirza_zaza	Microcebus_murinus	6.50694444444444	7.9	22.39780098	0.603671381281976	0.184476047921053	0.97353984463506	0.963810618079463	3.15393187173686	61.5999233932655	54.591700534891	7.0082228583745	OU	Cheirogaleidae	STR	Cheirogaleidae	STR	family
Eulemur_fulvus	Eulemur_collaris	8.025	7.45559523809524	7.651134656	0.246747775246119	0.0630173955340987	0.879367251229153	0.768479349206078	3.00901946410307	61.5999233932655	54.591700534891	7.0082228583745	OU	Lemuridae	STR	Lemuridae	STR	family
Eulemur_albifrons	Eulemur_coronatus	8.18680555555556	7.24285714285714	14.8274950179	0.409053781006839	0.122124385510603	0.935447148654502	0.885804267672957	2.96698798858772	61.5999233932655	54.591700534891	7.0082228583745	OU	Lemuridae	STR	Lemuridae	STR	family
Eulemur_mongoz	Eulemur_sanfordi	6.63126666666667	7.56916666666667	15.6477288182	0.406432741498646	0.128880115235398	0.926178407163083	0.877665312818492	2.76778088346334	61.5999233932655	54.591700534891	7.0082228583745	OU	Lemuridae	STR	Lemuridae	STR	family
Eulemur_rubriventer	Eulemur_mongoz	7.80108333333333	6.63126666666667	22.837425719	0.506932290099305	0.188096949566329	0.935064923965327	0.92016743573206	2.47990510503185	61.5999233932655	54.591700534891	7.0082228583745	OU	Lemuridae	STR	Lemuridae	STR	family
Leontopithecus_rosalia	Leontopithecus_chrysomelas	6.79392857142857	6.93472222222222	1.4560128688	0.0610119943252653	0.0119922263796461	0.621015347569434	0.462031509601212	2.35064473847223	61.5999233932655	54.591700534891	7.0082228583745	OU	Callitrichidae	PLA	Callitrichidae	PLA	family
Eulemur_mongoz	Eulemur_collaris	6.63126666666667	7.45559523809524	15.6477288174	0.357217316538411	0.128880115228809	0.883873245745067	0.825522408987831	2.28810239001898	61.5999233932655	54.591700534891	7.0082228583745	OU	Lemuridae	STR	Lemuridae	STR	family
Eulemur_fulvus	Eulemur_coronatus	8.025	7.24285714285714	14.8274950171	0.338936417178971	0.122124385504014	0.874356925752943	0.809413190366356	2.24639498186998	61.5999233932655	54.591700534891	7.0082228583745	OU	Lemuridae	STR	Lemuridae	STR	family
Macaca_arctoides	Macaca_fascicularis	7.77916666666667	7.23010204081633	10.2479298855	0.237933512255339	0.0844055006264766	0.804066045903233	0.699733598497213	1.97250263901976	61.5999233932655	54.591700534891	7.0082228583745	OU	Cercopithecidae	OWM	Cercopithecidae	OWM	family
Eulemur_albifrons	Hapalemur_griseus	8.18680555555556	6.41	47.799728541	0.769966897381885	0.393695123053229	0.947344886088566	0.983434961825663	1.92334708253778	61.5999233932655	54.591700534891	7.0082228583745	OU	Lemuridae	STR	Lemuridae	STR	family
Macaca_arctoides	Macaca_nemestrina	7.77916666666667	7.22614900493025	10.9824679326	0.239646534125924	0.0904554104411791	0.791688280775148	0.691608776910233	1.83230218678168	61.5999233932655	54.591700534891	7.0082228583745	OU	Cercopithecidae	OWM	Cercopithecidae	OWM	family
Eulemur_fulvus	Hapalemur_griseus	8.025	6.41	47.7997285402	0.699849533554017	0.39369512304664	0.921808582240184	0.970594658579574	1.7253711801669	61.5999233932655	54.591700534891	7.0082228583745	OU	Lemuridae	STR	Lemuridae	STR	family
Eulemur_coronatus	Eulemur_flavifrons	7.24285714285714	7.85219696969697	13.292473054	0.264053370643802	0.109481412853371	0.792387301682962	0.708222603901934	1.70813073061907	61.5999233932655	54.591700534891	7.0082228583745	OU	Lemuridae	STR	Lemuridae	STR	family
Eulemur_sanfordi	Eulemur_fulvus	7.56916666666667	8.025	9.5384061272	0.197532350285885	0.0785616171597847	0.734226661196964	0.622327726484099	1.56475723011723	61.5999233932655	54.591700534891	7.0082228583745	OU	Lemuridae	STR	Lemuridae	STR	family
Eulemur_flavifrons	Hapalemur_griseus	7.85219696969697	6.41	47.7997285409	0.624966487018849	0.393695123052405	0.884240216257787	0.948220808705477	1.50524147502826	61.5999233932655	54.591700534891	7.0082228583745	OU	Lemuridae	STR	Lemuridae	STR	family
Eulemur_rubriventer	Hapalemur_griseus	7.80108333333333	6.41	47.7997285418	0.602816731868791	0.393695123059818	0.870753483299336	0.939349183110471	1.43830942137486	61.5999233932655	54.591700534891	7.0082228583745	OU	Lemuridae	STR	Lemuridae	STR	family
Eulemur_mongoz	Eulemur_coronatus	6.63126666666667	7.24285714285714	15.6477288181	0.26502867460556	0.128880115234574	0.756281912346733	0.686306623597724	1.41131884072312	61.5999233932655	54.591700534891	7.0082228583745	OU	Lemuridae	STR	Lemuridae	STR	family
Eulemur_albifrons	Propithecus_tattersalli	8.18680555555556	6.33333333333333	71.9834962262	0.803189888654833	0.592881011453179	0.900476273572525	0.985924431725929	1.33565507959023	61.5999233932655	54.591700534891	7.0082228583745	OU	Lemuridae	STR	Indriidae	STR	superfamily
Daubentonia_madagascariensis	Eulemur_albifrons	5.87916666666667	8.18680555555556	92.4969438832	1	0.761836872628026	0.929570742872724	0.997686845743316	1.30958067479945	61.5999233932655	54.591700534891	7.0082228583745	OU	Daubentoniidae	STR	Lemuridae	STR	superfamily
Eulemur_macaco	Hapalemur_griseus	7.6859375	6.41	47.7997285409	0.55291904905206	0.393695123052405	0.83592758997265	0.914702962623082	1.28464048103368	61.5999233932655	54.591700534891	7.0082228583745	OU	Lemuridae	STR	Lemuridae	STR	family
Hapalemur_griseus	Varecia_variegata	6.41	7.75233333333333	52.6432531428	0.581691242852842	0.433588069568216	0.836967523926669	0.928001556624502	1.24498439124454	61.5999233932655	54.591700534891	7.0082228583745	OU	Lemuridae	STR	Lemuridae	STR	family
Pan_paniscus	Pan_troglodytes	7.05857142857143	7.29929285807103	4.786270704	0.104315034149691	0.0394213835788014	0.593251659619877	0.459576855901959	1.21611092928763	61.5999233932655	54.591700534891	7.0082228583745	OU	Hominidae	APE	Hominidae	APE	family
Daubentonia_madagascariensis	Eulemur_fulvus	5.87916666666667	8.025	92.4969438824	0.929882636172132	0.761836872621437	0.907486967245388	0.995390645415139	1.214953634621	61.5999233932655	54.591700534891	7.0082228583745	OU	Daubentoniidae	STR	Lemuridae	STR	superfamily
Eulemur_fulvus	Propithecus_tattersalli	8.025	6.33333333333333	71.9834962254	0.733072524826965	0.59288101144659	0.867256753289437	0.974972773640127	1.20551297648416	61.5999233932655	54.591700534891	7.0082228583745	OU	Lemuridae	STR	Indriidae	STR	superfamily
Eulemur_albifrons	Mirza_zaza	8.18680555555556	6.50694444444444	71.9834962252	0.72795666566356	0.592881011444942	0.864531421587832	0.973941791689621	1.1958342492718	61.5999233932655	54.591700534891	7.0082228583745	OU	Lemuridae	STR	Cheirogaleidae	STR	superfamily
Daubentonia_madagascariensis	Microcebus_murinus	5.87916666666667	7.9	92.496943882	0.875714715618415	0.761836872618142	0.886872376801136	0.99237185452116	1.1407096028093	61.5999233932655	54.591700534891	7.0082228583745	OU	Daubentoniidae	STR	Cheirogaleidae	STR	superfamily
Propithecus_tattersalli	Microcebus_murinus	6.33333333333333	7.9	69.529333389	0.678904604273249	0.57266767615452	0.843412830053489	0.96220176750627	1.1407020815046	61.5999233932655	54.591700534891	7.0082228583745	OU	Indriidae	STR	Cheirogaleidae	STR	superfamily
Eulemur_macaco	Eulemur_flavifrons	7.6859375	7.85219696969697	3.030803714	0.0720474379667886	0.024962749320008	0.52851890418132	0.394788599396301	1.13943807872967	61.5999233932655	54.591700534891	7.0082228583745	OU	Lemuridae	STR	Lemuridae	STR	family
Eulemur_sanfordi	Hapalemur_griseus	7.56916666666667	6.41	47.799728541	0.502317183268132	0.393695123053229	0.793826498728918	0.882010138057912	1.12536026539319	61.5999233932655	54.591700534891	7.0082228583745	OU	Lemuridae	STR	Lemuridae	STR	family
Daubentonia_madagascariensis	Eulemur_flavifrons	5.87916666666667	7.85219696969697	92.4969438831	0.854999589636964	0.761836872627202	0.878091885188966	0.990812204401343	1.11197561920186	61.5999233932655	54.591700534891	7.0082228583745	OU	Daubentoniidae	STR	Lemuridae	STR	superfamily
Daubentonia_madagascariensis	Eulemur_rubriventer	5.87916666666667	7.80108333333333	92.496943884	0.832849834486906	0.761836872634615	0.868123184296239	0.988835296042589	1.08100742065141	61.5999233932655	54.591700534891	7.0082228583745	OU	Daubentoniidae	STR	Lemuridae	STR	superfamily
Daubentonia_madagascariensis	Loris_tardigradus	5.87916666666667	7.93333333333333	99.3606340137	0.890159494432738	0.818368602263449	0.879769065138261	0.993291024880924	1.08042688109867	61.5999233932655	54.591700534891	7.0082228583745	OU	Daubentoniidae	STR	Lorisidae	STR	superfamily
Lemur_catta	Hapalemur_griseus	7.14560283687943	6.41	25.8477057818	0.318768608217387	0.212890658985247	0.724700213574771	0.717199848090794	1.07388834474634	61.5999233932655	54.591700534891	7.0082228583745	OU	Lemuridae	STR	Lemuridae	STR	family
Eulemur_albifrons	Eulemur_macaco	8.18680555555556	7.6859375	14.8274950179	0.217047848329825	0.122124385510603	0.673283002789518	0.59805762035426	1.06290909168077	61.5999233932655	54.591700534891	7.0082228583745	OU	Lemuridae	STR	Lemuridae	STR	family
Eulemur_flavifrons	Propithecus_tattersalli	7.85219696969697	6.33333333333333	71.9834962261	0.658189478291797	0.592881011452355	0.822920762435095	0.955787108891443	1.06107128818012	61.5999233932655	54.591700534891	7.0082228583745	OU	Lemuridae	STR	Indriidae	STR	superfamily
Eulemur_fulvus	Mirza_zaza	8.025	6.50694444444444	71.9834962244	0.657839301835692	0.592881011438353	0.822690235535612	0.955674159349945	1.06038144187478	61.5999233932655	54.591700534891	7.0082228583745	OU	Lemuridae	STR	Cheirogaleidae	STR	superfamily
Daubentonia_madagascariensis	Varecia_variegata	5.87916666666667	7.75233333333333	92.496943885	0.811724345470957	0.761836872642851	0.8580377804917	0.986606704063607	1.0512128118912	61.5999233932655	54.591700534891	7.0082228583745	OU	Daubentoniidae	STR	Lemuridae	STR	superfamily
Hapalemur_griseus	Microcebus_murinus	6.41	7.9	71.9834962278	0.645681613000301	0.592881011466357	0.814547407708473	0.95159899754891	1.03634618715009	61.5999233932655	54.591700534891	7.0082228583745	OU	Lemuridae	STR	Cheirogaleidae	STR	superfamily
Cebuella_pygmaea	Callithrix_jacchus	6.71666666666667	7.03722222222222	8.0860732424	0.138910622931084	0.0665997004031833	0.604657029313625	0.490408301396551	1.02287130760597	61.5999233932655	54.591700534891	7.0082228583745	OU	Callitrichidae	PLA	Callitrichidae	PLA	family
Eulemur_rubriventer	Propithecus_tattersalli	7.80108333333333	6.33333333333333	71.983496227	0.636039723141739	0.592881011459768	0.807895444402369	0.948147423362828	1.01716771661892	61.5999233932655	54.591700534891	7.0082228583745	OU	Lemuridae	STR	Indriidae	STR	superfamily
Macaca_arctoides	Macaca_nigra	7.77916666666667	7.38333333333333	10.9824679321	0.171531748420106	0.0904554104370609	0.632197273711256	0.534050720487798	1.01272719218967	61.5999233932655	54.591700534891	7.0082228583745	OU	Cercopithecidae	OWM	Cercopithecidae	OWM	family
Daubentonia_madagascariensis	Eulemur_macaco	5.87916666666667	7.6859375	92.4969438831	0.782952151670175	0.761836872627202	0.843362073229937	0.98294288672413	1.01018640050276	61.5999233932655	54.591700534891	7.0082228583745	OU	Daubentoniidae	STR	Lemuridae	STR	superfamily
Eulemur_coronatus	Eulemur_macaco	7.24285714285714	7.6859375	13.292473054	0.192005932677014	0.109481412853371	0.640501421440246	0.556669808233007	0.976274446385375	61.5999233932655	54.591700534891	7.0082228583745	OU	Lemuridae	STR	Lemuridae	STR	family
Varecia_variegata	Propithecus_tattersalli	7.75233333333333	6.33333333333333	71.983496228	0.61491423412579	0.592881011468004	0.792710880153364	0.93986133723104	0.974789381324376	61.5999233932655	54.591700534891	7.0082228583745	OU	Lemuridae	STR	Indriidae	STR	superfamily
Eulemur_mongoz	Varecia_variegata	6.63126666666667	7.75233333333333	52.64325314	0.485806801083355	0.433588069545154	0.755983365535207	0.867048608645765	0.971470712724736	61.5999233932655	54.591700534891	7.0082228583745	OU	Lemuridae	STR	Lemuridae	STR	family
Eulemur_collaris	Hapalemur_griseus	7.45559523809524	6.41	47.7997285402	0.453101758307898	0.39369512304664	0.745838415566601	0.841490700840905	0.968467460811269	61.5999233932655	54.591700534891	7.0082228583745	OU	Lemuridae	STR	Lemuridae	STR	family
Daubentonia_madagascariensis	Nycticebus_pygmaeus	5.87916666666667	7.73333333333333	99.360634014	0.803490821546792	0.81836860226592	0.839240504138135	0.98559523467919	0.967677306573477	61.5999233932655	54.591700534891	7.0082228583745	OU	Daubentoniidae	STR	Lorisidae	STR	superfamily
Eulemur_albifrons	Lemur_catta	8.18680555555556	7.14560283687943	47.7997285392	0.451198289164498	0.393695123038403	0.743837903031065	0.839734476055813	0.962386214044795	61.5999233932655	54.591700534891	7.0082228583745	OU	Lemuridae	STR	Lemuridae	STR	family
Macaca_mulatta	Macaca_nigra	7.00058812183339	7.38333333333333	10.9824679327	0.165860097670753	0.0904554104420027	0.616146917757596	0.519176457760187	0.951968020173561	61.5999233932655	54.591700534891	7.0082228583745	OU	Cercopithecidae	OWM	Cercopithecidae	OWM	family
Daubentonia_madagascariensis	Eulemur_sanfordi	5.87916666666667	7.56916666666667	92.4969438832	0.732350285886247	0.761836872628026	0.814803703820417	0.974338876923083	0.936627486410868	61.5999233932655	54.591700534891	7.0082228583745	OU	Daubentoniidae	STR	Lemuridae	STR	superfamily
Eulemur_macaco	Propithecus_tattersalli	7.6859375	6.33333333333333	71.9834962261	0.586142040325008	0.592881011452355	0.770655561481438	0.926838170330705	0.916303281290692	61.5999233932655	54.591700534891	7.0082228583745	OU	Lemuridae	STR	Indriidae	STR	superfamily
Eulemur_flavifrons	Mirza_zaza	7.85219696969697	6.50694444444444	71.9834962251	0.582956255300524	0.592881011444119	0.768114481308542	0.925263973703932	0.909775167130253	61.5999233932655	54.591700534891	7.0082228583745	OU	Lemuridae	STR	Cheirogaleidae	STR	superfamily
Daubentonia_madagascariensis	Cheirogaleus_medius	5.87916666666667	7.46666666666667	92.496943882	0.6879325910322	0.761836872618142	0.786708808980677	0.96391529585589	0.870407787870467	61.5999233932655	54.591700534891	7.0082228583745	OU	Daubentoniidae	STR	Cheirogaleidae	STR	superfamily
Eulemur_rubriventer	Mirza_zaza	7.80108333333333	6.50694444444444	71.983496226	0.560806500150467	0.592881011451531	0.749893860239281	0.913539168994463	0.86411724143409	61.5999233932655	54.591700534891	7.0082228583745	OU	Lemuridae	STR	Cheirogaleidae	STR	superfamily
Daubentonia_madagascariensis	Eulemur_collaris	5.87916666666667	7.45559523809524	92.4969438824	0.683134860926012	0.761836872621437	0.783499280686463	0.962598492826895	0.863156682430163	61.5999233932655	54.591700534891	7.0082228583745	OU	Daubentoniidae	STR	Lemuridae	STR	superfamily
Eulemur_mongoz	Microcebus_murinus	6.63126666666667	7.9	71.983496225	0.549797171230814	0.592881011443295	0.740474727170243	0.907181634847794	0.841258004566006	61.5999233932655	54.591700534891	7.0082228583745	OU	Lemuridae	STR	Cheirogaleidae	STR	superfamily
Daubentonia_madagascariensis	Galago_moholi	5.87916666666667	7.5125	99.360634015	0.707794161901894	0.818368602274156	0.783348027585678	0.968882474901644	0.837971248406603	61.5999233932655	54.591700534891	7.0082228583745	OU	Daubentoniidae	STR	Galagidae	STR	superfamily
Daubentonia_madagascariensis	Varecia_rubra	5.87916666666667	7.39925925925926	92.496943885	0.658722038318787	0.761836872642851	0.766629097521548	0.955247554068497	0.825954529782946	61.5999233932655	54.591700534891	7.0082228583745	OU	Daubentoniidae	STR	Lemuridae	STR	superfamily
Varecia_variegata	Mirza_zaza	7.75233333333333	6.50694444444444	71.983496227	0.539681011134517	0.592881011459768	0.731605689072132	0.90101405856066	0.820164870811399	61.5999233932655	54.591700534891	7.0082228583745	OU	Lemuridae	STR	Cheirogaleidae	STR	superfamily
Cheirogaleus_medius	Mirza_zaza	7.46666666666667	6.50694444444444	49.55786972	0.41588925669576	0.408175782859019	0.696010242386587	0.803325257215477	0.818506041118242	61.5999233932655	54.591700534891	7.0082228583745	OU	Cheirogaleidae	STR	Cheirogaleidae	STR	family
Propithecus_tattersalli	Loris_tardigradus	6.33333333333333	7.93333333333333	99.3606340167	0.693349383087571	0.818368602288158	0.773823149618524	0.965277117136688	0.817815214078327	61.5999233932655	54.591700534891	7.0082228583745	OU	Indriidae	STR	Lorisidae	STR	superfamily
Macaca_arctoides	Daubentonia_madagascariensis	7.77916666666667	5.87916666666667	121.4130573101	0.823352392416491	0.99999999993658	0.806445779233922	0.987791450997067	0.813300454438571	61.5999233932655	54.591700534891	7.0082228583745	OU	Cercopithecidae	OWM	Daubentoniidae	STR	order
Eulemur_sanfordi	Propithecus_tattersalli	7.56916666666667	6.33333333333333	71.9834962262	0.53554017454108	0.592881011453179	0.727915968054449	0.8983969726738	0.811507979271657	61.5999233932655	54.591700534891	7.0082228583745	OU	Lemuridae	STR	Indriidae	STR	superfamily
Hapalemur_griseus	Varecia_rubra	6.41	7.39925925925926	52.6432531428	0.428688935700673	0.433588069568216	0.69606538968781	0.815128217478992	0.805918041883944	61.5999233932655	54.591700534891	7.0082228583745	OU	Lemuridae	STR	Lemuridae	STR	family
Hapalemur_griseus	Loris_tardigradus	6.41	7.93333333333333	99.3606340195	0.660126391814623	0.81836860231122	0.750791527546726	0.955610681366754	0.770830930327226	61.5999233932655	54.591700534891	7.0082228583745	OU	Lemuridae	STR	Lorisidae	STR	superfamily
Eulemur_rubriventer	Eulemur_coronatus	7.80108333333333	7.24285714285714	22.8374257191	0.241903615493745	0.188096949567152	0.62154904816129	0.596775295682108	0.767487734357499	61.5999233932655	54.591700534891	7.0082228583745	OU	Lemuridae	STR	Lemuridae	STR	family
Eulemur_albifrons	Propithecus_coquereli	8.18680555555556	7.00483193277311	71.9834962262	0.512200426363746	0.592881011453179	0.706470890460295	0.882600430246648	0.76249417327959	61.5999233932655	54.591700534891	7.0082228583745	OU	Lemuridae	STR	Indriidae	STR	superfamily
Eulemur_macaco	Mirza_zaza	7.6859375	6.50694444444444	71.9834962251	0.510908817333735	0.592881011444119	0.705251895332216	0.881672895275609	0.759772108577522	61.5999233932655	54.591700534891	7.0082228583745	OU	Lemuridae	STR	Cheirogaleidae	STR	superfamily
Propithecus_tattersalli	Cheirogaleus_medius	6.33333333333333	7.46666666666667	69.529333389	0.491122479687033	0.57266767615452	0.694545251072829	0.867041446328195	0.743578802930789	61.5999233932655	54.591700534891	7.0082228583745	OU	Indriidae	STR	Cheirogaleidae	STR	superfamily
Eulemur_fulvus	Lemur_catta	8.025	7.14560283687943	47.7997285384	0.38108092533663	0.393695123031814	0.66246545577638	0.764364308522186	0.739873676216175	61.5999233932655	54.591700534891	7.0082228583745	OU	Lemuridae	STR	Lemuridae	STR	family
Daubentonia_madagascariensis	Eulemur_coronatus	5.87916666666667	7.24285714285714	92.4969438831	0.590946218993161	0.761836872627202	0.71497738834676	0.928214584995435	0.720003086127566	61.5999233932655	54.591700534891	7.0082228583745	OU	Daubentoniidae	STR	Lemuridae	STR	superfamily
Mirza_zaza	Loris_tardigradus	6.50694444444444	7.93333333333333	99.3606340157	0.618116160096299	0.818368602279922	0.71938717799395	0.940225711474346	0.710155185305539	61.5999233932655	54.591700534891	7.0082228583745	OU	Cheirogaleidae	STR	Lorisidae	STR	superfamily
Eulemur_collaris	Propithecus_tattersalli	7.45559523809524	6.33333333333333	71.9834962254	0.486324749580846	0.59288101144659	0.681403317804287	0.862900962053974	0.707815035701771	61.5999233932655	54.591700534891	7.0082228583745	OU	Lemuridae	STR	Indriidae	STR	superfamily
Eulemur_collaris	Eulemur_flavifrons	7.45559523809524	7.85219696969697	14.8274950171	0.171864728710951	0.122124385504014	0.56259606317237	0.493102959522142	0.693940084243488	61.5999233932655	54.591700534891	7.0082228583745	OU	Lemuridae	STR	Lemuridae	STR	family
Propithecus_tattersalli	Nycticebus_pygmaeus	6.33333333333333	7.73333333333333	99.360634017	0.606680710201626	0.818368602290629	0.710392353101358	0.935343894782198	0.693397934354888	61.5999233932655	54.591700534891	7.0082228583745	OU	Indriidae	STR	Lorisidae	STR	superfamily
Eulemur_coronatus	Hapalemur_griseus	7.24285714285714	6.41	47.7997285409	0.360913116375047	0.393695123052405	0.636276394038407	0.738648130400835	0.677142750920187	61.5999233932655	54.591700534891	7.0082228583745	OU	Lemuridae	STR	Lemuridae	STR	family
Varecia_rubra	Propithecus_tattersalli	7.39925925925926	6.33333333333333	71.983496228	0.46191192697362	0.592881011468004	0.656504109899479	0.842065306577166	0.656050709796905	61.5999233932655	54.591700534891	7.0082228583745	OU	Lemuridae	STR	Indriidae	STR	superfamily
Eulemur_sanfordi	Mirza_zaza	7.56916666666667	6.50694444444444	71.9834962252	0.460306951549808	0.592881011444942	0.654824728552167	0.840615748441392	0.652645750361918	61.5999233932655	54.591700534891	7.0082228583745	OU	Lemuridae	STR	Cheirogaleidae	STR	superfamily
Daubentonia_madagascariensis	Lemur_catta	5.87916666666667	7.14560283687943	92.496943884	0.548801710835502	0.761836872634615	0.679221387659125	0.905489879090738	0.652284514755384	61.5999233932655	54.591700534891	7.0082228583745	OU	Daubentoniidae	STR	Lemuridae	STR	superfamily
Hapalemur_griseus	Cheirogaleus_medius	6.41	7.46666666666667	71.9834962278	0.457899488414085	0.592881011466357	0.65229585818672	0.838422571209022	0.647538475691624	61.5999233932655	54.591700534891	7.0082228583745	OU	Lemuridae	STR	Cheirogaleidae	STR	superfamily
Hapalemur_griseus	Nycticebus_pygmaeus	6.41	7.73333333333333	99.3606340198	0.573457718928678	0.818368602313691	0.683168750785357	0.919267009616074	0.644160541998352	61.5999233932655	54.591700534891	7.0082228583745	OU	Lemuridae	STR	Lorisidae	STR	superfamily
Eulemur_mongoz	Loris_tardigradus	6.63126666666667	7.93333333333333	99.3606340167	0.564241950045137	0.818368602288158	0.675328949736768	0.914273125890056	0.630365400118836	61.5999233932655	54.591700534891	7.0082228583745	OU	Lemuridae	STR	Lorisidae	STR	superfamily
Macaca_nigra	Daubentonia_madagascariensis	7.38333333333333	5.87916666666667	121.41305731	0.651820643996385	0.999999999935757	0.696649371439854	0.952740014686508	0.621015609973981	61.5999233932655	54.591700534891	7.0082228583745	OU	Cercopithecidae	OWM	Daubentoniidae	STR	order
Macaca_fascicularis	Macaca_mulatta	7.23010204081633	7.00058812183339	7.3270128521	0.0994583338355199	0.0603478160748515	0.477380699083005	0.376162097869753	0.619947132134747	61.5999233932655	54.591700534891	7.0082228583745	OU	Cercopithecidae	OWM	Cercopithecidae	OWM	family
Eulemur_fulvus	Propithecus_coquereli	8.025	7.00483193277311	71.9834962254	0.442083062535878	0.59288101144659	0.635389986458083	0.823444054039924	0.614002914933501	61.5999233932655	54.591700534891	7.0082228583745	OU	Lemuridae	STR	Indriidae	STR	superfamily
Pongo_pygmaeus	Daubentonia_madagascariensis	7.36292328042328	5.87916666666667	121.413057312	0.642976083000155	0.999999999952229	0.690041167541851	0.949657516934454	0.610607070459338	61.5999233932655	54.591700534891	7.0082228583745	OU	Hominidae	APE	Daubentoniidae	STR	order
Saimiri_sciureus	Eulemur_albifrons	6.71305004023754	8.18680555555556	121.4130573002	0.638642173354784	0.99999999985504	0.686768643245733	0.948086599499997	0.605488086520996	61.5999233932655	54.591700534891	7.0082228583745	OU	Cebidae	PLA	Lemuridae	STR	order
Saimiri_sciureus	Macaca_arctoides	6.71305004023754	7.77916666666667	78.0653383471	0.461994565771275	0.642973170033624	0.637069439504172	0.841520458579517	0.6046564568608	61.5999233932655	54.591700534891	7.0082228583745	OU	Cebidae	PLA	Cercopithecidae	OWM	order
Cebuella_pygmaea	Eulemur_albifrons	6.71666666666667	8.18680555555556	121.4130573059	0.637074932290099	0.999999999901987	0.685579643904183	0.947508514891894	0.60363392302821	61.5999233932655	54.591700534891	7.0082228583745	OU	Callitrichidae	PLA	Lemuridae	STR	order
Cebuella_pygmaea	Macaca_arctoides	6.71666666666667	7.77916666666667	78.0653383528	0.46042732470659	0.642973170080571	0.635439193578862	0.840103524116275	0.601590604530145	61.5999233932655	54.591700534891	7.0082228583745	OU	Callitrichidae	PLA	Cercopithecidae	OWM	order
Macaca_arctoides	Propithecus_tattersalli	7.77916666666667	6.33333333333333	121.4130573131	0.626542281071324	0.999999999961289	0.67751207632258	0.943482316987513	0.591131563058698	61.5999233932655	54.591700534891	7.0082228583745	OU	Cercopithecidae	OWM	Indriidae	STR	order
Mirza_zaza	Nycticebus_pygmaeus	6.50694444444444	7.73333333333333	99.360634016	0.531447487210353	0.818368602282393	0.646416276676525	0.894446813028694	0.580852576579397	61.5999233932655	54.591700534891	7.0082228583745	OU	Cheirogaleidae	STR	Lorisidae	STR	superfamily
Pan_troglodytes	Daubentonia_madagascariensis	7.29929285807103	5.87916666666667	121.413057308	0.615402261697946	0.999999999919284	0.668833645939667	0.93894753136414	0.577830434463835	61.5999233932655	54.591700534891	7.0082228583745	OU	Hominidae	APE	Daubentoniidae	STR	order
Leontopithecus_rosalia	Eulemur_albifrons	6.79392857142857	8.18680555555556	121.4130573069	0.603593998538329	0.999999999910224	0.6594712810136	0.933815812105288	0.563645619977549	61.5999233932655	54.591700534891	7.0082228583745	OU	Callitrichidae	PLA	Lemuridae	STR	order
Eulemur_albifrons	Varecia_rubra	8.18680555555556	7.39925925925926	52.6432531402	0.341277961681213	0.433588069546801	0.586878848270867	0.708824988747301	0.55791744362624	61.5999233932655	54.591700534891	7.0082228583745	OU	Lemuridae	STR	Lemuridae	STR	family
Daubentonia_madagascariensis	Propithecus_coquereli	5.87916666666667	7.00483193277311	92.496943883	0.487799573636254	0.761836872626379	0.622492286553532	0.862777105040299	0.552430998162227	61.5999233932655	54.591700534891	7.0082228583745	OU	Daubentoniidae	STR	Indriidae	STR	superfamily
Macaca_arctoides	Hapalemur_griseus	7.77916666666667	6.41	121.4130573159	0.593319289798376	0.999999999984351	0.651188222929221	0.929066160646839	0.551232874619313	61.5999233932655	54.591700534891	7.0082228583745	OU	Cercopithecidae	OWM	Lemuridae	STR	order
Propithecus_tattersalli	Galago_moholi	6.33333333333333	7.5125	99.360634018	0.510984050556727	0.818368602298865	0.62757533972224	0.880336390072333	0.549676335563236	61.5999233932655	54.591700534891	7.0082228583745	OU	Indriidae	STR	Galagidae	STR	superfamily
Eulemur_collaris	Mirza_zaza	7.45559523809524	6.50694444444444	71.9834962244	0.411091526589573	0.592881011438353	0.600804503008792	0.791136013149536	0.548557476308125	61.5999233932655	54.591700534891	7.0082228583745	OU	Lemuridae	STR	Cheirogaleidae	STR	superfamily
Aotus_trivirgatus	Eulemur_albifrons	6.82941176470588	8.18680555555556	121.4130573093	0.588217592182828	0.999999999929991	0.647028285852425	0.926605970231276	0.545045932749833	61.5999233932655	54.591700534891	7.0082228583745	OU	Aotidae	PLA	Lemuridae	STR	order
Macaca_fascicularis	Daubentonia_madagascariensis	7.23010204081633	5.87916666666667	121.4130573106	0.585418880161152	0.999999999940698	0.644732935170115	0.925226973498725	0.541645338752636	61.5999233932655	54.591700534891	7.0082228583745	OU	Cercopithecidae	OWM	Daubentoniidae	STR	order
Macaca_nemestrina	Daubentonia_madagascariensis	7.22614900493025	5.87916666666667	121.4130573105	0.583705858290567	0.999999999939875	0.643323371985503	0.924372532617401	0.539561662564106	61.5999233932655	54.591700534891	7.0082228583745	OU	Cercopithecidae	OWM	Daubentoniidae	STR	order
Leontopithecus_rosalia	Macaca_arctoides	6.79392857142857	7.77916666666667	78.0653383538	0.426946390954819	0.642973170088808	0.59952633064384	0.807500945788405	0.536195957366844	61.5999233932655	54.591700534891	7.0082228583745	OU	Callitrichidae	PLA	Cercopithecidae	OWM	order
Eulemur_mongoz	Varecia_rubra	6.63126666666667	7.39925925925926	52.64325314	0.332804493931186	0.433588069545154	0.575183676333597	0.696679907741018	0.534743043947221	61.5999233932655	54.591700534891	7.0082228583745	OU	Lemuridae	STR	Lemuridae	STR	family
Saimiri_sciureus	Eulemur_fulvus	6.71305004023754	8.025	121.4130572994	0.568524809526916	0.999999999848451	0.630678041027803	0.916447093363943	0.521022909275192	61.5999233932655	54.591700534891	7.0082228583745	OU	Cebidae	PLA	Lemuridae	STR	order
Cebuella_pygmaea	Eulemur_fulvus	6.71666666666667	8.025	121.4130573051	0.566957568462231	0.999999999895398	0.629356889952379	0.915591932466948	0.519101775789395	61.5999233932655	54.591700534891	7.0082228583745	OU	Callitrichidae	PLA	Lemuridae	STR	order
Propithecus_coquereli	Microcebus_murinus	7.00483193277311	7.9	69.529333389	0.387915141982161	0.57266767615452	0.581742081777458	0.764687523334859	0.517986052885566	61.5999233932655	54.591700534891	7.0082228583745	OU	Indriidae	STR	Cheirogaleidae	STR	superfamily
Eulemur_fulvus	Eulemur_macaco	8.025	7.6859375	14.8274950171	0.146930484501957	0.122124385504014	0.493256657418598	0.429550994454637	0.516802074156127	61.5999233932655	54.591700534891	7.0082228583745	OU	Lemuridae	STR	Lemuridae	STR	family
Eulemur_coronatus	Propithecus_tattersalli	7.24285714285714	6.33333333333333	71.9834962261	0.394136107647994	0.592881011452355	0.581074645103048	0.771743832199106	0.513040735406899	61.5999233932655	54.591700534891	7.0082228583745	OU	Lemuridae	STR	Indriidae	STR	superfamily
Eulemur_flavifrons	Lemur_catta	7.85219696969697	7.14560283687943	47.7997285391	0.306197878801462	0.39369512303758	0.559052071879896	0.659370279163413	0.512827741595602	61.5999233932655	54.591700534891	7.0082228583745	OU	Lemuridae	STR	Lemuridae	STR	family
Gorilla_gorilla	Daubentonia_madagascariensis	7.17390376984127	5.87916666666667	121.413057308	0.561065732341686	0.999999999919284	0.624363994637786	0.91231351347257	0.51186784960302	61.5999233932655	54.591700534891	7.0082228583745	OU	Hominidae	APE	Daubentoniidae	STR	order
Aotus_trivirgatus	Macaca_arctoides	6.82941176470588	7.77916666666667	78.0653383562	0.411569984599319	0.642973170108575	0.582344367252768	0.79098787124284	0.506314852812118	61.5999233932655	54.591700534891	7.0082228583745	OU	Aotidae	PLA	Cercopithecidae	OWM	order
Eulemur_albifrons	Eulemur_flavifrons	8.18680555555556	7.85219696969697	14.8274950179	0.145000410363036	0.122124385510603	0.487658398542648	0.424477676599214	0.503989739964671	61.5999233932655	54.591700534891	7.0082228583745	OU	Lemuridae	STR	Lemuridae	STR	family
Macaca_arctoides	Mirza_zaza	7.77916666666667	6.50694444444444	121.4130573121	0.551309058080051	0.999999999953053	0.616005104183408	0.906659379172715	0.49984952835462	61.5999233932655	54.591700534891	7.0082228583745	OU	Cercopithecidae	OWM	Cheirogaleidae	STR	order
Hapalemur_griseus	Galago_moholi	6.41	7.5125	99.3606340208	0.477761059283779	0.818368602321927	0.59569021814807	0.854332797197269	0.498756845035067	61.5999233932655	54.591700534891	7.0082228583745	OU	Lemuridae	STR	Galagidae	STR	superfamily
Eulemur_mongoz	Nycticebus_pygmaeus	6.63126666666667	7.73333333333333	99.360634017	0.477573277159191	0.818368602290629	0.595505477368362	0.854174410532668	0.49846838131595	61.5999233932655	54.591700534891	7.0082228583745	OU	Lemuridae	STR	Lorisidae	STR	superfamily
Varecia_rubra	Mirza_zaza	7.39925925925926	6.50694444444444	71.983496227	0.386678703982348	0.592881011459768	0.572218416738311	0.762820483732282	0.497513717456614	61.5999233932655	54.591700534891	7.0082228583745	OU	Lemuridae	STR	Cheirogaleidae	STR	superfamily
Leontopithecus_chrysomelas	Eulemur_albifrons	6.93472222222222	8.18680555555556	121.4130573069	0.542582004213063	0.999999999910224	0.608432683955457	0.901357446668255	0.489060329969537	61.5999233932655	54.591700534891	7.0082228583745	OU	Callitrichidae	PLA	Lemuridae	STR	order
Eulemur_sanfordi	Eulemur_coronatus	7.56916666666667	7.24285714285714	14.8274950179	0.141404066893086	0.122124385510603	0.477141668067147	0.414968019180107	0.480478696349636	61.5999233932655	54.591700534891	7.0082228583745	OU	Lemuridae	STR	Lemuridae	STR	family
Leontopithecus_rosalia	Eulemur_fulvus	6.79392857142857	8.025	121.4130573061	0.53347663471046	0.999999999903635	0.600436138692401	0.89557214683501	0.477766815080003	61.5999233932655	54.591700534891	7.0082228583745	OU	Callitrichidae	PLA	Lemuridae	STR	order
Saimiri_sciureus	Loris_tardigradus	6.71305004023754	7.93333333333333	121.4130573007	0.528801667787522	0.999999999859158	0.596292586026535	0.892498817251739	0.471954863127581	61.5999233932655	54.591700534891	7.0082228583745	OU	Cebidae	PLA	Lorisidae	STR	order
Cebuella_pygmaea	Loris_tardigradus	6.71666666666667	7.93333333333333	121.4130573064	0.527234426722837	0.999999999906106	0.594897759208928	0.891452625424884	0.470004513960588	61.5999233932655	54.591700534891	7.0082228583745	OU	Callitrichidae	PLA	Lorisidae	STR	order
Aotus_trivirgatus	Eulemur_fulvus	6.82941176470588	8.025	121.4130573085	0.51810022835496	0.999999999923402	0.586711268716312	0.885194037027809	0.458619232757686	61.5999233932655	54.591700534891	7.0082228583745	OU	Aotidae	PLA	Lemuridae	STR	order
Eulemur_flavifrons	Propithecus_coquereli	7.85219696969697	7.00483193277311	71.9834962261	0.36720001600071	0.592881011452355	0.54857833586532	0.738358671601875	0.457301399082266	61.5999233932655	54.591700534891	7.0082228583745	OU	Lemuridae	STR	Indriidae	STR	superfamily
Saimiri_sciureus	Microcebus_murinus	6.71305004023754	7.9	121.413057299	0.514356888973199	0.999999999845157	0.583328211025305	0.882548560334389	0.453944931931663	61.5999233932655	54.591700534891	7.0082228583745	OU	Cebidae	PLA	Cheirogaleidae	STR	order
Macaca_mulatta	Eulemur_albifrons	7.00058812183339	8.18680555555556	121.4130573139	0.514039453674368	0.999999999967878	0.583040578175442	0.882322040958072	0.453548339913509	61.5999233932655	54.591700534891	7.0082228583745	OU	Cercopithecidae	OWM	Lemuridae	STR	order
Cebuella_pygmaea	Microcebus_murinus	6.71666666666667	7.9	121.4130573047	0.512789647908515	0.999999999892104	0.581906973244192	0.881426855618816	0.451986566998649	61.5999233932655	54.591700534891	7.0082228583745	OU	Callitrichidae	PLA	Cheirogaleidae	STR	order
Pan_paniscus	Daubentonia_madagascariensis	7.05857142857143	5.87916666666667	121.413057308	0.511087227548255	0.999999999919284	0.580359919135816	0.880198900896024	0.449858415986281	61.5999233932655	54.591700534891	7.0082228583745	OU	Hominidae	APE	Daubentoniidae	STR	order
Eulemur_rubriventer	Lemur_catta	7.80108333333333	7.14560283687943	47.79972854	0.284048123651404	0.393695123044992	0.525298421678726	0.623297985588356	0.449704893250199	61.5999233932655	54.591700534891	7.0082228583745	OU	Lemuridae	STR	Lemuridae	STR	family
Eulemur_mongoz	Cheirogaleus_medius	6.63126666666667	7.46666666666667	71.983496225	0.362015046644598	0.592881011443295	0.542163322458686	0.731563318770507	0.446694908179753	61.5999233932655	54.591700534891	7.0082228583745	OU	Lemuridae	STR	Cheirogaleidae	STR	superfamily
Callithrix_jacchus	Daubentonia_madagascariensis	7.03722222222222	5.87916666666667	121.4130573023	0.501835690640984	0.999999999872337	0.571894054370533	0.873350813303319	0.438278608621888	61.5999233932655	54.591700534891	7.0082228583745	OU	Callitrichidae	PLA	Daubentoniidae	STR	order
Mirza_zaza	Galago_moholi	6.50694444444444	7.5125	99.360634017	0.435750827565455	0.818368602290629	0.553115060284986	0.815513312672032	0.434230492094665	61.5999233932655	54.591700534891	7.0082228583745	OU	Cheirogaleidae	STR	Galagidae	STR	superfamily
Callithrix_jacchus	Eulemur_albifrons	7.03722222222222	8.18680555555556	121.4130573055	0.498164309359016	0.999999999898693	0.568507100544319	0.870550215769019	0.43367704704485	61.5999233932655	54.591700534891	7.0082228583745	OU	Callitrichidae	PLA	Lemuridae	STR	order
Macaca_arctoides	Eulemur_mongoz	7.77916666666667	6.63126666666667	121.4130573131	0.497434848028889	0.999999999961289	0.567832306731333	0.869988084821499	0.432762390776879	61.5999233932655	54.591700534891	7.0082228583745	OU	Cercopithecidae	OWM	Lemuridae	STR	order
Leontopithecus_rosalia	Loris_tardigradus	6.79392857142857	7.93333333333333	121.4130573074	0.493753492971067	0.999999999914342	0.56441752836536	0.867122237566977	0.428144633668256	61.5999233932655	54.591700534891	7.0082228583745	OU	Callitrichidae	PLA	Lorisidae	STR	order
Saimiri_sciureus	Eulemur_flavifrons	6.71305004023754	7.85219696969697	121.4130573001	0.493641762991748	0.999999999854217	0.564313646292657	0.867034499796729	0.428004439116721	61.5999233932655	54.591700534891	7.0082228583745	OU	Cebidae	PLA	Lemuridae	STR	order
Lemur_catta	Propithecus_tattersalli	7.14560283687943	6.33333333333333	71.983496227	0.351991599490335	0.592881011459768	0.529618135683643	0.718085482665371	0.426325101881468	61.5999233932655	54.591700534891	7.0082228583745	OU	Lemuridae	STR	Indriidae	STR	superfamily
Cebuella_pygmaea	Eulemur_flavifrons	6.71666666666667	7.85219696969697	121.4130573058	0.492074521927063	0.999999999901164	0.562854982715769	0.865799066546876	0.42603766179806	61.5999233932655	54.591700534891	7.0082228583745	OU	Callitrichidae	PLA	Lemuridae	STR	order
Pan_paniscus	Eulemur_albifrons	7.05857142857143	8.18680555555556	121.4130573112	0.488912772451745	0.99999999994564	0.559903735424209	0.863279708060266	0.422068475492021	61.5999233932655	54.591700534891	7.0082228583745	OU	Hominidae	APE	Lemuridae	STR	order
Leontopithecus_chrysomelas	Macaca_arctoides	6.93472222222222	7.77916666666667	78.0653383538	0.365934396629554	0.642973170088808	0.52886039796078	0.736000226275536	0.418878751479092	61.5999233932655	54.591700534891	7.0082228583745	OU	Callitrichidae	PLA	Cercopithecidae	OWM	order
Macaca_mulatta	Daubentonia_madagascariensis	7.00058812183339	5.87916666666667	121.4130573107	0.485960546325632	0.999999999941522	0.55713777177088	0.860894502160845	0.418360762623282	61.5999233932655	54.591700534891	7.0082228583745	OU	Cercopithecidae	OWM	Daubentoniidae	STR	order
Eulemur_rubriventer	Propithecus_coquereli	7.80108333333333	7.00483193277311	71.983496227	0.345050260850652	0.592881011459768	0.520820409693936	0.708487315339239	0.412331864643926	61.5999233932655	54.591700534891	7.0082228583745	OU	Lemuridae	STR	Indriidae	STR	superfamily
Leontopithecus_rosalia	Microcebus_murinus	6.79392857142857	7.9	121.4130573057	0.479308714156744	0.99999999990034	0.550869328336289	0.855402944625665	0.410002085515281	61.5999233932655	54.591700534891	7.0082228583745	OU	Callitrichidae	PLA	Cheirogaleidae	STR	order
Aotus_trivirgatus	Loris_tardigradus	6.82941176470588	7.93333333333333	121.4130573098	0.478377086615566	0.999999999934109	0.549987395472457	0.854620736791585	0.408830978254545	61.5999233932655	54.591700534891	7.0082228583745	OU	Aotidae	PLA	Lorisidae	STR	order
Macaca_arctoides	Pan_paniscus	7.77916666666667	7.05857142857143	62.1515760321	0.312265164868235	0.511901910759216	0.509290664266649	0.662201271178317	0.403949242568303	61.5999233932655	54.591700534891	7.0082228583745	OU	Cercopithecidae	OWM	Hominidae	APE	order
Leontopithecus_chrysomelas	Eulemur_fulvus	6.93472222222222	8.025	121.4130573061	0.472464640385195	0.999999999903635	0.544367504840338	0.849580829111862	0.401396900943172	61.5999233932655	54.591700534891	7.0082228583745	OU	Callitrichidae	PLA	Lemuridae	STR	order
Saimiri_sciureus	Eulemur_rubriventer	6.71305004023754	7.80108333333333	121.413057301	0.47149200784169	0.999999999861629	0.543439231135954	0.848739125796228	0.400173714610837	61.5999233932655	54.591700534891	7.0082228583745	OU	Cebidae	PLA	Lemuridae	STR	order
Cebuella_pygmaea	Eulemur_rubriventer	6.71666666666667	7.80108333333333	121.4130573067	0.469924766777005	0.999999999908576	0.541941233139272	0.847375313407906	0.398202646562207	61.5999233932655	54.591700534891	7.0082228583745	OU	Callitrichidae	PLA	Lemuridae	STR	order
Aotus_trivirgatus	Microcebus_murinus	6.82941176470588	7.9	121.4130573081	0.463932307801243	0.999999999920107	0.536188174712992	0.842074294470382	0.390665470804959	61.5999233932655	54.591700534891	7.0082228583745	OU	Aotidae	PLA	Cheirogaleidae	STR	order
Eulemur_rubriventer	Eulemur_albifrons	7.80108333333333	8.18680555555556	22.8374257192	0.167150165513094	0.188096949567976	0.457198461898586	0.436447010679088	0.38784355748598	61.5999233932655	54.591700534891	7.0082228583745	OU	Lemuridae	STR	Lemuridae	STR	family
Leontopithecus_rosalia	Eulemur_flavifrons	6.79392857142857	7.85219696969697	121.4130573068	0.458593588175292	0.9999999999094	0.531029022632716	0.837235145647385	0.383950669623684	61.5999233932655	54.591700534891	7.0082228583745	OU	Callitrichidae	PLA	Lemuridae	STR	order
Propithecus_coquereli	Loris_tardigradus	7.00483193277311	7.93333333333333	99.3606340167	0.402359920796484	0.818368602288158	0.517528813354052	0.779566210624217	0.38328229832543	61.5999233932655	54.591700534891	7.0082228583745	OU	Indriidae	STR	Lorisidae	STR	superfamily
Leontopithecus_chrysomelas	Daubentonia_madagascariensis	6.93472222222222	5.87916666666667	121.4130573037	0.457417995786937	0.999999999883868	0.529888720929166	0.836154688189678	0.382472201683991	61.5999233932655	54.591700534891	7.0082228583745	OU	Callitrichidae	PLA	Daubentoniidae	STR	order
Macaca_nigra	Propithecus_tattersalli	7.38333333333333	6.33333333333333	121.413057313	0.455010532651218	0.999999999960466	0.527548755821249	0.833925195186207	0.379444747267948	61.5999233932655	54.591700534891	7.0082228583745	OU	Cercopithecidae	OWM	Indriidae	STR	order
Lemur_catta	Microcebus_murinus	7.14560283687943	7.9	71.983496226	0.326913004782913	0.592881011451531	0.497414470112174	0.682381569447799	0.376263373202832	61.5999233932655	54.591700534891	7.0082228583745	OU	Lemuridae	STR	Cheirogaleidae	STR	superfamily
Eulemur_fulvus	Varecia_rubra	8.025	7.39925925925926	52.6432531394	0.271160597853345	0.433588069540212	0.484479626101643	0.598350901478693	0.374201228237445	61.5999233932655	54.591700534891	7.0082228583745	OU	Lemuridae	STR	Lemuridae	STR	family
Saimiri_sciureus	Varecia_variegata	6.71305004023754	7.75233333333333	121.413057302	0.450366518825741	0.999999999869866	0.523016880019064	0.829560147950169	0.373606116037503	61.5999233932655	54.591700534891	7.0082228583745	OU	Cebidae	PLA	Lemuridae	STR	order
Cebuella_pygmaea	Varecia_variegata	6.71666666666667	7.75233333333333	121.4130573077	0.448799277761056	0.999999999916813	0.521482128970124	0.828067816111292	0.371636237838838	61.5999233932655	54.591700534891	7.0082228583745	OU	Callitrichidae	PLA	Lemuridae	STR	order
Varecia_variegata	Propithecus_coquereli	7.75233333333333	7.00483193277311	71.983496228	0.323924771834703	0.592881011468004	0.4935010009093	0.677937787730012	0.370396148570898	61.5999233932655	54.591700534891	7.0082228583745	OU	Lemuridae	STR	Indriidae	STR	superfamily
Pongo_pygmaeus	Propithecus_tattersalli	7.36292328042328	6.33333333333333	121.413057315	0.446165971654988	0.999999999976938	0.51889734934096	0.825538391092612	0.368327138408825	61.5999233932655	54.591700534891	7.0082228583745	OU	Hominidae	APE	Indriidae	STR	order
Eulemur_sanfordi	Eulemur_flavifrons	7.56916666666667	7.85219696969697	14.8274950179	0.122649303750717	0.122124385510603	0.420558492107725	0.364233046161833	0.365798602203593	61.5999233932655	54.591700534891	7.0082228583745	OU	Lemuridae	STR	Lemuridae	STR	family
Macaca_mulatta	Eulemur_fulvus	7.00058812183339	8.025	121.4130573131	0.4439220898465	0.999999999961289	0.516688832729179	0.82336118943154	0.365508219925098	61.5999233932655	54.591700534891	7.0082228583745	OU	Cercopithecidae	OWM	Lemuridae	STR	order
Aotus_trivirgatus	Eulemur_flavifrons	6.82941176470588	7.85219696969697	121.4130573092	0.443217181819792	0.999999999929167	0.515993900198254	0.822673066272244	0.364622838018058	61.5999233932655	54.591700534891	7.0082228583745	OU	Aotidae	PLA	Lemuridae	STR	order
Saimiri_sciureus	Nycticebus_pygmaeus	6.71305004023754	7.73333333333333	121.413057301	0.442132994901576	0.999999999861629	0.514923999208848	0.821610801370162	0.363261244303539	61.5999233932655	54.591700534891	7.0082228583745	OU	Cebidae	PLA	Lorisidae	STR	order
Cebuella_pygmaea	Nycticebus_pygmaeus	6.71666666666667	7.73333333333333	121.4130573067	0.440565753836892	0.999999999908576	0.513375147743914	0.820066890260381	0.361293387737271	61.5999233932655	54.591700534891	7.0082228583745	OU	Callitrichidae	PLA	Lorisidae	STR	order
Eulemur_coronatus	Mirza_zaza	7.24285714285714	6.50694444444444	71.9834962251	0.318902884656722	0.592881011444119	0.486888289037635	0.670378826965306	0.360587938566785	61.5999233932655	54.591700534891	7.0082228583745	OU	Lemuridae	STR	Cheirogaleidae	STR	superfamily
Gorilla_gorilla	Eulemur_albifrons	7.17390376984127	8.18680555555556	121.4130573112	0.438934267658314	0.99999999994564	0.511759969798456	0.818449164848749	0.359245384807973	61.5999233932655	54.591700534891	7.0082228583745	OU	Hominidae	APE	Lemuridae	STR	order
Leontopithecus_rosalia	Eulemur_rubriventer	6.79392857142857	7.80108333333333	121.4130573077	0.436443833025234	0.999999999916813	0.509288864895081	0.815958960904801	0.356120256518204	61.5999233932655	54.591700534891	7.0082228583745	OU	Callitrichidae	PLA	Lemuridae	STR	order
Lemur_catta	Varecia_variegata	7.14560283687943	7.75233333333333	52.643253141	0.262922634635455	0.43358806955339	0.471639515816617	0.583896740370067	0.354068020117072	61.5999233932655	54.591700534891	7.0082228583745	OU	Lemuridae	STR	Lemuridae	STR	family
Eulemur_mongoz	Galago_moholi	6.63126666666667	7.5125	99.360634018	0.381876617514293	0.818368602298865	0.494959039926638	0.755168125098098	0.352385280247782	61.5999233932655	54.591700534891	7.0082228583745	OU	Lemuridae	STR	Galagidae	STR	superfamily
Leontopithecus_chrysomelas	Loris_tardigradus	6.93472222222222	7.93333333333333	121.4130573074	0.432741498645801	0.999999999914342	0.505602876905682	0.812210354950531	0.351477126247038	61.5999233932655	54.591700534891	7.0082228583745	OU	Callitrichidae	PLA	Lorisidae	STR	order
Macaca_mulatta	Macaca_nemestrina	7.00058812183339	7.22614900493025	10.9824679332	0.0977453119649345	0.0904554104461209	0.392184593392103	0.322195332993059	0.348161411039211	61.5999233932655	54.591700534891	7.0082228583745	OU	Cercopithecidae	OWM	Cercopithecidae	OWM	family
Eulemur_albifrons	Cheirogaleus_medius	8.18680555555556	7.46666666666667	71.9834962252	0.3120674089678	0.592881011444942	0.477815750054351	0.659906917055241	0.34734700182666	61.5999233932655	54.591700534891	7.0082228583745	OU	Lemuridae	STR	Cheirogaleidae	STR	superfamily
Callithrix_jacchus	Eulemur_fulvus	7.03722222222222	8.025	121.4130573047	0.428046945531147	0.999999999892104	0.500907843742186	0.807376484014733	0.345595037913472	61.5999233932655	54.591700534891	7.0082228583745	OU	Callitrichidae	PLA	Lemuridae	STR	order
Macaca_nigra	Hapalemur_griseus	7.38333333333333	6.41	121.4130573158	0.421787541378271	0.999999999983527	0.494611137772667	0.80078991182714	0.337763208075656	61.5999233932655	54.591700534891	7.0082228583745	OU	Cercopithecidae	OWM	Lemuridae	STR	order
Saimiri_sciureus	Eulemur_macaco	6.71305004023754	7.6859375	121.4130573001	0.421594325024959	0.999999999854217	0.494416106549117	0.80058400973837	0.337521675260628	61.5999233932655	54.591700534891	7.0082228583745	OU	Cebidae	PLA	Lemuridae	STR	order
Aotus_trivirgatus	Eulemur_rubriventer	6.82941176470588	7.80108333333333	121.4130573101	0.421067426669734	0.99999999993658	0.493884057676631	0.800021727497819	0.336863090098746	61.5999233932655	54.591700534891	7.0082228583745	OU	Aotidae	PLA	Lemuridae	STR	order
Callithrix_jacchus	Macaca_arctoides	7.03722222222222	7.77916666666667	78.0653383524	0.321516701775506	0.642973170077277	0.473367800229367	0.673607224520279	0.336835163890094	61.5999233932655	54.591700534891	7.0082228583745	OU	Callitrichidae	PLA	Cercopithecidae	OWM	order
Cebuella_pygmaea	Eulemur_macaco	6.71666666666667	7.6859375	121.4130573058	0.420027083960274	0.999999999901164	0.492832681146316	0.798908122456766	0.335563049060859	61.5999233932655	54.591700534891	7.0082228583745	OU	Callitrichidae	PLA	Lemuridae	STR	order
Pan_paniscus	Eulemur_fulvus	7.05857142857143	8.025	121.4130573104	0.418795408623876	0.999999999939051	0.491586461066993	0.797583870500889	0.334024462978591	61.5999233932655	54.591700534891	7.0082228583745	OU	Hominidae	APE	Lemuridae	STR	order
Pan_troglodytes	Propithecus_tattersalli	7.29929285807103	6.33333333333333	121.413057311	0.418592150352779	0.999999999943993	0.491380648283747	0.797364725223888	0.333770614965614	61.5999233932655	54.591700534891	7.0082228583745	OU	Hominidae	APE	Indriidae	STR	order
Leontopithecus_chrysomelas	Microcebus_murinus	6.93472222222222	7.9	121.4130573057	0.418296719831478	0.99999999990034	0.491081426999123	0.797045895231271	0.333401683563612	61.5999233932655	54.591700534891	7.0082228583745	OU	Callitrichidae	PLA	Cheirogaleidae	STR	order
Macaca_nemestrina	Eulemur_albifrons	7.22614900493025	8.18680555555556	121.4130573137	0.416294141709433	0.999999999966231	0.489050723832495	0.794875067004672	0.330901833796112	61.5999233932655	54.591700534891	7.0082228583745	OU	Cercopithecidae	OWM	Lemuridae	STR	order
Leontopithecus_rosalia	Varecia_variegata	6.79392857142857	7.75233333333333	121.4130573087	0.415318344009285	0.999999999925049	0.488059689749069	0.793811190339699	0.329684349052633	61.5999233932655	54.591700534891	7.0082228583745	OU	Callitrichidae	PLA	Lemuridae	STR	order
Macaca_fascicularis	Eulemur_albifrons	7.23010204081633	8.18680555555556	121.4130573138	0.414581119838848	0.999999999967055	0.487310289803551	0.793004768183576	0.328764804841924	61.5999233932655	54.591700534891	7.0082228583745	OU	Cercopithecidae	OWM	Lemuridae	STR	order
Pongo_pygmaeus	Hapalemur_griseus	7.36292328042328	6.41	121.4130573178	0.41294298038204	1	0.485643050933885	0.791204679164502	0.326722418306406	61.5999233932655	54.591700534891	7.0082228583745	OU	Hominidae	APE	Lemuridae	STR	order
Aotus_trivirgatus	Daubentonia_madagascariensis	6.82941176470588	5.87916666666667	121.4130573061	0.411782407817172	0.999999999903635	0.484460158583047	0.789922523075765	0.325276198572499	61.5999233932655	54.591700534891	7.0082228583745	OU	Aotidae	PLA	Daubentoniidae	STR	order
Leontopithecus_rosalia	Nycticebus_pygmaeus	6.79392857142857	7.73333333333333	121.4130573077	0.407084820085121	0.999999999916813	0.479657843825794	0.784674595727971	0.319429116653859	61.5999233932655	54.591700534891	7.0082228583745	OU	Callitrichidae	PLA	Lorisidae	STR	order
Eulemur_macaco	Lemur_catta	7.6859375	7.14560283687943	47.7997285391	0.234150440834673	0.39369512303758	0.444323291652067	0.533816111494028	0.31748749353709	61.5999233932655	54.591700534891	7.0082228583745	OU	Lemuridae	STR	Lemuridae	STR	family
Macaca_mulatta	Loris_tardigradus	7.00058812183339	7.93333333333333	121.4130573144	0.404198948107106	0.999999999971996	0.476696242966959	0.781404157571567	0.315842738545791	61.5999233932655	54.591700534891	7.0082228583745	OU	Cercopithecidae	OWM	Lorisidae	STR	order
Eulemur_macaco	Propithecus_coquereli	7.6859375	7.00483193277311	71.9834962261	0.295152578033921	0.592881011452355	0.455015971673834	0.633088233249736	0.315168845952517	61.5999233932655	54.591700534891	7.0082228583745	OU	Lemuridae	STR	Indriidae	STR	superfamily
Eulemur_rubriventer	Eulemur_collaris	7.80108333333333	7.45559523809524	22.8374257184	0.149714973560893	0.188096949561387	0.414316421275227	0.395071719117722	0.314455668315148	61.5999233932655	54.591700534891	7.0082228583745	OU	Lemuridae	STR	Lemuridae	STR	family
Aotus_trivirgatus	Varecia_variegata	6.82941176470588	7.75233333333333	121.4130573111	0.399941937653785	0.999999999944816	0.472311785700287	0.776514960451384	0.310560897917216	61.5999233932655	54.591700534891	7.0082228583745	OU	Aotidae	PLA	Lemuridae	STR	order
Leontopithecus_chrysomelas	Eulemur_flavifrons	6.93472222222222	7.85219696969697	121.4130573068	0.397581593850027	0.9999999999094	0.46987273172138	0.773770623442	0.307636957770271	61.5999233932655	54.591700534891	7.0082228583745	OU	Callitrichidae	PLA	Lemuridae	STR	order
Leontopithecus_rosalia	Daubentonia_madagascariensis	6.79392857142857	5.87916666666667	121.4130573037	0.396406001461672	0.999999999883868	0.468655804016634	0.77239484398503	0.306181951689275	61.5999233932655	54.591700534891	7.0082228583745	OU	Callitrichidae	PLA	Daubentoniidae	STR	order
Aotus_trivirgatus	Nycticebus_pygmaeus	6.82941176470588	7.73333333333333	121.4130573101	0.391708413729621	0.99999999993658	0.463778945749862	0.766837827882505	0.300376829166774	61.5999233932655	54.591700534891	7.0082228583745	OU	Aotidae	PLA	Lorisidae	STR	order
Macaca_mulatta	Microcebus_murinus	7.00058812183339	7.9	121.4130573127	0.389754169292783	0.999999999957994	0.46174350769311	0.764497939580846	0.297966259379893	61.5999233932655	54.591700534891	7.0082228583745	OU	Cercopithecidae	OWM	Cheirogaleidae	STR	order
Macaca_arctoides	Gorilla_gorilla	7.77916666666667	7.17390376984127	62.1515760321	0.262286660074805	0.511901910759216	0.437327561365201	0.579244130988552	0.296791251002739	61.5999233932655	54.591700534891	7.0082228583745	OU	Cercopithecidae	OWM	Hominidae	APE	order
Macaca_fascicularis	Propithecus_tattersalli	7.23010204081633	6.33333333333333	121.4130573136	0.388608768815985	0.999999999965407	0.460548719552009	0.763118810137825	0.296554661278238	61.5999233932655	54.591700534891	7.0082228583745	OU	Cercopithecidae	OWM	Indriidae	STR	order
Callithrix_jacchus	Loris_tardigradus	7.03722222222222	7.93333333333333	121.413057306	0.388323803791754	0.999999999902811	0.460251261141386	0.762774810504795	0.296203615880544	61.5999233932655	54.591700534891	7.0082228583745	OU	Callitrichidae	PLA	Lorisidae	STR	order
Eulemur_coronatus	Microcebus_murinus	7.24285714285714	7.9	71.9834962251	0.284768496625254	0.592881011444119	0.440778325068915	0.615988806246153	0.295867472404681	61.5999233932655	54.591700534891	7.0082228583745	OU	Lemuridae	STR	Cheirogaleidae	STR	superfamily
Macaca_nemestrina	Propithecus_tattersalli	7.22614900493025	6.33333333333333	121.4130573135	0.3868957469454	0.999999999964584	0.458759359919433	0.761045594435453	0.294445303729039	61.5999233932655	54.591700534891	7.0082228583745	OU	Cercopithecidae	OWM	Indriidae	STR	order
Leontopithecus_rosalia	Eulemur_macaco	6.79392857142857	7.6859375	121.4130573068	0.386546150208504	0.9999999999094	0.458393820149443	0.760620920544114	0.294015088631013	61.5999233932655	54.591700534891	7.0082228583745	OU	Callitrichidae	PLA	Lemuridae	STR	order
Lemur_catta	Loris_tardigradus	7.14560283687943	7.93333333333333	99.3606340177	0.341357783597236	0.818368602296394	0.448725988042668	0.701472001450061	0.292597891706243	61.5999233932655	54.591700534891	7.0082228583745	OU	Lemuridae	STR	Lorisidae	STR	superfamily
Pan_troglodytes	Hapalemur_griseus	7.29929285807103	6.41	121.4130573138	0.385369159079832	0.999999999967055	0.457162248243428	0.759187254732801	0.292567353950144	61.5999233932655	54.591700534891	7.0082228583745	OU	Hominidae	APE	Lemuridae	STR	order
Pan_troglodytes	Eulemur_albifrons	7.29929285807103	8.18680555555556	121.4130573112	0.384597738302054	0.99999999994564	0.456354298042688	0.758244330221668	0.291619054499462	61.5999233932655	54.591700534891	7.0082228583745	OU	Hominidae	APE	Lemuridae	STR	order
Daubentonia_madagascariensis	Eulemur_mongoz	5.87916666666667	6.63126666666667	92.496943883	0.325917544387602	0.761836872626378	0.444561576974837	0.679287833093246	0.290602661080046	61.5999233932655	54.591700534891	7.0082228583745	OU	Daubentoniidae	STR	Lemuridae	STR	superfamily
Eulemur_mongoz	Lemur_catta	6.63126666666667	7.14560283687943	47.799728539	0.2228841664479	0.393695123036756	0.425149195865878	0.512092146432166	0.289912738368856	61.5999233932655	54.591700534891	7.0082228583745	OU	Lemuridae	STR	Lemuridae	STR	family
Macaca_nigra	Mirza_zaza	7.38333333333333	6.50694444444444	121.413057312	0.379777309659946	0.999999999952229	0.451292093809857	0.752293362292748	0.285703949220223	61.5999233932655	54.591700534891	7.0082228583745	OU	Cercopithecidae	OWM	Cheirogaleidae	STR	order
Pan_paniscus	Loris_tardigradus	7.05857142857143	7.93333333333333	121.4130573117	0.379072266884483	0.999999999949758	0.45054974261475	0.751414443046763	0.284840376309788	61.5999233932655	54.591700534891	7.0082228583745	OU	Hominidae	APE	Lorisidae	STR	order
Saimiri_sciureus	Macaca_nigra	6.71305004023754	7.38333333333333	78.065338347	0.290462817351169	0.642973170032801	0.432679149566469	0.624714285999381	0.282214375355114	61.5999233932655	54.591700534891	7.0082228583745	OU	Cebidae	PLA	Cercopithecidae	OWM	order
Lemur_catta	Mirza_zaza	7.14560283687943	6.50694444444444	71.983496226	0.276758376499062	0.592881011451531	0.429673674758531	0.602471033539113	0.281235023401704	61.5999233932655	54.591700534891	7.0082228583745	OU	Lemuridae	STR	Cheirogaleidae	STR	superfamily
Leontopithecus_chrysomelas	Eulemur_rubriventer	6.93472222222222	7.80108333333333	121.4130573077	0.375431838699969	0.999999999916813	0.446708814123503	0.746841518632775	0.280388084581105	61.5999233932655	54.591700534891	7.0082228583745	OU	Callitrichidae	PLA	Lemuridae	STR	order
Cebuella_pygmaea	Macaca_nigra	6.71666666666667	7.38333333333333	78.0653383527	0.288895576286485	0.642973170079748	0.430586397350562	0.622132360297096	0.279531549865772	61.5999233932655	54.591700534891	7.0082228583745	OU	Callitrichidae	PLA	Cercopithecidae	OWM	order
Macaca_nemestrina	Macaca_nigra	7.22614900493025	7.38333333333333	7.6582823365	0.0681147857058185	0.0630762663067973	0.331541078213297	0.258722292319993	0.279388976718734	61.5999233932655	54.591700534891	7.0082228583745	OU	Cercopithecidae	OWM	Cercopithecidae	OWM	family
Callithrix_jacchus	Microcebus_murinus	7.03722222222222	7.9	121.4130573043	0.373879024977431	0.999999999888809	0.445066483575277	0.744873233430735	0.278492478277835	61.5999233932655	54.591700534891	7.0082228583745	OU	Callitrichidae	PLA	Cheirogaleidae	STR	order
Aotus_trivirgatus	Eulemur_macaco	6.82941176470588	7.6859375	121.4130573092	0.371169743853003	0.999999999929167	0.442195324328569	0.741413631239487	0.275190307615778	61.5999233932655	54.591700534891	7.0082228583745	OU	Aotidae	PLA	Lemuridae	STR	order
Saimiri_sciureus	Eulemur_sanfordi	6.71305004023754	7.56916666666667	121.4130573002	0.370992459241031	0.99999999985504	0.442007195419655	0.741186120545175	0.274974461656234	61.5999233932655	54.591700534891	7.0082228583745	OU	Cebidae	PLA	Lemuridae	STR	order
Pongo_pygmaeus	Mirza_zaza	7.36292328042328	6.50694444444444	121.413057314	0.370932748663716	0.999999999968702	0.441943825440567	0.741109462289215	0.274901769916231	61.5999233932655	54.591700534891	7.0082228583745	OU	Hominidae	APE	Cheirogaleidae	STR	order
Cebuella_pygmaea	Eulemur_sanfordi	6.71666666666667	7.56916666666667	121.4130573059	0.369425218176346	0.999999999901987	0.440342746907152	0.739168834625713	0.273067608027524	61.5999233932655	54.591700534891	7.0082228583745	OU	Callitrichidae	PLA	Lemuridae	STR	order
Macaca_mulatta	Eulemur_flavifrons	7.00058812183339	7.85219696969697	121.4130573138	0.369039043311331	0.999999999967054	0.43993225018569	0.738670101234761	0.272598107491342	61.5999233932655	54.591700534891	7.0082228583745	OU	Cercopithecidae	OWM	Lemuridae	STR	order
Gorilla_gorilla	Eulemur_fulvus	7.17390376984127	8.025	121.4130573104	0.368816903830446	0.999999999939051	0.43969605394197	0.738382916168389	0.272328100999119	61.5999233932655	54.591700534891	7.0082228583745	OU	Hominidae	APE	Lemuridae	STR	order
Pan_paniscus	Microcebus_murinus	7.05857142857143	7.9	121.41305731	0.36462748807016	0.999999999935757	0.435232520567365	0.732925907482947	0.267244932604218	61.5999233932655	54.591700534891	7.0082228583745	OU	Hominidae	APE	Cheirogaleidae	STR	order
Saimiri_sciureus	Pongo_pygmaeus	6.71305004023754	7.36292328042328	78.065338349	0.281618256354939	0.642973170049273	0.420820950307132	0.61000066633131	0.267176504447938	61.5999233932655	54.591700534891	7.0082228583745	OU	Cebidae	PLA	Hominidae	APE	order
Gorilla_gorilla	Propithecus_tattersalli	7.17390376984127	6.33333333333333	121.413057311	0.364255620996519	0.999999999943993	0.434835496842877	0.732437769322171	0.266794574520695	61.5999233932655	54.591700534891	7.0082228583745	OU	Hominidae	APE	Indriidae	STR	order
Cebuella_pygmaea	Daubentonia_madagascariensis	6.71666666666667	5.87916666666667	121.4130573027	0.362925067709901	0.999999999875631	0.433413834392945	0.730686172937373	0.265184328820965	61.5999233932655	54.591700534891	7.0082228583745	OU	Callitrichidae	PLA	Daubentoniidae	STR	order
Cebuella_pygmaea	Pongo_pygmaeus	6.71666666666667	7.36292328042328	78.0653383547	0.280051015290254	0.642973170096221	0.418707621674222	0.60735732769053	0.264538310732708	61.5999233932655	54.591700534891	7.0082228583745	OU	Callitrichidae	PLA	Hominidae	APE	order
Saimiri_sciureus	Daubentonia_madagascariensis	6.71305004023754	5.87916666666667	121.413057297	0.361357826645216	0.999999999828684	0.431737080407708	0.728612916960858	0.263289980183713	61.5999233932655	54.591700534891	7.0082228583745	OU	Cebidae	PLA	Daubentoniidae	STR	order
Pongo_pygmaeus	Eulemur_albifrons	7.36292328042328	8.18680555555556	121.4130573152	0.357023916999845	0.999999999978585	0.427088018803653	0.72282290962432	0.258065066496826	61.5999233932655	54.591700534891	7.0082228583745	OU	Hominidae	APE	Lemuridae	STR	order
Eulemur_coronatus	Varecia_variegata	7.24285714285714	7.75233333333333	52.6432531401	0.220778126477795	0.433588069545977	0.403502957150059	0.50529862165556	0.257292326142053	61.5999233932655	54.591700534891	7.0082228583745	OU	Lemuridae	STR	Lemuridae	STR	family
Macaca_fascicularis	Hapalemur_griseus	7.23010204081633	6.41	121.4130573164	0.355385777543037	0.999999999988469	0.425326069311508	0.720612631184887	0.256095480243928	61.5999233932655	54.591700534891	7.0082228583745	OU	Cercopithecidae	OWM	Lemuridae	STR	order
Propithecus_coquereli	Nycticebus_pygmaeus	7.00483193277311	7.73333333333333	99.360634017	0.315691247910538	0.818368602290629	0.4184007957468	0.66366325544582	0.256012609376302	61.5999233932655	54.591700534891	7.0082228583745	OU	Indriidae	STR	Lorisidae	STR	superfamily
Leontopithecus_chrysomelas	Varecia_variegata	6.93472222222222	7.75233333333333	121.4130573087	0.35430634968402	0.999999999925049	0.424163659196104	0.719149668213527	0.254799293840306	61.5999233932655	54.591700534891	7.0082228583745	OU	Callitrichidae	PLA	Lemuridae	STR	order
Macaca_nemestrina	Hapalemur_griseus	7.22614900493025	6.41	121.4130573163	0.353672755672452	0.999999999987646	0.423480840211567	0.718288531484104	0.254039084301041	61.5999233932655	54.591700534891	7.0082228583745	OU	Cercopithecidae	OWM	Lemuridae	STR	order
Callithrix_jacchus	Eulemur_flavifrons	7.03722222222222	7.85219696969697	121.4130573054	0.353163898995979	0.999999999897869	0.422932173288409	0.717595633285116	0.253428871779344	61.5999233932655	54.591700534891	7.0082228583745	OU	Callitrichidae	PLA	Lemuridae	STR	order
Hapalemur_griseus	Propithecus_coquereli	6.41	7.00483193277311	71.9834962288	0.257766471018139	0.592881011474593	0.40293280301194	0.569294461452698	0.247511762830547	61.5999233932655	54.591700534891	7.0082228583745	OU	Lemuridae	STR	Indriidae	STR	superfamily
Macaca_nigra	Eulemur_albifrons	7.38333333333333	8.18680555555556	121.4130573132	0.348179356003615	0.999999999962113	0.41754470133706	0.710747213606807	0.247467507124358	61.5999233932655	54.591700534891	7.0082228583745	OU	Cercopithecidae	OWM	Lemuridae	STR	order
Macaca_mulatta	Eulemur_rubriventer	7.00058812183339	7.80108333333333	121.4130573147	0.346889288161274	0.999999999974467	0.416146534507229	0.708956675195182	0.245929476401919	61.5999233932655	54.591700534891	7.0082228583745	OU	Cercopithecidae	OWM	Lemuridae	STR	order
Saimiri_sciureus	Galago_moholi	6.71305004023754	7.5125	121.413057302	0.346436335256678	0.999999999869866	0.415655256751004	0.708326238917634	0.245389946408705	61.5999233932655	54.591700534891	7.0082228583745	OU	Cebidae	PLA	Galagidae	STR	order
Eulemur_collaris	Eulemur_macaco	7.45559523809524	7.6859375	14.8274950171	0.0998172907441626	0.122124385504014	0.348033810254564	0.300101058680663	0.245284956835865	61.5999233932655	54.591700534891	7.0082228583745	OU	Lemuridae	STR	Lemuridae	STR	family
Macaca_nemestrina	Eulemur_fulvus	7.22614900493025	8.025	121.4130573129	0.346176777881565	0.999999999959642	0.415373651243838	0.707964564195455	0.2450808916974	61.5999233932655	54.591700534891	7.0082228583745	OU	Cercopithecidae	OWM	Lemuridae	STR	order
Leontopithecus_chrysomelas	Nycticebus_pygmaeus	6.93472222222222	7.73333333333333	121.4130573077	0.346072825759856	0.999999999916813	0.415260851213553	0.707819629848277	0.244957139450266	61.5999233932655	54.591700534891	7.0082228583745	OU	Callitrichidae	PLA	Lorisidae	STR	order
Cebuella_pygmaea	Galago_moholi	6.71666666666667	7.5125	121.4130573077	0.344869094191993	0.999999999916813	0.413953927206486	0.706137818341271	0.243525109806323	61.5999233932655	54.591700534891	7.0082228583745	OU	Callitrichidae	PLA	Galagidae	STR	order
Macaca_fascicularis	Eulemur_fulvus	7.23010204081633	8.025	121.413057313	0.34446375601098	0.999999999960466	0.41351353575049	0.70557003565999	0.24304330462185	61.5999233932655	54.591700534891	7.0082228583745	OU	Cercopithecidae	OWM	Lemuridae	STR	order
Pan_paniscus	Eulemur_flavifrons	7.05857142857143	7.85219696969697	121.4130573111	0.343912362088708	0.999999999944817	0.412914211635658	0.704796483662878	0.242388223501692	61.5999233932655	54.591700534891	7.0082228583745	OU	Hominidae	APE	Lemuridae	STR	order
Pan_troglodytes	Mirza_zaza	7.29929285807103	6.50694444444444	121.41305731	0.343358927361507	0.999999999935757	0.412312384288813	0.704018700889383	0.24173110599535	61.5999233932655	54.591700534891	7.0082228583745	OU	Hominidae	APE	Cheirogaleidae	STR	order
Eulemur_coronatus	Loris_tardigradus	7.24285714285714	7.93333333333333	99.3606340168	0.299213275439577	0.818368602288982	0.398529758383409	0.637833882692958	0.233205874092797	61.5999233932655	54.591700534891	7.0082228583745	OU	Lemuridae	STR	Lorisidae	STR	superfamily
Leontopithecus_rosalia	Eulemur_sanfordi	6.79392857142857	7.56916666666667	121.4130573069	0.335944284424576	0.999999999910224	0.404222022132993	0.693466108963173	0.232965975769243	61.5999233932655	54.591700534891	7.0082228583745	OU	Callitrichidae	PLA	Lemuridae	STR	order
Macaca_arctoides	Propithecus_coquereli	7.77916666666667	7.00483193277311	121.4130573131	0.335552818780237	0.999999999961289	0.403793473135898	0.692902127231288	0.232505261940281	61.5999233932655	54.591700534891	7.0082228583745	OU	Cercopithecidae	OWM	Indriidae	STR	order
Gorilla_gorilla	Hapalemur_griseus	7.17390376984127	6.41	121.4130573138	0.331032629723571	0.999999999967055	0.398834949451464	0.686340169638999	0.227200991248005	61.5999233932655	54.591700534891	7.0082228583745	OU	Hominidae	APE	Lemuridae	STR	order
Callithrix_jacchus	Eulemur_rubriventer	7.03722222222222	7.80108333333333	121.4130573063	0.331014143845922	0.999999999905282	0.398814632779695	0.686313145643459	0.227179358336889	61.5999233932655	54.591700534891	7.0082228583745	OU	Callitrichidae	PLA	Lemuridae	STR	order
Gorilla_gorilla	Loris_tardigradus	7.17390376984127	7.93333333333333	121.4130573117	0.329093762091052	0.999999999949758	0.396702373712117	0.683497446107917	0.224934745930581	61.5999233932655	54.591700534891	7.0082228583745	OU	Hominidae	APE	Lorisidae	STR	order
Eulemur_sanfordi	Propithecus_coquereli	7.56916666666667	7.00483193277311	71.9834962262	0.244550712249993	0.592881011453179	0.383994853752947	0.545289300463204	0.224920151319618	61.5999233932655	54.591700534891	7.0082228583745	OU	Lemuridae	STR	Indriidae	STR	superfamily
Leontopithecus_rosalia	Macaca_nigra	6.79392857142857	7.38333333333333	78.0653383537	0.255414642534714	0.642973170087984	0.385023146479911	0.56439366859234	0.22419972374997	61.5999233932655	54.591700534891	7.0082228583745	OU	Callitrichidae	PLA	Cercopithecidae	OWM	order
Eulemur_albifrons	Galago_moholi	8.18680555555556	7.5125	99.3606340182	0.292205838098106	0.818368602300513	0.389987537720343	0.626482777262226	0.223691285894074	61.5999233932655	54.591700534891	7.0082228583745	OU	Lemuridae	STR	Galagidae	STR	superfamily
Loris_tardigradus	Galago_moholi	7.93333333333333	7.5125	43.1545285787	0.182365332530844	0.355435646972817	0.370918343926995	0.432824623676291	0.222071722677553	61.5999233932655	54.591700534891	7.0082228583745	OU	Lorisidae	STR	Galagidae	STR	superfamily
Saimiri_sciureus	Pan_troglodytes	6.71305004023754	7.29929285807103	78.065338345	0.25404443505273	0.642973170016328	0.383124731915062	0.561927118470422	0.222022417123567	61.5999233932655	54.591700534891	7.0082228583745	OU	Cebidae	PLA	Hominidae	APE	order
Saimiri_sciureus	Cheirogaleus_medius	6.71305004023754	7.46666666666667	121.413057299	0.326574764386984	0.999999999845157	0.393926638860089	0.679778976694636	0.221998659183651	61.5999233932655	54.591700534891	7.0082228583745	OU	Cebidae	PLA	Cheirogaleidae	STR	order
Macaca_nigra	Eulemur_mongoz	7.38333333333333	6.63126666666667	121.413057313	0.325903099608784	0.999999999960465	0.393185553937793	0.6787826812037	0.221217379773792	61.5999233932655	54.591700534891	7.0082228583745	OU	Cercopithecidae	OWM	Lemuridae	STR	order
Macaca_mulatta	Varecia_variegata	7.00058812183339	7.75233333333333	121.4130573157	0.325763799145324	0.999999999982704	0.393031805348427	0.678575800465898	0.221055430771674	61.5999233932655	54.591700534891	7.0082228583745	OU	Cercopithecidae	OWM	Lemuridae	STR	order
Leontopithecus_chrysomelas	Eulemur_macaco	6.93472222222222	7.6859375	121.4130573068	0.325534155883238	0.9999999999094	0.392778305722489	0.678234558080021	0.220788514375424	61.5999233932655	54.591700534891	7.0082228583745	OU	Callitrichidae	PLA	Lemuridae	STR	order
Eulemur_fulvus	Cheirogaleus_medius	8.025	7.46666666666667	71.9834962244	0.241950045139932	0.592881011438353	0.380237295462621	0.540478214940748	0.220564878920331	61.5999233932655	54.591700534891	7.0082228583745	OU	Lemuridae	STR	Cheirogaleidae	STR	superfamily
Cebuella_pygmaea	Cheirogaleus_medius	6.71666666666667	7.46666666666667	121.4130573047	0.325007523322299	0.999999999892104	0.392196785787274	0.677451106562697	0.220176706339649	61.5999233932655	54.591700534891	7.0082228583745	OU	Callitrichidae	PLA	Cheirogaleidae	STR	order
Cebuella_pygmaea	Pan_troglodytes	6.71666666666667	7.29929285807103	78.0653383507	0.252477193988046	0.642973170063275	0.380950184928716	0.559096059631079	0.21954104911024	61.5999233932655	54.591700534891	7.0082228583745	OU	Callitrichidae	PLA	Hominidae	APE	order
Eulemur_albifrons	Eulemur_fulvus	8.18680555555556	8.025	9.5384061272	0.0701173638278683	0.0785616171597847	0.307174863580893	0.245832583169664	0.219409086752807	61.5999233932655	54.591700534891	7.0082228583745	OU	Lemuridae	STR	Lemuridae	STR	family
Saimiri_sciureus	Eulemur_collaris	6.71305004023754	7.45559523809524	121.4130572994	0.321777034280797	0.999999999848451	0.388624183896138	0.672618026256269	0.216433033725345	61.5999233932655	54.591700534891	7.0082228583745	OU	Cebidae	PLA	Lemuridae	STR	order
Pan_paniscus	Eulemur_rubriventer	7.05857142857143	7.80108333333333	121.413057312	0.321762606938651	0.999999999952229	0.388608207813456	0.672596336839207	0.216416350769109	61.5999233932655	54.591700534891	7.0082228583745	OU	Hominidae	APE	Lemuridae	STR	order
Aotus_trivirgatus	Eulemur_sanfordi	6.82941176470588	7.56916666666667	121.4130573093	0.320567878069075	0.999999999929991	0.387284588060174	0.670796998412285	0.215035970411186	61.5999233932655	54.591700534891	7.0082228583745	OU	Aotidae	PLA	Lemuridae	STR	order
Cebuella_pygmaea	Eulemur_collaris	6.71666666666667	7.45559523809524	121.4130573051	0.320209793216112	0.999999999895398	0.386887625478043	0.670256453849445	0.214622680511345	61.5999233932655	54.591700534891	7.0082228583745	OU	Callitrichidae	PLA	Lemuridae	STR	order
Daubentonia_madagascariensis	Mirza_zaza	5.87916666666667	6.50694444444444	92.496943882	0.27204333433644	0.761836872618142	0.37739692496106	0.592812513392854	0.211686646546171	61.5999233932655	54.591700534891	7.0082228583745	OU	Daubentoniidae	STR	Cheirogaleidae	STR	superfamily
Macaca_mulatta	Nycticebus_pygmaeus	7.00058812183339	7.73333333333333	121.4130573147	0.31753027522116	0.999999999974467	0.383913592561475	0.666193374118392	0.211536565439727	61.5999233932655	54.591700534891	7.0082228583745	OU	Cercopithecidae	OWM	Lorisidae	STR	order
Pongo_pygmaeus	Eulemur_mongoz	7.36292328042328	6.63126666666667	121.413057315	0.317058538612554	0.999999999976938	0.383389350773994	0.665474728524458	0.210994444914416	61.5999233932655	54.591700534891	7.0082228583745	OU	Hominidae	APE	Lemuridae	STR	order
Leontopithecus_rosalia	Pongo_pygmaeus	6.79392857142857	7.36292328042328	78.0653383557	0.246570081538484	0.642973170104457	0.372724182788137	0.548331713430074	0.210276573855523	61.5999233932655	54.591700534891	7.0082228583745	OU	Callitrichidae	PLA	Hominidae	APE	order
Eulemur_collaris	Eulemur_coronatus	7.45559523809524	7.24285714285714	14.8274950171	0.0921886419328513	0.122124385504014	0.323001008848662	0.278157871155221	0.20997441484682	61.5999233932655	54.591700534891	7.0082228583745	OU	Lemuridae	STR	Lemuridae	STR	family
Gorilla_gorilla	Microcebus_murinus	7.17390376984127	7.9	121.41305731	0.314648983276729	0.999999999935757	0.380708561662232	0.661788459857148	0.208231066051702	61.5999233932655	54.591700534891	7.0082228583745	OU	Hominidae	APE	Cheirogaleidae	STR	order
Pan_troglodytes	Eulemur_fulvus	7.29929285807103	8.025	121.4130573104	0.314480374474185	0.999999999939051	0.380520783014766	0.661529540073484	0.208038057500725	61.5999233932655	54.591700534891	7.0082228583745	OU	Hominidae	APE	Lemuridae	STR	order
Pan_paniscus	Propithecus_tattersalli	7.05857142857143	6.33333333333333	121.413057311	0.314277116203089	0.999999999943993	0.380294382448892	0.661217242599806	0.207805448199664	61.5999233932655	54.591700534891	7.0082228583745	OU	Hominidae	APE	Indriidae	STR	order
Macaca_fascicularis	Mirza_zaza	7.23010204081633	6.50694444444444	121.4130573126	0.313375545824713	0.999999999957171	0.37928972782298	0.65982979053015	0.206774520767648	61.5999233932655	54.591700534891	7.0082228583745	OU	Cercopithecidae	OWM	Cheirogaleidae	STR	order
Eulemur_flavifrons	Varecia_rubra	7.85219696969697	7.39925925925926	52.6432531401	0.196277551318177	0.433588069545977	0.362138002281851	0.456196825830959	0.206512130250693	61.5999233932655	54.591700534891	7.0082228583745	OU	Lemuridae	STR	Lemuridae	STR	family
Macaca_nemestrina	Mirza_zaza	7.22614900493025	6.50694444444444	121.4130573125	0.311662523954127	0.999999999956347	0.377378892151662	0.657183555264038	0.204819485543678	61.5999233932655	54.591700534891	7.0082228583745	OU	Cercopithecidae	OWM	Cheirogaleidae	STR	order
Leontopithecus_rosalia	Galago_moholi	6.79392857142857	7.5125	121.4130573087	0.311388160440223	0.999999999925049	0.377072609330942	0.656758505847213	0.204506823004561	61.5999233932655	54.591700534891	7.0082228583745	OU	Callitrichidae	PLA	Galagidae	STR	order
Callithrix_jacchus	Varecia_variegata	7.03722222222222	7.75233333333333	121.4130573073	0.309888654829972	0.999999999913519	0.375397500249683	0.654429496546846	0.202800276383497	61.5999233932655	54.591700534891	7.0082228583745	OU	Callitrichidae	PLA	Lemuridae	STR	order
Cheirogaleus_medius	Microcebus_murinus	7.46666666666667	7.9	49.55786972	0.187782124586216	0.408175782859019	0.357440918842594	0.44007263662197	0.202456339027035	61.5999233932655	54.591700534891	7.0082228583745	OU	Cheirogaleidae	STR	Cheirogaleidae	STR	family
Eulemur_sanfordi	Lemur_catta	7.56916666666667	7.14560283687943	47.7997285392	0.183548575050745	0.393695123038403	0.355866955006876	0.432151859987775	0.201477878349404	61.5999233932655	54.591700534891	7.0082228583745	OU	Lemuridae	STR	Lemuridae	STR	family
Aotus_trivirgatus	Macaca_nigra	6.82941176470588	7.38333333333333	78.0653383561	0.240038236179213	0.642973170107751	0.363573991005865	0.536257773501746	0.200198664692618	61.5999233932655	54.591700534891	7.0082228583745	OU	Aotidae	PLA	Cercopithecidae	OWM	order
Macaca_nemestrina	Loris_tardigradus	7.22614900493025	7.93333333333333	121.4130573142	0.306453636142171	0.999999999970349	0.371552906584055	0.649056414877024	0.198905698406363	61.5999233932655	54.591700534891	7.0082228583745	OU	Cercopithecidae	OWM	Lorisidae	STR	order
Callithrix_jacchus	Propithecus_tattersalli	7.03722222222222	6.33333333333333	121.4130573053	0.305025579295818	0.999999999897046	0.369951596564578	0.646807137588428	0.197292721855892	61.5999233932655	54.591700534891	7.0082228583745	OU	Callitrichidae	PLA	Indriidae	STR	order
Macaca_fascicularis	Loris_tardigradus	7.23010204081633	7.93333333333333	121.4130573143	0.304740614271586	0.999999999971173	0.369631850832997	0.646357211434064	0.196971293656964	61.5999233932655	54.591700534891	7.0082228583745	OU	Cercopithecidae	OWM	Lorisidae	STR	order
Macaca_arctoides	Pan_troglodytes	7.77916666666667	7.29929285807103	62.1515760321	0.207950130718545	0.511901910759216	0.353732672889282	0.476734679506101	0.193664131423781	61.5999233932655	54.591700534891	7.0082228583745	OU	Cercopithecidae	OWM	Hominidae	APE	order
Callithrix_jacchus	Nycticebus_pygmaeus	7.03722222222222	7.73333333333333	121.4130573063	0.301655130905808	0.999999999905282	0.366165353150534	0.641462420362899	0.193500430404055	61.5999233932655	54.591700534891	7.0082228583745	OU	Callitrichidae	PLA	Lorisidae	STR	order
Pan_paniscus	Varecia_variegata	7.05857142857143	7.75233333333333	121.413057313	0.300637117922701	0.999999999960466	0.365019859457927	0.639838147765448	0.192359096688808	61.5999233932655	54.591700534891	7.0082228583745	OU	Hominidae	APE	Lemuridae	STR	order
Eulemur_albifrons	Varecia_variegata	8.18680555555556	7.75233333333333	52.6432531402	0.188275654529043	0.433588069546801	0.348371462856488	0.439650635506621	0.190908184467895	61.5999233932655	54.591700534891	7.0082228583745	OU	Lemuridae	STR	Lemuridae	STR	family
Saimiri_sciureus	Varecia_rubra	6.71305004023754	7.39925925925926	121.413057302	0.297364211673571	0.999999999869866	0.361331189695169	0.6345848847747	0.188702834025549	61.5999233932655	54.591700534891	7.0082228583745	OU	Cebidae	PLA	Lemuridae	STR	order
Macaca_mulatta	Eulemur_macaco	7.00058812183339	7.6859375	121.4130573138	0.296991605344543	0.999999999967054	0.360910680770355	0.633983804868379	0.188287867976505	61.5999233932655	54.591700534891	7.0082228583745	OU	Cercopithecidae	OWM	Lemuridae	STR	order
Aotus_trivirgatus	Galago_moholi	6.82941176470588	7.5125	121.4130573111	0.296011754084722	0.999999999944816	0.359804305469962	0.632400189384576	0.187197889353569	61.5999233932655	54.591700534891	7.0082228583745	OU	Aotidae	PLA	Galagidae	STR	order
Cebuella_pygmaea	Varecia_rubra	6.71666666666667	7.39925925925926	121.4130573077	0.295796970608887	0.999999999916813	0.359561680886178	0.632052491273885	0.186959212200168	61.5999233932655	54.591700534891	7.0082228583745	OU	Callitrichidae	PLA	Lemuridae	STR	order
Aotus_trivirgatus	Pongo_pygmaeus	6.82941176470588	7.36292328042328	78.0653383581	0.231193675182983	0.642973170124224	0.351095293586298	0.519626104089656	0.186841806637581	61.5999233932655	54.591700534891	7.0082228583745	OU	Aotidae	PLA	Hominidae	APE	order
Propithecus_coquereli	Mirza_zaza	7.00483193277311	6.50694444444444	69.529333389	0.215756239299814	0.57266767615452	0.347441018402598	0.490799525375264	0.184911885644002	61.5999233932655	54.591700534891	7.0082228583745	OU	Indriidae	STR	Cheirogaleidae	STR	superfamily
Gorilla_gorilla	Eulemur_flavifrons	7.17390376984127	7.85219696969697	121.4130573111	0.293933857295278	0.999999999944816	0.357455452666517	0.629027839600096	0.184892579249974	61.5999233932655	54.591700534891	7.0082228583745	OU	Hominidae	APE	Lemuridae	STR	order
Pan_paniscus	Nycticebus_pygmaeus	7.05857142857143	7.73333333333333	121.413057312	0.292403593998537	0.999999999952229	0.355723354220361	0.62653204180504	0.183200220787787	61.5999233932655	54.591700534891	7.0082228583745	OU	Hominidae	APE	Lorisidae	STR	order
Macaca_nemestrina	Microcebus_murinus	7.22614900493025	7.9	121.4130573125	0.292008857327849	0.999999999956347	0.355276239437466	0.625886559669631	0.182764419113965	61.5999233932655	54.591700534891	7.0082228583745	OU	Cercopithecidae	OWM	Cheirogaleidae	STR	order
Leontopithecus_rosalia	Cheirogaleus_medius	6.79392857142857	7.46666666666667	121.4130573057	0.291526589570528	0.99999999990034	0.354729804544159	0.625097008785734	0.182232399140205	61.5999233932655	54.591700534891	7.0082228583745	OU	Callitrichidae	PLA	Cheirogaleidae	STR	order
Macaca_fascicularis	Microcebus_murinus	7.23010204081633	7.9	121.4130573126	0.290295835457263	0.999999999957171	0.353334427158287	0.623077400558477	0.18087677455741	61.5999233932655	54.591700534891	7.0082228583745	OU	Cercopithecidae	OWM	Cheirogaleidae	STR	order
Varecia_rubra	Microcebus_murinus	7.39925925925926	7.9	71.983496227	0.216992677299628	0.592881011459768	0.343683552487518	0.492887529372203	0.180395361866521	61.5999233932655	54.591700534891	7.0082228583745	OU	Lemuridae	STR	Cheirogaleidae	STR	superfamily
Pan_troglodytes	Eulemur_mongoz	7.29929285807103	6.63126666666667	121.413057311	0.289484717310345	0.999999999943993	0.352414135279934	0.621742733784548	0.179985019539461	61.5999233932655	54.591700534891	7.0082228583745	OU	Hominidae	APE	Lemuridae	STR	order
Macaca_mulatta	Propithecus_tattersalli	7.00058812183339	6.33333333333333	121.4130573137	0.289150434980465	0.999999999966231	0.352034702783437	0.621191837959906	0.179617890158487	61.5999233932655	54.591700534891	7.0082228583745	OU	Cercopithecidae	OWM	Indriidae	STR	order
Gorilla_gorilla	Mirza_zaza	7.17390376984127	6.50694444444444	121.41305731	0.289022398005247	0.999999999935757	0.351889348147714	0.620980702857893	0.179477331866502	61.5999233932655	54.591700534891	7.0082228583745	OU	Hominidae	APE	Cheirogaleidae	STR	order
Pongo_pygmaeus	Eulemur_fulvus	7.36292328042328	8.025	121.4130573144	0.286906553171977	0.999999999971996	0.349485385591866	0.617481161798996	0.177159391785339	61.5999233932655	54.591700534891	7.0082228583745	OU	Hominidae	APE	Lemuridae	STR	order
Leontopithecus_rosalia	Eulemur_collaris	6.79392857142857	7.45559523809524	121.4130573061	0.286728859464341	0.999999999903635	0.349283329028855	0.617186363140608	0.176965141997305	61.5999233932655	54.591700534891	7.0082228583745	OU	Callitrichidae	PLA	Lemuridae	STR	order
Saimiri_sciureus	Macaca_fascicularis	6.71305004023754	7.23010204081633	78.0653383476	0.224061053515936	0.642973170037742	0.340959448320277	0.505980336999801	0.176322267630341	61.5999233932655	54.591700534891	7.0082228583745	OU	Cebidae	PLA	Cercopithecidae	OWM	order
Lemur_catta	Nycticebus_pygmaeus	7.14560283687943	7.73333333333333	99.360634018	0.25468911071129	0.818368602298865	0.34336866462173	0.562043322213239	0.174916673872384	61.5999233932655	54.591700534891	7.0082228583745	OU	Lemuridae	STR	Lorisidae	STR	superfamily
Cebuella_pygmaea	Macaca_fascicularis	6.71666666666667	7.23010204081633	78.0653383533	0.222493812451251	0.64297317008469	0.338723812715125	0.502954419049999	0.174041859583191	61.5999233932655	54.591700534891	7.0082228583745	OU	Callitrichidae	PLA	Cercopithecidae	OWM	order
Saimiri_sciureus	Macaca_nemestrina	6.71305004023754	7.22614900493025	78.0653383475	0.222348031645351	0.642973170036919	0.338515705496984	0.502672454657073	0.173830318376923	61.5999233932655	54.591700534891	7.0082228583745	OU	Cebidae	PLA	Cercopithecidae	OWM	order
Cebuella_pygmaea	Macaca_nemestrina	6.71666666666667	7.22614900493025	78.0653383532	0.220780790580666	0.642973170083866	0.336276764114596	0.49963577562546	0.17156233988828	61.5999233932655	54.591700534891	7.0082228583745	OU	Callitrichidae	PLA	Cercopithecidae	OWM	order
Callithrix_jacchus	Eulemur_macaco	7.03722222222222	7.6859375	121.4130573054	0.281116461029191	0.999999999897869	0.342888293675261	0.607803732954895	0.170863634426062	61.5999233932655	54.591700534891	7.0082228583745	OU	Callitrichidae	PLA	Lemuridae	STR	order
Pan_paniscus	Hapalemur_griseus	7.05857142857143	6.41	121.4130573138	0.281054124930141	0.999999999967055	0.342817122637057	0.607698744364858	0.170796238824238	61.5999233932655	54.591700534891	7.0082228583745	OU	Hominidae	APE	Lemuridae	STR	order
Leontopithecus_rosalia	Pan_troglodytes	6.79392857142857	7.29929285807103	78.0653383517	0.218996260236275	0.642973170071512	0.333723746415167	0.496166140650152	0.168993877685695	61.5999233932655	54.591700534891	7.0082228583745	OU	Callitrichidae	PLA	Hominidae	APE	order
Macaca_nigra	Eulemur_fulvus	7.38333333333333	8.025	121.4130573124	0.278061992175747	0.999999999955524	0.339397267140383	0.602639269767523	0.167571075922348	61.5999233932655	54.591700534891	7.0082228583745	OU	Cercopithecidae	OWM	Lemuridae	STR	order
Aotus_trivirgatus	Cheirogaleus_medius	6.82941176470588	7.46666666666667	121.4130573081	0.276150183215028	0.999999999920107	0.337208444242426	0.599386037119969	0.165520563980433	61.5999233932655	54.591700534891	7.0082228583745	OU	Aotidae	PLA	Cheirogaleidae	STR	order
Eulemur_rubriventer	Varecia_rubra	7.80108333333333	7.39925925925926	52.643253141	0.174127796168119	0.43358806955339	0.323740800136267	0.409812530380094	0.164579603932989	61.5999233932655	54.591700534891	7.0082228583745	OU	Lemuridae	STR	Lemuridae	STR	family
Leontopithecus_chrysomelas	Eulemur_sanfordi	6.93472222222222	7.56916666666667	121.4130573069	0.27493229009931	0.999999999910224	0.335812578528236	0.597305288308056	0.164218510817705	61.5999233932655	54.591700534891	7.0082228583745	OU	Callitrichidae	PLA	Lemuridae	STR	order
Pan_troglodytes	Loris_tardigradus	7.29929285807103	7.93333333333333	121.4130573117	0.274757232734792	0.999999999949758	0.33561184381925	0.597005674319059	0.164031627011114	61.5999233932655	54.591700534891	7.0082228583745	OU	Hominidae	APE	Lorisidae	STR	order
Macaca_arctoides	Lemur_catta	7.77916666666667	7.14560283687943	121.4130573141	0.274550681580989	0.999999999969526	0.335374964866986	0.596651986383134	0.163811209533132	61.5999233932655	54.591700534891	7.0082228583745	OU	Cercopithecidae	OWM	Lemuridae	STR	order
Macaca_fascicularis	Macaca_nigra	7.23010204081633	7.38333333333333	10.9824679326	0.0664017638352331	0.0904554104411791	0.272633352218906	0.222238059965699	0.163141144361275	61.5999233932655	54.591700534891	7.0082228583745	OU	Cercopithecidae	OWM	Cercopithecidae	OWM	family
Pan_paniscus	Eulemur_macaco	7.05857142857143	7.6859375	121.4130573111	0.27186492412192	0.999999999944817	0.332291816968969	0.592036123460326	0.160953855790859	61.5999233932655	54.591700534891	7.0082228583745	OU	Hominidae	APE	Lemuridae	STR	order
Callithrix_jacchus	Hapalemur_griseus	7.03722222222222	6.41	121.4130573081	0.27180258802287	0.999999999920107	0.332220190600686	0.591928617461024	0.160887730163559	61.5999233932655	54.591700534891	7.0082228583745	OU	Callitrichidae	PLA	Lemuridae	STR	order
Gorilla_gorilla	Eulemur_rubriventer	7.17390376984127	7.80108333333333	121.413057312	0.27178410214522	0.999999999952229	0.332198949089734	0.591896733127118	0.160868122183327	61.5999233932655	54.591700534891	7.0082228583745	OU	Hominidae	APE	Lemuridae	STR	order
Propithecus_coquereli	Cheirogaleus_medius	7.00483193277311	7.46666666666667	69.529333389	0.200133017395946	0.57266767615452	0.323767495860672	0.45965116331773	0.160636575268328	61.5999233932655	54.591700534891	7.0082228583745	OU	Indriidae	STR	Cheirogaleidae	STR	superfamily
Aotus_trivirgatus	Eulemur_collaris	6.82941176470588	7.45559523809524	121.4130573085	0.271352453108841	0.999999999923402	0.331702879950963	0.591151805540211	0.160410492605344	61.5999233932655	54.591700534891	7.0082228583745	OU	Aotidae	PLA	Lemuridae	STR	order
Macaca_nemestrina	Eulemur_flavifrons	7.22614900493025	7.85219696969697	121.4130573136	0.271293731346397	0.999999999965407	0.331635383235303	0.591050402692774	0.16034826916586	61.5999233932655	54.591700534891	7.0082228583745	OU	Cercopithecidae	OWM	Lemuridae	STR	order
Macaca_fascicularis	Eulemur_flavifrons	7.23010204081633	7.85219696969697	121.4130573137	0.269580709475812	0.999999999966231	0.329665202009984	0.588085712630393	0.158536563648843	61.5999233932655	54.591700534891	7.0082228583745	OU	Cercopithecidae	OWM	Lemuridae	STR	order
Daubentonia_madagascariensis	Hapalemur_griseus	5.87916666666667	6.41	92.4969438858	0.230033102618115	0.76183687264944	0.322708598756452	0.516608186653789	0.155987440724167	61.5999233932655	54.591700534891	7.0082228583745	OU	Daubentoniidae	STR	Lemuridae	STR	superfamily
Callithrix_jacchus	Leontopithecus_rosalia	7.03722222222222	6.79392857142857	23.8355055674	0.105429689179313	0.196317480952731	0.292889273404144	0.281912716694999	0.15139747083453	61.5999233932655	54.591700534891	7.0082228583745	OU	Callitrichidae	PLA	Callitrichidae	PLA	family
Leontopithecus_rosalia	Varecia_rubra	6.79392857142857	7.39925925925926	121.4130573087	0.262316036857116	0.999999999925049	0.321284871491865	0.575371975016238	0.150929296216223	61.5999233932655	54.591700534891	7.0082228583745	OU	Callitrichidae	PLA	Lemuridae	STR	order
Leontopithecus_chrysomelas	Propithecus_tattersalli	6.93472222222222	6.33333333333333	121.4130573067	0.26060788444177	0.999999999908577	0.319308562957133	0.572349611118419	0.149158821328278	61.5999233932655	54.591700534891	7.0082228583745	OU	Callitrichidae	PLA	Indriidae	STR	order
Pan_troglodytes	Microcebus_murinus	7.29929285807103	7.9	121.41305731	0.260312453920469	0.999999999935757	0.318966530987171	0.57182561568194	0.148853329242312	61.5999233932655	54.591700534891	7.0082228583745	OU	Hominidae	APE	Cheirogaleidae	STR	order
Eulemur_collaris	Propithecus_coquereli	7.45559523809524	7.00483193277311	71.9834962254	0.195335287289758	0.59288101144659	0.311277990734105	0.449582424593097	0.148122996643198	61.5999233932655	54.591700534891	7.0082228583745	OU	Lemuridae	STR	Indriidae	STR	superfamily
Macaca_arctoides	Pongo_pygmaeus	7.77916666666667	7.36292328042328	62.1515760361	0.180376309416336	0.511901910792161	0.309441574736318	0.420202129039893	0.148064517141207	61.5999233932655	54.591700534891	7.0082228583745	OU	Cercopithecidae	OWM	Hominidae	APE	order
Macaca_fascicularis	Eulemur_mongoz	7.23010204081633	6.63126666666667	121.4130573136	0.259501335773551	0.999999999965407	0.318027129330732	0.570385042225101	0.148015680367787	61.5999233932655	54.591700534891	7.0082228583745	OU	Cercopithecidae	OWM	Lemuridae	STR	order
Aotus_trivirgatus	Pan_troglodytes	6.82941176470588	7.29929285807103	78.0653383541	0.203619853880774	0.642973170091279	0.311567974342713	0.465751871692737	0.147496555797669	61.5999233932655	54.591700534891	7.0082228583745	OU	Aotidae	PLA	Hominidae	APE	order
Varecia_rubra	Loris_tardigradus	7.39925925925926	7.93333333333333	99.3606340187	0.231437456113951	0.818368602304631	0.313774264257631	0.519087731266163	0.146799796187053	61.5999233932655	54.591700534891	7.0082228583745	OU	Lemuridae	STR	Lorisidae	STR	superfamily
Macaca_nemestrina	Eulemur_mongoz	7.22614900493025	6.63126666666667	121.4130573135	0.257788313902965	0.999999999964584	0.316041563105285	0.567333421100411	0.146251926051456	61.5999233932655	54.591700534891	7.0082228583745	OU	Cercopithecidae	OWM	Lemuridae	STR	order
Eulemur_rubriventer	Eulemur_sanfordi	7.80108333333333	7.56916666666667	22.8374257192	0.100499548600659	0.188096949567976	0.285569101919416	0.271609293697427	0.145119904788624	61.5999233932655	54.591700534891	7.0082228583745	OU	Lemuridae	STR	Lemuridae	STR	family
Macaca_mulatta	Hapalemur_griseus	7.00058812183339	6.41	121.4130573165	0.255927443707518	0.999999999989293	0.313882147165311	0.564004244117716	0.144344164438783	61.5999233932655	54.591700534891	7.0082228583745	OU	Cercopithecidae	OWM	Lemuridae	STR	order
Eulemur_collaris	Microcebus_murinus	7.45559523809524	7.9	71.9834962244	0.192579854692403	0.592881011438353	0.307112247964244	0.443945000059624	0.144202398041872	61.5999233932655	54.591700534891	7.0082228583745	OU	Lemuridae	STR	Cheirogaleidae	STR	superfamily
Saimiri_sciureus	Gorilla_gorilla	6.71305004023754	7.17390376984127	78.065338345	0.19970790569647	0.642973170016328	0.305887404892109	0.457868802191434	0.142214362641416	61.5999233932655	54.591700534891	7.0082228583745	OU	Cebidae	PLA	Hominidae	APE	order
Callithrix_jacchus	Saimiri_sciureus	7.03722222222222	6.71305004023754	41.3912937953	0.140477863995768	0.340913034476661	0.295993318732151	0.341869118401389	0.140871831412569	61.5999233932655	54.591700534891	7.0082228583745	OU	Callitrichidae	PLA	Cebidae	PLA	superfamily
Cebuella_pygmaea	Gorilla_gorilla	6.71666666666667	7.17390376984127	78.0653383507	0.198140664631785	0.642973170063275	0.303606750302457	0.454694415771041	0.140120082672142	61.5999233932655	54.591700534891	7.0082228583745	OU	Callitrichidae	PLA	Hominidae	APE	order
Eulemur_fulvus	Eulemur_flavifrons	8.025	7.85219696969697	14.8274950171	0.0748830465351681	0.122124385504014	0.264911879653211	0.227548866459251	0.139526207528248	61.5999233932655	54.591700534891	7.0082228583745	OU	Lemuridae	STR	Lemuridae	STR	family
Gorilla_gorilla	Varecia_variegata	7.17390376984127	7.75233333333333	121.413057313	0.25065861312927	0.999999999960466	0.307754154646918	0.554498373641999	0.138989793325034	61.5999233932655	54.591700534891	7.0082228583745	OU	Hominidae	APE	Lemuridae	STR	order
Leontopithecus_chrysomelas	Galago_moholi	6.93472222222222	7.5125	121.4130573087	0.250376166114957	0.999999999925049	0.307425076389548	0.553985477190709	0.138704759872771	61.5999233932655	54.591700534891	7.0082228583745	OU	Callitrichidae	PLA	Galagidae	STR	order
Macaca_nemestrina	Eulemur_rubriventer	7.22614900493025	7.80108333333333	121.4130573145	0.249143976196339	0.99999999997282	0.305988777099535	0.551744009773247	0.137463696441155	61.5999233932655	54.591700534891	7.0082228583745	OU	Cercopithecidae	OWM	Lemuridae	STR	order
Eulemur_fulvus	Galago_moholi	8.025	7.5125	99.3606340174	0.222088474270238	0.818368602293923	0.301734795945677	0.501190432706796	0.136012816482316	61.5999233932655	54.591700534891	7.0082228583745	OU	Lemuridae	STR	Galagidae	STR	superfamily
Macaca_fascicularis	Eulemur_rubriventer	7.23010204081633	7.80108333333333	121.4130573146	0.247430954325754	0.999999999973644	0.303990170751042	0.548617260724713	0.135744892384274	61.5999233932655	54.591700534891	7.0082228583745	OU	Cercopithecidae	OWM	Lemuridae	STR	order
Pongo_pygmaeus	Loris_tardigradus	7.36292328042328	7.93333333333333	121.4130573157	0.247183411432583	0.999999999982704	0.303701183968977	0.548164406815066	0.13549714810481	61.5999233932655	54.591700534891	7.0082228583745	OU	Hominidae	APE	Lorisidae	STR	order
Eulemur_rubriventer	Eulemur_fulvus	7.80108333333333	8.025	22.8374257184	0.0970328016852257	0.188096949561387	0.276128665027125	0.262592167462627	0.135462344120467	61.5999233932655	54.591700534891	7.0082228583745	OU	Lemuridae	STR	Lemuridae	STR	family
Aotus_trivirgatus	Varecia_rubra	6.82941176470588	7.39925925925926	121.4130573111	0.246939630501615	0.999999999944816	0.30341654589261	0.547718184065953	0.135253325999726	61.5999233932655	54.591700534891	7.0082228583745	OU	Aotidae	PLA	Lemuridae	STR	order
Leontopithecus_chrysomelas	Macaca_nigra	6.93472222222222	7.38333333333333	78.0653383537	0.194402648209448	0.642973170087984	0.298156116353395	0.44708616340019	0.135176300017162	61.5999233932655	54.591700534891	7.0082228583745	OU	Callitrichidae	PLA	Cercopithecidae	OWM	order
Macaca_mulatta	Eulemur_sanfordi	7.00058812183339	7.56916666666667	121.4130573139	0.246389739560615	0.999999999967878	0.302774337588689	0.54671073598407	0.134703915858434	61.5999233932655	54.591700534891	7.0082228583745	OU	Cercopithecidae	OWM	Lemuridae	STR	order
Propithecus_coquereli	Galago_moholi	7.00483193277311	7.5125	99.360634018	0.21999458826564	0.818368602298865	0.299027753770225	0.49713400674876	0.133640013583513	61.5999233932655	54.591700534891	7.0082228583745	OU	Indriidae	STR	Galagidae	STR	superfamily
Gorilla_gorilla	Nycticebus_pygmaeus	7.17390376984127	7.73333333333333	121.413057312	0.242425089205106	0.999999999952229	0.298137692640256	0.539409778966313	0.130766463790262	61.5999233932655	54.591700534891	7.0082228583745	OU	Hominidae	APE	Lorisidae	STR	order
Leontopithecus_rosalia	Macaca_fascicularis	6.79392857142857	7.23010204081633	78.0653383543	0.189012878699481	0.642973170092926	0.290269945015186	0.436025155406841	0.128176996556364	61.5999233932655	54.591700534891	7.0082228583745	OU	Callitrichidae	PLA	Cercopithecidae	OWM	order
Pan_troglodytes	Eulemur_flavifrons	7.29929285807103	7.85219696969697	121.4130573111	0.239597327939017	0.999999999944817	0.294823829152597	0.534162493830553	0.127983906214105	61.5999233932655	54.591700534891	7.0082228583745	OU	Hominidae	APE	Lemuridae	STR	order
Pan_paniscus	Mirza_zaza	7.05857142857143	6.50694444444444	121.41305731	0.239043893211816	0.999999999935757	0.294174599628587	0.533131650823331	0.127441865415439	61.5999233932655	54.591700534891	7.0082228583745	OU	Hominidae	APE	Cheirogaleidae	STR	order
Pan_paniscus	Pongo_pygmaeus	7.05857142857143	7.36292328042328	40.643277586	0.1318888554519	0.334752113848972	0.281120077967703	0.322726346778725	0.127150828149877	61.5999233932655	54.591700534891	7.0082228583745	OU	Hominidae	APE	Hominidae	APE	family
Macaca_nigra	Loris_tardigradus	7.38333333333333	7.93333333333333	121.4130573137	0.238338850436353	0.999999999966231	0.293347209801276	0.53181658750811	0.126752554113947	61.5999233932655	54.591700534891	7.0082228583745	OU	Cercopithecidae	OWM	Lorisidae	STR	order
Leontopithecus_rosalia	Macaca_nemestrina	6.79392857142857	7.22614900493025	78.0653383542	0.187299856828895	0.642973170092103	0.287756921587822	0.432487465702031	0.125984790927868	61.5999233932655	54.591700534891	7.0082228583745	OU	Callitrichidae	PLA	Cercopithecidae	OWM	order
Eulemur_coronatus	Nycticebus_pygmaeus	7.24285714285714	7.73333333333333	99.3606340171	0.212544602553631	0.818368602291453	0.289365560921516	0.482561174003056	0.125329555226223	61.5999233932655	54.591700534891	7.0082228583745	OU	Lemuridae	STR	Lorisidae	STR	superfamily
Leontopithecus_chrysomelas	Pongo_pygmaeus	6.93472222222222	7.36292328042328	78.0653383557	0.185558087213218	0.642973170104457	0.285198516997232	0.428879547619424	0.123771989565602	61.5999233932655	54.591700534891	7.0082228583745	OU	Callitrichidae	PLA	Hominidae	APE	order
Gorilla_gorilla	Eulemur_mongoz	7.17390376984127	6.63126666666667	121.413057311	0.235148187954085	0.999999999943993	0.289598544860734	0.525839711060702	0.123650255217149	61.5999233932655	54.591700534891	7.0082228583745	OU	Hominidae	APE	Lemuridae	STR	order
Cebuella_pygmaea	Leontopithecus_chrysomelas	6.71666666666667	6.93472222222222	23.8355055678	0.0944929280770362	0.196317480956025	0.263703625759813	0.253733524009097	0.122128826827679	61.5999233932655	54.591700534891	7.0082228583745	OU	Callitrichidae	PLA	Callitrichidae	PLA	family
Pongo_pygmaeus	Microcebus_murinus	7.36292328042328	7.9	121.413057314	0.23273863261826	0.999999999968702	0.286762935155122	0.521298391750953	0.121326274886012	61.5999233932655	54.591700534891	7.0082228583745	OU	Hominidae	APE	Cheirogaleidae	STR	order
Macaca_arctoides	Eulemur_coronatus	7.77916666666667	7.24285714285714	121.4130573132	0.23240617342333	0.999999999962113	0.2863713786618	0.520669941887309	0.121006908815161	61.5999233932655	54.591700534891	7.0082228583745	OU	Cercopithecidae	OWM	Lemuridae	STR	order
Eulemur_collaris	Loris_tardigradus	7.45559523809524	7.93333333333333	99.3606340161	0.207024633506726	0.818368602283216	0.282176269133481	0.471624328823384	0.119307917673174	61.5999233932655	54.591700534891	7.0082228583745	OU	Lemuridae	STR	Lorisidae	STR	superfamily
Callithrix_jacchus	Eulemur_sanfordi	7.03722222222222	7.56916666666667	121.4130573055	0.230514595245263	0.999999999898693	0.284142124237257	0.517085724370289	0.119195806472396	61.5999233932655	54.591700534891	7.0082228583745	OU	Callitrichidae	PLA	Lemuridae	STR	order
Leontopithecus_chrysomelas	Cheirogaleus_medius	6.93472222222222	7.46666666666667	121.4130573057	0.230514595245263	0.99999999990034	0.284142124237033	0.517085724370288	0.119195806472199	61.5999233932655	54.591700534891	7.0082228583745	OU	Callitrichidae	PLA	Cheirogaleidae	STR	order
Callithrix_jacchus	Mirza_zaza	7.03722222222222	6.50694444444444	121.4130573043	0.229792356304545	0.999999999888809	0.283290313687568	0.515713374457911	0.118506991507628	61.5999233932655	54.591700534891	7.0082228583745	OU	Callitrichidae	PLA	Cheirogaleidae	STR	order
Saimiri_sciureus	Eulemur_coronatus	6.71305004023754	7.24285714285714	121.4130573001	0.229588392347945	0.999999999854217	0.283049694166573	0.515325433325068	0.118312737790359	61.5999233932655	54.591700534891	7.0082228583745	OU	Cebidae	PLA	Lemuridae	STR	order
Cebuella_pygmaea	Eulemur_coronatus	6.71666666666667	7.24285714285714	121.4130573058	0.228021151283261	0.999999999901164	0.281199859127516	0.51233891737253	0.11682410979805	61.5999233932655	54.591700534891	7.0082228583745	OU	Callitrichidae	PLA	Lemuridae	STR	order
Macaca_nemestrina	Varecia_variegata	7.22614900493025	7.75233333333333	121.4130573155	0.22801848718039	0.999999999981056	0.281196713234665	0.512333832247763	0.11682158536268	61.5999233932655	54.591700534891	7.0082228583745	OU	Cercopithecidae	OWM	Lemuridae	STR	order
Daubentonia_madagascariensis	Propithecus_tattersalli	5.87916666666667	6.33333333333333	92.496943883	0.196810111345167	0.761836872626379	0.278202153957134	0.451250443691996	0.116574365534986	61.5999233932655	54.591700534891	7.0082228583745	OU	Daubentoniidae	STR	Indriidae	STR	superfamily
Leontopithecus_chrysomelas	Hapalemur_griseus	6.93472222222222	6.41	121.4130573095	0.227384893168822	0.999999999931638	0.280448404190503	0.511123642968435	0.116221794960382	61.5999233932655	54.591700534891	7.0082228583745	OU	Callitrichidae	PLA	Lemuridae	STR	order
Macaca_fascicularis	Varecia_variegata	7.23010204081633	7.75233333333333	121.4130573156	0.226305465309804	0.99999999998188	0.279172922203009	0.50905817245122	0.11520264658842	61.5999233932655	54.591700534891	7.0082228583745	OU	Cercopithecidae	OWM	Lemuridae	STR	order
Varecia_rubra	Propithecus_coquereli	7.39925925925926	7.00483193277311	71.983496228	0.170922464682533	0.592881011468004	0.274054994076196	0.398681372329212	0.114936389365543	61.5999233932655	54.591700534891	7.0082228583745	OU	Lemuridae	STR	Indriidae	STR	superfamily
Leontopithecus_chrysomelas	Eulemur_collaris	6.93472222222222	7.45559523809524	121.4130573061	0.225716865139076	0.999999999903635	0.278477088252123	0.507929921697502	0.114648349646944	61.5999233932655	54.591700534891	7.0082228583745	OU	Callitrichidae	PLA	Lemuridae	STR	order
Cheirogaleus_medius	Loris_tardigradus	7.46666666666667	7.93333333333333	99.3606340157	0.202226903400539	0.818368602279922	0.275907242663393	0.462023745344056	0.114170596303606	61.5999233932655	54.591700534891	7.0082228583745	OU	Cheirogaleidae	STR	Lorisidae	STR	superfamily
Macaca_mulatta	Pongo_pygmaeus	7.00058812183339	7.36292328042328	62.1515760367	0.157015536674523	0.511901910797103	0.271062502028793	0.370174282666612	0.113543459069138	61.5999233932655	54.591700534891	7.0082228583745	OU	Cercopithecidae	OWM	Hominidae	APE	order
Macaca_nigra	Microcebus_murinus	7.38333333333333	7.9	121.413057312	0.22389407162203	0.999999999952229	0.27632074992294	0.504427117035526	0.112938241075041	61.5999233932655	54.591700534891	7.0082228583745	OU	Cercopithecidae	OWM	Cheirogaleidae	STR	order
Nycticebus_pygmaeus	Loris_tardigradus	7.73333333333333	7.93333333333333	22.2897034077	0.0866686728859457	0.183585718868412	0.250582898656618	0.236638118341134	0.111714090819634	61.5999233932655	54.591700534891	7.0082228583745	OU	Lorisidae	STR	Lorisidae	STR	family
Gorilla_gorilla	Eulemur_macaco	7.17390376984127	7.6859375	121.4130573111	0.221886419328489	0.999999999944816	0.273943186238787	0.50055372202853	0.111066073068587	61.5999233932655	54.591700534891	7.0082228583745	OU	Hominidae	APE	Lemuridae	STR	order
Macaca_mulatta	Galago_moholi	7.00058812183339	7.5125	121.4130573157	0.221833615576262	0.999999999982704	0.273880617596896	0.500451630385902	0.11101699459146	61.5999233932655	54.591700534891	7.0082228583745	OU	Cercopithecidae	OWM	Galagidae	STR	order
Eulemur_collaris	Lemur_catta	7.45559523809524	7.14560283687943	47.7997285384	0.13433315009051	0.393695123031814	0.26468939636776	0.324096499283571	0.110585326398749	61.5999233932655	54.591700534891	7.0082228583745	OU	Lemuridae	STR	Lemuridae	STR	family
Pan_paniscus	Eulemur_sanfordi	7.05857142857143	7.56916666666667	121.4130573112	0.221263058337992	0.99999999994564	0.273204431958654	0.499347799305106	0.110487221254599	61.5999233932655	54.591700534891	7.0082228583745	OU	Hominidae	APE	Lemuridae	STR	order
Eulemur_flavifrons	Cheirogaleus_medius	7.85219696969697	7.46666666666667	71.9834962251	0.167066998604764	0.592881011444119	0.268114077730006	0.390452268316228	0.110024924574874	61.5999233932655	54.591700534891	7.0082228583745	OU	Lemuridae	STR	Cheirogaleidae	STR	superfamily
Macaca_nemestrina	Nycticebus_pygmaeus	7.22614900493025	7.73333333333333	121.4130573145	0.219784963256226	0.99999999997282	0.271451705231121	0.496482192801289	0.109119320505167	61.5999233932655	54.591700534891	7.0082228583745	OU	Cercopithecidae	OWM	Lorisidae	STR	order
Aotus_trivirgatus	Macaca_fascicularis	6.82941176470588	7.23010204081633	78.0653383567	0.17363647234398	0.642973170112693	0.267602644016435	0.403896589186052	0.109073258726706	61.5999233932655	54.591700534891	7.0082228583745	OU	Aotidae	PLA	Cercopithecidae	OWM	order
Eulemur_sanfordi	Eulemur_collaris	7.56916666666667	7.45559523809524	9.5384061272	0.0492154249602345	0.0785616171597847	0.218425402002705	0.173972719852165	0.108986317346266	61.5999233932655	54.591700534891	7.0082228583745	OU	Lemuridae	STR	Lemuridae	STR	family
Eulemur_albifrons	Nycticebus_pygmaeus	8.18680555555556	7.73333333333333	99.3606340172	0.196509178453208	0.818368602292276	0.268411883935022	0.450468958809699	0.108167987831418	61.5999233932655	54.591700534891	7.0082228583745	OU	Lemuridae	STR	Lorisidae	STR	superfamily
Macaca_fascicularis	Nycticebus_pygmaeus	7.23010204081633	7.73333333333333	121.4130573146	0.21807194138564	0.999999999973644	0.269418625709207	0.493150326454499	0.107542249087729	61.5999233932655	54.591700534891	7.0082228583745	OU	Cercopithecidae	OWM	Lorisidae	STR	order
Aotus_trivirgatus	Macaca_nemestrina	6.82941176470588	7.22614900493025	78.0653383566	0.171923450473395	0.64297317011187	0.265062430917406	0.400266239842181	0.107026476780837	61.5999233932655	54.591700534891	7.0082228583745	OU	Aotidae	PLA	Cercopithecidae	OWM	order
Pan_troglodytes	Eulemur_rubriventer	7.29929285807103	7.80108333333333	121.413057312	0.21744757278896	0.999999999952229	0.268677129487076	0.491933040420756	0.106969645619297	61.5999233932655	54.591700534891	7.0082228583745	OU	Hominidae	APE	Lemuridae	STR	order
Aotus_trivirgatus	Propithecus_tattersalli	6.82941176470588	6.33333333333333	121.4130573091	0.214972296472005	0.999999999928344	0.265735042437923	0.487092122092185	0.104711312087083	61.5999233932655	54.591700534891	7.0082228583745	OU	Aotidae	PLA	Indriidae	STR	order
Macaca_mulatta	Mirza_zaza	7.00058812183339	6.50694444444444	121.4130573127	0.213917211989193	0.999999999957994	0.264479790581059	0.485021403668307	0.103754426432167	61.5999233932655	54.591700534891	7.0082228583745	OU	Cercopithecidae	OWM	Cheirogaleidae	STR	order
Eulemur_mongoz	Propithecus_coquereli	6.63126666666667	7.00483193277311	71.983496226	0.161882029248652	0.592881011451531	0.260099169963463	0.379307292908746	0.103567213486143	61.5999233932655	54.591700534891	7.0082228583745	OU	Lemuridae	STR	Indriidae	STR	superfamily
Pongo_pygmaeus	Eulemur_flavifrons	7.36292328042328	7.85219696969697	121.4130573151	0.212023506636809	0.999999999977762	0.262225047019637	0.481293937477399	0.102045628349264	61.5999233932655	54.591700534891	7.0082228583745	OU	Hominidae	APE	Lemuridae	STR	order
Leontopithecus_rosalia	Gorilla_gorilla	6.79392857142857	7.17390376984127	78.0653383517	0.164659730880015	0.642973170071512	0.254259232676324	0.384762529127466	0.0985342739756869	61.5999233932655	54.591700534891	7.0082228583745	OU	Callitrichidae	PLA	Hominidae	APE	order
Callithrix_jacchus	Galago_moholi	7.03722222222222	7.5125	121.4130573073	0.20595847126091	0.999999999913519	0.254988591014821	0.469262728682994	0.0966486342276308	61.5999233932655	54.591700534891	7.0082228583745	OU	Callitrichidae	PLA	Galagidae	STR	order
Macaca_nigra	Eulemur_flavifrons	7.38333333333333	7.85219696969697	121.4130573131	0.203178945640578	0.999999999961289	0.251664639441209	0.463702039079525	0.0942144913952114	61.5999233932655	54.591700534891	7.0082228583745	OU	Cercopithecidae	OWM	Lemuridae	STR	order
Macaca_mulatta	Cheirogaleus_medius	7.00058812183339	7.46666666666667	121.4130573127	0.201972044706567	0.999999999957994	0.250219880852788	0.46127842877871	0.0931653474433823	61.5999233932655	54.591700534891	7.0082228583745	OU	Cercopithecidae	OWM	Cheirogaleidae	STR	order
Leontopithecus_chrysomelas	Varecia_rubra	6.93472222222222	7.39925925925926	121.4130573087	0.20130404253185	0.999999999925049	0.249419849974111	0.459934638653263	0.092586702068267	61.5999233932655	54.591700534891	7.0082228583745	OU	Callitrichidae	PLA	Lemuridae	STR	order
Macaca_nigra	Pan_paniscus	7.38333333333333	7.05857142857143	62.151576032	0.14073341644813	0.511901910758392	0.24389830310147	0.334253393595936	0.0918938199907204	61.5999233932655	54.591700534891	7.0082228583745	OU	Cercopithecidae	OWM	Hominidae	APE	order
Eulemur_collaris	Varecia_variegata	7.45559523809524	7.75233333333333	52.6432531394	0.128589484544944	0.433588069540212	0.242198026984532	0.309161752376741	0.0916882939636551	61.5999233932655	54.591700534891	7.0082228583745	OU	Lemuridae	STR	Lemuridae	STR	family
Leontopithecus_rosalia	Propithecus_tattersalli	6.79392857142857	6.33333333333333	121.4130573067	0.199595890116505	0.999999999908577	0.247372867838703	0.456490814680757	0.0911136904945439	61.5999233932655	54.591700534891	7.0082228583745	OU	Callitrichidae	PLA	Indriidae	STR	order
Leontopithecus_chrysomelas	Pan_troglodytes	6.93472222222222	7.29929285807103	78.0653383517	0.157984265911009	0.642973170071512	0.244286599781045	0.370361057811547	0.0910010286026002	61.5999233932655	54.591700534891	7.0082228583745	OU	Callitrichidae	PLA	Hominidae	APE	order
Macaca_nemestrina	Eulemur_macaco	7.22614900493025	7.6859375	121.4130573136	0.199246293379608	0.999999999965407	0.246953709908311	0.455784644066312	0.0908134009126982	61.5999233932655	54.591700534891	7.0082228583745	OU	Cercopithecidae	OWM	Lemuridae	STR	order
Macaca_fascicularis	Eulemur_macaco	7.23010204081633	7.6859375	121.4130573137	0.197533271509023	0.999999999966231	0.244898788375273	0.452317832672705	0.0893478212527275	61.5999233932655	54.591700534891	7.0082228583745	OU	Cercopithecidae	OWM	Lemuridae	STR	order
Macaca_mulatta	Eulemur_collaris	7.00058812183339	7.45559523809524	121.4130573131	0.19717431460038	0.999999999961289	0.244467967485452	0.451589994724207	0.0890419476935819	61.5999233932655	54.591700534891	7.0082228583745	OU	Cercopithecidae	OWM	Lemuridae	STR	order
Pan_paniscus	Galago_moholi	7.05857142857143	7.5125	121.413057313	0.196706934353639	0.999999999960466	0.243906902720779	0.450641597115015	0.0886443270642267	61.5999233932655	54.591700534891	7.0082228583745	OU	Hominidae	APE	Galagidae	STR	order
Pan_troglodytes	Varecia_variegata	7.29929285807103	7.75233333333333	121.413057313	0.19632208377301	0.999999999960466	0.243444813785374	0.449860060142314	0.0883174644168824	61.5999233932655	54.591700534891	7.0082228583745	OU	Hominidae	APE	Lemuridae	STR	order
Leontopithecus_rosalia	Eulemur_coronatus	6.79392857142857	7.24285714285714	121.4130573068	0.19454021753149	0.9999999999094	0.241304200043716	0.446234406103288	0.0868105384412338	61.5999233932655	54.591700534891	7.0082228583745	OU	Callitrichidae	PLA	Lemuridae	STR	order
Eulemur_macaco	Varecia_rubra	7.6859375	7.39925925925926	52.6432531401	0.124230113351388	0.433588069545977	0.234231446636565	0.299195382245365	0.0857243980201633	61.5999233932655	54.591700534891	7.0082228583745	OU	Lemuridae	STR	Lemuridae	STR	family
Eulemur_rubriventer	Cheirogaleus_medius	7.80108333333333	7.46666666666667	71.983496226	0.144917243454706	0.592881011451531	0.233681297466077	0.342240025836325	0.0836533472756064	61.5999233932655	54.591700534891	7.0082228583745	OU	Lemuridae	STR	Cheirogaleidae	STR	superfamily
Pongo_pygmaeus	Eulemur_rubriventer	7.36292328042328	7.80108333333333	121.413057316	0.189873751486751	0.999999999985175	0.235689490795616	0.436684225873527	0.0829148721829235	61.5999233932655	54.591700534891	7.0082228583745	OU	Hominidae	APE	Lemuridae	STR	order
Callithrix_jacchus	Macaca_nigra	7.03722222222222	7.38333333333333	78.0653383523	0.149984953355401	0.642973170076453	0.232282545481346	0.352916655978159	0.0823241009868798	61.5999233932655	54.591700534891	7.0082228583745	OU	Callitrichidae	PLA	Cercopithecidae	OWM	order
Saimiri_sciureus	Pan_paniscus	6.71305004023754	7.05857142857143	78.065338345	0.14972940090304	0.642973170016328	0.231898117071089	0.352356086865343	0.0820532928139869	61.5999233932655	54.591700534891	7.0082228583745	OU	Cebidae	PLA	Hominidae	APE	order
Eulemur_sanfordi	Microcebus_murinus	7.56916666666667	7.9	71.9834962252	0.143364429732168	0.592881011444942	0.231249069431219	0.338802946783708	0.0819258676186076	61.5999233932655	54.591700534891	7.0082228583745	OU	Lemuridae	STR	Cheirogaleidae	STR	superfamily
Aotus_trivirgatus	Gorilla_gorilla	6.82941176470588	7.17390376984127	78.0653383541	0.149283324524514	0.642973170091279	0.23122694619984	0.351377113667425	0.0815815435699357	61.5999233932655	54.591700534891	7.0082228583745	OU	Aotidae	PLA	Hominidae	APE	order
Pan_troglodytes	Nycticebus_pygmaeus	7.29929285807103	7.73333333333333	121.413057312	0.188088559848846	0.999999999952229	0.233538242390397	0.433009846128639	0.0814441983625969	61.5999233932655	54.591700534891	7.0082228583745	OU	Hominidae	APE	Lorisidae	STR	order
Saimiri_sciureus	Lemur_catta	6.71305004023754	7.14560283687943	121.413057301	0.187443884190286	0.999999999861629	0.232760931174053	0.431680121896333	0.0809157987871812	61.5999233932655	54.591700534891	7.0082228583745	OU	Cebidae	PLA	Lemuridae	STR	order
Cebuella_pygmaea	Pan_paniscus	6.71666666666667	7.05857142857143	78.0653383507	0.148162159838355	0.642973170063275	0.229539266581945	0.348913891022481	0.0804012330505295	61.5999233932655	54.591700534891	7.0082228583745	OU	Callitrichidae	PLA	Hominidae	APE	order
Microcebus_murinus	Galago_moholi	7.9	7.5125	99.360634017	0.167920553716521	0.818368602290629	0.23056291269667	0.39092702489764	0.0802140774949372	61.5999233932655	54.591700534891	7.0082228583745	OU	Cheirogaleidae	STR	Galagidae	STR	superfamily
Callithrix_jacchus	Cheirogaleus_medius	7.03722222222222	7.46666666666667	121.4130573043	0.186096900391215	0.999999999888809	0.231136063752211	0.428896996075958	0.0798164015657137	61.5999233932655	54.591700534891	7.0082228583745	OU	Callitrichidae	PLA	Cheirogaleidae	STR	order
Cebuella_pygmaea	Lemur_catta	6.71666666666667	7.14560283687943	121.4130573067	0.185876643125601	0.999999999908576	0.230870270447823	0.428441286103522	0.0796372280446187	61.5999233932655	54.591700534891	7.0082228583745	OU	Callitrichidae	PLA	Lemuridae	STR	order
Leontopithecus_chrysomelas	Mirza_zaza	6.93472222222222	6.50694444444444	121.4130573057	0.185374661450497	0.99999999990034	0.230264407623712	0.427402045530736	0.0792295095014062	61.5999233932655	54.591700534891	7.0082228583745	OU	Callitrichidae	PLA	Cheirogaleidae	STR	order
Pan_paniscus	Eulemur_mongoz	7.05857142857143	6.63126666666667	121.413057311	0.185169683160654	0.999999999943993	0.230016970241752	0.426977426099198	0.0790632747119682	61.5999233932655	54.591700534891	7.0082228583745	OU	Hominidae	APE	Lemuridae	STR	order
Macaca_mulatta	Pan_troglodytes	7.00058812183339	7.29929285807103	62.1515760327	0.129441715372314	0.511901910764157	0.224878899964227	0.308877380214139	0.0781040607466005	61.5999233932655	54.591700534891	7.0082228583745	OU	Cercopithecidae	OWM	Hominidae	APE	order
Eulemur_fulvus	Varecia_variegata	8.025	7.75233333333333	52.6432531394	0.118158290701175	0.433588069540212	0.223094192752667	0.285228092706863	0.0777283008038892	61.5999233932655	54.591700534891	7.0082228583745	OU	Lemuridae	STR	Lemuridae	STR	family
Lemur_catta	Cheirogaleus_medius	7.14560283687943	7.46666666666667	71.983496226	0.139130880196698	0.592881011451531	0.224606401347387	0.329396010804383	0.0772990803066751	61.5999233932655	54.591700534891	7.0082228583745	OU	Lemuridae	STR	Cheirogaleidae	STR	superfamily
Aotus_trivirgatus	Hapalemur_griseus	6.82941176470588	6.41	121.4130573119	0.181749305199057	0.999999999951406	0.225884659631927	0.419870048919486	0.0763110896687191	61.5999233932655	54.591700534891	7.0082228583745	OU	Aotidae	PLA	Lemuridae	STR	order
Callithrix_jacchus	Eulemur_collaris	7.03722222222222	7.45559523809524	121.4130573047	0.181299170285028	0.999999999892104	0.225340351933757	0.41893162248162	0.0759519555702732	61.5999233932655	54.591700534891	7.0082228583745	OU	Callitrichidae	PLA	Lemuridae	STR	order
Macaca_nigra	Eulemur_rubriventer	7.38333333333333	7.80108333333333	121.413057314	0.181029190490521	0.999999999968702	0.225013836459122	0.418368436911621	0.0757368994632656	61.5999233932655	54.591700534891	7.0082228583745	OU	Cercopithecidae	OWM	Lemuridae	STR	order
Aotus_trivirgatus	Eulemur_coronatus	6.82941176470588	7.24285714285714	121.4130573092	0.179163811175989	0.999999999929167	0.222756749177226	0.414470247381019	0.0742580691450984	61.5999233932655	54.591700534891	7.0082228583745	OU	Aotidae	PLA	Lemuridae	STR	order
Callithrix_jacchus	Pongo_pygmaeus	7.03722222222222	7.36292328042328	78.0653383543	0.141140392359171	0.642973170092926	0.218945026548314	0.333401067742877	0.0731855693253813	61.5999233932655	54.591700534891	7.0082228583745	OU	Callitrichidae	PLA	Hominidae	APE	order
Pan_paniscus	Cheirogaleus_medius	7.05857142857143	7.46666666666667	121.41305731	0.176845363483944	0.999999999935757	0.219948833690002	0.409608416228689	0.0724373492586989	61.5999233932655	54.591700534891	7.0082228583745	OU	Hominidae	APE	Cheirogaleidae	STR	order
Macaca_arctoides	Eulemur_albifrons	7.77916666666667	8.18680555555556	121.4130573133	0.176647607583509	0.999999999962937	0.21970919437748	0.409192859322566	0.0722829396422658	61.5999233932655	54.591700534891	7.0082228583745	OU	Cercopithecidae	OWM	Lemuridae	STR	order
Lemur_catta	Galago_moholi	7.14560283687943	7.5125	99.360634019	0.158992451066392	0.818368602307102	0.218624500161622	0.371760955310818	0.0722256270939751	61.5999233932655	54.591700534891	7.0082228583745	OU	Lemuridae	STR	Galagidae	STR	superfamily
Callithrix_jacchus	Eulemur_mongoz	7.03722222222222	6.63126666666667	121.4130573053	0.175918146253383	0.999999999897046	0.218825057556255	0.407658834029097	0.0717145863935975	61.5999233932655	54.591700534891	7.0082228583745	OU	Callitrichidae	PLA	Lemuridae	STR	order
Eulemur_sanfordi	Loris_tardigradus	7.56916666666667	7.93333333333333	99.3606340169	0.157809208546491	0.818368602289805	0.217038359352445	0.369201575404181	0.071194579368795	61.5999233932655	54.591700534891	7.0082228583745	OU	Lemuridae	STR	Lorisidae	STR	superfamily
Macaca_mulatta	Varecia_rubra	7.00058812183339	7.39925925925926	121.4130573157	0.172761491993155	0.999999999982704	0.214995816442636	0.40099956340394	0.0692772828634666	61.5999233932655	54.591700534891	7.0082228583745	OU	Cercopithecidae	OWM	Lemuridae	STR	order
Pan_paniscus	Eulemur_collaris	7.05857142857143	7.45559523809524	121.4130573104	0.172047633377757	0.999999999939051	0.214129130748196	0.399488916634357	0.0687311226717743	61.5999233932655	54.591700534891	7.0082228583745	OU	Hominidae	APE	Lemuridae	STR	order
Gorilla_gorilla	Eulemur_sanfordi	7.17390376984127	7.56916666666667	121.4130573112	0.171284553544561	0.99999999994564	0.213202392742514	0.397872207714956	0.0681493634699496	61.5999233932655	54.591700534891	7.0082228583745	OU	Hominidae	APE	Lemuridae	STR	order
Lemur_catta	Varecia_rubra	7.14560283687943	7.39925925925926	52.643253141	0.109920327483285	0.43358806955339	0.207910491807379	0.266124972822946	0.0674662109460476	61.5999233932655	54.591700534891	7.0082228583745	OU	Lemuridae	STR	Lemuridae	STR	family
Leontopithecus_chrysomelas	Saimiri_sciureus	6.93472222222222	6.71305004023754	41.3912937967	0.0960601691417209	0.340913034488192	0.204975288295531	0.23779207385152	0.067003442297331	61.5999233932655	54.591700534891	7.0082228583745	OU	Callitrichidae	PLA	Cebidae	PLA	superfamily
Eulemur_mongoz	Propithecus_tattersalli	6.63126666666667	6.33333333333333	71.983496226	0.129107433042435	0.592881011451531	0.208814229053894	0.306919322895716	0.0668356131581513	61.5999233932655	54.591700534891	7.0082228583745	OU	Lemuridae	STR	Indriidae	STR	superfamily
Pongo_pygmaeus	Varecia_variegata	7.36292328042328	7.75233333333333	121.413057317	0.168748262470802	0.999999999993411	0.21011997818978	0.392484622280644	0.0662310980568038	61.5999233932655	54.591700534891	7.0082228583745	OU	Hominidae	APE	Lemuridae	STR	order
Pan_troglodytes	Eulemur_macaco	7.29929285807103	7.6859375	121.4130573111	0.167549889972229	0.999999999944817	0.208662419994561	0.389931580919354	0.0653329934833402	61.5999233932655	54.591700534891	7.0082228583745	OU	Hominidae	APE	Lemuridae	STR	order
Leontopithecus_rosalia	Hapalemur_griseus	6.79392857142857	6.41	121.4130573095	0.166372898843557	0.999999999931638	0.207230157026581	0.387419463810817	0.0644560992670285	61.5999233932655	54.591700534891	7.0082228583745	OU	Callitrichidae	PLA	Lemuridae	STR	order
Cebuella_pygmaea	Propithecus_tattersalli	6.71666666666667	6.33333333333333	121.4130573057	0.166114956364734	0.99999999990034	0.206916177062162	0.386868312745073	0.0642646128969506	61.5999233932655	54.591700534891	7.0082228583745	OU	Callitrichidae	PLA	Indriidae	STR	order
Eulemur_sanfordi	Eulemur_macaco	7.56916666666667	7.6859375	14.8274950179	0.050601865783928	0.122124385510603	0.180857934653671	0.154924411437131	0.0641924562520323	61.5999233932655	54.591700534891	7.0082228583745	OU	Lemuridae	STR	Lemuridae	STR	family
Nycticebus_pygmaeus	Galago_moholi	7.73333333333333	7.5125	43.154528579	0.0956966596448983	0.355435646975288	0.200091753703766	0.236030290871949	0.0635482417244143	61.5999233932655	54.591700534891	7.0082228583745	OU	Lorisidae	STR	Galagidae	STR	superfamily
Macaca_arctoides	Varecia_rubra	7.77916666666667	7.39925925925926	121.4130573151	0.164630354097704	0.999999999977762	0.2051083972023	0.383691885780534	0.0631673310218698	61.5999233932655	54.591700534891	7.0082228583745	OU	Cercopithecidae	OWM	Lemuridae	STR	order
Saimiri_sciureus	Propithecus_tattersalli	6.71305004023754	6.33333333333333	121.4130573	0.164547715300049	0.999999999853393	0.205007736616963	0.383514861362061	0.0631064942299941	61.5999233932655	54.591700534891	7.0082228583745	OU	Cebidae	PLA	Indriidae	STR	order
Macaca_nigra	Propithecus_coquereli	7.38333333333333	7.00483193277311	121.413057313	0.164021070360131	0.999999999960466	0.20436616125966	0.382386187107279	0.0627193917027448	61.5999233932655	54.591700534891	7.0082228583745	OU	Cercopithecidae	OWM	Indriidae	STR	order
Eulemur_flavifrons	Galago_moholi	7.85219696969697	7.5125	99.3606340181	0.14720542773507	0.818368602299689	0.20278440554392	0.346070411987774	0.0622499969817468	61.5999233932655	54.591700534891	7.0082228583745	OU	Lemuridae	STR	Galagidae	STR	superfamily
Eulemur_albifrons	Microcebus_murinus	8.18680555555556	7.9	71.9834962252	0.124285284381585	0.592881011444942	0.201185734694437	0.296007552945718	0.0620518825645877	61.5999233932655	54.591700534891	7.0082228583745	OU	Lemuridae	STR	Cheirogaleidae	STR	superfamily
Varecia_variegata	Cheirogaleus_medius	7.75233333333333	7.46666666666667	71.983496227	0.123791754438757	0.592881011459768	0.200403887320143	0.294887280268038	0.0615715684605479	61.5999233932655	54.591700534891	7.0082228583745	OU	Lemuridae	STR	Cheirogaleidae	STR	superfamily
Leontopithecus_chrysomelas	Macaca_fascicularis	6.93472222222222	7.23010204081633	78.0653383543	0.128000884374215	0.642973170092926	0.199012392520931	0.303990673691355	0.0605174164085001	61.5999233932655	54.591700534891	7.0082228583745	OU	Callitrichidae	PLA	Cercopithecidae	OWM	order
Aotus_trivirgatus	Callithrix_jacchus	6.82941176470588	7.03722222222222	40.5102348758	0.0900532828238125	0.333656327999088	0.19445722058166	0.223792083455188	0.0604011076486324	61.5999233932655	54.591700534891	7.0082228583745	OU	Aotidae	PLA	Callitrichidae	PLA	superfamily
Varecia_rubra	Nycticebus_pygmaeus	7.39925925925926	7.73333333333333	99.360634019	0.144768783228005	0.818368602307102	0.199499219895085	0.340706734157049	0.0602707621021293	61.5999233932655	54.591700534891	7.0082228583745	OU	Lemuridae	STR	Lorisidae	STR	superfamily
Pongo_pygmaeus	Nycticebus_pygmaeus	7.36292328042328	7.73333333333333	121.413057316	0.160514738546637	0.999999999985175	0.20009113489029	0.374848694836397	0.0601687402471046	61.5999233932655	54.591700534891	7.0082228583745	OU	Hominidae	APE	Lorisidae	STR	order
Macaca_mulatta	Eulemur_mongoz	7.00058812183339	6.63126666666667	121.4130573137	0.160043001938031	0.999999999966231	0.199515518374763	0.373831590272336	0.059829129928473	61.5999233932655	54.591700534891	7.0082228583745	OU	Cercopithecidae	OWM	Lemuridae	STR	order
Macaca_nigra	Varecia_variegata	7.38333333333333	7.75233333333333	121.413057315	0.159903701474571	0.999999999976938	0.199345522173386	0.373531110361616	0.0597290071641065	61.5999233932655	54.591700534891	7.0082228583745	OU	Cercopithecidae	OWM	Lemuridae	STR	order
Leontopithecus_chrysomelas	Macaca_nemestrina	6.93472222222222	7.22614900493025	78.0653383542	0.12628786250363	0.642973170092103	0.196403859968045	0.300121299820669	0.0589475256653931	61.5999233932655	54.591700534891	7.0082228583745	OU	Callitrichidae	PLA	Cercopithecidae	OWM	order
Callithrix_jacchus	Varecia_rubra	7.03722222222222	7.39925925925926	121.4130573073	0.156886347677803	0.999999999913519	0.195660971121965	0.367007337833529	0.0575784408086353	61.5999233932655	54.591700534891	7.0082228583745	OU	Callitrichidae	PLA	Lemuridae	STR	order
Saimiri_sciureus	Macaca_mulatta	6.71305004023754	7.00058812183339	78.0653383477	0.124602719680416	0.642973170038566	0.193835644361236	0.296307281081011	0.0574218253641735	61.5999233932655	54.591700534891	7.0082228583745	OU	Cebidae	PLA	Cercopithecidae	OWM	order
Eulemur_mongoz	Hapalemur_griseus	6.63126666666667	6.41	47.7997285408	0.0958844417694869	0.393695123051581	0.190683406150435	0.234604410551559	0.0571379009423201	61.5999233932655	54.591700534891	7.0082228583745	OU	Lemuridae	STR	Lemuridae	STR	family
Pongo_pygmaeus	Propithecus_coquereli	7.36292328042328	7.00483193277311	121.413057315	0.155176509363901	0.999999999976938	0.193571116647367	0.363297768725984	0.056375279611892	61.5999233932655	54.591700534891	7.0082228583745	OU	Hominidae	APE	Indriidae	STR	order
Cebuella_pygmaea	Macaca_mulatta	6.71666666666667	7.00058812183339	78.0653383534	0.123035478615732	0.642973170085513	0.191445236844939	0.292753406627428	0.056019531104231	61.5999233932655	54.591700534891	7.0082228583745	OU	Callitrichidae	PLA	Cercopithecidae	OWM	order
Leontopithecus_rosalia	Lemur_catta	6.79392857142857	7.14560283687943	121.4130573077	0.15239570937383	0.999999999916813	0.190169328970302	0.35724523851498	0.0544426415484426	61.5999233932655	54.591700534891	7.0082228583745	OU	Callitrichidae	PLA	Lemuridae	STR	order
Macaca_nigra	Nycticebus_pygmaeus	7.38333333333333	7.73333333333333	121.413057314	0.151670177550407	0.999999999968702	0.189281182638364	0.355662157273533	0.0539433425433259	61.5999233932655	54.591700534891	7.0082228583745	OU	Cercopithecidae	OWM	Lorisidae	STR	order
Macaca_nemestrina	Eulemur_sanfordi	7.22614900493025	7.56916666666667	121.4130573137	0.14864442759568	0.999999999966231	0.185574651768757	0.349042753632427	0.0518832603218642	61.5999233932655	54.591700534891	7.0082228583745	OU	Cercopithecidae	OWM	Lemuridae	STR	order
Pan_paniscus	Varecia_rubra	7.05857142857143	7.39925925925926	121.413057313	0.147634810770532	0.999999999960466	0.184336946056731	0.346827852876932	0.0512038644314599	61.5999233932655	54.591700534891	7.0082228583745	OU	Hominidae	APE	Lemuridae	STR	order
Macaca_fascicularis	Eulemur_sanfordi	7.23010204081633	7.56916666666667	121.4130573138	0.146931405725095	0.999999999967055	0.183474358233525	0.345282910559087	0.0507329034229703	61.5999233932655	54.591700534891	7.0082228583745	OU	Cercopithecidae	OWM	Lemuridae	STR	order
Gorilla_gorilla	Galago_moholi	7.17390376984127	7.5125	121.413057313	0.146728429560208	0.999999999960466	0.18322540654608	0.344836823081016	0.0505973655072091	61.5999233932655	54.591700534891	7.0082228583745	OU	Hominidae	APE	Galagidae	STR	order
Gorilla_gorilla	Pongo_pygmaeus	7.17390376984127	7.36292328042328	40.643277586	0.081910350658469	0.334752113848972	0.176894776296828	0.203959643498892	0.0499067973823398	61.5999233932655	54.591700534891	7.0082228583745	OU	Hominidae	APE	Hominidae	APE	family
Pan_troglodytes	Gorilla_gorilla	7.29929285807103	7.17390376984127	20.238906202	0.0543365293562602	0.166694642644773	0.1664512287381	0.153041349333445	0.0498860409599323	61.5999233932655	54.591700534891	7.0082228583745	OU	Hominidae	APE	Hominidae	APE	family
Leontopithecus_rosalia	Pan_paniscus	6.79392857142857	7.05857142857143	78.0653383517	0.114681226086584	0.642973170071512	0.178673409035436	0.273703199694704	0.048817928936784	61.5999233932655	54.591700534891	7.0082228583745	OU	Callitrichidae	PLA	Hominidae	APE	order
Callithrix_jacchus	Pan_troglodytes	7.03722222222222	7.29929285807103	78.0653383503	0.113566571056962	0.642973170059981	0.176965678420464	0.271148297266104	0.047892173114428	61.5999233932655	54.591700534891	7.0082228583745	OU	Callitrichidae	PLA	Hominidae	APE	order
Macaca_arctoides	Eulemur_collaris	7.77916666666667	7.45559523809524	121.4130573125	0.140217531490478	0.999999999956347	0.17523006947426	0.330463055824384	0.046336713938518	61.5999233932655	54.591700534891	7.0082228583745	OU	Cercopithecidae	OWM	Lemuridae	STR	order
Eulemur_fulvus	Nycticebus_pygmaeus	8.025	7.73333333333333	99.3606340164	0.126391814625339	0.818368602285687	0.174612764096855	0.299705240410764	0.046287564164169	61.5999233932655	54.591700534891	7.0082228583745	OU	Lemuridae	STR	Lorisidae	STR	superfamily
Pongo_pygmaeus	Eulemur_macaco	7.36292328042328	7.6859375	121.4130573151	0.13997606867002	0.999999999977762	0.174933199453435	0.329927614729497	0.0461819704565389	61.5999233932655	54.591700534891	7.0082228583745	OU	Hominidae	APE	Lemuridae	STR	order
Aotus_trivirgatus	Mirza_zaza	6.82941176470588	6.50694444444444	121.4130573081	0.139739073480732	0.999999999920107	0.174641797903747	0.329401917495227	0.0460303187572372	61.5999233932655	54.591700534891	7.0082228583745	OU	Aotidae	PLA	Cheirogaleidae	STR	order
Eulemur_rubriventer	Galago_moholi	7.80108333333333	7.5125	99.360634019	0.125055672585012	0.818368602307102	0.17279614722766	0.296687982657936	0.0453371685015543	61.5999233932655	54.591700534891	7.0082228583745	OU	Lemuridae	STR	Galagidae	STR	superfamily
Aotus_trivirgatus	Lemur_catta	6.82941176470588	7.14560283687943	121.4130573101	0.13701930301833	0.99999999993658	0.171295943850084	0.323357493798752	0.0443062184288689	61.5999233932655	54.591700534891	7.0082228583745	OU	Aotidae	PLA	Lemuridae	STR	order
Macaca_arctoides	Cheirogaleus_medius	7.77916666666667	7.46666666666667	121.4130573121	0.135419801384291	0.999999999953053	0.16932678507213	0.319792974173865	0.0433063010487497	61.5999233932655	54.591700534891	7.0082228583745	OU	Cercopithecidae	OWM	Cheirogaleidae	STR	order
Eulemur_coronatus	Propithecus_coquereli	7.24285714285714	7.00483193277311	71.9834962261	0.103146645356907	0.592881011452355	0.167527238854002	0.247478575504885	0.0430551567143356	61.5999233932655	54.591700534891	7.0082228583745	OU	Lemuridae	STR	Indriidae	STR	superfamily
Pan_paniscus	Gorilla_gorilla	7.05857142857143	7.17390376984127	20.238906202	0.0499785047934306	0.166694642644773	0.153273796162635	0.140900780062844	0.042244970804344	61.5999233932655	54.591700534891	7.0082228583745	OU	Hominidae	APE	Hominidae	APE	family
Leontopithecus_chrysomelas	Eulemur_coronatus	6.93472222222222	7.24285714285714	121.4130573068	0.133528223206224	0.9999999999094	0.166996676606386	0.315568321414201	0.0421372772624267	61.5999233932655	54.591700534891	7.0082228583745	OU	Callitrichidae	PLA	Lemuridae	STR	order
Eulemur_collaris	Nycticebus_pygmaeus	7.45559523809524	7.73333333333333	99.3606340164	0.12035596062078	0.818368602285687	0.166399138625515	0.286038265216217	0.0420671199851105	61.5999233932655	54.591700534891	7.0082228583745	OU	Lemuridae	STR	Lorisidae	STR	superfamily
Cebuella_pygmaea	Hapalemur_griseus	6.71666666666667	6.41	121.4130573085	0.132891965091786	0.999999999923402	0.166212581930646	0.314145071641646	0.041747355897556	61.5999233932655	54.591700534891	7.0082228583745	OU	Callitrichidae	PLA	Lemuridae	STR	order
Leontopithecus_chrysomelas	Eulemur_mongoz	6.93472222222222	6.63126666666667	121.4130573067	0.131500451399335	0.999999999908577	0.164497170544811	0.3110285051858	0.0409003888337324	61.5999233932655	54.591700534891	7.0082228583745	OU	Callitrichidae	PLA	Lemuridae	STR	order
Saimiri_sciureus	Hapalemur_griseus	6.71305004023754	6.41	121.4130573028	0.131324724027101	0.999999999876455	0.16428048390058	0.310634552425708	0.0407939968756281	61.5999233932655	54.591700534891	7.0082228583745	OU	Cebidae	PLA	Lemuridae	STR	order
Macaca_nigra	Eulemur_macaco	7.38333333333333	7.6859375	121.4130573131	0.13113150767379	0.999999999961289	0.164042217468832	0.310201294935096	0.0406771634887758	61.5999233932655	54.591700534891	7.0082228583745	OU	Cercopithecidae	OWM	Lemuridae	STR	order
Leontopithecus_chrysomelas	Gorilla_gorilla	6.93472222222222	7.17390376984127	78.0653383517	0.103647736554749	0.642973170071512	0.161733298480986	0.248283574399318	0.0400234904161706	61.5999233932655	54.591700534891	7.0082228583745	OU	Callitrichidae	PLA	Hominidae	APE	order
Eulemur_coronatus	Galago_moholi	7.24285714285714	7.5125	99.3606340181	0.116847942908733	0.818368602299689	0.161616988712229	0.278052353868455	0.0397007479015698	61.5999233932655	54.591700534891	7.0082228583745	OU	Lemuridae	STR	Galagidae	STR	superfamily
Macaca_nigra	Gorilla_gorilla	7.38333333333333	7.17390376984127	62.151576032	0.0907549116546991	0.511901910758392	0.158753670463036	0.219432609071452	0.0389031309161084	61.5999233932655	54.591700534891	7.0082228583745	OU	Cercopithecidae	OWM	Hominidae	APE	order
Cheirogaleus_medius	Nycticebus_pygmaeus	7.46666666666667	7.73333333333333	99.360634016	0.115558230514593	0.818368602282393	0.159857333769206	0.275108667347569	0.0388468847769196	61.5999233932655	54.591700534891	7.0082228583745	OU	Cheirogaleidae	STR	Lorisidae	STR	superfamily
Pan_troglodytes	Propithecus_coquereli	7.29929285807103	7.00483193277311	121.413057311	0.127602688061692	0.999999999943993	0.159687996364505	0.302270704499973	0.0385705544186582	61.5999233932655	54.591700534891	7.0082228583745	OU	Hominidae	APE	Indriidae	STR	order
Eulemur_coronatus	Cheirogaleus_medius	7.24285714285714	7.46666666666667	71.9834962251	0.0969863720390384	0.592881011444119	0.157657357084015	0.233139996480859	0.0381381794987777	61.5999233932655	54.591700534891	7.0082228583745	OU	Lemuridae	STR	Cheirogaleidae	STR	superfamily
Gorilla_gorilla	Cheirogaleus_medius	7.17390376984127	7.46666666666667	121.41305731	0.126866858690513	0.999999999935757	0.158779433641587	0.300612814955047	0.0381378035179096	61.5999233932655	54.591700534891	7.0082228583745	OU	Hominidae	APE	Cheirogaleidae	STR	order
Saimiri_sciureus	Propithecus_coquereli	6.71305004023754	7.00483193277311	121.4130573	0.126441746991038	0.999999999853393	0.158254432001746	0.299654345982974	0.0378888190050989	61.5999233932655	54.591700534891	7.0082228583745	OU	Cebidae	PLA	Indriidae	STR	order
Cebuella_pygmaea	Propithecus_coquereli	6.71666666666667	7.00483193277311	121.4130573057	0.124874505926353	0.99999999990034	0.156318324777269	0.296116685779223	0.0369774248369148	61.5999233932655	54.591700534891	7.0082228583745	OU	Callitrichidae	PLA	Indriidae	STR	order
Aotus_trivirgatus	Pan_paniscus	6.82941176470588	7.05857142857143	78.0653383541	0.0993048197310836	0.642973170091279	0.155044386312724	0.238201970032621	0.0367894101869295	61.5999233932655	54.591700534891	7.0082228583745	OU	Aotidae	PLA	Hominidae	APE	order
Leontopithecus_rosalia	Mirza_zaza	6.79392857142857	6.50694444444444	121.4130573057	0.124362667125232	0.99999999990034	0.155685814226866	0.294959941861316	0.0366820050686324	61.5999233932655	54.591700534891	7.0082228583745	OU	Callitrichidae	PLA	Cheirogaleidae	STR	order
Eulemur_macaco	Cheirogaleus_medius	7.6859375	7.46666666666667	71.9834962251	0.0950195606379755	0.592881011444119	0.154500864341266	0.228544940008753	0.0366283273818612	61.5999233932655	54.591700534891	7.0082228583745	OU	Lemuridae	STR	Cheirogaleidae	STR	superfamily
Macaca_nemestrina	Galago_moholi	7.22614900493025	7.5125	121.4130573155	0.124088303611327	0.999999999981056	0.155346725066927	0.29433960556955	0.0365241023414446	61.5999233932655	54.591700534891	7.0082228583745	OU	Cercopithecidae	OWM	Galagidae	STR	order
Eulemur_rubriventer	Eulemur_macaco	7.80108333333333	7.6859375	22.8374257191	0.0498976828167309	0.188096949567152	0.144161393217953	0.136890215050122	0.0363137443058136	61.5999233932655	54.591700534891	7.0082228583745	OU	Lemuridae	STR	Lemuridae	STR	family
Macaca_fascicularis	Galago_moholi	7.23010204081633	7.5125	121.4130573156	0.122375281740742	0.99999999998188	0.153228932269184	0.29046205026154	0.0355453752363936	61.5999233932655	54.591700534891	7.0082228583745	OU	Cercopithecidae	OWM	Galagidae	STR	order
Eulemur_sanfordi	Varecia_variegata	7.56916666666667	7.75233333333333	52.6432531402	0.0793740595847095	0.433588069546801	0.150961765304787	0.193929213080622	0.0355013202516533	61.5999233932655	54.591700534891	7.0082228583745	OU	Lemuridae	STR	Lemuridae	STR	family
Gorilla_gorilla	Eulemur_collaris	7.17390376984127	7.45559523809524	121.4130573104	0.122069128584326	0.999999999939051	0.15285032094789	0.289768252714462	0.0353717581024131	61.5999233932655	54.591700534891	7.0082228583745	OU	Hominidae	APE	Lemuridae	STR	order
Eulemur_albifrons	Loris_tardigradus	8.18680555555556	7.93333333333333	99.3606340169	0.109840505567262	0.818368602289805	0.152046689021782	0.26200983417567	0.0351666627592081	61.5999233932655	54.591700534891	7.0082228583745	OU	Lemuridae	STR	Lorisidae	STR	superfamily
Eulemur_macaco	Microcebus_murinus	7.6859375	7.9	71.9834962251	0.0927625639482402	0.592881011444119	0.150875604329001	0.223262036542444	0.0349317292040392	61.5999233932655	54.591700534891	7.0082228583745	OU	Lemuridae	STR	Cheirogaleidae	STR	superfamily
Eulemur_macaco	Loris_tardigradus	7.6859375	7.93333333333333	99.3606340168	0.107207342762563	0.818368602288982	0.14844460492703	0.255951527889497	0.0335299803832913	61.5999233932655	54.591700534891	7.0082228583745	OU	Lemuridae	STR	Lorisidae	STR	superfamily
Pan_troglodytes	Eulemur_sanfordi	7.29929285807103	7.56916666666667	121.4130573112	0.116948024188301	0.99999999994564	0.146512024813326	0.278127703733605	0.0325264854254424	61.5999233932655	54.591700534891	7.0082228583745	OU	Hominidae	APE	Lemuridae	STR	order
Macaca_arctoides	Galago_moholi	7.77916666666667	7.5125	121.4130573151	0.115558230514597	0.999999999977762	0.14479025196229	0.274957350138549	0.0317735848496997	61.5999233932655	54.591700534891	7.0082228583745	OU	Cercopithecidae	OWM	Galagidae	STR	order
Varecia_variegata	Galago_moholi	7.75233333333333	7.5125	99.36063402	0.103930183569063	0.818368602315338	0.143957232998566	0.248389388150235	0.0315446543697113	61.5999233932655	54.591700534891	7.0082228583745	OU	Lemuridae	STR	Galagidae	STR	superfamily
Eulemur_sanfordi	Varecia_rubra	7.56916666666667	7.39925925925926	52.6432531402	0.0736282475674599	0.433588069546801	0.140151301865409	0.180141300447417	0.030590067388916	61.5999233932655	54.591700534891	7.0082228583745	OU	Lemuridae	STR	Lemuridae	STR	family
Leontopithecus_rosalia	Macaca_mulatta	6.79392857142857	7.00058812183339	78.0653383544	0.0895545448639607	0.64297317009375	0.139987049146594	0.215422365614342	0.0300044431143173	61.5999233932655	54.591700534891	7.0082228583745	OU	Callitrichidae	PLA	Cercopithecidae	OWM	order
Callithrix_jacchus	Leontopithecus_chrysomelas	7.03722222222222	6.93472222222222	23.8355055674	0.0444176948540475	0.196317480952731	0.125779242535048	0.120889353846221	0.0273517488314621	61.5999233932655	54.591700534891	7.0082228583745	OU	Callitrichidae	PLA	Callitrichidae	PLA	family
Macaca_arctoides	Eulemur_fulvus	7.77916666666667	8.025	121.4130573125	0.106530243755641	0.999999999956347	0.133589323591105	0.254250298657033	0.0270853462920605	61.5999233932655	54.591700534891	7.0082228583745	OU	Cercopithecidae	OWM	Lemuridae	STR	order
Macaca_mulatta	Gorilla_gorilla	7.00058812183339	7.17390376984127	62.1515760327	0.0751051860160538	0.511901910764157	0.131654168495552	0.182329040030878	0.0267509383725598	61.5999233932655	54.591700534891	7.0082228583745	OU	Cercopithecidae	OWM	Hominidae	APE	order
Macaca_mulatta	Eulemur_coronatus	7.00058812183339	7.24285714285714	121.4130573138	0.104985672667529	0.999999999967054	0.13167023504023	0.250688637759585	0.0263187152661636	61.5999233932655	54.591700534891	7.0082228583745	OU	Cercopithecidae	OWM	Lemuridae	STR	order
Macaca_fascicularis	Pan_paniscus	7.23010204081633	7.05857142857143	62.1515760326	0.0743316526128967	0.511901910763334	0.130310402184716	0.180483703065665	0.0262074659939463	61.5999233932655	54.591700534891	7.0082228583745	OU	Cercopithecidae	OWM	Hominidae	APE	order
Callithrix_jacchus	Macaca_fascicularis	7.03722222222222	7.23010204081633	78.0653383529	0.0835831895201677	0.642973170081395	0.130739931319178	0.201378392895889	0.0261781504453026	61.5999233932655	54.591700534891	7.0082228583745	OU	Callitrichidae	PLA	Cercopithecidae	OWM	order
Eulemur_coronatus	Varecia_rubra	7.24285714285714	7.39925925925926	52.6432531401	0.067775819325626	0.433588069545977	0.129113188046495	0.166040095731919	0.0259543661819848	61.5999233932655	54.591700534891	7.0082228583745	OU	Lemuridae	STR	Lemuridae	STR	family
Macaca_nemestrina	Cheirogaleus_medius	7.22614900493025	7.46666666666667	121.4130573125	0.104226732741633	0.999999999956347	0.130726987285258	0.248936614964283	0.0259458500386216	61.5999233932655	54.591700534891	7.0082228583745	OU	Cercopithecidae	OWM	Cheirogaleidae	STR	order
Macaca_nigra	Lemur_catta	7.38333333333333	7.14560283687943	121.413057314	0.103018933160883	0.999999999968702	0.129225491604771	0.246145748720615	0.0253576724360782	61.5999233932655	54.591700534891	7.0082228583745	OU	Cercopithecidae	OWM	Lemuridae	STR	order
Callithrix_jacchus	Macaca_nemestrina	7.03722222222222	7.22614900493025	78.0653383528	0.0818701676495824	0.642973170080572	0.128083819376797	0.197337278580566	0.0251270765759615	61.5999233932655	54.591700534891	7.0082228583745	OU	Callitrichidae	PLA	Cercopithecidae	OWM	order
Macaca_fascicularis	Cheirogaleus_medius	7.23010204081633	7.46666666666667	121.4130573126	0.102513710871047	0.999999999957171	0.12859727778974	0.24497737319315	0.0251135396065469	61.5999233932655	54.591700534891	7.0082228583745	OU	Cercopithecidae	OWM	Cheirogaleidae	STR	order
Macaca_nemestrina	Pan_paniscus	7.22614900493025	7.05857142857143	62.1515760325	0.0726186307423113	0.51190191076251	0.127333241566735	0.17639358248341	0.0250232713775099	61.5999233932655	54.591700534891	7.0082228583745	OU	Cercopithecidae	OWM	Hominidae	APE	order
Propithecus_tattersalli	Mirza_zaza	6.33333333333333	6.50694444444444	69.529333389	0.0752332229912727	0.57266767615452	0.124744282760969	0.182038774528946	0.0239150283619271	61.5999233932655	54.591700534891	7.0082228583745	OU	Indriidae	STR	Cheirogaleidae	STR	superfamily
Macaca_nemestrina	Eulemur_collaris	7.22614900493025	7.45559523809524	121.4130573129	0.0994290026354458	0.999999999959642	0.124759881277224	0.237831614899895	0.0236473602656283	61.5999233932655	54.591700534891	7.0082228583745	OU	Cercopithecidae	OWM	Lemuridae	STR	order
Macaca_fascicularis	Eulemur_collaris	7.23010204081633	7.45559523809524	121.413057313	0.0977159807648604	0.999999999960466	0.122627597697391	0.233854564487742	0.0228513281261624	61.5999233932655	54.591700534891	7.0082228583745	OU	Cercopithecidae	OWM	Lemuridae	STR	order
Gorilla_gorilla	Varecia_rubra	7.17390376984127	7.39925925925926	121.413057313	0.0976563059771011	0.999999999960466	0.122553301385702	0.233715908233942	0.0228238322471122	61.5999233932655	54.591700534891	7.0082228583745	OU	Hominidae	APE	Lemuridae	STR	order
Macaca_fascicularis	Propithecus_coquereli	7.23010204081633	7.00483193277311	121.4130573136	0.0976193065248981	0.999999999965407	0.122507235780567	0.233629935078443	0.0228067922466035	61.5999233932655	54.591700534891	7.0082228583745	OU	Cercopithecidae	OWM	Indriidae	STR	order
Macaca_nemestrina	Propithecus_coquereli	7.22614900493025	7.00483193277311	121.4130573135	0.0959062846543127	0.999999999964584	0.120374012254409	0.229646367138011	0.0220245298573469	61.5999233932655	54.591700534891	7.0082228583745	OU	Cercopithecidae	OWM	Indriidae	STR	order
Pongo_pygmaeus	Lemur_catta	7.36292328042328	7.14560283687943	121.413057316	0.094174372164653	0.999999999985175	0.1182163757532	0.225612701727866	0.0212469345379079	61.5999233932655	54.591700534891	7.0082228583745	OU	Hominidae	APE	Lemuridae	STR	order
Aotus_trivirgatus	Macaca_mulatta	6.82941176470588	7.00058812183339	78.0653383568	0.0741781385084604	0.642973170113517	0.116139618107266	0.179127711150037	0.0206654970782763	61.5999233932655	54.591700534891	7.0082228583745	OU	Aotidae	PLA	Cercopithecidae	OWM	order
Pan_troglodytes	Galago_moholi	7.29929285807103	7.5125	121.413057313	0.0923919002039478	0.999999999960466	0.115994835367811	0.221454913928283	0.0204606403081447	61.5999233932655	54.591700534891	7.0082228583745	OU	Hominidae	APE	Galagidae	STR	order
Leontopithecus_rosalia	Propithecus_coquereli	6.79392857142857	7.00483193277311	121.4130573067	0.0913935721745825	0.999999999908577	0.114750193880743	0.219123436765827	0.020026473635031	61.5999233932655	54.591700534891	7.0082228583745	OU	Callitrichidae	PLA	Indriidae	STR	order
Leontopithecus_chrysomelas	Lemur_catta	6.93472222222222	7.14560283687943	121.4130573077	0.0913837150485652	0.999999999916813	0.114737903328306	0.219100406750485	0.0200222091391766	61.5999233932655	54.591700534891	7.0082228583745	OU	Callitrichidae	PLA	Lemuridae	STR	order
Macaca_arctoides	Eulemur_sanfordi	7.77916666666667	7.56916666666667	121.4130573133	0.0910021065302437	0.999999999962937	0.11426206602546	0.218208675781956	0.0198574491600689	61.5999233932655	54.591700534891	7.0082228583745	OU	Cercopithecidae	OWM	Lemuridae	STR	order
Cebuella_pygmaea	Mirza_zaza	6.71666666666667	6.50694444444444	121.4130573047	0.0908817333734611	0.999999999892104	0.11411196114308	0.217927331934217	0.0198056136777722	61.5999233932655	54.591700534891	7.0082228583745	OU	Callitrichidae	PLA	Cheirogaleidae	STR	order
Pongo_pygmaeus	Eulemur_sanfordi	7.36292328042328	7.56916666666667	121.4130573152	0.089374202886092	0.999999999978585	0.112231731108765	0.214401431726584	0.0191619570586106	61.5999233932655	54.591700534891	7.0082228583745	OU	Hominidae	APE	Lemuridae	STR	order
Saimiri_sciureus	Mirza_zaza	6.71305004023754	6.50694444444444	121.413057299	0.0893144923087764	0.999999999845157	0.112157245502516	0.214261686025247	0.0191366737115306	61.5999233932655	54.591700534891	7.0082228583745	OU	Cebidae	PLA	Cheirogaleidae	STR	order
Callithrix_jacchus	Eulemur_coronatus	7.03722222222222	7.24285714285714	121.4130573054	0.0891105283521768	0.999999999897869	0.11190280437731	0.213784279922663	0.0190504301392438	61.5999233932655	54.591700534891	7.0082228583745	OU	Callitrichidae	PLA	Lemuridae	STR	order
Aotus_trivirgatus	Saimiri_sciureus	6.82941176470588	6.71305004023754	41.3912937991	0.0504245811719559	0.340913034507959	0.108472408964162	0.126200202269175	0.0186663216102132	61.5999233932655	54.591700534891	7.0082228583745	OU	Aotidae	PLA	Cebidae	PLA	superfamily
Varecia_variegata	Loris_tardigradus	7.75233333333333	7.93333333333333	99.3606340187	0.0784351489617815	0.818368602304631	0.10889912327588	0.188795138192594	0.0180947494144992	61.5999233932655	54.591700534891	7.0082228583745	OU	Lemuridae	STR	Lorisidae	STR	superfamily
Aotus_trivirgatus	Cebuella_pygmaea	6.82941176470588	6.71666666666667	40.5102348762	0.0488573401072712	0.333656328002383	0.10625116071987	0.122567015331814	0.0179475042174437	61.5999233932655	54.591700534891	7.0082228583745	OU	Aotidae	PLA	Callitrichidae	PLA	superfamily
Aotus_trivirgatus	Eulemur_mongoz	6.82941176470588	6.63126666666667	121.4130573091	0.0858648634295703	0.999999999928344	0.107852365215131	0.206176644280126	0.0177033294047486	61.5999233932655	54.591700534891	7.0082228583745	OU	Aotidae	PLA	Lemuridae	STR	order
Varecia_variegata	Microcebus_murinus	7.75233333333333	7.9	71.983496227	0.0639903701474587	0.592881011459768	0.104406848535384	0.15508986950919	0.0167390386337033	61.5999233932655	54.591700534891	7.0082228583745	OU	Lemuridae	STR	Cheirogaleidae	STR	superfamily
Macaca_nemestrina	Pongo_pygmaeus	7.22614900493025	7.36292328042328	62.1515760365	0.0592702247095883	0.511901910795456	0.104075679715137	0.14436614856525	0.0167153391801641	61.5999233932655	54.591700534891	7.0082228583745	OU	Cercopithecidae	OWM	Hominidae	APE	order
Eulemur_macaco	Galago_moholi	7.6859375	7.5125	99.3606340181	0.075157989768281	0.818368602299689	0.104375737424233	0.18104673408605	0.0166271146642025	61.5999233932655	54.591700534891	7.0082228583745	OU	Lemuridae	STR	Galagidae	STR	superfamily
Macaca_fascicularis	Pongo_pygmaeus	7.23010204081633	7.36292328042328	62.1515760366	0.057557202839003	0.511901910796279	0.101084080780429	0.140237571305102	0.0157680254107689	61.5999233932655	54.591700534891	7.0082228583745	OU	Cercopithecidae	OWM	Hominidae	APE	order
Aotus_trivirgatus	Leontopithecus_chrysomelas	6.82941176470588	6.93472222222222	40.5102348772	0.045635587969765	0.333656328010619	0.0992822987413293	0.114542421109442	0.0156664516629322	61.5999233932655	54.591700534891	7.0082228583745	OU	Aotidae	PLA	Callitrichidae	PLA	superfamily
Macaca_nigra	Eulemur_sanfordi	7.38333333333333	7.56916666666667	121.4130573132	0.0805296418898619	0.999999999962113	0.101188186934469	0.193628807580598	0.0155928585346173	61.5999233932655	54.591700534891	7.0082228583745	OU	Cercopithecidae	OWM	Lemuridae	STR	order
Cebuella_pygmaea	Leontopithecus_rosalia	6.71666666666667	6.79392857142857	23.8355055678	0.0334809337517709	0.196317480956025	0.0949799021419237	0.0912748068743573	0.0155664475078028	61.5999233932655	54.591700534891	7.0082228583745	OU	Callitrichidae	PLA	Callitrichidae	PLA	family
Microcebus_murinus	Nycticebus_pygmaeus	7.9	7.73333333333333	99.360634016	0.0722238940716229	0.818368602282393	0.100322988477937	0.17409440056957	0.0153644403147086	61.5999233932655	54.591700534891	7.0082228583745	OU	Cheirogaleidae	STR	Lorisidae	STR	superfamily
Pan_paniscus	Eulemur_coronatus	7.05857142857143	7.24285714285714	121.4130573111	0.0798589914449058	0.999999999944817	0.100349968372192	0.192047908793742	0.0153367523062178	61.5999233932655	54.591700534891	7.0082228583745	OU	Hominidae	APE	Lemuridae	STR	order
Lemur_catta	Propithecus_coquereli	7.14560283687943	7.00483193277311	71.983496227	0.061002137199248	0.592881011459768	0.099557244751592	0.147933072699256	0.0152209860371261	61.5999233932655	54.591700534891	7.0082228583745	OU	Lemuridae	STR	Indriidae	STR	superfamily
Eulemur_sanfordi	Nycticebus_pygmaeus	7.56916666666667	7.73333333333333	99.3606340172	0.0711405356605453	0.818368602292276	0.0988259216259486	0.171523899489094	0.0149105208265086	61.5999233932655	54.591700534891	7.0082228583745	OU	Lemuridae	STR	Lorisidae	STR	superfamily
Aotus_trivirgatus	Propithecus_coquereli	6.82941176470588	7.00483193277311	121.4130573091	0.0760171658190822	0.999999999928344	0.0955460983042011	0.182976787372436	0.0139093767877301	61.5999233932655	54.591700534891	7.0082228583745	OU	Aotidae	PLA	Indriidae	STR	order
Macaca_nemestrina	Varecia_rubra	7.22614900493025	7.39925925925926	121.4130573155	0.0750161800282204	0.999999999981056	0.0942938705672562	0.180609227759158	0.0135486143445955	61.5999233932655	54.591700534891	7.0082228583745	OU	Cercopithecidae	OWM	Lemuridae	STR	order
Callithrix_jacchus	Gorilla_gorilla	7.03722222222222	7.17390376984127	78.0653383503	0.0592300417007017	0.642973170059981	0.0928549318075879	0.14347171072421	0.0132164696829779	61.5999233932655	54.591700534891	7.0082228583745	OU	Callitrichidae	PLA	Hominidae	APE	order
Macaca_fascicularis	Varecia_rubra	7.23010204081633	7.39925925925926	121.4130573156	0.073303158157635	0.99999999998188	0.0921503472967366	0.176553729574942	0.0129419459625868	61.5999233932655	54.591700534891	7.0082228583745	OU	Cercopithecidae	OWM	Lemuridae	STR	order
Gorilla_gorilla	Propithecus_coquereli	7.17390376984127	7.00483193277311	121.413057311	0.073266158705432	0.999999999943993	0.092104042012005	0.17646608266574	0.0129289920194381	61.5999233932655	54.591700534891	7.0082228583745	OU	Hominidae	APE	Indriidae	STR	order
Pan_troglodytes	Cheirogaleus_medius	7.29929285807103	7.46666666666667	121.41305731	0.0725303293342533	0.999999999935757	0.0911830773611015	0.174722542405095	0.0126726835435737	61.5999233932655	54.591700534891	7.0082228583745	OU	Hominidae	APE	Cheirogaleidae	STR	order
Eulemur_fulvus	Microcebus_murinus	8.025	7.9	71.9834962244	0.0541679205537165	0.592881011438353	0.0884523025351953	0.131520240565067	0.012016201910145	61.5999233932655	54.591700534891	7.0082228583745	OU	Lemuridae	STR	Cheirogaleidae	STR	superfamily
Leontopithecus_rosalia	Eulemur_mongoz	6.79392857142857	6.63126666666667	121.4130573067	0.07048845707407	0.999999999908577	0.0886268301962082	0.169879856291578	0.0119745689590528	61.5999233932655	54.591700534891	7.0082228583745	OU	Callitrichidae	PLA	Lemuridae	STR	order
Eulemur_mongoz	Mirza_zaza	6.63126666666667	6.50694444444444	71.983496225	0.053874210051162	0.592881011443295	0.0879746481230234	0.130813550380593	0.0118868315137739	61.5999233932655	54.591700534891	7.0082228583745	OU	Lemuridae	STR	Cheirogaleidae	STR	superfamily
Eulemur_coronatus	Lemur_catta	7.24285714285714	7.14560283687943	47.7997285391	0.0421445081576592	0.39369512303758	0.0844676781293712	0.104349982074993	0.0111705185395232	61.5999233932655	54.591700534891	7.0082228583745	OU	Lemuridae	STR	Lemuridae	STR	family
Pan_troglodytes	Eulemur_collaris	7.29929285807103	7.45559523809524	121.4130573104	0.0677325992280663	0.999999999939051	0.0851752848678846	0.163333605817339	0.0110630096639751	61.5999233932655	54.591700534891	7.0082228583745	OU	Hominidae	APE	Lemuridae	STR	order
Leontopithecus_chrysomelas	Pan_paniscus	6.93472222222222	7.05857142857143	78.0653383517	0.0536692317613186	0.642973170071512	0.0841713423176029	0.130128175482563	0.0108618516817342	61.5999233932655	54.591700534891	7.0082228583745	OU	Callitrichidae	PLA	Hominidae	APE	order
Macaca_arctoides	Loris_tardigradus	7.77916666666667	7.93333333333333	121.4130573138	0.0668071020162473	0.999999999967055	0.0840157919323131	0.161132621214187	0.0107648034639562	61.5999233932655	54.591700534891	7.0082228583745	OU	Cercopithecidae	OWM	Lorisidae	STR	order
Pan_troglodytes	Lemur_catta	7.29929285807103	7.14560283687943	121.413057312	0.0666005508624442	0.999999999952229	0.0837569934578285	0.160641235871027	0.0106987948007453	61.5999233932655	54.591700534891	7.0082228583745	OU	Hominidae	APE	Lemuridae	STR	order
Eulemur_flavifrons	Varecia_variegata	7.85219696969697	7.75233333333333	52.6432531401	0.0432752441660071	0.433588069545977	0.0826542348524775	0.106476539030821	0.0106271333280345	61.5999233932655	54.591700534891	7.0082228583745	OU	Lemuridae	STR	Lemuridae	STR	family
Pongo_pygmaeus	Galago_moholi	7.36292328042328	7.5125	121.413057317	0.064818078901739	0.999999999993411	0.0815232774477223	0.156398151278473	0.010137427709721	61.5999233932655	54.591700534891	7.0082228583745	OU	Hominidae	APE	Galagidae	STR	order
Eulemur_rubriventer	Loris_tardigradus	7.80108333333333	7.93333333333333	99.3606340177	0.057309659945832	0.818368602296394	0.0796842922111068	0.138554898996173	0.00970288220126988	61.5999233932655	54.591700534891	7.0082228583745	OU	Lemuridae	STR	Lorisidae	STR	superfamily
Macaca_mulatta	Lemur_catta	7.00058812183339	7.14560283687943	121.4130573147	0.0628411645098698	0.999999999974467	0.0790451426832311	0.151686896778996	0.00953218123472393	61.5999233932655	54.591700534891	7.0082228583745	OU	Cercopithecidae	OWM	Lemuridae	STR	order
Leontopithecus_rosalia	Saimiri_sciureus	6.79392857142857	6.71305004023754	41.3912937967	0.0350481748164556	0.340913034488192	0.0755156393373724	0.0879072483288914	0.00903746203687988	61.5999233932655	54.591700534891	7.0082228583745	OU	Callitrichidae	PLA	Cebidae	PLA	superfamily
Macaca_nigra	Eulemur_coronatus	7.38333333333333	7.24285714285714	121.4130573131	0.060874425003224	0.999999999961289	0.0765790006186808	0.146994506586555	0.00894820606743555	61.5999233932655	54.591700534891	7.0082228583745	OU	Cercopithecidae	OWM	Lemuridae	STR	order
Eulemur_sanfordi	Cheirogaleus_medius	7.56916666666667	7.46666666666667	71.9834962252	0.0444176948540475	0.592881011444942	0.0725797068940501	0.108007684911543	0.00809176259263375	61.5999233932655	54.591700534891	7.0082228583745	OU	Lemuridae	STR	Cheirogaleidae	STR	superfamily
Eulemur_flavifrons	Nycticebus_pygmaeus	7.85219696969697	7.73333333333333	99.3606340171	0.0515087680901713	0.818368602291453	0.0716415706731162	0.124651480993106	0.00784566295504537	61.5999233932655	54.591700534891	7.0082228583745	OU	Lemuridae	STR	Lorisidae	STR	superfamily
Macaca_nigra	Galago_moholi	7.38333333333333	7.5125	121.413057315	0.0559735179055089	0.999999999976938	0.0704304825727732	0.135279261955167	0.00757205619146617	61.5999233932655	54.591700534891	7.0082228583745	OU	Cercopithecidae	OWM	Galagidae	STR	order
Eulemur_rubriventer	Microcebus_murinus	7.80108333333333	7.9	71.983496226	0.0428648811315092	0.592881011451531	0.0700490149473979	0.104253759466682	0.00753747365953148	61.5999233932655	54.591700534891	7.0082228583745	OU	Lemuridae	STR	Cheirogaleidae	STR	superfamily
Hapalemur_griseus	Mirza_zaza	6.41	6.50694444444444	71.9834962278	0.0420102317183249	0.592881011466357	0.0686558495588092	0.102186643584706	0.00724071861383098	61.5999233932655	54.591700534891	7.0082228583745	OU	Lemuridae	STR	Cheirogaleidae	STR	superfamily
Eulemur_rubriventer	Eulemur_flavifrons	7.80108333333333	7.85219696969697	22.8374257191	0.0221497551500576	0.188096949567152	0.0642762797431063	0.0610076945240419	0.00718409043361233	61.5999233932655	54.591700534891	7.0082228583745	OU	Lemuridae	STR	Lemuridae	STR	family
Varecia_rubra	Galago_moholi	7.39925925925926	7.5125	99.36063402	0.0490721235831069	0.818368602315338	0.0682610214442396	0.118799646762476	0.00712362489355539	61.5999233932655	54.591700534891	7.0082228583745	OU	Lemuridae	STR	Galagidae	STR	superfamily
Macaca_arctoides	Microcebus_murinus	7.77916666666667	7.9	121.4130573121	0.0523623232019245	0.999999999953053	0.0658972829959355	0.126627758740476	0.0066305236298154	61.5999233932655	54.591700534891	7.0082228583745	OU	Cercopithecidae	OWM	Cheirogaleidae	STR	order
Pongo_pygmaeus	Eulemur_coronatus	7.36292328042328	7.24285714285714	121.4130573151	0.0520298640069939	0.999999999977762	0.0654798311138477	0.12583049310542	0.00654694344435357	61.5999233932655	54.591700534891	7.0082228583745	OU	Hominidae	APE	Lemuridae	STR	order
Macaca_nigra	Pan_troglodytes	7.38333333333333	7.29929285807103	62.151576032	0.036418382298439	0.511901910758392	0.0640623824621192	0.0890094765741467	0.00633242634562305	61.5999233932655	54.591700534891	7.0082228583745	OU	Cercopithecidae	OWM	Hominidae	APE	order
Pan_troglodytes	Pongo_pygmaeus	7.29929285807103	7.36292328042328	40.643277586	0.0275738213022088	0.334752113848972	0.0599886028738459	0.0693376329614185	0.00571140082974614	61.5999233932655	54.591700534891	7.0082228583745	OU	Hominidae	APE	Hominidae	APE	family
Callithrix_jacchus	Lemur_catta	7.03722222222222	7.14560283687943	121.4130573063	0.0469660201945177	0.999999999905282	0.0591192646134146	0.113671634741941	0.00533870429333953	61.5999233932655	54.591700534891	7.0082228583745	OU	Callitrichidae	PLA	Lemuridae	STR	order
Pongo_pygmaeus	Cheirogaleus_medius	7.36292328042328	7.46666666666667	121.413057314	0.0449565080320445	0.999999999968702	0.0565940987891851	0.108838979165808	0.00489302044122031	61.5999233932655	54.591700534891	7.0082228583745	OU	Hominidae	APE	Cheirogaleidae	STR	order
Macaca_nemestrina	Pan_troglodytes	7.22614900493025	7.29929285807103	62.1515760325	0.0316964034073795	0.51190191076251	0.0557706538882935	0.0775076592024892	0.00479918902741418	61.5999233932655	54.591700534891	7.0082228583745	OU	Cercopithecidae	OWM	Hominidae	APE	order
Eulemur_macaco	Varecia_variegata	7.6859375	7.75233333333333	52.6432531401	0.0287721938007815	0.433588069545977	0.0550089126421819	0.0709103534278918	0.00470549485700936	61.5999233932655	54.591700534891	7.0082228583745	OU	Lemuridae	STR	Lemuridae	STR	family
Eulemur_fulvus	Loris_tardigradus	8.025	7.93333333333333	99.3606340161	0.0397231417393937	0.818368602283216	0.0552795442184572	0.0962896977811756	0.00467384660449291	61.5999233932655	54.591700534891	7.0082228583745	OU	Lemuridae	STR	Lorisidae	STR	superfamily
Pan_troglodytes	Varecia_rubra	7.29929285807103	7.39925925925926	121.413057313	0.0433197766208409	0.999999999960466	0.0545369501067543	0.104899822146629	0.00454423686313757	61.5999233932655	54.591700534891	7.0082228583745	OU	Hominidae	APE	Lemuridae	STR	order
Hapalemur_griseus	Propithecus_tattersalli	6.41	6.33333333333333	71.9834962288	0.0332229912729478	0.592881011474593	0.0543203160315831	0.0808954633167419	0.00453310060497419	61.5999233932655	54.591700534891	7.0082228583745	OU	Lemuridae	STR	Indriidae	STR	superfamily
Macaca_fascicularis	Pan_troglodytes	7.23010204081633	7.29929285807103	62.1515760326	0.0299833815367942	0.511901910763334	0.0527610696658427	0.0733309347516813	0.00429517715968429	61.5999233932655	54.591700534891	7.0082228583745	OU	Cercopithecidae	OWM	Hominidae	APE	order
Macaca_arctoides	Eulemur_macaco	7.77916666666667	7.6859375	121.4130573132	0.0404002407463157	0.999999999962113	0.0508665965817889	0.0978669479106383	0.00395384825684672	61.5999233932655	54.591700534891	7.0082228583745	OU	Cercopithecidae	OWM	Lemuridae	STR	order
Pongo_pygmaeus	Eulemur_collaris	7.36292328042328	7.45559523809524	121.4130573144	0.0401587779258575	0.999999999971996	0.0505629873149865	0.0972849360119823	0.00390684414094586	61.5999233932655	54.591700534891	7.0082228583745	OU	Hominidae	APE	Lemuridae	STR	order
Eulemur_flavifrons	Loris_tardigradus	7.85219696969697	7.93333333333333	99.3606340168	0.0351599047957744	0.818368602288982	0.048937735812437	0.0852732720758761	0.00366363044650783	61.5999233932655	54.591700534891	7.0082228583745	OU	Lemuridae	STR	Lorisidae	STR	superfamily
Varecia_rubra	Cheirogaleus_medius	7.39925925925926	7.46666666666667	71.983496227	0.0292105527134124	0.592881011459768	0.0477682739579857	0.0711532027019973	0.00350563492181576	61.5999233932655	54.591700534891	7.0082228583745	OU	Lemuridae	STR	Cheirogaleidae	STR	superfamily
Pan_paniscus	Lemur_catta	7.05857142857143	7.14560283687943	121.413057312	0.0377144832872466	0.999999999952229	0.0474891870682049	0.0913904197191801	0.00344674245727812	61.5999233932655	54.591700534891	7.0082228583745	OU	Hominidae	APE	Lemuridae	STR	order
Eulemur_collaris	Varecia_rubra	7.45559523809524	7.39925925925926	52.6432531394	0.0244128226072254	0.433588069540212	0.0466846961812877	0.0601887138922668	0.00338887644387245	61.5999233932655	54.591700534891	7.0082228583745	OU	Lemuridae	STR	Lemuridae	STR	family
Cebuella_pygmaea	Eulemur_mongoz	6.71666666666667	6.63126666666667	121.4130573057	0.0370075233222991	0.99999999990034	0.0466000223051166	0.0896846037199779	0.003319005064149	61.5999233932655	54.591700534891	7.0082228583745	OU	Callitrichidae	PLA	Lemuridae	STR	order
Macaca_fascicularis	Lemur_catta	7.23010204081633	7.14560283687943	121.4130573146	0.0366171693256501	0.999999999973644	0.0461090374388775	0.0887425451197491	0.00324950080112464	61.5999233932655	54.591700534891	7.0082228583745	OU	Cercopithecidae	OWM	Lemuridae	STR	order
Macaca_nigra	Cheirogaleus_medius	7.38333333333333	7.46666666666667	121.413057312	0.0361119470358143	0.999999999952229	0.0454735459853074	0.0875230847434274	0.00316062900081673	61.5999233932655	54.591700534891	7.0082228583745	OU	Cercopithecidae	OWM	Cheirogaleidae	STR	order
Leontopithecus_chrysomelas	Macaca_mulatta	6.93472222222222	7.00058812183339	78.0653383544	0.0285425505386954	0.64297317009375	0.0448240350955359	0.0694270445119468	0.00308197140861346	61.5999233932655	54.591700534891	7.0082228583745	OU	Callitrichidae	PLA	Cercopithecidae	OWM	order
Saimiri_sciureus	Eulemur_mongoz	6.71305004023754	6.63126666666667	121.4130573	0.0354402822576144	0.999999999853393	0.0446286509433879	0.0859015616759334	0.00304437559261128	61.5999233932655	54.591700534891	7.0082228583745	OU	Cebidae	PLA	Lemuridae	STR	order
Macaca_mulatta	Pan_paniscus	7.00058812183339	7.05857142857143	62.1515760327	0.0251266812226232	0.511901910764157	0.0442244491054245	0.0614786194999619	0.00301767514771826	61.5999233932655	54.591700534891	7.0082228583745	OU	Cercopithecidae	OWM	Hominidae	APE	order
Macaca_nemestrina	Lemur_catta	7.22614900493025	7.14560283687943	121.4130573145	0.0349041474550647	0.99999999997282	0.0439542046133276	0.0846069760621876	0.00295313436828199	61.5999233932655	54.591700534891	7.0082228583745	OU	Cercopithecidae	OWM	Lemuridae	STR	order
Macaca_fascicularis	Gorilla_gorilla	7.23010204081633	7.17390376984127	62.1515760326	0.024353147819466	0.511901910763334	0.0428643157904569	0.059589558150704	0.00283490506213736	61.5999233932655	54.591700534891	7.0082228583745	OU	Cercopithecidae	OWM	Hominidae	APE	order
Eulemur_rubriventer	Nycticebus_pygmaeus	7.80108333333333	7.73333333333333	99.360634018	0.0293590129401137	0.818368602298865	0.0408714587381309	0.0712455301166799	0.00255593681715685	61.5999233932655	54.591700534891	7.0082228583745	OU	Lemuridae	STR	Lorisidae	STR	superfamily
Eulemur_rubriventer	Varecia_variegata	7.80108333333333	7.75233333333333	52.643253141	0.0211254890159495	0.43358806955339	0.0404041152248103	0.0520963654777592	0.00253826448178084	61.5999233932655	54.591700534891	7.0082228583745	OU	Lemuridae	STR	Lemuridae	STR	family
Macaca_nemestrina	Gorilla_gorilla	7.22614900493025	7.17390376984127	62.1515760325	0.0226401259488807	0.51190191076251	0.0398518054816381	0.0554049749713604	0.00245042181944136	61.5999233932655	54.591700534891	7.0082228583745	OU	Cercopithecidae	OWM	Hominidae	APE	order
Macaca_arctoides	Eulemur_flavifrons	7.77916666666667	7.85219696969697	121.4130573132	0.0316471972204729	0.999999999962113	0.0398563708075466	0.0767378349078688	0.00242853739569342	61.5999233932655	54.591700534891	7.0082228583745	OU	Cercopithecidae	OWM	Lemuridae	STR	order
Macaca_nigra	Eulemur_collaris	7.38333333333333	7.45559523809524	121.4130573124	0.0313142169296273	0.999999999955524	0.0394373600676515	0.075932882294369	0.00237777874836348	61.5999233932655	54.591700534891	7.0082228583745	OU	Cercopithecidae	OWM	Lemuridae	STR	order
Leontopithecus_chrysomelas	Propithecus_coquereli	6.93472222222222	7.00483193277311	121.4130573067	0.0303815778493172	0.999999999908577	0.0382637020826209	0.073677892315737	0.00223845062136882	61.5999233932655	54.591700534891	7.0082228583745	OU	Callitrichidae	PLA	Indriidae	STR	order
Gorilla_gorilla	Eulemur_coronatus	7.17390376984127	7.24285714285714	121.4130573111	0.0298804866514751	0.999999999944816	0.0376330810959556	0.0724660787150887	0.00216532169785044	61.5999233932655	54.591700534891	7.0082228583745	OU	Hominidae	APE	Lemuridae	STR	order
Eulemur_collaris	Galago_moholi	7.45559523809524	7.5125	99.3606340174	0.0246593009758815	0.818368602293923	0.0343332899825801	0.0598642039261745	0.00180384415794937	61.5999233932655	54.591700534891	7.0082228583745	OU	Lemuridae	STR	Galagidae	STR	superfamily
Eulemur_sanfordi	Galago_moholi	7.56916666666667	7.5125	99.3606340182	0.024556123984353	0.818368602300513	0.0341897241905558	0.059614193674707	0.0017887948376663	61.5999233932655	54.591700534891	7.0082228583745	OU	Lemuridae	STR	Galagidae	STR	superfamily
Aotus_trivirgatus	Leontopithecus_rosalia	6.82941176470588	6.79392857142857	40.5102348772	0.0153764063555003	0.333656328010619	0.0335289934622819	0.0387121271328239	0.00178403149500927	61.5999233932655	54.591700534891	7.0082228583745	OU	Aotidae	PLA	Callitrichidae	PLA	superfamily
Eulemur_flavifrons	Microcebus_murinus	7.85219696969697	7.9	71.9834962251	0.0207151259814516	0.592881011444119	0.0338856969902322	0.0504927383887746	0.00176420464930092	61.5999233932655	54.591700534891	7.0082228583745	OU	Lemuridae	STR	Cheirogaleidae	STR	superfamily
Pan_troglodytes	Eulemur_coronatus	7.29929285807103	7.24285714285714	121.4130573111	0.0244560427047851	0.999999999944817	0.0308050187715851	0.0593377049173249	0.00145116544554211	61.5999233932655	54.591700534891	7.0082228583745	OU	Hominidae	APE	Lemuridae	STR	order
Pan_paniscus	Propithecus_coquereli	7.05857142857143	7.00483193277311	121.413057311	0.0232876539120014	0.999999999943993	0.0293339871917069	0.056507706251327	0.00131593190661564	61.5999233932655	54.591700534891	7.0082228583745	OU	Hominidae	APE	Indriidae	STR	order
Eulemur_macaco	Nycticebus_pygmaeus	7.6859375	7.73333333333333	99.3606340171	0.0205386698766173	0.818368602291453	0.0285988151510062	0.0498750929530262	0.0012517196607489	61.5999233932655	54.591700534891	7.0082228583745	OU	Lemuridae	STR	Lorisidae	STR	superfamily
Cheirogaleus_medius	Galago_moholi	7.46666666666667	7.5125	99.360634017	0.0198615708696945	0.818368602290629	0.0276563811852783	0.0482328976102106	0.00117059856824237	61.5999233932655	54.591700534891	7.0082228583745	OU	Cheirogaleidae	STR	Galagidae	STR	superfamily
Macaca_arctoides	Nycticebus_pygmaeus	7.77916666666667	7.73333333333333	121.4130573141	0.0198615708696984	0.999999999969526	0.0250199035615173	0.0482052799949836	0.000957432584943198	61.5999233932655	54.591700534891	7.0082228583745	OU	Cercopithecidae	OWM	Lorisidae	STR	order
Callithrix_jacchus	Macaca_mulatta	7.03722222222222	7.00058812183339	78.065338353	0.0158751443153521	0.642973170082219	0.0249398449155083	0.0386485131188908	0.000954240008580319	61.5999233932655	54.591700534891	7.0082228583745	OU	Callitrichidae	PLA	Cercopithecidae	OWM	order
Microcebus_murinus	Loris_tardigradus	7.9	7.93333333333333	99.3606340157	0.0144447788143228	0.818368602279922	0.0201156297123772	0.0350885453011216	0.000619337391951508	61.5999233932655	54.591700534891	7.0082228583745	OU	Cheirogaleidae	STR	Lorisidae	STR	superfamily
Pongo_pygmaeus	Varecia_rubra	7.36292328042328	7.39925925925926	121.413057317	0.0157459553186321	0.999999999993411	0.0198366119881915	0.0382250675134365	0.000601890205122232	61.5999233932655	54.591700534891	7.0082228583745	OU	Hominidae	APE	Lemuridae	STR	order
Callithrix_jacchus	Propithecus_coquereli	7.03722222222222	7.00483193277311	121.4130573053	0.0140361170047303	0.999999999897046	0.0176829473396196	0.0340769222948945	0.000478307668541487	61.5999233932655	54.591700534891	7.0082228583745	OU	Callitrichidae	PLA	Indriidae	STR	order
Macaca_nigra	Pongo_pygmaeus	7.38333333333333	7.36292328042328	62.151576036	0.00884456099623017	0.511901910791337	0.0155739421193152	0.0216591957827078	0.000374224190594079	61.5999233932655	54.591700534891	7.0082228583745	OU	Cercopithecidae	OWM	Hominidae	APE	order
Gorilla_gorilla	Lemur_catta	7.17390376984127	7.14560283687943	121.413057312	0.012264021506184	0.999999999952229	0.0154507294686487	0.0297767663841194	0.000365182903336903	61.5999233932655	54.591700534891	7.0082228583745	OU	Hominidae	APE	Lemuridae	STR	order
Macaca_arctoides	Varecia_variegata	7.77916666666667	7.75233333333333	121.4130573151	0.0116280469455342	0.999999999977762	0.0146495945037788	0.0282332968251956	0.000328298100917877	61.5999233932655	54.591700534891	7.0082228583745	OU	Cercopithecidae	OWM	Lemuridae	STR	order
Callithrix_jacchus	Pan_paniscus	7.03722222222222	7.05857142857143	78.0653383503	0.00925153690727107	0.642973170059981	0.0145357239065434	0.022528963527168	0.000324162107004737	61.5999233932655	54.591700534891	7.0082228583745	OU	Callitrichidae	PLA	Hominidae	APE	order
Macaca_arctoides	Eulemur_rubriventer	7.77916666666667	7.80108333333333	121.4130573141	0.00949744207041527	0.999999999969526	0.0119655758418877	0.0230617175620143	0.000219027326596184	61.5999233932655	54.591700534891	7.0082228583745	OU	Cercopithecidae	OWM	Lemuridae	STR	order
Varecia_variegata	Nycticebus_pygmaeus	7.75233333333333	7.73333333333333	99.360634019	0.00823352392416419	0.818368602307102	0.0114667290903454	0.0200048255476576	0.00020126653109739	61.5999233932655	54.591700534891	7.0082228583745	OU	Lemuridae	STR	Lorisidae	STR	superfamily
Macaca_nemestrina	Eulemur_coronatus	7.22614900493025	7.24285714285714	121.4130573136	0.00724036070259446	0.999999999965407	0.00912208199008324	0.0175820912322163	0.000127300682431573	61.5999233932655	54.591700534891	7.0082228583745	OU	Cercopithecidae	OWM	Lemuridae	STR	order
Macaca_nigra	Varecia_rubra	7.38333333333333	7.39925925925926	121.413057315	0.00690139432240192	0.999999999976938	0.00869503783753627	0.0167590880679264	0.000115661075243288	61.5999233932655	54.591700534891	7.0082228583745	OU	Cercopithecidae	OWM	Lemuridae	STR	order
Macaca_fascicularis	Macaca_nemestrina	7.23010204081633	7.22614900493025	10.9824679331	0.00171302187058537	0.0904554104452973	0.00717600956111472	0.00580942515107941	0.000110017436108435	61.5999233932655	54.591700534891	7.0082228583745	OU	Cercopithecidae	OWM	Cercopithecidae	OWM	family
Eulemur_collaris	Cheirogaleus_medius	7.45559523809524	7.46666666666667	71.9834962244	0.00479773010618701	0.592881011438353	0.00785033637209343	0.0117017758362	9.46934732974257e-05	61.5999233932655	54.591700534891	7.0082228583745	OU	Lemuridae	STR	Cheirogaleidae	STR	superfamily
Macaca_fascicularis	Eulemur_coronatus	7.23010204081633	7.24285714285714	121.4130573137	0.00552733883200909	0.999999999966231	0.00696392049647158	0.0134227369834075	7.41920153627382e-05	61.5999233932655	54.591700534891	7.0082228583745	OU	Cercopithecidae	OWM	Lemuridae	STR	order
Cebuella_pygmaea	Saimiri_sciureus	6.71666666666667	6.71305004023754	41.3912937957	0.00156724106468467	0.340913034479956	0.00338186236855222	0.00393889857352328	1.81078544077097e-05	61.5999233932655	54.591700534891	7.0082228583745	OU	Callitrichidae	PLA	Cebidae	PLA	superfamily
Macaca_mulatta	Propithecus_coquereli	7.00058812183339	7.00483193277311	121.4130573137	0.00183902731062179	0.999999999966231	0.00231702542117842	0.00446613030119688	8.21333559697395e-06	61.5999233932655	54.591700534891	7.0082228583745	OU	Cercopithecidae	OWM	Indriidae	STR	order
