Species1	Species2	TraitValue1	TraitValue2	PatristicDistance	NormalizedTraitDifference	NormalizedPatristicDistance	Sbm	Sou	FinalScore	AIC_BM	AIC_OU	delta_AIC	SelectedModel	family_1	superfamily_1	family_2	superfamily_2	taxonomic_level
Pan_paniscus	Gorilla_gorilla	45000	170400	20.238906202	0.736390862646074	0.166694642643812	0.999999999986803	0.999999999986803	4.41760365514478	1730.89001088529	1732.89001088529	-1.99999999999886	BM	Hominidae	APE	Hominidae	APE	family
Pan_paniscus	Gorilla_beringei	45000	162500	20.238906202	0.689999412766457	0.166694642643812	0.999999999770512	0.999999999770512	4.13930166959523	1730.89001088529	1732.89001088529	-1.99999999999886	BM	Hominidae	APE	Hominidae	APE	family
Pan_troglodytes	Gorilla_gorilla	59700	170400	20.238906202	0.65006753185742	0.166694642643812	0.999999997674473	0.999999997674473	3.89975058607441	1730.89001088529	1732.89001088529	-1.99999999999886	BM	Hominidae	APE	Hominidae	APE	family
Pan_troglodytes	Gorilla_beringei	59700	162500	20.238906202	0.603676081977803	0.166694642643812	0.999999970936724	0.999999970936725	3.6214485052343	1730.89001088529	1732.89001088529	-1.99999999999886	BM	Hominidae	APE	Hominidae	APE	family
Gorilla_gorilla	Hylobates_klossii	170400	5670	45.7765141043	0.967349815021434	0.377031228068127	0.99999999658499	0.99999999658499	2.5657020949552	1730.89001088529	1732.89001088529	-1.99999999999886	BM	Hominidae	APE	Hylobatidae	APE	superfamily
Gorilla_gorilla	Hylobates_lar	170400	5900	45.7765141047	0.96599917787304	0.377031228071422	0.999999996409666	0.999999996409666	2.5621197993228	1730.89001088529	1732.89001088529	-1.99999999999886	BM	Hominidae	APE	Hylobatidae	APE	superfamily
Gorilla_gorilla	Nomascus_concolor	170400	7790	45.776514104	0.954900463914499	0.377031228065657	0.999999994596034	0.999999994596034	2.53268267366957	1730.89001088529	1732.89001088529	-1.99999999999886	BM	Hominidae	APE	Hylobatidae	APE	superfamily
Gorilla_beringei	Hylobates_klossii	162500	5670	45.7765141043	0.920958365141817	0.377031228068127	0.999999981647081	0.999999981647081	2.44265800729146	1730.89001088529	1732.89001088529	-1.99999999999886	BM	Hominidae	APE	Hylobatidae	APE	superfamily
Gorilla_beringei	Hylobates_lar	162500	5900	45.7765141047	0.919607727993423	0.377031228071422	0.999999980748775	0.999999980748775	2.43907570997181	1730.89001088529	1732.89001088529	-1.99999999999886	BM	Hominidae	APE	Hylobatidae	APE	superfamily
Gorilla_beringei	Nomascus_concolor	162500	7790	45.776514104	0.908509014034882	0.377031228065657	0.999999971561549	0.999999971561549	2.40963856723317	1730.89001088529	1732.89001088529	-1.99999999999886	BM	Hominidae	APE	Hylobatidae	APE	superfamily
Gorilla_beringei	Gorilla_gorilla	162500	170400	2.069936054	0.0463914498796171	0.0170487104082223	0.817444126525289	0.817444126783511	2.22435699340614	1730.89001088529	1732.89001088529	-1.99999999999886	BM	Hominidae	APE	Hominidae	APE	family
Pan_paniscus	Pan_troglodytes	45000	59700	4.786270704	0.0863233307886546	0.0394213835785742	0.897127407743974	0.897127407947097	1.96449284495287	1730.89001088529	1732.89001088529	-1.99999999999886	BM	Hominidae	APE	Hominidae	APE	family
Cercopithecus_ascanius	Gorilla_gorilla	3700	170400	62.1515760317	0.978918315814199	0.51190191075297	0.999999714766448	0.999999714766452	1.91231565272717	1730.89001088529	1732.89001088529	-1.99999999999886	BM	Cercopithecidae	OWM	Hominidae	APE	order
Cercopithecus_pogonias	Gorilla_gorilla	4260	170400	62.1515760316	0.975629807974632	0.511901910752146	0.999999687433959	0.999999687433964	1.90589150486345	1730.89001088529	1732.89001088529	-1.99999999999886	BM	Cercopithecidae	OWM	Hominidae	APE	order
Cercopithecus_cephus	Gorilla_gorilla	4290	170400	62.1515760317	0.975453637911798	0.51190191075297	0.999999685900493	0.999999685900498	1.90554735395981	1730.89001088529	1732.89001088529	-1.99999999999886	BM	Cercopithecidae	OWM	Hominidae	APE	order
Chlorocebus_pygerythrus	Gorilla_gorilla	4290	170400	62.1515760319	0.975453637911798	0.511901910754617	0.999999685900493	0.999999685900498	1.90554735395368	1730.89001088529	1732.89001088529	-1.99999999999886	BM	Cercopithecidae	OWM	Hominidae	APE	order
Cercopithecus_petaurista	Gorilla_gorilla	4400	170400	62.1515760317	0.97480768101474	0.51190191075297	0.9999996802154	0.999999680215405	1.90428546721458	1730.89001088529	1732.89001088529	-1.99999999999886	BM	Cercopithecidae	OWM	Hominidae	APE	order
Cercopithecus_mona	Gorilla_gorilla	4768	170400	62.1515760316	0.972646661577309	0.511901910752146	0.99999966046501	0.999999660465015	1.90006388118499	1730.89001088529	1732.89001088529	-1.99999999999886	BM	Cercopithecidae	OWM	Hominidae	APE	order
Cercopithecus_diana	Gorilla_gorilla	5200	170400	62.1515760327	0.9701098126725	0.511901910761206	0.999999635775581	0.999999635775586	1.89510810360573	1730.89001088529	1732.89001088529	-1.99999999999886	BM	Cercopithecidae	OWM	Hominidae	APE	order
Macaca_fascicularis	Gorilla_gorilla	5360	170400	62.1515760326	0.969170239004052	0.511901910760383	0.999999626198756	0.999999626198762	1.89327262968681	1730.89001088529	1732.89001088529	-1.99999999999886	BM	Cercopithecidae	OWM	Hominidae	APE	order
Allochrocebus_lhoesti	Gorilla_gorilla	5970	170400	62.1515760313	0.965588114393094	0.511901910749675	0.999999587408373	0.99999958740838	1.88627488142295	1730.89001088529	1732.89001088529	-1.99999999999886	BM	Cercopithecidae	OWM	Hominidae	APE	order
Allenopithecus_nigroviridis	Gorilla_gorilla	6130	170400	62.151576028	0.964648540724646	0.511901910722495	0.999999576607674	0.999999576607681	1.88443940546805	1730.89001088529	1732.89001088529	-1.99999999999886	BM	Cercopithecidae	OWM	Hominidae	APE	order
Trachypithecus_cristatus	Gorilla_gorilla	6610	170400	62.1515760321	0.961829819719302	0.511901910756264	0.999999542543836	0.999999542543843	1.87893297429453	1730.89001088529	1732.89001088529	-1.99999999999886	BM	Cercopithecidae	OWM	Hominidae	APE	order
Cercopithecus_nictitans	Gorilla_gorilla	6670	170400	62.1515760318	0.961477479593634	0.511901910753794	0.999999538104383	0.99999953810439	1.87824467010797	1730.89001088529	1732.89001088529	-1.99999999999886	BM	Cercopithecidae	OWM	Hominidae	APE	order
Presbytis_comata	Gorilla_gorilla	6680	170400	62.151576031	0.961418756239356	0.511901910747204	0.999999537360446	0.999999537360453	1.87812995275924	1730.89001088529	1732.89001088529	-1.99999999999886	BM	Cercopithecidae	OWM	Hominidae	APE	order
Cercopithecus_neglectus	Gorilla_gorilla	7350	170400	62.1515760326	0.957484291502731	0.511901910760383	0.999999484795516	0.999999484795524	1.87044388402512	1730.89001088529	1732.89001088529	-1.99999999999886	BM	Cercopithecidae	OWM	Hominidae	APE	order
Trachypithecus_francoisi	Gorilla_gorilla	7700	170400	62.1515760322	0.955428974103001	0.511901910757088	0.999999455091851	0.999999455091859	1.86642876966198	1730.89001088529	1732.89001088529	-1.99999999999886	BM	Cercopithecidae	OWM	Hominidae	APE	order
Trachypithecus_obscurus	Gorilla_gorilla	7900	170400	62.1515760313	0.954254507017441	0.511901910749675	0.999999437384022	0.999999437384031	1.86413441735569	1730.89001088529	1732.89001088529	-1.99999999999886	BM	Cercopithecidae	OWM	Hominidae	APE	order
Cercopithecus_mitis	Gorilla_gorilla	7930	170400	62.1515760318	0.954078336954607	0.511901910753794	0.999999434680455	0.999999434680463	1.86379026440937	1730.89001088529	1732.89001088529	-1.99999999999886	BM	Cercopithecidae	OWM	Hominidae	APE	order
Semnopithecus_vetulus	Gorilla_gorilla	8170	170400	62.151576032	0.952668976451935	0.511901910755441	0.999999412596388	0.999999412596397	1.86103704017208	1730.89001088529	1732.89001088529	-1.99999999999886	BM	Cercopithecidae	OWM	Hominidae	APE	order
Piliocolobus_badius	Gorilla_gorilla	8360	170400	62.151576032	0.951553232720653	0.511901910755441	0.999999394525658	0.999999394525667	1.85885740331645	1730.89001088529	1732.89001088529	-1.99999999999886	BM	Cercopithecidae	OWM	Hominidae	APE	order
Macaca_silenus	Gorilla_gorilla	8900	170400	62.151576033	0.948382171589641	0.511901910763677	0.999999340193047	0.999999340193057	1.85266264082831	1730.89001088529	1732.89001088529	-1.99999999999886	BM	Cercopithecidae	OWM	Hominidae	APE	order
Colobus_angolensis	Gorilla_gorilla	9680	170400	62.151576032	0.943801749955957	0.511901910755441	0.999999253344567	0.999999253344579	1.84371463640063	1730.89001088529	1732.89001088529	-1.99999999999886	BM	Cercopithecidae	OWM	Hominidae	APE	order
Macaca_nigra	Gorilla_gorilla	9890	170400	62.151576032	0.94256855951612	0.511901910755441	0.999999228141947	0.999999228141959	1.84130555519121	1730.89001088529	1732.89001088529	-1.99999999999886	BM	Cercopithecidae	OWM	Hominidae	APE	order
Colobus_polykomos	Gorilla_gorilla	9900	170400	62.151576032	0.942509836161842	0.511901910755441	0.999999226921607	0.999999226921618	1.84119083700419	1730.89001088529	1732.89001088529	-1.99999999999886	BM	Cercopithecidae	OWM	Hominidae	APE	order
Pygathrix_nemaeus	Gorilla_gorilla	11000	170400	62.1515760308	0.936050267191262	0.511901910745557	0.999999080712997	0.999999080713011	1.82857181628627	1730.89001088529	1732.89001088529	-1.99999999999886	BM	Cercopithecidae	OWM	Hominidae	APE	order
Cercocebus_torquatus	Gorilla_gorilla	11000	170400	62.151576032	0.936050267191262	0.511901910755441	0.999999080712997	0.999999080713011	1.82857181625097	1730.89001088529	1732.89001088529	-1.99999999999886	BM	Cercopithecidae	OWM	Hominidae	APE	order
Macaca_fuscata	Gorilla_gorilla	11000	170400	62.1515760326	0.936050267191262	0.511901910760383	0.999999080712997	0.999999080713011	1.82857181623331	1730.89001088529	1732.89001088529	-1.99999999999886	BM	Cercopithecidae	OWM	Hominidae	APE	order
Macaca_mulatta	Gorilla_gorilla	11000	170400	62.1515760327	0.936050267191262	0.511901910761206	0.999999080712997	0.999999080713011	1.82857181623037	1730.89001088529	1732.89001088529	-1.99999999999886	BM	Cercopithecidae	OWM	Hominidae	APE	order
Macaca_nemestrina	Gorilla_gorilla	11200	170400	62.1515760325	0.934875800105702	0.511901910759559	0.999999051413079	0.999999051413093	1.82627744426189	1730.89001088529	1732.89001088529	-1.99999999999886	BM	Cercopithecidae	OWM	Hominidae	APE	order
Cercopithecus_ascanius	Gorilla_beringei	3700	162500	62.1515760317	0.932526865934582	0.51190191075297	0.999998990092921	0.999998990092936	1.82168869578436	1730.89001088529	1732.89001088529	-1.99999999999886	BM	Cercopithecidae	OWM	Hominidae	APE	order
Trachypithecus_pileatus	Gorilla_gorilla	12000	170400	62.1515760321	0.930177931763462	0.511901910756264	0.999998924966364	0.99999892496638	1.81709994091776	1730.89001088529	1732.89001088529	-1.99999999999886	BM	Cercopithecidae	OWM	Hominidae	APE	order
Cercopithecus_pogonias	Gorilla_beringei	4260	162500	62.1515760316	0.929238358095014	0.511901910752146	0.999998897799793	0.999998897799809	1.81526443713203	1730.89001088529	1732.89001088529	-1.99999999999886	BM	Cercopithecidae	OWM	Hominidae	APE	order
Cercopithecus_cephus	Gorilla_beringei	4290	162500	62.1515760317	0.92906218803218	0.51190191075297	0.99999889263304	0.999998892633056	1.81492028004512	1730.89001088529	1732.89001088529	-1.99999999999886	BM	Cercopithecidae	OWM	Hominidae	APE	order
Chlorocebus_pygerythrus	Gorilla_beringei	4290	162500	62.1515760319	0.92906218803218	0.511901910754617	0.99999889263304	0.999998892633056	1.81492028003928	1730.89001088529	1732.89001088529	-1.99999999999886	BM	Cercopithecidae	OWM	Hominidae	APE	order
Cercopithecus_petaurista	Gorilla_beringei	4400	162500	62.1515760317	0.928416231135122	0.51190191075297	0.999998873488143	0.999998873488159	1.81365837040459	1730.89001088529	1732.89001088529	-1.99999999999886	BM	Cercopithecidae	OWM	Hominidae	APE	order
Erythrocebus_patas	Gorilla_gorilla	12400	170400	62.151576032	0.927828997592342	0.511901910755441	0.999998855807619	0.999998855807636	1.8125111793551	1730.89001088529	1732.89001088529	-1.99999999999886	BM	Cercopithecidae	OWM	Hominidae	APE	order
Cercopithecus_mona	Gorilla_beringei	4768	162500	62.1515760316	0.926255211697692	0.511901910752146	0.999998807097242	0.999998807097259	1.80943670517724	1730.89001088529	1732.89001088529	-1.99999999999886	BM	Cercopithecidae	OWM	Hominidae	APE	order
Semnopithecus_entellus	Gorilla_gorilla	13000	170400	62.1515760317	0.924305596335663	0.51190191075297	0.999998743983778	0.999998743983796	1.80562802360565	1730.89001088529	1732.89001088529	-1.99999999999886	BM	Cercopithecidae	OWM	Hominidae	APE	order
Cercopithecus_diana	Gorilla_beringei	5200	162500	62.1515760327	0.923718362792883	0.511901910761206	0.999998724352453	0.999998724352471	1.80448082930622	1730.89001088529	1732.89001088529	-1.99999999999886	BM	Cercopithecidae	OWM	Hominidae	APE	order
Macaca_fascicularis	Gorilla_beringei	5360	162500	62.1515760326	0.922778789124435	0.511901910760383	0.999998692327026	0.999998692327044	1.80264531746102	1730.89001088529	1732.89001088529	-1.99999999999886	BM	Cercopithecidae	OWM	Hominidae	APE	order
Colobus_guereza	Gorilla_gorilla	13500	170400	62.151576032	0.921369428621763	0.511901910755441	0.99999864283472	0.999998642834739	1.79989204730932	1730.89001088529	1732.89001088529	-1.99999999999886	BM	Cercopithecidae	OWM	Hominidae	APE	order
Allochrocebus_lhoesti	Gorilla_beringei	5970	162500	62.1515760313	0.919196664513477	0.511901910749675	0.99999856298764	0.99999856298766	1.79564741665128	1730.89001088529	1732.89001088529	-1.99999999999886	BM	Cercopithecidae	OWM	Hominidae	APE	order
Allenopithecus_nigroviridis	Gorilla_beringei	6130	162500	62.151576028	0.918257090845029	0.511901910722495	0.999998527077215	0.999998527077236	1.79381189850848	1730.89001088529	1732.89001088529	-1.99999999999886	BM	Cercopithecidae	OWM	Hominidae	APE	order
Trachypithecus_cristatus	Gorilla_beringei	6610	162500	62.1515760321	0.915438369839685	0.511901910756264	0.99999841409427	0.999998414094292	1.78830533507542	1730.89001088529	1732.89001088529	-1.99999999999886	BM	Cercopithecidae	OWM	Hominidae	APE	order
Cercopithecus_nictitans	Gorilla_beringei	6670	162500	62.1515760318	0.915086029714017	0.511901910753794	0.999998399398926	0.999998399398948	1.78761701373382	1730.89001088529	1732.89001088529	-1.99999999999886	BM	Cercopithecidae	OWM	Hominidae	APE	order
Presbytis_comata	Gorilla_beringei	6680	162500	62.151576031	0.915027306359739	0.511901910747204	0.99999839693701	0.999998396937033	1.78750229351108	1730.89001088529	1732.89001088529	-1.99999999999886	BM	Cercopithecidae	OWM	Hominidae	APE	order
Macaca_tonkeana	Gorilla_gorilla	14900	170400	62.151576032	0.913148159022843	0.511901910755441	0.999998316205519	0.999998316205542	1.78383124243751	1730.89001088529	1732.89001088529	-1.99999999999886	BM	Cercopithecidae	OWM	Hominidae	APE	order
Cercopithecus_neglectus	Gorilla_beringei	7350	162500	62.1515760326	0.911092841623114	0.511901910760383	0.99999822343347	0.999998223433495	1.77981602305943	1730.89001088529	1732.89001088529	-1.99999999999886	BM	Cercopithecidae	OWM	Hominidae	APE	order
Trachypithecus_francoisi	Gorilla_beringei	7700	162500	62.1515760322	0.909037524223384	0.511901910757088	0.999998125759983	0.999998125760009	1.77580079575097	1730.89001088529	1732.89001088529	-1.99999999999886	BM	Cercopithecidae	OWM	Hominidae	APE	order
Trachypithecus_obscurus	Gorilla_beringei	7900	162500	62.1515760313	0.907863057137824	0.511901910749675	0.999998067651334	0.999998067651361	1.77350637644681	1730.89001088529	1732.89001088529	-1.99999999999886	BM	Cercopithecidae	OWM	Hominidae	APE	order
Cercopithecus_mitis	Gorilla_beringei	7930	162500	62.1515760318	0.90768688707499	0.511901910753794	0.99999805878712	0.999998058787147	1.77316221329378	1730.89001088529	1732.89001088529	-1.99999999999886	BM	Cercopithecidae	OWM	Hominidae	APE	order
Semnopithecus_vetulus	Gorilla_beringei	8170	162500	62.151576032	0.906277526572318	0.511901910755441	0.999997986453438	0.999997986453466	1.77040890588371	1730.89001088529	1732.89001088529	-1.99999999999886	BM	Cercopithecidae	OWM	Hominidae	APE	order
Piliocolobus_badius	Gorilla_beringei	8360	162500	62.151576032	0.905161782841036	0.511901910755441	0.999997927360074	0.999997927360103	1.76822920123661	1730.89001088529	1732.89001088529	-1.99999999999886	BM	Cercopithecidae	OWM	Hominidae	APE	order
Macaca_silenus	Gorilla_beringei	8900	162500	62.151576033	0.901990721710024	0.511901910763677	0.999997750175498	0.999997750175529	1.7620342362926	1730.89001088529	1732.89001088529	-1.99999999999886	BM	Cercopithecidae	OWM	Hominidae	APE	order
Mandrillus_leucophaeus	Gorilla_gorilla	17500	170400	62.151576032	0.897880086910564	0.511901910755441	0.999997498752803	0.999997498752837	1.75400369138194	1730.89001088529	1732.89001088529	-1.99999999999886	BM	Cercopithecidae	OWM	Hominidae	APE	order
Colobus_angolensis	Gorilla_beringei	9680	162500	62.151576032	0.89741030007634	0.511901910755441	0.999997468358043	0.999997468358078	1.75308591216317	1730.89001088529	1732.89001088529	-1.99999999999886	BM	Cercopithecidae	OWM	Hominidae	APE	order
Macaca_nigra	Gorilla_beringei	9890	162500	62.151576032	0.896177109636502	0.511901910755441	0.999997386875617	0.999997386875653	1.75067673900985	1730.89001088529	1732.89001088529	-1.99999999999886	BM	Cercopithecidae	OWM	Hominidae	APE	order
Colobus_polykomos	Gorilla_beringei	9900	162500	62.151576032	0.896118386282224	0.511901910755441	0.999997382933375	0.999997382933411	1.75056201637977	1730.89001088529	1732.89001088529	-1.99999999999886	BM	Cercopithecidae	OWM	Hominidae	APE	order
Rhinopithecus_roxellana	Gorilla_gorilla	17900	170400	62.1515760314	0.895531152739445	0.511901910750499	0.999997343195716	0.999997343195752	1.74941478959418	1730.89001088529	1732.89001088529	-1.99999999999886	BM	Cercopithecidae	OWM	Hominidae	APE	order
Pygathrix_nemaeus	Gorilla_beringei	11000	162500	62.1515760308	0.889658817311645	0.511901910745557	0.999996912626537	0.999996912626578	1.7379424689134	1730.89001088529	1732.89001088529	-1.99999999999886	BM	Cercopithecidae	OWM	Hominidae	APE	order
Cercocebus_torquatus	Gorilla_beringei	11000	162500	62.151576032	0.889658817311645	0.511901910755441	0.999996912626536	0.999996912626577	1.73794246887984	1730.89001088529	1732.89001088529	-1.99999999999886	BM	Cercopithecidae	OWM	Hominidae	APE	order
Macaca_fuscata	Gorilla_beringei	11000	162500	62.1515760326	0.889658817311645	0.511901910760383	0.999996912626536	0.999996912626577	1.73794246886307	1730.89001088529	1732.89001088529	-1.99999999999886	BM	Cercopithecidae	OWM	Hominidae	APE	order
Macaca_mulatta	Gorilla_beringei	11000	162500	62.1515760327	0.889658817311645	0.511901910761206	0.999996912626536	0.999996912626577	1.73794246886027	1730.89001088529	1732.89001088529	-1.99999999999886	BM	Cercopithecidae	OWM	Hominidae	APE	order
Theropithecus_gelada	Gorilla_gorilla	19000	170400	62.151576032	0.889071583768865	0.511901910755441	0.999996866062671	0.999996866062713	1.73679523126256	1730.89001088529	1732.89001088529	-1.99999999999886	BM	Cercopithecidae	OWM	Hominidae	APE	order
Macaca_nemestrina	Gorilla_beringei	11200	162500	62.1515760325	0.888484350226085	0.511901910759559	0.999996818825584	0.999996818825626	1.73564799256966	1730.89001088529	1732.89001088529	-1.99999999999886	BM	Cercopithecidae	OWM	Hominidae	APE	order
Trachypithecus_pileatus	Gorilla_beringei	12000	162500	62.1515760321	0.883786481883845	0.511901910756264	0.999996415553596	0.999996415553644	1.7264700432411	1730.89001088529	1732.89001088529	-1.99999999999886	BM	Cercopithecidae	OWM	Hominidae	APE	order
Erythrocebus_patas	Gorilla_beringei	12400	162500	62.151576032	0.881437547712725	0.511901910755441	0.999996195967433	0.999996195967483	1.72188104044153	1730.89001088529	1732.89001088529	-1.99999999999886	BM	Cercopithecidae	OWM	Hominidae	APE	order
Nasalis_larvatus	Gorilla_gorilla	20400	170400	62.151576031	0.880850314169945	0.511901910747204	0.999996139088485	0.999996139088536	1.7207337866723	1730.89001088529	1732.89001088529	-1.99999999999886	BM	Cercopithecidae	OWM	Hominidae	APE	order
Semnopithecus_entellus	Gorilla_beringei	13000	162500	62.1515760317	0.877914146456046	0.51190191075297	0.999995842248804	0.999995842248858	1.71499749828265	1730.89001088529	1732.89001088529	-1.99999999999886	BM	Cercopithecidae	OWM	Hominidae	APE	order
Papio_hamadryas	Gorilla_gorilla	21000	170400	62.1515760319	0.877326912913266	0.511901910754617	0.99999578031205	0.999995780312105	1.71385023660912	1730.89001088529	1732.89001088529	-1.99999999999886	BM	Cercopithecidae	OWM	Hominidae	APE	order
Colobus_guereza	Gorilla_beringei	13500	162500	62.151576032	0.874977978742146	0.511901910755441	0.99999552360855	0.999995523608608	1.70926117604632	1730.89001088529	1732.89001088529	-1.99999999999886	BM	Cercopithecidae	OWM	Hominidae	APE	order
Papio_cynocephalus	Gorilla_gorilla	21800	170400	62.1515760319	0.872629044571026	0.511901910754617	0.999995251981786	0.999995251981847	1.70467209240546	1730.89001088529	1732.89001088529	-1.99999999999886	BM	Cercopithecidae	OWM	Hominidae	APE	order
Macaca_tonkeana	Gorilla_beringei	14900	162500	62.151576032	0.866756709143226	0.511901910755441	0.99999450211242	0.99999450211249	1.69319927431638	1730.89001088529	1732.89001088529	-1.99999999999886	BM	Cercopithecidae	OWM	Hominidae	APE	order
Papio_anubis	Gorilla_gorilla	25100	170400	62.1515760319	0.853250337659287	0.511901910754617	0.999992323465658	0.999992323465753	1.66681110136113	1730.89001088529	1732.89001088529	-1.99999999999886	BM	Cercopithecidae	OWM	Hominidae	APE	order
Mandrillus_leucophaeus	Gorilla_beringei	17500	162500	62.151576032	0.851488637030947	0.511901910755441	0.999991984697831	0.99999198469793	1.6633690834161	1730.89001088529	1732.89001088529	-1.99999999999886	BM	Cercopithecidae	OWM	Hominidae	APE	order
Rhinopithecus_roxellana	Gorilla_beringei	17900	162500	62.1515760314	0.849139702859827	0.511901910750499	0.99999151072135	0.999991510721454	1.65877969283483	1730.89001088529	1732.89001088529	-1.99999999999886	BM	Cercopithecidae	OWM	Hominidae	APE	order
Theropithecus_gelada	Gorilla_beringei	19000	162500	62.151576032	0.842680133889248	0.511901910755441	0.999990065192048	0.999990065192168	1.64615865719348	1730.89001088529	1732.89001088529	-1.99999999999886	BM	Cercopithecidae	OWM	Hominidae	APE	order
Nasalis_larvatus	Gorilla_beringei	20400	162500	62.151576031	0.834458864290328	0.511901910747204	0.999987883404968	0.999987883405111	1.63009501619594	1730.89001088529	1732.89001088529	-1.99999999999886	BM	Cercopithecidae	OWM	Hominidae	APE	order
Papio_hamadryas	Gorilla_beringei	21000	162500	62.1515760319	0.830935463033649	0.511901910754617	0.999986814535313	0.999986814535468	1.62321040282608	1730.89001088529	1732.89001088529	-1.99999999999886	BM	Cercopithecidae	OWM	Hominidae	APE	order
Gorilla_gorilla	Pongo_abelii	170400	77900	40.643277586	0.543191027071466	0.334752113847042	0.999571900816049	0.999571900819407	1.6219717963727	1730.89001088529	1732.89001088529	-1.99999999999886	BM	Hominidae	APE	Hominidae	APE	family
Papio_cynocephalus	Gorilla_beringei	21800	162500	62.1515760319	0.826237594691409	0.511901910754617	0.999985248797981	0.999985248798152	1.6140307143526	1730.89001088529	1732.89001088529	-1.99999999999886	BM	Cercopithecidae	OWM	Hominidae	APE	order
Papio_ursinus	Gorilla_gorilla	29800	170400	62.1515760316	0.825650361148629	0.511901910752146	0.999985041048998	0.999985041049171	1.61288323591566	1730.89001088529	1732.89001088529	-1.99999999999886	BM	Cercopithecidae	OWM	Hominidae	APE	order
Gorilla_gorilla	Pongo_pygmaeus	170400	78500	40.643277586	0.539667625814787	0.334752113847042	0.99953348475019	0.999533484753804	1.61138896611715	1730.89001088529	1732.89001088529	-1.99999999999886	BM	Hominidae	APE	Hominidae	APE	family
Mandrillus_sphinx	Gorilla_gorilla	31600	170400	62.151576032	0.81508015737859	0.511901910755441	0.999980788848686	0.999980788848903	1.59222788902569	1730.89001088529	1732.89001088529	-1.99999999999886	BM	Cercopithecidae	OWM	Hominidae	APE	order
Mandrillus_sphinx	Mandrillus_leucophaeus	31600	17500	5.449018498	0.0827999295319749	0.0448800039991228	0.857428610371989	0.85742861060768	1.58188552119754	1730.89001088529	1732.89001088529	-1.99999999999886	BM	Cercopithecidae	OWM	Cercopithecidae	OWM	family
Papio_anubis	Gorilla_beringei	25100	162500	62.1515760319	0.80685888777967	0.511901910754617	0.999976709589542	0.9999767095898	1.57616152382708	1730.89001088529	1732.89001088529	-1.99999999999886	BM	Cercopithecidae	OWM	Hominidae	APE	order
Cebuella_pygmaea	Gorilla_gorilla	110	170400	78.0653383507	1	0.642973170059568	0.999997111859957	0.999997111859996	1.55527035718662	1730.89001088529	1732.89001088529	-1.99999999999886	BM	Callitrichidae	PLA	Hominidae	APE	order
Callithrix_jacchus	Gorilla_gorilla	317	170400	78.0653383503	0.998784426566446	0.642973170056274	0.999997030691239	0.999997030691279	1.55337968578017	1730.89001088529	1732.89001088529	-1.99999999999886	BM	Callitrichidae	PLA	Hominidae	APE	order
Leontocebus_fuscicolis	Gorilla_gorilla	343	170400	78.0653383503	0.998631745845323	0.642973170056274	0.999997020342745	0.999997020342785	1.55314220992704	1730.89001088529	1732.89001088529	-1.99999999999886	BM	Callitrichidae	PLA	Hominidae	APE	order
Saguinus_oedipus	Gorilla_gorilla	418	170400	78.0653383502	0.998191320688238	0.64297317005545	0.999996990297097	0.999996990297138	1.55245718315562	1730.89001088529	1732.89001088529	-1.99999999999886	BM	Callitrichidae	PLA	Hominidae	APE	order
Saguinus_midas	Gorilla_gorilla	515	170400	78.0653383511	0.997621704151741	0.642973170062863	0.999996951006806	0.999996951006847	1.55157121456937	1730.89001088529	1732.89001088529	-1.99999999999886	BM	Callitrichidae	PLA	Hominidae	APE	order
Saimiri_sciureus	Gorilla_gorilla	779	170400	78.065338345	0.996071407598802	0.642973170012621	0.999996841564678	0.99999684156472	1.54915991526075	1730.89001088529	1732.89001088529	-1.99999999999886	BM	Cebidae	PLA	Hominidae	APE	order
Aotus_trivirgatus	Gorilla_gorilla	813	170400	78.0653383541	0.995871748194257	0.642973170087572	0.999996827198928	0.99999682719897	1.54884936856023	1730.89001088529	1732.89001088529	-1.99999999999886	BM	Aotidae	PLA	Hominidae	APE	order
Saimiri_oerstedii	Gorilla_gorilla	897	170400	78.0653383454	0.995378472018322	0.642973170015916	0.999996791437897	0.99999679143794	1.54808213577565	1730.89001088529	1732.89001088529	-1.99999999999886	BM	Cebidae	PLA	Hominidae	APE	order
Plecturocebus_moloch	Gorilla_gorilla	1020	170400	78.0653383522	0.994656174760702	0.642973170071923	0.999996738375229	0.999996738375273	1.5469586864009	1730.89001088529	1732.89001088529	-1.99999999999886	BM	Pitheciidae	PLA	Hominidae	APE	order
Cheracebus_torquatus	Gorilla_gorilla	1280	170400	78.0653383513	0.993129367549474	0.64297317006451	0.999996623426728	0.999996623426773	1.54458391176067	1730.89001088529	1732.89001088529	-1.99999999999886	BM	Pitheciidae	PLA	Hominidae	APE	order
Cebus_olivaceus	Gorilla_gorilla	3290	170400	78.065338346	0.981325973339597	0.642973170020857	0.999995594008483	0.99999559400854	1.52622488057138	1730.89001088529	1732.89001088529	-1.99999999999886	BM	Cebidae	PLA	Hominidae	APE	order
Cacajao_calvus	Gorilla_gorilla	3450	170400	78.065338351	0.980386399671149	0.642973170062039	0.999995500251155	0.999995500251213	1.52476344865834	1730.89001088529	1732.89001088529	-1.99999999999886	BM	Pitheciidae	PLA	Hominidae	APE	order
Sapajus_apella	Gorilla_gorilla	3650	170400	78.065338347	0.979211932585589	0.642973170029094	0.999995380364734	0.999995380364794	1.52293665525624	1730.89001088529	1732.89001088529	-1.99999999999886	BM	Cebidae	PLA	Hominidae	APE	order
Papio_ursinus	Gorilla_beringei	29800	162500	62.1515760316	0.779258911269012	0.511901910752146	0.999956119939762	0.999956119940218	1.52221490284362	1730.89001088529	1732.89001088529	-1.99999999999886	BM	Cercopithecidae	OWM	Hominidae	APE	order
Mandrillus_sphinx	Gorilla_beringei	31600	162500	62.151576032	0.768688707498972	0.511901910755441	0.99994436864224	0.999944368642803	1.50154927761092	1730.89001088529	1732.89001088529	-1.99999999999886	BM	Cercopithecidae	OWM	Hominidae	APE	order
Alouatta_caraya	Gorilla_gorilla	6420	170400	78.0653383542	0.962945563450584	0.642973170088395	0.999993370674146	0.999993370674229	1.49763508738363	1730.89001088529	1732.89001088529	-1.99999999999886	BM	Atelidae	PLA	Hominidae	APE	order
Alouatta_seniculus	Gorilla_gorilla	6690	170400	78.0653383544	0.961360032885078	0.642973170090043	0.999993135170358	0.999993135170444	1.49516881579615	1730.89001088529	1732.89001088529	-1.99999999999886	BM	Atelidae	PLA	Hominidae	APE	order
Alouatta_palliata	Gorilla_gorilla	7150	170400	78.065338354	0.95865875858829	0.642973170086748	0.999992715400371	0.999992715400462	1.49096699480278	1730.89001088529	1732.89001088529	-1.99999999999886	BM	Atelidae	PLA	Hominidae	APE	order
Ateles_geoffroyi	Gorilla_gorilla	7450	170400	78.065338351	0.956897057959951	0.642973170062039	0.999992428530847	0.99999242853094	1.48822665921047	1730.89001088529	1732.89001088529	-1.99999999999886	BM	Atelidae	PLA	Hominidae	APE	order
Cebuella_pygmaea	Gorilla_beringei	110	162500	78.0653383507	0.953608550120383	0.642973170059568	0.999991863892964	0.999991863893064	1.48311132697932	1730.89001088529	1732.89001088529	-1.99999999999886	BM	Callitrichidae	PLA	Hominidae	APE	order
Gorilla_beringei	Pongo_abelii	162500	77900	40.643277586	0.496799577191849	0.334752113847042	0.99872397616917	0.998723976177636	1.48218824786546	1730.89001088529	1732.89001088529	-1.99999999999886	BM	Hominidae	APE	Hominidae	APE	family
Callithrix_jacchus	Gorilla_beringei	317	162500	78.0653383503	0.952392976686828	0.642973170056274	0.999991645162648	0.99999164516275	1.48122046758974	1730.89001088529	1732.89001088529	-1.99999999999886	BM	Callitrichidae	PLA	Hominidae	APE	order
Leontocebus_fuscicolis	Gorilla_beringei	343	162500	78.0653383503	0.952240295965706	0.642973170056274	0.999991617295222	0.999991617295325	1.48098296781666	1730.89001088529	1732.89001088529	-1.99999999999886	BM	Callitrichidae	PLA	Hominidae	APE	order
Saguinus_oedipus	Gorilla_beringei	418	162500	78.0653383502	0.951799870808621	0.64297317005545	0.999991536409778	0.999991536409882	1.4802978716553	1730.89001088529	1732.89001088529	-1.99999999999886	BM	Callitrichidae	PLA	Hominidae	APE	order
Saguinus_midas	Gorilla_beringei	515	162500	78.0653383511	0.951230254272124	0.642973170062863	0.999991430691222	0.999991430691326	1.47941181246078	1730.89001088529	1732.89001088529	-1.99999999999886	BM	Callitrichidae	PLA	Hominidae	APE	order
Saimiri_sciureus	Gorilla_beringei	779	162500	78.065338345	0.949679957719185	0.642973170012621	0.999991136532714	0.999991136532822	1.47700026152461	1730.89001088529	1732.89001088529	-1.99999999999886	BM	Cebidae	PLA	Hominidae	APE	order
Aotus_trivirgatus	Gorilla_beringei	813	162500	78.0653383541	0.94948029831464	0.642973170087572	0.999991097954584	0.999991097954693	1.47668968188608	1730.89001088529	1732.89001088529	-1.99999999999886	BM	Aotidae	PLA	Hominidae	APE	order
Saimiri_oerstedii	Gorilla_beringei	897	162500	78.0653383454	0.948987022138705	0.642973170015916	0.999991001954873	0.999991001954983	1.47592236716061	1730.89001088529	1732.89001088529	-1.99999999999886	BM	Cebidae	PLA	Hominidae	APE	order
Plecturocebus_moloch	Gorilla_beringei	1020	162500	78.0653383522	0.948264724881085	0.642973170071923	0.999990859597255	0.999990859597366	1.47479879643115	1730.89001088529	1732.89001088529	-1.99999999999886	BM	Pitheciidae	PLA	Hominidae	APE	order
Ateles_paniscus	Gorilla_gorilla	9110	170400	78.065338351	0.947148981149803	0.642973170062039	0.999990635457802	0.999990635457916	1.47306319397715	1730.89001088529	1732.89001088529	-1.99999999999886	BM	Atelidae	PLA	Hominidae	APE	order
Cheracebus_torquatus	Gorilla_beringei	1280	162500	78.0653383513	0.946737917669857	0.64297317006451	0.999990551564015	0.999990551564129	1.47242375973831	1730.89001088529	1732.89001088529	-1.99999999999886	BM	Pitheciidae	PLA	Hominidae	APE	order
Gorilla_beringei	Pongo_pygmaeus	162500	78500	40.643277586	0.493276175935169	0.334752113847042	0.998618420444021	0.998618420453067	1.47152073214428	1730.89001088529	1732.89001088529	-1.99999999999886	BM	Hominidae	APE	Hominidae	APE	family
Cebus_olivaceus	Gorilla_beringei	3290	162500	78.065338346	0.93493452345998	0.642973170020857	0.999987812257751	0.999987812257896	1.45406242796828	1730.89001088529	1732.89001088529	-1.99999999999886	BM	Cebidae	PLA	Hominidae	APE	order
Cacajao_calvus	Gorilla_beringei	3450	162500	78.065338351	0.933994949791532	0.642973170062039	0.999987564315095	0.999987564315242	1.45260079022351	1730.89001088529	1732.89001088529	-1.99999999999886	BM	Pitheciidae	PLA	Hominidae	APE	order
Sapajus_apella	Gorilla_beringei	3650	162500	78.065338347	0.932820482705972	0.642973170029094	0.999987247614066	0.999987247614216	1.45077373442653	1730.89001088529	1732.89001088529	-1.99999999999886	BM	Cebidae	PLA	Hominidae	APE	order
Alouatta_caraya	Gorilla_beringei	6420	162500	78.0653383542	0.916554113570967	0.642973170088395	0.999981987895312	0.999981987895517	1.42546788441626	1730.89001088529	1732.89001088529	-1.99999999999886	BM	Atelidae	PLA	Hominidae	APE	order
Alouatta_seniculus	Gorilla_beringei	6690	162500	78.0653383544	0.914968583005461	0.642973170090043	0.999981376820827	0.999981376821038	1.42300112344263	1730.89001088529	1732.89001088529	-1.99999999999886	BM	Atelidae	PLA	Hominidae	APE	order
Alouatta_palliata	Gorilla_beringei	7150	162500	78.065338354	0.912267308708673	0.642973170086748	0.999980289997988	0.99998028999821	1.41879843570316	1730.89001088529	1732.89001088529	-1.99999999999886	BM	Atelidae	PLA	Hominidae	APE	order
Ateles_geoffroyi	Gorilla_beringei	7450	162500	78.065338351	0.910505608080334	0.642973170062039	0.999979548942338	0.999979548942568	1.41605751168403	1730.89001088529	1732.89001088529	-1.99999999999886	BM	Atelidae	PLA	Hominidae	APE	order
Ateles_paniscus	Gorilla_beringei	9110	162500	78.065338351	0.900757531270186	0.642973170062039	0.999974944704449	0.999974944704725	1.40089043285758	1730.89001088529	1732.89001088529	-1.99999999999886	BM	Atelidae	PLA	Hominidae	APE	order
Pongo_pygmaeus	Hylobates_klossii	78500	5670	45.7765141083	0.427682189206647	0.377031228101073	0.991026002303378	0.991026002343878	1.12416197554914	1730.89001088529	1732.89001088529	-1.99999999999886	BM	Hominidae	APE	Hylobatidae	APE	superfamily
Pongo_pygmaeus	Hylobates_lar	78500	5900	45.7765141087	0.426331552058254	0.377031228104367	0.990806969156361	0.990806969197611	1.12036415411626	1730.89001088529	1732.89001088529	-1.99999999999886	BM	Hominidae	APE	Hylobatidae	APE	superfamily
Pongo_abelii	Hylobates_klossii	77900	5670	45.7765141083	0.424158787949968	0.377031228101073	0.990444588234721	0.990444588277201	1.11424663201804	1730.89001088529	1732.89001088529	-1.99999999999886	BM	Hominidae	APE	Hylobatidae	APE	superfamily
Pongo_abelii	Hylobates_lar	77900	5900	45.7765141087	0.422808150801574	0.377031228104367	0.990212955350367	0.990212955393626	1.110438810749	1730.89001088529	1732.89001088529	-1.99999999999886	BM	Hominidae	APE	Hylobatidae	APE	superfamily
Pongo_pygmaeus	Nomascus_concolor	78500	7790	45.776514108	0.415232838099712	0.377031228098602	0.988818677316375	0.988818677364204	1.08900789947485	1730.89001088529	1732.89001088529	-1.99999999999886	BM	Hominidae	APE	Hylobatidae	APE	superfamily
Pongo_abelii	Nomascus_concolor	77900	7790	45.776514108	0.411709436843032	0.377031228098602	0.988112052774232	0.988112052824305	1.07899565464933	1730.89001088529	1732.89001088529	-1.99999999999886	BM	Hominidae	APE	Hylobatidae	APE	superfamily
Papio_cynocephalus	Papio_ursinus	21800	29800	3.7904618637	0.0469786834223971	0.031219557001654	0.681465471836627	0.68146547212228	1.02545819798184	1730.89001088529	1732.89001088529	-1.99999999999886	BM	Cercopithecidae	OWM	Cercopithecidae	OWM	family
Gorilla_gorilla	Cheirogaleus_medius	170400	283	121.41305731	0.998984085970991	0.999999999929991	0.999821584506397	0.99982158450797	0.998805851802116	1730.89001088529	1732.89001088529	-1.99999999999886	BM	Hominidae	APE	Cheirogaleidae	STR	order
Gorilla_gorilla	Hapalemur_griseus	170400	987	121.4130573138	0.99484996182982	0.999999999961289	0.999810229048143	0.999810229049803	0.994661168244113	1730.89001088529	1732.89001088529	-1.99999999999886	BM	Hominidae	APE	Lemuridae	STR	order
Gorilla_gorilla	Avahi_laniger	170400	1030	121.413057308	0.994597451406424	0.999999999913519	0.999809513902465	0.999809513904131	0.994407994505286	1730.89001088529	1732.89001088529	-1.99999999999886	BM	Hominidae	APE	Indriidae	STR	order
Gorilla_gorilla	Eulemur_mongoz	170400	1630	121.413057311	0.991074050149745	0.999999999938228	0.999799267155199	0.999799267156943	0.990875109097459	1730.89001088529	1732.89001088529	-1.99999999999886	BM	Hominidae	APE	Lemuridae	STR	order
Gorilla_gorilla	Eulemur_coronatus	170400	1690	121.4130573111	0.990721710024077	0.999999999939051	0.999798214479859	0.99979821448161	0.990521796788876	1730.89001088529	1732.89001088529	-1.99999999999886	BM	Hominidae	APE	Lemuridae	STR	order
Gorilla_gorilla	Eulemur_rubriventer	170400	1980	121.413057312	0.989018732750015	0.999999999946464	0.999793053034808	0.999793053036598	0.988814058377692	1730.89001088529	1732.89001088529	-1.99999999999886	BM	Hominidae	APE	Lemuridae	STR	order
Gorilla_gorilla	Eulemur_fulvus	170400	2180	121.4130573104	0.987844265664455	0.999999999933286	0.999789421443349	0.999789421445166	0.987636246910684	1730.89001088529	1732.89001088529	-1.99999999999886	BM	Hominidae	APE	Lemuridae	STR	order
Gorilla_gorilla	Lemur_catta	170400	2210	121.413057312	0.987668095601621	0.999999999946464	0.999788871570137	0.999788871571959	0.987459570840236	1730.89001088529	1732.89001088529	-1.99999999999886	BM	Hominidae	APE	Lemuridae	STR	order
Gorilla_gorilla	Eulemur_macaco	170400	2370	121.4130573111	0.986728521933173	0.999999999939051	0.99978591606805	0.999785916069894	0.986517279271557	1730.89001088529	1732.89001088529	-1.99999999999886	BM	Hominidae	APE	Lemuridae	STR	order
Gorilla_gorilla	Propithecus_verreauxi	170400	3250	121.413057311	0.981560866756709	0.999999999938228	0.999768954167605	0.999768954169575	0.981334081269822	1730.89001088529	1732.89001088529	-1.99999999999886	BM	Hominidae	APE	Indriidae	STR	order
Gorilla_beringei	Cheirogaleus_medius	162500	283	121.41305731	0.952592636091374	0.999999999929991	0.999648063266468	0.999648063269305	0.952257383817308	1730.89001088529	1732.89001088529	-1.99999999999886	BM	Hominidae	APE	Cheirogaleidae	STR	order
Gorilla_beringei	Hapalemur_griseus	162500	987	121.4130573138	0.948458511950203	0.999999999961289	0.99962661900964	0.999626619012625	0.948104375608397	1730.89001088529	1732.89001088529	-1.99999999999886	BM	Hominidae	APE	Lemuridae	STR	order
Gorilla_beringei	Avahi_laniger	162500	1030	121.413057308	0.948206001526807	0.999999999913519	0.9996252704057	0.999625270408694	0.947850680758514	1730.89001088529	1732.89001088529	-1.99999999999886	BM	Hominidae	APE	Indriidae	STR	order
Gorilla_beringei	Eulemur_mongoz	162500	1630	121.413057311	0.944682600270127	0.999999999938228	0.999605971326413	0.999605971329539	0.944310368296514	1730.89001088529	1732.89001088529	-1.99999999999886	BM	Hominidae	APE	Lemuridae	STR	order
Gorilla_beringei	Eulemur_coronatus	162500	1690	121.4130573111	0.944330260144459	0.999999999939051	0.999603991170125	0.999603991173265	0.943956297080657	1730.89001088529	1732.89001088529	-1.99999999999886	BM	Hominidae	APE	Lemuridae	STR	order
Gorilla_beringei	Eulemur_rubriventer	162500	1980	121.413057312	0.942627282870398	0.999999999946464	0.999594288661694	0.9995942886649	0.942244848344385	1730.89001088529	1732.89001088529	-1.99999999999886	BM	Hominidae	APE	Lemuridae	STR	order
Gorilla_beringei	Eulemur_fulvus	162500	2180	121.4130573104	0.941452815784838	0.999999999933286	0.999587468381337	0.999587468384589	0.94106443679363	1730.89001088529	1732.89001088529	-1.99999999999886	BM	Hominidae	APE	Lemuridae	STR	order
Gorilla_beringei	Lemur_catta	162500	2210	121.413057312	0.941276645722004	0.999999999946464	0.999586436150713	0.999586436153972	0.940887367779526	1730.89001088529	1732.89001088529	-1.99999999999886	BM	Hominidae	APE	Lemuridae	STR	order
Gorilla_beringei	Eulemur_macaco	162500	2370	121.4130573111	0.940337072053556	0.999999999939051	0.99958089005981	0.999580890063107	0.939942967496818	1730.89001088529	1732.89001088529	-1.99999999999886	BM	Hominidae	APE	Lemuridae	STR	order
Gorilla_beringei	Propithecus_verreauxi	162500	3250	121.413057311	0.935169416877092	0.999999999938228	0.999549124531822	0.999549124535332	0.934747771986174	1730.89001088529	1732.89001088529	-1.99999999999886	BM	Hominidae	APE	Indriidae	STR	order
Papio_hamadryas	Papio_ursinus	21000	29800	4.8778566851	0.0516765517646368	0.0401757174461395	0.666566504555652	0.666566504840996	0.857380046129158	1730.89001088529	1732.89001088529	-1.99999999999886	BM	Cercopithecidae	OWM	Cercopithecidae	OWM	family
Cercopithecus_ascanius	Pongo_pygmaeus	3700	78500	62.1515760357	0.439250689999413	0.511901910785915	0.978732854510718	0.978732854587173	0.839827069621394	1730.89001088529	1732.89001088529	-1.99999999999886	BM	Cercopithecidae	OWM	Hominidae	APE	order
Cercopithecus_pogonias	Pongo_pygmaeus	4260	78500	62.1515760356	0.435962182159845	0.511901910785092	0.977743675431591	0.977743675510536	0.832697158094995	1730.89001088529	1732.89001088529	-1.99999999999886	BM	Cercopithecidae	OWM	Hominidae	APE	order
Cercopithecus_cephus	Pongo_pygmaeus	4290	78500	62.1515760357	0.435786012097011	0.511901910785915	0.977689572686009	0.977689572765089	0.832314611397988	1730.89001088529	1732.89001088529	-1.99999999999886	BM	Cercopithecidae	OWM	Hominidae	APE	order
Chlorocebus_pygerythrus	Pongo_pygmaeus	4290	78500	62.1515760359	0.435786012097011	0.511901910787563	0.977689572685793	0.977689572764873	0.832314611395126	1730.89001088529	1732.89001088529	-1.99999999999886	BM	Cercopithecidae	OWM	Hominidae	APE	order
Cercopithecus_ascanius	Pongo_abelii	3700	77900	62.1515760357	0.435727288742733	0.511901910785915	0.977671513042574	0.977671513121699	0.83218708249207	1730.89001088529	1732.89001088529	-1.99999999999886	BM	Cercopithecidae	OWM	Hominidae	APE	order
Cercopithecus_petaurista	Pongo_pygmaeus	4400	78500	62.1515760357	0.435140055199953	0.511901910785915	0.977490216391165	0.977490216470741	0.830911426106692	1730.89001088529	1732.89001088529	-1.99999999999886	BM	Cercopithecidae	OWM	Hominidae	APE	order
Cercopithecus_mona	Pongo_pygmaeus	4768	78500	62.1515760356	0.432979035762523	0.511901910785092	0.976811981918397	0.976811981999646	0.82621123528071	1730.89001088529	1732.89001088529	-1.99999999999886	BM	Cercopithecidae	OWM	Hominidae	APE	order
Cercopithecus_pogonias	Pongo_abelii	4260	77900	62.1515760356	0.432438780903165	0.511901910785092	0.97663967602958	0.976639676111251	0.825034761515475	1730.89001088529	1732.89001088529	-1.99999999999886	BM	Cercopithecidae	OWM	Hominidae	APE	order
Cercopithecus_cephus	Pongo_abelii	4290	77900	62.1515760357	0.432262610840331	0.511901910785915	0.976583249536994	0.976583249618803	0.824651004915551	1730.89001088529	1732.89001088529	-1.99999999999886	BM	Cercopithecidae	OWM	Hominidae	APE	order
Chlorocebus_pygerythrus	Pongo_abelii	4290	77900	62.1515760359	0.432262610840331	0.511901910787563	0.976583249536771	0.97658324961858	0.824651004912709	1730.89001088529	1732.89001088529	-1.99999999999886	BM	Cercopithecidae	OWM	Hominidae	APE	order
Cercopithecus_petaurista	Pongo_abelii	4400	77900	62.1515760357	0.431616653943273	0.511901910785915	0.976375339050804	0.97637533913312	0.823243375252961	1730.89001088529	1732.89001088529	-1.99999999999886	BM	Cercopithecidae	OWM	Hominidae	APE	order
Cercopithecus_diana	Pongo_pygmaeus	5200	78500	62.1515760367	0.430442186857713	0.511901910794152	0.975993214234685	0.975993214317927	0.820681940494655	1730.89001088529	1732.89001088529	-1.99999999999886	BM	Cercopithecidae	OWM	Hominidae	APE	order
Macaca_fascicularis	Pongo_pygmaeus	5360	78500	62.1515760366	0.429502613189265	0.511901910793328	0.975683666417528	0.975683666501517	0.818630826603029	1730.89001088529	1732.89001088529	-1.99999999999886	BM	Cercopithecidae	OWM	Hominidae	APE	order
Cercopithecus_mona	Pongo_abelii	4768	77900	62.1515760356	0.429455634505843	0.511901910785092	0.975668098625631	0.975668098709657	0.81852822490887	1730.89001088529	1732.89001088529	-1.99999999999886	BM	Cercopithecidae	OWM	Hominidae	APE	order
Cercopithecus_diana	Pongo_abelii	5200	77900	62.1515760367	0.426918785601034	0.511901910794152	0.974814509223707	0.974814509309768	0.812981193640051	1730.89001088529	1732.89001088529	-1.99999999999886	BM	Cercopithecidae	OWM	Hominidae	APE	order
Macaca_fascicularis	Pongo_abelii	5360	77900	62.1515760366	0.425979211932586	0.511901910793328	0.974491850680749	0.974491850767572	0.810923463724494	1730.89001088529	1732.89001088529	-1.99999999999886	BM	Cercopithecidae	OWM	Hominidae	APE	order
Allochrocebus_lhoesti	Pongo_pygmaeus	5970	78500	62.1515760353	0.425920488578308	0.511901910782621	0.974471566306937	0.974471566393808	0.810794796590179	1730.89001088529	1732.89001088529	-1.99999999999886	BM	Cercopithecidae	OWM	Hominidae	APE	order
Allenopithecus_nigroviridis	Pongo_pygmaeus	6130	78500	62.151576032	0.42498091490986	0.511901910755441	0.974145113367762	0.9741451134554	0.808735175305458	1730.89001088529	1732.89001088529	-1.99999999999886	BM	Cercopithecidae	OWM	Hominidae	APE	order
Allochrocebus_lhoesti	Pongo_abelii	5970	77900	62.1515760353	0.422397087321628	0.511901910782621	0.973228690852103	0.97322869094187	0.803061984444005	1730.89001088529	1732.89001088529	-1.99999999999886	BM	Cercopithecidae	OWM	Hominidae	APE	order
Trachypithecus_cristatus	Pongo_pygmaeus	6610	78500	62.1515760361	0.422162193904516	0.51190191078921	0.973144005492696	0.973144005582657	0.802545565244028	1730.89001088529	1732.89001088529	-1.99999999999886	BM	Cercopithecidae	OWM	Hominidae	APE	order
Cercopithecus_nictitans	Pongo_pygmaeus	6670	78500	62.1515760358	0.421809853778848	0.511901910786739	0.973016543794371	0.973016543884626	0.801770724847499	1730.89001088529	1732.89001088529	-1.99999999999886	BM	Cercopithecidae	OWM	Hominidae	APE	order
Presbytis_comata	Pongo_pygmaeus	6680	78500	62.151576035	0.42175113042457	0.51190191078015	0.972995249484439	0.972995249574743	0.801641560084037	1730.89001088529	1732.89001088529	-1.99999999999886	BM	Cercopithecidae	OWM	Hominidae	APE	order
Allenopithecus_nigroviridis	Pongo_abelii	6130	77900	62.151576032	0.42145751365318	0.511901910755441	0.972888560200228	0.972888560290776	0.800995630273201	1730.89001088529	1732.89001088529	-1.99999999999886	BM	Cercopithecidae	OWM	Hominidae	APE	order
Pan_troglodytes	Hylobates_klossii	59700	5670	45.7765141043	0.317282283164014	0.377031228068127	0.947440703319808	0.947440703459267	0.797297749186734	1730.89001088529	1732.89001088529	-1.99999999999886	BM	Hominidae	APE	Hylobatidae	APE	superfamily
Trachypithecus_cristatus	Pongo_abelii	6610	77900	62.1515760361	0.418638792647836	0.51190191078921	0.971845698494029	0.971845698586948	0.794785683120972	1730.89001088529	1732.89001088529	-1.99999999999886	BM	Cercopithecidae	OWM	Hominidae	APE	order
Cercopithecus_nictitans	Pongo_abelii	6670	77900	62.1515760358	0.418286452522168	0.511901910786739	0.971712940966351	0.971712941059568	0.794008286318019	1730.89001088529	1732.89001088529	-1.99999999999886	BM	Cercopithecidae	OWM	Hominidae	APE	order
Presbytis_comata	Pongo_abelii	6680	77900	62.151576035	0.41822772916789	0.51190191078015	0.971690762353292	0.971690762446559	0.793878695184179	1730.89001088529	1732.89001088529	-1.99999999999886	BM	Cercopithecidae	OWM	Hominidae	APE	order
Pan_troglodytes	Hylobates_lar	59700	5900	45.7765141047	0.31593164601562	0.377031228071422	0.946426873470889	0.946426873611989	0.793054202694409	1730.89001088529	1732.89001088529	-1.99999999999886	BM	Hominidae	APE	Hylobatidae	APE	superfamily
Cercopithecus_neglectus	Pongo_pygmaeus	7350	78500	62.1515760366	0.417816665687944	0.511901910793328	0.97153509213064	0.971535092224257	0.792971356883133	1730.89001088529	1732.89001088529	-1.99999999999886	BM	Cercopithecidae	OWM	Hominidae	APE	order
Trachypithecus_francoisi	Pongo_pygmaeus	7700	78500	62.1515760362	0.415761348288214	0.511901910790033	0.970745633336924	0.9707456334323	0.788429394096557	1730.89001088529	1732.89001088529	-1.99999999999886	BM	Cercopithecidae	OWM	Hominidae	APE	order
Trachypithecus_obscurus	Pongo_pygmaeus	7900	78500	62.1515760353	0.414586881202654	0.511901910782621	0.970286110265754	0.970286110362145	0.785830026917319	1730.89001088529	1732.89001088529	-1.99999999999886	BM	Cercopithecidae	OWM	Hominidae	APE	order
Cercopithecus_mitis	Pongo_pygmaeus	7930	78500	62.1515760358	0.41441071113982	0.511901910786739	0.970216649239815	0.970216649336359	0.785439872559236	1730.89001088529	1732.89001088529	-1.99999999999886	BM	Cercopithecidae	OWM	Hominidae	APE	order
Cercopithecus_neglectus	Pongo_abelii	7350	77900	62.1515760366	0.414293264431264	0.511901910793328	0.970170264365191	0.970170264461837	0.785179733467087	1730.89001088529	1732.89001088529	-1.99999999999886	BM	Cercopithecidae	OWM	Hominidae	APE	order
Semnopithecus_vetulus	Pongo_pygmaeus	8170	78500	62.151576036	0.413001350637148	0.511901910788386	0.969655918055776	0.969655918153546	0.782316290231408	1730.89001088529	1732.89001088529	-1.99999999999886	BM	Cercopithecidae	OWM	Hominidae	APE	order
Trachypithecus_francoisi	Pongo_abelii	7700	77900	62.1515760362	0.412237947031534	0.511901910790033	0.969348418997325	0.969348419095764	0.78062260324249	1730.89001088529	1732.89001088529	-1.99999999999886	BM	Cercopithecidae	OWM	Hominidae	APE	order
Piliocolobus_badius	Pongo_pygmaeus	8360	78500	62.151576036	0.411885606905866	0.511901910788386	0.969205596185467	0.969205596284214	0.779840486601423	1730.89001088529	1732.89001088529	-1.99999999999886	BM	Cercopithecidae	OWM	Hominidae	APE	order
Trachypithecus_obscurus	Pongo_abelii	7900	77900	62.1515760353	0.411063479945975	0.511901910782621	0.968870119263762	0.968870119363234	0.778014526711462	1730.89001088529	1732.89001088529	-1.99999999999886	BM	Cercopithecidae	OWM	Hominidae	APE	order
Cercopithecus_mitis	Pongo_abelii	7930	77900	62.1515760358	0.410887309883141	0.511901910786739	0.968797824697956	0.968797824797583	0.77762306336969	1730.89001088529	1732.89001088529	-1.99999999999886	BM	Cercopithecidae	OWM	Hominidae	APE	order
Semnopithecus_vetulus	Pongo_abelii	8170	77900	62.151576036	0.409477949380469	0.511901910788386	0.968214264397744	0.968214264498619	0.774488985469717	1730.89001088529	1732.89001088529	-1.99999999999886	BM	Cercopithecidae	OWM	Hominidae	APE	order
Macaca_silenus	Pongo_pygmaeus	8900	78500	62.151576037	0.408714545774855	0.511901910796623	0.967894279728271	0.967894279829827	0.772789596119301	1730.89001088529	1732.89001088529	-1.99999999999886	BM	Cercopithecidae	OWM	Hominidae	APE	order
Piliocolobus_badius	Pongo_abelii	8360	77900	62.151576036	0.408362205649187	0.511901910788386	0.967745665803595	0.967745665905466	0.772004843635686	1730.89001088529	1732.89001088529	-1.99999999999886	BM	Cercopithecidae	OWM	Hominidae	APE	order
Macaca_silenus	Pongo_abelii	8900	77900	62.151576037	0.405191144518175	0.511901910796623	0.966381412761721	0.96638141286645	0.764930121219223	1730.89001088529	1732.89001088529	-1.99999999999886	BM	Cercopithecidae	OWM	Hominidae	APE	order
Colobus_angolensis	Pongo_pygmaeus	9680	78500	62.151576036	0.404134124141171	0.511901910788386	0.965915827310793	0.965915827416484	0.762567082945919	1730.89001088529	1732.89001088529	-1.99999999999886	BM	Cercopithecidae	OWM	Hominidae	APE	order
Macaca_nigra	Pongo_pygmaeus	9890	78500	62.151576036	0.402900933701333	0.511901910788386	0.965365688742777	0.965365688849598	0.759807160630977	1730.89001088529	1732.89001088529	-1.99999999999886	BM	Cercopithecidae	OWM	Hominidae	APE	order
Colobus_polykomos	Pongo_pygmaeus	9900	78500	62.151576036	0.402842210347055	0.511901910788386	0.965339303563144	0.965339303670019	0.759675653844202	1730.89001088529	1732.89001088529	-1.99999999999886	BM	Cercopithecidae	OWM	Hominidae	APE	order
Pan_troglodytes	Nomascus_concolor	59700	7790	45.776514104	0.304832932057079	0.377031228065657	0.937461928305209	0.937461928460034	0.75794588624207	1730.89001088529	1732.89001088529	-1.99999999999886	BM	Hominidae	APE	Hylobatidae	APE	superfamily
Colobus_angolensis	Pongo_abelii	9680	77900	62.151576036	0.400610722884491	0.511901910788386	0.964323866785542	0.964323866894476	0.754672864519592	1730.89001088529	1732.89001088529	-1.99999999999886	BM	Cercopithecidae	OWM	Hominidae	APE	order
Macaca_nigra	Pongo_abelii	9890	77900	62.151576036	0.399377532444653	0.511901910788386	0.96375189514385	0.963751895253932	0.751903530070085	1730.89001088529	1732.89001088529	-1.99999999999886	BM	Cercopithecidae	OWM	Hominidae	APE	order
Colobus_polykomos	Pongo_abelii	9900	77900	62.151576036	0.399318809090375	0.511901910788386	0.963724464541651	0.963724464651788	0.751771574517754	1730.89001088529	1732.89001088529	-1.99999999999886	BM	Cercopithecidae	OWM	Hominidae	APE	order
Pygathrix_nemaeus	Pongo_pygmaeus	11000	78500	62.1515760348	0.396382641376475	0.511901910778503	0.962330194723166	0.962330194836061	0.74516421296532	1730.89001088529	1732.89001088529	-1.99999999999886	BM	Cercopithecidae	OWM	Hominidae	APE	order
Cercocebus_torquatus	Pongo_pygmaeus	11000	78500	62.151576036	0.396382641376475	0.511901910788386	0.96233019472132	0.962330194834215	0.745164212949503	1730.89001088529	1732.89001088529	-1.99999999999886	BM	Cercopithecidae	OWM	Hominidae	APE	order
Macaca_fuscata	Pongo_pygmaeus	11000	78500	62.1515760366	0.396382641376475	0.511901910793328	0.962330194720396	0.962330194833292	0.745164212941595	1730.89001088529	1732.89001088529	-1.99999999999886	BM	Cercopithecidae	OWM	Hominidae	APE	order
Macaca_mulatta	Pongo_pygmaeus	11000	78500	62.1515760367	0.396382641376475	0.511901910794152	0.962330194720243	0.962330194833138	0.745164212940277	1730.89001088529	1732.89001088529	-1.99999999999886	BM	Cercopithecidae	OWM	Hominidae	APE	order
Macaca_nemestrina	Pongo_pygmaeus	11200	78500	62.1515760365	0.395208174290915	0.511901910792504	0.961759855256839	0.961759855370847	0.74251599474185	1730.89001088529	1732.89001088529	-1.99999999999886	BM	Cercopithecidae	OWM	Hominidae	APE	order
Pygathrix_nemaeus	Pongo_abelii	11000	77900	62.1515760348	0.392859240119796	0.511901910778503	0.960597129102582	0.960597129218834	0.737210489459938	1730.89001088529	1732.89001088529	-1.99999999999886	BM	Cercopithecidae	OWM	Hominidae	APE	order
Cercocebus_torquatus	Pongo_abelii	11000	77900	62.151576036	0.392859240119796	0.511901910788386	0.96059712910068	0.960597129216932	0.737210489444245	1730.89001088529	1732.89001088529	-1.99999999999886	BM	Cercopithecidae	OWM	Hominidae	APE	order
Macaca_fuscata	Pongo_abelii	11000	77900	62.1515760366	0.392859240119796	0.511901910793328	0.96059712909973	0.960597129215982	0.737210489436399	1730.89001088529	1732.89001088529	-1.99999999999886	BM	Cercopithecidae	OWM	Hominidae	APE	order
Macaca_mulatta	Pongo_abelii	11000	77900	62.1515760367	0.392859240119796	0.511901910794152	0.960597129099571	0.960597129215823	0.737210489435091	1730.89001088529	1732.89001088529	-1.99999999999886	BM	Cercopithecidae	OWM	Hominidae	APE	order
Macaca_nemestrina	Pongo_abelii	11200	77900	62.1515760365	0.391684773034236	0.511901910792504	0.960004598268997	0.960004598386379	0.734553193213673	1730.89001088529	1732.89001088529	-1.99999999999886	BM	Cercopithecidae	OWM	Hominidae	APE	order
Trachypithecus_pileatus	Pongo_pygmaeus	12000	78500	62.1515760361	0.390510305948676	0.51190191078921	0.959404525589221	0.959404525707738	0.731892862518864	1730.89001088529	1732.89001088529	-1.99999999999886	BM	Cercopithecidae	OWM	Hominidae	APE	order
Erythrocebus_patas	Pongo_pygmaeus	12400	78500	62.151576036	0.388161371777556	0.511901910788386	0.958181462546016	0.95818146266682	0.726563083815948	1730.89001088529	1732.89001088529	-1.99999999999886	BM	Cercopithecidae	OWM	Hominidae	APE	order
Trachypithecus_pileatus	Pongo_abelii	12000	77900	62.1515760361	0.386986904691996	0.51190191078921	0.957558325258812	0.957558325380768	0.723893629900024	1730.89001088529	1732.89001088529	-1.99999999999886	BM	Cercopithecidae	OWM	Hominidae	APE	order
Semnopithecus_entellus	Pongo_pygmaeus	13000	78500	62.1515760357	0.384637970520876	0.511901910785915	0.956288469316154	0.956288469440427	0.718545581331323	1730.89001088529	1732.89001088529	-1.99999999999886	BM	Cercopithecidae	OWM	Hominidae	APE	order
Erythrocebus_patas	Pongo_abelii	12400	77900	62.151576036	0.384637970520876	0.511901910788386	0.956288469315646	0.956288469439919	0.718545581327473	1730.89001088529	1732.89001088529	-1.99999999999886	BM	Cercopithecidae	OWM	Hominidae	APE	order
Mandrillus_sphinx	Cercocebus_torquatus	31600	11000	16.146299604	0.120970109812673	0.13298651694145	0.786677489478707	0.7866774897489	0.715594817264779	1730.89001088529	1732.89001088529	-1.99999999999886	BM	Cercopithecidae	OWM	Cercopithecidae	OWM	family
Colobus_guereza	Pongo_pygmaeus	13500	78500	62.151576036	0.381701802806976	0.511901910788386	0.954656165148748	0.954656165275946	0.71184336611845	1730.89001088529	1732.89001088529	-1.99999999999886	BM	Cercopithecidae	OWM	Hominidae	APE	order
Semnopithecus_entellus	Pongo_abelii	13000	77900	62.1515760357	0.381114569264196	0.511901910785915	0.954323612579492	0.95432361270728	0.710500634757334	1730.89001088529	1732.89001088529	-1.99999999999886	BM	Cercopithecidae	OWM	Hominidae	APE	order
Colobus_guereza	Pongo_abelii	13500	77900	62.151576036	0.378178401550297	0.511901910788386	0.952629870878514	0.952629871009264	0.70377553637777	1730.89001088529	1732.89001088529	-1.99999999999886	BM	Cercopithecidae	OWM	Hominidae	APE	order
Cebuella_pygmaea	Pongo_pygmaeus	110	78500	78.0653383547	0.460332374185213	0.642973170092514	0.968737834896989	0.968737834996744	0.693561424090231	1730.89001088529	1732.89001088529	-1.99999999999886	BM	Callitrichidae	PLA	Hominidae	APE	order
Macaca_tonkeana	Pongo_pygmaeus	14900	78500	62.151576036	0.373480533208057	0.511901910788386	0.949810173860814	0.949810173996362	0.692975749267358	1730.89001088529	1732.89001088529	-1.99999999999886	BM	Cercopithecidae	OWM	Hominidae	APE	order
Callithrix_jacchus	Pongo_pygmaeus	317	78500	78.0653383543	0.459116800751659	0.642973170089219	0.968288821022699	0.968288821123416	0.691409356396396	1730.89001088529	1732.89001088529	-1.99999999999886	BM	Callitrichidae	PLA	Hominidae	APE	order
Leontocebus_fuscicolis	Pongo_pygmaeus	343	78500	78.0653383543	0.458964120030536	0.642973170089219	0.96823203410031	0.968232034201148	0.691138890685846	1730.89001088529	1732.89001088529	-1.99999999999886	BM	Callitrichidae	PLA	Hominidae	APE	order
Saguinus_oedipus	Pongo_pygmaeus	418	78500	78.0653383542	0.458523694873451	0.642973170088395	0.968067736890493	0.96806773699168	0.690358503677197	1730.89001088529	1732.89001088529	-1.99999999999886	BM	Callitrichidae	PLA	Hominidae	APE	order
Saguinus_midas	Pongo_pygmaeus	515	78500	78.0653383551	0.457954078336955	0.642973170095808	0.96785416600445	0.967854166106091	0.689348767835996	1730.89001088529	1732.89001088529	-1.99999999999886	BM	Callitrichidae	PLA	Hominidae	APE	order
Cebuella_pygmaea	Pongo_abelii	110	77900	78.0653383547	0.456808972928534	0.642973170092514	0.967421116351427	0.967421116453982	0.687317398463585	1730.89001088529	1732.89001088529	-1.99999999999886	BM	Callitrichidae	PLA	Hominidae	APE	order
Saimiri_sciureus	Pongo_pygmaeus	779	78500	78.065338349	0.456403781784016	0.642973170045566	0.967266691182258	0.967266691285139	0.686598129464731	1730.89001088529	1732.89001088529	-1.99999999999886	BM	Cebidae	PLA	Hominidae	APE	order
Aotus_trivirgatus	Pongo_pygmaeus	813	78500	78.0653383581	0.45620412237947	0.642973170120517	0.967190367358442	0.967190367461483	0.686243615160383	1730.89001088529	1732.89001088529	-1.99999999999886	BM	Aotidae	PLA	Hominidae	APE	order
Macaca_fascicularis	Mandrillus_sphinx	5360	31600	22.4016461426	0.154090081625462	0.184507718011204	0.821633941419213	0.82163394167547	0.686180732514662	1730.89001088529	1732.89001088529	-1.99999999999886	BM	Cercopithecidae	OWM	Cercopithecidae	OWM	family
Saimiri_oerstedii	Pongo_pygmaeus	897	78500	78.0653383494	0.455710846203535	0.642973170048861	0.967001149097123	0.96700114920056	0.685367496596091	1730.89001088529	1732.89001088529	-1.99999999999886	BM	Cebidae	PLA	Hominidae	APE	order
Callithrix_jacchus	Pongo_abelii	317	77900	78.0653383543	0.455593399494979	0.642973170089219	0.966955959687184	0.966955959790716	0.685158842280597	1730.89001088529	1732.89001088529	-1.99999999999886	BM	Callitrichidae	PLA	Hominidae	APE	order
Leontocebus_fuscicolis	Pongo_abelii	343	77900	78.0653383543	0.455440718773856	0.642973170089219	0.966897134279607	0.966897134383263	0.684887560324766	1730.89001088529	1732.89001088529	-1.99999999999886	BM	Callitrichidae	PLA	Hominidae	APE	order
Macaca_tonkeana	Pongo_abelii	14900	77900	62.151576036	0.369957131951377	0.511901910788386	0.947604224999744	0.947604225138936	0.684843978734112	1730.89001088529	1732.89001088529	-1.99999999999886	BM	Cercopithecidae	OWM	Hominidae	APE	order
Saguinus_oedipus	Pongo_abelii	418	77900	78.0653383542	0.455000293616771	0.642973170088395	0.966726943172765	0.966726943276775	0.684104817204706	1730.89001088529	1732.89001088529	-1.99999999999886	BM	Callitrichidae	PLA	Hominidae	APE	order
Plecturocebus_moloch	Pongo_pygmaeus	1020	78500	78.0653383562	0.454988548945916	0.642973170104868	0.966722394510535	0.966722394614555	0.684083939987933	1730.89001088529	1732.89001088529	-1.99999999999886	BM	Pitheciidae	PLA	Hominidae	APE	order
Saguinus_midas	Pongo_abelii	515	77900	78.0653383551	0.454430677080275	0.642973170095808	0.966505719394829	0.9665057194993	0.683092030731398	1730.89001088529	1732.89001088529	-1.99999999999886	BM	Callitrichidae	PLA	Hominidae	APE	order
Cheracebus_torquatus	Pongo_pygmaeus	1280	78500	78.0653383553	0.453461741734688	0.642973170097455	0.96612652017591	0.966126520281166	0.681368111376464	1730.89001088529	1732.89001088529	-1.99999999999886	BM	Pitheciidae	PLA	Hominidae	APE	order
Saimiri_sciureus	Pongo_abelii	779	77900	78.065338349	0.452880380527336	0.642973170045566	0.965897243395545	0.965897243501274	0.68033307067584	1730.89001088529	1732.89001088529	-1.99999999999886	BM	Cebidae	PLA	Hominidae	APE	order
Aotus_trivirgatus	Pongo_abelii	813	77900	78.0653383581	0.45268072112279	0.642973170120517	0.965818196453779	0.965818196559671	0.679977482672039	1730.89001088529	1732.89001088529	-1.99999999999886	BM	Aotidae	PLA	Hominidae	APE	order
Saimiri_oerstedii	Pongo_abelii	897	77900	78.0653383494	0.452187444946855	0.642973170048861	0.96562223241147	0.965622232517765	0.679098709553993	1730.89001088529	1732.89001088529	-1.99999999999886	BM	Cebidae	PLA	Hominidae	APE	order
Plecturocebus_moloch	Pongo_abelii	1020	77900	78.0653383562	0.451465147689236	0.642973170104868	0.965333553540598	0.965333553647484	0.677811261156512	1730.89001088529	1732.89001088529	-1.99999999999886	BM	Pitheciidae	PLA	Hominidae	APE	order
Cheracebus_torquatus	Pongo_abelii	1280	77900	78.0653383553	0.449938340478008	0.642973170097455	0.964716518341805	0.964716518449946	0.675087187897191	1730.89001088529	1732.89001088529	-1.99999999999886	BM	Pitheciidae	PLA	Hominidae	APE	order
Cebus_olivaceus	Pongo_pygmaeus	3290	78500	78.06533835	0.441658347524811	0.642973170053803	0.961204649855549	0.961204649970633	0.660251589118162	1730.89001088529	1732.89001088529	-1.99999999999886	BM	Cebidae	PLA	Hominidae	APE	order
Cacajao_calvus	Pongo_pygmaeus	3450	78500	78.065338355	0.440718773856363	0.642973170094985	0.96078798735248	0.960787987468366	0.658561388586952	1730.89001088529	1732.89001088529	-1.99999999999886	BM	Pitheciidae	PLA	Hominidae	APE	order
Mandrillus_leucophaeus	Pongo_pygmaeus	17500	78500	62.151576036	0.358212461095778	0.511901910788386	0.939657752646435	0.939657752798023	0.657542214766907	1730.89001088529	1732.89001088529	-1.99999999999886	BM	Cercopithecidae	OWM	Hominidae	APE	order
Sapajus_apella	Pongo_pygmaeus	3650	78500	78.065338351	0.439544306770803	0.642973170062039	0.96026182103749	0.960261821154382	0.656446701198538	1730.89001088529	1732.89001088529	-1.99999999999886	BM	Cebidae	PLA	Hominidae	APE	order
Cebus_olivaceus	Pongo_abelii	3290	77900	78.06533835	0.438134946268131	0.642973170053803	0.959622524115102	0.959622524233208	0.653906232208221	1730.89001088529	1732.89001088529	-1.99999999999886	BM	Cebidae	PLA	Hominidae	APE	order
Cacajao_calvus	Pongo_abelii	3450	77900	78.065338355	0.437195372599683	0.642973170094985	0.959191498523953	0.959191498642871	0.652210860570866	1730.89001088529	1732.89001088529	-1.99999999999886	BM	Pitheciidae	PLA	Hominidae	APE	order
Rhinopithecus_roxellana	Pongo_pygmaeus	17900	78500	62.1515760354	0.355863526924658	0.511901910783444	0.937954149162862	0.937954149316969	0.652046152951199	1730.89001088529	1732.89001088529	-1.99999999999886	BM	Cercopithecidae	OWM	Hominidae	APE	order
Sapajus_apella	Pongo_abelii	3650	77900	78.065338351	0.436020905514123	0.642973170062039	0.958647238720267	0.958647238840204	0.650089702895524	1730.89001088529	1732.89001088529	-1.99999999999886	BM	Cebidae	PLA	Hominidae	APE	order
Mandrillus_leucophaeus	Pongo_abelii	17500	77900	62.151576036	0.354689059839098	0.511901910788386	0.937087535815556	0.937087535970926	0.649293722216161	1730.89001088529	1732.89001088529	-1.99999999999886	BM	Cercopithecidae	OWM	Hominidae	APE	order
Rhinopithecus_roxellana	Pongo_abelii	17900	77900	62.1515760354	0.352340125667978	0.511901910783444	0.935324279975892	0.935324280133797	0.643780121552293	1730.89001088529	1732.89001088529	-1.99999999999886	BM	Cercopithecidae	OWM	Hominidae	APE	order
Theropithecus_gelada	Pongo_pygmaeus	19000	78500	62.151576036	0.349403957954078	0.511901910788386	0.933063064977085	0.933063065138173	0.6368718714522	1730.89001088529	1732.89001088529	-1.99999999999886	BM	Cercopithecidae	OWM	Hominidae	APE	order
Theropithecus_gelada	Pongo_abelii	19000	77900	62.151576036	0.345880556697399	0.511901910788386	0.930264106173791	0.930264106338717	0.628558440861164	1730.89001088529	1732.89001088529	-1.99999999999886	BM	Cercopithecidae	OWM	Hominidae	APE	order
Alouatta_caraya	Pongo_pygmaeus	6420	78500	78.0653383582	0.423277937635798	0.642973170121341	0.952336466343484	0.95233646647474	0.626935981377201	1730.89001088529	1732.89001088529	-1.99999999999886	BM	Atelidae	PLA	Hominidae	APE	order
Alouatta_seniculus	Pongo_pygmaeus	6690	78500	78.0653383584	0.421692407070292	0.642973170122988	0.951497369701601	0.951497369834298	0.624037261265148	1730.89001088529	1732.89001088529	-1.99999999999886	BM	Atelidae	PLA	Hominidae	APE	order
Alouatta_caraya	Pongo_abelii	6420	77900	78.0653383582	0.419754536379118	0.642973170121341	0.950454993743135	0.9504549938776	0.620489024717122	1730.89001088529	1732.89001088529	-1.99999999999886	BM	Atelidae	PLA	Hominidae	APE	order
Alouatta_palliata	Pongo_pygmaeus	7150	78500	78.065338358	0.418991132773504	0.642973170119694	0.950039232966484	0.950039233101648	0.61908961819635	1730.89001088529	1732.89001088529	-1.99999999999886	BM	Atelidae	PLA	Hominidae	APE	order
Alouatta_seniculus	Pongo_abelii	6690	77900	78.0653383584	0.418169005813612	0.642973170122988	0.949588223272389	0.949588223408308	0.617581544160192	1730.89001088529	1732.89001088529	-1.99999999999886	BM	Atelidae	PLA	Hominidae	APE	order
Nasalis_larvatus	Pongo_pygmaeus	20400	78500	62.151576035	0.341182688355159	0.51190191078015	0.926383423573494	0.926383423743561	0.617434669116138	1730.89001088529	1732.89001088529	-1.99999999999886	BM	Cercopithecidae	OWM	Hominidae	APE	order
Ateles_geoffroyi	Pongo_pygmaeus	7450	78500	78.065338355	0.417229432145164	0.642973170094985	0.949068610932183	0.949068611068967	0.615856735589041	1730.89001088529	1732.89001088529	-1.99999999999886	BM	Atelidae	PLA	Hominidae	APE	order
Macaca_fascicularis	Papio_ursinus	5360	29800	22.4016461422	0.143519877855423	0.18450771800791	0.789970452227083	0.789970452496186	0.614480868535612	1730.89001088529	1732.89001088529	-1.99999999999886	BM	Cercopithecidae	OWM	Cercopithecidae	OWM	family
Alouatta_palliata	Pongo_abelii	7150	77900	78.065338358	0.415467731516824	0.642973170119694	0.948082245853025	0.948082245991436	0.612618999176289	1730.89001088529	1732.89001088529	-1.99999999999886	BM	Atelidae	PLA	Hominidae	APE	order
Ateles_geoffroyi	Pongo_abelii	7450	77900	78.065338355	0.413706030888484	0.642973170094985	0.947079950496032	0.947079950636077	0.609376417986297	1730.89001088529	1732.89001088529	-1.99999999999886	BM	Atelidae	PLA	Hominidae	APE	order
Nasalis_larvatus	Pongo_abelii	20400	77900	62.151576035	0.337659287098479	0.51190191078015	0.923358468390987	0.923358468564923	0.60906309511149	1730.89001088529	1732.89001088529	-1.99999999999886	BM	Cercopithecidae	OWM	Hominidae	APE	order
Papio_hamadryas	Pongo_pygmaeus	21000	78500	62.1515760359	0.337659287098479	0.511901910787563	0.923358468388853	0.92335846856279	0.609063095101264	1730.89001088529	1732.89001088529	-1.99999999999886	BM	Cercopithecidae	OWM	Hominidae	APE	order
Papio_hamadryas	Pongo_abelii	21000	77900	62.1515760359	0.334135885841799	0.511901910787563	0.920232933383468	0.920232933561282	0.600667510507666	1730.89001088529	1732.89001088529	-1.99999999999886	BM	Cercopithecidae	OWM	Hominidae	APE	order
Ateles_paniscus	Pongo_pygmaeus	9110	78500	78.065338355	0.407481355335017	0.642973170094985	0.943408136912303	0.943408137058178	0.597880664610498	1730.89001088529	1732.89001088529	-1.99999999999886	BM	Atelidae	PLA	Hominidae	APE	order
Papio_cynocephalus	Pongo_pygmaeus	21800	78500	62.1515760359	0.332961418756239	0.511901910787563	0.919168349858535	0.919168350037643	0.597863753573168	1730.89001088529	1732.89001088529	-1.99999999999886	BM	Cercopithecidae	OWM	Hominidae	APE	order
Ateles_paniscus	Pongo_abelii	9110	77900	78.065338355	0.403957954078337	0.642973170094985	0.941237388779879	0.941237388929089	0.591347116112772	1730.89001088529	1732.89001088529	-1.99999999999886	BM	Atelidae	PLA	Hominidae	APE	order
Papio_cynocephalus	Pongo_abelii	21800	77900	62.1515760359	0.32943801749956	0.511901910787563	0.915905220053099	0.91590522023609	0.589437143236235	1730.89001088529	1732.89001088529	-1.99999999999886	BM	Cercopithecidae	OWM	Hominidae	APE	order
Cercopithecus_ascanius	Pan_troglodytes	3700	59700	62.1515760317	0.32885078395678	0.51190191075297	0.915351138153656	0.915351138337294	0.588030505560706	1730.89001088529	1732.89001088529	-1.99999999999886	BM	Cercopithecidae	OWM	Hominidae	APE	order
Cercopithecus_pogonias	Pan_troglodytes	4260	59700	62.1515760316	0.325562276117212	0.511901910752146	0.912193474475304	0.912193474662564	0.580141971677926	1730.89001088529	1732.89001088529	-1.99999999999886	BM	Cercopithecidae	OWM	Hominidae	APE	order
Cercopithecus_cephus	Pan_troglodytes	4290	59700	62.1515760317	0.325386106054378	0.51190191075297	0.912021668181215	0.91202166836867	0.579718834825587	1730.89001088529	1732.89001088529	-1.99999999999886	BM	Cercopithecidae	OWM	Hominidae	APE	order
Chlorocebus_pygerythrus	Pan_troglodytes	4290	59700	62.1515760319	0.325386106054378	0.511901910754617	0.912021668180704	0.912021668368158	0.579718834823397	1730.89001088529	1732.89001088529	-1.99999999999886	BM	Cercopithecidae	OWM	Hominidae	APE	order
Cercopithecus_petaurista	Pan_troglodytes	4400	59700	62.1515760317	0.32474014915732	0.51190191075297	0.911389391165353	0.911389391353518	0.578166872618415	1730.89001088529	1732.89001088529	-1.99999999999886	BM	Cercopithecidae	OWM	Hominidae	APE	order
Cercopithecus_mona	Pan_troglodytes	4768	59700	62.1515760316	0.32257912971989	0.511901910752146	0.909247475816239	0.909247476006781	0.572969651583937	1730.89001088529	1732.89001088529	-1.99999999999886	BM	Cercopithecidae	OWM	Hominidae	APE	order
Cercopithecus_diana	Pan_troglodytes	5200	59700	62.1515760327	0.32004228081508	0.511901910761206	0.906680128040007	0.906680128233336	0.566858552483495	1730.89001088529	1732.89001088529	-1.99999999999886	BM	Cercopithecidae	OWM	Hominidae	APE	order
Macaca_fascicularis	Pan_troglodytes	5360	59700	62.1515760326	0.319102707146632	0.511901910760383	0.905714595987244	0.905714596181603	0.564592499864753	1730.89001088529	1732.89001088529	-1.99999999999886	BM	Cercopithecidae	OWM	Hominidae	APE	order
Allochrocebus_lhoesti	Pan_troglodytes	5970	59700	62.1515760313	0.315520582535674	0.511901910749675	0.901959823194551	0.901959823392829	0.555940274615002	1730.89001088529	1732.89001088529	-1.99999999999886	BM	Cercopithecidae	OWM	Hominidae	APE	order
Allenopithecus_nigroviridis	Pan_troglodytes	6130	59700	62.151576028	0.314581008867227	0.511901910722495	0.900955441326881	0.900955441526184	0.553667540089869	1730.89001088529	1732.89001088529	-1.99999999999886	BM	Cercopithecidae	OWM	Hominidae	APE	order
Papio_anubis	Pongo_pygmaeus	25100	78500	62.1515760359	0.313582711844501	0.511901910787563	0.899879304907644	0.899879305108034	0.551251297990934	1730.89001088529	1732.89001088529	-1.99999999999886	BM	Cercopithecidae	OWM	Hominidae	APE	order
Trachypithecus_cristatus	Pan_troglodytes	6610	59700	62.1515760321	0.311762287861883	0.511901910756264	0.897892955149453	0.897892955351822	0.546841408618506	1730.89001088529	1732.89001088529	-1.99999999999886	BM	Cercopithecidae	OWM	Hominidae	APE	order
Cercopithecus_nictitans	Pan_troglodytes	6670	59700	62.1515760318	0.311409947736215	0.511901910753794	0.897504901695044	0.897504901897796	0.545987324247898	1730.89001088529	1732.89001088529	-1.99999999999886	BM	Cercopithecidae	OWM	Hominidae	APE	order
Macaca_silenus	Mandrillus_sphinx	8900	31600	22.401646143	0.133302014211052	0.184507718014499	0.755674323314899	0.755674323593316	0.545954990227204	1730.89001088529	1732.89001088529	-1.99999999999886	BM	Cercopithecidae	OWM	Cercopithecidae	OWM	family
Presbytis_comata	Pan_troglodytes	6680	59700	62.151576031	0.311351224381937	0.511901910747204	0.897440112195944	0.897440112398759	0.545844959503691	1730.89001088529	1732.89001088529	-1.99999999999886	BM	Cercopithecidae	OWM	Hominidae	APE	order
Papio_anubis	Pongo_abelii	25100	77900	62.1515760359	0.310059310587821	0.511901910787563	0.896006482956549	0.896006483160764	0.542711692480902	1730.89001088529	1732.89001088529	-1.99999999999886	BM	Cercopithecidae	OWM	Hominidae	APE	order
Cercopithecus_neglectus	Pan_troglodytes	7350	59700	62.1515760326	0.307416759645311	0.511901910760383	0.89302449236691	0.893024492573978	0.536295508878927	1730.89001088529	1732.89001088529	-1.99999999999886	BM	Cercopithecidae	OWM	Hominidae	APE	order
Trachypithecus_francoisi	Pan_troglodytes	7700	59700	62.1515760322	0.305361442245581	0.511901910757088	0.890658649322224	0.8906586495315	0.531298680450901	1730.89001088529	1732.89001088529	-1.99999999999886	BM	Cercopithecidae	OWM	Hominidae	APE	order
Trachypithecus_obscurus	Pan_troglodytes	7900	59700	62.1515760313	0.304186975160021	0.511901910749675	0.889288278566466	0.889288278776999	0.528440909912285	1730.89001088529	1732.89001088529	-1.99999999999886	BM	Cercopithecidae	OWM	Hominidae	APE	order
Cercopithecus_mitis	Pan_troglodytes	7930	59700	62.1515760318	0.304010805097187	0.511901910753794	0.889081558237409	0.88908155844813	0.528012094971094	1730.89001088529	1732.89001088529	-1.99999999999886	BM	Cercopithecidae	OWM	Hominidae	APE	order
Semnopithecus_vetulus	Pan_troglodytes	8170	59700	62.151576032	0.302601444594515	0.511901910755441	0.887416806286314	0.887416806498538	0.524580201592529	1730.89001088529	1732.89001088529	-1.99999999999886	BM	Cercopithecidae	OWM	Hominidae	APE	order
Mandrillus_sphinx	Cercopithecus_ascanius	31600	3700	29.8369393137	0.16383815843561	0.245747368303472	0.784985540487813	0.784985540758547	0.523344710626909	1730.89001088529	1732.89001088529	-1.99999999999886	BM	Cercopithecidae	OWM	Cercopithecidae	OWM	family
Piliocolobus_badius	Pan_troglodytes	8360	59700	62.151576032	0.301485700863233	0.511901910755441	0.886084959325948	0.886084959539358	0.521861589835673	1730.89001088529	1732.89001088529	-1.99999999999886	BM	Cercopithecidae	OWM	Hominidae	APE	order
Pan_paniscus	Hylobates_klossii	45000	5670	45.7765141043	0.23095895237536	0.377031228068127	0.841787190498455	0.841787190744015	0.515655662361713	1730.89001088529	1732.89001088529	-1.99999999999886	BM	Hominidae	APE	Hylobatidae	APE	superfamily
Macaca_silenus	Pan_troglodytes	8900	59700	62.151576033	0.298314639732221	0.511901910763677	0.882231916498536	0.882231916715295	0.514127200537113	1730.89001088529	1732.89001088529	-1.99999999999886	BM	Cercopithecidae	OWM	Hominidae	APE	order
Papio_ursinus	Cercocebus_torquatus	29800	11000	18.5708053176	0.110399906042633	0.152955585896199	0.710404826076762	0.710404826361442	0.51275424556467	1730.89001088529	1732.89001088529	-1.99999999999886	BM	Cercopithecidae	OWM	Cercopithecidae	OWM	family
Pan_paniscus	Hylobates_lar	45000	5900	45.7765141047	0.229608315226966	0.377031228071422	0.83934014998023	0.839340150227206	0.511149908523763	1730.89001088529	1732.89001088529	-1.99999999999886	BM	Hominidae	APE	Hylobatidae	APE	superfamily
Macaca_nigra	Mandrillus_sphinx	9890	31600	22.401646142	0.12748840213753	0.184507718006263	0.73449223346714	0.734492233749266	0.507508532645626	1730.89001088529	1732.89001088529	-1.99999999999886	BM	Cercopithecidae	OWM	Cercopithecidae	OWM	family
Mandrillus_sphinx	Cercopithecus_pogonias	31600	4260	29.8369393136	0.160549650596042	0.245747368302649	0.775636814861291	0.775636815134821	0.506732668087193	1730.89001088529	1732.89001088529	-1.99999999999886	BM	Cercopithecidae	OWM	Cercopithecidae	OWM	family
Mandrillus_sphinx	Cercopithecus_cephus	31600	4290	29.8369393137	0.160373480533208	0.245747368303472	0.775127916243583	0.775127916517255	0.505844529056875	1730.89001088529	1732.89001088529	-1.99999999999886	BM	Cercopithecidae	OWM	Cercopithecidae	OWM	family
Mandrillus_sphinx	Chlorocebus_pygerythrus	31600	4290	29.8369393139	0.160373480533208	0.24574736830512	0.775127916242029	0.775127916515701	0.50584452905247	1730.89001088529	1732.89001088529	-1.99999999999886	BM	Cercopithecidae	OWM	Cercopithecidae	OWM	family
Colobus_angolensis	Pan_troglodytes	9680	59700	62.151576032	0.293734218098538	0.511901910755441	0.876486767350748	0.876486767572286	0.502936499888325	1730.89001088529	1732.89001088529	-1.99999999999886	BM	Cercopithecidae	OWM	Hominidae	APE	order
Mandrillus_sphinx	Cercopithecus_petaurista	31600	4400	29.8369393137	0.15972752363615	0.245747368303472	0.773254900666149	0.773254900940337	0.502589676852202	1730.89001088529	1732.89001088529	-1.99999999999886	BM	Cercopithecidae	OWM	Cercopithecidae	OWM	family
Macaca_nigra	Pan_troglodytes	9890	59700	62.151576032	0.2925010276587	0.511901910755441	0.874903199857102	0.874903200079913	0.499920159865055	1730.89001088529	1732.89001088529	-1.99999999999886	BM	Cercopithecidae	OWM	Hominidae	APE	order
Colobus_polykomos	Pan_troglodytes	9900	59700	62.151576032	0.292442304304422	0.511901910755441	0.874827398913658	0.874827399136529	0.499776490440136	1730.89001088529	1732.89001088529	-1.99999999999886	BM	Cercopithecidae	OWM	Hominidae	APE	order
Mandrillus_sphinx	Cercopithecus_mona	31600	4768	29.8369393136	0.15756650419872	0.245747368302649	0.766908008814026	0.766908009089868	0.491720480367499	1730.89001088529	1732.89001088529	-1.99999999999886	BM	Cercopithecidae	OWM	Cercopithecidae	OWM	family
Cebuella_pygmaea	Pan_troglodytes	110	59700	78.0653383507	0.34993246814258	0.642973170059568	0.898411433536933	0.89841143373879	0.488952486642587	1730.89001088529	1732.89001088529	-1.99999999999886	BM	Callitrichidae	PLA	Hominidae	APE	order
Callithrix_jacchus	Pan_troglodytes	317	59700	78.0653383503	0.348716894709026	0.642973170056274	0.897217959545684	0.897217959748717	0.486606712847063	1730.89001088529	1732.89001088529	-1.99999999999886	BM	Callitrichidae	PLA	Hominidae	APE	order
Leontocebus_fuscicolis	Pan_troglodytes	343	59700	78.0653383503	0.348564213987903	0.642973170056274	0.897067269468286	0.897067269671467	0.486311967961464	1730.89001088529	1732.89001088529	-1.99999999999886	BM	Callitrichidae	PLA	Hominidae	APE	order
Saguinus_oedipus	Pan_troglodytes	418	59700	78.0653383502	0.348123788830818	0.64297317005545	0.89663160198858	0.896631602192187	0.485461610229851	1730.89001088529	1732.89001088529	-1.99999999999886	BM	Callitrichidae	PLA	Hominidae	APE	order
Saguinus_midas	Pan_troglodytes	515	59700	78.0653383511	0.347554172294321	0.642973170062863	0.896065966203909	0.896065966408067	0.484361525030139	1730.89001088529	1732.89001088529	-1.99999999999886	BM	Callitrichidae	PLA	Hominidae	APE	order
Pygathrix_nemaeus	Pan_troglodytes	11000	59700	62.1515760308	0.285982735333842	0.511901910745557	0.866268602042154	0.86626860227159	0.483955732818075	1730.89001088529	1732.89001088529	-1.99999999999886	BM	Cercopithecidae	OWM	Hominidae	APE	order
Cercocebus_torquatus	Pan_troglodytes	11000	59700	62.151576032	0.285982735333842	0.511901910755441	0.866268602038402	0.866268602267837	0.483955732806634	1730.89001088529	1732.89001088529	-1.99999999999886	BM	Cercopithecidae	OWM	Hominidae	APE	order
Macaca_fuscata	Pan_troglodytes	11000	59700	62.1515760326	0.285982735333842	0.511901910760383	0.866268602036526	0.866268602265961	0.483955732800914	1730.89001088529	1732.89001088529	-1.99999999999886	BM	Cercopithecidae	OWM	Hominidae	APE	order
Macaca_mulatta	Pan_troglodytes	11000	59700	62.1515760327	0.285982735333842	0.511901910761206	0.866268602036213	0.866268602265649	0.483955732799961	1730.89001088529	1732.89001088529	-1.99999999999886	BM	Cercopithecidae	OWM	Hominidae	APE	order
Papio_ursinus	Pongo_pygmaeus	29800	78500	62.1515760356	0.285982735333842	0.511901910785092	0.866268602027145	0.86626860225658	0.483955732772313	1730.89001088529	1732.89001088529	-1.99999999999886	BM	Cercopithecidae	OWM	Hominidae	APE	order
Saimiri_sciureus	Pan_troglodytes	779	59700	78.065338345	0.346003875741382	0.642973170012621	0.894514043633996	0.894514043839649	0.481365849210136	1730.89001088529	1732.89001088529	-1.99999999999886	BM	Cebidae	PLA	Hominidae	APE	order
Macaca_nemestrina	Pan_troglodytes	11200	59700	62.1515760325	0.284808268248282	0.511901910759559	0.864664919196428	0.864664919427037	0.481075989511291	1730.89001088529	1732.89001088529	-1.99999999999886	BM	Cercopithecidae	OWM	Hominidae	APE	order
Aotus_trivirgatus	Pan_troglodytes	813	59700	78.0653383541	0.345804216336837	0.642973170087572	0.894312845284823	0.894312845490668	0.480979871339834	1730.89001088529	1732.89001088529	-1.99999999999886	BM	Aotidae	PLA	Hominidae	APE	order
Saimiri_oerstedii	Pan_troglodytes	897	59700	78.0653383454	0.345310940160902	0.642973170015916	0.893814461870889	0.893814462077208	0.480026113920752	1730.89001088529	1732.89001088529	-1.99999999999886	BM	Cebidae	PLA	Hominidae	APE	order
Mandrillus_sphinx	Cercopithecus_diana	31600	5200	29.8369393147	0.15502965529391	0.245747368311709	0.759297778598525	0.759297778876159	0.479002781149835	1730.89001088529	1732.89001088529	-1.99999999999886	BM	Cercopithecidae	OWM	Cercopithecidae	OWM	family
Plecturocebus_moloch	Pan_troglodytes	1020	59700	78.0653383522	0.344588642903283	0.642973170071923	0.893081326027313	0.893081326234327	0.47862911932016	1730.89001088529	1732.89001088529	-1.99999999999886	BM	Pitheciidae	PLA	Hominidae	APE	order
Macaca_silenus	Papio_ursinus	8900	29800	22.4016461426	0.122731810441012	0.184507718011204	0.71624577717823	0.716245777462443	0.476436118235856	1730.89001088529	1732.89001088529	-1.99999999999886	BM	Cercopithecidae	OWM	Cercopithecidae	OWM	family
Cheracebus_torquatus	Pan_troglodytes	1280	59700	78.0653383513	0.343061835692055	0.64297317006451	0.891518410522849	0.891518410731328	0.47567450199601	1730.89001088529	1732.89001088529	-1.99999999999886	BM	Pitheciidae	PLA	Hominidae	APE	order
Papio_ursinus	Pongo_abelii	29800	77900	62.1515760356	0.282459334077163	0.511901910785092	0.861413028557646	0.861413028790581	0.475314010917872	1730.89001088529	1732.89001088529	-1.99999999999886	BM	Cercopithecidae	OWM	Hominidae	APE	order
Pan_paniscus	Nomascus_concolor	45000	7790	45.776514104	0.218509601268424	0.377031228065657	0.818138414771711	0.818138415029612	0.47415462032502	1730.89001088529	1732.89001088529	-1.99999999999886	BM	Hominidae	APE	Hylobatidae	APE	superfamily
Papio_ursinus	Cercopithecus_ascanius	29800	3700	29.8369393133	0.15326795466557	0.245747368300178	0.753910966970666	0.753910967249448	0.470199915900596	1730.89001088529	1732.89001088529	-1.99999999999886	BM	Cercopithecidae	OWM	Cercopithecidae	OWM	family
Trachypithecus_pileatus	Pan_troglodytes	12000	59700	62.1515760321	0.280110399906043	0.511901910756264	0.858101273937624	0.858101274172856	0.469549118594711	1730.89001088529	1732.89001088529	-1.99999999999886	BM	Cercopithecidae	OWM	Hominidae	APE	order
Pan_paniscus	Pongo_pygmaeus	45000	78500	40.643277586	0.196723236831288	0.334752113847042	0.797896357606408	0.79789635787271	0.468898470334825	1730.89001088529	1732.89001088529	-1.99999999999886	BM	Hominidae	APE	Hominidae	APE	family
Macaca_fuscata	Mandrillus_sphinx	11000	31600	22.4016461426	0.120970109812673	0.184507718011204	0.709277243064507	0.709277243349265	0.465028492607191	1730.89001088529	1732.89001088529	-1.99999999999886	BM	Cercopithecidae	OWM	Cercopithecidae	OWM	family
Macaca_mulatta	Mandrillus_sphinx	11000	31600	22.4016461427	0.120970109812673	0.184507718012028	0.70927724306343	0.709277243348189	0.465028492604409	1730.89001088529	1732.89001088529	-1.99999999999886	BM	Cercopithecidae	OWM	Cercopithecidae	OWM	family
Erythrocebus_patas	Pan_troglodytes	12400	59700	62.151576032	0.277761465734923	0.511901910755441	0.854729064862676	0.854729065100176	0.463781816153288	1730.89001088529	1732.89001088529	-1.99999999999886	BM	Cercopithecidae	OWM	Hominidae	APE	order
Mandrillus_sphinx	Pongo_pygmaeus	31600	78500	62.151576036	0.275412531563803	0.511901910788386	0.851295818617586	0.851295818857322	0.458012622289412	1730.89001088529	1732.89001088529	-1.99999999999886	BM	Cercopithecidae	OWM	Hominidae	APE	order
Macaca_nemestrina	Mandrillus_sphinx	11200	31600	22.4016461425	0.119795642727113	0.184507718010381	0.704568116926066	0.704568117211118	0.457456150465428	1730.89001088529	1732.89001088529	-1.99999999999886	BM	Cercopithecidae	OWM	Cercopithecidae	OWM	family
Mandrillus_sphinx	Allochrocebus_lhoesti	31600	5970	29.8369393133	0.150507957014505	0.245747368300178	0.74530272376484	0.745302724045254	0.45646059645356	1730.89001088529	1732.89001088529	-1.99999999999886	BM	Cercopithecidae	OWM	Cercopithecidae	OWM	family
Pan_paniscus	Pongo_abelii	45000	77900	40.643277586	0.193199835574608	0.334752113847042	0.789697785478002	0.789697785747197	0.455768540352505	1730.89001088529	1732.89001088529	-1.99999999999886	BM	Hominidae	APE	Hominidae	APE	family
Semnopithecus_entellus	Pan_troglodytes	13000	59700	62.1515760317	0.274238064478243	0.51190191075297	0.849556126698013	0.849556126938854	0.455127482350278	1730.89001088529	1732.89001088529	-1.99999999999886	BM	Cercopithecidae	OWM	Hominidae	APE	order
Papio_ursinus	Cercopithecus_pogonias	29800	4260	29.8369393132	0.149979446826003	0.245747368299354	0.743630729119627	0.743630729400331	0.45383731336777	1730.89001088529	1732.89001088529	-1.99999999999886	BM	Cercopithecidae	OWM	Cercopithecidae	OWM	family
Papio_ursinus	Cercopithecus_cephus	29800	4290	29.8369393133	0.149803276763169	0.245747368300178	0.743071707384161	0.743071707664959	0.452963453509623	1730.89001088529	1732.89001088529	-1.99999999999886	BM	Cercopithecidae	OWM	Cercopithecidae	OWM	family
Papio_ursinus	Chlorocebus_pygerythrus	29800	4290	29.8369393135	0.149803276763169	0.245747368301825	0.743071707382567	0.743071707663364	0.452963453505615	1730.89001088529	1732.89001088529	-1.99999999999886	BM	Cercopithecidae	OWM	Cercopithecidae	OWM	family
Cebus_olivaceus	Pan_troglodytes	3290	59700	78.065338346	0.331258441482177	0.642973170020857	0.878818138359484	0.878818138579113	0.452765279225862	1730.89001088529	1732.89001088529	-1.99999999999886	BM	Cebidae	PLA	Hominidae	APE	order
Mandrillus_sphinx	Allenopithecus_nigroviridis	31600	6130	29.83693931	0.149568383346057	0.245747368272998	0.742325029717581	0.742325029998504	0.451798753298681	1730.89001088529	1732.89001088529	-1.99999999999886	BM	Cercopithecidae	OWM	Cercopithecidae	OWM	family
Cacajao_calvus	Pan_troglodytes	3450	59700	78.065338351	0.33031886781373	0.642973170062039	0.877759166830253	0.877759167050754	0.450937033924007	1730.89001088529	1732.89001088529	-1.99999999999886	BM	Pitheciidae	PLA	Hominidae	APE	order
Papio_ursinus	Cercopithecus_petaurista	29800	4400	29.8369393133	0.149157319866111	0.245747368300178	0.74101472456345	0.741014724844587	0.449761765758566	1730.89001088529	1732.89001088529	-1.99999999999886	BM	Cercopithecidae	OWM	Cercopithecidae	OWM	family
Mandrillus_sphinx	Pongo_abelii	31600	77900	62.151576036	0.271889130307123	0.511901910788386	0.846030250043174	0.846030250286201	0.449356456871767	1730.89001088529	1732.89001088529	-1.99999999999886	BM	Cercopithecidae	OWM	Hominidae	APE	order
Sapajus_apella	Pan_troglodytes	3650	59700	78.065338347	0.32914440072817	0.642973170029094	0.876425297805346	0.876425298026933	0.448650881367406	1730.89001088529	1732.89001088529	-1.99999999999886	BM	Cebidae	PLA	Hominidae	APE	order
Colobus_guereza	Pan_troglodytes	13500	59700	62.151576032	0.271301896764343	0.511901910755441	0.845139043660675	0.845139043904242	0.447913595861308	1730.89001088529	1732.89001088529	-1.99999999999886	BM	Cercopithecidae	OWM	Hominidae	APE	order
Papio_ursinus	Cercopithecus_mona	29800	4768	29.8369393132	0.14699630042868	0.245747368299354	0.734050374947015	0.734050375229204	0.439079735389299	1730.89001088529	1732.89001088529	-1.99999999999886	BM	Cercopithecidae	OWM	Cercopithecidae	OWM	family
Macaca_nigra	Papio_ursinus	9890	29800	22.4016461416	0.116918198367491	0.184507718002968	0.692815930996103	0.69281593128163	0.439021149516668	1730.89001088529	1732.89001088529	-1.99999999999886	BM	Cercopithecidae	OWM	Cercopithecidae	OWM	family
Mandrillus_sphinx	Cercopithecus_nictitans	31600	6670	29.8369393138	0.146397322215045	0.245747368304296	0.732097426748102	0.732097427030558	0.436127164315084	1730.89001088529	1732.89001088529	-1.99999999999886	BM	Cercopithecidae	OWM	Cercopithecidae	OWM	family
Macaca_fascicularis	Papio_anubis	5360	25100	22.4016461425	0.115919901344765	0.184507718010381	0.6886672804471	0.68866728073271	0.43266614572895	1730.89001088529	1732.89001088529	-1.99999999999886	BM	Cercopithecidae	OWM	Cercopithecidae	OWM	family
Macaca_tonkeana	Pan_troglodytes	14900	59700	62.151576032	0.263080627165424	0.511901910755441	0.832247475456044	0.832247475706934	0.427715121197151	1730.89001088529	1732.89001088529	-1.99999999999886	BM	Cercopithecidae	OWM	Hominidae	APE	order
Papio_ursinus	Cercopithecus_diana	29800	5200	29.8369393143	0.144459451523871	0.245747368308414	0.725711655112636	0.725711655395889	0.426600326927947	1730.89001088529	1732.89001088529	-1.99999999999886	BM	Cercopithecidae	OWM	Cercopithecidae	OWM	family
Pongo_pygmaeus	Cheirogaleus_medius	78500	283	121.413057314	0.459316460156204	0.999999999962937	0.915140748710812	0.915140748894695	0.420339209258128	1730.89001088529	1732.89001088529	-1.99999999999886	BM	Hominidae	APE	Cheirogaleidae	STR	order
Alouatta_caraya	Pan_troglodytes	6420	59700	78.0653383542	0.312878031593165	0.642973170088395	0.856761509433753	0.856761509669895	0.416909860452759	1730.89001088529	1732.89001088529	-1.99999999999886	BM	Atelidae	PLA	Hominidae	APE	order
Mandrillus_sphinx	Cercopithecus_neglectus	31600	7350	29.8369393146	0.142404134124141	0.245747368310885	0.718826084223596	0.718826084507573	0.416540802911923	1730.89001088529	1732.89001088529	-1.99999999999886	BM	Cercopithecidae	OWM	Cercopithecidae	OWM	family
Pongo_abelii	Cheirogaleus_medius	77900	283	121.413057314	0.455793058899524	0.999999999962937	0.912723694048139	0.912723694234799	0.416013124455694	1730.89001088529	1732.89001088529	-1.99999999999886	BM	Hominidae	APE	Cheirogaleidae	STR	order
Pongo_pygmaeus	Hapalemur_griseus	78500	987	121.4130573178	0.455182336015033	0.999999999994235	0.912299142316229	0.91229914250337	0.415262454746406	1730.89001088529	1732.89001088529	-1.99999999999886	BM	Hominidae	APE	Lemuridae	STR	order
Pongo_pygmaeus	Avahi_laniger	78500	1030	121.413057312	0.454929825591638	0.999999999946464	0.912123120432435	0.912123120619775	0.414952012118643	1730.89001088529	1732.89001088529	-1.99999999999886	BM	Hominidae	APE	Indriidae	STR	order
Alouatta_seniculus	Pan_troglodytes	6690	59700	78.0653383544	0.311292501027659	0.642973170090043	0.854723147672759	0.854723147910263	0.413810278099202	1730.89001088529	1732.89001088529	-1.99999999999886	BM	Atelidae	PLA	Hominidae	APE	order
Pongo_abelii	Hapalemur_griseus	77900	987	121.4130573178	0.451658934758353	0.999999999994235	0.909817173999912	0.909817174189827	0.410927055636025	1730.89001088529	1732.89001088529	-1.99999999999886	BM	Hominidae	APE	Lemuridae	STR	order
Pongo_abelii	Avahi_laniger	77900	1030	121.413057312	0.451406424334958	0.999999999946464	0.909637150572532	0.909637150762646	0.410616053604169	1730.89001088529	1732.89001088529	-1.99999999999886	BM	Hominidae	APE	Indriidae	STR	order
Pongo_pygmaeus	Eulemur_mongoz	78500	1630	121.413057315	0.451406424334958	0.999999999971173	0.909637150568553	0.909637150758667	0.410616053592227	1730.89001088529	1732.89001088529	-1.99999999999886	BM	Hominidae	APE	Lemuridae	STR	order
Pongo_pygmaeus	Eulemur_coronatus	78500	1690	121.4130573151	0.45105408420929	0.999999999971996	0.90938547198103	0.90938547217142	0.410182031269123	1730.89001088529	1732.89001088529	-1.99999999999886	BM	Hominidae	APE	Lemuridae	STR	order
Alouatta_palliata	Pan_troglodytes	7150	59700	78.065338354	0.308591226730871	0.642973170086748	0.851199319953147	0.851199320192945	0.408528154139598	1730.89001088529	1732.89001088529	-1.99999999999886	BM	Atelidae	PLA	Hominidae	APE	order
Pongo_pygmaeus	Eulemur_rubriventer	78500	1980	121.413057316	0.449351106935228	0.999999999979409	0.908161065873639	0.908161066065368	0.408083180234199	1730.89001088529	1732.89001088529	-1.99999999999886	BM	Hominidae	APE	Lemuridae	STR	order
Pongo_pygmaeus	Eulemur_fulvus	78500	2180	121.4130573144	0.448176639849668	0.999999999966231	0.907308928640267	0.90730892883292	0.406634666957329	1730.89001088529	1732.89001088529	-1.99999999999886	BM	Hominidae	APE	Lemuridae	STR	order
Pongo_pygmaeus	Lemur_catta	78500	2210	121.413057316	0.448000469786834	0.999999999979409	0.907180562286978	0.907180562479769	0.406417318094419	1730.89001088529	1732.89001088529	-1.99999999999886	BM	Hominidae	APE	Lemuridae	STR	order
Pongo_abelii	Eulemur_mongoz	77900	1630	121.413057315	0.447883023078278	0.999999999971173	0.907094905466384	0.907094905659267	0.406272408490901	1730.89001088529	1732.89001088529	-1.99999999999886	BM	Hominidae	APE	Lemuridae	STR	order
Pongo_abelii	Eulemur_coronatus	77900	1690	121.4130573151	0.44753068295261	0.999999999971996	0.906837554245118	0.906837554438278	0.405837629989757	1730.89001088529	1732.89001088529	-1.99999999999886	BM	Hominidae	APE	Lemuridae	STR	order
Pongo_pygmaeus	Eulemur_macaco	78500	2370	121.4130573151	0.447060896118386	0.999999999971996	0.906493529722357	0.906493529915885	0.405257809734545	1730.89001088529	1732.89001088529	-1.99999999999886	BM	Hominidae	APE	Lemuridae	STR	order
Ateles_geoffroyi	Pan_troglodytes	7450	59700	78.065338351	0.306829526102531	0.642973170062039	0.848866251241238	0.848866251482513	0.405082578434261	1730.89001088529	1732.89001088529	-1.99999999999886	BM	Atelidae	PLA	Hominidae	APE	order
Papio_ursinus	Allochrocebus_lhoesti	29800	5970	29.8369393129	0.139937753244465	0.245747368296883	0.710409741445271	0.710409741729951	0.404533907279664	1730.89001088529	1732.89001088529	-1.99999999999886	BM	Cercopithecidae	OWM	Cercopithecidae	OWM	family
Pongo_abelii	Eulemur_rubriventer	77900	1980	121.413057316	0.445827705678548	0.999999999979409	0.905585614897467	0.905585615091963	0.403735156993549	1730.89001088529	1732.89001088529	-1.99999999999886	BM	Hominidae	APE	Lemuridae	STR	order
Pongo_abelii	Eulemur_fulvus	77900	2180	121.4130573144	0.444653238592988	0.999999999966231	0.904714377766593	0.90471437796201	0.402284178089141	1730.89001088529	1732.89001088529	-1.99999999999886	BM	Hominidae	APE	Lemuridae	STR	order
Pongo_abelii	Lemur_catta	77900	2210	121.413057316	0.444477068530154	0.999999999979409	0.904583138586298	0.904583138781852	0.402066461688923	1730.89001088529	1732.89001088529	-1.99999999999886	BM	Hominidae	APE	Lemuridae	STR	order
Pongo_abelii	Eulemur_macaco	77900	2370	121.4130573151	0.443537494861707	0.999999999971996	0.903880749743996	0.903880749940286	0.4009050034064	1730.89001088529	1732.89001088529	-1.99999999999886	BM	Hominidae	APE	Lemuridae	STR	order
Papio_ursinus	Allenopithecus_nigroviridis	29800	6130	29.8369393096	0.138998179576017	0.245747368269703	0.707159340558689	0.707159340843587	0.399979302728316	1730.89001088529	1732.89001088529	-1.99999999999886	BM	Cercopithecidae	OWM	Cercopithecidae	OWM	family
Mandrillus_sphinx	Cercopithecus_mitis	31600	7930	29.8369393138	0.138998179576017	0.245747368304296	0.707159340524718	0.707159340809616	0.399979302652799	1730.89001088529	1732.89001088529	-1.99999999999886	BM	Cercopithecidae	OWM	Cercopithecidae	OWM	family
Pongo_pygmaeus	Propithecus_verreauxi	78500	3250	121.413057315	0.441893240941923	0.999999999971173	0.902641617781253	0.902641617978829	0.398871229901916	1730.89001088529	1732.89001088529	-1.99999999999886	BM	Hominidae	APE	Indriidae	STR	order
Macaca_fuscata	Papio_ursinus	11000	29800	22.4016461422	0.110399906042633	0.18450771800791	0.665063664370059	0.665063664655343	0.397939808976859	1730.89001088529	1732.89001088529	-1.99999999999886	BM	Cercopithecidae	OWM	Cercopithecidae	OWM	family
Macaca_mulatta	Papio_ursinus	11000	29800	22.4016461423	0.110399906042633	0.184507718008734	0.66506366436898	0.665063664654264	0.397939808974437	1730.89001088529	1732.89001088529	-1.99999999999886	BM	Cercopithecidae	OWM	Cercopithecidae	OWM	family
Pongo_abelii	Propithecus_verreauxi	77900	3250	121.413057315	0.438369839685243	0.999999999971173	0.899943340299031	0.899943340499357	0.394508017824061	1730.89001088529	1732.89001088529	-1.99999999999886	BM	Hominidae	APE	Indriidae	STR	order
Macaca_nemestrina	Papio_ursinus	11200	29800	22.4016461421	0.109225438957073	0.184507718007086	0.659896598765947	0.659896599050986	0.390647591575123	1730.89001088529	1732.89001088529	-1.99999999999886	BM	Cercopithecidae	OWM	Cercopithecidae	OWM	family
Mandrillus_leucophaeus	Pan_troglodytes	17500	59700	62.151576032	0.247812555053145	0.511901910755441	0.806194480775095	0.806194481038176	0.390280071148369	1730.89001088529	1732.89001088529	-1.99999999999886	BM	Cercopithecidae	OWM	Hominidae	APE	order
Ateles_paniscus	Pan_troglodytes	9110	59700	78.065338351	0.297081449292384	0.642973170062039	0.835450112509625	0.835450112758782	0.386014132147841	1730.89001088529	1732.89001088529	-1.99999999999886	BM	Atelidae	PLA	Hominidae	APE	order
Papio_ursinus	Cercopithecus_nictitans	29800	6670	29.8369393134	0.135827118445006	0.245747368301001	0.696008985111893	0.696008985397327	0.384691382508677	1730.89001088529	1732.89001088529	-1.99999999999886	BM	Cercopithecidae	OWM	Cercopithecidae	OWM	family
Rhinopithecus_roxellana	Pan_troglodytes	17900	59700	62.1515760314	0.245463620882025	0.511901910750499	0.801935963600381	0.801935963865152	0.384538719639216	1730.89001088529	1732.89001088529	-1.99999999999886	BM	Cercopithecidae	OWM	Hominidae	APE	order
Macaca_nigra	Macaca_tonkeana	9890	14900	4.1677209	0.0294204004932762	0.0343267931147382	0.448641240895006	0.448641241129954	0.384516110806296	1730.89001088529	1732.89001088529	-1.99999999999886	BM	Cercopithecidae	OWM	Cercopithecidae	OWM	family
Cercopithecus_ascanius	Pan_paniscus	3700	45000	62.1515760317	0.242527453168125	0.51190191075297	0.79651707861444	0.796517078881248	0.37737163003968	1730.89001088529	1732.89001088529	-1.99999999999886	BM	Cercopithecidae	OWM	Hominidae	APE	order
Cercopithecus_pogonias	Pan_paniscus	4260	45000	62.1515760316	0.239238945328557	0.511901910752146	0.790320695862303	0.790320696131288	0.369358827888759	1730.89001088529	1732.89001088529	-1.99999999999886	BM	Cercopithecidae	OWM	Hominidae	APE	order
Cercopithecus_cephus	Pan_paniscus	4290	45000	62.1515760317	0.239062775265723	0.51190191075297	0.789984932691465	0.789984932960564	0.368930036126519	1730.89001088529	1732.89001088529	-1.99999999999886	BM	Cercopithecidae	OWM	Hominidae	APE	order
Chlorocebus_pygerythrus	Pan_paniscus	4290	45000	62.1515760319	0.239062775265723	0.511901910754617	0.789984932690731	0.78998493295983	0.368930036124989	1730.89001088529	1732.89001088529	-1.99999999999886	BM	Cercopithecidae	OWM	Hominidae	APE	order
Theropithecus_gelada	Pan_troglodytes	19000	59700	62.151576032	0.239004051911445	0.511901910755441	0.78987292519313	0.789872925462267	0.368787116535094	1730.89001088529	1732.89001088529	-1.99999999999886	BM	Cercopithecidae	OWM	Hominidae	APE	order
Cercopithecus_petaurista	Pan_paniscus	4400	45000	62.1515760317	0.238416818368665	0.51190191075297	0.788750471557031	0.788750471826543	0.367358226185954	1730.89001088529	1732.89001088529	-1.99999999999886	BM	Cercopithecidae	OWM	Hominidae	APE	order
Papio_ursinus	Cercopithecus_neglectus	29800	7350	29.8369393142	0.131833930354102	0.24574736830759	0.681571652877648	0.6815716531633	0.365636753042806	1730.89001088529	1732.89001088529	-1.99999999999886	BM	Cercopithecidae	OWM	Cercopithecidae	OWM	family
Cercopithecus_mona	Pan_paniscus	4768	45000	62.1515760316	0.236255798931235	0.511901910752146	0.784582518045056	0.784582518315918	0.362104859807729	1730.89001088529	1732.89001088529	-1.99999999999886	BM	Cercopithecidae	OWM	Hominidae	APE	order
Cercopithecus_diana	Pan_paniscus	5200	45000	62.1515760327	0.233718950026426	0.511901910761206	0.779614502283267	0.779614502555649	0.35594843283173	1730.89001088529	1732.89001088529	-1.99999999999886	BM	Cercopithecidae	OWM	Hominidae	APE	order
Macaca_fascicularis	Pan_paniscus	5360	45000	62.1515760326	0.232779376357978	0.511901910760383	0.777753799763957	0.777753800036883	0.353671359030826	1730.89001088529	1732.89001088529	-1.99999999999886	BM	Cercopithecidae	OWM	Hominidae	APE	order
Papio_ursinus	Cercopithecus_mitis	29800	7930	29.8369393134	0.128427975805978	0.245747368301001	0.668908265042812	0.668908265328239	0.349572551166103	1730.89001088529	1732.89001088529	-1.99999999999886	BM	Cercopithecidae	OWM	Cercopithecidae	OWM	family
Nasalis_larvatus	Pan_troglodytes	20400	59700	62.151576031	0.230782782312526	0.511901910747204	0.773762516529979	0.773762516804029	0.348838444758443	1730.89001088529	1732.89001088529	-1.99999999999886	BM	Cercopithecidae	OWM	Hominidae	APE	order
Allochrocebus_lhoesti	Pan_paniscus	5970	45000	62.1515760313	0.22919725174702	0.511901910749675	0.770556728419388	0.770556728694298	0.345006495893433	1730.89001088529	1732.89001088529	-1.99999999999886	BM	Cercopithecidae	OWM	Hominidae	APE	order
Allenopithecus_nigroviridis	Pan_paniscus	6130	45000	62.151576028	0.228257678078572	0.511901910722495	0.768641818372659	0.768641818648064	0.34273831189301	1730.89001088529	1732.89001088529	-1.99999999999886	BM	Cercopithecidae	OWM	Hominidae	APE	order
Papio_hamadryas	Papio_anubis	21000	25100	3.47880109	0.0240765752539785	0.0286526109039009	0.40639092883479	0.406390929052753	0.341487266673242	1730.89001088529	1732.89001088529	-1.99999999999886	BM	Cercopithecidae	OWM	Cercopithecidae	OWM	family
Papio_hamadryas	Pan_troglodytes	21000	59700	62.1515760319	0.227259381055846	0.511901910754617	0.766594817468508	0.766594817744428	0.340330559582583	1730.89001088529	1732.89001088529	-1.99999999999886	BM	Cercopithecidae	OWM	Hominidae	APE	order
Papio_anubis	Cercopithecus_ascanius	25100	3700	29.8369393136	0.125667978154912	0.245747368302649	0.65841090620562	0.658410906490578	0.336691977413587	1730.89001088529	1732.89001088529	-1.99999999999886	BM	Cercopithecidae	OWM	Cercopithecidae	OWM	family
Trachypithecus_cristatus	Pan_paniscus	6610	45000	62.1515760321	0.225438957073228	0.511901910756264	0.762829060719253	0.762829060996081	0.335945977657389	1730.89001088529	1732.89001088529	-1.99999999999886	BM	Cercopithecidae	OWM	Hominidae	APE	order
Cercopithecus_nictitans	Pan_paniscus	6670	45000	62.1515760318	0.22508661694756	0.511901910753794	0.762095273177769	0.762095273454769	0.335098274157086	1730.89001088529	1732.89001088529	-1.99999999999886	BM	Cercopithecidae	OWM	Hominidae	APE	order
Presbytis_comata	Pan_paniscus	6680	45000	62.151576031	0.225027893593282	0.511901910747204	0.761972819557126	0.761972819834154	0.334957020007979	1730.89001088529	1732.89001088529	-1.99999999999886	BM	Cercopithecidae	OWM	Hominidae	APE	order
Theropithecus_gelada	Papio_ursinus	19000	29800	12.5784127636	0.0634212226202361	0.10360016493616	0.540221159431004	0.540221159695915	0.33070880183973	1730.89001088529	1732.89001088529	-1.99999999999886	BM	Cercopithecidae	OWM	Cercopithecidae	OWM	family
Papio_cynocephalus	Pan_troglodytes	21800	59700	62.1515760319	0.222561512713606	0.511901910754617	0.756789530463433	0.756789530741614	0.329032221148517	1730.89001088529	1732.89001088529	-1.99999999999886	BM	Cercopithecidae	OWM	Hominidae	APE	order
Cercopithecus_neglectus	Pan_paniscus	7350	45000	62.1515760326	0.221093428856656	0.511901910760383	0.753666838106283	0.753666838385115	0.325513114817169	1730.89001088529	1732.89001088529	-1.99999999999886	BM	Cercopithecidae	OWM	Hominidae	APE	order
Macaca_tonkeana	Mandrillus_sphinx	14900	31600	22.401646142	0.0980680016442539	0.184507718006263	0.608286102992914	0.608286103272438	0.32331115030354	1730.89001088529	1732.89001088529	-1.99999999999886	BM	Cercopithecidae	OWM	Cercopithecidae	OWM	family
Papio_anubis	Cercopithecus_pogonias	25100	4260	29.8369393135	0.122379470315344	0.245747368301825	0.645628504481682	0.645628504765742	0.321515851603809	1730.89001088529	1732.89001088529	-1.99999999999886	BM	Cercopithecidae	OWM	Cercopithecidae	OWM	family
Cebuella_pygmaea	Pan_paniscus	110	45000	78.0653383507	0.263609137353926	0.642973170059568	0.782546073866497	0.782546074137994	0.320831887048316	1730.89001088529	1732.89001088529	-1.99999999999886	BM	Callitrichidae	PLA	Hominidae	APE	order
Papio_anubis	Cercopithecus_cephus	25100	4290	29.8369393136	0.12220330025251	0.245747368302649	0.644935312333746	0.644935312617747	0.320708311795655	1730.89001088529	1732.89001088529	-1.99999999999886	BM	Cercopithecidae	OWM	Cercopithecidae	OWM	family
Papio_anubis	Chlorocebus_pygerythrus	25100	4290	29.8369393138	0.12220330025251	0.245747368304296	0.644935312332134	0.644935312616134	0.320708311792703	1730.89001088529	1732.89001088529	-1.99999999999886	BM	Cercopithecidae	OWM	Cercopithecidae	OWM	family
Trachypithecus_francoisi	Pan_paniscus	7700	45000	62.1515760322	0.219038111456926	0.511901910757088	0.749248028090619	0.749248028370315	0.320596328392437	1730.89001088529	1732.89001088529	-1.99999999999886	BM	Cercopithecidae	OWM	Hominidae	APE	order
Macaca_fascicularis	Macaca_tonkeana	5360	14900	10.9824679326	0.0560220799812085	0.0904554104406576	0.515326122685944	0.515326122943757	0.319158811185294	1730.89001088529	1732.89001088529	-1.99999999999886	BM	Cercopithecidae	OWM	Cercopithecidae	OWM	family
Callithrix_jacchus	Pan_paniscus	317	45000	78.0653383503	0.262393563920371	0.642973170056274	0.780417645321941	0.780417645594084	0.318483844799381	1730.89001088529	1732.89001088529	-1.99999999999886	BM	Callitrichidae	PLA	Hominidae	APE	order
Trachypithecus_cristatus	Nasalis_larvatus	6610	20400	17.7111143211	0.080979505549357	0.145874873034775	0.573633372349946	0.573633372622967	0.318441043979076	1730.89001088529	1732.89001088529	-1.99999999999886	BM	Cercopithecidae	OWM	Cercopithecidae	OWM	family
Leontocebus_fuscicolis	Pan_paniscus	343	45000	78.0653383503	0.262240883199248	0.642973170056274	0.780149253040369	0.780149253312591	0.318189060869576	1730.89001088529	1732.89001088529	-1.99999999999886	BM	Callitrichidae	PLA	Hominidae	APE	order
Trachypithecus_obscurus	Pan_paniscus	7900	45000	62.1515760313	0.217863644371366	0.511901910749675	0.746698295094274	0.74669829537444	0.317792155877839	1730.89001088529	1732.89001088529	-1.99999999999886	BM	Cercopithecidae	OWM	Hominidae	APE	order
Papio_anubis	Cercopithecus_petaurista	25100	4400	29.8369393136	0.121557343355452	0.245747368302649	0.642386292328761	0.642386292612538	0.317752217013677	1730.89001088529	1732.89001088529	-1.99999999999886	BM	Cercopithecidae	OWM	Cercopithecidae	OWM	family
Cercopithecus_mitis	Pan_paniscus	7930	45000	62.1515760318	0.217687474308532	0.511901910753794	0.746314283306074	0.746314283586309	0.317371879182965	1730.89001088529	1732.89001088529	-1.99999999999886	BM	Cercopithecidae	OWM	Hominidae	APE	order
Saguinus_oedipus	Pan_paniscus	418	45000	78.0653383502	0.261800458042163	0.64297317005545	0.779373725774532	0.779373726046984	0.317338899811641	1730.89001088529	1732.89001088529	-1.99999999999886	BM	Callitrichidae	PLA	Hominidae	APE	order
Saguinus_midas	Pan_paniscus	515	45000	78.0653383511	0.261230841505667	0.642973170062863	0.778367803767411	0.778367804040159	0.316239752833231	1730.89001088529	1732.89001088529	-1.99999999999886	BM	Callitrichidae	PLA	Hominidae	APE	order
Macaca_fascicularis	Papio_cynocephalus	5360	21800	22.4016461425	0.096541194433026	0.184507718010381	0.600871324418148	0.600871324696456	0.314397879857896	1730.89001088529	1732.89001088529	-1.99999999999886	BM	Cercopithecidae	OWM	Cercopithecidae	OWM	family
Semnopithecus_vetulus	Pan_paniscus	8170	45000	62.151576032	0.216278113805861	0.511901910755441	0.74322759656076	0.743227596841532	0.314013015648655	1730.89001088529	1732.89001088529	-1.99999999999886	BM	Cercopithecidae	OWM	Hominidae	APE	order
Saimiri_sciureus	Pan_paniscus	779	45000	78.065338345	0.259680544952728	0.642973170012621	0.775613405695474	0.77561340596901	0.313250569786121	1730.89001088529	1732.89001088529	-1.99999999999886	BM	Cebidae	PLA	Hominidae	APE	order
Aotus_trivirgatus	Pan_paniscus	813	45000	78.0653383541	0.259480885548182	0.642973170087572	0.775256901949123	0.775256902222759	0.312865850090915	1730.89001088529	1732.89001088529	-1.99999999999886	BM	Aotidae	PLA	Hominidae	APE	order
Saimiri_oerstedii	Pan_paniscus	897	45000	78.0653383454	0.258987609372247	0.642973170015916	0.77437439351085	0.774374393784731	0.311915616835917	1730.89001088529	1732.89001088529	-1.99999999999886	BM	Cebidae	PLA	Hominidae	APE	order
Piliocolobus_badius	Pan_paniscus	8360	45000	62.151576032	0.215162370074579	0.511901910755441	0.740765549044591	0.740765549325769	0.311358226748593	1730.89001088529	1732.89001088529	-1.99999999999886	BM	Cercopithecidae	OWM	Hominidae	APE	order
Plecturocebus_moloch	Pan_paniscus	1020	45000	78.0653383522	0.258265312114628	0.642973170071923	0.77307768954685	0.773077689821087	0.310524855581982	1730.89001088529	1732.89001088529	-1.99999999999886	BM	Pitheciidae	PLA	Hominidae	APE	order
Papio_anubis	Cercocebus_torquatus	25100	11000	18.5708053179	0.0827999295319749	0.15295558589867	0.572954509078076	0.57295450935095	0.310159270731834	1730.89001088529	1732.89001088529	-1.99999999999886	BM	Cercopithecidae	OWM	Cercopithecidae	OWM	family
Mandrillus_sphinx	Trachypithecus_cristatus	31600	6610	38.5936741541	0.146749662340713	0.317870869958065	0.671176093820938	0.671176094106432	0.309858104180402	1730.89001088529	1732.89001088529	-1.99999999999886	BM	Cercopithecidae	OWM	Cercopithecidae	OWM	family
Nasalis_larvatus	Presbytis_comata	20400	6680	17.957258552	0.080568442069411	0.147902202189779	0.568099829095012	0.56809982936681	0.309467455470023	1730.89001088529	1732.89001088529	-1.99999999999886	BM	Cercopithecidae	OWM	Cercopithecidae	OWM	family
Mandrillus_sphinx	Presbytis_comata	31600	6680	38.593674153	0.146338598860767	0.317870869949005	0.669819461606795	0.66981946189225	0.308365599895759	1730.89001088529	1732.89001088529	-1.99999999999886	BM	Cercopithecidae	OWM	Cercopithecidae	OWM	family
Papio_anubis	Cercopithecus_mona	25100	4768	29.8369393135	0.119396323918022	0.245747368301825	0.633775208861154	0.633775209144073	0.307919595034933	1730.89001088529	1732.89001088529	-1.99999999999886	BM	Cercopithecidae	OWM	Cercopithecidae	OWM	family
Cheracebus_torquatus	Pan_paniscus	1280	45000	78.0653383513	0.2567385049034	0.64297317006451	0.770319219759151	0.770319220034123	0.307587647489981	1730.89001088529	1732.89001088529	-1.99999999999886	BM	Pitheciidae	PLA	Hominidae	APE	order
Macaca_silenus	Papio_anubis	8900	25100	22.4016461429	0.0951318339303541	0.184507718013675	0.593952491221246	0.593952491498332	0.306240792340143	1730.89001088529	1732.89001088529	-1.99999999999886	BM	Cercopithecidae	OWM	Cercopithecidae	OWM	family
Macaca_silenus	Pan_paniscus	8900	45000	62.151576033	0.211991308943567	0.511901910763677	0.733679057193936	0.733679057476177	0.303834739446456	1730.89001088529	1732.89001088529	-1.99999999999886	BM	Cercopithecidae	OWM	Hominidae	APE	order
Papio_anubis	Cercopithecus_diana	25100	5200	29.8369393146	0.116859475013213	0.245747368310885	0.623503010990144	0.623503011271845	0.296492430556939	1730.89001088529	1732.89001088529	-1.99999999999886	BM	Cercopithecidae	OWM	Cercopithecidae	OWM	family
Colobus_angolensis	Pan_paniscus	9680	45000	62.151576032	0.207410887309883	0.511901910755441	0.723209521869024	0.723209522152556	0.29302787407151	1730.89001088529	1732.89001088529	-1.99999999999886	BM	Cercopithecidae	OWM	Hominidae	APE	order
Macaca_nigra	Pan_paniscus	9890	45000	62.151576032	0.206177696870045	0.511901910755441	0.720343509149144	0.720343509432974	0.290131297717721	1730.89001088529	1732.89001088529	-1.99999999999886	BM	Cercopithecidae	OWM	Hominidae	APE	order
Colobus_polykomos	Pan_paniscus	9900	45000	62.151576032	0.206118973515767	0.511901910755441	0.720206531022912	0.720206531306755	0.289993508081893	1730.89001088529	1732.89001088529	-1.99999999999886	BM	Cercopithecidae	OWM	Hominidae	APE	order
Macaca_fascicularis	Papio_hamadryas	5360	21000	22.4016461425	0.0918433260907863	0.184507718010381	0.577532545760597	0.577532546034452	0.287481252818639	1730.89001088529	1732.89001088529	-1.99999999999886	BM	Cercopithecidae	OWM	Cercopithecidae	OWM	family
Mandrillus_sphinx	Trachypithecus_francoisi	31600	7700	38.5936741542	0.140348816724411	0.317870869958889	0.649641292439533	0.649641292723912	0.286834671893646	1730.89001088529	1732.89001088529	-1.99999999999886	BM	Cercopithecidae	OWM	Cercopithecidae	OWM	family
Cebus_olivaceus	Pan_paniscus	3290	45000	78.065338346	0.244935110693523	0.642973170020857	0.748187461362108	0.748187461642002	0.285015591960531	1730.89001088529	1732.89001088529	-1.99999999999886	BM	Cebidae	PLA	Hominidae	APE	order
Cacajao_calvus	Pan_paniscus	3450	45000	78.065338351	0.243995537025075	0.642973170062039	0.746363903864182	0.746363904144409	0.28323026530314	1730.89001088529	1732.89001088529	-1.99999999999886	BM	Pitheciidae	PLA	Hominidae	APE	order
Papio_anubis	Pan_troglodytes	25100	59700	62.1515760319	0.203182805801867	0.511901910754617	0.713299450834068	0.713299451118528	0.283121005709373	1730.89001088529	1732.89001088529	-1.99999999999886	BM	Cercopithecidae	OWM	Hominidae	APE	order
Mandrillus_sphinx	Trachypithecus_obscurus	31600	7900	38.5936741533	0.139174349638851	0.317870869951476	0.645594933718464	0.645594934002521	0.282662752469645	1730.89001088529	1732.89001088529	-1.99999999999886	BM	Cercopithecidae	OWM	Cercopithecidae	OWM	family
Pan_troglodytes	Cheirogaleus_medius	59700	283	121.41305731	0.348916554113571	0.999999999929991	0.809461568329262	0.809461568590991	0.282434541128586	1730.89001088529	1732.89001088529	-1.99999999999886	BM	Hominidae	APE	Cheirogaleidae	STR	order
Sapajus_apella	Pan_paniscus	3650	45000	78.065338347	0.242821069939515	0.642973170029094	0.744071554895391	0.744071555176019	0.281001229122954	1730.89001088529	1732.89001088529	-1.99999999999886	BM	Cebidae	PLA	Hominidae	APE	order
Mandrillus_sphinx	Erythrocebus_patas	31600	12400	29.836939314	0.112748840213753	0.245747368305943	0.606485226213573	0.60648522649281	0.278255292554041	1730.89001088529	1732.89001088529	-1.99999999999886	BM	Cercopithecidae	OWM	Cercopithecidae	OWM	family
Pan_troglodytes	Hapalemur_griseus	59700	987	121.4130573138	0.3447824299724	0.999999999961289	0.804154370784812	0.804154371048713	0.277258298042847	1730.89001088529	1732.89001088529	-1.99999999999886	BM	Hominidae	APE	Lemuridae	STR	order
Mandrillus_sphinx	Semnopithecus_vetulus	31600	8170	38.593674154	0.137588819073345	0.317870869957241	0.640085734973459	0.640085735257021	0.277057914720337	1730.89001088529	1732.89001088529	-1.99999999999886	BM	Cercopithecidae	OWM	Cercopithecidae	OWM	family
Pan_troglodytes	Avahi_laniger	59700	1030	121.413057308	0.344529919549005	0.999999999913519	0.803826733477538	0.803826733741569	0.276942359840306	1730.89001088529	1732.89001088529	-1.99999999999886	BM	Hominidae	APE	Indriidae	STR	order
Papio_anubis	Allochrocebus_lhoesti	25100	5970	29.8369393132	0.112337776733807	0.245747368299354	0.604758197558983	0.604758197837941	0.276451348575842	1730.89001088529	1732.89001088529	-1.99999999999886	BM	Cercopithecidae	OWM	Cercopithecidae	OWM	family
Pygathrix_nemaeus	Pan_paniscus	11000	45000	62.1515760308	0.199659404545188	0.511901910745557	0.70486015915903	0.704860159444066	0.274919778010498	1730.89001088529	1732.89001088529	-1.99999999999886	BM	Cercopithecidae	OWM	Hominidae	APE	order
Cercocebus_torquatus	Pan_paniscus	11000	45000	62.151576032	0.199659404545188	0.511901910755441	0.704860159154368	0.704860159439404	0.274919778003371	1730.89001088529	1732.89001088529	-1.99999999999886	BM	Cercopithecidae	OWM	Hominidae	APE	order
Macaca_fuscata	Pan_paniscus	11000	45000	62.1515760326	0.199659404545188	0.511901910760383	0.704860159152037	0.704860159437073	0.274919777999808	1730.89001088529	1732.89001088529	-1.99999999999886	BM	Cercopithecidae	OWM	Hominidae	APE	order
Macaca_mulatta	Pan_paniscus	11000	45000	62.1515760327	0.199659404545188	0.511901910761206	0.704860159151649	0.704860159436684	0.274919777999214	1730.89001088529	1732.89001088529	-1.99999999999886	BM	Cercopithecidae	OWM	Hominidae	APE	order
Trachypithecus_francoisi	Nasalis_larvatus	7700	20400	17.7111143212	0.0745786599330554	0.145874873035598	0.536168228586306	0.53616822885012	0.27411648870391	1730.89001088529	1732.89001088529	-1.99999999999886	BM	Cercopithecidae	OWM	Cercopithecidae	OWM	family
Macaca_nigra	Papio_anubis	9890	25100	22.4016461419	0.0893182218568325	0.184507718005439	0.564664385483071	0.564664385754084	0.273348017104315	1730.89001088529	1732.89001088529	-1.99999999999886	BM	Cercopithecidae	OWM	Cercopithecidae	OWM	family
Mandrillus_sphinx	Piliocolobus_badius	31600	8360	38.593674154	0.136473075342064	0.317870869957241	0.636176832088032	0.636176832371205	0.273132950962459	1730.89001088529	1732.89001088529	-1.99999999999886	BM	Cercopithecidae	OWM	Cercopithecidae	OWM	family
Pan_troglodytes	Eulemur_mongoz	59700	1630	121.413057311	0.341006518292325	0.999999999938228	0.799213083553421	0.799213083819231	0.27253687101306	1730.89001088529	1732.89001088529	-1.99999999999886	BM	Hominidae	APE	Lemuridae	STR	order
Papio_anubis	Allenopithecus_nigroviridis	25100	6130	29.8369393099	0.111398203065359	0.245747368272174	0.600793537146252	0.600793537424547	0.272341962080542	1730.89001088529	1732.89001088529	-1.99999999999886	BM	Cercopithecidae	OWM	Cercopithecidae	OWM	family
Macaca_nemestrina	Pan_paniscus	11200	45000	62.1515760325	0.198484937459628	0.511901910759559	0.702010449984375	0.702010450269561	0.272197656098614	1730.89001088529	1732.89001088529	-1.99999999999886	BM	Cercopithecidae	OWM	Hominidae	APE	order
Papio_ursinus	Trachypithecus_cristatus	29800	6610	38.5936741537	0.136179458570674	0.31787086995477	0.6351437769635	0.635143777246565	0.272102743084729	1730.89001088529	1732.89001088529	-1.99999999999886	BM	Cercopithecidae	OWM	Cercopithecidae	OWM	family
Pan_troglodytes	Eulemur_coronatus	59700	1690	121.4130573111	0.340654178166657	0.999999999939051	0.798747399652674	0.798747399918659	0.27209663900802	1730.89001088529	1732.89001088529	-1.99999999999886	BM	Hominidae	APE	Lemuridae	STR	order
Papio_anubis	Papio_ursinus	25100	29800	4.8778566851	0.0275999765106583	0.0401757174461395	0.394553426028774	0.394553426241677	0.271050922866352	1730.89001088529	1732.89001088529	-1.99999999999886	BM	Cercopithecidae	OWM	Cercopithecidae	OWM	family
Papio_ursinus	Presbytis_comata	29800	6680	38.5936741526	0.135768395090728	0.31787086994571	0.63369442465608	0.63369442493899	0.270662344832643	1730.89001088529	1732.89001088529	-1.99999999999886	BM	Cercopithecidae	OWM	Cercopithecidae	OWM	family
Pan_troglodytes	Eulemur_rubriventer	59700	1980	121.413057312	0.338951200892595	0.999999999946464	0.796485485584235	0.796485485851055	0.269969711846751	1730.89001088529	1732.89001088529	-1.99999999999886	BM	Hominidae	APE	Lemuridae	STR	order
Pan_troglodytes	Eulemur_fulvus	59700	2180	121.4130573104	0.337776733807035	0.999999999933286	0.794914798146	0.794914798413387	0.268503724190548	1730.89001088529	1732.89001088529	-1.99999999999886	BM	Hominidae	APE	Lemuridae	STR	order
Pan_troglodytes	Lemur_catta	59700	2210	121.413057312	0.337600563744201	0.999999999946464	0.794678436971777	0.794678437239248	0.268283888331395	1730.89001088529	1732.89001088529	-1.99999999999886	BM	Hominidae	APE	Lemuridae	STR	order
Pan_troglodytes	Eulemur_macaco	59700	2370	121.4130573111	0.336660990075753	0.999999999939051	0.793414499649523	0.793414499917442	0.267111711008747	1730.89001088529	1732.89001088529	-1.99999999999886	BM	Hominidae	APE	Lemuridae	STR	order
Trachypithecus_obscurus	Nasalis_larvatus	7900	20400	17.7111143203	0.0734041928474955	0.145874873028186	0.529100119460774	0.529100119722619	0.266243023204053	1730.89001088529	1732.89001088529	-1.99999999999886	BM	Cercopithecidae	OWM	Cercopithecidae	OWM	family
Macaca_tonkeana	Papio_ursinus	14900	29800	22.4016461416	0.0874977978742146	0.184507718002968	0.555248678559544	0.555248678828312	0.263311676998499	1730.89001088529	1732.89001088529	-1.99999999999886	BM	Cercopithecidae	OWM	Cercopithecidae	OWM	family
Trachypithecus_pileatus	Pan_paniscus	12000	45000	62.1515760321	0.193787069117388	0.511901910756264	0.690428304478105	0.690428304763685	0.261370537497768	1730.89001088529	1732.89001088529	-1.99999999999886	BM	Cercopithecidae	OWM	Hominidae	APE	order
Pan_troglodytes	Propithecus_verreauxi	59700	3250	121.413057311	0.331493334899289	0.999999999938228	0.786361790010917	0.786361790281211	0.260673692224196	1730.89001088529	1732.89001088529	-1.99999999999886	BM	Hominidae	APE	Indriidae	STR	order
Papio_anubis	Cercopithecus_nictitans	25100	6670	29.8369393137	0.108227141934347	0.245747368303472	0.587237176314618	0.587237176590437	0.258619254679642	1730.89001088529	1732.89001088529	-1.99999999999886	BM	Cercopithecidae	OWM	Cercopithecidae	OWM	family
Erythrocebus_patas	Pan_paniscus	12400	45000	62.151576032	0.191438134946268	0.511901910755441	0.684527162578824	0.684527162864473	0.255995534634284	1730.89001088529	1732.89001088529	-1.99999999999886	BM	Cercopithecidae	OWM	Hominidae	APE	order
Semnopithecus_vetulus	Nasalis_larvatus	8170	20400	17.711114321	0.0718186622819895	0.145874873033951	0.519464611776789	0.51946461203584	0.255748318711195	1730.89001088529	1732.89001088529	-1.99999999999886	BM	Cercopithecidae	OWM	Cercopithecidae	OWM	family
Theropithecus_gelada	Mandrillus_sphinx	19000	31600	18.570805318	0.0739914263902754	0.152955585899494	0.522148322949958	0.5221483232098	0.25258638954019	1730.89001088529	1732.89001088529	-1.99999999999886	BM	Cercopithecidae	OWM	Cercopithecidae	OWM	family
Alouatta_caraya	Pan_paniscus	6420	45000	78.0653383542	0.22655470080451	0.642973170088395	0.710838591275769	0.710838591560417	0.250467409619348	1730.89001088529	1732.89001088529	-1.99999999999886	BM	Atelidae	PLA	Hominidae	APE	order
Papio_cynocephalus	Cercopithecus_ascanius	21800	3700	29.8369393136	0.106289271243173	0.245747368302649	0.57882010195389	0.578820102228014	0.250348018953394	1730.89001088529	1732.89001088529	-1.99999999999886	BM	Cercopithecidae	OWM	Cercopithecidae	OWM	family
Papio_ursinus	Trachypithecus_francoisi	29800	7700	38.5936741538	0.129778612954372	0.317870869955594	0.612169611263056	0.612169611543177	0.249933323722413	1730.89001088529	1732.89001088529	-1.99999999999886	BM	Cercopithecidae	OWM	Cercopithecidae	OWM	family
Semnopithecus_entellus	Pan_paniscus	13000	45000	62.1515760317	0.187914733689588	0.51190191075297	0.675537805348833	0.675537805634425	0.247984045620479	1730.89001088529	1732.89001088529	-1.99999999999886	BM	Cercopithecidae	OWM	Hominidae	APE	order
Alouatta_seniculus	Pan_paniscus	6690	45000	78.0653383544	0.224969170239004	0.642973170090043	0.707450405349871	0.707450405634751	0.247529038660384	1730.89001088529	1732.89001088529	-1.99999999999886	BM	Atelidae	PLA	Hominidae	APE	order
Mandrillus_sphinx	Colobus_angolensis	31600	9680	38.593674154	0.128721592577368	0.317870869957241	0.60829262599247	0.608292626271995	0.246327685142563	1730.89001088529	1732.89001088529	-1.99999999999886	BM	Cercopithecidae	OWM	Cercopithecidae	OWM	family
Papio_ursinus	Trachypithecus_obscurus	29800	7900	38.5936741529	0.128604145868812	0.317870869948181	0.607860402819521	0.607860403098978	0.245928064829659	1730.89001088529	1732.89001088529	-1.99999999999886	BM	Cercopithecidae	OWM	Cercopithecidae	OWM	family
Alouatta_palliata	Pan_paniscus	7150	45000	78.065338354	0.222267895942216	0.642973170086748	0.701616763074653	0.701616763359858	0.242540262862526	1730.89001088529	1732.89001088529	-1.99999999999886	BM	Atelidae	PLA	Hominidae	APE	order
Mandrillus_sphinx	Colobus_polykomos	31600	9900	38.593674154	0.127429678783252	0.317870869957241	0.603522279474252	0.603522279753006	0.241943057639365	1730.89001088529	1732.89001088529	-1.99999999999886	BM	Cercopithecidae	OWM	Cercopithecidae	OWM	family
Papio_anubis	Cercopithecus_neglectus	25100	7350	29.8369393145	0.104233953843444	0.245747368310061	0.569783774829729	0.569783775101904	0.241674269371671	1730.89001088529	1732.89001088529	-1.99999999999886	BM	Cercopithecidae	OWM	Cercopithecidae	OWM	family
Papio_ursinus	Mandrillus_leucophaeus	29800	17500	18.5708053176	0.0722297257619355	0.152955585896199	0.511604468472769	0.511604468729448	0.241593337306729	1730.89001088529	1732.89001088529	-1.99999999999886	BM	Cercopithecidae	OWM	Cercopithecidae	OWM	family
Colobus_guereza	Pan_paniscus	13500	45000	62.151576032	0.184978565975689	0.511901910755441	0.667920524596705	0.667920524882098	0.241356748685109	1730.89001088529	1732.89001088529	-1.99999999999886	BM	Cercopithecidae	OWM	Hominidae	APE	order
Papio_ursinus	Semnopithecus_vetulus	29800	8170	38.5936741536	0.127018615303306	0.317870869953947	0.601997118498354	0.601997118776853	0.240553154239391	1730.89001088529	1732.89001088529	-1.99999999999886	BM	Cercopithecidae	OWM	Cercopithecidae	OWM	family
Ateles_geoffroyi	Pan_paniscus	7450	45000	78.065338351	0.220506195313876	0.642973170062039	0.697770640559357	0.697770640844728	0.239298863958234	1730.89001088529	1732.89001088529	-1.99999999999886	BM	Atelidae	PLA	Hominidae	APE	order
Macaca_fuscata	Papio_anubis	11000	25100	22.4016461425	0.0827999295319749	0.184507718010381	0.530420840979654	0.530420841241873	0.238032363789439	1730.89001088529	1732.89001088529	-1.99999999999886	BM	Cercopithecidae	OWM	Cercopithecidae	OWM	family
Macaca_mulatta	Papio_anubis	11000	25100	22.4016461426	0.0827999295319749	0.184507718011204	0.530420840978663	0.530420841240882	0.238032363787932	1730.89001088529	1732.89001088529	-1.99999999999886	BM	Cercopithecidae	OWM	Cercopithecidae	OWM	family
Papio_ursinus	Piliocolobus_badius	29800	8360	38.5936741536	0.125902871572024	0.317870869953947	0.59783961142233	0.597839611700113	0.236793399245673	1730.89001088529	1732.89001088529	-1.99999999999886	BM	Cercopithecidae	OWM	Cercopithecidae	OWM	family
Papio_cynocephalus	Cercopithecus_pogonias	21800	4260	29.8369393135	0.103000763403606	0.245747368301825	0.564308379786956	0.564308380057887	0.236520107274234	1730.89001088529	1732.89001088529	-1.99999999999886	BM	Cercopithecidae	OWM	Cercopithecidae	OWM	family
Papio_cynocephalus	Cercopithecus_cephus	21800	4290	29.8369393136	0.102824593340772	0.245747368302649	0.563522912733005	0.563522913003753	0.23578691702862	1730.89001088529	1732.89001088529	-1.99999999999886	BM	Cercopithecidae	OWM	Cercopithecidae	OWM	family
Papio_cynocephalus	Chlorocebus_pygerythrus	21800	4290	29.8369393138	0.102824593340772	0.245747368304296	0.563522912731467	0.563522913002216	0.235786917026396	1730.89001088529	1732.89001088529	-1.99999999999886	BM	Cercopithecidae	OWM	Cercopithecidae	OWM	family
Papio_cynocephalus	Cercopithecus_petaurista	21800	4400	29.8369393136	0.102178636443714	0.245747368302649	0.560635895674982	0.560635895945052	0.233105289212785	1730.89001088529	1732.89001088529	-1.99999999999886	BM	Cercopithecidae	OWM	Cercopithecidae	OWM	family
Papio_ursinus	Erythrocebus_patas	29800	12400	29.8369393136	0.102178636443714	0.245747368302649	0.560635895674982	0.560635895945052	0.233105289212785	1730.89001088529	1732.89001088529	-1.99999999999886	BM	Cercopithecidae	OWM	Cercopithecidae	OWM	family
Macaca_nemestrina	Papio_anubis	11200	25100	22.4016461424	0.0816254624464149	0.184507718009557	0.52409626776315	0.52409626802356	0.231858052791002	1730.89001088529	1732.89001088529	-1.99999999999886	BM	Cercopithecidae	OWM	Cercopithecidae	OWM	family
Papio_hamadryas	Cercopithecus_ascanius	21000	3700	29.8369393136	0.101591402900934	0.245747368302649	0.558001845940395	0.558001846209834	0.230676693475641	1730.89001088529	1732.89001088529	-1.99999999999886	BM	Cercopithecidae	OWM	Cercopithecidae	OWM	family
Colobus_polykomos	Colobus_guereza	9900	13500	3.839420472	0.0211404075400787	0.0316227970598594	0.344397139167326	0.344397139357487	0.230235670293577	1730.89001088529	1732.89001088529	-1.99999999999886	BM	Cercopithecidae	OWM	Cercopithecidae	OWM	family
Papio_anubis	Cercopithecus_mitis	25100	7930	29.8369393137	0.10082799929532	0.245747368303472	0.554564106856738	0.554564107125339	0.227532810468639	1730.89001088529	1732.89001088529	-1.99999999999886	BM	Cercopithecidae	OWM	Cercopithecidae	OWM	family
Papio_cynocephalus	Cercopithecus_mona	21800	4768	29.8369393135	0.100017617006283	0.245747368301825	0.55089819683076	0.550898197098446	0.224212064775393	1730.89001088529	1732.89001088529	-1.99999999999886	BM	Cercopithecidae	OWM	Cercopithecidae	OWM	family
Macaca_silenus	Macaca_tonkeana	8900	14900	7.658282337	0.0352340125667978	0.0630762663105518	0.401328484594834	0.401328484810649	0.224179611393118	1730.89001088529	1732.89001088529	-1.99999999999886	BM	Cercopithecidae	OWM	Cercopithecidae	OWM	family
Macaca_fascicularis	Theropithecus_gelada	5360	19000	22.4016461426	0.080098655235187	0.184507718011204	0.515804975765193	0.51580497602315	0.223921716488311	1730.89001088529	1732.89001088529	-1.99999999999886	BM	Cercopithecidae	OWM	Cercopithecidae	OWM	family
Macaca_tonkeana	Pan_paniscus	14900	45000	62.151576032	0.176757296376769	0.511901910755441	0.64598294059775	0.645982940881839	0.223054838605835	1730.89001088529	1732.89001088529	-1.99999999999886	BM	Cercopithecidae	OWM	Hominidae	APE	order
Semnopithecus_vetulus	Semnopithecus_entellus	8170	13000	5.7933545577	0.0283633801162722	0.0477160750717481	0.373829680558122	0.373829680761874	0.222211766421932	1730.89001088529	1732.89001088529	-1.99999999999886	BM	Cercopithecidae	OWM	Cercopithecidae	OWM	family
Ateles_paniscus	Pan_paniscus	9110	45000	78.065338351	0.210758118503729	0.642973170062039	0.675894792050163	0.675894792335761	0.221549391656913	1730.89001088529	1732.89001088529	-1.99999999999886	BM	Atelidae	PLA	Hominidae	APE	order
Papio_ursinus	Pan_troglodytes	29800	59700	62.1515760316	0.175582829291209	0.511901910752146	0.642775872972918	0.64277587325673	0.220472719492069	1730.89001088529	1732.89001088529	-1.99999999999886	BM	Cercopithecidae	OWM	Hominidae	APE	order
Trachypithecus_cristatus	Rhinopithecus_roxellana	6610	17900	17.7111143215	0.0662986669798579	0.145874873038069	0.485096385223656	0.485096385471755	0.220471442595072	1730.89001088529	1732.89001088529	-1.99999999999886	BM	Cercopithecidae	OWM	Cercopithecidae	OWM	family
Mandrillus_sphinx	Pygathrix_nemaeus	31600	11000	38.5936741528	0.120970109812673	0.317870869947358	0.579149198537621	0.579149198811813	0.220403153508907	1730.89001088529	1732.89001088529	-1.99999999999886	BM	Cercopithecidae	OWM	Cercopithecidae	OWM	family
Papio_hamadryas	Cercopithecus_pogonias	21000	4260	29.8369393135	0.0983028950613659	0.245747368301825	0.543085188463877	0.543085188729548	0.217242799627369	1730.89001088529	1732.89001088529	-1.99999999999886	BM	Cercopithecidae	OWM	Cercopithecidae	OWM	family
Papio_hamadryas	Cercopithecus_cephus	21000	4290	29.8369393136	0.0981267249985319	0.245747368302649	0.542278178811607	0.542278179077065	0.216531237312859	1730.89001088529	1732.89001088529	-1.99999999999886	BM	Cercopithecidae	OWM	Cercopithecidae	OWM	family
Papio_hamadryas	Chlorocebus_pygerythrus	21000	4290	29.8369393138	0.0981267249985319	0.245747368304296	0.542278178810099	0.542278179075558	0.216531237310805	1730.89001088529	1732.89001088529	-1.99999999999886	BM	Cercopithecidae	OWM	Cercopithecidae	OWM	family
Papio_hamadryas	Cercopithecus_petaurista	21000	4400	29.8369393136	0.097480768101474	0.245747368302649	0.539312309216948	0.539312309481615	0.213929363769635	1730.89001088529	1732.89001088529	-1.99999999999886	BM	Cercopithecidae	OWM	Cercopithecidae	OWM	family
Papio_cynocephalus	Cercopithecus_diana	21800	5200	29.8369393146	0.097480768101474	0.245747368310885	0.539312309209434	0.539312309474101	0.213929363759484	1730.89001088529	1732.89001088529	-1.99999999999886	BM	Cercopithecidae	OWM	Cercopithecidae	OWM	family
Rhinopithecus_roxellana	Presbytis_comata	17900	6680	17.9572585524	0.0658876034999119	0.147902202193073	0.479602508331604	0.479602508577818	0.213653748476747	1730.89001088529	1732.89001088529	-1.99999999999886	BM	Cercopithecidae	OWM	Cercopithecidae	OWM	family
Macaca_fascicularis	Macaca_fuscata	5360	11000	7.327012852	0.0331199718127899	0.06034781607368	0.386998386386111	0.386998386595719	0.212391706653546	1730.89001088529	1732.89001088529	-1.99999999999886	BM	Cercopithecidae	OWM	Cercopithecidae	OWM	family
Macaca_fascicularis	Macaca_mulatta	5360	11000	7.3270128521	0.0331199718127899	0.0603478160745036	0.386998386383688	0.386998386593296	0.212391706649317	1730.89001088529	1732.89001088529	-1.99999999999886	BM	Cercopithecidae	OWM	Cercopithecidae	OWM	family
Papio_ursinus	Colobus_angolensis	29800	9680	38.5936741536	0.118151388807329	0.317870869953947	0.568243842690203	0.568243842962033	0.211214066909584	1730.89001088529	1732.89001088529	-1.99999999999886	BM	Cercopithecidae	OWM	Cercopithecidae	OWM	family
Papio_ursinus	Colobus_polykomos	29800	9900	38.5936741536	0.116859475013213	0.317870869953947	0.56319132567241	0.563191325943081	0.207047102679174	1730.89001088529	1732.89001088529	-1.99999999999886	BM	Cercopithecidae	OWM	Cercopithecidae	OWM	family
Papio_hamadryas	Cercopithecus_mona	21000	4768	29.8369393135	0.0953197486640437	0.245747368301825	0.529312428695664	0.529312428957569	0.205308109774173	1730.89001088529	1732.89001088529	-1.99999999999886	BM	Cercopithecidae	OWM	Cercopithecidae	OWM	family
Trachypithecus_cristatus	Trachypithecus_pileatus	6610	12000	7.1253052128	0.03165188795584	0.0586864820816459	0.375984738082629	0.375984738287348	0.202783100652392	1730.89001088529	1732.89001088529	-1.99999999999886	BM	Cercopithecidae	OWM	Cercopithecidae	OWM	family
Macaca_silenus	Papio_cynocephalus	8900	21800	22.4016461429	0.0757531270186153	0.184507718013675	0.491783988536221	0.491783988786567	0.201911201061759	1730.89001088529	1732.89001088529	-1.99999999999886	BM	Cercopithecidae	OWM	Cercopithecidae	OWM	family
Mandrillus_sphinx	Trachypithecus_pileatus	31600	12000	38.5936741541	0.115097774384873	0.317870869958065	0.556246947886039	0.556246948155052	0.201411301760704	1730.89001088529	1732.89001088529	-1.99999999999886	BM	Cercopithecidae	OWM	Cercopithecidae	OWM	family
Trachypithecus_cristatus	Semnopithecus_entellus	6610	13000	9.0158535418	0.0375242233836397	0.0742576930432525	0.394565131711523	0.39456513192443	0.199383384198518	1730.89001088529	1732.89001088529	-1.99999999999886	BM	Cercopithecidae	OWM	Cercopithecidae	OWM	family
Nasalis_larvatus	Pygathrix_nemaeus	20400	11000	14.9942228138	0.0551999530213166	0.123497613394793	0.444328178096043	0.444328178329339	0.198602174428602	1730.89001088529	1732.89001088529	-1.99999999999886	BM	Cercopithecidae	OWM	Cercopithecidae	OWM	family
Mandrillus_sphinx	Pan_troglodytes	31600	59700	62.151576032	0.16501262552117	0.511901910755441	0.613094330059715	0.613094330339974	0.197632208377571	1730.89001088529	1732.89001088529	-1.99999999999886	BM	Cercopithecidae	OWM	Hominidae	APE	order
Papio_cynocephalus	Allochrocebus_lhoesti	21800	5970	29.8369393132	0.0929590698220682	0.245747368299354	0.518253073104488	0.518253073363179	0.196040038766707	1730.89001088529	1732.89001088529	-1.99999999999886	BM	Cercopithecidae	OWM	Cercopithecidae	OWM	family
Papio_hamadryas	Cercopithecus_diana	21000	5200	29.8369393146	0.0927828997592342	0.245747368310885	0.517422117406613	0.517422117665056	0.195354785617951	1730.89001088529	1732.89001088529	-1.99999999999886	BM	Cercopithecidae	OWM	Cercopithecidae	OWM	family
Papio_cynocephalus	Allenopithecus_nigroviridis	21800	6130	29.8369393099	0.0920194961536203	0.245747368272174	0.513812325990409	0.513812326247763	0.192395758650778	1730.89001088529	1732.89001088529	-1.99999999999886	BM	Cercopithecidae	OWM	Cercopithecidae	OWM	family
Erythrocebus_patas	Chlorocebus_pygerythrus	12400	4290	12.6967639239	0.047624640319455	0.104574946091613	0.419393883619103	0.419393883842478	0.19099682673555	1730.89001088529	1732.89001088529	-1.99999999999886	BM	Cercopithecidae	OWM	Cercopithecidae	OWM	family
Mandrillus_leucophaeus	Pan_paniscus	17500	45000	62.151576032	0.16148922426449	0.511901910755441	0.602875346038342	0.602875346316989	0.190188530096013	1730.89001088529	1732.89001088529	-1.99999999999886	BM	Cercopithecidae	OWM	Hominidae	APE	order
Papio_cynocephalus	Cercocebus_torquatus	21800	11000	18.5708053179	0.0634212226202361	0.15295558589867	0.457056246244901	0.457056246483016	0.189512960724891	1730.89001088529	1732.89001088529	-1.99999999999886	BM	Cercopithecidae	OWM	Cercopithecidae	OWM	family
Papio_ursinus	Pygathrix_nemaeus	29800	11000	38.5936741524	0.110399906042633	0.317870869944063	0.537423548854282	0.537423549118438	0.186652867276111	1730.89001088529	1732.89001088529	-1.99999999999886	BM	Cercopithecidae	OWM	Cercopithecidae	OWM	family
Rhinopithecus_roxellana	Pan_paniscus	17900	45000	62.1515760314	0.15914029009337	0.511901910750499	0.59597311737536	0.595973117652812	0.185276383610124	1730.89001088529	1732.89001088529	-1.99999999999886	BM	Cercopithecidae	OWM	Hominidae	APE	order
Theropithecus_gelada	Cercopithecus_ascanius	19000	3700	29.8369393137	0.0898467320453344	0.245747368303472	0.503458866981023	0.50345886723516	0.184067622899759	1730.89001088529	1732.89001088529	-1.99999999999886	BM	Cercopithecidae	OWM	Cercopithecidae	OWM	family
Mandrillus_sphinx	Semnopithecus_entellus	31600	13000	38.5936741537	0.109225438957073	0.31787086995477	0.532649045425498	0.532649045688341	0.183026603868874	1730.89001088529	1732.89001088529	-1.99999999999886	BM	Cercopithecidae	OWM	Cercopithecidae	OWM	family
Papio_hamadryas	Mandrillus_sphinx	21000	31600	18.5708053179	0.0622467555346761	0.15295558589867	0.449560348024891	0.449560348260188	0.182952933148371	1730.89001088529	1732.89001088529	-1.99999999999886	BM	Cercopithecidae	OWM	Cercopithecidae	OWM	family
Trachypithecus_francoisi	Rhinopithecus_roxellana	7700	17900	17.7111143216	0.0598978213635563	0.145874873038893	0.443701788496066	0.44370178872912	0.18218881643134	1730.89001088529	1732.89001088529	-1.99999999999886	BM	Cercopithecidae	OWM	Cercopithecidae	OWM	family
Papio_anubis	Trachypithecus_cristatus	25100	6610	38.593674154	0.108579482060015	0.317870869957241	0.530011467470539	0.530011467732643	0.181043235045605	1730.89001088529	1732.89001088529	-1.99999999999886	BM	Cercopithecidae	OWM	Cercopithecidae	OWM	family
Papio_cynocephalus	Cercopithecus_nictitans	21800	6670	29.8369393137	0.0888484350226085	0.245747368303472	0.498662752973403	0.498662753226003	0.180288421852152	1730.89001088529	1732.89001088529	-1.99999999999886	BM	Cercopithecidae	OWM	Cercopithecidae	OWM	family
Macaca_fascicularis	Mandrillus_leucophaeus	5360	17500	22.4016461426	0.0712901520934876	0.184507718011204	0.466478249096888	0.466478249338456	0.180238017600984	1730.89001088529	1732.89001088529	-1.99999999999886	BM	Cercopithecidae	OWM	Cercopithecidae	OWM	family
Papio_anubis	Presbytis_comata	25100	6680	38.5936741529	0.108168418580069	0.317870869948181	0.528328735973955	0.528328736235581	0.179785218664503	1730.89001088529	1732.89001088529	-1.99999999999886	BM	Cercopithecidae	OWM	Cercopithecidae	OWM	family
Macaca_silenus	Papio_hamadryas	8900	21000	22.4016461429	0.0710552586763756	0.184507718013675	0.465128940434862	0.465128940675942	0.179124524091822	1730.89001088529	1732.89001088529	-1.99999999999886	BM	Cercopithecidae	OWM	Cercopithecidae	OWM	family
Papio_hamadryas	Allochrocebus_lhoesti	21000	5970	29.8369393132	0.0882612014798285	0.245747368299354	0.495830090029423	0.495830090281102	0.178079463388351	1730.89001088529	1732.89001088529	-1.99999999999886	BM	Cercopithecidae	OWM	Cercopithecidae	OWM	family
Pan_paniscus	Cheirogaleus_medius	45000	283	121.41305731	0.262593223324916	0.999999999929991	0.675444286408384	0.675444286693974	0.177367092356793	1730.89001088529	1732.89001088529	-1.99999999999886	BM	Hominidae	APE	Cheirogaleidae	STR	order
Cebuella_pygmaea	Mandrillus_sphinx	110	31600	78.0653383527	0.184919842621411	0.642973170076041	0.613054197077733	0.613054197357986	0.17631511067344	1730.89001088529	1732.89001088529	-1.99999999999886	BM	Callitrichidae	PLA	Cercopithecidae	OWM	order
Trachypithecus_obscurus	Rhinopithecus_roxellana	7900	17900	17.7111143207	0.0587233542779964	0.14587487303148	0.43593389381225	0.435933894042274	0.175489444865524	1730.89001088529	1732.89001088529	-1.99999999999886	BM	Cercopithecidae	OWM	Cercopithecidae	OWM	family
Papio_hamadryas	Allenopithecus_nigroviridis	21000	6130	29.8369393099	0.0873216278113806	0.245747368272174	0.491280326829151	0.49128032707933	0.17456706923069	1730.89001088529	1732.89001088529	-1.99999999999886	BM	Cercopithecidae	OWM	Cercopithecidae	OWM	family
Callithrix_jacchus	Mandrillus_sphinx	317	31600	78.0653383523	0.183704269187856	0.642973170072746	0.60992547629986	0.609925476579639	0.174262191795723	1730.89001088529	1732.89001088529	-1.99999999999886	BM	Callitrichidae	PLA	Cercopithecidae	OWM	order
Mandrillus_sphinx	Colobus_guereza	31600	13500	38.593674154	0.106289271243173	0.317870869957241	0.52059411259368	0.520594112853066	0.174075620230668	1730.89001088529	1732.89001088529	-1.99999999999886	BM	Cercopithecidae	OWM	Cercopithecidae	OWM	family
Leontocebus_fuscicolis	Mandrillus_sphinx	343	31600	78.0653383523	0.183551588466733	0.642973170072746	0.609531412599659	0.609531412879378	0.174004863982709	1730.89001088529	1732.89001088529	-1.99999999999886	BM	Callitrichidae	PLA	Cercopithecidae	OWM	order
Macaca_nigra	Papio_cynocephalus	9890	21800	22.4016461419	0.0699395149450937	0.184507718005439	0.458696309653902	0.458696309892624	0.173873471262339	1730.89001088529	1732.89001088529	-1.99999999999886	BM	Cercopithecidae	OWM	Cercopithecidae	OWM	family
Pan_troglodytes	Pongo_pygmaeus	59700	78500	40.643277586	0.110399906042633	0.334752113847042	0.525915093892564	0.5259150941535	0.173444691012978	1730.89001088529	1732.89001088529	-1.99999999999886	BM	Hominidae	APE	Hominidae	APE	family
Saguinus_oedipus	Mandrillus_sphinx	418	31600	78.0653383522	0.183111163309648	0.642973170071923	0.608393335749347	0.608393336028888	0.173263234990721	1730.89001088529	1732.89001088529	-1.99999999999886	BM	Callitrichidae	PLA	Cercopithecidae	OWM	order
Pan_paniscus	Hapalemur_griseus	45000	987	121.4130573138	0.258459099183745	0.999999999961289	0.667768887251541	0.667768887536929	0.172590945068646	1730.89001088529	1732.89001088529	-1.99999999999886	BM	Hominidae	APE	Lemuridae	STR	order
Saguinus_midas	Mandrillus_sphinx	515	31600	78.0653383531	0.182541546773152	0.642973170079335	0.606918441090021	0.606918441369328	0.172305527131175	1730.89001088529	1732.89001088529	-1.99999999999886	BM	Callitrichidae	PLA	Cercopithecidae	OWM	order
Pan_paniscus	Avahi_laniger	45000	1030	121.413057308	0.25820658876035	0.999999999913519	0.667296307642292	0.667296307927663	0.172300303303594	1730.89001088529	1732.89001088529	-1.99999999999886	BM	Hominidae	APE	Indriidae	STR	order
Theropithecus_gelada	Pan_paniscus	19000	45000	62.151576032	0.152680721122791	0.511901910755441	0.576625343736459	0.576625344010122	0.171985240628297	1730.89001088529	1732.89001088529	-1.99999999999886	BM	Cercopithecidae	OWM	Hominidae	APE	order
Theropithecus_gelada	Cercopithecus_pogonias	19000	4260	29.8369393136	0.0865582242057666	0.245747368302649	0.487567859487341	0.487567859736277	0.171733306397227	1730.89001088529	1732.89001088529	-1.99999999999886	BM	Cercopithecidae	OWM	Cercopithecidae	OWM	family
Mandrillus_sphinx	Hylobates_klossii	31600	5670	62.1515760363	0.152269657642845	0.511901910790857	0.575376039660461	0.575376039933858	0.171150587110797	1730.89001088529	1732.89001088529	-1.99999999999886	BM	Cercopithecidae	OWM	Hylobatidae	APE	order
Theropithecus_gelada	Cercopithecus_cephus	19000	4290	29.8369393137	0.0863820541429326	0.245747368303472	0.486709134690299	0.486709134938945	0.171081933104401	1730.89001088529	1732.89001088529	-1.99999999999886	BM	Cercopithecidae	OWM	Cercopithecidae	OWM	family
Theropithecus_gelada	Chlorocebus_pygerythrus	19000	4290	29.8369393139	0.0863820541429326	0.245747368305119	0.486709134688887	0.486709134937534	0.171081933102758	1730.89001088529	1732.89001088529	-1.99999999999886	BM	Cercopithecidae	OWM	Cercopithecidae	OWM	family
Saimiri_sciureus	Mandrillus_sphinx	779	31600	78.065338347	0.180991250220213	0.642973170029094	0.602887282680648	0.602887282959297	0.169707428117568	1730.89001088529	1732.89001088529	-1.99999999999886	BM	Cebidae	PLA	Cercopithecidae	OWM	order
Aotus_trivirgatus	Mandrillus_sphinx	813	31600	78.0653383561	0.180791590815667	0.642973170104044	0.602366311829166	0.602366312107728	0.169373729469519	1730.89001088529	1732.89001088529	-1.99999999999886	BM	Aotidae	PLA	Cercopithecidae	OWM	order
Papio_ursinus	Trachypithecus_pileatus	29800	12000	38.5936741537	0.104527570614834	0.31787086995477	0.513280494257177	0.513280494514369	0.168785403696532	1730.89001088529	1732.89001088529	-1.99999999999886	BM	Cercopithecidae	OWM	Cercopithecidae	OWM	family
Theropithecus_gelada	Cercopithecus_petaurista	19000	4400	29.8369393137	0.0857360972458747	0.245747368303472	0.483554077786565	0.483554078034139	0.168701865346334	1730.89001088529	1732.89001088529	-1.99999999999886	BM	Cercopithecidae	OWM	Cercopithecidae	OWM	family
Saimiri_oerstedii	Mandrillus_sphinx	897	31600	78.0653383474	0.180298314639732	0.642973170032388	0.601077442264229	0.601077442542572	0.168550189742353	1730.89001088529	1732.89001088529	-1.99999999999886	BM	Cebidae	PLA	Cercopithecidae	OWM	order
Mandrillus_sphinx	Hylobates_lar	31600	5900	62.1515760367	0.150919020494451	0.511901910794152	0.57125604431239	0.571256044584893	0.168417817635045	1730.89001088529	1732.89001088529	-1.99999999999886	BM	Cercopithecidae	OWM	Hylobatidae	APE	order
Pan_paniscus	Eulemur_mongoz	45000	1630	121.413057311	0.25468318750367	0.999999999938228	0.660656923336798	0.660656923621877	0.168258211092177	1730.89001088529	1732.89001088529	-1.99999999999886	BM	Hominidae	APE	Lemuridae	STR	order
Pan_paniscus	Eulemur_coronatus	45000	1690	121.4130573111	0.254330847378002	0.999999999939051	0.659988342125596	0.65998834241064	0.167855394322636	1730.89001088529	1732.89001088529	-1.99999999999886	BM	Hominidae	APE	Lemuridae	STR	order
Plecturocebus_moloch	Mandrillus_sphinx	1020	31600	78.0653383542	0.179576017382113	0.642973170088395	0.599185638036977	0.599185638314995	0.167346594783182	1730.89001088529	1732.89001088529	-1.99999999999886	BM	Pitheciidae	PLA	Cercopithecidae	OWM	order
Semnopithecus_vetulus	Rhinopithecus_roxellana	8170	17900	17.7111143214	0.0571378237124905	0.145874873037246	0.425365100176658	0.425365100402464	0.166611532207704	1730.89001088529	1732.89001088529	-1.99999999999886	BM	Cercopithecidae	OWM	Cercopithecidae	OWM	family
Pan_paniscus	Eulemur_rubriventer	45000	1980	121.413057312	0.25262787010394	0.999999999946464	0.656744973597241	0.656744973882102	0.165912083890222	1730.89001088529	1732.89001088529	-1.99999999999886	BM	Hominidae	APE	Lemuridae	STR	order
Papio_cynocephalus	Cercopithecus_neglectus	21800	7350	29.8369393145	0.0848552469317047	0.245747368310061	0.479235583120811	0.479235583366898	0.165477473975908	1730.89001088529	1732.89001088529	-1.99999999999886	BM	Cercopithecidae	OWM	Cercopithecidae	OWM	family
Cheracebus_torquatus	Mandrillus_sphinx	1280	31600	78.0653383533	0.178049210170885	0.642973170080983	0.595169008118539	0.595169008395845	0.164811498744727	1730.89001088529	1732.89001088529	-1.99999999999886	BM	Pitheciidae	PLA	Cercopithecidae	OWM	order
Pan_paniscus	Eulemur_fulvus	45000	2180	121.4130573104	0.25145340301838	0.999999999933286	0.654496689880461	0.654496690165181	0.164575419945687	1730.89001088529	1732.89001088529	-1.99999999999886	BM	Hominidae	APE	Lemuridae	STR	order
Pan_paniscus	Lemur_catta	45000	2210	121.413057312	0.251277232955546	0.999999999946464	0.654158639522028	0.654158639806726	0.16437517286186	1730.89001088529	1732.89001088529	-1.99999999999886	BM	Hominidae	APE	Lemuridae	STR	order
Papio_hamadryas	Cercocebus_torquatus	21000	11000	18.5708053179	0.0587233542779964	0.15295558589867	0.426771595762173	0.426771595988547	0.163847952766698	1730.89001088529	1732.89001088529	-1.99999999999886	BM	Cercopithecidae	OWM	Cercopithecidae	OWM	family
Pan_troglodytes	Pongo_abelii	59700	77900	40.643277586	0.106876504785953	0.334752113847042	0.51169186902935	0.511691869286057	0.163368164761574	1730.89001088529	1732.89001088529	-1.99999999999886	BM	Hominidae	APE	Hominidae	APE	family
Pan_paniscus	Eulemur_macaco	45000	2370	121.4130573111	0.250337659287099	0.999999999939051	0.652352146496758	0.652352146781334	0.163308309394866	1730.89001088529	1732.89001088529	-1.99999999999886	BM	Hominidae	APE	Lemuridae	STR	order
Papio_hamadryas	Cercopithecus_nictitans	21000	6670	29.8369393137	0.0841505666803688	0.245747368303472	0.475767443261465	0.475767443506342	0.16291568139636	1730.89001088529	1732.89001088529	-1.99999999999886	BM	Cercopithecidae	OWM	Cercopithecidae	OWM	family
Papio_anubis	Trachypithecus_francoisi	25100	7700	38.5936741541	0.102178636443714	0.317870869958065	0.503435956798513	0.503435957052643	0.16182797627601	1730.89001088529	1732.89001088529	-1.99999999999886	BM	Cercopithecidae	OWM	Cercopithecidae	OWM	family
Theropithecus_gelada	Cercopithecus_mona	19000	4768	29.8369393136	0.0835750778084444	0.245747368302649	0.472926374279159	0.472926374523035	0.160835327763794	1730.89001088529	1732.89001088529	-1.99999999999886	BM	Cercopithecidae	OWM	Cercopithecidae	OWM	family
Cebuella_pygmaea	Papio_ursinus	110	29800	78.0653383523	0.174349638851371	0.642973170072746	0.585337113730913	0.58533711400636	0.158720953121173	1730.89001088529	1732.89001088529	-1.99999999999886	BM	Callitrichidae	PLA	Cercopithecidae	OWM	order
Papio_anubis	Trachypithecus_obscurus	25100	7900	38.5936741532	0.101004169358154	0.317870869950652	0.498474166414216	0.498474166666755	0.158391264770447	1730.89001088529	1732.89001088529	-1.99999999999886	BM	Cercopithecidae	OWM	Cercopithecidae	OWM	family
Papio_cynocephalus	Mandrillus_sphinx	21800	31600	18.5708053179	0.0575488871924364	0.15295558589867	0.419077124292791	0.419077124516036	0.15767598162014	1730.89001088529	1732.89001088529	-1.99999999999886	BM	Cercopithecidae	OWM	Cercopithecidae	OWM	family
Pan_paniscus	Propithecus_verreauxi	45000	3250	121.413057311	0.245170004110635	0.999999999938228	0.642309437280068	0.642309437563837	0.157475007387981	1730.89001088529	1732.89001088529	-1.99999999999886	BM	Hominidae	APE	Indriidae	STR	order
Callithrix_jacchus	Papio_ursinus	317	29800	78.0653383519	0.173134065417817	0.642973170069452	0.582076072024953	0.582076072299747	0.156736239431621	1730.89001088529	1732.89001088529	-1.99999999999886	BM	Callitrichidae	PLA	Cercopithecidae	OWM	order
Leontocebus_fuscicolis	Papio_ursinus	343	29800	78.0653383519	0.172981384696694	0.642973170069452	0.581665407412521	0.581665407687232	0.156487536787136	1730.89001088529	1732.89001088529	-1.99999999999886	BM	Callitrichidae	PLA	Cercopithecidae	OWM	order
Saguinus_oedipus	Papio_ursinus	418	29800	78.0653383518	0.172540959539609	0.642973170068628	0.580479467639468	0.580479467913936	0.155770861059202	1730.89001088529	1732.89001088529	-1.99999999999886	BM	Callitrichidae	PLA	Cercopithecidae	OWM	order
Nasalis_larvatus	Pan_paniscus	20400	45000	62.151576031	0.144459451523871	0.511901910747204	0.551232946033701	0.551232946301472	0.155558725947481	1730.89001088529	1732.89001088529	-1.99999999999886	BM	Cercopithecidae	OWM	Hominidae	APE	order
Saguinus_midas	Papio_ursinus	515	29800	78.0653383527	0.171971343003112	0.642973170076041	0.578942724452432	0.578942724726582	0.154845586844924	1730.89001088529	1732.89001088529	-1.99999999999886	BM	Callitrichidae	PLA	Cercopithecidae	OWM	order
Papio_anubis	Semnopithecus_vetulus	25100	8170	38.5936741539	0.0994186387926478	0.317870869956418	0.491734332194988	0.491734332445317	0.153796911183275	1730.89001088529	1732.89001088529	-1.99999999999886	BM	Cercopithecidae	OWM	Cercopithecidae	OWM	family
Papio_cynocephalus	Cercopithecus_mitis	21800	7930	29.8369393137	0.081449292383581	0.245747368303472	0.462364129547379	0.462364129787452	0.15324368043152	1730.89001088529	1732.89001088529	-1.99999999999886	BM	Cercopithecidae	OWM	Cercopithecidae	OWM	family
Macaca_nigra	Papio_hamadryas	9890	21000	22.4016461419	0.065241646602854	0.184507718005439	0.431194898576206	0.431194898804353	0.15246985597119	1730.89001088529	1732.89001088529	-1.99999999999886	BM	Cercopithecidae	OWM	Cercopithecidae	OWM	family
Saimiri_sciureus	Papio_ursinus	779	29800	78.0653383466	0.170421046450173	0.642973170025799	0.574743553255658	0.57474355352892	0.152336679588652	1730.89001088529	1732.89001088529	-1.99999999999886	BM	Cebidae	PLA	Cercopithecidae	OWM	order
Aotus_trivirgatus	Papio_ursinus	813	29800	78.0653383557	0.170221387045628	0.64297317010075	0.574200978862017	0.574200979135162	0.152014565474846	1730.89001088529	1732.89001088529	-1.99999999999886	BM	Aotidae	PLA	Cercopithecidae	OWM	order
Mandrillus_leucophaeus	Cercopithecus_ascanius	17500	3700	29.8369393137	0.081038228903635	0.245747368303472	0.46030950899826	0.460309509237578	0.151792743964021	1730.89001088529	1732.89001088529	-1.99999999999886	BM	Cercopithecidae	OWM	Cercopithecidae	OWM	family
Theropithecus_gelada	Cercopithecus_diana	19000	5200	29.8369393147	0.081038228903635	0.245747368311709	0.460309508991466	0.460309509230783	0.151792743956693	1730.89001088529	1732.89001088529	-1.99999999999886	BM	Cercopithecidae	OWM	Cercopithecidae	OWM	family
Papio_ursinus	Semnopithecus_entellus	29800	13000	38.5936741533	0.0986552351870339	0.317870869951476	0.48847236508861	0.488472365337851	0.151603561746756	1730.89001088529	1732.89001088529	-1.99999999999886	BM	Cercopithecidae	OWM	Cercopithecidae	OWM	family
Saimiri_oerstedii	Papio_ursinus	897	29800	78.065338347	0.169728110869693	0.642973170029094	0.572858770260834	0.572858770533687	0.151219741979447	1730.89001088529	1732.89001088529	-1.99999999999886	BM	Cebidae	PLA	Cercopithecidae	OWM	order
Papio_anubis	Piliocolobus_badius	25100	8360	38.5936741539	0.0983028950613659	0.317870869956418	0.486963164016893	0.486963164265625	0.150595393713386	1730.89001088529	1732.89001088529	-1.99999999999886	BM	Cercopithecidae	OWM	Cercopithecidae	OWM	family
Papio_ursinus	Hylobates_klossii	29800	5670	62.1515760359	0.141699453872805	0.511901910787562	0.542518383854834	0.542518384120356	0.150174392961173	1730.89001088529	1732.89001088529	-1.99999999999886	BM	Cercopithecidae	OWM	Hylobatidae	APE	order
Plecturocebus_moloch	Papio_ursinus	1020	29800	78.0653383538	0.169005813612074	0.642973170085101	0.570888952008696	0.570888952281116	0.15005844147992	1730.89001088529	1732.89001088529	-1.99999999999886	BM	Pitheciidae	PLA	Cercopithecidae	OWM	order
Cercopithecus_ascanius	Nasalis_larvatus	3700	20400	38.5936741527	0.0980680016442539	0.317870869946534	0.485955742877656	0.485955743126047	0.149924743338628	1730.89001088529	1732.89001088529	-1.99999999999886	BM	Cercopithecidae	OWM	Cercopithecidae	OWM	family
Papio_hamadryas	Cercopithecus_neglectus	21000	7350	29.8369393145	0.080157378589465	0.245747368310061	0.455893554577793	0.455893554815474	0.148702435765995	1730.89001088529	1732.89001088529	-1.99999999999886	BM	Cercopithecidae	OWM	Cercopithecidae	OWM	family
Papio_hamadryas	Pan_paniscus	21000	45000	62.1515760319	0.140936050267191	0.511901910754617	0.540091305244466	0.540091305509342	0.148697111195771	1730.89001088529	1732.89001088529	-1.99999999999886	BM	Cercopithecidae	OWM	Hominidae	APE	order
Cheracebus_torquatus	Papio_ursinus	1280	29800	78.0653383529	0.167479006400846	0.642973170077688	0.566707773337782	0.566707773609264	0.147613709584149	1730.89001088529	1732.89001088529	-1.99999999999886	BM	Pitheciidae	PLA	Cercopithecidae	OWM	order
Papio_ursinus	Hylobates_lar	29800	5900	62.1515760363	0.140348816724411	0.511901910790857	0.53821942797502	0.538219428239391	0.147564324848253	1730.89001088529	1732.89001088529	-1.99999999999886	BM	Cercopithecidae	OWM	Hylobatidae	APE	order
Mandrillus_sphinx	Nomascus_concolor	31600	7790	62.151576036	0.139820306535909	0.511901910788386	0.536531107465532	0.536531107729445	0.146547497344453	1730.89001088529	1732.89001088529	-1.99999999999886	BM	Cercopithecidae	OWM	Hylobatidae	APE	order
Cebus_olivaceus	Mandrillus_sphinx	3290	31600	78.065338348	0.166245815961008	0.64297317003733	0.563313530616126	0.563313530886826	0.145649183983395	1730.89001088529	1732.89001088529	-1.99999999999886	BM	Cebidae	PLA	Cercopithecidae	OWM	order
Macaca_fuscata	Papio_cynocephalus	11000	21800	22.4016461425	0.0634212226202361	0.184507718010381	0.420361488317618	0.420361488541389	0.144491730855755	1730.89001088529	1732.89001088529	-1.99999999999886	BM	Cercopithecidae	OWM	Cercopithecidae	OWM	family
Macaca_mulatta	Papio_cynocephalus	11000	21800	22.4016461426	0.0634212226202361	0.184507718011204	0.420361488316772	0.420361488540543	0.144491730854819	1730.89001088529	1732.89001088529	-1.99999999999886	BM	Cercopithecidae	OWM	Cercopithecidae	OWM	family
Cacajao_calvus	Mandrillus_sphinx	3450	31600	78.065338353	0.16530624229256	0.642973170078512	0.560717191759952	0.560717192030041	0.144158506563122	1730.89001088529	1732.89001088529	-1.99999999999886	BM	Pitheciidae	PLA	Cercopithecidae	OWM	order
Papio_ursinus	Colobus_guereza	29800	13500	38.5936741536	0.0957190674731341	0.317870869953947	0.475825225413619	0.475825225658517	0.143283173017345	1730.89001088529	1732.89001088529	-1.99999999999886	BM	Cercopithecidae	OWM	Cercopithecidae	OWM	family
Sapajus_apella	Mandrillus_sphinx	3650	31600	78.065338349	0.164131775207	0.642973170045566	0.557459336423935	0.557459336693243	0.142302657024542	1730.89001088529	1732.89001088529	-1.99999999999886	BM	Cebidae	PLA	Cercopithecidae	OWM	order
Cercopithecus_pogonias	Nasalis_larvatus	4260	20400	38.5936741526	0.0947794938046861	0.31787086994571	0.471744556690173	0.47174455693363	0.140659980248731	1730.89001088529	1732.89001088529	-1.99999999999886	BM	Cercopithecidae	OWM	Cercopithecidae	OWM	family
Mandrillus_leucophaeus	Cercopithecus_pogonias	17500	4260	29.8369393136	0.0777497210640672	0.245747368302649	0.443732355029069	0.443732355262134	0.140388347061049	1730.89001088529	1732.89001088529	-1.99999999999886	BM	Cercopithecidae	OWM	Cercopithecidae	OWM	family
Cercopithecus_cephus	Nasalis_larvatus	4290	20400	38.5936741527	0.0946033237418521	0.317870869946534	0.470977633607306	0.47097763385049	0.140170282211823	1730.89001088529	1732.89001088529	-1.99999999999886	BM	Cercopithecidae	OWM	Cercopithecidae	OWM	family
Chlorocebus_pygerythrus	Nasalis_larvatus	4290	20400	38.5936741529	0.0946033237418521	0.317870869948181	0.470977633606239	0.470977633849422	0.140170282210779	1730.89001088529	1732.89001088529	-1.99999999999886	BM	Cercopithecidae	OWM	Cercopithecidae	OWM	family
Mandrillus_leucophaeus	Cercopithecus_cephus	17500	4290	29.8369393137	0.0775735510012332	0.245747368303472	0.442837332542313	0.442837332775032	0.139787720366549	1730.89001088529	1732.89001088529	-1.99999999999886	BM	Cercopithecidae	OWM	Cercopithecidae	OWM	family
Mandrillus_leucophaeus	Chlorocebus_pygerythrus	17500	4290	29.8369393139	0.0775735510012332	0.24574736830512	0.442837332540991	0.442837332773711	0.139787720365195	1730.89001088529	1732.89001088529	-1.99999999999886	BM	Cercopithecidae	OWM	Cercopithecidae	OWM	family
Papio_cynocephalus	Pan_paniscus	21800	45000	62.1515760319	0.136238181924952	0.511901910754617	0.524997851303773	0.524997851564444	0.139723551081679	1730.89001088529	1732.89001088529	-1.99999999999886	BM	Cercopithecidae	OWM	Hominidae	APE	order
Macaca_nemestrina	Papio_cynocephalus	11200	21800	22.4016461424	0.0622467555346761	0.184507718009557	0.413321215602739	0.413321215823605	0.139440804658297	1730.89001088529	1732.89001088529	-1.99999999999886	BM	Cercopithecidae	OWM	Cercopithecidae	OWM	family
Trachypithecus_francoisi	Semnopithecus_entellus	7700	13000	9.0158535419	0.0311233777673381	0.0742576930440762	0.331697961640793	0.331697961824891	0.139023453888808	1730.89001088529	1732.89001088529	-1.99999999999886	BM	Cercopithecidae	OWM	Cercopithecidae	OWM	family
Cercopithecus_petaurista	Nasalis_larvatus	4400	20400	38.5936741527	0.0939573668447942	0.317870869946534	0.46816074347221	0.468160743714385	0.138380565429442	1730.89001088529	1732.89001088529	-1.99999999999886	BM	Cercopithecidae	OWM	Cercopithecidae	OWM	family
Mandrillus_leucophaeus	Cercopithecus_petaurista	17500	4400	29.8369393137	0.0769275941041752	0.245747368303472	0.439549595719959	0.439549595951402	0.137594526938914	1730.89001088529	1732.89001088529	-1.99999999999886	BM	Cercopithecidae	OWM	Cercopithecidae	OWM	family
Papio_hamadryas	Cercopithecus_mitis	21000	7930	29.8369393137	0.0767514240413412	0.245747368303472	0.438651311835694	0.438651312066785	0.136998874386384	1730.89001088529	1732.89001088529	-1.99999999999886	BM	Cercopithecidae	OWM	Cercopithecidae	OWM	family
Papio_anubis	Papio_cynocephalus	25100	21800	4.8778566854	0.0193787069117388	0.0401757174486104	0.283176923338841	0.283176923498789	0.136590033732954	1730.89001088529	1732.89001088529	-1.99999999999886	BM	Cercopithecidae	OWM	Cercopithecidae	OWM	family
Theropithecus_gelada	Allochrocebus_lhoesti	19000	5970	29.8369393133	0.0765165306242293	0.245747368300178	0.437452517682836	0.437452517913458	0.136206337416557	1730.89001088529	1732.89001088529	-1.99999999999886	BM	Cercopithecidae	OWM	Cercopithecidae	OWM	family
Nasalis_larvatus	Piliocolobus_badius	20400	8360	27.017026323	0.0707029185507076	0.222521588037495	0.426085942655271	0.426085942881368	0.135382458685676	1730.89001088529	1732.89001088529	-1.99999999999886	BM	Cercopithecidae	OWM	Cercopithecidae	OWM	family
Theropithecus_gelada	Allenopithecus_nigroviridis	19000	6130	29.83693931	0.0755769569557813	0.245747368272998	0.432645020174861	0.432645020403585	0.133055317323133	1730.89001088529	1732.89001088529	-1.99999999999886	BM	Cercopithecidae	OWM	Cercopithecidae	OWM	family
Cercopithecus_mona	Nasalis_larvatus	4768	20400	38.5936741526	0.0917963474073639	0.31787086994571	0.4586820510578	0.458682051296517	0.132460507990604	1730.89001088529	1732.89001088529	-1.99999999999886	BM	Cercopithecidae	OWM	Cercopithecidae	OWM	family
Trachypithecus_francoisi	Trachypithecus_pileatus	7700	12000	7.1253052129	0.0252510423395384	0.0586864820824696	0.304234435132932	0.304234435303542	0.130903000658511	1730.89001088529	1732.89001088529	-1.99999999999886	BM	Cercopithecidae	OWM	Cercopithecidae	OWM	family
Mandrillus_leucophaeus	Cercopithecus_mona	17500	4768	29.8369393136	0.074766574666745	0.245747368302649	0.428482811797154	0.428482812024216	0.130362299962435	1730.89001088529	1732.89001088529	-1.99999999999886	BM	Cercopithecidae	OWM	Cercopithecidae	OWM	family
Papio_anubis	Erythrocebus_patas	25100	12400	29.8369393139	0.0745786599330554	0.24574736830512	0.427515591686172	0.427515591912845	0.129741124587977	1730.89001088529	1732.89001088529	-1.99999999999886	BM	Cercopithecidae	OWM	Cercopithecidae	OWM	family
Macaca_tonkeana	Papio_anubis	14900	25100	22.4016461419	0.0598978213635563	0.184507718005439	0.399123088245465	0.399123088460336	0.129569666246119	1730.89001088529	1732.89001088529	-1.99999999999886	BM	Cercopithecidae	OWM	Cercopithecidae	OWM	family
Cebus_olivaceus	Papio_ursinus	3290	29800	78.0653383476	0.155675612190968	0.642973170034036	0.533598694720674	0.53359869498378	0.129194043136427	1730.89001088529	1732.89001088529	-1.99999999999886	BM	Cebidae	PLA	Cercopithecidae	OWM	order
Papio_anubis	Colobus_angolensis	25100	9680	38.5936741539	0.0905514122966704	0.317870869956418	0.453183458379261	0.453183458615927	0.129097712512498	1730.89001088529	1732.89001088529	-1.99999999999886	BM	Cercopithecidae	OWM	Cercopithecidae	OWM	family
Trachypithecus_obscurus	Semnopithecus_entellus	7900	13000	9.015853541	0.0299489106817781	0.0742576930366635	0.319888135417236	0.319888135595595	0.129014258375105	1730.89001088529	1732.89001088529	-1.99999999999886	BM	Cercopithecidae	OWM	Cercopithecidae	OWM	family
Cacajao_calvus	Papio_ursinus	3450	29800	78.0653383526	0.15473603852252	0.642973170075217	0.530904131721103	0.530904131983457	0.127765832232396	1730.89001088529	1732.89001088529	-1.99999999999886	BM	Pitheciidae	PLA	Cercopithecidae	OWM	order
Macaca_silenus	Theropithecus_gelada	8900	19000	22.401646143	0.0593105878207763	0.184507718014499	0.395549448832701	0.395549449046034	0.127150617735178	1730.89001088529	1732.89001088529	-1.99999999999886	BM	Cercopithecidae	OWM	Cercopithecidae	OWM	family
Papio_ursinus	Nomascus_concolor	29800	7790	62.1515760356	0.12925010276587	0.511901910785092	0.502052037850833	0.502052038104522	0.126763108554359	1730.89001088529	1732.89001088529	-1.99999999999886	BM	Cercopithecidae	OWM	Hylobatidae	APE	order
Sapajus_apella	Papio_ursinus	3650	29800	78.0653383486	0.15356157143696	0.642973170042272	0.527523852813245	0.527523853074642	0.125988759069303	1730.89001088529	1732.89001088529	-1.99999999999886	BM	Cebidae	PLA	Cercopithecidae	OWM	order
Trachypithecus_pileatus	Nasalis_larvatus	12000	20400	17.7111143211	0.0493276175935169	0.145874873034775	0.371984915983667	0.371984916186586	0.125786773996538	1730.89001088529	1732.89001088529	-1.99999999999886	BM	Cercopithecidae	OWM	Cercopithecidae	OWM	family
Cercopithecus_diana	Nasalis_larvatus	5200	20400	38.5936741537	0.0892594985025545	0.31787086995477	0.447448283947876	0.447448284182368	0.125645390018591	1730.89001088529	1732.89001088529	-1.99999999999886	BM	Cercopithecidae	OWM	Cercopithecidae	OWM	family
Papio_anubis	Colobus_polykomos	25100	9900	38.5936741539	0.0892594985025545	0.317870869956418	0.447448283946846	0.447448284181339	0.125645390017651	1730.89001088529	1732.89001088529	-1.99999999999886	BM	Cercopithecidae	OWM	Cercopithecidae	OWM	family
Macaca_fascicularis	Macaca_nemestrina	5360	11200	10.9824679331	0.0342944388983499	0.0904554104447757	0.33118871930816	0.331188719492013	0.125563868897269	1730.89001088529	1732.89001088529	-1.99999999999886	BM	Cercopithecidae	OWM	Cercopithecidae	OWM	family
Papio_cynocephalus	Trachypithecus_cristatus	21800	6610	38.593674154	0.0892007751482765	0.317870869957241	0.44718689457669	0.447186894811082	0.125489377613485	1730.89001088529	1732.89001088529	-1.99999999999886	BM	Cercopithecidae	OWM	Cercopithecidae	OWM	family
Macaca_fuscata	Papio_hamadryas	11000	21000	22.4016461425	0.0587233542779964	0.184507718010381	0.391966302432499	0.391966302644279	0.12475129111664	1730.89001088529	1732.89001088529	-1.99999999999886	BM	Cercopithecidae	OWM	Cercopithecidae	OWM	family
Macaca_mulatta	Papio_hamadryas	11000	21000	22.4016461426	0.0587233542779964	0.184507718011204	0.391966302431699	0.391966302643479	0.124751291115828	1730.89001088529	1732.89001088529	-1.99999999999886	BM	Cercopithecidae	OWM	Cercopithecidae	OWM	family
Papio_cynocephalus	Presbytis_comata	21800	6680	38.5936741529	0.0887897116683305	0.317870869948181	0.445355472775246	0.445355473008937	0.124399521176865	1730.89001088529	1732.89001088529	-1.99999999999886	BM	Cercopithecidae	OWM	Cercopithecidae	OWM	family
Macaca_fascicularis	Nasalis_larvatus	5360	20400	38.5936741536	0.0883199248341065	0.317870869953947	0.443258792835652	0.443258793068535	0.123158763402804	1730.89001088529	1732.89001088529	-1.99999999999886	BM	Cercopithecidae	OWM	Cercopithecidae	OWM	family
Theropithecus_gelada	Cercopithecus_nictitans	19000	6670	29.8369393138	0.0724058958247695	0.245747368304296	0.416276048992322	0.416276049214413	0.122649696904843	1730.89001088529	1732.89001088529	-1.99999999999886	BM	Cercopithecidae	OWM	Cercopithecidae	OWM	family
Erythrocebus_patas	Allochrocebus_lhoesti	12400	5970	12.6967639233	0.0377591168007517	0.104574946086671	0.338648786371201	0.338648786558632	0.122276697789786	1730.89001088529	1732.89001088529	-1.99999999999886	BM	Cercopithecidae	OWM	Cercopithecidae	OWM	family
Mandrillus_leucophaeus	Cercopithecus_diana	17500	5200	29.8369393147	0.0722297257619355	0.245747368311709	0.415360247706646	0.415360247928358	0.122082108103012	1730.89001088529	1732.89001088529	-1.99999999999886	BM	Cercopithecidae	OWM	Cercopithecidae	OWM	family
Macaca_nemestrina	Papio_hamadryas	11200	21000	22.4016461424	0.0575488871924364	0.184507718009557	0.384771766150001	0.384771766358629	0.120012253166851	1730.89001088529	1732.89001088529	-1.99999999999886	BM	Cercopithecidae	OWM	Cercopithecidae	OWM	family
Trachypithecus_obscurus	Trachypithecus_pileatus	7900	12000	7.125305212	0.0240765752539785	0.0586864820750568	0.290743491442941	0.29074349160675	0.119279726843699	1730.89001088529	1732.89001088529	-1.99999999999886	BM	Cercopithecidae	OWM	Cercopithecidae	OWM	family
Alouatta_caraya	Mandrillus_sphinx	6420	31600	78.0653383562	0.147865406071995	0.642973170104868	0.510940736934063	0.510940737190539	0.117501729556083	1730.89001088529	1732.89001088529	-1.99999999999886	BM	Atelidae	PLA	Cercopithecidae	OWM	order
Cebuella_pygmaea	Papio_anubis	110	25100	78.0653383526	0.146749662340713	0.642973170075217	0.50765616362488	0.507656163880338	0.115865442081227	1730.89001088529	1732.89001088529	-1.99999999999886	BM	Callitrichidae	PLA	Cercopithecidae	OWM	order
Pygathrix_nemaeus	Rhinopithecus_roxellana	11000	17900	14.5090833354	0.0405191144518175	0.119501836588619	0.339867793395407	0.339867793583419	0.115237911083173	1730.89001088529	1732.89001088529	-1.99999999999886	BM	Cercopithecidae	OWM	Cercopithecidae	OWM	family
Alouatta_seniculus	Mandrillus_sphinx	6690	31600	78.0653383564	0.146279875506489	0.642973170106515	0.506269654460147	0.506269654715172	0.115179085956068	1730.89001088529	1732.89001088529	-1.99999999999886	BM	Atelidae	PLA	Cercopithecidae	OWM	order
Callithrix_jacchus	Papio_anubis	317	25100	78.0653383522	0.145534088907158	0.642973170071923	0.504064285818438	0.504064286072766	0.114092686914165	1730.89001088529	1732.89001088529	-1.99999999999886	BM	Callitrichidae	PLA	Cercopithecidae	OWM	order
Leontocebus_fuscicolis	Papio_anubis	343	25100	78.0653383522	0.145381408186036	0.642973170071923	0.503612145649312	0.503612145903497	0.113870759033224	1730.89001088529	1732.89001088529	-1.99999999999886	BM	Callitrichidae	PLA	Cercopithecidae	OWM	order
Allochrocebus_lhoesti	Nasalis_larvatus	5970	20400	38.5936741523	0.0847378002231488	0.31787086994324	0.427145821078391	0.427145821304916	0.113868242343681	1730.89001088529	1732.89001088529	-1.99999999999886	BM	Cercopithecidae	OWM	Cercopithecidae	OWM	family
Papio_hamadryas	Trachypithecus_cristatus	21000	6610	38.593674154	0.0845029068060368	0.317870869957241	0.426081547787478	0.426081548013574	0.11326967245945	1730.89001088529	1732.89001088529	-1.99999999999886	BM	Cercopithecidae	OWM	Cercopithecidae	OWM	family
Saguinus_oedipus	Papio_anubis	418	25100	78.0653383521	0.144940983028951	0.642973170071099	0.502306664443428	0.502306664697198	0.113231508117785	1730.89001088529	1732.89001088529	-1.99999999999886	BM	Callitrichidae	PLA	Cercopithecidae	OWM	order
Saguinus_midas	Papio_anubis	515	25100	78.065338353	0.144371366492454	0.642973170078512	0.5006155353172	0.50061553557043	0.112406788159248	1730.89001088529	1732.89001088529	-1.99999999999886	BM	Callitrichidae	PLA	Cercopithecidae	OWM	order
Papio_hamadryas	Presbytis_comata	21000	6680	38.5936741529	0.0840918433260908	0.317870869948181	0.424216818951046	0.424216819176387	0.112225364599591	1730.89001088529	1732.89001088529	-1.99999999999886	BM	Cercopithecidae	OWM	Cercopithecidae	OWM	family
Theropithecus_gelada	Papio_anubis	19000	25100	12.5784127639	0.0358212461095778	0.103600164938631	0.323699973005221	0.323699973185443	0.111923918321485	1730.89001088529	1732.89001088529	-1.99999999999886	BM	Cercopithecidae	OWM	Cercopithecidae	OWM	family
Colobus_angolensis	Colobus_guereza	9680	13500	6.780108392	0.0224323213341946	0.055843321482416	0.278253172747481	0.278253172904898	0.111774593946675	1730.89001088529	1732.89001088529	-1.99999999999886	BM	Cercopithecidae	OWM	Cercopithecidae	OWM	family
Allenopithecus_nigroviridis	Nasalis_larvatus	6130	20400	38.593674149	0.0837982265547008	0.31787086991606	0.422883120546325	0.422883120771125	0.11148192204922	1730.89001088529	1732.89001088529	-1.99999999999886	BM	Cercopithecidae	OWM	Cercopithecidae	OWM	family
Alouatta_palliata	Mandrillus_sphinx	7150	31600	78.065338356	0.143578601209701	0.642973170103221	0.49825683217103	0.498256832423498	0.111262836977799	1730.89001088529	1732.89001088529	-1.99999999999886	BM	Atelidae	PLA	Cercopithecidae	OWM	order
Cercopithecus_ascanius	Rhinopithecus_roxellana	3700	17900	38.5936741531	0.0833871630747548	0.317870869949829	0.421013501234224	0.421013501458262	0.110444601260987	1730.89001088529	1732.89001088529	-1.99999999999886	BM	Cercopithecidae	OWM	Cercopithecidae	OWM	family
Saimiri_sciureus	Papio_anubis	779	25100	78.0653383469	0.142821069939515	0.64297317002827	0.49599746237831	0.495997462630044	0.110173941256429	1730.89001088529	1732.89001088529	-1.99999999999886	BM	Cebidae	PLA	Cercopithecidae	OWM	order
Theropithecus_gelada	Cercopithecus_neglectus	19000	7350	29.8369393146	0.0684127077338658	0.245747368310885	0.395355903031249	0.395355903244498	0.110061678506843	1730.89001088529	1732.89001088529	-1.99999999999886	BM	Cercopithecidae	OWM	Cercopithecidae	OWM	family
Aotus_trivirgatus	Papio_anubis	813	25100	78.065338356	0.14262141053497	0.642973170103221	0.495401076845561	0.4954010770971	0.109887633956661	1730.89001088529	1732.89001088529	-1.99999999999886	BM	Aotidae	PLA	Cercopithecidae	OWM	order
Saimiri_oerstedii	Papio_anubis	897	25100	78.0653383473	0.142128134359035	0.642973170031565	0.493926060247223	0.493926060498278	0.109181522225569	1730.89001088529	1732.89001088529	-1.99999999999886	BM	Cebidae	PLA	Cercopithecidae	OWM	order
Papio_anubis	Pygathrix_nemaeus	25100	11000	38.5936741527	0.0827999295319749	0.317870869946534	0.418337692979622	0.418337693202563	0.108969820056515	1730.89001088529	1732.89001088529	-1.99999999999886	BM	Cercopithecidae	OWM	Cercopithecidae	OWM	family
Papio_cynocephalus	Trachypithecus_francoisi	21800	7700	38.5936741541	0.0827999295319749	0.317870869958065	0.418337692972771	0.418337693195712	0.108969820050777	1730.89001088529	1732.89001088529	-1.99999999999886	BM	Cercopithecidae	OWM	Cercopithecidae	OWM	family
Ateles_geoffroyi	Mandrillus_sphinx	7450	31600	78.065338353	0.141816900581361	0.642973170078512	0.492994229120721	0.492994229371468	0.108736906657957	1730.89001088529	1732.89001088529	-1.99999999999886	BM	Atelidae	PLA	Cercopithecidae	OWM	order
Nasalis_larvatus	Colobus_angolensis	20400	9680	27.017026323	0.0629514357860121	0.222521588037495	0.383382061440861	0.383382061648875	0.108458920481174	1730.89001088529	1732.89001088529	-1.99999999999886	BM	Cercopithecidae	OWM	Cercopithecidae	OWM	family
Plecturocebus_moloch	Papio_anubis	1020	25100	78.0653383541	0.141405837101415	0.642973170087572	0.491762128521393	0.491762128771732	0.108150757564068	1730.89001088529	1732.89001088529	-1.99999999999886	BM	Pitheciidae	PLA	Cercopithecidae	OWM	order
Mandrillus_leucophaeus	Allochrocebus_lhoesti	17500	5970	29.8369393133	0.0677080274825298	0.245747368300178	0.391629468435399	0.391629468647033	0.107901293084868	1730.89001088529	1732.89001088529	-1.99999999999886	BM	Cercopithecidae	OWM	Cercopithecidae	OWM	family
Theropithecus_gelada	Cercocebus_torquatus	19000	11000	18.570805318	0.0469786834223971	0.152955585899494	0.347752842670845	0.347752842862589	0.106808591585581	1730.89001088529	1732.89001088529	-1.99999999999886	BM	Cercopithecidae	OWM	Cercopithecidae	OWM	family
Papio_cynocephalus	Trachypithecus_obscurus	21800	7900	38.5936741532	0.0816254624464149	0.317870869950652	0.412968804453561	0.412968804674281	0.106045482068546	1730.89001088529	1732.89001088529	-1.99999999999886	BM	Cercopithecidae	OWM	Cercopithecidae	OWM	family
Cheracebus_torquatus	Papio_anubis	1280	25100	78.0653383532	0.139879029890187	0.642973170080159	0.487172041362789	0.487172041611591	0.105984441818861	1730.89001088529	1732.89001088529	-1.99999999999886	BM	Pitheciidae	PLA	Cercopithecidae	OWM	order
Mandrillus_leucophaeus	Allenopithecus_nigroviridis	17500	6130	29.83693931	0.0667684538140819	0.245747368272998	0.386645041099862	0.386645041309315	0.105049717319624	1730.89001088529	1732.89001088529	-1.99999999999886	BM	Cercopithecidae	OWM	Cercopithecidae	OWM	family
Papio_anubis	Pan_paniscus	25100	45000	62.1515760319	0.116859475013213	0.511901910754617	0.459959566496305	0.459959566735494	0.105001822299954	1730.89001088529	1732.89001088529	-1.99999999999886	BM	Cercopithecidae	OWM	Hominidae	APE	order
Macaca_nigra	Theropithecus_gelada	9890	19000	22.401646142	0.0534969757472547	0.184507718006263	0.35966876014656	0.359668760343856	0.104283935363358	1730.89001088529	1732.89001088529	-1.99999999999886	BM	Cercopithecidae	OWM	Cercopithecidae	OWM	family
Nasalis_larvatus	Colobus_polykomos	20400	9900	27.017026323	0.0616595219918962	0.222521588037495	0.376131301733815	0.3761313019386	0.10422393834071	1730.89001088529	1732.89001088529	-1.99999999999886	BM	Cercopithecidae	OWM	Cercopithecidae	OWM	family
Cercopithecus_nictitans	Nasalis_larvatus	6670	20400	38.5936741528	0.080627165423689	0.317870869947358	0.408387284104761	0.408387284323565	0.103586431552846	1730.89001088529	1732.89001088529	-1.99999999999886	BM	Cercopithecidae	OWM	Cercopithecidae	OWM	family
Mandrillus_sphinx	Rhinopithecus_roxellana	31600	17900	38.5936741534	0.080450995360855	0.3178708699523	0.407577078451098	0.407577078669562	0.103155037932796	1730.89001088529	1732.89001088529	-1.99999999999886	BM	Cercopithecidae	OWM	Cercopithecidae	OWM	family
Alouatta_caraya	Papio_ursinus	6420	29800	78.0653383558	0.137295202301955	0.642973170101574	0.479355274462525	0.479355274708654	0.10235758262113	1730.89001088529	1732.89001088529	-1.99999999999886	BM	Atelidae	PLA	Cercopithecidae	OWM	order
Cercopithecus_pogonias	Rhinopithecus_roxellana	4260	17900	38.593674153	0.080098655235187	0.317870869949005	0.40595514216069	0.40595514237847	0.102294560612292	1730.89001088529	1732.89001088529	-1.99999999999886	BM	Cercopithecidae	OWM	Cercopithecidae	OWM	family
Papio_cynocephalus	Semnopithecus_vetulus	21800	8170	38.5936741539	0.080039931880909	0.317870869956418	0.405684622101022	0.405684622318687	0.102151447606854	1730.89001088529	1732.89001088529	-1.99999999999886	BM	Cercopithecidae	OWM	Cercopithecidae	OWM	family
Macaca_tonkeana	Cercopithecus_ascanius	14900	3700	29.8369393137	0.0657701567913559	0.245747368303472	0.381329433824275	0.381329434031379	0.102056420074498	1730.89001088529	1732.89001088529	-1.99999999999886	BM	Cercopithecidae	OWM	Cercopithecidae	OWM	family
Cercopithecus_cephus	Rhinopithecus_roxellana	4290	17900	38.5936741531	0.079922485172353	0.317870869949829	0.405143413111559	0.405143413328995	0.101865478998424	1730.89001088529	1732.89001088529	-1.99999999999886	BM	Cercopithecidae	OWM	Cercopithecidae	OWM	family
Chlorocebus_pygerythrus	Rhinopithecus_roxellana	4290	17900	38.5936741533	0.079922485172353	0.317870869951476	0.405143413110605	0.40514341332804	0.101865478997656	1730.89001088529	1732.89001088529	-1.99999999999886	BM	Cercopithecidae	OWM	Cercopithecidae	OWM	family
Papio_anubis	Hylobates_klossii	25100	5670	62.1515760362	0.114099477362147	0.511901910790033	0.450346760835907	0.450346761071502	0.100379250321238	1730.89001088529	1732.89001088529	-1.99999999999886	BM	Cercopithecidae	OWM	Hylobatidae	APE	order
Cercopithecus_petaurista	Rhinopithecus_roxellana	4400	17900	38.5936741531	0.0792765282752951	0.317870869949829	0.402162748515353	0.402162748731523	0.100298799034274	1730.89001088529	1732.89001088529	-1.99999999999886	BM	Cercopithecidae	OWM	Cercopithecidae	OWM	family
Alouatta_seniculus	Papio_ursinus	6690	29800	78.065338356	0.13570967173645	0.642973170103221	0.474528410626389	0.474528410870831	0.100156737217182	1730.89001088529	1732.89001088529	-1.99999999999886	BM	Atelidae	PLA	Cercopithecidae	OWM	order
Theropithecus_gelada	Cercopithecus_mitis	19000	7930	29.8369393138	0.065006753185742	0.245747368304296	0.377251033161241	0.377251033366528	0.099792990545528	1730.89001088529	1732.89001088529	-1.99999999999886	BM	Cercopithecidae	OWM	Cercopithecidae	OWM	family
Papio_cynocephalus	Piliocolobus_badius	21800	8360	38.5936741539	0.0789241881496271	0.317870869956418	0.400534077139997	0.400534077355472	0.0994486436233324	1730.89001088529	1732.89001088529	-1.99999999999886	BM	Cercopithecidae	OWM	Cercopithecidae	OWM	family
Semnopithecus_entellus	Nasalis_larvatus	13000	20400	17.7111143207	0.0434552821657173	0.14587487303148	0.33050505537303	0.330505055556554	0.0984555471409505	1730.89001088529	1732.89001088529	-1.99999999999886	BM	Cercopithecidae	OWM	Cercopithecidae	OWM	family
Papio_anubis	Hylobates_lar	25100	5900	62.1515760366	0.112748840213753	0.511901910793328	0.445612079050609	0.445612079284398	0.0981481882346009	1730.89001088529	1732.89001088529	-1.99999999999886	BM	Cercopithecidae	OWM	Hylobatidae	APE	order
Papio_hamadryas	Trachypithecus_francoisi	21000	7700	38.5936741541	0.0781020611897352	0.317870869958065	0.396726051925834	0.396726052139675	0.097477074219356	1730.89001088529	1732.89001088529	-1.99999999999886	BM	Cercopithecidae	OWM	Cercopithecidae	OWM	family
Papio_anubis	Mandrillus_leucophaeus	25100	17500	18.5708053179	0.0446297492512772	0.15295558589867	0.331429306543289	0.331429306727258	0.0967052413198614	1730.89001088529	1732.89001088529	-1.99999999999886	BM	Cercopithecidae	OWM	Cercopithecidae	OWM	family
Alouatta_palliata	Papio_ursinus	7150	29800	78.0653383556	0.133008397439662	0.642973170099926	0.466252467047872	0.466252467289358	0.096451137198599	1730.89001088529	1732.89001088529	-1.99999999999886	BM	Atelidae	PLA	Cercopithecidae	OWM	order
Mandrillus_leucophaeus	Cercopithecus_nictitans	17500	6670	29.8369393138	0.0635973926830701	0.245747368304296	0.369691258226353	0.369691258428234	0.0956730494538062	1730.89001088529	1732.89001088529	-1.99999999999886	BM	Cercopithecidae	OWM	Cercopithecidae	OWM	family
Ateles_paniscus	Mandrillus_sphinx	9110	31600	78.065338353	0.132068823771214	0.642973170078512	0.463358519566791	0.463358519807226	0.0951753782449191	1730.89001088529	1732.89001088529	-1.99999999999886	BM	Atelidae	PLA	Cercopithecidae	OWM	order
Cercopithecus_mona	Rhinopithecus_roxellana	4768	17900	38.593674153	0.0771155088378648	0.317870869949005	0.392142118062336	0.392142118274192	0.0951337219921613	1730.89001088529	1732.89001088529	-1.99999999999886	BM	Cercopithecidae	OWM	Cercopithecidae	OWM	family
Papio_hamadryas	Trachypithecus_obscurus	21000	7900	38.5936741532	0.0769275941041752	0.317870869950652	0.391267229703473	0.391267229914949	0.0946901697458676	1730.89001088529	1732.89001088529	-1.99999999999886	BM	Cercopithecidae	OWM	Cercopithecidae	OWM	family
Papio_anubis	Trachypithecus_pileatus	25100	12000	38.593674154	0.0769275941041752	0.317870869957241	0.39126722969976	0.391267229911235	0.0946901697430061	1730.89001088529	1732.89001088529	-1.99999999999886	BM	Cercopithecidae	OWM	Cercopithecidae	OWM	family
Ateles_geoffroyi	Papio_ursinus	7450	29800	78.0653383526	0.131246696811322	0.642973170075217	0.460819857405678	0.460819857645183	0.0940647089558718	1730.89001088529	1732.89001088529	-1.99999999999886	BM	Atelidae	PLA	Cercopithecidae	OWM	order
Cercopithecus_neglectus	Nasalis_larvatus	7350	20400	38.5936741536	0.0766339773327852	0.317870869953947	0.389899095607983	0.389899095818862	0.0939989199363395	1730.89001088529	1732.89001088529	-1.99999999999886	BM	Cercopithecidae	OWM	Cercopithecidae	OWM	family
Mandrillus_sphinx	Cheirogaleus_medius	31600	283	121.413057312	0.183903928592401	0.999999999946464	0.50976184302727	0.509761843283382	0.0937472055842367	1730.89001088529	1732.89001088529	-1.99999999999886	BM	Cercopithecidae	OWM	Cheirogaleidae	STR	order
Macaca_silenus	Mandrillus_leucophaeus	8900	17500	22.401646143	0.0505020846790769	0.184507718014499	0.340843995925653	0.340843996114129	0.0932932916293484	1730.89001088529	1732.89001088529	-1.99999999999886	BM	Cercopithecidae	OWM	Cercopithecidae	OWM	family
Macaca_tonkeana	Cercopithecus_pogonias	14900	4260	29.8369393136	0.0624816489517881	0.245747368302649	0.36367881121387	0.36367881141301	0.0924659009389022	1730.89001088529	1732.89001088529	-1.99999999999886	BM	Cercopithecidae	OWM	Cercopithecidae	OWM	family
Macaca_tonkeana	Cercopithecus_cephus	14900	4290	29.8369393137	0.0623054788889541	0.245747368303472	0.362727270146843	0.362727270345546	0.0919639401577379	1730.89001088529	1732.89001088529	-1.99999999999886	BM	Cercopithecidae	OWM	Cercopithecidae	OWM	family
Macaca_tonkeana	Chlorocebus_pygerythrus	14900	4290	29.8369393139	0.0623054788889541	0.245747368305119	0.362727270145715	0.362727270344418	0.0919639401568354	1730.89001088529	1732.89001088529	-1.99999999999886	BM	Cercopithecidae	OWM	Cercopithecidae	OWM	family
Papio_hamadryas	Semnopithecus_vetulus	21000	8170	38.5936741539	0.0753420635386693	0.317870869956418	0.383863156893645	0.383863157101872	0.090983619734644	1730.89001088529	1732.89001088529	-1.99999999999886	BM	Cercopithecidae	OWM	Cercopithecidae	OWM	family
Macaca_tonkeana	Cercopithecus_petaurista	14900	4400	29.8369393137	0.0616595219918962	0.245747368303472	0.359233176971992	0.359233177169086	0.0901338074488356	1730.89001088529	1732.89001088529	-1.99999999999886	BM	Cercopithecidae	OWM	Cercopithecidae	OWM	family
Mandrillus_sphinx	Hapalemur_griseus	31600	987	121.4130573158	0.17976980445123	0.999999999977762	0.499956043945748	0.499956044198766	0.0898770002563365	1730.89001088529	1732.89001088529	-1.99999999999886	BM	Cercopithecidae	OWM	Lemuridae	STR	order
Cebus_olivaceus	Papio_anubis	3290	25100	78.0653383479	0.12807563568031	0.642973170036506	0.450971852089124	0.450971852324956	0.0898303526832418	1730.89001088529	1732.89001088529	-1.99999999999886	BM	Cebidae	PLA	Cercopithecidae	OWM	order
Mandrillus_sphinx	Avahi_laniger	31600	1030	121.41305731	0.179517294027835	0.999999999929991	0.499353755984042	0.499353756236866	0.0896426350431668	1730.89001088529	1732.89001088529	-1.99999999999886	BM	Cercopithecidae	OWM	Indriidae	STR	order
Cercopithecus_ascanius	Erythrocebus_patas	3700	12400	23.4097503937	0.0510893182218568	0.192810813850851	0.3375218013289	0.337521801515793	0.0894335663571518	1730.89001088529	1732.89001088529	-1.99999999999886	BM	Cercopithecidae	OWM	Cercopithecidae	OWM	family
Cercopithecus_diana	Rhinopithecus_roxellana	5200	17900	38.5936741541	0.0745786599330554	0.317870869958065	0.380284190758613	0.380284190965253	0.089222033287433	1730.89001088529	1732.89001088529	-1.99999999999886	BM	Cercopithecidae	OWM	Cercopithecidae	OWM	family
Cebuella_pygmaea	Papio_cynocephalus	110	21800	78.0653383526	0.127370955428974	0.642973170075217	0.448771414960937	0.448771415195934	0.0889002007441467	1730.89001088529	1732.89001088529	-1.99999999999886	BM	Callitrichidae	PLA	Cercopithecidae	OWM	order
Cacajao_calvus	Papio_anubis	3450	25100	78.0653383529	0.127136062011862	0.642973170077688	0.448036973500692	0.448036973735409	0.0885910316284403	1730.89001088529	1732.89001088529	-1.99999999999886	BM	Pitheciidae	PLA	Cercopithecidae	OWM	order
Papio_hamadryas	Piliocolobus_badius	21000	8360	38.5936741539	0.0742263198073874	0.317870869956418	0.378629309250496	0.378629309456399	0.0884140789646148	1730.89001088529	1732.89001088529	-1.99999999999886	BM	Cercopithecidae	OWM	Cercopithecidae	OWM	family
Mandrillus_leucophaeus	Cercocebus_torquatus	17500	11000	16.146299604	0.0381701802806976	0.13298651694145	0.305441282366048	0.305441282537262	0.0876686530425674	1730.89001088529	1732.89001088529	-1.99999999999886	BM	Cercopithecidae	OWM	Cercopithecidae	OWM	family
Macaca_nemestrina	Macaca_tonkeana	11200	14900	7.6582823365	0.0217276410828587	0.0630762663064336	0.254485142448229	0.254485142593242	0.0876615272244054	1730.89001088529	1732.89001088529	-1.99999999999886	BM	Cercopithecidae	OWM	Cercopithecidae	OWM	family
Callithrix_jacchus	Papio_cynocephalus	317	21800	78.0653383522	0.12615538199542	0.642973170071923	0.444965498852945	0.444965499086486	0.0873050309024504	1730.89001088529	1732.89001088529	-1.99999999999886	BM	Callitrichidae	PLA	Cercopithecidae	OWM	order
Leontocebus_fuscicolis	Papio_cynocephalus	343	21800	78.0653383522	0.126002701274297	0.642973170071923	0.444486554800762	0.444486555034118	0.087105511072471	1730.89001088529	1732.89001088529	-1.99999999999886	BM	Callitrichidae	PLA	Cercopithecidae	OWM	order
Macaca_fascicularis	Rhinopithecus_roxellana	5360	17900	38.593674154	0.0736390862646074	0.317870869957241	0.375866915888419	0.375866916093086	0.0870746547075624	1730.89001088529	1732.89001088529	-1.99999999999886	BM	Cercopithecidae	OWM	Cercopithecidae	OWM	family
Sapajus_apella	Papio_anubis	3650	25100	78.0653383489	0.125961594926302	0.642973170044743	0.444357573859304	0.44435757409261	0.0870518263102721	1730.89001088529	1732.89001088529	-1.99999999999886	BM	Cebidae	PLA	Cercopithecidae	OWM	order
Rhinopithecus_roxellana	Piliocolobus_badius	17900	8360	27.0170263234	0.0560220799812085	0.222521588040789	0.344070831714885	0.344070831904892	0.0866233421361298	1730.89001088529	1732.89001088529	-1.99999999999886	BM	Cercopithecidae	OWM	Cercopithecidae	OWM	family
Saguinus_oedipus	Papio_cynocephalus	418	21800	78.0653383521	0.125562276117212	0.642973170071099	0.443103855713559	0.443103855946381	0.0865310269066978	1730.89001088529	1732.89001088529	-1.99999999999886	BM	Callitrichidae	PLA	Cercopithecidae	OWM	order
Mandrillus_sphinx	Eulemur_mongoz	31600	1630	121.413057313	0.175993892771155	0.9999999999547	0.490909771546213	0.490909771796268	0.0863971216977302	1730.89001088529	1732.89001088529	-1.99999999999886	BM	Cercopithecidae	OWM	Lemuridae	STR	order
Cercopithecus_mitis	Nasalis_larvatus	7930	20400	38.5936741528	0.0732280227846615	0.317870869947358	0.373930088601333	0.37393008880513	0.0861424044691596	1730.89001088529	1732.89001088529	-1.99999999999886	BM	Cercopithecidae	OWM	Cercopithecidae	OWM	family
Mandrillus_sphinx	Eulemur_coronatus	31600	1690	121.4130573131	0.175641552645487	0.999999999955524	0.490061288419063	0.490061288668836	0.0860751255932004	1730.89001088529	1732.89001088529	-1.99999999999886	BM	Cercopithecidae	OWM	Lemuridae	STR	order
Saguinus_midas	Papio_cynocephalus	515	21800	78.065338353	0.124992659580715	0.642973170078512	0.441313081718672	0.4413130819508	0.0857903538728415	1730.89001088529	1732.89001088529	-1.99999999999886	BM	Callitrichidae	PLA	Cercopithecidae	OWM	order
Theropithecus_gelada	Trachypithecus_cristatus	19000	6610	38.5936741541	0.0727582359504375	0.317870869958065	0.371713409337901	0.371713409540698	0.0850823856433164	1730.89001088529	1732.89001088529	-1.99999999999886	BM	Cercopithecidae	OWM	Cercopithecidae	OWM	family
Mandrillus_sphinx	Eulemur_rubriventer	31600	1980	121.413057314	0.173938575371425	0.999999999962937	0.485949879050395	0.485949879298784	0.0845254296670749	1730.89001088529	1732.89001088529	-1.99999999999886	BM	Cercopithecidae	OWM	Lemuridae	STR	order
Mandrillus_leucophaeus	Cercopithecus_neglectus	17500	7350	29.8369393146	0.0596042045921663	0.245747368310885	0.348062839899052	0.348062840090942	0.0844200646495983	1730.89001088529	1732.89001088529	-1.99999999999886	BM	Cercopithecidae	OWM	Cercopithecidae	OWM	family
Theropithecus_gelada	Presbytis_comata	19000	6680	38.593674153	0.0723471724704915	0.317870869949005	0.369771060380057	0.369771060581975	0.0841596170300357	1730.89001088529	1732.89001088529	-1.99999999999886	BM	Cercopithecidae	OWM	Cercopithecidae	OWM	family
Macaca_tonkeana	Cercopithecus_mona	14900	4768	29.8369393136	0.0594985025544659	0.245747368302649	0.347486220621089	0.347486220812708	0.084130747474795	1730.89001088529	1732.89001088529	-1.99999999999886	BM	Cercopithecidae	OWM	Cercopithecidae	OWM	family
Papio_ursinus	Cheirogaleus_medius	29800	283	121.4130573116	0.173333724822362	0.999999999943169	0.484485481232996	0.484485481480888	0.0839776730892423	1730.89001088529	1732.89001088529	-1.99999999999886	BM	Cercopithecidae	OWM	Cheirogaleidae	STR	order
Saimiri_sciureus	Papio_cynocephalus	779	21800	78.0653383469	0.123442363027776	0.64297317002827	0.43642510154318	0.436425101773398	0.0837878597901037	1730.89001088529	1732.89001088529	-1.99999999999886	BM	Cebidae	PLA	Cercopithecidae	OWM	order
Aotus_trivirgatus	Papio_cynocephalus	813	21800	78.065338356	0.123242703623231	0.642973170103221	0.435794093841523	0.435794094071492	0.0835313895592923	1730.89001088529	1732.89001088529	-1.99999999999886	BM	Aotidae	PLA	Cercopithecidae	OWM	order
Mandrillus_sphinx	Eulemur_fulvus	31600	2180	121.4130573124	0.172764108285865	0.999999999949758	0.483104410926903	0.483104411174323	0.0834631027669479	1730.89001088529	1732.89001088529	-1.99999999999886	BM	Cercopithecidae	OWM	Lemuridae	STR	order
Mandrillus_sphinx	Lemur_catta	31600	2210	121.413057314	0.172587938223031	0.999999999962937	0.482676888053695	0.482676888300968	0.0833042089401836	1730.89001088529	1732.89001088529	-1.99999999999886	BM	Cercopithecidae	OWM	Lemuridae	STR	order
Saimiri_oerstedii	Papio_cynocephalus	897	21800	78.0653383473	0.122749427447296	0.642973170031565	0.434233676979628	0.434233677208982	0.0828991592681334	1730.89001088529	1732.89001088529	-1.99999999999886	BM	Cebidae	PLA	Cercopithecidae	OWM	order
Cebuella_pygmaea	Papio_hamadryas	110	21000	78.0653383526	0.122673087086734	0.642973170075217	0.433991998810223	0.433991999039481	0.0828014927259941	1730.89001088529	1732.89001088529	-1.99999999999886	BM	Callitrichidae	PLA	Cercopithecidae	OWM	order
Mandrillus_sphinx	Eulemur_macaco	31600	2370	121.4130573131	0.171648364554583	0.999999999955524	0.480393678266116	0.480393678512604	0.082458789220407	1730.89001088529	1732.89001088529	-1.99999999999886	BM	Cercopithecidae	OWM	Lemuridae	STR	order
Plecturocebus_moloch	Papio_cynocephalus	1020	21800	78.0653383541	0.122027130189676	0.642973170087572	0.431945048493373	0.431945048721819	0.0819770048260459	1730.89001088529	1732.89001088529	-1.99999999999886	BM	Pitheciidae	PLA	Cercopithecidae	OWM	order
Cercopithecus_mitis	Cercopithecus_ascanius	7930	3700	9.5808815419	0.0248399788595925	0.0789114593891388	0.259912917153617	0.259912917301488	0.0818161445423662	1730.89001088529	1732.89001088529	-1.99999999999886	BM	Cercopithecidae	OWM	Cercopithecidae	OWM	family
Papio_cynocephalus	Colobus_angolensis	21800	9680	38.5936741539	0.0711727053849316	0.317870869956418	0.364207427893588	0.364207428092971	0.0815476673531869	1730.89001088529	1732.89001088529	-1.99999999999886	BM	Cercopithecidae	OWM	Cercopithecidae	OWM	family
Ateles_paniscus	Papio_ursinus	9110	29800	78.0653383526	0.121498620001174	0.642973170075217	0.430267641135551	0.430267641363328	0.081304986058772	1730.89001088529	1732.89001088529	-1.99999999999886	BM	Atelidae	PLA	Cercopithecidae	OWM	order
Papio_anubis	Semnopithecus_entellus	25100	13000	38.5936741536	0.0710552586763756	0.317870869953947	0.363649925657165	0.363649925856291	0.0812884789944992	1730.89001088529	1732.89001088529	-1.99999999999886	BM	Cercopithecidae	OWM	Cercopithecidae	OWM	family
Callithrix_jacchus	Papio_hamadryas	317	21000	78.0653383522	0.12145751365318	0.642973170071923	0.430137077138653	0.430137077366378	0.0812528148156835	1730.89001088529	1732.89001088529	-1.99999999999886	BM	Callitrichidae	PLA	Cercopithecidae	OWM	order
Macaca_fuscata	Theropithecus_gelada	11000	19000	22.4016461426	0.0469786834223971	0.184507718011204	0.318418356065332	0.318418356242971	0.081074522555013	1730.89001088529	1732.89001088529	-1.99999999999886	BM	Cercopithecidae	OWM	Cercopithecidae	OWM	family
Macaca_mulatta	Theropithecus_gelada	11000	19000	22.4016461427	0.0469786834223971	0.184507718012028	0.318418356064661	0.3184183562423	0.08107452255448	1730.89001088529	1732.89001088529	-1.99999999999886	BM	Cercopithecidae	OWM	Cercopithecidae	OWM	family
Leontocebus_fuscicolis	Papio_hamadryas	343	21000	78.0653383522	0.121304832932057	0.642973170071923	0.429652000239479	0.42965200046701	0.0810591585060138	1730.89001088529	1732.89001088529	-1.99999999999886	BM	Callitrichidae	PLA	Cercopithecidae	OWM	order
Papio_anubis	Nomascus_concolor	25100	7790	62.1515760359	0.101650126255212	0.511901910787563	0.405967619923072	0.405967620140856	0.0806143891067317	1730.89001088529	1732.89001088529	-1.99999999999886	BM	Cercopithecidae	OWM	Hylobatidae	APE	order
Saguinus_oedipus	Papio_hamadryas	418	21000	78.0653383521	0.120864407774972	0.642973170071099	0.428251638492849	0.428251638719818	0.0805016182236282	1730.89001088529	1732.89001088529	-1.99999999999886	BM	Callitrichidae	PLA	Cercopithecidae	OWM	order
Papio_ursinus	Hapalemur_griseus	29800	987	121.4130573154	0.169199600681191	0.999999999974467	0.474418722311167	0.47441872255557	0.0802714583727799	1730.89001088529	1732.89001088529	-1.99999999999886	BM	Cercopithecidae	OWM	Lemuridae	STR	order
Papio_ursinus	Avahi_laniger	29800	1030	121.4130573096	0.168947090257796	0.999999999926697	0.473800607173052	0.473800607417237	0.0800472339501317	1730.89001088529	1732.89001088529	-1.99999999999886	BM	Cercopithecidae	OWM	Indriidae	STR	order
Cheracebus_torquatus	Papio_cynocephalus	1280	21800	78.0653383532	0.120500322978449	0.642973170080159	0.427092773232281	0.427092773458785	0.0800419356686922	1730.89001088529	1732.89001088529	-1.99999999999886	BM	Pitheciidae	PLA	Cercopithecidae	OWM	order
Saguinus_midas	Papio_hamadryas	515	21000	78.065338353	0.120294791238476	0.642973170078512	0.426438083263348	0.426438083489588	0.0797829249952004	1730.89001088529	1732.89001088529	-1.99999999999886	BM	Callitrichidae	PLA	Cercopithecidae	OWM	order
Allochrocebus_lhoesti	Rhinopithecus_roxellana	5970	17900	38.5936741527	0.0700569616536497	0.317870869946534	0.358902864736083	0.358902864933026	0.0791001837835281	1730.89001088529	1732.89001088529	-1.99999999999886	BM	Cercopithecidae	OWM	Cercopithecidae	OWM	family
Papio_ursinus	Rhinopithecus_roxellana	29800	17900	38.593674153	0.0698807915908157	0.317870869949005	0.358063615122736	0.35806361531929	0.0787167722184172	1730.89001088529	1732.89001088529	-1.99999999999886	BM	Cercopithecidae	OWM	Cercopithecidae	OWM	family
Papio_cynocephalus	Colobus_polykomos	21800	9900	38.5936741539	0.0698807915908157	0.317870869956418	0.358063615118853	0.358063615315408	0.0787167722157279	1730.89001088529	1732.89001088529	-1.99999999999886	BM	Cercopithecidae	OWM	Cercopithecidae	OWM	family
Cercopithecus_pogonias	Erythrocebus_patas	4260	12400	23.4097503936	0.047800810382289	0.192810813850027	0.317018521712703	0.317018521889654	0.0785938399484658	1730.89001088529	1732.89001088529	-1.99999999999886	BM	Cercopithecidae	OWM	Cercopithecidae	OWM	family
Cebuella_pygmaea	Nasalis_larvatus	110	20400	78.0653383517	0.119149685830055	0.642973170067805	0.422784048444837	0.422784048669596	0.0783463274849379	1730.89001088529	1732.89001088529	-1.99999999999886	BM	Callitrichidae	PLA	Cercopithecidae	OWM	order
Cercopithecus_cephus	Erythrocebus_patas	4290	12400	23.4097503937	0.047624640319455	0.192810813850851	0.315913333830329	0.315913334006736	0.0780311985375862	1730.89001088529	1732.89001088529	-1.99999999999886	BM	Cercopithecidae	OWM	Cercopithecidae	OWM	family
Mandrillus_sphinx	Propithecus_verreauxi	31600	3250	121.413057313	0.16648070937812	0.9999999999547	0.467743732871728	0.467743733113753	0.0778703084591825	1730.89001088529	1732.89001088529	-1.99999999999886	BM	Cercopithecidae	OWM	Indriidae	STR	order
Saimiri_sciureus	Papio_hamadryas	779	21000	78.0653383469	0.118744494685536	0.64297317002827	0.421488460681698	0.42148846090593	0.0778406263471807	1730.89001088529	1732.89001088529	-1.99999999999886	BM	Cebidae	PLA	Cercopithecidae	OWM	order
Aotus_trivirgatus	Papio_hamadryas	813	21000	78.065338356	0.118544835280991	0.642973170103221	0.420849552786792	0.420849553010763	0.0775919482070768	1730.89001088529	1732.89001088529	-1.99999999999886	BM	Aotidae	PLA	Cercopithecidae	OWM	order
Macaca_tonkeana	Cercopithecus_diana	14900	5200	29.8369393147	0.0569616536496565	0.245747368311709	0.333585721077613	0.33358572126262	0.0773216593814835	1730.89001088529	1732.89001088529	-1.99999999999886	BM	Cercopithecidae	OWM	Cercopithecidae	OWM	family
Macaca_nemestrina	Theropithecus_gelada	11200	19000	22.4016461425	0.0458042163368372	0.184507718010381	0.31087894511309	0.310878945287009	0.0771759935577684	1730.89001088529	1732.89001088529	-1.99999999999886	BM	Cercopithecidae	OWM	Cercopithecidae	OWM	family
Allenopithecus_nigroviridis	Rhinopithecus_roxellana	6130	17900	38.5936741494	0.0691173879852017	0.317870869919354	0.354421590742372	0.354421590937237	0.0770649245207271	1730.89001088529	1732.89001088529	-1.99999999999886	BM	Cercopithecidae	OWM	Cercopithecidae	OWM	family
Saimiri_oerstedii	Papio_hamadryas	897	21000	78.0653383473	0.118051559105056	0.642973170031565	0.419269655857914	0.419269656081238	0.076979007626457	1730.89001088529	1732.89001088529	-1.99999999999886	BM	Cebidae	PLA	Cercopithecidae	OWM	order
Papio_ursinus	Eulemur_mongoz	29800	1630	121.4130573126	0.165423689001116	0.999999999951406	0.465137165021332	0.465137165262415	0.0769447057330886	1730.89001088529	1732.89001088529	-1.99999999999886	BM	Cercopithecidae	OWM	Lemuridae	STR	order
Callithrix_jacchus	Nasalis_larvatus	317	20400	78.0653383513	0.1179341123965	0.64297317006451	0.418893192674367	0.418893192897536	0.0768333721639287	1730.89001088529	1732.89001088529	-1.99999999999886	BM	Callitrichidae	PLA	Cercopithecidae	OWM	order
Leontocebus_fuscicolis	Nasalis_larvatus	343	20400	78.0653383513	0.117781431675377	0.64297317006451	0.418403619894928	0.418403620117897	0.0766442204181564	1730.89001088529	1732.89001088529	-1.99999999999886	BM	Callitrichidae	PLA	Cercopithecidae	OWM	order
Papio_ursinus	Eulemur_coronatus	29800	1690	121.4130573127	0.165071348875448	0.999999999952229	0.4642668805749	0.464266880815667	0.0766371602183562	1730.89001088529	1732.89001088529	-1.99999999999886	BM	Cercopithecidae	OWM	Lemuridae	STR	order
Macaca_fascicularis	Macaca_nigra	5360	9890	10.9824679326	0.0266016794879324	0.0904554104406576	0.259976721522069	0.259976721669974	0.0764555418693344	1730.89001088529	1732.89001088529	-1.99999999999886	BM	Cercopithecidae	OWM	Cercopithecidae	OWM	family
Saguinus_oedipus	Nasalis_larvatus	418	20400	78.0653383512	0.117341006518292	0.642973170063686	0.416990311383426	0.416990311605812	0.0760996961059212	1730.89001088529	1732.89001088529	-1.99999999999886	BM	Callitrichidae	PLA	Cercopithecidae	OWM	order
Plecturocebus_moloch	Papio_hamadryas	1020	21000	78.0653383541	0.117329261847437	0.642973170087572	0.416952601232644	0.416952601455015	0.0760851979583096	1730.89001088529	1732.89001088529	-1.99999999999886	BM	Pitheciidae	PLA	Cercopithecidae	OWM	order
Cercopithecus_petaurista	Erythrocebus_patas	4400	12400	23.4097503937	0.0469786834223971	0.192810813850851	0.311855201530607	0.31185520170501	0.0759840513803712	1730.89001088529	1732.89001088529	-1.99999999999886	BM	Cercopithecidae	OWM	Cercopithecidae	OWM	family
Saguinus_midas	Nasalis_larvatus	515	20400	78.0653383521	0.116771389981796	0.642973170071099	0.415160060584799	0.415160060806429	0.0753978853177541	1730.89001088529	1732.89001088529	-1.99999999999886	BM	Callitrichidae	PLA	Cercopithecidae	OWM	order
Mandrillus_leucophaeus	Cercopithecus_mitis	17500	7930	29.8369393138	0.0561982500440425	0.245747368304296	0.329379898221125	0.329379898404105	0.0753235894546444	1730.89001088529	1732.89001088529	-1.99999999999886	BM	Cercopithecidae	OWM	Cercopithecidae	OWM	family
Papio_ursinus	Eulemur_rubriventer	29800	1980	121.4130573136	0.163368371601386	0.999999999959642	0.460050475759535	0.460050475998757	0.0751576970823113	1730.89001088529	1732.89001088529	-1.99999999999886	BM	Cercopithecidae	OWM	Lemuridae	STR	order
Papio_anubis	Colobus_guereza	25100	13500	38.5936741539	0.0681190909624758	0.317870869956418	0.349646101438158	0.349646101630791	0.0749284594458325	1730.89001088529	1732.89001088529	-1.99999999999886	BM	Cercopithecidae	OWM	Cercopithecidae	OWM	family
Cheracebus_torquatus	Papio_hamadryas	1280	21000	78.0653383532	0.115802454636209	0.642973170080159	0.412040626061335	0.412040626281669	0.0742104307428476	1730.89001088529	1732.89001088529	-1.99999999999886	BM	Pitheciidae	PLA	Cercopithecidae	OWM	order
Papio_ursinus	Eulemur_fulvus	29800	2180	121.413057312	0.162193904515826	0.999999999946464	0.457132965654343	0.457132965892485	0.0741441805863462	1730.89001088529	1732.89001088529	-1.99999999999886	BM	Cercopithecidae	OWM	Lemuridae	STR	order
Papio_ursinus	Lemur_catta	29800	2210	121.4130573136	0.162017734452992	0.999999999959642	0.456694662713696	0.456694662951676	0.0739926345926325	1730.89001088529	1732.89001088529	-1.99999999999886	BM	Cercopithecidae	OWM	Lemuridae	STR	order
Macaca_silenus	Nasalis_larvatus	8900	20400	38.593674154	0.0675318574196958	0.317870869957241	0.346830252468342	0.346830252659652	0.0736842956439507	1730.89001088529	1732.89001088529	-1.99999999999886	BM	Cercopithecidae	OWM	Cercopithecidae	OWM	family
Trachypithecus_pileatus	Semnopithecus_vetulus	12000	8170	9.0158535421	0.0224910446884726	0.0742576930457235	0.243163051954612	0.243163052093613	0.0736488146046912	1730.89001088529	1732.89001088529	-1.99999999999886	BM	Cercopithecidae	OWM	Cercopithecidae	OWM	family
Macaca_nigra	Mandrillus_leucophaeus	9890	17500	22.401646142	0.0446884726055552	0.184507718006263	0.303687779085204	0.303687779255542	0.0735543376880875	1730.89001088529	1732.89001088529	-1.99999999999886	BM	Cercopithecidae	OWM	Cercopithecidae	OWM	family
Saimiri_sciureus	Nasalis_larvatus	779	20400	78.065338346	0.115221093428857	0.642973170020858	0.410165280342105	0.410165280561655	0.0735018104815133	1730.89001088529	1732.89001088529	-1.99999999999886	BM	Cebidae	PLA	Cercopithecidae	OWM	order
Aotus_trivirgatus	Nasalis_larvatus	813	20400	78.0653383551	0.115021434024311	0.642973170095808	0.409520586882295	0.409520587101575	0.0732591146200711	1730.89001088529	1732.89001088529	-1.99999999999886	BM	Aotidae	PLA	Cercopithecidae	OWM	order
Papio_ursinus	Eulemur_macaco	29800	2370	121.4130573127	0.161078160784544	0.999999999952229	0.454354075693167	0.454354075930272	0.073186518861113	1730.89001088529	1732.89001088529	-1.99999999999886	BM	Cercopithecidae	OWM	Lemuridae	STR	order
Papio_cynocephalus	Erythrocebus_patas	21800	12400	29.8369393139	0.0551999530213166	0.24574736830512	0.323864382076574	0.323864382256877	0.0727466536028503	1730.89001088529	1732.89001088529	-1.99999999999886	BM	Cercopithecidae	OWM	Cercopithecidae	OWM	family
Saimiri_oerstedii	Nasalis_larvatus	897	20400	78.0653383464	0.114528157848376	0.642973170024152	0.407926425960768	0.407926426179378	0.0726609822633873	1730.89001088529	1732.89001088529	-1.99999999999886	BM	Cebidae	PLA	Cercopithecidae	OWM	order
Plecturocebus_moloch	Nasalis_larvatus	1020	20400	78.0653383532	0.113805860590757	0.642973170080159	0.40558856156821	0.405588561785834	0.0717889290610413	1730.89001088529	1732.89001088529	-1.99999999999886	BM	Pitheciidae	PLA	Cercopithecidae	OWM	order
Papio_hamadryas	Colobus_angolensis	21000	9680	38.5936741539	0.0664748370426919	0.317870869956418	0.341749276857051	0.341749277045958	0.0714684157489645	1730.89001088529	1732.89001088529	-1.99999999999886	BM	Cercopithecidae	OWM	Cercopithecidae	OWM	family
Papio_anubis	Mandrillus_sphinx	25100	31600	18.5708053179	0.0381701802806976	0.15295558589867	0.28574469682408	0.285744696985342	0.0713078017252278	1730.89001088529	1732.89001088529	-1.99999999999886	BM	Cercopithecidae	OWM	Cercopithecidae	OWM	family
Theropithecus_gelada	Trachypithecus_francoisi	19000	7700	38.5936741542	0.0663573903341359	0.317870869958889	0.341183743013898	0.341183743202536	0.0712240879881911	1730.89001088529	1732.89001088529	-1.99999999999886	BM	Cercopithecidae	OWM	Cercopithecidae	OWM	family
Semnopithecus_entellus	Presbytis_comata	13000	6680	17.9572585527	0.0371131599036937	0.147902202195544	0.282676696355021	0.282676696514712	0.0709321786771058	1730.89001088529	1732.89001088529	-1.99999999999886	BM	Cercopithecidae	OWM	Cercopithecidae	OWM	family
Papio_cynocephalus	Hylobates_klossii	21800	5670	62.1515760362	0.0947207704504081	0.511901910790033	0.380576599791805	0.380576599998575	0.0704207348865755	1730.89001088529	1732.89001088529	-1.99999999999886	BM	Cercopithecidae	OWM	Hylobatidae	APE	order
Cercopithecus_nictitans	Rhinopithecus_roxellana	6670	17900	38.5936741532	0.0659463268541899	0.317870869950652	0.339202839335414	0.33920283952311	0.0703719133374982	1730.89001088529	1732.89001088529	-1.99999999999886	BM	Cercopithecidae	OWM	Cercopithecidae	OWM	family
Mandrillus_sphinx	Nasalis_larvatus	31600	20400	38.593674153	0.0657701567913559	0.317870869949005	0.338353151640865	0.338353151828155	0.0700081131619238	1730.89001088529	1732.89001088529	-1.99999999999886	BM	Cercopithecidae	OWM	Cercopithecidae	OWM	family
Cheracebus_torquatus	Nasalis_larvatus	1280	20400	78.0653383523	0.112279053379529	0.642973170072746	0.400632901286531	0.400632901502048	0.0699604353694208	1730.89001088529	1732.89001088529	-1.99999999999886	BM	Pitheciidae	PLA	Cercopithecidae	OWM	order
Cercopithecus_mona	Erythrocebus_patas	4768	12400	23.4097503936	0.0448176639849668	0.192810813850027	0.29821408442306	0.29821408459065	0.0693179929298626	1730.89001088529	1732.89001088529	-1.99999999999886	BM	Cercopithecidae	OWM	Cercopithecidae	OWM	family
Papio_ursinus	Propithecus_verreauxi	29800	3250	121.4130573126	0.15591050560808	0.999999999951406	0.44139213550331	0.44139213573547	0.0688176710210956	1730.89001088529	1732.89001088529	-1.99999999999886	BM	Cercopithecidae	OWM	Indriidae	STR	order
Theropithecus_gelada	Trachypithecus_obscurus	19000	7900	38.5936741533	0.065182923248576	0.317870869951476	0.335517715580821	0.335517715766755	0.0688016033258434	1730.89001088529	1732.89001088529	-1.99999999999886	BM	Cercopithecidae	OWM	Cercopithecidae	OWM	family
Papio_hamadryas	Colobus_polykomos	21000	9900	38.5936741539	0.065182923248576	0.317870869956418	0.335517715578372	0.335517715764307	0.0688016033242716	1730.89001088529	1732.89001088529	-1.99999999999886	BM	Cercopithecidae	OWM	Cercopithecidae	OWM	family
Papio_cynocephalus	Hylobates_lar	21800	5900	62.1515760366	0.0933701333020142	0.511901910793328	0.375572865738272	0.375572865942807	0.0685039219413264	1730.89001088529	1732.89001088529	-1.99999999999886	BM	Cercopithecidae	OWM	Hylobatidae	APE	order
Cebuella_pygmaea	Theropithecus_gelada	110	19000	78.0653383527	0.110928416231135	0.642973170076041	0.396233511744001	0.396233511957629	0.0683598600393618	1730.89001088529	1732.89001088529	-1.99999999999886	BM	Callitrichidae	PLA	Cercopithecidae	OWM	order
Callithrix_jacchus	Theropithecus_gelada	317	19000	78.0653383523	0.109712842797581	0.642973170072746	0.392261701246237	0.392261701458145	0.0669330360386123	1730.89001088529	1732.89001088529	-1.99999999999886	BM	Callitrichidae	PLA	Cercopithecidae	OWM	order
Alouatta_caraya	Papio_anubis	6420	25100	78.0653383561	0.109695225791297	0.642973170104045	0.392204053175536	0.392204053387419	0.0669124532247442	1730.89001088529	1732.89001088529	-1.99999999999886	BM	Atelidae	PLA	Cercopithecidae	OWM	order
Leontocebus_fuscicolis	Theropithecus_gelada	343	19000	78.0653383523	0.109560162076458	0.642973170072746	0.391762003713229	0.39176200392492	0.066754742841545	1730.89001088529	1732.89001088529	-1.99999999999886	BM	Callitrichidae	PLA	Cercopithecidae	OWM	order
Mandrillus_leucophaeus	Trachypithecus_cristatus	17500	6610	38.5936741541	0.063949732808738	0.317870869958065	0.329547686701572	0.329547686884633	0.066298892110131	1730.89001088529	1732.89001088529	-1.99999999999886	BM	Cercopithecidae	OWM	Cercopithecidae	OWM	family
Saguinus_oedipus	Theropithecus_gelada	418	19000	78.0653383522	0.109119736919373	0.642973170071923	0.390319543851805	0.390319544062867	0.0662415912857364	1730.89001088529	1732.89001088529	-1.99999999999886	BM	Callitrichidae	PLA	Cercopithecidae	OWM	order
Macaca_tonkeana	Allochrocebus_lhoesti	14900	5970	29.8369393133	0.0524399553702508	0.245747368300178	0.308525673507517	0.308525673680268	0.0658361986182013	1730.89001088529	1732.89001088529	-1.99999999999886	BM	Cercopithecidae	OWM	Cercopithecidae	OWM	family
Cebus_olivaceus	Papio_cynocephalus	3290	21800	78.0653383479	0.108696928768571	0.642973170036507	0.388933353969673	0.38893335418013	0.0657505834493261	1730.89001088529	1732.89001088529	-1.99999999999886	BM	Cebidae	PLA	Cercopithecidae	OWM	order
Theropithecus_gelada	Semnopithecus_vetulus	19000	8170	38.593674154	0.0635973926830701	0.317870869957241	0.3278381142038	0.327838114386034	0.0655915695839033	1730.89001088529	1732.89001088529	-1.99999999999886	BM	Cercopithecidae	OWM	Cercopithecidae	OWM	family
Saguinus_midas	Theropithecus_gelada	515	19000	78.0653383531	0.108550120382876	0.642973170079336	0.388451711490718	0.388451711700964	0.0655804658848345	1730.89001088529	1732.89001088529	-1.99999999999886	BM	Callitrichidae	PLA	Cercopithecidae	OWM	order
Mandrillus_leucophaeus	Presbytis_comata	17500	6680	38.593674153	0.063538669328792	0.317870869949005	0.327553020263612	0.327553020445708	0.0654740179416744	1730.89001088529	1732.89001088529	-1.99999999999886	BM	Cercopithecidae	OWM	Cercopithecidae	OWM	family
Papio_cynocephalus	Pygathrix_nemaeus	21800	11000	38.5936741527	0.0634212226202361	0.317870869946534	0.326982691102648	0.326982691284467	0.0652392024751215	1730.89001088529	1732.89001088529	-1.99999999999886	BM	Cercopithecidae	OWM	Cercopithecidae	OWM	family
Alouatta_seniculus	Papio_anubis	6690	25100	78.0653383563	0.108109695225791	0.642973170105692	0.387005776507457	0.387005776717069	0.0650712634587294	1730.89001088529	1732.89001088529	-1.99999999999886	BM	Atelidae	PLA	Cercopithecidae	OWM	order
Rhinopithecus_roxellana	Colobus_angolensis	17900	9680	27.0170263234	0.048270597216513	0.222521588040789	0.298942558590011	0.298942558757968	0.064848251190474	1730.89001088529	1732.89001088529	-1.99999999999886	BM	Cercopithecidae	OWM	Cercopithecidae	OWM	family
Cacajao_calvus	Papio_cynocephalus	3450	21800	78.0653383529	0.107757355100123	0.642973170077688	0.385847942690645	0.385847942899747	0.0646651457791686	1730.89001088529	1732.89001088529	-1.99999999999886	BM	Pitheciidae	PLA	Cercopithecidae	OWM	order
Papio_hamadryas	Hylobates_klossii	21000	5670	62.1515760362	0.0900229021081684	0.511901910790033	0.363097811192067	0.36309781139094	0.0638542619662947	1730.89001088529	1732.89001088529	-1.99999999999886	BM	Cercopithecidae	OWM	Hylobatidae	APE	order
Saimiri_sciureus	Theropithecus_gelada	779	19000	78.065338347	0.106999823829937	0.642973170029094	0.383355343241012	0.383355343449014	0.0637957477902185	1730.89001088529	1732.89001088529	-1.99999999999886	BM	Cebidae	PLA	Cercopithecidae	OWM	order
Aotus_trivirgatus	Theropithecus_gelada	813	19000	78.0653383561	0.106800164425392	0.642973170104045	0.382697640982649	0.382697641190361	0.0635674595497394	1730.89001088529	1732.89001088529	-1.99999999999886	BM	Aotidae	PLA	Cercopithecidae	OWM	order
Macaca_tonkeana	Allenopithecus_nigroviridis	14900	6130	29.83693931	0.0515003817018028	0.245747368272998	0.30327457225771	0.303274572427841	0.0635561485011402	1730.89001088529	1732.89001088529	-1.99999999999886	BM	Cercopithecidae	OWM	Cercopithecidae	OWM	family
Theropithecus_gelada	Piliocolobus_badius	19000	8360	38.593674154	0.0624816489517881	0.317870869957241	0.322413309351767	0.322413309531361	0.0633745244256297	1730.89001088529	1732.89001088529	-1.99999999999886	BM	Cercopithecidae	OWM	Cercopithecidae	OWM	family
Sapajus_apella	Papio_cynocephalus	3650	21800	78.0653383489	0.106582888014563	0.642973170044743	0.381981557325906	0.381981557533301	0.0633194345345118	1730.89001088529	1732.89001088529	-1.99999999999886	BM	Cebidae	PLA	Cercopithecidae	OWM	order
Trachypithecus_pileatus	Rhinopithecus_roxellana	12000	17900	17.7111143215	0.0346467790240179	0.145874873038069	0.266383984147446	0.266383984298706	0.0632689293370315	1730.89001088529	1732.89001088529	-1.99999999999886	BM	Cercopithecidae	OWM	Cercopithecidae	OWM	family
Saimiri_oerstedii	Theropithecus_gelada	897	19000	78.0653383474	0.106306888249457	0.642973170032388	0.381071414057135	0.381071414264125	0.0630049870155449	1730.89001088529	1732.89001088529	-1.99999999999886	BM	Cebidae	PLA	Cercopithecidae	OWM	order
Papio_ursinus	Pan_paniscus	29800	45000	62.1515760316	0.0892594985025545	0.511901910752146	0.360237981469874	0.360237981667432	0.0628141073361654	1730.89001088529	1732.89001088529	-1.99999999999886	BM	Cercopithecidae	OWM	Hominidae	APE	order
Cercopithecus_neglectus	Rhinopithecus_roxellana	7350	17900	38.593674154	0.0619531387632862	0.317870869957241	0.319837796333368	0.319837796511704	0.0623364933711927	1730.89001088529	1732.89001088529	-1.99999999999886	BM	Cercopithecidae	OWM	Cercopithecidae	OWM	family
Plecturocebus_moloch	Theropithecus_gelada	1020	19000	78.0653383542	0.105584590991837	0.642973170088395	0.378686785183282	0.37868678538921	0.0621853153252005	1730.89001088529	1732.89001088529	-1.99999999999886	BM	Pitheciidae	PLA	Cercopithecidae	OWM	order
Papio_hamadryas	Hylobates_lar	21000	5900	62.1515760366	0.0886722649597745	0.511901910793328	0.358034461268453	0.358034461464994	0.0620191602041978	1730.89001088529	1732.89001088529	-1.99999999999886	BM	Cercopithecidae	OWM	Hylobatidae	APE	order
Alouatta_palliata	Papio_anubis	7150	25100	78.0653383559	0.105408420929003	0.642973170102397	0.378104563220682	0.378104563426351	0.0619861089208364	1730.89001088529	1732.89001088529	-1.99999999999886	BM	Atelidae	PLA	Cercopithecidae	OWM	order
Macaca_nigra	Nasalis_larvatus	9890	20400	38.593674153	0.0617182453461742	0.317870869949005	0.318691922920596	0.318691923098369	0.0618776621205108	1730.89001088529	1732.89001088529	-1.99999999999886	BM	Cercopithecidae	OWM	Cercopithecidae	OWM	family
Cercopithecus_diana	Erythrocebus_patas	5200	12400	23.4097503947	0.0422808150801574	0.192810813859087	0.28207740725862	0.282077407418003	0.0618557769446905	1730.89001088529	1732.89001088529	-1.99999999999886	BM	Cercopithecidae	OWM	Cercopithecidae	OWM	family
Rhinopithecus_roxellana	Colobus_polykomos	17900	9900	27.0170263234	0.0469786834223971	0.222521588040789	0.291312131705574	0.291312131869673	0.0615017200488036	1730.89001088529	1732.89001088529	-1.99999999999886	BM	Cercopithecidae	OWM	Cercopithecidae	OWM	family
Papio_hamadryas	Erythrocebus_patas	21000	12400	29.8369393139	0.0505020846790769	0.24574736830512	0.2976793152813	0.29767931544862	0.0611743112092266	1730.89001088529	1732.89001088529	-1.99999999999886	BM	Cercopithecidae	OWM	Cercopithecidae	OWM	family
Cebuella_pygmaea	Rhinopithecus_roxellana	110	17900	78.0653383521	0.104468847260556	0.642973170071099	0.37499538897118	0.374995389175456	0.0609284148038571	1730.89001088529	1732.89001088529	-1.99999999999886	BM	Callitrichidae	PLA	Cercopithecidae	OWM	order
Cercopithecus_mitis	Cercopithecus_cephus	7930	4290	9.5808815419	0.0213753009571907	0.0789114593891388	0.224713800198899	0.224713800327975	0.0608698045336947	1730.89001088529	1732.89001088529	-1.99999999999886	BM	Cercopithecidae	OWM	Cercopithecidae	OWM	family
Macaca_tonkeana	Papio_cynocephalus	14900	21800	22.4016461419	0.0405191144518175	0.184507718005439	0.276577738217516	0.276577738374069	0.060738299464145	1730.89001088529	1732.89001088529	-1.99999999999886	BM	Cercopithecidae	OWM	Cercopithecidae	OWM	family
Papio_anubis	Cheirogaleus_medius	25100	283	121.4130573119	0.145733748311704	0.99999999994564	0.415436888302497	0.415436888524242	0.0605431749225646	1730.89001088529	1732.89001088529	-1.99999999999886	BM	Cercopithecidae	OWM	Cheirogaleidae	STR	order
Cheracebus_torquatus	Theropithecus_gelada	1280	19000	78.0653383533	0.10405778378061	0.642973170080983	0.373633019623318	0.373633019826981	0.0604681902424678	1730.89001088529	1732.89001088529	-1.99999999999886	BM	Pitheciidae	PLA	Cercopithecidae	OWM	order
Cebus_olivaceus	Papio_hamadryas	3290	21000	78.0653383479	0.103999060426332	0.642973170036506	0.373438291174217	0.373438291377792	0.0604025692193786	1730.89001088529	1732.89001088529	-1.99999999999886	BM	Cebidae	PLA	Cercopithecidae	OWM	order
Ateles_geoffroyi	Papio_anubis	7450	25100	78.0653383529	0.103646720300664	0.642973170077688	0.37226937408462	0.372269374287668	0.0600095019323896	1730.89001088529	1732.89001088529	-1.99999999999886	BM	Atelidae	PLA	Cercopithecidae	OWM	order
Callithrix_jacchus	Rhinopithecus_roxellana	317	17900	78.0653383517	0.103253273827001	0.642973170067805	0.370962978731213	0.370962978933671	0.059571913426146	1730.89001088529	1732.89001088529	-1.99999999999886	BM	Callitrichidae	PLA	Cercopithecidae	OWM	order
Leontocebus_fuscicolis	Rhinopithecus_roxellana	343	17900	78.0653383517	0.103100593105878	0.642973170067805	0.370455706134888	0.370455706337116	0.0594024833383579	1730.89001088529	1732.89001088529	-1.99999999999886	BM	Callitrichidae	PLA	Cercopithecidae	OWM	order
Cacajao_calvus	Papio_hamadryas	3450	21000	78.0653383529	0.103059486757884	0.642973170077688	0.37031910286288	0.370319103065045	0.0593569039172769	1730.89001088529	1732.89001088529	-1.99999999999886	BM	Pitheciidae	PLA	Cercopithecidae	OWM	order
Nasalis_larvatus	Hylobates_klossii	20400	5670	62.1515760353	0.0864995008514886	0.511901910782621	0.34985411573871	0.349854115931441	0.0591171975427305	1730.89001088529	1732.89001088529	-1.99999999999886	BM	Cercopithecidae	OWM	Hylobatidae	APE	order
Macaca_nemestrina	Macaca_silenus	11200	8900	5.3135039895	0.0135063714839392	0.0437638595621656	0.191383801026155	0.19138380113693	0.059064733744421	1730.89001088529	1732.89001088529	-1.99999999999886	BM	Cercopithecidae	OWM	Cercopithecidae	OWM	family
Saguinus_oedipus	Rhinopithecus_roxellana	418	17900	78.0653383516	0.102660167948793	0.642973170066981	0.368991441003043	0.368991441204606	0.0589149362190236	1730.89001088529	1732.89001088529	-1.99999999999886	BM	Callitrichidae	PLA	Cercopithecidae	OWM	order
Cebuella_pygmaea	Mandrillus_leucophaeus	110	17500	78.0653383527	0.102119913089436	0.642973170076041	0.367193296127371	0.367193296328117	0.0583193035614782	1730.89001088529	1732.89001088529	-1.99999999999886	BM	Callitrichidae	PLA	Cercopithecidae	OWM	order
Saguinus_midas	Rhinopithecus_roxellana	515	17900	78.0653383525	0.102090551412297	0.642973170074394	0.367095508528839	0.36709550872954	0.0582870089001543	1730.89001088529	1732.89001088529	-1.99999999999886	BM	Callitrichidae	PLA	Cercopithecidae	OWM	order
Sapajus_apella	Papio_hamadryas	3650	21000	78.0653383489	0.101885019672324	0.642973170044743	0.366410815761054	0.366410815961443	0.0580611678856978	1730.89001088529	1732.89001088529	-1.99999999999886	BM	Cebidae	PLA	Cercopithecidae	OWM	order
Nasalis_larvatus	Hylobates_lar	20400	5900	62.1515760357	0.0851488637030947	0.511901910785915	0.344747622106725	0.344747622297053	0.0573447132511451	1730.89001088529	1732.89001088529	-1.99999999999886	BM	Cercopithecidae	OWM	Hylobatidae	APE	order
Papio_anubis	Hapalemur_griseus	25100	987	121.4130573157	0.141599624170533	0.999999999976938	0.404735154691185	0.404735154908447	0.0573103457941958	1730.89001088529	1732.89001088529	-1.99999999999886	BM	Cercopithecidae	OWM	Lemuridae	STR	order
Cercopithecus_mitis	Cercopithecus_petaurista	7930	4400	9.5808815419	0.0207293440601327	0.0789114593891388	0.218097404770569	0.218097404896049	0.0572922637232763	1730.89001088529	1732.89001088529	-1.99999999999886	BM	Cercopithecidae	OWM	Cercopithecidae	OWM	family
Papio_anubis	Avahi_laniger	25100	1030	121.4130573099	0.141347113747137	0.999999999929168	0.404078609897435	0.40407861011442	0.0571153452400035	1730.89001088529	1732.89001088529	-1.99999999999886	BM	Cercopithecidae	OWM	Indriidae	STR	order
Callithrix_jacchus	Mandrillus_leucophaeus	317	17500	78.0653383523	0.100904339655881	0.642973170072746	0.363139539202912	0.363139539401805	0.0569889337716301	1730.89001088529	1732.89001088529	-1.99999999999886	BM	Callitrichidae	PLA	Cercopithecidae	OWM	order
Macaca_fuscata	Macaca_tonkeana	11000	14900	10.9824679326	0.0229021081684186	0.0904554104406576	0.224872958882578	0.224872959011741	0.0569348456150094	1730.89001088529	1732.89001088529	-1.99999999999886	BM	Cercopithecidae	OWM	Cercopithecidae	OWM	family
Macaca_mulatta	Macaca_tonkeana	11000	14900	10.9824679327	0.0229021081684186	0.0904554104414812	0.224872958881582	0.224872959010745	0.0569348456142387	1730.89001088529	1732.89001088529	-1.99999999999886	BM	Cercopithecidae	OWM	Cercopithecidae	OWM	family
Leontocebus_fuscicolis	Mandrillus_leucophaeus	343	17500	78.0653383523	0.100751658934758	0.642973170072746	0.362629599148772	0.362629599347431	0.0568227966478781	1730.89001088529	1732.89001088529	-1.99999999999886	BM	Callitrichidae	PLA	Cercopithecidae	OWM	order
Saimiri_sciureus	Rhinopithecus_roxellana	779	17900	78.0653383464	0.100540254859358	0.642973170024152	0.361923244841617	0.361923245039951	0.0565931161241689	1730.89001088529	1732.89001088529	-1.99999999999886	BM	Cebidae	PLA	Cercopithecidae	OWM	order
Cebus_olivaceus	Nasalis_larvatus	3290	20400	78.065338347	0.100475659169652	0.642973170029094	0.361707348764491	0.361707348962726	0.0565230183585652	1730.89001088529	1732.89001088529	-1.99999999999886	BM	Cebidae	PLA	Cercopithecidae	OWM	order
Aotus_trivirgatus	Rhinopithecus_roxellana	813	17900	78.0653383555	0.100340595454812	0.642973170099103	0.361255830575397	0.361255830773425	0.0563765750068096	1730.89001088529	1732.89001088529	-1.99999999999886	BM	Aotidae	PLA	Cercopithecidae	OWM	order
Saguinus_oedipus	Mandrillus_leucophaeus	418	17500	78.0653383522	0.100311233777673	0.642973170071923	0.36115765672665	0.361157656924632	0.0563447618357873	1730.89001088529	1732.89001088529	-1.99999999999886	BM	Callitrichidae	PLA	Cercopithecidae	OWM	order
Papio_hamadryas	Pygathrix_nemaeus	21000	11000	38.5936741527	0.0587233542779964	0.317870869946534	0.304018347423501	0.304018347594003	0.0561642440710723	1730.89001088529	1732.89001088529	-1.99999999999886	BM	Cercopithecidae	OWM	Cercopithecidae	OWM	family
Macaca_tonkeana	Cercopithecus_nictitans	14900	6670	29.8369393138	0.048329320570791	0.245747368304296	0.285445848281818	0.285445848442927	0.0561365275339642	1730.89001088529	1732.89001088529	-1.99999999999886	BM	Cercopithecidae	OWM	Cercopithecidae	OWM	family
Saimiri_oerstedii	Rhinopithecus_roxellana	897	17900	78.0653383468	0.0998473192788772	0.642973170027446	0.359605670699512	0.359605670896779	0.0558431733866846	1730.89001088529	1732.89001088529	-1.99999999999886	BM	Cebidae	PLA	Cercopithecidae	OWM	order
Cercopithecus_mitis	Rhinopithecus_roxellana	7930	17900	38.5936741532	0.0585471842151624	0.317870869950652	0.303151575341344	0.303151575511413	0.0558361045457916	1730.89001088529	1732.89001088529	-1.99999999999886	BM	Cercopithecidae	OWM	Cercopithecidae	OWM	family
Saguinus_midas	Mandrillus_leucophaeus	515	17500	78.0653383531	0.0997416172411768	0.642973170079335	0.359251833177443	0.359251833374547	0.0557291664807015	1730.89001088529	1732.89001088529	-1.99999999999886	BM	Callitrichidae	PLA	Cercopithecidae	OWM	order
Cacajao_calvus	Nasalis_larvatus	3450	20400	78.065338352	0.0995360855012038	0.642973170070276	0.358563582077328	0.358563582274113	0.055507783255351	1730.89001088529	1732.89001088529	-1.99999999999886	BM	Pitheciidae	PLA	Cercopithecidae	OWM	order
Plecturocebus_moloch	Rhinopithecus_roxellana	1020	17900	78.0653383536	0.0991250220212578	0.642973170083454	0.357186155541666	0.357186155737814	0.0550661943315	1730.89001088529	1732.89001088529	-1.99999999999886	BM	Pitheciidae	PLA	Cercopithecidae	OWM	order
Papio_anubis	Eulemur_mongoz	25100	1630	121.4130573129	0.137823712490457	0.999999999953876	0.394883295493261	0.394883295706306	0.0544242817878578	1730.89001088529	1732.89001088529	-1.99999999999886	BM	Cercopithecidae	OWM	Lemuridae	STR	order
Sapajus_apella	Nasalis_larvatus	3650	20400	78.065338348	0.0983616184156439	0.64297317003733	0.354624819850368	0.354624820045327	0.0542502748735428	1730.89001088529	1732.89001088529	-1.99999999999886	BM	Cebidae	PLA	Cercopithecidae	OWM	order
Allenopithecus_nigroviridis	Erythrocebus_patas	6130	12400	21.319610164	0.0368195431323037	0.175595694852431	0.258325500188038	0.258325500335076	0.0541666292236876	1730.89001088529	1732.89001088529	-1.99999999999886	BM	Cercopithecidae	OWM	Cercopithecidae	OWM	family
Papio_anubis	Eulemur_coronatus	25100	1690	121.413057313	0.137471372364789	0.9999999999547	0.393960276208354	0.393960276420999	0.0541582598300273	1730.89001088529	1732.89001088529	-1.99999999999886	BM	Cercopithecidae	OWM	Lemuridae	STR	order
Saimiri_sciureus	Mandrillus_leucophaeus	779	17500	78.065338347	0.0981913206882377	0.642973170029094	0.354052869254107	0.354052869448799	0.0540690038807492	1730.89001088529	1732.89001088529	-1.99999999999886	BM	Cebidae	PLA	Cercopithecidae	OWM	order
Macaca_fuscata	Mandrillus_leucophaeus	11000	17500	22.4016461426	0.0381701802806976	0.184507718011204	0.261147602575305	0.261147602723825	0.0540251170932918	1730.89001088529	1732.89001088529	-1.99999999999886	BM	Cercopithecidae	OWM	Cercopithecidae	OWM	family
Macaca_mulatta	Mandrillus_leucophaeus	11000	17500	22.4016461427	0.0381701802806976	0.184507718012028	0.261147602574744	0.261147602723264	0.0540251170929344	1730.89001088529	1732.89001088529	-1.99999999999886	BM	Cercopithecidae	OWM	Cercopithecidae	OWM	family
Cercopithecus_ascanius	Colobus_guereza	3700	13500	38.5936741537	0.0575488871924364	0.31787086995477	0.298232417943797	0.298232418111396	0.053993446394812	1730.89001088529	1732.89001088529	-1.99999999999886	BM	Cercopithecidae	OWM	Cercopithecidae	OWM	family
Papio_cynocephalus	Trachypithecus_pileatus	21800	12000	38.593674154	0.0575488871924364	0.317870869957241	0.298232417942694	0.298232418110293	0.0539934463941925	1730.89001088529	1732.89001088529	-1.99999999999886	BM	Cercopithecidae	OWM	Cercopithecidae	OWM	family
Mandrillus_leucophaeus	Trachypithecus_francoisi	17500	7700	38.5936741542	0.0575488871924364	0.317870869958889	0.298232417941958	0.298232418109557	0.0539934463937795	1730.89001088529	1732.89001088529	-1.99999999999886	BM	Cercopithecidae	OWM	Cercopithecidae	OWM	family
Aotus_trivirgatus	Mandrillus_leucophaeus	813	17500	78.0653383561	0.0979916612836925	0.642973170104044	0.353382039831009	0.353382040025389	0.0538568244538991	1730.89001088529	1732.89001088529	-1.99999999999886	BM	Aotidae	PLA	Cercopithecidae	OWM	order
Papio_cynocephalus	Nomascus_concolor	21800	7790	62.1515760359	0.0822714193434729	0.511901910787563	0.333814902626568	0.333814902811685	0.0536497818397247	1730.89001088529	1732.89001088529	-1.99999999999886	BM	Cercopithecidae	OWM	Hylobatidae	APE	order
Cheracebus_torquatus	Rhinopithecus_roxellana	1280	17900	78.0653383527	0.09759821481003	0.642973170076041	0.352059270684014	0.352059270877777	0.0534397979965747	1730.89001088529	1732.89001088529	-1.99999999999886	BM	Pitheciidae	PLA	Cercopithecidae	OWM	order
Saimiri_oerstedii	Mandrillus_leucophaeus	897	17500	78.0653383474	0.0974983851077574	0.642973170032388	0.351723465639959	0.351723465833565	0.0533342159559665	1730.89001088529	1732.89001088529	-1.99999999999886	BM	Cebidae	PLA	Cercopithecidae	OWM	order
Papio_anubis	Eulemur_rubriventer	25100	1980	121.4130573139	0.135768395090728	0.999999999962113	0.389490164229546	0.389490164440246	0.0528804545030729	1730.89001088529	1732.89001088529	-1.99999999999886	BM	Cercopithecidae	OWM	Lemuridae	STR	order
Plecturocebus_moloch	Mandrillus_leucophaeus	1020	17500	78.0653383542	0.096776087850138	0.642973170088395	0.349291689157135	0.349291689349602	0.0525730851110736	1730.89001088529	1732.89001088529	-1.99999999999886	BM	Pitheciidae	PLA	Cercopithecidae	OWM	order
Papio_anubis	Eulemur_fulvus	25100	2180	121.4130573123	0.134593928005168	0.999999999948935	0.386398831152677	0.386398831362022	0.0520069364641001	1730.89001088529	1732.89001088529	-1.99999999999886	BM	Cercopithecidae	OWM	Lemuridae	STR	order
Papio_anubis	Lemur_catta	25100	2210	121.4130573139	0.134417757942334	0.999999999962113	0.385934536237246	0.385934536446387	0.0518764550754904	1730.89001088529	1732.89001088529	-1.99999999999886	BM	Cercopithecidae	OWM	Lemuridae	STR	order
Mandrillus_leucophaeus	Trachypithecus_obscurus	17500	7900	38.5936741533	0.0563744201068765	0.317870869951476	0.292429147389828	0.292429147554493	0.0518623289040812	1730.89001088529	1732.89001088529	-1.99999999999886	BM	Cercopithecidae	OWM	Cercopithecidae	OWM	family
Papio_anubis	Eulemur_macaco	25100	2370	121.413057313	0.133478184273886	0.9999999999547	0.383455686526374	0.383455686734421	0.0511829687893553	1730.89001088529	1732.89001088529	-1.99999999999886	BM	Cercopithecidae	OWM	Lemuridae	STR	order
Cheracebus_torquatus	Mandrillus_leucophaeus	1280	17500	78.0653383533	0.0952492806389101	0.642973170080983	0.344139120914564	0.344139121104604	0.0509803600400474	1730.89001088529	1732.89001088529	-1.99999999999886	BM	Pitheciidae	PLA	Cercopithecidae	OWM	order
Macaca_nemestrina	Mandrillus_leucophaeus	11200	17500	22.4016461425	0.0369957131951377	0.184507718010381	0.253392463522849	0.253392463667284	0.0508078198971236	1730.89001088529	1732.89001088529	-1.99999999999886	BM	Cercopithecidae	OWM	Cercopithecidae	OWM	family
Trachypithecus_pileatus	Presbytis_comata	12000	6680	17.9572585531	0.0312408244758941	0.147902202198839	0.239446388815877	0.239446388952892	0.0505773578295118	1730.89001088529	1732.89001088529	-1.99999999999886	BM	Cercopithecidae	OWM	Cercopithecidae	OWM	family
Papio_ursinus	Nasalis_larvatus	29800	20400	38.5936741526	0.0551999530213166	0.31787086994571	0.286608839265056	0.28660883942676	0.0497711365172506	1730.89001088529	1732.89001088529	-1.99999999999886	BM	Cercopithecidae	OWM	Cercopithecidae	OWM	family
Cercocebus_torquatus	Nasalis_larvatus	11000	20400	38.593674153	0.0551999530213166	0.317870869949005	0.286608839263636	0.28660883942534	0.0497711365164882	1730.89001088529	1732.89001088529	-1.99999999999886	BM	Cercopithecidae	OWM	Cercopithecidae	OWM	family
Macaca_fuscata	Nasalis_larvatus	11000	20400	38.5936741536	0.0551999530213166	0.317870869953947	0.286608839261507	0.28660883942321	0.0497711365153447	1730.89001088529	1732.89001088529	-1.99999999999886	BM	Cercopithecidae	OWM	Cercopithecidae	OWM	family
Macaca_mulatta	Nasalis_larvatus	11000	20400	38.5936741537	0.0551999530213166	0.31787086995477	0.286608839261152	0.286608839422855	0.0497711365151541	1730.89001088529	1732.89001088529	-1.99999999999886	BM	Cercopithecidae	OWM	Cercopithecidae	OWM	family
Ateles_paniscus	Papio_anubis	9110	25100	78.0653383529	0.0938986434905162	0.642973170077688	0.339567378632368	0.339567378820237	0.0495898082704715	1730.89001088529	1732.89001088529	-1.99999999999886	BM	Atelidae	PLA	Cercopithecidae	OWM	order
Mandrillus_sphinx	Pan_paniscus	31600	45000	62.151576032	0.0786892947325151	0.511901910755441	0.320105261565721	0.320105261744188	0.0492064138530004	1730.89001088529	1732.89001088529	-1.99999999999886	BM	Cercopithecidae	OWM	Hominidae	APE	order
Mandrillus_leucophaeus	Semnopithecus_vetulus	17500	8170	38.593674154	0.0547888895413706	0.317870869957241	0.284567762919178	0.284567763079837	0.0490486961944988	1730.89001088529	1732.89001088529	-1.99999999999886	BM	Cercopithecidae	OWM	Cercopithecidae	OWM	family
Theropithecus_gelada	Colobus_angolensis	19000	9680	38.593674154	0.0547301661870926	0.317870869957241	0.284276014042358	0.284276014202868	0.0489458926942106	1730.89001088529	1732.89001088529	-1.99999999999886	BM	Cercopithecidae	OWM	Cercopithecidae	OWM	family
Cercopithecus_ascanius	Semnopithecus_entellus	3700	13000	38.5936741534	0.0546127194785366	0.317870869952299	0.283692391770113	0.283692391930324	0.0487405876866327	1730.89001088529	1732.89001088529	-1.99999999999886	BM	Cercopithecidae	OWM	Cercopithecidae	OWM	family
Theropithecus_gelada	Hylobates_klossii	19000	5670	62.1515760363	0.0782782312525691	0.511901910790857	0.318525125948258	0.318525126125949	0.0487077366642578	1730.89001088529	1732.89001088529	-1.99999999999886	BM	Cercopithecidae	OWM	Hylobatidae	APE	order
Cercopithecus_pogonias	Colobus_guereza	4260	13500	38.5936741536	0.0542603793528686	0.317870869953947	0.281940531565694	0.281940531725007	0.0481270907268741	1730.89001088529	1732.89001088529	-1.99999999999886	BM	Cercopithecidae	OWM	Cercopithecidae	OWM	family
Cebus_olivaceus	Theropithecus_gelada	3290	19000	78.065338348	0.0922543895707323	0.64297317003733	0.333984640061514	0.333984640246713	0.047920427368823	1730.89001088529	1732.89001088529	-1.99999999999886	BM	Cebidae	PLA	Cercopithecidae	OWM	order
Papio_hamadryas	Nomascus_concolor	21000	7790	62.1515760359	0.0775735510012332	0.511901910787563	0.315813071672221	0.315813071848578	0.047858273051823	1730.89001088529	1732.89001088529	-1.99999999999886	BM	Cercopithecidae	OWM	Hylobatidae	APE	order
Cercopithecus_cephus	Colobus_guereza	4290	13500	38.5936741537	0.0540842092900347	0.31787086995477	0.281064044604303	0.281064044763167	0.0478217038712787	1730.89001088529	1732.89001088529	-1.99999999999886	BM	Cercopithecidae	OWM	Cercopithecidae	OWM	family
Chlorocebus_pygerythrus	Colobus_guereza	4290	13500	38.5936741539	0.0540842092900347	0.317870869956418	0.281064044603606	0.281064044762469	0.0478217038709122	1730.89001088529	1732.89001088529	-1.99999999999886	BM	Cercopithecidae	OWM	Cercopithecidae	OWM	family
Macaca_nemestrina	Nasalis_larvatus	11200	20400	38.5936741535	0.0540254859357567	0.317870869953123	0.280771800045597	0.28077180020431	0.0477201101716476	1730.89001088529	1732.89001088529	-1.99999999999886	BM	Cercopithecidae	OWM	Cercopithecidae	OWM	family
Macaca_tonkeana	Papio_hamadryas	14900	21000	22.4016461419	0.0358212461095778	0.184507718005439	0.245611578366939	0.245611578507247	0.0476842534889767	1730.89001088529	1732.89001088529	-1.99999999999886	BM	Cercopithecidae	OWM	Cercopithecidae	OWM	family
Papio_anubis	Propithecus_verreauxi	25100	3250	121.4130573129	0.128310529097422	0.999999999953877	0.369744358309637	0.369744358511543	0.0474420942476846	1730.89001088529	1732.89001088529	-1.99999999999886	BM	Cercopithecidae	OWM	Indriidae	STR	order
Macaca_tonkeana	Cercopithecus_neglectus	14900	7350	29.8369393146	0.0443361324798872	0.245747368310885	0.262772401208192	0.262772401357564	0.0474076775352734	1730.89001088529	1732.89001088529	-1.99999999999886	BM	Cercopithecidae	OWM	Cercopithecidae	OWM	family
Mandrillus_leucophaeus	Piliocolobus_badius	17500	8360	38.593674154	0.0536731458100887	0.317870869957241	0.279017471897715	0.279017472055525	0.0471126701693139	1730.89001088529	1732.89001088529	-1.99999999999886	BM	Cercopithecidae	OWM	Cercopithecidae	OWM	family
Theropithecus_gelada	Hylobates_lar	19000	5900	62.1515760367	0.0769275941041752	0.511901910794152	0.313323437726214	0.313323437901343	0.0470856188118811	1730.89001088529	1732.89001088529	-1.99999999999886	BM	Cercopithecidae	OWM	Hylobatidae	APE	order
Macaca_fascicularis	Macaca_silenus	5360	8900	10.9824679336	0.0207880674144107	0.0904554104488939	0.204600090058731	0.204600090176817	0.0470202992173522	1730.89001088529	1732.89001088529	-1.99999999999886	BM	Cercopithecidae	OWM	Cercopithecidae	OWM	family
Cacajao_calvus	Theropithecus_gelada	3450	19000	78.065338353	0.0913148159022843	0.642973170078512	0.330786149911294	0.330786150094953	0.0469781287739998	1730.89001088529	1732.89001088529	-1.99999999999886	BM	Pitheciidae	PLA	Cercopithecidae	OWM	order
Macaca_nemestrina	Cercopithecus_ascanius	11200	3700	29.8369393142	0.0440425157084973	0.24574736830759	0.261095891682149	0.261095891830642	0.0467932576044599	1730.89001088529	1732.89001088529	-1.99999999999886	BM	Cercopithecidae	OWM	Cercopithecidae	OWM	family
Cercopithecus_petaurista	Colobus_guereza	4400	13500	38.5936741537	0.0534382523929767	0.31787086995477	0.277847102856089	0.277847103013297	0.0467097334562104	1730.89001088529	1732.89001088529	-1.99999999999886	BM	Cercopithecidae	OWM	Cercopithecidae	OWM	family
Theropithecus_gelada	Colobus_polykomos	19000	9900	38.593674154	0.0534382523929767	0.317870869957241	0.277847102855054	0.277847103012262	0.0467097334556733	1730.89001088529	1732.89001088529	-1.99999999999886	BM	Cercopithecidae	OWM	Cercopithecidae	OWM	family
Papio_cynocephalus	Cheirogaleus_medius	21800	283	121.4130573119	0.126355041399965	0.99999999994564	0.364522124979521	0.364522125179048	0.0460592081954943	1730.89001088529	1732.89001088529	-1.99999999999886	BM	Cercopithecidae	OWM	Cheirogaleidae	STR	order
Nasalis_larvatus	Colobus_guereza	20400	13500	27.017026323	0.0405191144518175	0.222521588037495	0.252733891575651	0.252733891719739	0.0460204943211241	1730.89001088529	1732.89001088529	-1.99999999999886	BM	Cercopithecidae	OWM	Cercopithecidae	OWM	family
Alouatta_caraya	Papio_cynocephalus	6420	21800	78.0653383561	0.0903165188795584	0.642973170104045	0.327381167304561	0.327381167486573	0.0459862537855034	1730.89001088529	1732.89001088529	-1.99999999999886	BM	Atelidae	PLA	Cercopithecidae	OWM	order
Trachypithecus_cristatus	Colobus_guereza	6610	13500	27.0170263241	0.0404603910975395	0.222521588046555	0.252380087823371	0.252380087967272	0.0458894669420955	1730.89001088529	1732.89001088529	-1.99999999999886	BM	Cercopithecidae	OWM	Cercopithecidae	OWM	family
Sapajus_apella	Theropithecus_gelada	3650	19000	78.065338349	0.0901403488167244	0.642973170045566	0.326779588017055	0.326779588198775	0.045812216469243	1730.89001088529	1732.89001088529	-1.99999999999886	BM	Cebidae	PLA	Cercopithecidae	OWM	order
Papio_hamadryas	Trachypithecus_pileatus	21000	12000	38.593674154	0.0528510188501967	0.317870869957241	0.27491833914896	0.274918339304655	0.0457094867692058	1730.89001088529	1732.89001088529	-1.99999999999886	BM	Cercopithecidae	OWM	Cercopithecidae	OWM	family
Macaca_silenus	Rhinopithecus_roxellana	8900	17900	38.5936741544	0.0528510188501967	0.317870869960536	0.274918339147593	0.274918339303288	0.0457094867685048	1730.89001088529	1732.89001088529	-1.99999999999886	BM	Cercopithecidae	OWM	Cercopithecidae	OWM	family
Presbytis_comata	Colobus_guereza	6680	13500	27.017026323	0.0400493276175935	0.222521588037495	0.249901976627872	0.249901976770459	0.0449772366920526	1730.89001088529	1732.89001088529	-1.99999999999886	BM	Cercopithecidae	OWM	Cercopithecidae	OWM	family
Alouatta_seniculus	Papio_cynocephalus	6690	21800	78.0653383563	0.0887309883140525	0.642973170105692	0.321959452536718	0.321959452716091	0.0444307503778708	1730.89001088529	1732.89001088529	-1.99999999999886	BM	Atelidae	PLA	Cercopithecidae	OWM	order
Cercocebus_torquatus	Cercopithecus_ascanius	11000	3700	29.8369393137	0.0428680486229373	0.245747368303472	0.254377506289854	0.25437750643481	0.0443734855982217	1730.89001088529	1732.89001088529	-1.99999999999886	BM	Cercopithecidae	OWM	Cercopithecidae	OWM	family
Macaca_fuscata	Cercopithecus_ascanius	11000	3700	29.8369393143	0.0428680486229373	0.245747368308414	0.254377506287385	0.254377506432341	0.0443734855968987	1730.89001088529	1732.89001088529	-1.99999999999886	BM	Cercopithecidae	OWM	Cercopithecidae	OWM	family
Macaca_mulatta	Cercopithecus_ascanius	11000	3700	29.8369393144	0.0428680486229373	0.245747368309238	0.254377506286973	0.254377506431929	0.0443734855966781	1730.89001088529	1732.89001088529	-1.99999999999886	BM	Cercopithecidae	OWM	Cercopithecidae	OWM	family
Semnopithecus_entellus	Rhinopithecus_roxellana	13000	17900	17.7111143211	0.0287744435962182	0.145874873034775	0.222545758278629	0.222545758406529	0.0438981041487486	1730.89001088529	1732.89001088529	-1.99999999999886	BM	Cercopithecidae	OWM	Cercopithecidae	OWM	family
Papio_cynocephalus	Semnopithecus_entellus	21800	13000	38.5936741536	0.0516765517646368	0.317870869953947	0.269048768866218	0.269048769018867	0.0437394991039641	1730.89001088529	1732.89001088529	-1.99999999999886	BM	Cercopithecidae	OWM	Cercopithecidae	OWM	family
Nasalis_larvatus	Nomascus_concolor	20400	7790	62.151576035	0.0740501497445534	0.51190191078015	0.302192235198547	0.302192235368136	0.043714195623904	1730.89001088529	1732.89001088529	-1.99999999999886	BM	Cercopithecidae	OWM	Hylobatidae	APE	order
Papio_cynocephalus	Hapalemur_griseus	21800	987	121.4130573157	0.122220917258794	0.999999999976938	0.353422111320009	0.353422111514408	0.0431955746260672	1730.89001088529	1732.89001088529	-1.99999999999886	BM	Cercopithecidae	OWM	Lemuridae	STR	order
Cercopithecus_pogonias	Semnopithecus_entellus	4260	13000	38.5936741533	0.0513242116389688	0.317870869951476	0.267284803488257	0.267284803639987	0.0431564610629643	1730.89001088529	1732.89001088529	-1.99999999999886	BM	Cercopithecidae	OWM	Cercopithecidae	OWM	family
Cercopithecus_mona	Colobus_guereza	4768	13500	38.5936741536	0.0512772329555464	0.317870869953947	0.267049501160437	0.267049501312044	0.0430790008648799	1730.89001088529	1732.89001088529	-1.99999999999886	BM	Cercopithecidae	OWM	Cercopithecidae	OWM	family
Papio_cynocephalus	Avahi_laniger	21800	1030	121.4130573099	0.121968406835398	0.999999999929167	0.352741539038927	0.352741539233009	0.0430233235442919	1730.89001088529	1732.89001088529	-1.99999999999886	BM	Cercopithecidae	OWM	Indriidae	STR	order
Cercopithecus_cephus	Semnopithecus_entellus	4290	13000	38.5936741534	0.0511480415761348	0.317870869952299	0.266402290408003	0.266402290559273	0.0428663231324432	1730.89001088529	1732.89001088529	-1.99999999999886	BM	Cercopithecidae	OWM	Cercopithecidae	OWM	family
Chlorocebus_pygerythrus	Semnopithecus_entellus	4290	13000	38.5936741536	0.0511480415761348	0.317870869953947	0.266402290407339	0.266402290558609	0.0428663231321142	1730.89001088529	1732.89001088529	-1.99999999999886	BM	Cercopithecidae	OWM	Cercopithecidae	OWM	family
Papio_hamadryas	Cheirogaleus_medius	21000	283	121.4130573119	0.121657173057725	0.99999999994564	0.351902288194668	0.351902288388358	0.0428114375766354	1730.89001088529	1732.89001088529	-1.99999999999886	BM	Cercopithecidae	OWM	Cheirogaleidae	STR	order
Cebuella_pygmaea	Macaca_tonkeana	110	14900	78.0653383527	0.0868518409771566	0.642973170076041	0.315512082595864	0.315512082772073	0.0426188937568681	1730.89001088529	1732.89001088529	-1.99999999999886	BM	Callitrichidae	PLA	Cercopithecidae	OWM	order
Alouatta_palliata	Papio_cynocephalus	7150	21800	78.0653383559	0.0860297140172647	0.642973170102397	0.31268407780376	0.312684077978573	0.0418370828551456	1730.89001088529	1732.89001088529	-1.99999999999886	BM	Atelidae	PLA	Cercopithecidae	OWM	order
Cercopithecus_petaurista	Semnopithecus_entellus	4400	13000	38.5936741534	0.0505020846790769	0.317870869952299	0.263163404312893	0.263163404462469	0.0418103758014637	1730.89001088529	1732.89001088529	-1.99999999999886	BM	Cercopithecidae	OWM	Cercopithecidae	OWM	family
Cebus_olivaceus	Rhinopithecus_roxellana	3290	17900	78.0653383474	0.0857948206001527	0.642973170032388	0.311875270122977	0.31187527029739	0.0416149290466928	1730.89001088529	1732.89001088529	-1.99999999999886	BM	Cebidae	PLA	Cercopithecidae	OWM	order
Callithrix_jacchus	Macaca_tonkeana	317	14900	78.0653383523	0.0856362675436021	0.642973170072746	0.311329123125863	0.311329123300005	0.041465282414669	1730.89001088529	1732.89001088529	-1.99999999999886	BM	Callitrichidae	PLA	Cercopithecidae	OWM	order
Alouatta_caraya	Papio_hamadryas	6420	21000	78.0653383561	0.0856186505373187	0.642973170104045	0.311268430094059	0.311268430268171	0.0414486703002095	1730.89001088529	1732.89001088529	-1.99999999999886	BM	Atelidae	PLA	Cercopithecidae	OWM	order
Leontocebus_fuscicolis	Macaca_tonkeana	343	14900	78.0653383523	0.0854835868224793	0.642973170072746	0.310803050363125	0.310803050537007	0.0413214124275227	1730.89001088529	1732.89001088529	-1.99999999999886	BM	Callitrichidae	PLA	Cercopithecidae	OWM	order
Macaca_fascicularis	Erythrocebus_patas	5360	12400	29.8369393146	0.0413412414117094	0.245747368310885	0.24561467355622	0.245614673696529	0.0413189186258161	1730.89001088529	1732.89001088529	-1.99999999999886	BM	Cercopithecidae	OWM	Cercopithecidae	OWM	family
Rhinopithecus_roxellana	Hylobates_klossii	17900	5670	62.1515760357	0.0718186622819895	0.511901910785915	0.293514736630263	0.293514736795478	0.0411794433673287	1730.89001088529	1732.89001088529	-1.99999999999886	BM	Cercopithecidae	OWM	Hylobatidae	APE	order
Saguinus_oedipus	Macaca_tonkeana	418	14900	78.0653383522	0.0850431616653943	0.642973170071923	0.309284691371344	0.309284691544472	0.0409076913831142	1730.89001088529	1732.89001088529	-1.99999999999886	BM	Callitrichidae	PLA	Cercopithecidae	OWM	order
Macaca_fascicularis	Cercocebus_torquatus	5360	11000	22.4016461426	0.0331199718127899	0.184507718011204	0.22762185239156	0.227621852522211	0.0408591543835889	1730.89001088529	1732.89001088529	-1.99999999999886	BM	Cercopithecidae	OWM	Cercopithecidae	OWM	family
Cacajao_calvus	Rhinopithecus_roxellana	3450	17900	78.0653383524	0.0848552469317047	0.64297317007357	0.308636478849262	0.308636479022068	0.0407317534289795	1730.89001088529	1732.89001088529	-1.99999999999886	BM	Pitheciidae	PLA	Cercopithecidae	OWM	order
Cercopithecus_nictitans	Cercopithecus_ascanius	6670	3700	9.5808815419	0.0174408362205649	0.0789114593891388	0.184178371123257	0.184178371230019	0.0407066962263439	1730.89001088529	1732.89001088529	-1.99999999999886	BM	Cercopithecidae	OWM	Cercopithecidae	OWM	family
Papio_cynocephalus	Eulemur_mongoz	21800	1630	121.4130573129	0.118445005578719	0.999999999953876	0.343214616700909	0.34321461689051	0.0406520571917119	1730.89001088529	1732.89001088529	-1.99999999999886	BM	Cercopithecidae	OWM	Lemuridae	STR	order
Macaca_tonkeana	Cercopithecus_mitis	14900	7930	29.8369393138	0.0409301779317635	0.245747368304296	0.243249983228348	0.243249983367396	0.0405142287550622	1730.89001088529	1732.89001088529	-1.99999999999886	BM	Cercopithecidae	OWM	Cercopithecidae	OWM	family
Nasalis_larvatus	Cheirogaleus_medius	20400	283	121.413057311	0.118133771801045	0.999999999938228	0.342370354664878	0.342370354854079	0.0404455013519221	1730.89001088529	1732.89001088529	-1.99999999999886	BM	Cercopithecidae	OWM	Cheirogaleidae	STR	order
Papio_cynocephalus	Eulemur_coronatus	21800	1690	121.413057313	0.118092665453051	0.9999999999547	0.342258815665479	0.342258815854628	0.0404182558185717	1730.89001088529	1732.89001088529	-1.99999999999886	BM	Cercopithecidae	OWM	Lemuridae	STR	order
Saguinus_midas	Macaca_tonkeana	515	14900	78.0653383531	0.0844735451288978	0.642973170079336	0.307319100946593	0.307319101118744	0.0403754544526036	1730.89001088529	1732.89001088529	-1.99999999999886	BM	Callitrichidae	PLA	Cercopithecidae	OWM	order
Ateles_geoffroyi	Papio_cynocephalus	7450	21800	78.0653383529	0.0842680133889248	0.642973170077688	0.306609358128364	0.306609358300161	0.0401841984989961	1730.89001088529	1732.89001088529	-1.99999999999886	BM	Atelidae	PLA	Cercopithecidae	OWM	order
Macaca_nemestrina	Cercopithecus_pogonias	11200	4260	29.8369393141	0.0407540078689295	0.245747368306767	0.242235845443575	0.242235845582082	0.0401716674297033	1730.89001088529	1732.89001088529	-1.99999999999886	BM	Cercopithecidae	OWM	Cercopithecidae	OWM	family
Papio_hamadryas	Hapalemur_griseus	21000	987	121.4130573157	0.117523048916554	0.999999999976938	0.340712420313476	0.34071242050189	0.0400415624399016	1730.89001088529	1732.89001088529	-1.99999999999886	BM	Cercopithecidae	OWM	Lemuridae	STR	order
Alouatta_seniculus	Papio_hamadryas	6690	21000	78.0653383563	0.0840331199718128	0.642973170105692	0.305797893959017	0.305797894130409	0.0399661328107387	1730.89001088529	1732.89001088529	-1.99999999999886	BM	Atelidae	PLA	Cercopithecidae	OWM	order
Papio_hamadryas	Avahi_laniger	21000	1030	121.4130573099	0.117270538493159	0.999999999929168	0.340026438201755	0.340026438389843	0.039875083512655	1730.89001088529	1732.89001088529	-1.99999999999886	BM	Cercopithecidae	OWM	Indriidae	STR	order
Macaca_nemestrina	Cercopithecus_cephus	11200	4290	29.8369393142	0.0405778378060955	0.24574736830759	0.241221290571399	0.241221290709364	0.039830491254465	1730.89001088529	1732.89001088529	-1.99999999999886	BM	Cercopithecidae	OWM	Cercopithecidae	OWM	family
Macaca_nemestrina	Chlorocebus_pygerythrus	11200	4290	29.8369393144	0.0405778378060955	0.245747368309238	0.241221290570616	0.24122129070858	0.0398304912540686	1730.89001088529	1732.89001088529	-1.99999999999886	BM	Cercopithecidae	OWM	Cercopithecidae	OWM	family
Rhinopithecus_roxellana	Hylobates_lar	17900	5900	62.1515760361	0.0704680251335956	0.51190191078921	0.288243885240915	0.288243885403452	0.039679432566381	1730.89001088529	1732.89001088529	-1.99999999999886	BM	Cercopithecidae	OWM	Hylobatidae	APE	order
Sapajus_apella	Rhinopithecus_roxellana	3650	17900	78.0653383484	0.0836807798461448	0.642973170040625	0.304580040449998	0.304580040620782	0.0396400604224525	1730.89001088529	1732.89001088529	-1.99999999999886	BM	Cebidae	PLA	Cercopithecidae	OWM	order
Cercopithecus_mitis	Cercopithecus_pogonias	7930	4260	12.9463432658	0.0215514710200247	0.106630568010804	0.195555865086266	0.195555865199356	0.039524468806876	1730.89001088529	1732.89001088529	-1.99999999999886	BM	Cercopithecidae	OWM	Cercopithecidae	OWM	family
Cercopithecus_nictitans	Erythrocebus_patas	6670	12400	23.4097503938	0.0336484820012919	0.192810813851675	0.226258339138058	0.226258339267972	0.0394855947135095	1730.89001088529	1732.89001088529	-1.99999999999886	BM	Cercopithecidae	OWM	Cercopithecidae	OWM	family
Cebus_olivaceus	Mandrillus_leucophaeus	3290	17500	78.065338348	0.0834458864290328	0.64297317003733	0.303767701125389	0.303767701295767	0.0394233636334249	1730.89001088529	1732.89001088529	-1.99999999999886	BM	Cebidae	PLA	Cercopithecidae	OWM	order
Papio_cynocephalus	Eulemur_rubriventer	21800	1980	121.4130573139	0.116389688178989	0.999999999962113	0.33763124191873	0.337631242105675	0.0392967949678946	1730.89001088529	1732.89001088529	-1.99999999999886	BM	Cercopithecidae	OWM	Lemuridae	STR	order
Cercopithecus_ascanius	Cercopithecus_neglectus	3700	7350	12.9463432667	0.0214340243114687	0.106630568018217	0.194511591725417	0.194511591837928	0.0390991651211385	1730.89001088529	1732.89001088529	-1.99999999999886	BM	Cercopithecidae	OWM	Cercopithecidae	OWM	family
Cercopithecus_ascanius	Trachypithecus_pileatus	3700	12000	38.5936741538	0.048740384050737	0.317870869955594	0.254306439376321	0.25430643952124	0.0389938012360456	1730.89001088529	1732.89001088529	-1.99999999999886	BM	Cercopithecidae	OWM	Cercopithecidae	OWM	family
Papio_cynocephalus	Colobus_guereza	21800	13500	38.5936741539	0.048740384050737	0.317870869956418	0.254306439376003	0.254306439520922	0.0389938012358958	1730.89001088529	1732.89001088529	-1.99999999999886	BM	Cercopithecidae	OWM	Cercopithecidae	OWM	family
Cercopithecus_diana	Colobus_guereza	5200	13500	38.5936741547	0.048740384050737	0.317870869963007	0.254306439373458	0.254306439518377	0.0389938012346974	1730.89001088529	1732.89001088529	-1.99999999999886	BM	Cercopithecidae	OWM	Cercopithecidae	OWM	family
Saimiri_sciureus	Macaca_tonkeana	779	14900	78.065338347	0.0829232485759587	0.642973170029094	0.301958996595201	0.301958996764672	0.0389431816156153	1730.89001088529	1732.89001088529	-1.99999999999886	BM	Cebidae	PLA	Cercopithecidae	OWM	order
Macaca_tonkeana	Trachypithecus_cristatus	14900	6610	38.5936741541	0.048681660696459	0.317870869958065	0.254010620131846	0.254010620276608	0.0389015162798245	1730.89001088529	1732.89001088529	-1.99999999999886	BM	Cercopithecidae	OWM	Cercopithecidae	OWM	family
Aotus_trivirgatus	Macaca_tonkeana	813	14900	78.0653383561	0.0827235891714135	0.642973170104045	0.301267577133564	0.301267577302689	0.0387604591299374	1730.89001088529	1732.89001088529	-1.99999999999886	BM	Aotidae	PLA	Cercopithecidae	OWM	order
Macaca_nemestrina	Cercopithecus_petaurista	11200	4400	29.8369393142	0.0399318809090375	0.24574736830759	0.237497714026175	0.237497714162146	0.0385913814580163	1730.89001088529	1732.89001088529	-1.99999999999886	BM	Cercopithecidae	OWM	Cercopithecidae	OWM	family
Mandrillus_leucophaeus	Hylobates_klossii	17500	5670	62.1515760363	0.0694697281108697	0.511901910790857	0.284339149246988	0.28433914940753	0.0385873992127654	1730.89001088529	1732.89001088529	-1.99999999999886	BM	Cercopithecidae	OWM	Hylobatidae	APE	order
Cacajao_calvus	Mandrillus_leucophaeus	3450	17500	78.065338353	0.0825063127605849	0.642973170078512	0.300514866029427	0.300514866198173	0.0385620655412442	1730.89001088529	1732.89001088529	-1.99999999999886	BM	Pitheciidae	PLA	Cercopithecidae	OWM	order
Papio_cynocephalus	Eulemur_fulvus	21800	2180	121.4130573123	0.115215221093429	0.999999999948935	0.33443227052542	0.334432270710834	0.0385316879913314	1730.89001088529	1732.89001088529	-1.99999999999886	BM	Cercopithecidae	OWM	Lemuridae	STR	order
Papio_cynocephalus	Lemur_catta	21800	2210	121.4130573139	0.115039051030595	0.999999999962113	0.333951897608124	0.333951897793307	0.0384175093921605	1730.89001088529	1732.89001088529	-1.99999999999886	BM	Cercopithecidae	OWM	Lemuridae	STR	order
Cercopithecus_mona	Semnopithecus_entellus	4768	13000	38.5936741533	0.0483410652416466	0.317870869951476	0.252294131359632	0.252294131503487	0.0383683068096247	1730.89001088529	1732.89001088529	-1.99999999999886	BM	Cercopithecidae	OWM	Cercopithecidae	OWM	family
Saimiri_oerstedii	Macaca_tonkeana	897	14900	78.0653383474	0.0822303129954783	0.642973170032388	0.299558293597787	0.299558293766053	0.038310731133146	1730.89001088529	1732.89001088529	-1.99999999999886	BM	Cebidae	PLA	Cercopithecidae	OWM	order
Macaca_tonkeana	Presbytis_comata	14900	6680	38.593674153	0.048270597216513	0.317870869949005	0.251938839203258	0.251938839346925	0.0382584230896254	1730.89001088529	1732.89001088529	-1.99999999999886	BM	Cercopithecidae	OWM	Cercopithecidae	OWM	family
Alouatta_caraya	Nasalis_larvatus	6420	20400	78.0653383552	0.0820952492806389	0.642973170096632	0.299090010359356	0.299090010527386	0.0381880148344448	1730.89001088529	1732.89001088529	-1.99999999999886	BM	Atelidae	PLA	Cercopithecidae	OWM	order
Cercocebus_torquatus	Cercopithecus_pogonias	11000	4260	29.8369393136	0.0395795407833695	0.245747368302649	0.235464346893918	0.235464347028798	0.0379233795474052	1730.89001088529	1732.89001088529	-1.99999999999886	BM	Cercopithecidae	OWM	Cercopithecidae	OWM	family
Macaca_fuscata	Cercopithecus_pogonias	11000	4260	29.8369393142	0.0395795407833695	0.24574736830759	0.235464346891621	0.2354643470265	0.0379233795462725	1730.89001088529	1732.89001088529	-1.99999999999886	BM	Cercopithecidae	OWM	Cercopithecidae	OWM	family
Macaca_mulatta	Cercopithecus_pogonias	11000	4260	29.8369393143	0.0395795407833695	0.245747368308414	0.235464346891238	0.235464347026117	0.0379233795460837	1730.89001088529	1732.89001088529	-1.99999999999886	BM	Cercopithecidae	OWM	Cercopithecidae	OWM	family
Papio_cynocephalus	Eulemur_macaco	21800	2370	121.413057313	0.114099477362147	0.9999999999547	0.33138759845349	0.331387598637439	0.037811151789553	1730.89001088529	1732.89001088529	-1.99999999999886	BM	Cercopithecidae	OWM	Lemuridae	STR	order
Nasalis_larvatus	Hapalemur_griseus	20400	987	121.4130573148	0.113999647659874	0.999999999969526	0.331114913652539	0.331114913836357	0.0377469834924695	1730.89001088529	1732.89001088529	-1.99999999999886	BM	Cercopithecidae	OWM	Lemuridae	STR	order
Plecturocebus_moloch	Macaca_tonkeana	1020	14900	78.0653383542	0.0815080157378589	0.642973170088395	0.297052676896102	0.297052677063106	0.0376565856707394	1730.89001088529	1732.89001088529	-1.99999999999886	BM	Pitheciidae	PLA	Cercopithecidae	OWM	order
Cercocebus_torquatus	Cercopithecus_cephus	11000	4290	29.8369393137	0.0394033707205356	0.245747368303472	0.234447053257588	0.23444705339192	0.0375914672764182	1730.89001088529	1732.89001088529	-1.99999999999886	BM	Cercopithecidae	OWM	Cercopithecidae	OWM	family
Cercocebus_torquatus	Chlorocebus_pygerythrus	11000	4290	29.8369393139	0.0394033707205356	0.245747368305119	0.234447053256825	0.234447053391158	0.037591467276044	1730.89001088529	1732.89001088529	-1.99999999999886	BM	Cercopithecidae	OWM	Cercopithecidae	OWM	family
Macaca_fuscata	Cercopithecus_cephus	11000	4290	29.8369393143	0.0394033707205356	0.245747368308414	0.2344470532553	0.234447053389632	0.0375914672752954	1730.89001088529	1732.89001088529	-1.99999999999886	BM	Cercopithecidae	OWM	Cercopithecidae	OWM	family
Macaca_mulatta	Cercopithecus_cephus	11000	4290	29.8369393144	0.0394033707205356	0.245747368309238	0.234447053254918	0.234447053389251	0.0375914672751083	1730.89001088529	1732.89001088529	-1.99999999999886	BM	Cercopithecidae	OWM	Cercopithecidae	OWM	family
Macaca_fuscata	Chlorocebus_pygerythrus	11000	4290	29.8369393145	0.0394033707205356	0.245747368310061	0.234447053254537	0.234447053388869	0.0375914672749211	1730.89001088529	1732.89001088529	-1.99999999999886	BM	Cercopithecidae	OWM	Cercopithecidae	OWM	family
Macaca_mulatta	Chlorocebus_pygerythrus	11000	4290	29.8369393146	0.0394033707205356	0.245747368310885	0.234447053254155	0.234447053388488	0.037591467274734	1730.89001088529	1732.89001088529	-1.99999999999886	BM	Cercopithecidae	OWM	Cercopithecidae	OWM	family
Nasalis_larvatus	Avahi_laniger	20400	1030	121.413057309	0.113747137236479	0.999999999921755	0.330424986618338	0.330424986801823	0.0375848963021787	1730.89001088529	1732.89001088529	-1.99999999999886	BM	Cercopithecidae	OWM	Indriidae	STR	order
Papio_hamadryas	Eulemur_mongoz	21000	1630	121.4130573129	0.113747137236479	0.999999999953876	0.330424986613346	0.330424986796831	0.0375848963004035	1730.89001088529	1732.89001088529	-1.99999999999886	BM	Cercopithecidae	OWM	Lemuridae	STR	order
Macaca_fascicularis	Colobus_guereza	5360	13500	38.5936741546	0.047800810382289	0.317870869962183	0.249568860611184	0.249568860753595	0.0375296855129203	1730.89001088529	1732.89001088529	-1.99999999999886	BM	Cercopithecidae	OWM	Cercopithecidae	OWM	family
Sapajus_apella	Mandrillus_leucophaeus	3650	17500	78.065338349	0.081331845675025	0.642973170045566	0.296441059810259	0.296441059976955	0.0374978298496035	1730.89001088529	1732.89001088529	-1.99999999999886	BM	Cebidae	PLA	Cercopithecidae	OWM	order
Alouatta_palliata	Papio_hamadryas	7150	21000	78.0653383559	0.081331845675025	0.642973170102397	0.296441059797778	0.296441059964474	0.0374978298447104	1730.89001088529	1732.89001088529	-1.99999999999886	BM	Atelidae	PLA	Cercopithecidae	OWM	order
Papio_hamadryas	Eulemur_coronatus	21000	1690	121.413057313	0.113394797110811	0.9999999999547	0.329461831642239	0.329461831825259	0.0373592575565202	1730.89001088529	1732.89001088529	-1.99999999999886	BM	Cercopithecidae	OWM	Lemuridae	STR	order
Mandrillus_leucophaeus	Hylobates_lar	17500	5900	62.1515760367	0.0681190909624758	0.511901910794152	0.279044426468192	0.279044426626017	0.0371326073772019	1730.89001088529	1732.89001088529	-1.99999999999886	BM	Cercopithecidae	OWM	Hylobatidae	APE	order
Alouatta_seniculus	Nasalis_larvatus	6690	20400	78.0653383554	0.080509718715133	0.642973170098279	0.29358431567328	0.293584315838531	0.0367610839351473	1730.89001088529	1732.89001088529	-1.99999999999886	BM	Atelidae	PLA	Cercopithecidae	OWM	order
Cercocebus_torquatus	Cercopithecus_petaurista	11000	4400	29.8369393137	0.0387574138234776	0.245747368303472	0.230713528265803	0.230713528398124	0.0363863904277097	1730.89001088529	1732.89001088529	-1.99999999999886	BM	Cercopithecidae	OWM	Cercopithecidae	OWM	family
Theropithecus_gelada	Erythrocebus_patas	19000	12400	29.836939314	0.0387574138234776	0.245747368305943	0.230713528264676	0.230713528396997	0.0363863904271661	1730.89001088529	1732.89001088529	-1.99999999999886	BM	Cercopithecidae	OWM	Cercopithecidae	OWM	family
Macaca_fuscata	Cercopithecus_petaurista	11000	4400	29.8369393143	0.0387574138234776	0.245747368308414	0.230713528263549	0.23071352839587	0.0363863904266225	1730.89001088529	1732.89001088529	-1.99999999999886	BM	Cercopithecidae	OWM	Cercopithecidae	OWM	family
Macaca_mulatta	Cercopithecus_petaurista	11000	4400	29.8369393144	0.0387574138234776	0.245747368309238	0.230713528263173	0.230713528395495	0.0363863904264413	1730.89001088529	1732.89001088529	-1.99999999999886	BM	Cercopithecidae	OWM	Cercopithecidae	OWM	family
Macaca_nigra	Rhinopithecus_roxellana	9890	17900	38.5936741534	0.0470374067766751	0.3178708699523	0.245712626318962	0.245712626459323	0.0363596851641817	1730.89001088529	1732.89001088529	-1.99999999999886	BM	Cercopithecidae	OWM	Cercopithecidae	OWM	family
Cheracebus_torquatus	Macaca_tonkeana	1280	14900	78.0653383533	0.079981208526631	0.642973170080983	0.291745647808447	0.291745647972766	0.0362910469361661	1730.89001088529	1732.89001088529	-1.99999999999886	BM	Pitheciidae	PLA	Cercopithecidae	OWM	order
Papio_hamadryas	Eulemur_rubriventer	21000	1980	121.4130573139	0.111691819836749	0.999999999962113	0.324798970289994	0.324798970470752	0.0362773880741661	1730.89001088529	1732.89001088529	-1.99999999999886	BM	Cercopithecidae	OWM	Lemuridae	STR	order
Theropithecus_gelada	Pygathrix_nemaeus	19000	11000	38.5936741528	0.0469786834223971	0.317870869947358	0.245415737616134	0.245415737756337	0.0362704146065721	1730.89001088529	1732.89001088529	-1.99999999999886	BM	Cercopithecidae	OWM	Cercopithecidae	OWM	family
Erythrocebus_patas	Nasalis_larvatus	12400	20400	38.593674153	0.0469786834223971	0.317870869949005	0.245415737615518	0.245415737755721	0.0362704146062931	1730.89001088529	1732.89001088529	-1.99999999999886	BM	Cercopithecidae	OWM	Cercopithecidae	OWM	family
Papio_hamadryas	Semnopithecus_entellus	21000	13000	38.5936741536	0.0469786834223971	0.317870869953947	0.245415737613672	0.245415737753875	0.0362704146054564	1730.89001088529	1732.89001088529	-1.99999999999886	BM	Cercopithecidae	OWM	Cercopithecidae	OWM	family
Ateles_geoffroyi	Papio_hamadryas	7450	21000	78.0653383529	0.0795701450466851	0.642973170077688	0.290314395556159	0.29031439571975	0.0359274066766318	1730.89001088529	1732.89001088529	-1.99999999999886	BM	Atelidae	PLA	Cercopithecidae	OWM	order
Papio_hamadryas	Eulemur_fulvus	21000	2180	121.4130573123	0.110517352751189	0.999999999948935	0.321575911683061	0.321575911862246	0.0355397184695769	1730.89001088529	1732.89001088529	-1.99999999999886	BM	Cercopithecidae	OWM	Lemuridae	STR	order
Papio_hamadryas	Lemur_catta	21000	2210	121.4130573139	0.110341182688355	0.999999999962113	0.321091943318846	0.321091943497795	0.0354296647788461	1730.89001088529	1732.89001088529	-1.99999999999886	BM	Cercopithecidae	OWM	Lemuridae	STR	order
Nasalis_larvatus	Eulemur_mongoz	20400	1630	121.413057312	0.110223735979799	0.999999999946464	0.320769224165421	0.320769224344212	0.0353563822767472	1730.89001088529	1732.89001088529	-1.99999999999886	BM	Cercopithecidae	OWM	Lemuridae	STR	order
Trachypithecus_cristatus	Pygathrix_nemaeus	6610	11000	17.7111143209	0.0257795525280404	0.145874873033127	0.19990232814724	0.199902328262735	0.0353274862338975	1730.89001088529	1732.89001088529	-1.99999999999886	BM	Cercopithecidae	OWM	Cercopithecidae	OWM	family
Theropithecus_gelada	Cheirogaleus_medius	19000	283	121.413057312	0.109912502202126	0.999999999946464	0.319913734148915	0.319913734327287	0.0351625190110154	1730.89001088529	1732.89001088529	-1.99999999999886	BM	Cercopithecidae	OWM	Cheirogaleidae	STR	order
Nasalis_larvatus	Eulemur_coronatus	20400	1690	121.4130573121	0.109871395854131	0.999999999947287	0.319800714080508	0.319800714258825	0.0351369508530255	1730.89001088529	1732.89001088529	-1.99999999999886	BM	Cercopithecidae	OWM	Lemuridae	STR	order
Cebuella_pygmaea	Colobus_guereza	110	13500	78.0653383527	0.0786305713782371	0.642973170076041	0.287039119834828	0.287039119996751	0.0351026311064419	1730.89001088529	1732.89001088529	-1.99999999999886	BM	Callitrichidae	PLA	Cercopithecidae	OWM	order
Papio_hamadryas	Eulemur_macaco	21000	2370	121.413057313	0.109401609019907	0.9999999999547	0.31850854646769	0.318508546645373	0.0348453474717357	1730.89001088529	1732.89001088529	-1.99999999999886	BM	Cercopithecidae	OWM	Lemuridae	STR	order
Theropithecus_gelada	Nomascus_concolor	19000	7790	62.151576036	0.0658288801456339	0.511901910788386	0.270035893067454	0.270035893220616	0.0347257161286609	1730.89001088529	1732.89001088529	-1.99999999999886	BM	Cercopithecidae	OWM	Hylobatidae	APE	order
Mandrillus_leucophaeus	Colobus_angolensis	17500	9680	38.593674154	0.0459216630453932	0.317870869957241	0.24006557900988	0.240065579147227	0.0346814120764569	1730.89001088529	1732.89001088529	-1.99999999999886	BM	Cercopithecidae	OWM	Cercopithecidae	OWM	family
Cebuella_pygmaea	Ateles_paniscus	110	9110	46.5475501497	0.0528510188501967	0.383381748040435	0.251200264005109	0.251200264148385	0.0346291652014383	1730.89001088529	1732.89001088529	-1.99999999999886	BM	Callitrichidae	PLA	Atelidae	PLA	superfamily
Macaca_nemestrina	Cercopithecus_mona	11200	4768	29.8369393141	0.0377708614716073	0.245747368306767	0.225001106396377	0.225001106525609	0.0345822039894533	1730.89001088529	1732.89001088529	-1.99999999999886	BM	Cercopithecidae	OWM	Cercopithecidae	OWM	family
Papio_cynocephalus	Propithecus_verreauxi	21800	3250	121.4130573129	0.108931822185683	0.999999999953876	0.317215443819703	0.317215443996751	0.0345548563223142	1730.89001088529	1732.89001088529	-1.99999999999886	BM	Cercopithecidae	OWM	Indriidae	STR	order
Cercopithecus_diana	Semnopithecus_entellus	5200	13000	38.5936741544	0.0458042163368372	0.317870869960536	0.239470401996697	0.239470402133725	0.0345069496323706	1730.89001088529	1732.89001088529	-1.99999999999886	BM	Cercopithecidae	OWM	Cercopithecidae	OWM	family
Piliocolobus_badius	Colobus_guereza	8360	13500	22.216371838	0.0301838040988901	0.182981734655774	0.208773621066324	0.208773621186704	0.0344383120595967	1730.89001088529	1732.89001088529	-1.99999999999886	BM	Cercopithecidae	OWM	Cercopithecidae	OWM	family
Alouatta_palliata	Nasalis_larvatus	7150	20400	78.065338355	0.0778084444183452	0.642973170094985	0.28416890324218	0.284168903402635	0.0343882783010602	1730.89001088529	1732.89001088529	-1.99999999999886	BM	Atelidae	PLA	Cercopithecidae	OWM	order
Nasalis_larvatus	Eulemur_rubriventer	20400	1980	121.413057313	0.108168418580069	0.9999999999547	0.315112166377577	0.315112166553589	0.0340851847139462	1730.89001088529	1732.89001088529	-1.99999999999886	BM	Cercopithecidae	OWM	Lemuridae	STR	order
Callithrix_jacchus	Colobus_guereza	317	13500	78.0653383523	0.0774149979446826	0.642973170072746	0.282793874413021	0.282793874572772	0.0340488347343885	1730.89001088529	1732.89001088529	-1.99999999999886	BM	Callitrichidae	PLA	Cercopithecidae	OWM	order
Cercopithecus_pogonias	Trachypithecus_pileatus	4260	12000	38.5936741537	0.0454518762111692	0.31787086995477	0.237684021589763	0.237684021725834	0.0339860797191261	1730.89001088529	1732.89001088529	-1.99999999999886	BM	Cercopithecidae	OWM	Cercopithecidae	OWM	family
Leontocebus_fuscicolis	Colobus_guereza	343	13500	78.0653383523	0.0772623172235598	0.642973170072746	0.282260033921783	0.28226003408126	0.0339175338808152	1730.89001088529	1732.89001088529	-1.99999999999886	BM	Callitrichidae	PLA	Cercopithecidae	OWM	order
Cercopithecus_cephus	Trachypithecus_pileatus	4290	12000	38.5936741538	0.0452757061483352	0.317870869955594	0.236790355655578	0.23679035579117	0.0337270620705805	1730.89001088529	1732.89001088529	-1.99999999999886	BM	Cercopithecidae	OWM	Cercopithecidae	OWM	family
Chlorocebus_pygerythrus	Trachypithecus_pileatus	4290	12000	38.593674154	0.0452757061483352	0.317870869957241	0.236790355654983	0.236790355790574	0.0337270620703209	1730.89001088529	1732.89001088529	-1.99999999999886	BM	Cercopithecidae	OWM	Cercopithecidae	OWM	family
Saguinus_oedipus	Colobus_guereza	418	13500	78.0653383522	0.0768218920664748	0.642973170071923	0.280719337829263	0.280719337987949	0.0335401097207207	1730.89001088529	1732.89001088529	-1.99999999999886	BM	Callitrichidae	PLA	Cercopithecidae	OWM	order
Pygathrix_nemaeus	Presbytis_comata	11000	6680	17.9572585518	0.0253684890480944	0.147902202188132	0.195454963667102	0.195454963780136	0.0335248362216911	1730.89001088529	1732.89001088529	-1.99999999999886	BM	Cercopithecidae	OWM	Cercopithecidae	OWM	family
Nasalis_larvatus	Eulemur_fulvus	20400	2180	121.4130573114	0.106993951494509	0.999999999941522	0.311871584052972	0.311871584227383	0.0333683731386308	1730.89001088529	1732.89001088529	-1.99999999999886	BM	Cercopithecidae	OWM	Lemuridae	STR	order
Nasalis_larvatus	Lemur_catta	20400	2210	121.413057313	0.106817781431675	0.9999999999547	0.31138500065181	0.31138500082598	0.0332614549422338	1730.89001088529	1732.89001088529	-1.99999999999886	BM	Cercopithecidae	OWM	Lemuridae	STR	order
Macaca_fascicularis	Semnopithecus_entellus	5360	13000	38.5936741543	0.0448646426683892	0.317870869959712	0.23470390948662	0.234703909621091	0.033126366795818	1730.89001088529	1732.89001088529	-1.99999999999886	BM	Cercopithecidae	OWM	Cercopithecidae	OWM	family
Callithrix_jacchus	Ateles_paniscus	317	9110	46.5475501493	0.0516354454166422	0.38338174803714	0.245610916261137	0.245610916401445	0.0330798978440279	1730.89001088529	1732.89001088529	-1.99999999999886	BM	Callitrichidae	PLA	Atelidae	PLA	superfamily
Saguinus_midas	Colobus_guereza	515	13500	78.0653383531	0.0762522755299783	0.642973170079336	0.278725012194423	0.278725012352083	0.0330549040239475	1730.89001088529	1732.89001088529	-1.99999999999886	BM	Callitrichidae	PLA	Cercopithecidae	OWM	order
Leontocebus_fuscicolis	Ateles_paniscus	343	9110	46.5475501493	0.0514827646955194	0.38338174803714	0.244907955466235	0.244907955606167	0.0328876862497572	1730.89001088529	1732.89001088529	-1.99999999999886	BM	Callitrichidae	PLA	Atelidae	PLA	superfamily
Ateles_geoffroyi	Nasalis_larvatus	7450	20400	78.065338352	0.0760467437900053	0.642973170070276	0.278004943778766	0.278004943936054	0.0328806421729664	1730.89001088529	1732.89001088529	-1.99999999999886	BM	Atelidae	PLA	Cercopithecidae	OWM	order
Cercopithecus_petaurista	Trachypithecus_pileatus	4400	12000	38.5936741538	0.0446297492512772	0.317870869955594	0.233510888376018	0.233510888509847	0.032785427608137	1730.89001088529	1732.89001088529	-1.99999999999886	BM	Cercopithecidae	OWM	Cercopithecidae	OWM	family
Mandrillus_leucophaeus	Colobus_polykomos	17500	9900	38.593674154	0.0446297492512772	0.317870869957241	0.23351088837543	0.233510888509259	0.0327854276078846	1730.89001088529	1732.89001088529	-1.99999999999886	BM	Cercopithecidae	OWM	Cercopithecidae	OWM	family
Nasalis_larvatus	Eulemur_macaco	20400	2370	121.4130573121	0.105878207763227	0.999999999947287	0.308787716742805	0.308787716915686	0.0326938900297507	1730.89001088529	1732.89001088529	-1.99999999999886	BM	Cercopithecidae	OWM	Lemuridae	STR	order
Trachypithecus_francoisi	Colobus_guereza	7700	13500	27.0170263242	0.0340595454812379	0.222521588047378	0.213511830141389	0.213511830264366	0.032680496096112	1730.89001088529	1732.89001088529	-1.99999999999886	BM	Cercopithecidae	OWM	Cercopithecidae	OWM	family
Theropithecus_gelada	Hapalemur_griseus	19000	987	121.4130573158	0.105778378060955	0.999999999977762	0.308511540981088	0.308511541153831	0.032633850418791	1730.89001088529	1732.89001088529	-1.99999999999886	BM	Cercopithecidae	OWM	Lemuridae	STR	order
Cebuella_pygmaea	Semnopithecus_entellus	110	13000	78.0653383524	0.0756944036643373	0.64297317007357	0.276769967838971	0.276769967995623	0.0325829111428889	1730.89001088529	1732.89001088529	-1.99999999999886	BM	Callitrichidae	PLA	Cercopithecidae	OWM	order
Cercocebus_torquatus	Cercopithecus_mona	11000	4768	29.8369393136	0.0365963943860473	0.245747368302649	0.218184716362429	0.218184716487957	0.0324917983218186	1730.89001088529	1732.89001088529	-1.99999999999886	BM	Cercopithecidae	OWM	Cercopithecidae	OWM	family
Macaca_fuscata	Cercopithecus_mona	11000	4768	29.8369393142	0.0365963943860473	0.24574736830759	0.218184716360291	0.218184716485818	0.0324917983208468	1730.89001088529	1732.89001088529	-1.99999999999886	BM	Cercopithecidae	OWM	Cercopithecidae	OWM	family
Macaca_mulatta	Cercopithecus_mona	11000	4768	29.8369393143	0.0365963943860473	0.245747368308414	0.218184716359935	0.218184716485462	0.0324917983206848	1730.89001088529	1732.89001088529	-1.99999999999886	BM	Cercopithecidae	OWM	Cercopithecidae	OWM	family
Theropithecus_gelada	Avahi_laniger	19000	1030	121.41305731	0.105525867637559	0.999999999929991	0.307812795623705	0.307812795796101	0.0324822123304083	1730.89001088529	1732.89001088529	-1.99999999999886	BM	Cercopithecidae	OWM	Indriidae	STR	order
Saguinus_oedipus	Ateles_paniscus	418	9110	46.5475501492	0.0510423395384344	0.383381748036316	0.242879049164555	0.242879049303405	0.0323362156850904	1730.89001088529	1732.89001088529	-1.99999999999886	BM	Callitrichidae	PLA	Atelidae	PLA	superfamily
Allochrocebus_lhoesti	Colobus_guereza	5970	13500	38.5936741533	0.0442186857713313	0.317870869951476	0.231421770239639	0.231421770372342	0.0321928415159084	1730.89001088529	1732.89001088529	-1.99999999999886	BM	Cercopithecidae	OWM	Cercopithecidae	OWM	family
Macaca_nigra	Cercopithecus_ascanius	9890	3700	29.8369393137	0.0363497562980797	0.245747368303472	0.216751123376064	0.21675112350081	0.032060772680688	1730.89001088529	1732.89001088529	-1.99999999999886	BM	Cercopithecidae	OWM	Cercopithecidae	OWM	family
Papio_hamadryas	Colobus_guereza	21000	13500	38.5936741539	0.0440425157084973	0.317870869956418	0.230525918157781	0.230525918290002	0.0319404586304869	1730.89001088529	1732.89001088529	-1.99999999999886	BM	Cercopithecidae	OWM	Cercopithecidae	OWM	family
Saimiri_sciureus	Colobus_guereza	779	13500	78.065338347	0.0747019789770392	0.642973170029094	0.273287585388835	0.273287585543685	0.0317511280563678	1730.89001088529	1732.89001088529	-1.99999999999886	BM	Cebidae	PLA	Cercopithecidae	OWM	order
Papio_hamadryas	Propithecus_verreauxi	21000	3250	121.4130573129	0.104233953843444	0.999999999953877	0.304233729818455	0.304233729989066	0.0317114845529782	1730.89001088529	1732.89001088529	-1.99999999999886	BM	Cercopithecidae	OWM	Indriidae	STR	order
Saguinus_midas	Ateles_paniscus	515	9110	46.5475501501	0.0504727230019379	0.383381748043729	0.240252514700511	0.240252514837958	0.0316295668400332	1730.89001088529	1732.89001088529	-1.99999999999886	BM	Callitrichidae	PLA	Atelidae	PLA	superfamily
Ateles_paniscus	Papio_cynocephalus	9110	21800	78.0653383529	0.0745199365787774	0.642973170077688	0.272648189338356	0.272648189492875	0.0315996478909965	1730.89001088529	1732.89001088529	-1.99999999999886	BM	Atelidae	PLA	Cercopithecidae	OWM	order
Papio_cynocephalus	Mandrillus_leucophaeus	21800	17500	18.5708053179	0.0252510423395384	0.15295558589867	0.191390609932181	0.19139061004296	0.0315961811161916	1730.89001088529	1732.89001088529	-1.99999999999886	BM	Cercopithecidae	OWM	Cercopithecidae	OWM	family
Aotus_trivirgatus	Colobus_guereza	813	13500	78.0653383561	0.074502319572494	0.642973170104045	0.272586302212595	0.272586302367081	0.0315850065644899	1730.89001088529	1732.89001088529	-1.99999999999886	BM	Aotidae	PLA	Cercopithecidae	OWM	order
Cercopithecus_neglectus	Cercopithecus_pogonias	7350	4260	11.975021079	0.0181455164719009	0.0986304219947794	0.171604155092984	0.1716041551927	0.0315708476138446	1730.89001088529	1732.89001088529	-1.99999999999886	BM	Cercopithecidae	OWM	Cercopithecidae	OWM	family
Callithrix_jacchus	Semnopithecus_entellus	317	13000	78.065338352	0.0744788302307828	0.642973170070276	0.272503783293148	0.272503783447592	0.0315654897558448	1730.89001088529	1732.89001088529	-1.99999999999886	BM	Callitrichidae	PLA	Cercopithecidae	OWM	order
Leontocebus_fuscicolis	Semnopithecus_entellus	343	13000	78.065338352	0.07432614950966	0.642973170070276	0.271967333283761	0.271967333437927	0.0314387685464122	1730.89001088529	1732.89001088529	-1.99999999999886	BM	Callitrichidae	PLA	Cercopithecidae	OWM	order
Rhinopithecus_roxellana	Cheirogaleus_medius	17900	283	121.4130573114	0.103452933231546	0.999999999941522	0.30206672421592	0.302066724385445	0.0312496886536088	1730.89001088529	1732.89001088529	-1.99999999999886	BM	Cercopithecidae	OWM	Cheirogaleidae	STR	order
Saimiri_oerstedii	Colobus_guereza	897	13500	78.0653383474	0.0740090433965588	0.642973170032388	0.270852742318657	0.270852742472244	0.0311763434224303	1730.89001088529	1732.89001088529	-1.99999999999886	BM	Cebidae	PLA	Cercopithecidae	OWM	order
Saguinus_oedipus	Semnopithecus_entellus	418	13000	78.0653383519	0.073885724352575	0.642973170069452	0.270419135474273	0.270419135627635	0.0310745683232095	1730.89001088529	1732.89001088529	-1.99999999999886	BM	Callitrichidae	PLA	Cercopithecidae	OWM	order
Alouatta_caraya	Theropithecus_gelada	6420	19000	78.0653383562	0.0738739796817194	0.642973170104868	0.270377835065081	0.270377835218421	0.0310648836105049	1730.89001088529	1732.89001088529	-1.99999999999886	BM	Atelidae	PLA	Cercopithecidae	OWM	order
Allenopithecus_nigroviridis	Colobus_guereza	6130	13500	38.59367415	0.0432791121028833	0.317870869924296	0.226640349961	0.226640350091121	0.0308577917672509	1730.89001088529	1732.89001088529	-1.99999999999886	BM	Cercopithecidae	OWM	Cercopithecidae	OWM	family
Cercopithecus_neglectus	Erythrocebus_patas	7350	12400	23.4097503946	0.0296552939103882	0.192810813858264	0.200015628340712	0.200015628456269	0.0307634313990037	1730.89001088529	1732.89001088529	-1.99999999999886	BM	Cercopithecidae	OWM	Cercopithecidae	OWM	family
Saguinus_midas	Semnopithecus_entellus	515	13000	78.0653383528	0.0733161078160785	0.642973170076865	0.268415164429143	0.268415164581462	0.0306064950305857	1730.89001088529	1732.89001088529	-1.99999999999886	BM	Callitrichidae	PLA	Cercopithecidae	OWM	order
Plecturocebus_moloch	Colobus_guereza	1020	13500	78.0653383542	0.0732867461389395	0.642973170088395	0.268311817171607	0.268311817323873	0.0305824580960816	1730.89001088529	1732.89001088529	-1.99999999999886	BM	Pitheciidae	PLA	Cercopithecidae	OWM	order
Trachypithecus_obscurus	Colobus_guereza	7900	13500	27.0170263233	0.032885078395678	0.222521588039966	0.206318674462447	0.206318674581478	0.0304905507998233	1730.89001088529	1732.89001088529	-1.99999999999886	BM	Cercopithecidae	OWM	Cercopithecidae	OWM	family
Theropithecus_gelada	Eulemur_mongoz	19000	1630	121.413057313	0.10200246638088	0.9999999999547	0.298035755589115	0.298035755756615	0.0304003821411559	1730.89001088529	1732.89001088529	-1.99999999999886	BM	Cercopithecidae	OWM	Lemuridae	STR	order
Cercopithecus_ascanius	Pygathrix_nemaeus	3700	11000	38.5936741525	0.0428680486229373	0.317870869944887	0.224545758957666	0.224545759086652	0.0302822291163093	1730.89001088529	1732.89001088529	-1.99999999999886	BM	Cercopithecidae	OWM	Cercopithecidae	OWM	family
Theropithecus_gelada	Eulemur_coronatus	19000	1690	121.4130573131	0.101650126255212	0.999999999955524	0.297055300591266	0.297055300758271	0.030195708811225	1730.89001088529	1732.89001088529	-1.99999999999886	BM	Cercopithecidae	OWM	Lemuridae	STR	order
Macaca_nemestrina	Cercopithecus_diana	11200	5200	29.8369393152	0.0352340125667978	0.245747368315827	0.210256690436126	0.21025669055732	0.0301455389892885	1730.89001088529	1732.89001088529	-1.99999999999886	BM	Cercopithecidae	OWM	Cercopithecidae	OWM	family
Mandrillus_leucophaeus	Cheirogaleus_medius	17500	283	121.413057312	0.101103999060426	0.999999999946464	0.295534618916177	0.295534619082415	0.0298797318348243	1730.89001088529	1732.89001088529	-1.99999999999886	BM	Cercopithecidae	OWM	Cheirogaleidae	STR	order
Alouatta_seniculus	Theropithecus_gelada	6690	19000	78.0653383564	0.0722884491162135	0.642973170106515	0.264795125307956	0.264795125458386	0.0297704940610112	1730.89001088529	1732.89001088529	-1.99999999999886	BM	Atelidae	PLA	Cercopithecidae	OWM	order
Saimiri_sciureus	Ateles_paniscus	779	9110	46.547550144	0.0489224264489988	0.383381747993487	0.233090044144955	0.233090044278557	0.0297440621530818	1730.89001088529	1732.89001088529	-1.99999999999886	BM	Cebidae	PLA	Atelidae	PLA	superfamily
Cercopithecus_mona	Trachypithecus_pileatus	4768	12000	38.5936741537	0.042468729813847	0.31787086995477	0.222509447793545	0.222509447921426	0.0297280893361412	1730.89001088529	1732.89001088529	-1.99999999999886	BM	Cercopithecidae	OWM	Cercopithecidae	OWM	family
Cebuella_pygmaea	Erythrocebus_patas	110	12400	78.0653383527	0.0721710024076575	0.642973170076041	0.264381030037355	0.264381030187569	0.0296756456464713	1730.89001088529	1732.89001088529	-1.99999999999886	BM	Callitrichidae	PLA	Cercopithecidae	OWM	order
Nasalis_larvatus	Propithecus_verreauxi	20400	3250	121.413057312	0.100710552586764	0.999999999946464	0.294438341087431	0.294438341253114	0.0296530480352327	1730.89001088529	1732.89001088529	-1.99999999999886	BM	Cercopithecidae	OWM	Indriidae	STR	order
Aotus_trivirgatus	Ateles_paniscus	813	9110	46.5475501531	0.0487227670444536	0.383381748068438	0.232166140962236	0.23216614109534	0.0295052564674871	1730.89001088529	1732.89001088529	-1.99999999999886	BM	Aotidae	PLA	Atelidae	PLA	superfamily
Papio_anubis	Rhinopithecus_roxellana	25100	17900	38.5936741533	0.0422808150801574	0.317870869951476	0.221550653642815	0.221550653770175	0.0294690174629396	1730.89001088529	1732.89001088529	-1.99999999999886	BM	Cercopithecidae	OWM	Cercopithecidae	OWM	family
Macaca_tonkeana	Trachypithecus_francoisi	14900	7700	38.5936741542	0.0422808150801574	0.317870869958889	0.221550653640299	0.221550653767659	0.0294690174619178	1730.89001088529	1732.89001088529	-1.99999999999886	BM	Cercopithecidae	OWM	Cercopithecidae	OWM	family
Cercopithecus_mitis	Cercopithecus_mona	7930	4768	12.9463432658	0.0185683246227024	0.106630568010804	0.168928125939282	0.168928126037491	0.0294166329492639	1730.89001088529	1732.89001088529	-1.99999999999886	BM	Cercopithecidae	OWM	Cercopithecidae	OWM	family
Saimiri_sciureus	Semnopithecus_entellus	779	13000	78.0653383467	0.0717658112631394	0.642973170026623	0.262951812205245	0.262951812354711	0.02934951410996	1730.89001088529	1732.89001088529	-1.99999999999886	BM	Cebidae	PLA	Cercopithecidae	OWM	order
Cheracebus_torquatus	Colobus_guereza	1280	13500	78.0653383533	0.0717599389277116	0.642973170080983	0.262931092191582	0.262931092341037	0.029344800056724	1730.89001088529	1732.89001088529	-1.99999999999886	BM	Pitheciidae	PLA	Cercopithecidae	OWM	order
Theropithecus_gelada	Eulemur_rubriventer	19000	1980	121.413057314	0.0999471489811498	0.999999999962936	0.292309492225438	0.292309492390043	0.0292155003691429	1730.89001088529	1732.89001088529	-1.99999999999886	BM	Cercopithecidae	OWM	Lemuridae	STR	order
Aotus_trivirgatus	Semnopithecus_entellus	813	13000	78.0653383558	0.0715661518585942	0.642973170101574	0.262247224951214	0.262247225100311	0.0291894368195622	1730.89001088529	1732.89001088529	-1.99999999999886	BM	Aotidae	PLA	Cercopithecidae	OWM	order
Saimiri_oerstedii	Ateles_paniscus	897	9110	46.5475501444	0.0482294908685184	0.383381747996782	0.229882144497552	0.229882144629425	0.0289192139344442	1730.89001088529	1732.89001088529	-1.99999999999886	BM	Cebidae	PLA	Atelidae	PLA	superfamily
Rhinopithecus_roxellana	Hapalemur_griseus	17900	987	121.4130573152	0.0993188090903752	0.99999999997282	0.290555569076917	0.290555569240631	0.02885763309608	1730.89001088529	1732.89001088529	-1.99999999999886	BM	Cercopithecidae	OWM	Lemuridae	STR	order
Saimiri_oerstedii	Semnopithecus_entellus	897	13000	78.0653383471	0.071072875682659	0.642973170029917	0.260505536219182	0.260505536367365	0.0287957234506206	1730.89001088529	1732.89001088529	-1.99999999999886	BM	Cebidae	PLA	Cercopithecidae	OWM	order
Rhinopithecus_roxellana	Avahi_laniger	17900	1030	121.4130573094	0.0990662986669799	0.999999999925049	0.289850286864193	0.289850287027548	0.0287143950893501	1730.89001088529	1732.89001088529	-1.99999999999886	BM	Cercopithecidae	OWM	Indriidae	STR	order
Callithrix_jacchus	Erythrocebus_patas	317	12400	78.0653383523	0.070955428974103	0.642973170072746	0.260090651025784	0.260090651173749	0.0287023542733521	1730.89001088529	1732.89001088529	-1.99999999999886	BM	Callitrichidae	PLA	Cercopithecidae	OWM	order
Leontocebus_fuscicolis	Erythrocebus_patas	343	12400	78.0653383523	0.0708027482529802	0.642973170072746	0.259551187147751	0.259551187295433	0.0285811884814808	1730.89001088529	1732.89001088529	-1.99999999999886	BM	Callitrichidae	PLA	Cercopithecidae	OWM	order
Theropithecus_gelada	Eulemur_fulvus	19000	2180	121.4130573124	0.0987726818955899	0.999999999949758	0.28902987900361	0.289029879166547	0.0285482562985787	1730.89001088529	1732.89001088529	-1.99999999999886	BM	Cercopithecidae	OWM	Lemuridae	STR	order
Theropithecus_gelada	Lemur_catta	19000	2210	121.413057314	0.0985965118327559	0.999999999962936	0.288537473462332	0.288537473625019	0.0284487884174768	1730.89001088529	1732.89001088529	-1.99999999999886	BM	Cercopithecidae	OWM	Lemuridae	STR	order
Rhinopithecus_roxellana	Nomascus_concolor	17900	7790	62.1515760354	0.0593693111750543	0.511901910783444	0.244429388160094	0.244429388299772	0.0283484083577562	1730.89001088529	1732.89001088529	-1.99999999999886	BM	Cercopithecidae	OWM	Hylobatidae	APE	order
Saguinus_oedipus	Erythrocebus_patas	418	12400	78.0653383522	0.0703623230958952	0.642973170071923	0.257994326907274	0.257994327054137	0.0282330290464951	1730.89001088529	1732.89001088529	-1.99999999999886	BM	Callitrichidae	PLA	Cercopithecidae	OWM	order
Plecturocebus_moloch	Semnopithecus_entellus	1020	13000	78.0653383539	0.0703505784250396	0.642973170085925	0.257952796143821	0.257952796290663	0.0282237724050741	1730.89001088529	1732.89001088529	-1.99999999999886	BM	Pitheciidae	PLA	Cercopithecidae	OWM	order
Cercocebus_torquatus	Cercopithecus_diana	11000	5200	29.8369393147	0.0340595454812379	0.245747368311709	0.203404639086577	0.203404639204004	0.0281910223643847	1730.89001088529	1732.89001088529	-1.99999999999886	BM	Cercopithecidae	OWM	Cercopithecidae	OWM	family
Macaca_fuscata	Cercopithecus_diana	11000	5200	29.8369393153	0.0340595454812379	0.24574736831665	0.203404639084577	0.203404639202004	0.0281910223635405	1730.89001088529	1732.89001088529	-1.99999999999886	BM	Cercopithecidae	OWM	Cercopithecidae	OWM	family
Macaca_mulatta	Cercopithecus_diana	11000	5200	29.8369393154	0.0340595454812379	0.245747368317474	0.203404639084243	0.203404639201671	0.0281910223633999	1730.89001088529	1732.89001088529	-1.99999999999886	BM	Cercopithecidae	OWM	Cercopithecidae	OWM	family
Allochrocebus_lhoesti	Semnopithecus_entellus	5970	13000	38.593674153	0.0412825180574314	0.317870869949005	0.216451436463421	0.216451436588004	0.0281109758053378	1730.89001088529	1732.89001088529	-1.99999999999886	BM	Cercopithecidae	OWM	Cercopithecidae	OWM	family
Theropithecus_gelada	Eulemur_macaco	19000	2370	121.4130573131	0.0976569381643079	0.999999999955524	0.285909281832888	0.285909281994234	0.0279210250577978	1730.89001088529	1732.89001088529	-1.99999999999886	BM	Cercopithecidae	OWM	Lemuridae	STR	order
Macaca_tonkeana	Trachypithecus_obscurus	14900	7900	38.5936741533	0.0411063479945975	0.317870869951476	0.215550601898267	0.215550602022357	0.0278745204095854	1730.89001088529	1732.89001088529	-1.99999999999886	BM	Cercopithecidae	OWM	Cercopithecidae	OWM	family
Theropithecus_gelada	Trachypithecus_pileatus	19000	12000	38.5936741541	0.0411063479945975	0.317870869958065	0.215550601896088	0.215550602020178	0.0278745204087258	1730.89001088529	1732.89001088529	-1.99999999999886	BM	Cercopithecidae	OWM	Cercopithecidae	OWM	family
Cebuella_pygmaea	Trachypithecus_pileatus	110	12000	78.0653383528	0.0698220682365377	0.642973170076864	0.256083136186458	0.256083136332315	0.0278087096649771	1730.89001088529	1732.89001088529	-1.99999999999886	BM	Callitrichidae	PLA	Cercopithecidae	OWM	order
Ateles_paniscus	Papio_hamadryas	9110	21000	78.0653383529	0.0698220682365377	0.642973170077688	0.2560831361863	0.256083136332156	0.0278087096649243	1730.89001088529	1732.89001088529	-1.99999999999886	BM	Atelidae	PLA	Cercopithecidae	OWM	order
Saguinus_midas	Erythrocebus_patas	515	12400	78.0653383531	0.0697927065593987	0.642973170079335	0.255979221794559	0.25597922194036	0.0277857359270629	1730.89001088529	1732.89001088529	-1.99999999999886	BM	Callitrichidae	PLA	Cercopithecidae	OWM	order
Semnopithecus_vetulus	Colobus_guereza	8170	13500	27.017026324	0.0312995478301721	0.222521588045731	0.196580115825133	0.196580115938791	0.0276506598382941	1730.89001088529	1732.89001088529	-1.99999999999886	BM	Cercopithecidae	OWM	Cercopithecidae	OWM	family
Alouatta_palliata	Theropithecus_gelada	7150	19000	78.065338356	0.0695871748194257	0.642973170103221	0.255251690630368	0.255251690775786	0.0276251713831199	1730.89001088529	1732.89001088529	-1.99999999999886	BM	Atelidae	PLA	Cercopithecidae	OWM	order
Cercopithecus_cephus	Cercopithecus_neglectus	4290	7350	12.9463432667	0.0179693464090669	0.106630568018217	0.163557094970062	0.16355709506524	0.0275625850241704	1730.89001088529	1732.89001088529	-1.99999999999886	BM	Cercopithecidae	OWM	Cercopithecidae	OWM	family
Mandrillus_leucophaeus	Hapalemur_griseus	17500	987	121.4130573158	0.0969698749192554	0.999999999977762	0.283985265310812	0.283985265471174	0.0275380156567134	1730.89001088529	1732.89001088529	-1.99999999999886	BM	Cercopithecidae	OWM	Lemuridae	STR	order
Mandrillus_leucophaeus	Avahi_laniger	17500	1030	121.41305731	0.09671736449586	0.999999999929991	0.283277693960012	0.283277694120011	0.0273978719821952	1730.89001088529	1732.89001088529	-1.99999999999886	BM	Cercopithecidae	OWM	Indriidae	STR	order
Cercocebus_torquatus	Rhinopithecus_roxellana	11000	17900	38.5936741534	0.0405191144518175	0.3178708699523	0.212545740026404	0.212545740148852	0.0270932821484034	1730.89001088529	1732.89001088529	-1.99999999999886	BM	Cercopithecidae	OWM	Cercopithecidae	OWM	family
Macaca_fuscata	Rhinopithecus_roxellana	11000	17900	38.593674154	0.0405191144518175	0.317870869957241	0.212545740024791	0.212545740147239	0.0270932821477767	1730.89001088529	1732.89001088529	-1.99999999999886	BM	Cercopithecidae	OWM	Cercopithecidae	OWM	family
Macaca_mulatta	Rhinopithecus_roxellana	11000	17900	38.5936741541	0.0405191144518175	0.317870869958065	0.212545740024523	0.212545740146971	0.0270932821476722	1730.89001088529	1732.89001088529	-1.99999999999886	BM	Cercopithecidae	OWM	Cercopithecidae	OWM	family
Cheracebus_torquatus	Semnopithecus_entellus	1280	13000	78.065338353	0.0688237712138117	0.642973170078512	0.252547442356907	0.252547442500896	0.027032648020574	1730.89001088529	1732.89001088529	-1.99999999999886	BM	Pitheciidae	PLA	Cercopithecidae	OWM	order
Callithrix_jacchus	Trachypithecus_pileatus	317	12000	78.0653383524	0.0686064948029831	0.64297317007357	0.251777201458868	0.251777201602449	0.0268651198329488	1730.89001088529	1732.89001088529	-1.99999999999886	BM	Callitrichidae	PLA	Cercopithecidae	OWM	order
Allenopithecus_nigroviridis	Semnopithecus_entellus	6130	13000	38.5936741497	0.0403429443889835	0.317870869921825	0.211643661897299	0.211643662019253	0.0268609969963697	1730.89001088529	1732.89001088529	-1.99999999999886	BM	Cercopithecidae	OWM	Cercopithecidae	OWM	family
Rhinopithecus_roxellana	Eulemur_mongoz	17900	1630	121.4130573124	0.0955428974103001	0.999999999949758	0.279983476342417	0.279983476500725	0.0267504325581067	1730.89001088529	1732.89001088529	-1.99999999999886	BM	Cercopithecidae	OWM	Lemuridae	STR	order
Leontocebus_fuscicolis	Trachypithecus_pileatus	343	12000	78.0653383524	0.0684538140818604	0.64297317007357	0.25123580067478	0.251235800818074	0.0267476927351897	1730.89001088529	1732.89001088529	-1.99999999999886	BM	Callitrichidae	PLA	Cercopithecidae	OWM	order
Saimiri_sciureus	Erythrocebus_patas	779	12400	78.065338347	0.0682424100064596	0.642973170029094	0.250485964376103	0.250485964519	0.0265855041525978	1730.89001088529	1732.89001088529	-1.99999999999886	BM	Cebidae	PLA	Cercopithecidae	OWM	order
Macaca_nigra	Cercopithecus_pogonias	9890	4260	29.8369393136	0.033061248458512	0.245747368302649	0.197568019037173	0.197568019151378	0.0265795129769193	1730.89001088529	1732.89001088529	-1.99999999999886	BM	Cercopithecidae	OWM	Cercopithecidae	OWM	family
Rhinopithecus_roxellana	Eulemur_coronatus	17900	1690	121.4130573125	0.0951905572846321	0.999999999950582	0.278994193213671	0.278994193371469	0.026557612732498	1730.89001088529	1732.89001088529	-1.99999999999886	BM	Cercopithecidae	OWM	Lemuridae	STR	order
Cercopithecus_nictitans	Colobus_guereza	6670	13500	38.5936741538	0.0401080509718715	0.317870869955594	0.210440449586428	0.210440449707722	0.0265527831466127	1730.89001088529	1732.89001088529	-1.99999999999886	BM	Cercopithecidae	OWM	Cercopithecidae	OWM	family
Cebus_olivaceus	Macaca_tonkeana	3290	14900	78.065338348	0.0681778143167538	0.64297317003733	0.250256800456523	0.250256800599299	0.0265360398662345	1730.89001088529	1732.89001088529	-1.99999999999886	BM	Cebidae	PLA	Cercopithecidae	OWM	order
Aotus_trivirgatus	Erythrocebus_patas	813	12400	78.0653383561	0.0680427506019144	0.642973170104044	0.249777568156071	0.249777568298592	0.0264327557761796	1730.89001088529	1732.89001088529	-1.99999999999886	BM	Aotidae	PLA	Cercopithecidae	OWM	order
Saguinus_oedipus	Trachypithecus_pileatus	418	12000	78.0653383523	0.0680133889247754	0.642973170072746	0.249673374465698	0.249673374608164	0.0264103280075828	1730.89001088529	1732.89001088529	-1.99999999999886	BM	Callitrichidae	PLA	Cercopithecidae	OWM	order
Cercopithecus_diana	Trachypithecus_pileatus	5200	12000	38.5936741548	0.0399318809090375	0.31787086996383	0.209537710765263	0.209537710886062	0.0263227483323115	1730.89001088529	1732.89001088529	-1.99999999999886	BM	Cercopithecidae	OWM	Cercopithecidae	OWM	family
Macaca_nigra	Cercopithecus_cephus	9890	4290	29.8369393137	0.032885078395678	0.245747368303472	0.196536872018229	0.196536872131862	0.0262998968761264	1730.89001088529	1732.89001088529	-1.99999999999886	BM	Cercopithecidae	OWM	Cercopithecidae	OWM	family
Macaca_nigra	Chlorocebus_pygerythrus	9890	4290	29.8369393139	0.032885078395678	0.245747368305119	0.196536872017583	0.196536872131217	0.0262998968758638	1730.89001088529	1732.89001088529	-1.99999999999886	BM	Cercopithecidae	OWM	Cercopithecidae	OWM	family
Ateles_geoffroyi	Theropithecus_gelada	7450	19000	78.065338353	0.0678254741910858	0.642973170078512	0.249006427028235	0.249006427170347	0.0262670042480245	1730.89001088529	1732.89001088529	-1.99999999999886	BM	Atelidae	PLA	Cercopithecidae	OWM	order
Cercopithecus_nictitans	Cercopithecus_cephus	6670	4290	9.5808815419	0.0139761583181631	0.0789114593891388	0.148066237660288	0.148066237746675	0.0262242923288246	1730.89001088529	1732.89001088529	-1.99999999999886	BM	Cercopithecidae	OWM	Cercopithecidae	OWM	family
Mandrillus_leucophaeus	Nomascus_concolor	17500	7790	62.151576036	0.0570203770039345	0.511901910788386	0.235049236035008	0.235049236169664	0.0261819613694378	1730.89001088529	1732.89001088529	-1.99999999999886	BM	Cercopithecidae	OWM	Hylobatidae	APE	order
Saimiri_oerstedii	Erythrocebus_patas	897	12400	78.0653383474	0.0675494744259792	0.642973170032388	0.248026510728	0.248026510869591	0.0260571688279651	1730.89001088529	1732.89001088529	-1.99999999999886	BM	Cebidae	PLA	Cercopithecidae	OWM	order
Saguinus_midas	Trachypithecus_pileatus	515	12000	78.0653383532	0.0674437723882788	0.642973170080159	0.247651117615681	0.247651117757073	0.0259770179929787	1730.89001088529	1732.89001088529	-1.99999999999886	BM	Callitrichidae	PLA	Cercopithecidae	OWM	order
Alouatta_caraya	Rhinopithecus_roxellana	6420	17900	78.0653383556	0.0674144107111398	0.642973170099926	0.247546831349519	0.247546831490856	0.0259547746856127	1730.89001088529	1732.89001088529	-1.99999999999886	BM	Atelidae	PLA	Cercopithecidae	OWM	order
Ateles_paniscus	Plecturocebus_moloch	9110	1020	49.0936032072	0.0475071936108991	0.404351923025988	0.220738091234884	0.220738091361802	0.0259344562012185	1730.89001088529	1732.89001088529	-1.99999999999886	BM	Atelidae	PLA	Pitheciidae	PLA	superfamily
Cercopithecus_pogonias	Pygathrix_nemaeus	4260	11000	38.5936741524	0.0395795407833695	0.317870869944063	0.207731390603387	0.207731390723195	0.025865575690593	1730.89001088529	1732.89001088529	-1.99999999999886	BM	Cercopithecidae	OWM	Cercopithecidae	OWM	family
Cacajao_calvus	Macaca_tonkeana	3450	14900	78.065338353	0.0672382406483058	0.642973170078512	0.246921018949728	0.246921019090732	0.0258215049490158	1730.89001088529	1732.89001088529	-1.99999999999886	BM	Pitheciidae	PLA	Cercopithecidae	OWM	order
Macaca_tonkeana	Semnopithecus_vetulus	14900	8170	38.593674154	0.0395208174290915	0.317870869957241	0.207430228519474	0.207430228639116	0.0257897560468363	1730.89001088529	1732.89001088529	-1.99999999999886	BM	Cercopithecidae	OWM	Cercopithecidae	OWM	family
Cercopithecus_cephus	Pygathrix_nemaeus	4290	11000	38.5936741525	0.0394033707205356	0.317870869944887	0.206827811561906	0.206827811681217	0.0256384390796925	1730.89001088529	1732.89001088529	-1.99999999999886	BM	Cercopithecidae	OWM	Cercopithecidae	OWM	family
Chlorocebus_pygerythrus	Pygathrix_nemaeus	4290	11000	38.5936741527	0.0394033707205356	0.317870869946534	0.206827811561382	0.206827811680693	0.0256384390794947	1730.89001088529	1732.89001088529	-1.99999999999886	BM	Cercopithecidae	OWM	Cercopithecidae	OWM	family
Rhinopithecus_roxellana	Eulemur_rubriventer	17900	1980	121.4130573134	0.0934875800105702	0.999999999957995	0.27420610054177	0.274206100697096	0.0256348647648619	1730.89001088529	1732.89001088529	-1.99999999999886	BM	Cercopithecidae	OWM	Lemuridae	STR	order
Cercopithecus_petaurista	Cercopithecus_neglectus	4400	7350	12.9463432667	0.0173233895120089	0.106630568018217	0.157756256215925	0.15775625630782	0.0256293586836924	1730.89001088529	1732.89001088529	-1.99999999999886	BM	Cercopithecidae	OWM	Cercopithecidae	OWM	family
Macaca_nemestrina	Rhinopithecus_roxellana	11200	17900	38.5936741539	0.0393446473662576	0.317870869956418	0.206526556762087	0.206526556881233	0.0255629417967295	1730.89001088529	1732.89001088529	-1.99999999999886	BM	Cercopithecidae	OWM	Cercopithecidae	OWM	family
Plecturocebus_moloch	Erythrocebus_patas	1020	12400	78.0653383542	0.0668271771683599	0.642973170088395	0.245460159551484	0.245460159691711	0.0255118103417376	1730.89001088529	1732.89001088529	-1.99999999999886	BM	Pitheciidae	PLA	Cercopithecidae	OWM	order
Mandrillus_leucophaeus	Eulemur_mongoz	17500	1630	121.413057313	0.0931939632391802	0.9999999999547	0.273379476958041	0.273379477112939	0.0254773169271281	1730.89001088529	1732.89001088529	-1.99999999999886	BM	Cercopithecidae	OWM	Lemuridae	STR	order
Mandrillus_leucophaeus	Eulemur_coronatus	17500	1690	121.4130573131	0.0928416231135122	0.999999999955524	0.272387108431835	0.272387108586218	0.0252888612631325	1730.89001088529	1732.89001088529	-1.99999999999886	BM	Cercopithecidae	OWM	Lemuridae	STR	order
Macaca_nigra	Cercopithecus_petaurista	9890	4400	29.8369393137	0.03223912149862	0.245747368303472	0.192753085111128	0.192753085222664	0.0252869040797118	1730.89001088529	1732.89001088529	-1.99999999999886	BM	Cercopithecidae	OWM	Cercopithecidae	OWM	family
Ateles_paniscus	Nasalis_larvatus	9110	20400	78.065338352	0.0662986669798579	0.642973170070276	0.243580621304509	0.243580621443734	0.0251162431752004	1730.89001088529	1732.89001088529	-1.99999999999886	BM	Atelidae	PLA	Cercopithecidae	OWM	order
Macaca_fascicularis	Trachypithecus_pileatus	5360	12000	38.5936741547	0.0389923072405896	0.317870869963007	0.204718382267222	0.204718382385373	0.0251122163540465	1730.89001088529	1732.89001088529	-1.99999999999886	BM	Cercopithecidae	OWM	Cercopithecidae	OWM	family
Theropithecus_gelada	Propithecus_verreauxi	19000	3250	121.413057313	0.0924892829878443	0.9999999999547	0.271394282916708	0.271394283070577	0.0251010626351036	1730.89001088529	1732.89001088529	-1.99999999999886	BM	Cercopithecidae	OWM	Indriidae	STR	order
Rhinopithecus_roxellana	Eulemur_fulvus	17900	2180	121.4130573118	0.0923131129250103	0.999999999944817	0.270897699265942	0.270897699419553	0.0250074099048424	1730.89001088529	1732.89001088529	-1.99999999999886	BM	Cercopithecidae	OWM	Lemuridae	STR	order
Sapajus_apella	Macaca_tonkeana	3650	14900	78.065338349	0.0660637735627459	0.642973170045567	0.242744807444849	0.242744807583628	0.0249413797335158	1730.89001088529	1732.89001088529	-1.99999999999886	BM	Cebidae	PLA	Cercopithecidae	OWM	order
Rhinopithecus_roxellana	Lemur_catta	17900	2210	121.4130573134	0.0921369428621763	0.999999999957995	0.270401001936967	0.270401002090319	0.024913921666388	1730.89001088529	1732.89001088529	-1.99999999999886	BM	Cercopithecidae	OWM	Lemuridae	STR	order
Saimiri_sciureus	Trachypithecus_pileatus	779	12000	78.0653383471	0.0658934758353397	0.642973170029917	0.242138664781855	0.24213866492031	0.0248149674050353	1730.89001088529	1732.89001088529	-1.99999999999886	BM	Cebidae	PLA	Cercopithecidae	OWM	order
Cercopithecus_petaurista	Pygathrix_nemaeus	4400	11000	38.5936741525	0.0387574138234776	0.317870869944887	0.203512320789435	0.203512320906922	0.0248138850734577	1730.89001088529	1732.89001088529	-1.99999999999886	BM	Cercopithecidae	OWM	Cercopithecidae	OWM	family
Alouatta_seniculus	Rhinopithecus_roxellana	6690	17900	78.0653383558	0.0658288801456339	0.642973170101574	0.241908709613299	0.241908709751632	0.0247670979005285	1730.89001088529	1732.89001088529	-1.99999999999886	BM	Atelidae	PLA	Cercopithecidae	OWM	order
Aotus_trivirgatus	Trachypithecus_pileatus	813	12000	78.0653383562	0.0656938164307945	0.642973170104868	0.241427825141168	0.241427825279243	0.0246671493672482	1730.89001088529	1732.89001088529	-1.99999999999886	BM	Aotidae	PLA	Cercopithecidae	OWM	order
Rhinopithecus_roxellana	Eulemur_macaco	17900	2370	121.4130573125	0.0911973691937283	0.999999999950582	0.267750037569093	0.267750037721066	0.0244180990290299	1730.89001088529	1732.89001088529	-1.99999999999886	BM	Cercopithecidae	OWM	Lemuridae	STR	order
Mandrillus_leucophaeus	Eulemur_rubriventer	17500	1980	121.413057314	0.0911386458394503	0.999999999962937	0.267584245777557	0.267584245929443	0.0243872658090411	1730.89001088529	1732.89001088529	-1.99999999999886	BM	Cercopithecidae	OWM	Lemuridae	STR	order
Cheracebus_torquatus	Erythrocebus_patas	1280	12400	78.0653383533	0.065300369957132	0.642973170080983	0.240026456034867	0.240026456172193	0.0243770924012303	1730.89001088529	1732.89001088529	-1.99999999999886	BM	Pitheciidae	PLA	Cercopithecidae	OWM	order
Macaca_tonkeana	Piliocolobus_badius	14900	8360	38.593674154	0.0384050736978096	0.317870869957241	0.201702317700997	0.201702317817486	0.0243696202088848	1730.89001088529	1732.89001088529	-1.99999999999886	BM	Cercopithecidae	OWM	Cercopithecidae	OWM	family
Ateles_paniscus	Cheracebus_torquatus	9110	1280	49.0936032063	0.0459803863996711	0.404351923018575	0.21381910412639	0.213819104249534	0.0243141789804503	1730.89001088529	1732.89001088529	-1.99999999999886	BM	Atelidae	PLA	Pitheciidae	PLA	superfamily
Saimiri_oerstedii	Trachypithecus_pileatus	897	12000	78.0653383475	0.0652005402548594	0.642973170033212	0.239670759217116	0.239670759354252	0.0243037559147936	1730.89001088529	1732.89001088529	-1.99999999999886	BM	Cebidae	PLA	Cercopithecidae	OWM	order
Cebuella_pygmaea	Macaca_nemestrina	110	11200	78.0653383532	0.065124199894298	0.642973170080159	0.239398721551973	0.239398721688963	0.0242477461304434	1730.89001088529	1732.89001088529	-1.99999999999886	BM	Callitrichidae	PLA	Cercopithecidae	OWM	order
Alouatta_caraya	Mandrillus_leucophaeus	6420	17500	78.0653383562	0.06506547654002	0.642973170104868	0.239189441663657	0.239189441800535	0.0242047036000723	1730.89001088529	1732.89001088529	-1.99999999999886	BM	Atelidae	PLA	Cercopithecidae	OWM	order
Cercopithecus_mitis	Erythrocebus_patas	7930	12400	23.4097503938	0.0262493393622644	0.192810813851675	0.177451004032663	0.177451004135661	0.0241582488657051	1730.89001088529	1732.89001088529	-1.99999999999886	BM	Cercopithecidae	OWM	Cercopithecidae	OWM	family
Theropithecus_gelada	Papio_cynocephalus	19000	21800	12.5784127639	0.016442539197839	0.103600164938631	0.151981521926804	0.151981522015421	0.0241212176940935	1730.89001088529	1732.89001088529	-1.99999999999886	BM	Cercopithecidae	OWM	Cercopithecidae	OWM	family
Mandrillus_leucophaeus	Pygathrix_nemaeus	17500	11000	38.5936741528	0.0381701802806976	0.317870869947358	0.200495045757055	0.200495045872878	0.0240756003945908	1730.89001088529	1732.89001088529	-1.99999999999886	BM	Cercopithecidae	OWM	Cercopithecidae	OWM	family
Cercopithecus_nictitans	Cercopithecus_petaurista	6670	4400	9.5808815419	0.0133302014211052	0.0789114593891388	0.141296578735111	0.141296578817636	0.023868673437705	1730.89001088529	1732.89001088529	-1.99999999999886	BM	Cercopithecidae	OWM	Cercopithecidae	OWM	family
Plecturocebus_moloch	Trachypithecus_pileatus	1020	12000	78.0653383543	0.06447824299724	0.642973170089219	0.237095682463269	0.237095682599024	0.0237762845148605	1730.89001088529	1732.89001088529	-1.99999999999886	BM	Pitheciidae	PLA	Cercopithecidae	OWM	order
Mandrillus_leucophaeus	Eulemur_fulvus	17500	2180	121.4130573124	0.0899641787538904	0.999999999949758	0.264265796793686	0.26426579694384	0.0237744553824809	1730.89001088529	1732.89001088529	-1.99999999999886	BM	Cercopithecidae	OWM	Lemuridae	STR	order
Macaca_tonkeana	Hylobates_klossii	14900	5670	62.1515760363	0.0542016559985906	0.511901910790857	0.223747488708377	0.22374748883693	0.0236910317345442	1730.89001088529	1732.89001088529	-1.99999999999886	BM	Cercopithecidae	OWM	Hylobatidae	APE	order
Mandrillus_leucophaeus	Lemur_catta	17500	2210	121.413057314	0.0897880086910564	0.999999999962937	0.263767602101302	0.263767602251195	0.0236831677507686	1730.89001088529	1732.89001088529	-1.99999999999886	BM	Cercopithecidae	OWM	Lemuridae	STR	order
Cebuella_pygmaea	Pygathrix_nemaeus	110	11000	78.0653383515	0.063949732808738	0.642973170066157	0.235209814439679	0.235209814574422	0.0233938296147919	1730.89001088529	1732.89001088529	-1.99999999999886	BM	Callitrichidae	PLA	Cercopithecidae	OWM	order
Cebuella_pygmaea	Cercocebus_torquatus	110	11000	78.0653383527	0.063949732808738	0.642973170076041	0.235209814437925	0.235209814572667	0.0233938296142578	1730.89001088529	1732.89001088529	-1.99999999999886	BM	Callitrichidae	PLA	Cercopithecidae	OWM	order
Cebuella_pygmaea	Macaca_fuscata	110	11000	78.0653383533	0.063949732808738	0.642973170080983	0.235209814437047	0.23520981457179	0.0233938296139908	1730.89001088529	1732.89001088529	-1.99999999999886	BM	Callitrichidae	PLA	Cercopithecidae	OWM	order
Cebuella_pygmaea	Macaca_mulatta	110	11000	78.0653383534	0.063949732808738	0.642973170081806	0.235209814436901	0.235209814571644	0.0233938296139463	1730.89001088529	1732.89001088529	-1.99999999999886	BM	Callitrichidae	PLA	Cercopithecidae	OWM	order
Callithrix_jacchus	Macaca_nemestrina	317	11200	78.0653383528	0.0639086264607434	0.642973170076865	0.235063077178344	0.235063077313008	0.0233642072379284	1730.89001088529	1732.89001088529	-1.99999999999886	BM	Callitrichidae	PLA	Cercopithecidae	OWM	order
Leontocebus_fuscicolis	Macaca_nemestrina	343	11200	78.0653383528	0.0637559457396207	0.642973170076865	0.234517979232578	0.234517979366949	0.0232543382131019	1730.89001088529	1732.89001088529	-1.99999999999886	BM	Callitrichidae	PLA	Cercopithecidae	OWM	order
Mandrillus_leucophaeus	Eulemur_macaco	17500	2370	121.4130573131	0.0888484350226085	0.999999999955524	0.261108695077993	0.261108695226492	0.0231990989295069	1730.89001088529	1732.89001088529	-1.99999999999886	BM	Cercopithecidae	OWM	Lemuridae	STR	order
Cebuella_pygmaea	Ateles_geoffroyi	110	7450	46.5475501497	0.0431029420400493	0.383381748040435	0.206030233346323	0.206030233465196	0.0231636202083563	1730.89001088529	1732.89001088529	-1.99999999999886	BM	Callitrichidae	PLA	Atelidae	PLA	superfamily
Alouatta_seniculus	Mandrillus_leucophaeus	6690	17500	78.0653383564	0.0634799459745141	0.642973170106515	0.2335323152523	0.233532315386141	0.0230563566953553	1730.89001088529	1732.89001088529	-1.99999999999886	BM	Atelidae	PLA	Cercopithecidae	OWM	order
Macaca_nemestrina	Allochrocebus_lhoesti	11200	5970	29.8369393138	0.0307123142873921	0.245747368304296	0.183791792619729	0.183791792726275	0.0229694069048618	1730.89001088529	1732.89001088529	-1.99999999999886	BM	Cercopithecidae	OWM	Cercopithecidae	OWM	family
Saguinus_oedipus	Macaca_nemestrina	418	11200	78.0653383527	0.0633155205825357	0.642973170076041	0.232944931375615	0.232944931509139	0.0229387947795175	1730.89001088529	1732.89001088529	-1.99999999999886	BM	Callitrichidae	PLA	Cercopithecidae	OWM	order
Cercopithecus_nictitans	Semnopithecus_entellus	6670	13000	38.5936741535	0.0371718832579717	0.317870869953123	0.195358825493551	0.195358825606532	0.0228453002180781	1730.89001088529	1732.89001088529	-1.99999999999886	BM	Cercopithecidae	OWM	Cercopithecidae	OWM	family
Alouatta_palliata	Rhinopithecus_roxellana	7150	17900	78.0653383554	0.0631276058488461	0.642973170098279	0.232273471601573	0.232273471734736	0.0228047900694923	1730.89001088529	1732.89001088529	-1.99999999999886	BM	Atelidae	PLA	Cercopithecidae	OWM	order
Macaca_silenus	Cercopithecus_ascanius	8900	3700	29.8369393147	0.0305361442245581	0.245747368311709	0.182756225120719	0.182756225226687	0.0227089733923152	1730.89001088529	1732.89001088529	-1.99999999999886	BM	Cercopithecidae	OWM	Cercopithecidae	OWM	family
Cheracebus_torquatus	Trachypithecus_pileatus	1280	12000	78.0653383534	0.0629514357860121	0.642973170081806	0.231643819690306	0.231643819823129	0.0226795016012963	1730.89001088529	1732.89001088529	-1.99999999999886	BM	Pitheciidae	PLA	Cercopithecidae	OWM	order
Macaca_tonkeana	Hylobates_lar	14900	5900	62.1515760367	0.0528510188501967	0.511901910794152	0.21831506904595	0.218315069171548	0.0225398139489838	1730.89001088529	1732.89001088529	-1.99999999999886	BM	Cercopithecidae	OWM	Hylobatidae	APE	order
Saguinus_midas	Macaca_nemestrina	515	11200	78.0653383536	0.0627459040460391	0.642973170083454	0.230909032605134	0.230909032737561	0.0225337489608236	1730.89001088529	1732.89001088529	-1.99999999999886	BM	Callitrichidae	PLA	Cercopithecidae	OWM	order
Callithrix_jacchus	Pygathrix_nemaeus	317	11000	78.0653383511	0.0627341593751835	0.642973170062863	0.230867038503444	0.230867038635848	0.0225254338163685	1730.89001088529	1732.89001088529	-1.99999999999886	BM	Callitrichidae	PLA	Cercopithecidae	OWM	order
Callithrix_jacchus	Cercocebus_torquatus	317	11000	78.0653383523	0.0627341593751835	0.642973170072746	0.23086703850172	0.230867038634124	0.022525433815854	1730.89001088529	1732.89001088529	-1.99999999999886	BM	Callitrichidae	PLA	Cercopithecidae	OWM	order
Callithrix_jacchus	Macaca_fuscata	317	11000	78.0653383529	0.0627341593751835	0.642973170077688	0.230867038500858	0.230867038633262	0.0225254338155968	1730.89001088529	1732.89001088529	-1.99999999999886	BM	Callitrichidae	PLA	Cercopithecidae	OWM	order
Callithrix_jacchus	Macaca_mulatta	317	11000	78.065338353	0.0627341593751835	0.642973170078512	0.230867038500714	0.230867038633118	0.0225254338155539	1730.89001088529	1732.89001088529	-1.99999999999886	BM	Callitrichidae	PLA	Cercopithecidae	OWM	order
Leontocebus_fuscicolis	Pygathrix_nemaeus	343	11000	78.0653383511	0.0625814786540607	0.642973170062863	0.230321053543931	0.23032105367604	0.0224174705369604	1730.89001088529	1732.89001088529	-1.99999999999886	BM	Callitrichidae	PLA	Cercopithecidae	OWM	order
Leontocebus_fuscicolis	Cercocebus_torquatus	343	11000	78.0653383523	0.0625814786540607	0.642973170072746	0.23032105354221	0.23032105367432	0.0224174705364484	1730.89001088529	1732.89001088529	-1.99999999999886	BM	Callitrichidae	PLA	Cercopithecidae	OWM	order
Leontocebus_fuscicolis	Macaca_fuscata	343	11000	78.0653383529	0.0625814786540607	0.642973170077688	0.23032105354135	0.23032105367346	0.0224174705361924	1730.89001088529	1732.89001088529	-1.99999999999886	BM	Callitrichidae	PLA	Cercopithecidae	OWM	order
Leontocebus_fuscicolis	Macaca_mulatta	343	11000	78.065338353	0.0625814786540607	0.642973170078512	0.230321053541207	0.230321053673317	0.0224174705361497	1730.89001088529	1732.89001088529	-1.99999999999886	BM	Callitrichidae	PLA	Cercopithecidae	OWM	order
Cercopithecus_mona	Pygathrix_nemaeus	4768	11000	38.5936741524	0.0365963943860473	0.317870869944063	0.192394094098045	0.192394094209381	0.0221502843163872	1730.89001088529	1732.89001088529	-1.99999999999886	BM	Cercopithecidae	OWM	Cercopithecidae	OWM	family
Saguinus_oedipus	Pygathrix_nemaeus	418	11000	78.065338351	0.0621410534969757	0.642973170062039	0.228745457948906	0.228745458080165	0.0221074290521666	1730.89001088529	1732.89001088529	-1.99999999999886	BM	Callitrichidae	PLA	Cercopithecidae	OWM	order
Saguinus_oedipus	Cercocebus_torquatus	418	11000	78.0653383522	0.0621410534969757	0.642973170071923	0.228745457947197	0.228745458078456	0.0221074290516616	1730.89001088529	1732.89001088529	-1.99999999999886	BM	Callitrichidae	PLA	Cercopithecidae	OWM	order
Saguinus_oedipus	Macaca_fuscata	418	11000	78.0653383528	0.0621410534969757	0.642973170076864	0.228745457946343	0.228745458077602	0.0221074290514091	1730.89001088529	1732.89001088529	-1.99999999999886	BM	Callitrichidae	PLA	Cercopithecidae	OWM	order
Saguinus_oedipus	Macaca_mulatta	418	11000	78.0653383529	0.0621410534969757	0.642973170077688	0.2287454579462	0.228745458077459	0.0221074290513671	1730.89001088529	1732.89001088529	-1.99999999999886	BM	Callitrichidae	PLA	Cercopithecidae	OWM	order
Cercopithecus_neglectus	Cercopithecus_mona	7350	4768	11.975021079	0.0151623700745787	0.0986304219947794	0.143729661744302	0.143729661828218	0.0220954374723904	1730.89001088529	1732.89001088529	-1.99999999999886	BM	Cercopithecidae	OWM	Cercopithecidae	OWM	family
Macaca_nigra	Cercopithecus_mona	9890	4768	29.8369393136	0.0300781020611897	0.245747368302649	0.18006226058418	0.180062260688641	0.0220386126151697	1730.89001088529	1732.89001088529	-1.99999999999886	BM	Cercopithecidae	OWM	Cercopithecidae	OWM	family
Cercopithecus_ascanius	Colobus_polykomos	3700	9900	38.5936741537	0.0364084796523577	0.31787086995477	0.191425417512942	0.191425417623741	0.0219255964519672	1730.89001088529	1732.89001088529	-1.99999999999886	BM	Cercopithecidae	OWM	Cercopithecidae	OWM	family
Callithrix_jacchus	Ateles_geoffroyi	317	7450	46.5475501493	0.0418873686064948	0.38338174803714	0.200345329813103	0.200345329928843	0.0218892493485586	1730.89001088529	1732.89001088529	-1.99999999999886	BM	Callitrichidae	PLA	Atelidae	PLA	superfamily
Mandrillus_leucophaeus	Erythrocebus_patas	17500	12400	29.836939314	0.0299489106817781	0.245747368305943	0.17930203863285	0.179302038736886	0.0218513051720282	1730.89001088529	1732.89001088529	-1.99999999999886	BM	Cercopithecidae	OWM	Cercopithecidae	OWM	family
Rhinopithecus_roxellana	Propithecus_verreauxi	17900	3250	121.4130573124	0.0860297140172647	0.999999999949758	0.253113336838795	0.253113336983083	0.0217752679832911	1730.89001088529	1732.89001088529	-1.99999999999886	BM	Cercopithecidae	OWM	Indriidae	STR	order
Macaca_tonkeana	Theropithecus_gelada	14900	19000	22.401646142	0.0240765752539785	0.184507718006263	0.166552197028744	0.166552197125614	0.0217335434463609	1730.89001088529	1732.89001088529	-1.99999999999886	BM	Cercopithecidae	OWM	Cercopithecidae	OWM	family
Leontocebus_fuscicolis	Ateles_geoffroyi	343	7450	46.5475501493	0.041734687885372	0.38338174803714	0.199630526130678	0.199630526246022	0.0217316493106743	1730.89001088529	1732.89001088529	-1.99999999999886	BM	Callitrichidae	PLA	Atelidae	PLA	superfamily
Saguinus_midas	Pygathrix_nemaeus	515	11000	78.0653383519	0.0615714369604792	0.642973170069452	0.226706288274413	0.226706288404569	0.0217095091783137	1730.89001088529	1732.89001088529	-1.99999999999886	BM	Callitrichidae	PLA	Cercopithecidae	OWM	order
Saguinus_midas	Cercocebus_torquatus	515	11000	78.0653383531	0.0615714369604792	0.642973170079336	0.226706288272718	0.226706288402875	0.0217095091778177	1730.89001088529	1732.89001088529	-1.99999999999886	BM	Callitrichidae	PLA	Cercopithecidae	OWM	order
Saguinus_midas	Macaca_fuscata	515	11000	78.0653383537	0.0615714369604792	0.642973170084277	0.226706288271871	0.226706288402027	0.0217095091775697	1730.89001088529	1732.89001088529	-1.99999999999886	BM	Callitrichidae	PLA	Cercopithecidae	OWM	order
Saguinus_midas	Macaca_mulatta	515	11000	78.0653383538	0.0615714369604792	0.642973170085101	0.22670628827173	0.226706288401886	0.0217095091775284	1730.89001088529	1732.89001088529	-1.99999999999886	BM	Callitrichidae	PLA	Cercopithecidae	OWM	order
Macaca_tonkeana	Cheirogaleus_medius	14900	283	121.413057312	0.0858359269481473	0.999999999946464	0.252562642602965	0.252562642746962	0.0216789485414597	1730.89001088529	1732.89001088529	-1.99999999999886	BM	Cercopithecidae	OWM	Cheirogaleidae	STR	order
Macaca_nemestrina	Allenopithecus_nigroviridis	11200	6130	29.8369393105	0.0297727406189442	0.245747368277116	0.178265100968599	0.178265101072054	0.0215971412013783	1730.89001088529	1732.89001088529	-1.99999999999886	BM	Cercopithecidae	OWM	Cercopithecidae	OWM	family
Cercopithecus_neglectus	Colobus_guereza	7350	13500	38.5936741546	0.0361148628809678	0.317870869962183	0.189911273344509	0.189911273454466	0.0215767478070668	1730.89001088529	1732.89001088529	-1.99999999999886	BM	Cercopithecidae	OWM	Cercopithecidae	OWM	family
Ateles_geoffroyi	Rhinopithecus_roxellana	7450	17900	78.0653383524	0.0613659052205062	0.64297317007357	0.225970120216402	0.225970120346159	0.0215667801166251	1730.89001088529	1732.89001088529	-1.99999999999886	BM	Atelidae	PLA	Cercopithecidae	OWM	order
Saimiri_sciureus	Macaca_nemestrina	779	11200	78.0653383475	0.0611956074931	0.642973170033212	0.225359998388177	0.225359998517604	0.0214488607748535	1730.89001088529	1732.89001088529	-1.99999999999886	BM	Cebidae	PLA	Cercopithecidae	OWM	order
Cebuella_pygmaea	Alouatta_palliata	110	7150	46.5475501527	0.0413412414117094	0.383381748065144	0.197787762686744	0.19778776280107	0.0213280670944335	1730.89001088529	1732.89001088529	-1.99999999999886	BM	Callitrichidae	PLA	Atelidae	PLA	superfamily
Aotus_trivirgatus	Macaca_nemestrina	813	11200	78.0653383566	0.0609959480885548	0.642973170108163	0.224644505881103	0.224644506010142	0.0213110052738246	1730.89001088529	1732.89001088529	-1.99999999999886	BM	Aotidae	PLA	Cercopithecidae	OWM	order
Saguinus_oedipus	Ateles_geoffroyi	418	7450	46.5475501492	0.041294262728287	0.383381748036316	0.197567657487138	0.197567657601342	0.0212801230018736	1730.89001088529	1732.89001088529	-1.99999999999886	BM	Callitrichidae	PLA	Atelidae	PLA	superfamily
Cercocebus_torquatus	Allochrocebus_lhoesti	11000	5970	29.8369393133	0.0295378472018322	0.245747368300178	0.176882033085542	0.176882033188222	0.0212605103451128	1730.89001088529	1732.89001088529	-1.99999999999886	BM	Cercopithecidae	OWM	Cercopithecidae	OWM	family
Macaca_fuscata	Allochrocebus_lhoesti	11000	5970	29.8369393139	0.0295378472018322	0.245747368305119	0.176882033083793	0.176882033186473	0.021260510344475	1730.89001088529	1732.89001088529	-1.99999999999886	BM	Cercopithecidae	OWM	Cercopithecidae	OWM	family
Macaca_mulatta	Allochrocebus_lhoesti	11000	5970	29.836939314	0.0295378472018322	0.245747368305943	0.176882033083501	0.176882033186181	0.0212605103443687	1730.89001088529	1732.89001088529	-1.99999999999886	BM	Cercopithecidae	OWM	Cercopithecidae	OWM	family
Alouatta_palliata	Mandrillus_leucophaeus	7150	17500	78.065338356	0.0607786716777262	0.642973170103221	0.223865664965081	0.223865665093697	0.0211614704679578	1730.89001088529	1732.89001088529	-1.99999999999886	BM	Atelidae	PLA	Cercopithecidae	OWM	order
Semnopithecus_entellus	Piliocolobus_badius	13000	8360	27.0170263237	0.0272476363849903	0.22252158804326	0.171557044348678	0.171557044448367	0.0210070582580404	1730.89001088529	1732.89001088529	-1.99999999999886	BM	Cercopithecidae	OWM	Cercopithecidae	OWM	family
Papio_hamadryas	Mandrillus_leucophaeus	21000	17500	18.5708053179	0.0205531739972987	0.15295558589867	0.15629464641683	0.156294646507897	0.0210018551710789	1730.89001088529	1732.89001088529	-1.99999999999886	BM	Cercopithecidae	OWM	Cercopithecidae	OWM	family
Saimiri_oerstedii	Macaca_nemestrina	897	11200	78.0653383479	0.0605026719126196	0.642973170036507	0.222876001931461	0.22287600205954	0.020972249310636	1730.89001088529	1732.89001088529	-1.99999999999886	BM	Cebidae	PLA	Cercopithecidae	OWM	order
Allochrocebus_lhoesti	Trachypithecus_pileatus	5970	12000	38.5936741534	0.0354101826296318	0.3178708699523	0.186274436557091	0.186274436665023	0.0207506017103995	1730.89001088529	1732.89001088529	-1.99999999999886	BM	Cercopithecidae	OWM	Cercopithecidae	OWM	family
Saguinus_midas	Ateles_geoffroyi	515	7450	46.5475501501	0.0407246461917905	0.383381748043729	0.194897639450071	0.194897639562797	0.0207029610844019	1730.89001088529	1732.89001088529	-1.99999999999886	BM	Callitrichidae	PLA	Atelidae	PLA	superfamily
Saimiri_sciureus	Pygathrix_nemaeus	779	11000	78.0653383458	0.0600211404075401	0.64297317001921	0.221148490384107	0.221148490511248	0.0206440722742186	1730.89001088529	1732.89001088529	-1.99999999999886	BM	Cebidae	PLA	Cercopithecidae	OWM	order
Saimiri_sciureus	Cercocebus_torquatus	779	11000	78.065338347	0.0600211404075401	0.642973170029094	0.221148490382452	0.221148490509593	0.0206440722737468	1730.89001088529	1732.89001088529	-1.99999999999886	BM	Cebidae	PLA	Cercopithecidae	OWM	order
Saimiri_sciureus	Macaca_fuscata	779	11000	78.0653383476	0.0600211404075401	0.642973170034036	0.221148490381624	0.221148490508765	0.0206440722735108	1730.89001088529	1732.89001088529	-1.99999999999886	BM	Cebidae	PLA	Cercopithecidae	OWM	order
Saimiri_sciureus	Macaca_mulatta	779	11000	78.0653383477	0.0600211404075401	0.642973170034859	0.221148490381486	0.221148490508627	0.0206440722734715	1730.89001088529	1732.89001088529	-1.99999999999886	BM	Cebidae	PLA	Cercopithecidae	OWM	order
Mandrillus_leucophaeus	Propithecus_verreauxi	17500	3250	121.413057313	0.0836807798461448	0.9999999999547	0.246429624004753	0.246429624145496	0.0206214231148441	1730.89001088529	1732.89001088529	-1.99999999999886	BM	Cercopithecidae	OWM	Indriidae	STR	order
Cebus_olivaceus	Colobus_guereza	3290	13500	78.065338348	0.0599565447178343	0.64297317003733	0.220916667684424	0.220916667811439	0.0206002375871564	1730.89001088529	1732.89001088529	-1.99999999999886	BM	Cebidae	PLA	Cercopithecidae	OWM	order
Theropithecus_gelada	Semnopithecus_entellus	19000	13000	38.5936741537	0.0352340125667978	0.31787086995477	0.185364596231403	0.185364596338827	0.0205465147340678	1730.89001088529	1732.89001088529	-1.99999999999886	BM	Cercopithecidae	OWM	Cercopithecidae	OWM	family
Aotus_trivirgatus	Pygathrix_nemaeus	813	11000	78.0653383549	0.0598214810029949	0.642973170094161	0.220431884004095	0.220431884130846	0.020508727851699	1730.89001088529	1732.89001088529	-1.99999999999886	BM	Aotidae	PLA	Cercopithecidae	OWM	order
Aotus_trivirgatus	Cercocebus_torquatus	813	11000	78.0653383561	0.0598214810029949	0.642973170104045	0.220431884002444	0.220431884129196	0.0205087278512302	1730.89001088529	1732.89001088529	-1.99999999999886	BM	Aotidae	PLA	Cercopithecidae	OWM	order
Aotus_trivirgatus	Macaca_fuscata	813	11000	78.0653383567	0.0598214810029949	0.642973170108986	0.220431884001619	0.220431884128371	0.0205087278509958	1730.89001088529	1732.89001088529	-1.99999999999886	BM	Aotidae	PLA	Cercopithecidae	OWM	order
Aotus_trivirgatus	Macaca_mulatta	813	11000	78.0653383568	0.0598214810029949	0.64297317010981	0.220431884001482	0.220431884128233	0.0205087278509568	1730.89001088529	1732.89001088529	-1.99999999999886	BM	Aotidae	PLA	Cercopithecidae	OWM	order
Plecturocebus_moloch	Macaca_nemestrina	1020	11200	78.0653383547	0.0597803746550003	0.642973170092514	0.22028432412015	0.220284324246821	0.0204809159060732	1730.89001088529	1732.89001088529	-1.99999999999886	BM	Pitheciidae	PLA	Cercopithecidae	OWM	order
Cercopithecus_mitis	Cercopithecus_diana	7930	5200	13.5928258671	0.016031475717893	0.111955222669686	0.142650023760765	0.142650023844064	0.0204268308127512	1730.89001088529	1732.89001088529	-1.99999999999886	BM	Cercopithecidae	OWM	Cercopithecidae	OWM	family
Cercopithecus_ascanius	Colobus_angolensis	3700	9680	38.5936741537	0.0351165658582418	0.31787086995477	0.184757897002868	0.184757897109954	0.0204110016713852	1730.89001088529	1732.89001088529	-1.99999999999886	BM	Cercopithecidae	OWM	Cercopithecidae	OWM	family
Saimiri_oerstedii	Pygathrix_nemaeus	897	11000	78.0653383462	0.0593282048270597	0.642973170022505	0.218660642638799	0.218660642764586	0.0201761815250193	1730.89001088529	1732.89001088529	-1.99999999999886	BM	Cebidae	PLA	Cercopithecidae	OWM	order
Saimiri_oerstedii	Cercocebus_torquatus	897	11000	78.0653383474	0.0593282048270597	0.642973170032388	0.218660642637161	0.218660642762948	0.0201761815245581	1730.89001088529	1732.89001088529	-1.99999999999886	BM	Cebidae	PLA	Cercopithecidae	OWM	order
Saimiri_oerstedii	Macaca_fuscata	897	11000	78.065338348	0.0593282048270597	0.64297317003733	0.218660642636342	0.218660642762129	0.0201761815243274	1730.89001088529	1732.89001088529	-1.99999999999886	BM	Cebidae	PLA	Cercopithecidae	OWM	order
Saimiri_oerstedii	Macaca_mulatta	897	11000	78.0653383481	0.0593282048270597	0.642973170038154	0.218660642636206	0.218660642761993	0.020176181524289	1730.89001088529	1732.89001088529	-1.99999999999886	BM	Cebidae	PLA	Cercopithecidae	OWM	order
Callithrix_jacchus	Alouatta_palliata	317	7150	46.5475501523	0.0401256679781549	0.383381748061849	0.192087538504862	0.192087538616028	0.0201043498595131	1730.89001088529	1732.89001088529	-1.99999999999886	BM	Callitrichidae	PLA	Atelidae	PLA	superfamily
Trachypithecus_francoisi	Pygathrix_nemaeus	7700	11000	17.711114321	0.0193787069117388	0.145874873033951	0.150963662351005	0.150963662439043	0.020054725712371	1730.89001088529	1732.89001088529	-1.99999999999886	BM	Cercopithecidae	OWM	Cercopithecidae	OWM	family
Ateles_geoffroyi	Mandrillus_leucophaeus	7450	17500	78.065338353	0.0590169710493863	0.642973170078512	0.217542489116108	0.217542489241285	0.0199677053097085	1730.89001088529	1732.89001088529	-1.99999999999886	BM	Atelidae	PLA	Cercopithecidae	OWM	order
Cacajao_calvus	Colobus_guereza	3450	13500	78.065338353	0.0590169710493863	0.642973170078512	0.217542489116108	0.217542489241285	0.0199677053097085	1730.89001088529	1732.89001088529	-1.99999999999886	BM	Pitheciidae	PLA	Cercopithecidae	OWM	order
Leontocebus_fuscicolis	Alouatta_palliata	343	7150	46.5475501523	0.0399729872570321	0.383381748061849	0.191370840149973	0.191370840260741	0.0199531255552842	1730.89001088529	1732.89001088529	-1.99999999999886	BM	Callitrichidae	PLA	Atelidae	PLA	superfamily
Cercocebus_torquatus	Allenopithecus_nigroviridis	11000	6130	29.83693931	0.0285982735333842	0.245747368272998	0.1713443062652	0.17134430636477	0.019939791719424	1730.89001088529	1732.89001088529	-1.99999999999886	BM	Cercopithecidae	OWM	Cercopithecidae	OWM	family
Macaca_fuscata	Allenopithecus_nigroviridis	11000	6130	29.8369393106	0.0285982735333842	0.24574736827794	0.171344306263504	0.171344306363073	0.0199397917188256	1730.89001088529	1732.89001088529	-1.99999999999886	BM	Cercopithecidae	OWM	Cercopithecidae	OWM	family
Macaca_mulatta	Allenopithecus_nigroviridis	11000	6130	29.8369393107	0.0285982735333842	0.245747368278763	0.171344306263221	0.171344306362791	0.0199397917187259	1730.89001088529	1732.89001088529	-1.99999999999886	BM	Cercopithecidae	OWM	Cercopithecidae	OWM	family
Plecturocebus_moloch	Pygathrix_nemaeus	1020	11000	78.065338353	0.0586059075694404	0.642973170078512	0.216064993805579	0.21606499392995	0.0196939555882483	1730.89001088529	1732.89001088529	-1.99999999999886	BM	Pitheciidae	PLA	Cercopithecidae	OWM	order
Plecturocebus_moloch	Cercocebus_torquatus	1020	11000	78.0653383542	0.0586059075694404	0.642973170088395	0.216064993803959	0.216064993928331	0.019693955587798	1730.89001088529	1732.89001088529	-1.99999999999886	BM	Pitheciidae	PLA	Cercopithecidae	OWM	order
Plecturocebus_moloch	Macaca_fuscata	1020	11000	78.0653383548	0.0586059075694404	0.642973170093337	0.216064993803149	0.216064993927521	0.0196939555875728	1730.89001088529	1732.89001088529	-1.99999999999886	BM	Pitheciidae	PLA	Cercopithecidae	OWM	order
Plecturocebus_moloch	Macaca_mulatta	1020	11000	78.0653383549	0.0586059075694404	0.642973170094161	0.216064993803014	0.216064993927386	0.0196939555875353	1730.89001088529	1732.89001088529	-1.99999999999886	BM	Pitheciidae	PLA	Cercopithecidae	OWM	order
Macaca_tonkeana	Cercocebus_torquatus	14900	11000	22.401646142	0.0229021081684186	0.184507718006263	0.158538246382632	0.15853824647497	0.0196786351634525	1730.89001088529	1732.89001088529	-1.99999999999886	BM	Cercopithecidae	OWM	Cercopithecidae	OWM	family
Allenopithecus_nigroviridis	Trachypithecus_pileatus	6130	12000	38.5936741501	0.0344706089611839	0.31787086992512	0.181419080088486	0.181419080193706	0.0196734798923256	1730.89001088529	1732.89001088529	-1.99999999999886	BM	Cercopithecidae	OWM	Cercopithecidae	OWM	family
Macaca_tonkeana	Hapalemur_griseus	14900	987	121.4130573158	0.0817018028069763	0.999999999977762	0.240784205780809	0.240784205918541	0.0196725037001756	1730.89001088529	1732.89001088529	-1.99999999999886	BM	Cercopithecidae	OWM	Lemuridae	STR	order
Macaca_tonkeana	Avahi_laniger	14900	1030	121.41305731	0.081449292383581	0.999999999929991	0.240062939384357	0.240062939521703	0.0195529565417473	1730.89001088529	1732.89001088529	-1.99999999999886	BM	Cercopithecidae	OWM	Indriidae	STR	order
Saguinus_oedipus	Alouatta_palliata	418	7150	46.5475501522	0.0395325620999471	0.383381748061025	0.189302543298452	0.189302543408071	0.0195200073724761	1730.89001088529	1732.89001088529	-1.99999999999886	BM	Callitrichidae	PLA	Atelidae	PLA	superfamily
Trachypithecus_cristatus	Trachypithecus_obscurus	6610	7900	5.1737784206	0.00757531270186153	0.0426130313729581	0.109499800163116	0.109499800227343	0.0194657643519195	1730.89001088529	1732.89001088529	-1.99999999999886	BM	Cercopithecidae	OWM	Cercopithecidae	OWM	family
Cheracebus_torquatus	Macaca_nemestrina	1280	11200	78.0653383538	0.0582535674437724	0.642973170085101	0.214797948771199	0.214797948894879	0.0194607603826936	1730.89001088529	1732.89001088529	-1.99999999999886	BM	Pitheciidae	PLA	Cercopithecidae	OWM	order
Ateles_paniscus	Theropithecus_gelada	9110	19000	78.065338353	0.0580773973809384	0.642973170078512	0.214164212535272	0.214164212658605	0.0193446642177432	1730.89001088529	1732.89001088529	-1.99999999999886	BM	Atelidae	PLA	Cercopithecidae	OWM	order
Cercopithecus_diana	Pygathrix_nemaeus	5200	11000	38.5936741535	0.0340595454812379	0.317870869953123	0.179292659999015	0.179292660103045	0.0192110290212787	1730.89001088529	1732.89001088529	-1.99999999999886	BM	Cercopithecidae	OWM	Cercopithecidae	OWM	family
Sapajus_apella	Colobus_guereza	3650	13500	78.065338349	0.0578425039638264	0.642973170045566	0.213319010150979	0.21331901027385	0.0191903896850674	1730.89001088529	1732.89001088529	-1.99999999999886	BM	Cebidae	PLA	Cercopithecidae	OWM	order
Saimiri_sciureus	Ateles_geoffroyi	779	7450	46.547550144	0.0391743496388514	0.383381747993487	0.187619352709523	0.187619352818204	0.0191711424983714	1730.89001088529	1732.89001088529	-1.99999999999886	BM	Cebidae	PLA	Atelidae	PLA	superfamily
Erythrocebus_patas	Trachypithecus_cristatus	12400	6610	38.5936741541	0.0340008221269599	0.317870869958065	0.17898877770844	0.178988777812301	0.0191454020130549	1730.89001088529	1732.89001088529	-1.99999999999886	BM	Cercopithecidae	OWM	Cercopithecidae	OWM	family
Aotus_trivirgatus	Ateles_geoffroyi	813	7450	46.5475501531	0.0389746902343062	0.383381748068438	0.18668080395835	0.186680804066508	0.0189780200638793	1730.89001088529	1732.89001088529	-1.99999999999886	BM	Aotidae	PLA	Atelidae	PLA	superfamily
Saguinus_midas	Alouatta_palliata	515	7150	46.5475501531	0.0389629455634506	0.383381748068438	0.186625586845779	0.186625586953906	0.0189666895141838	1730.89001088529	1732.89001088529	-1.99999999999886	BM	Callitrichidae	PLA	Atelidae	PLA	superfamily
Cebuella_pygmaea	Colobus_polykomos	110	9900	78.0653383527	0.0574901638381584	0.642973170076041	0.21205073546805	0.212050735590227	0.018960093657747	1730.89001088529	1732.89001088529	-1.99999999999886	BM	Callitrichidae	PLA	Cercopithecidae	OWM	order
Cebuella_pygmaea	Macaca_nigra	110	9890	78.0653383527	0.0574314404838804	0.642973170076041	0.211839301583964	0.211839301706024	0.0189218412327024	1730.89001088529	1732.89001088529	-1.99999999999886	BM	Callitrichidae	PLA	Cercopithecidae	OWM	order
Rhinopithecus_roxellana	Colobus_guereza	17900	13500	27.0170263234	0.0258382758823184	0.222521588040789	0.162810999609179	0.162810999703935	0.0189049321534002	1730.89001088529	1732.89001088529	-1.99999999999886	BM	Cercopithecidae	OWM	Cercopithecidae	OWM	family
Cheracebus_torquatus	Pygathrix_nemaeus	1280	11000	78.0653383521	0.0570791003582125	0.642973170071099	0.2105703710011	0.210570371122465	0.0186931086681404	1730.89001088529	1732.89001088529	-1.99999999999886	BM	Pitheciidae	PLA	Cercopithecidae	OWM	order
Cheracebus_torquatus	Cercocebus_torquatus	1280	11000	78.0653383533	0.0570791003582125	0.642973170080983	0.210570370999519	0.210570371120885	0.0186931086677128	1730.89001088529	1732.89001088529	-1.99999999999886	BM	Pitheciidae	PLA	Cercopithecidae	OWM	order
Cheracebus_torquatus	Macaca_fuscata	1280	11000	78.0653383539	0.0570791003582125	0.642973170085924	0.210570370998729	0.210570371120095	0.018693108667499	1730.89001088529	1732.89001088529	-1.99999999999886	BM	Pitheciidae	PLA	Cercopithecidae	OWM	order
Cheracebus_torquatus	Macaca_mulatta	1280	11000	78.065338354	0.0570791003582125	0.642973170086748	0.210570370998597	0.210570371119963	0.0186931086674633	1730.89001088529	1732.89001088529	-1.99999999999886	BM	Pitheciidae	PLA	Cercopithecidae	OWM	order
Erythrocebus_patas	Presbytis_comata	12400	6680	38.593674153	0.0335897586470139	0.317870869949005	0.176860851906377	0.176860852009045	0.0186890775194138	1730.89001088529	1732.89001088529	-1.99999999999886	BM	Cercopithecidae	OWM	Cercopithecidae	OWM	family
Cebuella_pygmaea	Alouatta_seniculus	110	6690	46.5475501531	0.0386399671149216	0.383381748068438	0.185106753656135	0.185106753763415	0.0186563885997675	1730.89001088529	1732.89001088529	-1.99999999999886	BM	Callitrichidae	PLA	Atelidae	PLA	superfamily
Cebus_olivaceus	Semnopithecus_entellus	3290	13000	78.0653383477	0.0570203770039345	0.642973170034859	0.210358828168063	0.210358828289312	0.0186551169586104	1730.89001088529	1732.89001088529	-1.99999999999886	BM	Cebidae	PLA	Cercopithecidae	OWM	order
Ateles_geoffroyi	Ateles_paniscus	7450	9110	7.4708789	0.0097480768101474	0.0615327466831003	0.117205765041143	0.117205765109825	0.0185678498328263	1730.89001088529	1732.89001088529	-1.99999999999886	BM	Atelidae	PLA	Atelidae	PLA	family
Saimiri_oerstedii	Ateles_geoffroyi	897	7450	46.5475501444	0.038481414058371	0.383381747996782	0.184360889605432	0.184360889712296	0.0185049699578703	1730.89001088529	1732.89001088529	-1.99999999999886	BM	Cebidae	PLA	Atelidae	PLA	superfamily
Macaca_nigra	Cercopithecus_diana	9890	5200	29.8369393147	0.0275412531563803	0.245747368311709	0.165104182637594	0.165104182733646	0.0185034579309576	1730.89001088529	1732.89001088529	-1.99999999999886	BM	Cercopithecidae	OWM	Cercopithecidae	OWM	family
Cercopithecus_nictitans	Cercopithecus_mitis	6670	7930	5.193516448	0.00739914263902754	0.0427756006042741	0.106766545701338	0.106766545763981	0.018468025920401	1730.89001088529	1732.89001088529	-1.99999999999886	BM	Cercopithecidae	OWM	Cercopithecidae	OWM	family
Cercopithecus_neglectus	Semnopithecus_entellus	7350	13000	38.5936741543	0.0331786951670679	0.317870869959712	0.174731624784714	0.174731624886187	0.0182381207674465	1730.89001088529	1732.89001088529	-1.99999999999886	BM	Cercopithecidae	OWM	Cercopithecidae	OWM	family
Callithrix_jacchus	Colobus_polykomos	317	9900	78.0653383523	0.0562745904046039	0.642973170072746	0.207670890229327	0.207670890349102	0.0181758661645129	1730.89001088529	1732.89001088529	-1.99999999999886	BM	Callitrichidae	PLA	Cercopithecidae	OWM	order
Macaca_fascicularis	Pygathrix_nemaeus	5360	11000	38.5936741534	0.0331199718127899	0.3178708699523	0.174427344136979	0.174427344238282	0.0181741369445507	1730.89001088529	1732.89001088529	-1.99999999999886	BM	Cercopithecidae	OWM	Cercopithecidae	OWM	family
Cercopithecus_pogonias	Colobus_polykomos	4260	9900	38.5936741536	0.0331199718127899	0.317870869953947	0.174427344136535	0.174427344237837	0.0181741369444102	1730.89001088529	1732.89001088529	-1.99999999999886	BM	Cercopithecidae	OWM	Cercopithecidae	OWM	family
Callithrix_jacchus	Macaca_nigra	317	9890	78.0653383523	0.0562158670503259	0.642973170072746	0.207459136254492	0.207459136374151	0.0181383854955231	1730.89001088529	1732.89001088529	-1.99999999999886	BM	Callitrichidae	PLA	Cercopithecidae	OWM	order
Cebuella_pygmaea	Colobus_angolensis	110	9680	78.0653383527	0.0561982500440425	0.642973170076041	0.207395607076927	0.207395607196551	0.0181271485763034	1730.89001088529	1732.89001088529	-1.99999999999886	BM	Callitrichidae	PLA	Cercopithecidae	OWM	order
Macaca_silenus	Cercopithecus_pogonias	8900	4260	29.8369393146	0.0272476363849903	0.245747368310885	0.163368950713539	0.163368950808611	0.0181137962788216	1730.89001088529	1732.89001088529	-1.99999999999886	BM	Cercopithecidae	OWM	Cercopithecidae	OWM	family
Leontocebus_fuscicolis	Colobus_polykomos	343	9900	78.0653383523	0.0561219096834811	0.642973170072746	0.207120298072484	0.207120298191956	0.0180784941006551	1730.89001088529	1732.89001088529	-1.99999999999886	BM	Callitrichidae	PLA	Cercopithecidae	OWM	order
Cacajao_calvus	Semnopithecus_entellus	3450	13000	78.0653383527	0.0560808033354865	0.642973170076041	0.206972044064684	0.206972044184074	0.0180523216820423	1730.89001088529	1732.89001088529	-1.99999999999886	BM	Pitheciidae	PLA	Cercopithecidae	OWM	order
Leontocebus_fuscicolis	Macaca_nigra	343	9890	78.0653383523	0.0560631863292031	0.642973170072746	0.206908504343025	0.20690850446238	0.0180411105346235	1730.89001088529	1732.89001088529	-1.99999999999886	BM	Callitrichidae	PLA	Cercopithecidae	OWM	order
Cercopithecus_cephus	Colobus_polykomos	4290	9900	38.5936741537	0.032943801749956	0.31787086995477	0.173514345138624	0.173514345239414	0.0179828437498335	1730.89001088529	1732.89001088529	-1.99999999999886	BM	Cercopithecidae	OWM	Cercopithecidae	OWM	family
Chlorocebus_pygerythrus	Colobus_polykomos	4290	9900	38.5936741539	0.032943801749956	0.317870869956418	0.173514345138182	0.173514345238971	0.0179828437496944	1730.89001088529	1732.89001088529	-1.99999999999886	BM	Cercopithecidae	OWM	Cercopithecidae	OWM	family
Macaca_tonkeana	Eulemur_mongoz	14900	1630	121.413057313	0.0779258911269012	0.9999999999547	0.229977237710987	0.229977237842911	0.0179211811883437	1730.89001088529	1732.89001088529	-1.99999999999886	BM	Cercopithecidae	OWM	Lemuridae	STR	order
Macaca_silenus	Cercopithecus_cephus	8900	4290	29.8369393147	0.0270714663221563	0.245747368311709	0.162327429311551	0.162327429406034	0.017881947489244	1730.89001088529	1732.89001088529	-1.99999999999886	BM	Cercopithecidae	OWM	Cercopithecidae	OWM	family
Macaca_silenus	Chlorocebus_pygerythrus	8900	4290	29.8369393149	0.0270714663221563	0.245747368313356	0.162327429311015	0.162327429405498	0.017881947489065	1730.89001088529	1732.89001088529	-1.99999999999886	BM	Cercopithecidae	OWM	Cercopithecidae	OWM	family
Saguinus_oedipus	Colobus_polykomos	418	9900	78.0653383522	0.0556814845263961	0.642973170071923	0.205531473720641	0.205531473839239	0.0177990281808852	1730.89001088529	1732.89001088529	-1.99999999999886	BM	Callitrichidae	PLA	Cercopithecidae	OWM	order
Colobus_guereza	Cheirogaleus_medius	13500	283	121.413057312	0.0776146573492278	0.999999999946464	0.229084433455941	0.229084433587383	0.0177803098076767	1730.89001088529	1732.89001088529	-1.99999999999886	BM	Cercopithecidae	OWM	Cheirogaleidae	STR	order
Saguinus_oedipus	Macaca_nigra	418	9890	78.0653383522	0.0556227611721182	0.642973170071923	0.205319565878395	0.205319565996877	0.0177619249268822	1730.89001088529	1732.89001088529	-1.99999999999886	BM	Callitrichidae	PLA	Cercopithecidae	OWM	order
Macaca_tonkeana	Eulemur_coronatus	14900	1690	121.4130573131	0.0775735510012332	0.999999999955524	0.228966493191233	0.228966493322611	0.0177617439379336	1730.89001088529	1732.89001088529	-1.99999999999886	BM	Cercopithecidae	OWM	Lemuridae	STR	order
Cercopithecus_mitis	Colobus_guereza	7930	13500	38.5936741538	0.032708908332844	0.317870869955594	0.17229664834635	0.172296648446455	0.0177293228461114	1730.89001088529	1732.89001088529	-1.99999999999886	BM	Cercopithecidae	OWM	Cercopithecidae	OWM	family
Trachypithecus_obscurus	Pygathrix_nemaeus	7900	11000	17.7111143201	0.0182042398261789	0.145874873026538	0.14191458593138	0.141914586014259	0.0177100216337993	1730.89001088529	1732.89001088529	-1.99999999999886	BM	Cercopithecidae	OWM	Cercopithecidae	OWM	family
Callithrix_jacchus	Alouatta_seniculus	317	6690	46.5475501527	0.0374243936813671	0.383381748065144	0.179384224049821	0.179384224153903	0.0175108644450292	1730.89001088529	1732.89001088529	-1.99999999999886	BM	Callitrichidae	PLA	Atelidae	PLA	superfamily
Saimiri_sciureus	Alouatta_palliata	779	7150	46.547550147	0.0374126490105115	0.383381748018196	0.179328886791154	0.179328886895205	0.0174999689829907	1730.89001088529	1732.89001088529	-1.99999999999886	BM	Cebidae	PLA	Atelidae	PLA	superfamily
Saguinus_midas	Colobus_polykomos	515	9900	78.0653383531	0.0551118679898996	0.642973170079336	0.203475329939768	0.203475330057234	0.01744070521863	1730.89001088529	1732.89001088529	-1.99999999999886	BM	Callitrichidae	PLA	Cercopithecidae	OWM	order
Saguinus_midas	Macaca_nigra	515	9890	78.0653383531	0.0550531446356216	0.642973170079336	0.203263275755758	0.203263275873107	0.0174039649553514	1730.89001088529	1732.89001088529	-1.99999999999886	BM	Callitrichidae	PLA	Cercopithecidae	OWM	order
Leontocebus_fuscicolis	Alouatta_seniculus	343	6690	46.5475501527	0.0372717129602443	0.383381748065144	0.178664769996798	0.178664770100478	0.0173694810904176	1730.89001088529	1732.89001088529	-1.99999999999886	BM	Callitrichidae	PLA	Atelidae	PLA	superfamily
Callithrix_jacchus	Colobus_angolensis	317	9680	78.0653383523	0.054982676610488	0.642973170072746	0.203008790928193	0.203008791045402	0.0173599260750306	1730.89001088529	1732.89001088529	-1.99999999999886	BM	Callitrichidae	PLA	Cercopithecidae	OWM	order
Aotus_trivirgatus	Alouatta_palliata	813	7150	46.5475501561	0.0372129896059663	0.383381748093147	0.178388016835868	0.178388016939392	0.0173152515719899	1730.89001088529	1732.89001088529	-1.99999999999886	BM	Aotidae	PLA	Atelidae	PLA	superfamily
Sapajus_apella	Semnopithecus_entellus	3650	13000	78.0653383487	0.0549063362499266	0.642973170043096	0.202733074678906	0.202733074795963	0.0173122781570425	1730.89001088529	1732.89001088529	-1.99999999999886	BM	Cebidae	PLA	Cercopithecidae	OWM	order
Macaca_tonkeana	Nasalis_larvatus	14900	20400	38.593674153	0.032297844852898	0.317870869949005	0.170164683730157	0.170164683829062	0.0172898905629219	1730.89001088529	1732.89001088529	-1.99999999999886	BM	Cercopithecidae	OWM	Cercopithecidae	OWM	family
Erythrocebus_patas	Rhinopithecus_roxellana	12400	17900	38.5936741534	0.032297844852898	0.3178708699523	0.170164683729289	0.170164683828194	0.0172898905626544	1730.89001088529	1732.89001088529	-1.99999999999886	BM	Cercopithecidae	OWM	Cercopithecidae	OWM	family
Cercopithecus_petaurista	Colobus_polykomos	4400	9900	38.5936741537	0.032297844852898	0.31787086995477	0.170164683728637	0.170164683827543	0.0172898905624539	1730.89001088529	1732.89001088529	-1.99999999999886	BM	Cercopithecidae	OWM	Cercopithecidae	OWM	family
Theropithecus_gelada	Colobus_guereza	19000	13500	38.593674154	0.032297844852898	0.317870869957241	0.170164683727986	0.170164683826892	0.0172898905622533	1730.89001088529	1732.89001088529	-1.99999999999886	BM	Cercopithecidae	OWM	Cercopithecidae	OWM	family
Mandrillus_leucophaeus	Trachypithecus_pileatus	17500	12000	38.5936741541	0.032297844852898	0.317870869958065	0.170164683727769	0.170164683826675	0.0172898905621864	1730.89001088529	1732.89001088529	-1.99999999999886	BM	Cercopithecidae	OWM	Cercopithecidae	OWM	family
Macaca_nemestrina	Cercopithecus_nictitans	11200	6670	29.8369393143	0.0266016794879324	0.245747368308414	0.159548652748851	0.159548652841762	0.0172708344849081	1730.89001088529	1732.89001088529	-1.99999999999886	BM	Cercopithecidae	OWM	Cercopithecidae	OWM	family
Leontocebus_fuscicolis	Colobus_angolensis	343	9680	78.0653383523	0.0548299958893652	0.642973170072746	0.202457333122003	0.202457333238909	0.0172646935510472	1730.89001088529	1732.89001088529	-1.99999999999886	BM	Callitrichidae	PLA	Cercopithecidae	OWM	order
Cebuella_pygmaea	Alouatta_caraya	110	6420	46.5475501529	0.0370544365494157	0.383381748066791	0.177640672514721	0.177640672617826	0.0171692446536227	1730.89001088529	1732.89001088529	-1.99999999999886	BM	Callitrichidae	PLA	Atelidae	PLA	superfamily
Cercopithecus_nictitans	Cercopithecus_pogonias	6670	4260	12.9463432658	0.0141523283809971	0.106630568010804	0.129160884839791	0.129160884915361	0.0171426195164567	1730.89001088529	1732.89001088529	-1.99999999999886	BM	Cercopithecidae	OWM	Cercopithecidae	OWM	family
Colobus_guereza	Hylobates_klossii	13500	5670	62.1515760363	0.0459803863996711	0.511901910790857	0.190520711626171	0.190520711736467	0.0171130752846335	1730.89001088529	1732.89001088529	-1.99999999999886	BM	Cercopithecidae	OWM	Hylobatidae	APE	order
Macaca_silenus	Cercopithecus_petaurista	8900	4400	29.8369393147	0.0264255094250984	0.245747368311709	0.158506096791022	0.158506096883342	0.0170443508040901	1730.89001088529	1732.89001088529	-1.99999999999886	BM	Cercopithecidae	OWM	Cercopithecidae	OWM	family
Macaca_tonkeana	Eulemur_rubriventer	14900	1980	121.413057314	0.0758705737271713	0.999999999962936	0.224075774883522	0.224075775012252	0.0170007575994034	1730.89001088529	1732.89001088529	-1.99999999999886	BM	Cercopithecidae	OWM	Lemuridae	STR	order
Saguinus_oedipus	Colobus_angolensis	418	9680	78.0653383522	0.0543895707322802	0.642973170071923	0.200866024142438	0.200866024258465	0.0169914038972808	1730.89001088529	1732.89001088529	-1.99999999999886	BM	Callitrichidae	PLA	Cercopithecidae	OWM	order
Saguinus_oedipus	Alouatta_seniculus	418	6690	46.5475501526	0.0368312878031593	0.38338174806432	0.17658858162606	0.176588581728575	0.0169647744199077	1730.89001088529	1732.89001088529	-1.99999999999886	BM	Callitrichidae	PLA	Atelidae	PLA	superfamily
Saimiri_oerstedii	Alouatta_palliata	897	7150	46.5475501474	0.0367197134300311	0.383381748021491	0.176062417019017	0.176062417121238	0.0168629871716651	1730.89001088529	1732.89001088529	-1.99999999999886	BM	Cebidae	PLA	Atelidae	PLA	superfamily
Cercopithecus_pogonias	Colobus_angolensis	4260	9680	38.5936741536	0.031828058018674	0.317870869953947	0.167726618575183	0.167726618672715	0.0167942804827016	1730.89001088529	1732.89001088529	-1.99999999999886	BM	Cercopithecidae	OWM	Cercopithecidae	OWM	family
Macaca_fuscata	Macaca_silenus	11000	8900	10.9824679336	0.0123319043983792	0.0904554104488939	0.122252285946047	0.122252286017641	0.0166668140168547	1730.89001088529	1732.89001088529	-1.99999999999886	BM	Cercopithecidae	OWM	Cercopithecidae	OWM	family
Macaca_mulatta	Macaca_silenus	11000	8900	10.9824679337	0.0123319043983792	0.0904554104497176	0.122252285945495	0.122252286017088	0.0166668140166276	1730.89001088529	1732.89001088529	-1.99999999999886	BM	Cercopithecidae	OWM	Cercopithecidae	OWM	family
Saguinus_midas	Colobus_angolensis	515	9680	78.0653383531	0.0538199541957837	0.642973170079336	0.198806694344203	0.198806694459093	0.016641078790426	1730.89001088529	1732.89001088529	-1.99999999999886	BM	Callitrichidae	PLA	Cercopithecidae	OWM	order
Cercopithecus_cephus	Colobus_angolensis	4290	9680	38.5936741537	0.03165188795584	0.31787086995477	0.166811926643729	0.166811926740745	0.0166102430605749	1730.89001088529	1732.89001088529	-1.99999999999886	BM	Cercopithecidae	OWM	Cercopithecidae	OWM	family
Chlorocebus_pygerythrus	Colobus_angolensis	4290	9680	38.5936741539	0.03165188795584	0.317870869956418	0.166811926643303	0.166811926740319	0.0166102430604464	1730.89001088529	1732.89001088529	-1.99999999999886	BM	Cercopithecidae	OWM	Cercopithecidae	OWM	family
Macaca_tonkeana	Eulemur_fulvus	14900	2180	121.4130573124	0.0746961066416114	0.999999999949758	0.220697668103344	0.22069766823024	0.0164852565530306	1730.89001088529	1732.89001088529	-1.99999999999886	BM	Cercopithecidae	OWM	Lemuridae	STR	order
Saimiri_sciureus	Colobus_polykomos	779	9900	78.065338347	0.0535615714369605	0.642973170029094	0.197872108794187	0.19787210890856	0.0164833333404601	1730.89001088529	1732.89001088529	-1.99999999999886	BM	Cebidae	PLA	Cercopithecidae	OWM	order
Semnopithecus_entellus	Cheirogaleus_medius	13000	283	121.4130573117	0.074678489635328	0.999999999943993	0.220646964579791	0.220646964706659	0.0164775820583613	1730.89001088529	1732.89001088529	-1.99999999999886	BM	Cercopithecidae	OWM	Cheirogaleidae	STR	order
Ateles_geoffroyi	Plecturocebus_moloch	7450	1020	49.0936032072	0.0377591168007517	0.404351923025988	0.176285258942895	0.17628525904524	0.0164618375816348	1730.89001088529	1732.89001088529	-1.99999999999886	BM	Atelidae	PLA	Pitheciidae	PLA	superfamily
Saguinus_midas	Alouatta_seniculus	515	6690	46.5475501535	0.0362616712666627	0.383381748071733	0.173901545910729	0.173901546011736	0.0164482548329334	1730.89001088529	1732.89001088529	-1.99999999999886	BM	Callitrichidae	PLA	Atelidae	PLA	superfamily
Saimiri_sciureus	Macaca_nigra	779	9890	78.065338347	0.0535028480826825	0.642973170029094	0.197659663448899	0.197659663563155	0.0164475835672927	1730.89001088529	1732.89001088529	-1.99999999999886	BM	Cebidae	PLA	Cercopithecidae	OWM	order
Cebus_olivaceus	Erythrocebus_patas	3290	12400	78.065338348	0.0534969757472547	0.64297317003733	0.197638418109268	0.197638418223512	0.0164440106570908	1730.89001088529	1732.89001088529	-1.99999999999886	BM	Cebidae	PLA	Cercopithecidae	OWM	order
Macaca_tonkeana	Lemur_catta	14900	2210	121.413057314	0.0745199365787774	0.999999999962936	0.220190590636281	0.220190590762901	0.0164085888500673	1730.89001088529	1732.89001088529	-1.99999999999886	BM	Cercopithecidae	OWM	Lemuridae	STR	order
Aotus_trivirgatus	Colobus_polykomos	813	9900	78.0653383561	0.0533619120324153	0.642973170104045	0.197149735023978	0.19714973513795	0.0163619374908927	1730.89001088529	1732.89001088529	-1.99999999999886	BM	Aotidae	PLA	Cercopithecidae	OWM	order
Aotus_trivirgatus	Macaca_nigra	813	9890	78.0653383561	0.0533031886781373	0.642973170104045	0.196937240062043	0.196937240175898	0.0163263155491854	1730.89001088529	1732.89001088529	-1.99999999999886	BM	Aotidae	PLA	Cercopithecidae	OWM	order
Cercopithecus_nictitans	Trachypithecus_pileatus	6670	12000	38.5936741539	0.0312995478301721	0.317870869956418	0.164981866405376	0.164981866501359	0.0162451432538443	1730.89001088529	1732.89001088529	-1.99999999999886	BM	Cercopithecidae	OWM	Cercopithecidae	OWM	family
Colobus_guereza	Hylobates_lar	13500	5900	62.1515760367	0.0446297492512772	0.511901910794152	0.185027273046308	0.185027273153544	0.0161314514100827	1730.89001088529	1732.89001088529	-1.99999999999886	BM	Cercopithecidae	OWM	Hylobatidae	APE	order
Callithrix_jacchus	Alouatta_caraya	317	6420	46.5475501525	0.0358388631158612	0.383381748063496	0.171905725497902	0.171905725597788	0.0160698984656196	1730.89001088529	1732.89001088529	-1.99999999999886	BM	Callitrichidae	PLA	Atelidae	PLA	superfamily
Cercopithecus_mitis	Chlorocebus_pygerythrus	7930	4290	23.4097503937	0.0213753009571907	0.192810813850851	0.144907861644975	0.144907861729563	0.0160647065994977	1730.89001088529	1732.89001088529	-1.99999999999886	BM	Cercopithecidae	OWM	Cercopithecidae	OWM	family
Saimiri_oerstedii	Colobus_polykomos	897	9900	78.0653383474	0.0528686358564801	0.642973170032388	0.195364325825853	0.195364325938837	0.0160638824181629	1730.89001088529	1732.89001088529	-1.99999999999886	BM	Cebidae	PLA	Cercopithecidae	OWM	order
Saimiri_oerstedii	Macaca_nigra	897	9890	78.0653383474	0.0528099125022021	0.642973170032388	0.19515170902729	0.195151709140156	0.0160285765545508	1730.89001088529	1732.89001088529	-1.99999999999886	BM	Cebidae	PLA	Cercopithecidae	OWM	order
Macaca_tonkeana	Eulemur_macaco	14900	2370	121.4130573131	0.0735803629103294	0.999999999955524	0.217484599955946	0.217484600081092	0.0160025957928781	1730.89001088529	1732.89001088529	-1.99999999999886	BM	Cercopithecidae	OWM	Lemuridae	STR	order
Colobus_guereza	Hapalemur_griseus	13500	987	121.4130573158	0.0734805332080569	0.999999999977762	0.217196933085588	0.217196933210577	0.0159597464546386	1730.89001088529	1732.89001088529	-1.99999999999886	BM	Cercopithecidae	OWM	Lemuridae	STR	order
Cercopithecus_petaurista	Colobus_angolensis	4400	9680	38.5936741537	0.0310059310587821	0.31787086995477	0.163456133021725	0.163456133116846	0.015943925885149	1730.89001088529	1732.89001088529	-1.99999999999886	BM	Cercopithecidae	OWM	Cercopithecidae	OWM	family
Leontocebus_fuscicolis	Alouatta_caraya	343	6420	46.5475501525	0.0356861823947384	0.383381748063496	0.17118473899353	0.171184739093009	0.015934326163871	1730.89001088529	1732.89001088529	-1.99999999999886	BM	Callitrichidae	PLA	Atelidae	PLA	superfamily
Cacajao_calvus	Erythrocebus_patas	3450	12400	78.065338353	0.0525574020788067	0.642973170078512	0.19423729250499	0.19423729261735	0.0158771904582535	1730.89001088529	1732.89001088529	-1.99999999999886	BM	Pitheciidae	PLA	Cercopithecidae	OWM	order
Colobus_guereza	Avahi_laniger	13500	1030	121.41305731	0.0732280227846615	0.999999999929991	0.216469172639429	0.216469172764021	0.0158516095073267	1730.89001088529	1732.89001088529	-1.99999999999886	BM	Cercopithecidae	OWM	Indriidae	STR	order
Cercocebus_torquatus	Cercopithecus_nictitans	11000	6670	29.8369393138	0.0254272124023724	0.245747368304296	0.152593080846619	0.152593080935583	0.0157886397913118	1730.89001088529	1732.89001088529	-1.99999999999886	BM	Cercopithecidae	OWM	Cercopithecidae	OWM	family
Macaca_fuscata	Cercopithecus_nictitans	11000	6670	29.8369393144	0.0254272124023724	0.245747368309238	0.152593080845103	0.152593080934067	0.0157886397908375	1730.89001088529	1732.89001088529	-1.99999999999886	BM	Cercopithecidae	OWM	Cercopithecidae	OWM	family
Macaca_mulatta	Cercopithecus_nictitans	11000	6670	29.8369393145	0.0254272124023724	0.245747368310061	0.152593080844851	0.152593080933815	0.0157886397907584	1730.89001088529	1732.89001088529	-1.99999999999886	BM	Cercopithecidae	OWM	Cercopithecidae	OWM	family
Saimiri_sciureus	Colobus_angolensis	779	9680	78.065338347	0.0522696576428446	0.642973170029094	0.193194959191292	0.193194959303073	0.0157055299442669	1730.89001088529	1732.89001088529	-1.99999999999886	BM	Cebidae	PLA	Cercopithecidae	OWM	order
Plecturocebus_moloch	Colobus_polykomos	1020	9900	78.0653383542	0.0521463385988608	0.642973170088395	0.192748139731845	0.192748139843378	0.0156322382120167	1730.89001088529	1732.89001088529	-1.99999999999886	BM	Pitheciidae	PLA	Cercopithecidae	OWM	order
Plecturocebus_moloch	Macaca_nigra	1020	9890	78.0653383542	0.0520876152445828	0.642973170088395	0.19253534644848	0.192535346559894	0.0155973958375465	1730.89001088529	1732.89001088529	-1.99999999999886	BM	Pitheciidae	PLA	Cercopithecidae	OWM	order
Aotus_trivirgatus	Colobus_angolensis	813	9680	78.0653383561	0.0520699982382994	0.642973170104045	0.192471505682132	0.192471505793511	0.015586950479084	1730.89001088529	1732.89001088529	-1.99999999999886	BM	Aotidae	PLA	Cercopithecidae	OWM	order
Macaca_tonkeana	Colobus_angolensis	14900	9680	38.593674154	0.0306535909331141	0.317870869957241	0.161624441475497	0.161624441569582	0.0155861073852076	1730.89001088529	1732.89001088529	-1.99999999999886	BM	Cercopithecidae	OWM	Cercopithecidae	OWM	family
Saguinus_oedipus	Alouatta_caraya	418	6420	46.5475501524	0.0352457572376534	0.383381748062673	0.169104164216557	0.169104164314865	0.0155463955964818	1730.89001088529	1732.89001088529	-1.99999999999886	BM	Callitrichidae	PLA	Atelidae	PLA	superfamily
Trachypithecus_cristatus	Trachypithecus_francoisi	6610	7700	4.8259563197	0.0064008456163016	0.0397482480573748	0.0958701570548848	0.0958701571112002	0.0154384181570249	1730.89001088529	1732.89001088529	-1.99999999999886	BM	Cercopithecidae	OWM	Cercopithecidae	OWM	family
Ateles_paniscus	Rhinopithecus_roxellana	9110	17900	78.0653383524	0.0516178284103588	0.64297317007357	0.190832488526389	0.190832488636858	0.0153200150587152	1730.89001088529	1732.89001088529	-1.99999999999886	BM	Atelidae	PLA	Cercopithecidae	OWM	order
Cebuella_pygmaea	Macaca_silenus	110	8900	78.0653383537	0.0516178284103588	0.642973170084277	0.190832488524831	0.1908324886353	0.0153200150583349	1730.89001088529	1732.89001088529	-1.99999999999886	BM	Callitrichidae	PLA	Cercopithecidae	OWM	order
Saimiri_oerstedii	Colobus_angolensis	897	9680	78.0653383474	0.0515767220623642	0.642973170032388	0.190683445335201	0.190683445445587	0.015295859174734	1730.89001088529	1732.89001088529	-1.99999999999886	BM	Cebidae	PLA	Cercopithecidae	OWM	order
Sapajus_apella	Erythrocebus_patas	3650	12400	78.065338349	0.0513829349932468	0.642973170045566	0.189980720036338	0.189980720146333	0.0151822306783121	1730.89001088529	1732.89001088529	-1.99999999999886	BM	Cebidae	PLA	Cercopithecidae	OWM	order
Ateles_geoffroyi	Cheracebus_torquatus	7450	1280	49.0936032063	0.0362323095895238	0.404351923018575	0.169267276189347	0.169267276287747	0.0151673431116243	1730.89001088529	1732.89001088529	-1.99999999999886	BM	Atelidae	PLA	Pitheciidae	PLA	superfamily
Saimiri_sciureus	Alouatta_seniculus	779	6690	46.5475501474	0.0347113747137236	0.383381748021491	0.166578142346958	0.166578142443842	0.0150819812053158	1730.89001088529	1732.89001088529	-1.99999999999886	BM	Cebidae	PLA	Atelidae	PLA	superfamily
Cercopithecus_mona	Colobus_polykomos	4768	9900	38.5936741536	0.0301368254154677	0.317870869953947	0.158936378407862	0.158936378500425	0.0150685021528975	1730.89001088529	1732.89001088529	-1.99999999999886	BM	Cercopithecidae	OWM	Cercopithecidae	OWM	family
Saguinus_midas	Alouatta_caraya	515	6420	46.5475501533	0.0346761407011568	0.383381748070085	0.166411530699844	0.166411530796634	0.0150516024351471	1730.89001088529	1732.89001088529	-1.99999999999886	BM	Callitrichidae	PLA	Atelidae	PLA	superfamily
Cebus_olivaceus	Trachypithecus_pileatus	3290	12000	78.0653383481	0.0511480415761348	0.642973170038154	0.18912872648036	0.189128726589882	0.0150450507362304	1730.89001088529	1732.89001088529	-1.99999999999886	BM	Cebidae	PLA	Cercopithecidae	OWM	order
Semnopithecus_entellus	Hylobates_klossii	13000	5670	62.151576036	0.0430442186857713	0.511901910788386	0.178566846493915	0.178566846597539	0.0150151234612016	1730.89001088529	1732.89001088529	-1.99999999999886	BM	Cercopithecidae	OWM	Hylobatidae	APE	order
Erythrocebus_patas	Cheirogaleus_medius	12400	283	121.413057312	0.0711550883786482	0.999999999946464	0.210487661697527	0.210487661818847	0.0149772681715044	1730.89001088529	1732.89001088529	-1.99999999999886	BM	Cercopithecidae	OWM	Cheirogaleidae	STR	order
Alouatta_palliata	Plecturocebus_moloch	7150	1020	49.0936032102	0.0359974161724118	0.404351923050697	0.168186372355839	0.16818637245363	0.0149727860684918	1730.89001088529	1732.89001088529	-1.99999999999886	BM	Atelidae	PLA	Pitheciidae	PLA	superfamily
Aotus_trivirgatus	Alouatta_seniculus	813	6690	46.5475501565	0.0345117153091785	0.383381748096442	0.165633911028362	0.165633911124713	0.0149102308895483	1730.89001088529	1732.89001088529	-1.99999999999886	BM	Aotidae	PLA	Atelidae	PLA	superfamily
Plecturocebus_moloch	Colobus_angolensis	1020	9680	78.0653383542	0.0508544248047448	0.642973170088395	0.188063419509605	0.188063419618534	0.0148744262916283	1730.89001088529	1732.89001088529	-1.99999999999886	BM	Pitheciidae	PLA	Cercopithecidae	OWM	order
Nasalis_larvatus	Rhinopithecus_roxellana	20400	17900	14.9942228144	0.0146808385694991	0.123497613399735	0.124537670547333	0.124537670620243	0.0148044758663391	1730.89001088529	1732.89001088529	-1.99999999999886	BM	Cercopithecidae	OWM	Cercopithecidae	OWM	family
Semnopithecus_vetulus	Pygathrix_nemaeus	8170	11000	17.7111143208	0.016618709260673	0.145874873032304	0.129668909045683	0.129668909121544	0.014772454328729	1730.89001088529	1732.89001088529	-1.99999999999886	BM	Cercopithecidae	OWM	Cercopithecidae	OWM	family
Cheracebus_torquatus	Colobus_polykomos	1280	9900	78.0653383533	0.0506195313876329	0.642973170080983	0.187210923109109	0.187210923217562	0.0147386075180021	1730.89001088529	1732.89001088529	-1.99999999999886	BM	Pitheciidae	PLA	Cercopithecidae	OWM	order
Semnopithecus_entellus	Hapalemur_griseus	13000	987	121.4130573155	0.070544365494157	0.999999999975291	0.208723017874236	0.208723017994589	0.0147242328603274	1730.89001088529	1732.89001088529	-1.99999999999886	BM	Cercopithecidae	OWM	Lemuridae	STR	order
Cercopithecus_mitis	Semnopithecus_entellus	7930	13000	38.5936741535	0.0297727406189442	0.317870869953123	0.157041400602739	0.157041400694228	0.0147089693600126	1730.89001088529	1732.89001088529	-1.99999999999886	BM	Cercopithecidae	OWM	Cercopithecidae	OWM	family
Cheracebus_torquatus	Macaca_nigra	1280	9890	78.0653383533	0.0505608080333549	0.642973170080983	0.186997764297597	0.186997764405932	0.0147047474191287	1730.89001088529	1732.89001088529	-1.99999999999886	BM	Pitheciidae	PLA	Cercopithecidae	OWM	order
Cebus_olivaceus	Ateles_paniscus	3290	9110	46.547550145	0.0341769921897939	0.383381748001724	0.164050399771699	0.164050399867156	0.0146244552875916	1730.89001088529	1732.89001088529	-1.99999999999886	BM	Cebidae	PLA	Atelidae	PLA	superfamily
Semnopithecus_entellus	Avahi_laniger	13000	1030	121.4130573097	0.0702918550707616	0.99999999992752	0.207993092277083	0.207993092397035	0.0146202202991199	1730.89001088529	1732.89001088529	-1.99999999999886	BM	Cercopithecidae	OWM	Indriidae	STR	order
Callithrix_jacchus	Macaca_silenus	317	8900	78.0653383533	0.0504022549768043	0.642973170080983	0.186422166348409	0.186422166456423	0.014613514216211	1730.89001088529	1732.89001088529	-1.99999999999886	BM	Callitrichidae	PLA	Cercopithecidae	OWM	order
Leontocebus_fuscicolis	Macaca_silenus	343	8900	78.0653383533	0.0502495742556815	0.642973170080983	0.185867791666383	0.185867791774088	0.0145259208839198	1730.89001088529	1732.89001088529	-1.99999999999886	BM	Callitrichidae	PLA	Cercopithecidae	OWM	order
Cacajao_calvus	Trachypithecus_pileatus	3450	12000	78.0653383531	0.0502084679076869	0.642973170079336	0.18571852102499	0.185718521132611	0.0145023818048204	1730.89001088529	1732.89001088529	-1.99999999999886	BM	Pitheciidae	PLA	Cercopithecidae	OWM	order
Saimiri_oerstedii	Alouatta_seniculus	897	6690	46.5475501478	0.0340184391332433	0.383381748024785	0.16330008293361	0.163300083028643	0.0144900323511788	1730.89001088529	1732.89001088529	-1.99999999999886	BM	Cebidae	PLA	Atelidae	PLA	superfamily
Allochrocebus_lhoesti	Pygathrix_nemaeus	5970	11000	38.5936741521	0.0295378472018322	0.317870869941592	0.15581835082352	0.155818350914316	0.0144792715315887	1730.89001088529	1732.89001088529	-1.99999999999886	BM	Cercopithecidae	OWM	Cercopithecidae	OWM	family
Macaca_silenus	Cercopithecus_mona	8900	4768	29.8369393146	0.0242644899876681	0.245747368310885	0.145695334524166	0.145695334609203	0.0143855985523284	1730.89001088529	1732.89001088529	-1.99999999999886	BM	Cercopithecidae	OWM	Cercopithecidae	OWM	family
Colobus_guereza	Eulemur_mongoz	13500	1630	121.413057313	0.0697046215279817	0.9999999999547	0.206294886712879	0.206294886831897	0.0143797070021305	1730.89001088529	1732.89001088529	-1.99999999999886	BM	Cercopithecidae	OWM	Lemuridae	STR	order
Macaca_tonkeana	Colobus_polykomos	14900	9900	38.593674154	0.0293616771389982	0.317870869957241	0.154900816718085	0.15490081680836	0.014308161580378	1730.89001088529	1732.89001088529	-1.99999999999886	BM	Cercopithecidae	OWM	Cercopithecidae	OWM	family
Saguinus_oedipus	Macaca_silenus	418	8900	78.0653383532	0.0498091490985965	0.642973170080159	0.184268113198783	0.184268113305595	0.0142746826019054	1730.89001088529	1732.89001088529	-1.99999999999886	BM	Callitrichidae	PLA	Cercopithecidae	OWM	order
Alouatta_caraya	Macaca_tonkeana	6420	14900	78.0653383562	0.0497974044277409	0.642973170104868	0.18422544455658	0.184225444663369	0.0142680120960072	1730.89001088529	1732.89001088529	-1.99999999999886	BM	Atelidae	PLA	Cercopithecidae	OWM	order
Colobus_guereza	Eulemur_coronatus	13500	1690	121.4130573131	0.0693522814023137	0.999999999955524	0.205275493144815	0.205275493263272	0.0142363237662111	1730.89001088529	1732.89001088529	-1.99999999999886	BM	Cercopithecidae	OWM	Lemuridae	STR	order
Macaca_tonkeana	Nomascus_concolor	14900	7790	62.151576036	0.0417523048916554	0.511901910788386	0.173293804485311	0.173293804585976	0.0141343792789565	1730.89001088529	1732.89001088529	-1.99999999999886	BM	Cercopithecidae	OWM	Hylobatidae	APE	order
Semnopithecus_entellus	Hylobates_lar	13000	5900	62.1515760364	0.0416935815373774	0.511901910791681	0.173053933066895	0.173053933167425	0.014094962563296	1730.89001088529	1732.89001088529	-1.99999999999886	BM	Cercopithecidae	OWM	Hylobatidae	APE	order
Trachypithecus_pileatus	Cheirogaleus_medius	12000	283	121.4130573121	0.0688061542075283	0.999999999947287	0.203694740755295	0.203694740872882	0.0140154517444101	1730.89001088529	1732.89001088529	-1.99999999999886	BM	Cercopithecidae	OWM	Cheirogaleidae	STR	order
Cheracebus_torquatus	Colobus_angolensis	1280	9680	78.0653383533	0.0493276175935169	0.642973170080983	0.18251825238215	0.182518252487985	0.0140024358344684	1730.89001088529	1732.89001088529	-1.99999999999886	BM	Pitheciidae	PLA	Cercopithecidae	OWM	order
Ateles_paniscus	Mandrillus_leucophaeus	9110	17500	78.065338353	0.049268894239239	0.642973170078512	0.182304792295337	0.182304792401053	0.013969409531985	1730.89001088529	1732.89001088529	-1.99999999999886	BM	Atelidae	PLA	Cercopithecidae	OWM	order
Saguinus_midas	Macaca_silenus	515	8900	78.0653383541	0.0492395325620999	0.642973170087572	0.182198057179862	0.182198057285518	0.013952910613731	1730.89001088529	1732.89001088529	-1.99999999999886	BM	Callitrichidae	PLA	Cercopithecidae	OWM	order
Macaca_tonkeana	Propithecus_verreauxi	14900	3250	121.413057313	0.0684127077338658	0.9999999999547	0.202555400547204	0.202555400664163	0.0138573634181797	1730.89001088529	1732.89001088529	-1.99999999999886	BM	Cercopithecidae	OWM	Indriidae	STR	order
Sapajus_apella	Trachypithecus_pileatus	3650	12000	78.0653383491	0.049034000822127	0.64297317004639	0.181450816912258	0.181450817017496	0.013837683934789	1730.89001088529	1732.89001088529	-1.99999999999886	BM	Cebidae	PLA	Cercopithecidae	OWM	order
Cercopithecus_mona	Colobus_angolensis	4768	9680	38.5936741536	0.0288449116213518	0.317870869953947	0.152208175441621	0.152208175530367	0.0138119965799221	1730.89001088529	1732.89001088529	-1.99999999999886	BM	Cercopithecidae	OWM	Cercopithecidae	OWM	family
Saimiri_sciureus	Alouatta_caraya	779	6420	46.5475501472	0.0331258441482177	0.383381748019844	0.159073323409916	0.159073323502558	0.0137446243767014	1730.89001088529	1732.89001088529	-1.99999999999886	BM	Cebidae	PLA	Atelidae	PLA	superfamily
Alouatta_palliata	Cheracebus_torquatus	7150	1280	49.0936032093	0.0344706089611839	0.404351923043284	0.161152830768452	0.161152830862271	0.0137381224023819	1730.89001088529	1732.89001088529	-1.99999999999886	BM	Atelidae	PLA	Pitheciidae	PLA	superfamily
Aotus_trivirgatus	Alouatta_caraya	813	6420	46.5475501563	0.0329261847436726	0.383381748094794	0.158127231568662	0.158127231660767	0.0135805276738106	1730.89001088529	1732.89001088529	-1.99999999999886	BM	Aotidae	PLA	Atelidae	PLA	superfamily
Allenopithecus_nigroviridis	Pygathrix_nemaeus	6130	11000	38.5936741488	0.0285982735333842	0.317870869914412	0.150922422621446	0.15092242270946	0.0135782203811606	1730.89001088529	1732.89001088529	-1.99999999999886	BM	Cercopithecidae	OWM	Cercopithecidae	OWM	family
Colobus_guereza	Eulemur_rubriventer	13500	1980	121.413057314	0.0676493041282518	0.999999999962936	0.200343511069056	0.200343511184794	0.0135530991109347	1730.89001088529	1732.89001088529	-1.99999999999886	BM	Cercopithecidae	OWM	Lemuridae	STR	order
Cebuella_pygmaea	Piliocolobus_badius	110	8360	78.0653383527	0.048446767279347	0.642973170076041	0.179314938511485	0.179314938615528	0.0135110289201475	1730.89001088529	1732.89001088529	-1.99999999999886	BM	Callitrichidae	PLA	Cercopithecidae	OWM	order
Alouatta_seniculus	Macaca_tonkeana	6690	14900	78.0653383564	0.048211873862235	0.642973170106516	0.178460213745267	0.178460213848831	0.0133814313170936	1730.89001088529	1732.89001088529	-1.99999999999886	BM	Atelidae	PLA	Cercopithecidae	OWM	order
Erythrocebus_patas	Hapalemur_griseus	12400	987	121.4130573158	0.0670209642374772	0.999999999977762	0.198521748478633	0.198521748593365	0.0133051190054438	1730.89001088529	1732.89001088529	-1.99999999999886	BM	Cercopithecidae	OWM	Lemuridae	STR	order
Erythrocebus_patas	Avahi_laniger	12400	1030	121.41305731	0.0667684538140819	0.999999999929991	0.197789333511404	0.19778933362573	0.0132060879803987	1730.89001088529	1732.89001088529	-1.99999999999886	BM	Cercopithecidae	OWM	Indriidae	STR	order
Semnopithecus_entellus	Eulemur_mongoz	13000	1630	121.4130573127	0.0667684538140819	0.999999999952229	0.19778933350925	0.197789333623577	0.0132060879799612	1730.89001088529	1732.89001088529	-1.99999999999886	BM	Cercopithecidae	OWM	Lemuridae	STR	order
Saimiri_oerstedii	Alouatta_caraya	897	6420	46.5475501476	0.0324329085677374	0.383381748023138	0.155788852034241	0.15578885212502	0.0131792544114395	1730.89001088529	1732.89001088529	-1.99999999999886	BM	Cebidae	PLA	Atelidae	PLA	superfamily
Saimiri_sciureus	Macaca_silenus	779	8900	78.065338348	0.0476892360091608	0.64297317003733	0.176557692321549	0.176557692424047	0.0130952609700126	1730.89001088529	1732.89001088529	-1.99999999999886	BM	Cebidae	PLA	Cercopithecidae	OWM	order
Colobus_guereza	Eulemur_fulvus	13500	2180	121.4130573124	0.0664748370426919	0.999999999949758	0.196937469673979	0.196937469787834	0.0130913862048356	1730.89001088529	1732.89001088529	-1.99999999999886	BM	Cercopithecidae	OWM	Lemuridae	STR	order
Semnopithecus_entellus	Eulemur_coronatus	13000	1690	121.4130573128	0.0664161136884139	0.999999999953053	0.196767068790348	0.196767068904109	0.0130685040115292	1730.89001088529	1732.89001088529	-1.99999999999886	BM	Cercopithecidae	OWM	Lemuridae	STR	order
Colobus_guereza	Lemur_catta	13500	2210	121.413057314	0.0662986669798579	0.999999999962936	0.196426238968602	0.196426239082174	0.013022797803968	1730.89001088529	1732.89001088529	-1.99999999999886	BM	Cercopithecidae	OWM	Lemuridae	STR	order
Aotus_trivirgatus	Macaca_silenus	813	8900	78.0653383571	0.0474895766046157	0.642973170112281	0.175830611702034	0.175830611804124	0.012986733649247	1730.89001088529	1732.89001088529	-1.99999999999886	BM	Aotidae	PLA	Cercopithecidae	OWM	order
Trachypithecus_pileatus	Piliocolobus_badius	12000	8360	27.0170263241	0.0213753009571907	0.222521588046555	0.134987190124709	0.134987190203623	0.0129667949955377	1730.89001088529	1732.89001088529	-1.99999999999886	BM	Cercopithecidae	OWM	Cercopithecidae	OWM	family
Macaca_nigra	Allochrocebus_lhoesti	9890	5970	29.8369393133	0.0230195548769746	0.245747368300178	0.138297517081834	0.138297517162644	0.0129545529046152	1730.89001088529	1732.89001088529	-1.99999999999886	BM	Cercopithecidae	OWM	Cercopithecidae	OWM	family
Cebuella_pygmaea	Semnopithecus_vetulus	110	8170	78.0653383527	0.0473310235480651	0.642973170076041	0.175253116622696	0.175253116724462	0.0129008639485838	1730.89001088529	1732.89001088529	-1.99999999999886	BM	Callitrichidae	PLA	Cercopithecidae	OWM	order
Sapajus_apella	Ateles_paniscus	3650	9110	46.547550146	0.032062951435786	0.38338174800996	0.15403416473769	0.154034164827473	0.0128821728448797	1730.89001088529	1732.89001088529	-1.99999999999886	BM	Cebidae	PLA	Atelidae	PLA	superfamily
Callithrix_jacchus	Piliocolobus_badius	317	8360	78.0653383523	0.0472311938457925	0.642973170072746	0.174889459915489	0.17488946001705	0.0128469403815401	1730.89001088529	1732.89001088529	-1.99999999999886	BM	Callitrichidae	PLA	Cercopithecidae	OWM	order
Alouatta_seniculus	Plecturocebus_moloch	6690	1020	49.0936032106	0.0332961418756239	0.404351923053992	0.155733609762074	0.155733609852822	0.0128238004317558	1730.89001088529	1732.89001088529	-1.99999999999886	BM	Atelidae	PLA	Pitheciidae	PLA	superfamily
Ateles_paniscus	Cacajao_calvus	9110	3450	49.093603206	0.0332374185213459	0.404351923016105	0.15546245287848	0.155462452969074	0.0127788946127288	1730.89001088529	1732.89001088529	-1.99999999999886	BM	Atelidae	PLA	Pitheciidae	PLA	superfamily
Leontocebus_fuscicolis	Piliocolobus_badius	343	8360	78.0653383523	0.0470785131246697	0.642973170072746	0.17433320649169	0.17433320659294	0.0127646821545543	1730.89001088529	1732.89001088529	-1.99999999999886	BM	Callitrichidae	PLA	Cercopithecidae	OWM	order
Saimiri_oerstedii	Macaca_silenus	897	8900	78.0653383484	0.0469963004286805	0.642973170040625	0.174033649150028	0.17403364925111	0.012720496035064	1730.89001088529	1732.89001088529	-1.99999999999886	BM	Cebidae	PLA	Cercopithecidae	OWM	order
Cercopithecus_neglectus	Cercopithecus_diana	7350	5200	13.5928258679	0.0126255211697692	0.111955222676275	0.112572604903373	0.112572604969378	0.0126951451872267	1730.89001088529	1732.89001088529	-1.99999999999886	BM	Cercopithecidae	OWM	Cercopithecidae	OWM	family
Erythrocebus_patas	Hylobates_klossii	12400	5670	62.1515760363	0.0395208174290915	0.511901910790857	0.164167521713813	0.164167521809336	0.01267437084463	1730.89001088529	1732.89001088529	-1.99999999999886	BM	Cercopithecidae	OWM	Hylobatidae	APE	order
Colobus_guereza	Eulemur_macaco	13500	2370	121.4130573131	0.06535909331141	0.999999999955524	0.193698260883082	0.193698260995142	0.0126599427078782	1730.89001088529	1732.89001088529	-1.99999999999886	BM	Cercopithecidae	OWM	Lemuridae	STR	order
Papio_anubis	Nasalis_larvatus	25100	20400	38.5936741529	0.0275999765106583	0.317870869948181	0.145714117049287	0.145714117134334	0.0126520124618127	1730.89001088529	1732.89001088529	-1.99999999999886	BM	Cercopithecidae	OWM	Cercopithecidae	OWM	family
Erythrocebus_patas	Trachypithecus_francoisi	12400	7700	38.5936741542	0.0275999765106583	0.317870869958889	0.14571411704686	0.145714117131908	0.0126520124611758	1730.89001088529	1732.89001088529	-1.99999999999886	BM	Cercopithecidae	OWM	Cercopithecidae	OWM	family
Cercopithecus_diana	Colobus_polykomos	5200	9900	38.5936741547	0.0275999765106583	0.317870869963007	0.145714117045927	0.145714117130974	0.0126520124609309	1730.89001088529	1732.89001088529	-1.99999999999886	BM	Cercopithecidae	OWM	Cercopithecidae	OWM	family
Saguinus_oedipus	Piliocolobus_badius	418	8360	78.0653383522	0.0466380879675847	0.642973170071923	0.17272813985359	0.172728139953938	0.0125288434353612	1730.89001088529	1732.89001088529	-1.99999999999886	BM	Callitrichidae	PLA	Cercopithecidae	OWM	order
Macaca_nemestrina	Cercopithecus_neglectus	11200	7350	29.8369393151	0.0226084913970286	0.245747368315003	0.135852141637382	0.135852141716792	0.0124982497128501	1730.89001088529	1732.89001088529	-1.99999999999886	BM	Cercopithecidae	OWM	Cercopithecidae	OWM	family
Cercopithecus_ascanius	Piliocolobus_badius	3700	8360	38.5936741537	0.0273650830935463	0.31787086995477	0.144487701183784	0.144487701268132	0.0124387552387306	1730.89001088529	1732.89001088529	-1.99999999999886	BM	Cercopithecidae	OWM	Cercopithecidae	OWM	family
Cebus_olivaceus	Macaca_nemestrina	3290	11200	78.0653383485	0.0464501732338951	0.642973170041448	0.172043091352746	0.172043091452708	0.012428872259965	1730.89001088529	1732.89001088529	-1.99999999999886	BM	Cebidae	PLA	Cercopithecidae	OWM	order
Semnopithecus_entellus	Eulemur_rubriventer	13000	1980	121.4130573137	0.064713136414352	0.999999999960466	0.191821405727059	0.191821405838078	0.0124133647964987	1730.89001088529	1732.89001088529	-1.99999999999886	BM	Cercopithecidae	OWM	Lemuridae	STR	order
Trachypithecus_pileatus	Hapalemur_griseus	12000	987	121.4130573159	0.0646720300663574	0.999999999978586	0.191701931997578	0.19170193210853	0.0123977531101916	1730.89001088529	1732.89001088529	-1.99999999999886	BM	Cercopithecidae	OWM	Lemuridae	STR	order
Cercopithecus_neglectus	Trachypithecus_pileatus	7350	12000	38.5936741547	0.0273063597392683	0.317870869963007	0.144181042556553	0.144181042640725	0.012385719446674	1730.89001088529	1732.89001088529	-1.99999999999886	BM	Cercopithecidae	OWM	Cercopithecidae	OWM	family
Trachypithecus_cristatus	Semnopithecus_vetulus	6610	8170	9.0158535421	0.00916084326736743	0.0742576930457234	0.100361877481108	0.100361877540035	0.0123812010838669	1730.89001088529	1732.89001088529	-1.99999999999886	BM	Cercopithecidae	OWM	Cercopithecidae	OWM	family
Theropithecus_gelada	Papio_hamadryas	19000	21000	12.5784127639	0.0117446708555993	0.103600164938631	0.10888299869758	0.10888299876145	0.0123435612504212	1730.89001088529	1732.89001088529	-1.99999999999886	BM	Cercopithecidae	OWM	Cercopithecidae	OWM	family
Plecturocebus_moloch	Macaca_silenus	1020	8900	78.0653383552	0.0462740031710611	0.642973170096632	0.17140073947704	0.171400739576641	0.012335504389539	1730.89001088529	1732.89001088529	-1.99999999999886	BM	Pitheciidae	PLA	Cercopithecidae	OWM	order
Trachypithecus_pileatus	Avahi_laniger	12000	1030	121.4130573101	0.064419519642962	0.999999999930815	0.190967923988256	0.190967924098801	0.0123020619313883	1730.89001088529	1732.89001088529	-1.99999999999886	BM	Cercopithecidae	OWM	Indriidae	STR	order
Callithrix_jacchus	Semnopithecus_vetulus	317	8170	78.0653383523	0.0461154501145105	0.642973170072746	0.170822524774023	0.170822524873299	0.0122517672374415	1730.89001088529	1732.89001088529	-1.99999999999886	BM	Callitrichidae	PLA	Cercopithecidae	OWM	order
Saguinus_midas	Piliocolobus_badius	515	8360	78.0653383531	0.0460684714310881	0.642973170079336	0.170651184109779	0.170651184208958	0.0122270097193522	1730.89001088529	1732.89001088529	-1.99999999999886	BM	Callitrichidae	PLA	Cercopithecidae	OWM	order
Macaca_nemestrina	Cheirogaleus_medius	11200	283	121.4130573125	0.0641082858652886	0.999999999950582	0.190062985264589	0.19006298537463	0.0121846121923545	1730.89001088529	1732.89001088529	-1.99999999999886	BM	Cercopithecidae	OWM	Cheirogaleidae	STR	order
Leontocebus_fuscicolis	Semnopithecus_vetulus	343	8170	78.0653383523	0.0459627693933878	0.642973170072746	0.170265637951239	0.170265638050201	0.0121713947284696	1730.89001088529	1732.89001088529	-1.99999999999886	BM	Callitrichidae	PLA	Cercopithecidae	OWM	order
Cebuella_pygmaea	Cercopithecus_mitis	110	7930	78.0653383525	0.0459216630453932	0.642973170074393	0.170115692254969	0.170115692353847	0.0121498001192843	1730.89001088529	1732.89001088529	-1.99999999999886	BM	Callitrichidae	PLA	Cercopithecidae	OWM	order
Macaca_silenus	Colobus_guereza	8900	13500	38.593674155	0.0270127429678783	0.317870869965478	0.142647423736603	0.1426474238199	0.0121222123714745	1730.89001088529	1732.89001088529	-1.99999999999886	BM	Cercopithecidae	OWM	Cercopithecidae	OWM	family
Macaca_nemestrina	Trachypithecus_cristatus	11200	6610	38.5936741546	0.0269540196136003	0.317870869962183	0.142340635152073	0.142340635235195	0.0120698454443395	1730.89001088529	1732.89001088529	-1.99999999999886	BM	Cercopithecidae	OWM	Cercopithecidae	OWM	family
Cebuella_pygmaea	Trachypithecus_obscurus	110	7900	78.065338352	0.0457454929825592	0.642973170070275	0.169472997731364	0.169472997829879	0.0120574639647966	1730.89001088529	1732.89001088529	-1.99999999999886	BM	Callitrichidae	PLA	Cercopithecidae	OWM	order
Semnopithecus_entellus	Eulemur_fulvus	13000	2180	121.4130573121	0.063538669328792	0.999999999947287	0.188406119245042	0.188406119354161	0.0119710741108627	1730.89001088529	1732.89001088529	-1.99999999999886	BM	Cercopithecidae	OWM	Lemuridae	STR	order
Saguinus_oedipus	Semnopithecus_vetulus	418	8170	78.0653383522	0.0455223442363028	0.642973170071923	0.168658755282157	0.168658755380214	0.0119409988997859	1730.89001088529	1732.89001088529	-1.99999999999886	BM	Callitrichidae	PLA	Cercopithecidae	OWM	order
Cacajao_calvus	Macaca_nemestrina	3450	11200	78.0653383535	0.0455105995654472	0.64297317008263	0.168615895391722	0.168615895489755	0.0119348844595737	1730.89001088529	1732.89001088529	-1.99999999999886	BM	Pitheciidae	PLA	Cercopithecidae	OWM	order
Alouatta_palliata	Macaca_tonkeana	7150	14900	78.065338356	0.0455105995654472	0.642973170103221	0.168615895389063	0.168615895487096	0.0119348844590032	1730.89001088529	1732.89001088529	-1.99999999999886	BM	Atelidae	PLA	Cercopithecidae	OWM	order
Macaca_nigra	Allenopithecus_nigroviridis	9890	6130	29.83693931	0.0220799812085266	0.245747368272998	0.132706177719628	0.132706177797233	0.0119234233550355	1730.89001088529	1732.89001088529	-1.99999999999886	BM	Cercopithecidae	OWM	Cercopithecidae	OWM	family
Semnopithecus_entellus	Lemur_catta	13000	2210	121.4130573137	0.0633624992659581	0.999999999960466	0.187893515199294	0.187893515308128	0.0119054027193642	1730.89001088529	1732.89001088529	-1.99999999999886	BM	Cercopithecidae	OWM	Lemuridae	STR	order
Erythrocebus_patas	Eulemur_mongoz	12400	1630	121.413057313	0.0632450525574021	0.9999999999547	0.187551734412954	0.187551734521597	0.0118617193007165	1730.89001088529	1732.89001088529	-1.99999999999886	BM	Cercopithecidae	OWM	Lemuridae	STR	order
Erythrocebus_patas	Hylobates_lar	12400	5900	62.1515760367	0.0381701802806976	0.511901910794152	0.158632879254878	0.15863287934727	0.0118285270516205	1730.89001088529	1732.89001088529	-1.99999999999886	BM	Cercopithecidae	OWM	Hylobatidae	APE	order
Cebus_olivaceus	Pygathrix_nemaeus	3290	11000	78.0653383468	0.0452757061483352	0.642973170027446	0.167758592474068	0.167758592571618	0.0118129170714697	1730.89001088529	1732.89001088529	-1.99999999999886	BM	Cebidae	PLA	Cercopithecidae	OWM	order
Cebus_olivaceus	Cercocebus_torquatus	3290	11000	78.065338348	0.0452757061483352	0.64297317003733	0.167758592472798	0.167758592570348	0.0118129170711987	1730.89001088529	1732.89001088529	-1.99999999999886	BM	Cebidae	PLA	Cercopithecidae	OWM	order
Cebus_olivaceus	Macaca_fuscata	3290	11000	78.0653383486	0.0452757061483352	0.642973170042272	0.167758592472163	0.167758592569713	0.0118129170710632	1730.89001088529	1732.89001088529	-1.99999999999886	BM	Cebidae	PLA	Cercopithecidae	OWM	order
Cebus_olivaceus	Macaca_mulatta	3290	11000	78.0653383487	0.0452757061483352	0.642973170043096	0.167758592472057	0.167758592569607	0.0118129170710406	1730.89001088529	1732.89001088529	-1.99999999999886	BM	Cebidae	PLA	Cercopithecidae	OWM	order
Macaca_fascicularis	Colobus_polykomos	5360	9900	38.5936741546	0.0266604028422103	0.317870869962183	0.140806370612135	0.14080637069438	0.0118096841139161	1730.89001088529	1732.89001088529	-1.99999999999886	BM	Cercopithecidae	OWM	Cercopithecidae	OWM	family
Pygathrix_nemaeus	Cheirogaleus_medius	11000	283	121.4130573108	0.0629338187797287	0.99999999993658	0.186645842683711	0.186645842791849	0.0117463356401913	1730.89001088529	1732.89001088529	-1.99999999999886	BM	Cercopithecidae	OWM	Cheirogaleidae	STR	order
Cercocebus_torquatus	Cheirogaleus_medius	11000	283	121.413057312	0.0629338187797287	0.999999999946464	0.186645842682805	0.186645842790944	0.0117463356400183	1730.89001088529	1732.89001088529	-1.99999999999886	BM	Cercopithecidae	OWM	Cheirogaleidae	STR	order
Macaca_fuscata	Cheirogaleus_medius	11000	283	121.4130573126	0.0629338187797287	0.999999999951406	0.186645842682353	0.186645842790491	0.0117463356399317	1730.89001088529	1732.89001088529	-1.99999999999886	BM	Cercopithecidae	OWM	Cheirogaleidae	STR	order
Macaca_mulatta	Cheirogaleus_medius	11000	283	121.4130573127	0.0629338187797287	0.999999999952229	0.186645842682277	0.186645842790416	0.0117463356399173	1730.89001088529	1732.89001088529	-1.99999999999886	BM	Cercopithecidae	OWM	Cheirogaleidae	STR	order
Erythrocebus_patas	Eulemur_coronatus	12400	1690	121.4130573131	0.0628927124317341	0.999999999955524	0.186526177906575	0.186526178014647	0.0117311372685905	1730.89001088529	1732.89001088529	-1.99999999999886	BM	Cercopithecidae	OWM	Lemuridae	STR	order
Cebuella_pygmaea	Nomascus_concolor	110	7790	78.0653383547	0.0450995360855012	0.642973170092514	0.167115484231866	0.167115484329053	0.0117218434020763	1730.89001088529	1732.89001088529	-1.99999999999886	BM	Callitrichidae	PLA	Hylobatidae	APE	order
Macaca_nemestrina	Presbytis_comata	11200	6680	38.5936741535	0.0265429561336544	0.317870869953123	0.140192515558566	0.140192515640459	0.0117064007509918	1730.89001088529	1732.89001088529	-1.99999999999886	BM	Cercopithecidae	OWM	Cercopithecidae	OWM	family
Alouatta_seniculus	Cheracebus_torquatus	6690	1280	49.0936032097	0.031769334664396	0.404351923046579	0.148677624855263	0.148677624941999	0.0116813818654456	1730.89001088529	1732.89001088529	-1.99999999999886	BM	Atelidae	PLA	Pitheciidae	PLA	superfamily
Saguinus_midas	Semnopithecus_vetulus	515	8170	78.0653383531	0.0449527276998062	0.642973170079336	0.166579475241678	0.166579475338562	0.0116462119095759	1730.89001088529	1732.89001088529	-1.99999999999886	BM	Callitrichidae	PLA	Cercopithecidae	OWM	order
Alouatta_caraya	Plecturocebus_moloch	6420	1020	49.0936032104	0.031710611310118	0.404351923052344	0.148405999174763	0.148405999261345	0.0116384878805471	1730.89001088529	1732.89001088529	-1.99999999999886	BM	Atelidae	PLA	Pitheciidae	PLA	superfamily
Erythrocebus_patas	Trachypithecus_obscurus	12400	7900	38.5936741533	0.0264255094250984	0.317870869951476	0.139578575768268	0.139578575849811	0.0116035639568647	1730.89001088529	1732.89001088529	-1.99999999999886	BM	Cercopithecidae	OWM	Cercopithecidae	OWM	family
Mandrillus_leucophaeus	Semnopithecus_entellus	17500	13000	38.5936741537	0.0264255094250984	0.31787086995477	0.139578575767553	0.139578575849095	0.011603563956685	1730.89001088529	1732.89001088529	-1.99999999999886	BM	Cercopithecidae	OWM	Cercopithecidae	OWM	family
Semnopithecus_entellus	Eulemur_macaco	13000	2370	121.4130573128	0.0624229255975101	0.999999999953053	0.185158271897994	0.185158272005303	0.0115581210309946	1730.89001088529	1732.89001088529	-1.99999999999886	BM	Cercopithecidae	OWM	Lemuridae	STR	order
Macaca_silenus	Cercopithecus_diana	8900	5200	29.8369393157	0.0217276410828587	0.245747368319945	0.13060769693039	0.130607697006791	0.0115476197403982	1730.89001088529	1732.89001088529	-1.99999999999886	BM	Cercopithecidae	OWM	Cercopithecidae	OWM	family
Cheracebus_torquatus	Macaca_silenus	1280	8900	78.0653383543	0.0447471959598332	0.642973170089219	0.16582893261265	0.165828932709111	0.0115407299847342	1730.89001088529	1732.89001088529	-1.99999999999886	BM	Pitheciidae	PLA	Cercopithecidae	OWM	order
Callithrix_jacchus	Cercopithecus_mitis	317	7930	78.0653383521	0.0447060896118386	0.642973170071099	0.165678805934715	0.165678806031091	0.0115196899181357	1730.89001088529	1732.89001088529	-1.99999999999886	BM	Callitrichidae	PLA	Cercopithecidae	OWM	order
Cercopithecus_diana	Colobus_angolensis	5200	9680	38.5936741547	0.0263080627165424	0.317870869963007	0.138964551603332	0.138964551684524	0.0115011738552265	1730.89001088529	1732.89001088529	-1.99999999999886	BM	Cercopithecidae	OWM	Cercopithecidae	OWM	family
Cebuella_pygmaea	Trachypithecus_francoisi	110	7700	78.0653383529	0.0445710258969992	0.642973170077688	0.165185490063734	0.165185490159832	0.0114506904767887	1730.89001088529	1732.89001088529	-1.99999999999886	BM	Callitrichidae	PLA	Cercopithecidae	OWM	order
Cercopithecus_ascanius	Semnopithecus_vetulus	3700	8170	38.5936741537	0.0262493393622644	0.31787086995477	0.138657507998053	0.138657508079069	0.0114501463537211	1730.89001088529	1732.89001088529	-1.99999999999886	BM	Cercopithecidae	OWM	Cercopithecidae	OWM	family
Leontocebus_fuscicolis	Cercopithecus_mitis	343	7930	78.0653383521	0.0445534088907158	0.642973170071099	0.165121139719462	0.165121139815524	0.0114417054969941	1730.89001088529	1732.89001088529	-1.99999999999886	BM	Callitrichidae	PLA	Cercopithecidae	OWM	order
Callithrix_jacchus	Trachypithecus_obscurus	317	7900	78.0653383516	0.0445299195490046	0.642973170066981	0.165035337540072	0.165035337636086	0.0114297308900722	1730.89001088529	1732.89001088529	-1.99999999999886	BM	Callitrichidae	PLA	Cercopithecidae	OWM	order
Saimiri_sciureus	Piliocolobus_badius	779	8360	78.065338347	0.044518174878149	0.642973170029094	0.164992435718142	0.164992435814132	0.0114237458874679	1730.89001088529	1732.89001088529	-1.99999999999886	BM	Cebidae	PLA	Cercopithecidae	OWM	order
Cercopithecus_neglectus	Chlorocebus_pygerythrus	7350	4290	23.4097503945	0.0179693464090669	0.19281081385744	0.12201615682214	0.122016156893597	0.0113715125494008	1730.89001088529	1732.89001088529	-1.99999999999886	BM	Cercopithecidae	OWM	Cercopithecidae	OWM	family
Leontocebus_fuscicolis	Trachypithecus_obscurus	343	7900	78.0653383516	0.0443772388278818	0.642973170066981	0.16447757552924	0.164477575624938	0.0113520454521169	1730.89001088529	1732.89001088529	-1.99999999999886	BM	Callitrichidae	PLA	Cercopithecidae	OWM	order
Sapajus_apella	Macaca_nemestrina	3650	11200	78.0653383495	0.0443361324798872	0.642973170049685	0.164327394689846	0.16432739478546	0.0113311744259574	1730.89001088529	1732.89001088529	-1.99999999999886	BM	Cebidae	PLA	Cercopithecidae	OWM	order
Cacajao_calvus	Pygathrix_nemaeus	3450	11000	78.0653383518	0.0443361324798872	0.642973170068628	0.16432739468746	0.164327394783074	0.011331174425459	1730.89001088529	1732.89001088529	-1.99999999999886	BM	Pitheciidae	PLA	Cercopithecidae	OWM	order
Cacajao_calvus	Cercocebus_torquatus	3450	11000	78.065338353	0.0443361324798872	0.642973170078512	0.164327394686215	0.164327394781829	0.011331174425199	1730.89001088529	1732.89001088529	-1.99999999999886	BM	Pitheciidae	PLA	Cercopithecidae	OWM	order
Cacajao_calvus	Macaca_fuscata	3450	11000	78.0653383536	0.0443361324798872	0.642973170083454	0.164327394685593	0.164327394781206	0.011331174425069	1730.89001088529	1732.89001088529	-1.99999999999886	BM	Pitheciidae	PLA	Cercopithecidae	OWM	order
Cacajao_calvus	Macaca_mulatta	3450	11000	78.0653383537	0.0443361324798872	0.642973170084277	0.164327394685489	0.164327394781102	0.0113311744250473	1730.89001088529	1732.89001088529	-1.99999999999886	BM	Pitheciidae	PLA	Cercopithecidae	OWM	order
Aotus_trivirgatus	Piliocolobus_badius	813	8360	78.0653383561	0.0443185154736039	0.642973170104045	0.164263029630785	0.164263029726362	0.0113222354507498	1730.89001088529	1732.89001088529	-1.99999999999886	BM	Aotidae	PLA	Cercopithecidae	OWM	order
Cercocebus_torquatus	Cercopithecus_neglectus	11000	7350	29.8369393146	0.0214340243114687	0.245747368310885	0.128858259353985	0.128858259429381	0.0112389853153293	1730.89001088529	1732.89001088529	-1.99999999999886	BM	Cercopithecidae	OWM	Cercopithecidae	OWM	family
Macaca_fuscata	Cercopithecus_neglectus	11000	7350	29.8369393152	0.0214340243114687	0.245747368315827	0.128858259352701	0.128858259428097	0.0112389853149913	1730.89001088529	1732.89001088529	-1.99999999999886	BM	Cercopithecidae	OWM	Cercopithecidae	OWM	family
Macaca_mulatta	Cercopithecus_neglectus	11000	7350	29.8369393153	0.0214340243114687	0.24574736831665	0.128858259352487	0.128858259427883	0.0112389853149349	1730.89001088529	1732.89001088529	-1.99999999999886	BM	Cercopithecidae	OWM	Cercopithecidae	OWM	family
Trachypithecus_pileatus	Hylobates_klossii	12000	5670	62.1515760364	0.0371718832579717	0.511901910791681	0.154536995933369	0.154536996023438	0.0112217419993389	1730.89001088529	1732.89001088529	-1.99999999999886	BM	Cercopithecidae	OWM	Hylobatidae	APE	order
Saguinus_oedipus	Cercopithecus_mitis	418	7930	78.065338352	0.0441129837336309	0.642973170070275	0.163512022855462	0.163512022950615	0.0112182024697667	1730.89001088529	1732.89001088529	-1.99999999999886	BM	Callitrichidae	PLA	Cercopithecidae	OWM	order
Macaca_nemestrina	Macaca_nigra	11200	9890	7.6582823365	0.00769275941041752	0.0630762663064336	0.0914846761130424	0.0914846761668054	0.0111574391492767	1730.89001088529	1732.89001088529	-1.99999999999886	BM	Cercopithecidae	OWM	Cercopithecidae	OWM	family
Saguinus_oedipus	Trachypithecus_obscurus	418	7900	78.0653383515	0.0439368136707969	0.642973170066157	0.162868184092643	0.162868184187432	0.0111294053788328	1730.89001088529	1732.89001088529	-1.99999999999886	BM	Callitrichidae	PLA	Cercopithecidae	OWM	order
Erythrocebus_patas	Eulemur_rubriventer	12400	1980	121.413057314	0.0611897351576722	0.999999999962936	0.181564842241091	0.181564842346393	0.0111099046110886	1730.89001088529	1732.89001088529	-1.99999999999886	BM	Cercopithecidae	OWM	Lemuridae	STR	order
Callithrix_jacchus	Nomascus_concolor	317	7790	78.0653383543	0.0438839626519467	0.642973170089219	0.162675011167932	0.162675011262612	0.0111028335964749	1730.89001088529	1732.89001088529	-1.99999999999886	BM	Callitrichidae	PLA	Hylobatidae	APE	order
Saimiri_oerstedii	Piliocolobus_badius	897	8360	78.0653383474	0.0438252392976687	0.642973170032388	0.162460363093242	0.1624603631878	0.0110733458576332	1730.89001088529	1732.89001088529	-1.99999999999886	BM	Cebidae	PLA	Cercopithecidae	OWM	order
Cercocebus_torquatus	Trachypithecus_cristatus	11000	6610	38.5936741541	0.0257795525280404	0.317870869958065	0.136200408521654	0.136200408601263	0.0110459495275165	1730.89001088529	1732.89001088529	-1.99999999999886	BM	Cercopithecidae	OWM	Cercopithecidae	OWM	family
Macaca_fuscata	Trachypithecus_cristatus	11000	6610	38.5936741547	0.0257795525280404	0.317870869963007	0.136200408520605	0.136200408600214	0.0110459495272597	1730.89001088529	1732.89001088529	-1.99999999999886	BM	Cercopithecidae	OWM	Cercopithecidae	OWM	family
Macaca_mulatta	Trachypithecus_cristatus	11000	6610	38.5936741548	0.0257795525280404	0.31787086996383	0.136200408520431	0.136200408600039	0.0110459495272169	1730.89001088529	1732.89001088529	-1.99999999999886	BM	Cercopithecidae	OWM	Cercopithecidae	OWM	family
Ateles_geoffroyi	Macaca_tonkeana	7450	14900	78.065338353	0.0437488989371073	0.642973170078512	0.162181302505492	0.162181302599893	0.0110350691801569	1730.89001088529	1732.89001088529	-1.99999999999886	BM	Atelidae	PLA	Cercopithecidae	OWM	order
Leontocebus_fuscicolis	Nomascus_concolor	343	7790	78.0653383543	0.0437312819308239	0.642973170089219	0.162116901009758	0.162116901104122	0.0110262453141325	1730.89001088529	1732.89001088529	-1.99999999999886	BM	Callitrichidae	PLA	Hylobatidae	APE	order
Trachypithecus_pileatus	Eulemur_mongoz	12000	1630	121.4130573131	0.0608961183862822	0.999999999955524	0.180708698227346	0.180708698332169	0.0110044582811728	1730.89001088529	1732.89001088529	-1.99999999999886	BM	Cercopithecidae	OWM	Lemuridae	STR	order
Saguinus_midas	Cercopithecus_mitis	515	7930	78.0653383529	0.0435433671971343	0.642973170077688	0.161429884243713	0.161429884337688	0.0109323390980149	1730.89001088529	1732.89001088529	-1.99999999999886	BM	Callitrichidae	PLA	Cercopithecidae	OWM	order
Trachypithecus_pileatus	Eulemur_coronatus	12000	1690	121.4130573132	0.0605437782606142	0.999999999956347	0.179681041067593	0.179681041171841	0.0108785691085076	1730.89001088529	1732.89001088529	-1.99999999999886	BM	Cercopithecidae	OWM	Lemuridae	STR	order
Saimiri_sciureus	Semnopithecus_vetulus	779	8170	78.065338347	0.0434024311468671	0.642973170029094	0.160914540886753	0.160914540980437	0.0108621675163382	1730.89001088529	1732.89001088529	-1.99999999999886	BM	Cebidae	PLA	Cercopithecidae	OWM	order
Saguinus_midas	Trachypithecus_obscurus	515	7900	78.0653383524	0.0433671971343003	0.64297317007357	0.160785694249687	0.160785694343298	0.0108446591917726	1730.89001088529	1732.89001088529	-1.99999999999886	BM	Callitrichidae	PLA	Cercopithecidae	OWM	order
Callithrix_jacchus	Trachypithecus_francoisi	317	7700	78.0653383525	0.0433554524634447	0.642973170074394	0.160742744414534	0.16074274450812	0.0108388261573988	1730.89001088529	1732.89001088529	-1.99999999999886	BM	Callitrichidae	PLA	Cercopithecidae	OWM	order
Saguinus_oedipus	Nomascus_concolor	418	7790	78.0653383542	0.0432908567737389	0.642973170088395	0.160506511766197	0.16050651185965	0.0108067719391271	1730.89001088529	1732.89001088529	-1.99999999999886	BM	Callitrichidae	PLA	Hylobatidae	APE	order
Semnopithecus_entellus	Colobus_angolensis	13000	9680	27.0170263237	0.0194961536202948	0.22252158804326	0.123219554700639	0.12321955477279	0.0107958395793982	1730.89001088529	1732.89001088529	-1.99999999999886	BM	Cercopithecidae	OWM	Cercopithecidae	OWM	family
Leontocebus_fuscicolis	Trachypithecus_francoisi	343	7700	78.0653383525	0.0432027717423219	0.642973170074394	0.160184353040388	0.160184353133659	0.0107631365711491	1730.89001088529	1732.89001088529	-1.99999999999886	BM	Callitrichidae	PLA	Cercopithecidae	OWM	order
Aotus_trivirgatus	Semnopithecus_vetulus	813	8170	78.0653383561	0.0432027717423219	0.642973170104045	0.160184353036745	0.160184353130015	0.010763136570408	1730.89001088529	1732.89001088529	-1.99999999999886	BM	Aotidae	PLA	Cercopithecidae	OWM	order
Colobus_guereza	Propithecus_verreauxi	13500	3250	121.413057313	0.0601914381349463	0.9999999999547	0.178653075324232	0.178653075427905	0.0107533855314836	1730.89001088529	1732.89001088529	-1.99999999999886	BM	Cercopithecidae	OWM	Indriidae	STR	order
Cercopithecus_nictitans	Pygathrix_nemaeus	6670	11000	38.5936741526	0.0254272124023724	0.31787086994571	0.134356717750494	0.134356717829046	0.0107474988208605	1730.89001088529	1732.89001088529	-1.99999999999886	BM	Cercopithecidae	OWM	Cercopithecidae	OWM	family
Sapajus_apella	Pygathrix_nemaeus	3650	11000	78.0653383478	0.0431616653943273	0.642973170035683	0.16003400311815	0.160034003211336	0.0107428029911684	1730.89001088529	1732.89001088529	-1.99999999999886	BM	Cebidae	PLA	Cercopithecidae	OWM	order
Sapajus_apella	Cercocebus_torquatus	3650	11000	78.065338349	0.0431616653943273	0.642973170045566	0.160034003116937	0.160034003210122	0.0107428029909218	1730.89001088529	1732.89001088529	-1.99999999999886	BM	Cebidae	PLA	Cercopithecidae	OWM	order
Sapajus_apella	Macaca_fuscata	3650	11000	78.0653383496	0.0431616653943273	0.642973170050508	0.16003400311633	0.160034003209516	0.0107428029907985	1730.89001088529	1732.89001088529	-1.99999999999886	BM	Cebidae	PLA	Cercopithecidae	OWM	order
Sapajus_apella	Macaca_mulatta	3650	11000	78.0653383497	0.0431616653943273	0.642973170051332	0.160034003116229	0.160034003209415	0.0107428029907779	1730.89001088529	1732.89001088529	-1.99999999999886	BM	Cebidae	PLA	Cercopithecidae	OWM	order
Plecturocebus_moloch	Piliocolobus_badius	1020	8360	78.0653383542	0.0431029420400493	0.642973170088395	0.159819207373777	0.15981920746684	0.0107137876863065	1730.89001088529	1732.89001088529	-1.99999999999886	BM	Pitheciidae	PLA	Cercopithecidae	OWM	order
Cercocebus_torquatus	Presbytis_comata	11000	6680	38.593674153	0.0253684890480944	0.317870869949005	0.134049364570536	0.134049364648912	0.0106981487091195	1730.89001088529	1732.89001088529	-1.99999999999886	BM	Cercopithecidae	OWM	Cercopithecidae	OWM	family
Macaca_fuscata	Presbytis_comata	11000	6680	38.5936741536	0.0253684890480944	0.317870869953947	0.134049364569504	0.13404936464788	0.0106981487088708	1730.89001088529	1732.89001088529	-1.99999999999886	BM	Cercopithecidae	OWM	Cercopithecidae	OWM	family
Macaca_mulatta	Presbytis_comata	11000	6680	38.5936741537	0.0253684890480944	0.31787086995477	0.134049364569331	0.134049364647708	0.0106981487088294	1730.89001088529	1732.89001088529	-1.99999999999886	BM	Cercopithecidae	OWM	Cercopithecidae	OWM	family
Macaca_fascicularis	Colobus_angolensis	5360	9680	38.5936741546	0.0253684890480944	0.317870869962183	0.134049364567783	0.134049364646159	0.0106981487084564	1730.89001088529	1732.89001088529	-1.99999999999886	BM	Cercopithecidae	OWM	Cercopithecidae	OWM	family
Cercopithecus_nictitans	Cercopithecus_mona	6670	4768	12.9463432658	0.0111691819836749	0.106630568010804	0.10210431544345	0.102104315503388	0.0106950727336545	1730.89001088529	1732.89001088529	-1.99999999999886	BM	Cercopithecidae	OWM	Cercopithecidae	OWM	family
Erythrocebus_patas	Eulemur_fulvus	12400	2180	121.4130573124	0.0600152680721123	0.999999999949758	0.178138977266408	0.178138977369793	0.0106910584752726	1730.89001088529	1732.89001088529	-1.99999999999886	BM	Cercopithecidae	OWM	Lemuridae	STR	order
Macaca_nemestrina	Hapalemur_griseus	11200	987	121.4130573163	0.0599741617241177	0.99999999998188	0.17801901003368	0.178019010136997	0.0106765408979207	1730.89001088529	1732.89001088529	-1.99999999999886	BM	Cercopithecidae	OWM	Lemuridae	STR	order
Erythrocebus_patas	Lemur_catta	12400	2210	121.413057314	0.0598390980092783	0.999999999962936	0.177624802700159	0.177624802803255	0.0106289079780475	1730.89001088529	1732.89001088529	-1.99999999999886	BM	Cercopithecidae	OWM	Lemuridae	STR	order
Trachypithecus_cristatus	Colobus_polykomos	6610	9900	27.0170263241	0.0193199835574608	0.222521588046555	0.122114899481011	0.122114899552525	0.0106023773729339	1730.89001088529	1732.89001088529	-1.99999999999886	BM	Cercopithecidae	OWM	Cercopithecidae	OWM	family
Macaca_nemestrina	Avahi_laniger	11200	1030	121.4130573105	0.0597216513007223	0.999999999934109	0.177281977260775	0.17728197736368	0.0105875724285682	1730.89001088529	1732.89001088529	-1.99999999999886	BM	Cercopithecidae	OWM	Indriidae	STR	order
Alouatta_caraya	Cheracebus_torquatus	6420	1280	49.0936032095	0.0301838040988901	0.404351923044932	0.141337643833895	0.141337643916444	0.0105504821670081	1730.89001088529	1732.89001088529	-1.99999999999886	BM	Atelidae	PLA	Pitheciidae	PLA	superfamily
Saguinus_oedipus	Trachypithecus_francoisi	418	7700	78.0653383524	0.042762346585237	0.64297317007357	0.158573157894987	0.158573157987345	0.0105462570642645	1730.89001088529	1732.89001088529	-1.99999999999886	BM	Callitrichidae	PLA	Cercopithecidae	OWM	order
Saguinus_midas	Nomascus_concolor	515	7790	78.0653383551	0.0427212402372424	0.642973170095808	0.158422745680055	0.158422745772328	0.0105261253377535	1730.89001088529	1732.89001088529	-1.99999999999886	BM	Callitrichidae	PLA	Hylobatidae	APE	order
Saimiri_oerstedii	Semnopithecus_vetulus	897	8170	78.0653383474	0.0427094955663868	0.642973170032388	0.158379769707747	0.158379769799995	0.0105203768794857	1730.89001088529	1732.89001088529	-1.99999999999886	BM	Cebidae	PLA	Cercopithecidae	OWM	order
Trachypithecus_pileatus	Hylobates_lar	12000	5900	62.1515760368	0.0358212461095778	0.511901910794975	0.14898887204599	0.148988872132904	0.0104257611479894	1730.89001088529	1732.89001088529	-1.99999999999886	BM	Cercopithecidae	OWM	Hylobatidae	APE	order
Cebuella_pygmaea	Cercopithecus_neglectus	110	7350	78.0653383533	0.0425157084972694	0.642973170080983	0.157670597997278	0.157670598089125	0.01042574946354	1730.89001088529	1732.89001088529	-1.99999999999886	BM	Callitrichidae	PLA	Cercopithecidae	OWM	order
Macaca_silenus	Erythrocebus_patas	8900	12400	29.836939315	0.0205531739972987	0.245747368314179	0.123606196287741	0.123606196360115	0.0103378509274543	1730.89001088529	1732.89001088529	-1.99999999999886	BM	Cercopithecidae	OWM	Cercopithecidae	OWM	family
Erythrocebus_patas	Eulemur_macaco	12400	2370	121.4130573131	0.0588995243408303	0.999999999955524	0.174881255046038	0.174881255147595	0.0103004227387972	1730.89001088529	1732.89001088529	-1.99999999999886	BM	Cercopithecidae	OWM	Lemuridae	STR	order
Trachypithecus_pileatus	Eulemur_rubriventer	12000	1980	121.4130573141	0.0588408009865524	0.99999999996376	0.174709712001162	0.174709712102623	0.0102800593946508	1730.89001088529	1732.89001088529	-1.99999999999886	BM	Cercopithecidae	OWM	Lemuridae	STR	order
Saguinus_midas	Trachypithecus_francoisi	515	7700	78.0653383533	0.0421927300487404	0.642973170080983	0.156488361191389	0.156488361282565	0.0102689684216317	1730.89001088529	1732.89001088529	-1.99999999999886	BM	Callitrichidae	PLA	Cercopithecidae	OWM	order
Pygathrix_nemaeus	Hapalemur_griseus	11000	987	121.4130573146	0.0587996946385578	0.999999999967878	0.174589626905576	0.174589627006969	0.0102658167494373	1730.89001088529	1732.89001088529	-1.99999999999886	BM	Cercopithecidae	OWM	Lemuridae	STR	order
Cercocebus_torquatus	Hapalemur_griseus	11000	987	121.4130573158	0.0587996946385578	0.999999999977762	0.174589626904727	0.17458962700612	0.010265816749286	1730.89001088529	1732.89001088529	-1.99999999999886	BM	Cercopithecidae	OWM	Lemuridae	STR	order
Macaca_fuscata	Hapalemur_griseus	11000	987	121.4130573164	0.0587996946385578	0.999999999982704	0.174589626904302	0.174589627005696	0.0102658167492103	1730.89001088529	1732.89001088529	-1.99999999999886	BM	Cercopithecidae	OWM	Lemuridae	STR	order
Macaca_mulatta	Hapalemur_griseus	11000	987	121.4130573165	0.0587996946385578	0.999999999983527	0.174589626904232	0.174589627005625	0.0102658167491977	1730.89001088529	1732.89001088529	-1.99999999999886	BM	Cercopithecidae	OWM	Lemuridae	STR	order
Erythrocebus_patas	Semnopithecus_vetulus	12400	8170	38.593674154	0.0248399788595925	0.317870869957241	0.131282279108577	0.131282279185365	0.0102590370678975	1730.89001088529	1732.89001088529	-1.99999999999886	BM	Cercopithecidae	OWM	Cercopithecidae	OWM	family
Pygathrix_nemaeus	Avahi_laniger	11000	1030	121.4130573088	0.0585471842151624	0.999999999920108	0.173851871803547	0.173851871904526	0.0101785375654462	1730.89001088529	1732.89001088529	-1.99999999999886	BM	Cercopithecidae	OWM	Indriidae	STR	order
Cercocebus_torquatus	Avahi_laniger	11000	1030	121.41305731	0.0585471842151624	0.999999999929991	0.173851871802701	0.17385187190368	0.0101785375652961	1730.89001088529	1732.89001088529	-1.99999999999886	BM	Cercopithecidae	OWM	Indriidae	STR	order
Macaca_fuscata	Avahi_laniger	11000	1030	121.4130573106	0.0585471842151624	0.999999999934933	0.173851871802278	0.173851871903258	0.0101785375652211	1730.89001088529	1732.89001088529	-1.99999999999886	BM	Cercopithecidae	OWM	Indriidae	STR	order
Macaca_mulatta	Avahi_laniger	11000	1030	121.4130573107	0.0585471842151624	0.999999999935757	0.173851871802208	0.173851871903187	0.0101785375652086	1730.89001088529	1732.89001088529	-1.99999999999886	BM	Cercopithecidae	OWM	Indriidae	STR	order
Saimiri_sciureus	Cercopithecus_mitis	779	7930	78.0653383468	0.0419930706441952	0.642973170027446	0.155757347321976	0.155757347412738	0.0101726317587482	1730.89001088529	1732.89001088529	-1.99999999999886	BM	Cebidae	PLA	Cercopithecidae	OWM	order
Plecturocebus_moloch	Semnopithecus_vetulus	1020	8170	78.0653383542	0.0419871983087674	0.642973170088395	0.155735844872393	0.155735844963142	0.0101698050659589	1730.89001088529	1732.89001088529	-1.99999999999886	BM	Pitheciidae	PLA	Cercopithecidae	OWM	order
Presbytis_comata	Colobus_polykomos	6680	9900	27.017026323	0.0189089200775148	0.222521588037495	0.119536449403003	0.119536449473031	0.0101576893641907	1730.89001088529	1732.89001088529	-1.99999999999886	BM	Cercopithecidae	OWM	Cercopithecidae	OWM	family
Cercopithecus_ascanius	Trachypithecus_obscurus	3700	7900	38.593674153	0.0246638087967585	0.317870869949005	0.130359558111231	0.130359558187489	0.0101146834140578	1730.89001088529	1732.89001088529	-1.99999999999886	BM	Cercopithecidae	OWM	Cercopithecidae	OWM	family
Saimiri_sciureus	Trachypithecus_obscurus	779	7900	78.0653383463	0.0418169005813612	0.642973170023328	0.155112223634381	0.155112223724776	0.0100879985932188	1730.89001088529	1732.89001088529	-1.99999999999886	BM	Cebidae	PLA	Cercopithecidae	OWM	order
Aotus_trivirgatus	Cercopithecus_mitis	813	7930	78.0653383559	0.04179341123965	0.642973170102397	0.15502619926328	0.155026199353627	0.0100767403680287	1730.89001088529	1732.89001088529	-1.99999999999886	BM	Aotidae	PLA	Cercopithecidae	OWM	order
Aotus_trivirgatus	Trachypithecus_obscurus	813	7900	78.0653383554	0.041617241176816	0.642973170098279	0.154380957696417	0.154380957786397	0.00999250022917372	1730.89001088529	1732.89001088529	-1.99999999999886	BM	Aotidae	PLA	Cercopithecidae	OWM	order
Cheracebus_torquatus	Piliocolobus_badius	1280	8360	78.0653383533	0.0415761348288214	0.642973170080983	0.154230386415907	0.154230386505801	0.00997289410928507	1730.89001088529	1732.89001088529	-1.99999999999886	BM	Pitheciidae	PLA	Cercopithecidae	OWM	order
Alouatta_caraya	Colobus_guereza	6420	13500	78.0653383562	0.0415761348288214	0.642973170104868	0.154230386413078	0.154230386502973	0.00997289410873168	1730.89001088529	1732.89001088529	-1.99999999999886	BM	Atelidae	PLA	Cercopithecidae	OWM	order
Trachypithecus_pileatus	Eulemur_fulvus	12000	2180	121.4130573125	0.0576663339009924	0.999999999950582	0.171277109715452	0.171277109814984	0.00987692299893628	1730.89001088529	1732.89001088529	-1.99999999999886	BM	Cercopithecidae	OWM	Lemuridae	STR	order
Saimiri_oerstedii	Cercopithecus_mitis	897	7930	78.0653383472	0.0413001350637148	0.642973170030741	0.153219262191922	0.153219262281242	0.00984174226521239	1730.89001088529	1732.89001088529	-1.99999999999886	BM	Cebidae	PLA	Cercopithecidae	OWM	order
Callithrix_jacchus	Cercopithecus_neglectus	317	7350	78.0653383529	0.0413001350637148	0.642973170077688	0.153219262186398	0.153219262275718	0.00984174226413893	1730.89001088529	1732.89001088529	-1.99999999999886	BM	Callitrichidae	PLA	Cercopithecidae	OWM	order
Trachypithecus_pileatus	Lemur_catta	12000	2210	121.4130573141	0.0574901638381584	0.99999999996376	0.170761935473029	0.17076193557227	0.00981713164802122	1730.89001088529	1732.89001088529	-1.99999999999886	BM	Cercopithecidae	OWM	Lemuridae	STR	order
Saimiri_sciureus	Nomascus_concolor	779	7790	78.065338349	0.0411709436843032	0.642973170045566	0.152745883202325	0.152745883291376	0.00978064474274471	1730.89001088529	1732.89001088529	-1.99999999999886	BM	Cebidae	PLA	Hylobatidae	APE	order
Leontocebus_fuscicolis	Cercopithecus_neglectus	343	7350	78.0653383529	0.041147454342592	0.642973170077688	0.152659808365021	0.152659808454023	0.00976955616031317	1730.89001088529	1732.89001088529	-1.99999999999886	BM	Callitrichidae	PLA	Cercopithecidae	OWM	order
Saimiri_oerstedii	Trachypithecus_obscurus	897	7900	78.0653383467	0.0411239650008808	0.642973170026623	0.152573731716387	0.15257373180534	0.00975847375233198	1730.89001088529	1732.89001088529	-1.99999999999886	BM	Cebidae	PLA	Cercopithecidae	OWM	order
Chlorocebus_pygerythrus	Allochrocebus_lhoesti	4290	5970	11.6758573154	0.00986552351870339	0.0961664056014256	0.0950019485630928	0.0950019486189036	0.00974606414797673	1730.89001088529	1732.89001088529	-1.99999999999886	BM	Cercopithecidae	OWM	Cercopithecidae	OWM	family
Semnopithecus_entellus	Propithecus_verreauxi	13000	3250	121.4130573127	0.0572552704210465	0.999999999952229	0.170074922281036	0.170074922379891	0.00973768566750436	1730.89001088529	1732.89001088529	-1.99999999999886	BM	Cercopithecidae	OWM	Indriidae	STR	order
Aotus_trivirgatus	Nomascus_concolor	813	7790	78.0653383581	0.0409712842797581	0.642973170120517	0.152014189130609	0.152014189219244	0.00968658856521136	1730.89001088529	1732.89001088529	-1.99999999999886	BM	Aotidae	PLA	Hylobatidae	APE	order
Cercopithecus_pogonias	Piliocolobus_badius	4260	8360	38.5936741536	0.0240765752539785	0.317870869953947	0.127282546190833	0.127282546265323	0.00964079471115293	1730.89001088529	1732.89001088529	-1.99999999999886	BM	Cercopithecidae	OWM	Cercopithecidae	OWM	family
Macaca_silenus	Semnopithecus_entellus	8900	13000	38.5936741547	0.0240765752539785	0.317870869963007	0.127282546189035	0.127282546263525	0.00964079471074192	1730.89001088529	1732.89001088529	-1.99999999999886	BM	Cercopithecidae	OWM	Cercopithecidae	OWM	family
Saguinus_oedipus	Cercopithecus_neglectus	418	7350	78.0653383528	0.0407070291855071	0.642973170076864	0.151045569148306	0.15104556923639	0.009562788430078	1730.89001088529	1732.89001088529	-1.99999999999886	BM	Callitrichidae	PLA	Cercopithecidae	OWM	order
Saimiri_sciureus	Trachypithecus_francoisi	779	7700	78.0653383472	0.0406424334958013	0.642973170030741	0.150808760629973	0.150808760717923	0.00953264507785739	1730.89001088529	1732.89001088529	-1.99999999999886	BM	Cebidae	PLA	Cercopithecidae	OWM	order
Plecturocebus_moloch	Cercopithecus_mitis	1020	7930	78.065338354	0.0405778378060955	0.642973170086748	0.150571938490742	0.150571938578557	0.00950254844599877	1730.89001088529	1732.89001088529	-1.99999999999886	BM	Pitheciidae	PLA	Cercopithecidae	OWM	order
Trachypithecus_pileatus	Eulemur_macaco	12000	2370	121.4130573132	0.0565505901697105	0.999999999956347	0.168013104420003	0.168013104517696	0.0095012402116111	1730.89001088529	1732.89001088529	-1.99999999999886	BM	Cercopithecidae	OWM	Lemuridae	STR	order
Cercopithecus_cephus	Piliocolobus_badius	4290	8360	38.5936741537	0.0239004051911445	0.31787086995477	0.126359064795658	0.126359064869617	0.00950081663230115	1730.89001088529	1732.89001088529	-1.99999999999886	BM	Cercopithecidae	OWM	Cercopithecidae	OWM	family
Cercopithecus_mitis	Trachypithecus_pileatus	7930	12000	38.5936741539	0.0239004051911445	0.317870869956418	0.126359064795334	0.126359064869292	0.00950081663222751	1730.89001088529	1732.89001088529	-1.99999999999886	BM	Cercopithecidae	OWM	Cercopithecidae	OWM	family
Chlorocebus_pygerythrus	Piliocolobus_badius	4290	8360	38.5936741539	0.0239004051911445	0.317870869956418	0.126359064795334	0.126359064869292	0.00950081663222751	1730.89001088529	1732.89001088529	-1.99999999999886	BM	Cercopithecidae	OWM	Cercopithecidae	OWM	family
Colobus_polykomos	Cheirogaleus_medius	9900	283	121.413057312	0.0564742498091491	0.999999999946464	0.16778967113009	0.167789671227657	0.00947579580330295	1730.89001088529	1732.89001088529	-1.99999999999886	BM	Cercopithecidae	OWM	Cheirogaleidae	STR	order
Macaca_nigra	Cheirogaleus_medius	9890	283	121.413057312	0.0564155264548711	0.999999999946464	0.167617790141252	0.167617790238722	0.00945624587452706	1730.89001088529	1732.89001088529	-1.99999999999886	BM	Cercopithecidae	OWM	Cheirogaleidae	STR	order
Saimiri_oerstedii	Nomascus_concolor	897	7790	78.0653383494	0.0404780081038229	0.642973170048861	0.150205913933825	0.150205914021432	0.00945612738552288	1730.89001088529	1732.89001088529	-1.99999999999886	BM	Cebidae	PLA	Hylobatidae	APE	order
Cheracebus_torquatus	Semnopithecus_vetulus	1280	8170	78.0653383533	0.0404603910975395	0.642973170080983	0.150141317997295	0.150141318084865	0.00944794701978855	1730.89001088529	1732.89001088529	-1.99999999999886	BM	Pitheciidae	PLA	Cercopithecidae	OWM	order
Aotus_trivirgatus	Trachypithecus_francoisi	813	7700	78.0653383563	0.0404427740912561	0.642973170105692	0.15007672105375	0.150076721141283	0.00943977013058815	1730.89001088529	1732.89001088529	-1.99999999999886	BM	Aotidae	PLA	Cercopithecidae	OWM	order
Plecturocebus_moloch	Trachypithecus_obscurus	1020	7900	78.0653383535	0.0404016677432615	0.64297317008263	0.149925990944322	0.149925991031769	0.00942070424405623	1730.89001088529	1732.89001088529	-1.99999999999886	BM	Pitheciidae	PLA	Cercopithecidae	OWM	order
Semnopithecus_entellus	Colobus_polykomos	13000	9900	27.0170263237	0.0182042398261789	0.22252158804326	0.11511331430862	0.115113314376094	0.00941729024715132	1730.89001088529	1732.89001088529	-1.99999999999886	BM	Cercopithecidae	OWM	Cercopithecidae	OWM	family
Macaca_nemestrina	Eulemur_mongoz	11200	1630	121.4130573135	0.0561982500440425	0.999999999958818	0.166981760857956	0.166981760955067	0.00938408274987635	1730.89001088529	1732.89001088529	-1.99999999999886	BM	Cercopithecidae	OWM	Lemuridae	STR	order
Erythrocebus_patas	Piliocolobus_badius	12400	8360	38.593674154	0.0237242351283105	0.317870869957241	0.125435411219897	0.125435411293324	0.0093618493245306	1730.89001088529	1732.89001088529	-1.99999999999886	BM	Cercopithecidae	OWM	Cercopithecidae	OWM	family
Saguinus_midas	Cercopithecus_neglectus	515	7350	78.0653383537	0.0401374126490105	0.642973170084277	0.148956881044267	0.148956881131163	0.00929858986277713	1730.89001088529	1732.89001088529	-1.99999999999886	BM	Callitrichidae	PLA	Cercopithecidae	OWM	order
Macaca_nemestrina	Eulemur_coronatus	11200	1690	121.4130573136	0.0558459099183745	0.999999999959642	0.165950129836416	0.165950129932945	0.00926763600216105	1730.89001088529	1732.89001088529	-1.99999999999886	BM	Cercopithecidae	OWM	Lemuridae	STR	order
Trachypithecus_cristatus	Colobus_angolensis	6610	9680	27.0170263241	0.0180280697633449	0.222521588046555	0.114006964240562	0.114006964307396	0.00923652182639469	1730.89001088529	1732.89001088529	-1.99999999999886	BM	Cercopithecidae	OWM	Cercopithecidae	OWM	family
Alouatta_seniculus	Colobus_guereza	6690	13500	78.0653383564	0.0399906042633155	0.642973170106515	0.148418389328241	0.14841838941483	0.00923108669066413	1730.89001088529	1732.89001088529	-1.99999999999886	BM	Atelidae	PLA	Cercopithecidae	OWM	order
Saimiri_oerstedii	Trachypithecus_francoisi	897	7700	78.0653383476	0.0399494979153209	0.642973170034036	0.148267599244258	0.148267599330761	0.00921222909908448	1730.89001088529	1732.89001088529	-1.99999999999886	BM	Cebidae	PLA	Cercopithecidae	OWM	order
Cercopithecus_ascanius	Trachypithecus_francoisi	3700	7700	38.5936741539	0.0234893417111985	0.317870869956418	0.124203607422526	0.124203607495244	0.00917813254454954	1730.89001088529	1732.89001088529	-1.99999999999886	BM	Cercopithecidae	OWM	Cercopithecidae	OWM	family
Mandrillus_leucophaeus	Colobus_guereza	17500	13500	38.593674154	0.0234893417111985	0.317870869957241	0.124203607422366	0.124203607495085	0.00917813254451396	1730.89001088529	1732.89001088529	-1.99999999999886	BM	Cercopithecidae	OWM	Cercopithecidae	OWM	family
Colobus_guereza	Nomascus_concolor	13500	7790	62.151576036	0.0335310352927359	0.511901910788386	0.139564448182141	0.139564448263675	0.00914186944604142	1730.89001088529	1732.89001088529	-1.99999999999886	BM	Cercopithecidae	OWM	Hylobatidae	APE	order
Plecturocebus_moloch	Nomascus_concolor	1020	7790	78.0653383562	0.0397557108462035	0.642973170104868	0.147556658737969	0.147556658824066	0.00912358420377299	1730.89001088529	1732.89001088529	-1.99999999999886	BM	Pitheciidae	PLA	Hylobatidae	APE	order
Pongo_pygmaeus	Pongo_abelii	78500	77900	3.10266931	0.00352340125667978	0.0255546592642078	0.0659001680024119	0.0659001680412218	0.00908612133523216	1730.89001088529	1732.89001088529	-1.99999999999886	BM	Hominidae	APE	Hominidae	APE	family
Colobus_angolensis	Cheirogaleus_medius	9680	283	121.413057312	0.0551823360150332	0.999999999946464	0.164006450310612	0.164006450406044	0.00905025905015755	1730.89001088529	1732.89001088529	-1.99999999999886	BM	Cercopithecidae	OWM	Cheirogaleidae	STR	order
Macaca_nemestrina	Cercopithecus_mitis	11200	7930	29.8369393143	0.0192025368489048	0.245747368308414	0.115542529571324	0.115542529639046	0.00902841685337821	1730.89001088529	1732.89001088529	-1.99999999999886	BM	Cercopithecidae	OWM	Cercopithecidae	OWM	family
Pygathrix_nemaeus	Eulemur_mongoz	11000	1630	121.4130573118	0.0550237829584826	0.999999999944816	0.163541882569644	0.163541882664814	0.00899869305163033	1730.89001088529	1732.89001088529	-1.99999999999886	BM	Cercopithecidae	OWM	Lemuridae	STR	order
Cercocebus_torquatus	Eulemur_mongoz	11000	1630	121.413057313	0.0550237829584826	0.9999999999547	0.163541882568847	0.163541882664017	0.00899869305149754	1730.89001088529	1732.89001088529	-1.99999999999886	BM	Cercopithecidae	OWM	Lemuridae	STR	order
Macaca_fuscata	Eulemur_mongoz	11000	1630	121.4130573136	0.0550237829584826	0.999999999959642	0.163541882568449	0.163541882663619	0.00899869305143115	1730.89001088529	1732.89001088529	-1.99999999999886	BM	Cercopithecidae	OWM	Lemuridae	STR	order
Macaca_mulatta	Eulemur_mongoz	11000	1630	121.4130573137	0.0550237829584826	0.999999999960465	0.163541882568383	0.163541882663552	0.00899869305142009	1730.89001088529	1732.89001088529	-1.99999999999886	BM	Cercopithecidae	OWM	Lemuridae	STR	order
Cercopithecus_petaurista	Piliocolobus_badius	4400	8360	38.5936741537	0.0232544482940866	0.31787086995477	0.122971502661962	0.12297150273397	0.00899621425110646	1730.89001088529	1732.89001088529	-1.99999999999886	BM	Cercopithecidae	OWM	Cercopithecidae	OWM	family
Pygathrix_nemaeus	Eulemur_coronatus	11000	1690	121.4130573119	0.0546714428328146	0.99999999994564	0.162509305800664	0.16250930589525	0.00888461822236435	1730.89001088529	1732.89001088529	-1.99999999999886	BM	Cercopithecidae	OWM	Lemuridae	STR	order
Cercocebus_torquatus	Eulemur_coronatus	11000	1690	121.4130573131	0.0546714428328146	0.999999999955524	0.162509305799872	0.162509305894458	0.00888461822223325	1730.89001088529	1732.89001088529	-1.99999999999886	BM	Cercopithecidae	OWM	Lemuridae	STR	order
Macaca_fuscata	Eulemur_coronatus	11000	1690	121.4130573137	0.0546714428328146	0.999999999960466	0.162509305799476	0.162509305894062	0.00888461822216769	1730.89001088529	1732.89001088529	-1.99999999999886	BM	Cercopithecidae	OWM	Lemuridae	STR	order
Macaca_mulatta	Eulemur_coronatus	11000	1690	121.4130573138	0.0546714428328146	0.999999999961289	0.16250930579941	0.162509305893996	0.00888461822215676	1730.89001088529	1732.89001088529	-1.99999999999886	BM	Cercopithecidae	OWM	Lemuridae	STR	order
Plecturocebus_moloch	Trachypithecus_francoisi	1020	7700	78.0653383544	0.0392272006577016	0.642973170090043	0.14561712233637	0.145617122421362	0.00888396645895182	1730.89001088529	1732.89001088529	-1.99999999999886	BM	Pitheciidae	PLA	Cercopithecidae	OWM	order
Allochrocebus_lhoesti	Colobus_polykomos	5970	9900	38.5936741533	0.0230782782312526	0.317870869951476	0.122047228351556	0.122047228423032	0.00886095631751471	1730.89001088529	1732.89001088529	-1.99999999999886	BM	Cercopithecidae	OWM	Cercopithecidae	OWM	family
Presbytis_comata	Colobus_angolensis	6680	9680	27.017026323	0.0176170062833989	0.222521588037495	0.111424620062218	0.111424620127559	0.00882147322906336	1730.89001088529	1732.89001088529	-1.99999999999886	BM	Cercopithecidae	OWM	Cercopithecidae	OWM	family
Cheracebus_torquatus	Cercopithecus_mitis	1280	7930	78.0653383531	0.0390510305948676	0.642973170079335	0.144970413996116	0.144970414080739	0.00880479051966415	1730.89001088529	1732.89001088529	-1.99999999999886	BM	Pitheciidae	PLA	Cercopithecidae	OWM	order
Macaca_tonkeana	Mandrillus_leucophaeus	14900	17500	22.401646142	0.0152680721122791	0.184507718006263	0.106082925174488	0.106082925236735	0.00877839566250888	1730.89001088529	1732.89001088529	-1.99999999999886	BM	Cercopithecidae	OWM	Cercopithecidae	OWM	family
Cercopithecus_pogonias	Semnopithecus_vetulus	4260	8170	38.5936741536	0.0229608315226966	0.317870869953947	0.12143095295615	0.121430953027271	0.00877134684556218	1730.89001088529	1732.89001088529	-1.99999999999886	BM	Cercopithecidae	OWM	Cercopithecidae	OWM	family
Macaca_nigra	Cercopithecus_nictitans	9890	6670	29.8369393138	0.0189089200775148	0.245747368304296	0.113787943952162	0.11378794401887	0.00875536186947872	1730.89001088529	1732.89001088529	-1.99999999999886	BM	Cercopithecidae	OWM	Cercopithecidae	OWM	family
Macaca_tonkeana	Pygathrix_nemaeus	14900	11000	38.5936741528	0.0229021081684186	0.317870869947358	0.121122787641475	0.121122787712418	0.00872671089579505	1730.89001088529	1732.89001088529	-1.99999999999886	BM	Cercopithecidae	OWM	Cercopithecidae	OWM	family
Papio_cynocephalus	Rhinopithecus_roxellana	21800	17900	38.5936741533	0.0229021081684186	0.317870869951476	0.121122787640697	0.121122787711639	0.0087267108956259	1730.89001088529	1732.89001088529	-1.99999999999886	BM	Cercopithecidae	OWM	Cercopithecidae	OWM	family
Cheracebus_torquatus	Trachypithecus_obscurus	1280	7900	78.0653383526	0.0388748605320336	0.642973170075217	0.144323608259136	0.14432360834339	0.00872596307851761	1730.89001088529	1732.89001088529	-1.99999999999886	BM	Pitheciidae	PLA	Cercopithecidae	OWM	order
Macaca_nemestrina	Eulemur_rubriventer	11200	1980	121.4130573145	0.0541429326443126	0.999999999967055	0.160959916217446	0.160959916311156	0.0087148419024825	1730.89001088529	1732.89001088529	-1.99999999999886	BM	Cercopithecidae	OWM	Lemuridae	STR	order
Cebus_olivaceus	Colobus_polykomos	3290	9900	78.065338348	0.0388161371777556	0.64297317003733	0.144107984780723	0.144107984864854	0.00869976472787143	1730.89001088529	1732.89001088529	-1.99999999999886	BM	Cebidae	PLA	Cercopithecidae	OWM	order
Cebus_olivaceus	Macaca_nigra	3290	9890	78.065338348	0.0387574138234776	0.64297317003733	0.143892350539266	0.143892350623274	0.00867360511412855	1730.89001088529	1732.89001088529	-1.99999999999886	BM	Cebidae	PLA	Cercopithecidae	OWM	order
Hylobates_klossii	Nomascus_concolor	5670	7790	17.2483776483	0.0124493511069352	0.142063613496304	0.0986164027582765	0.0986164028161891	0.00864197518721189	1730.89001088529	1732.89001088529	-1.99999999999886	BM	Hylobatidae	APE	Hylobatidae	APE	family
Cercopithecus_cephus	Semnopithecus_vetulus	4290	8170	38.5936741537	0.0227846614598626	0.31787086995477	0.120506402001112	0.120506402071699	0.00863777663468227	1730.89001088529	1732.89001088529	-1.99999999999886	BM	Cercopithecidae	OWM	Cercopithecidae	OWM	family
Chlorocebus_pygerythrus	Semnopithecus_vetulus	4290	8170	38.5936741539	0.0227846614598626	0.317870869956418	0.120506402000802	0.12050640207139	0.0086377766346153	1730.89001088529	1732.89001088529	-1.99999999999886	BM	Cercopithecidae	OWM	Cercopithecidae	OWM	family
Alouatta_caraya	Semnopithecus_entellus	6420	13000	78.0653383559	0.0386399671149216	0.642973170102397	0.143461049835626	0.143461049919388	0.00862140211392943	1730.89001088529	1732.89001088529	-1.99999999999886	BM	Atelidae	PLA	Cercopithecidae	OWM	order
Saimiri_sciureus	Cercopithecus_neglectus	779	7350	78.0653383476	0.0385871160960714	0.642973170034036	0.14326695054358	0.143266950627231	0.00859796133182759	1730.89001088529	1732.89001088529	-1.99999999999886	BM	Cebidae	PLA	Cercopithecidae	OWM	order
Cebuella_pygmaea	Presbytis_comata	110	6680	78.0653383517	0.0385812437606436	0.642973170067805	0.143245383415934	0.143245383499573	0.00859535873724591	1730.89001088529	1732.89001088529	-1.99999999999886	BM	Callitrichidae	PLA	Cercopithecidae	OWM	order
Erythrocebus_patas	Propithecus_verreauxi	12400	3250	121.413057313	0.0537318691643667	0.9999999999547	0.159754403640124	0.159754403733151	0.00858390271521141	1730.89001088529	1732.89001088529	-1.99999999999886	BM	Cercopithecidae	OWM	Indriidae	STR	order
Macaca_nemestrina	Hylobates_klossii	11200	5670	62.1515760368	0.032474014915732	0.511901910794975	0.135207915903132	0.135207915982173	0.00857731488234651	1730.89001088529	1732.89001088529	-1.99999999999886	BM	Cercopithecidae	OWM	Hylobatidae	APE	order
Cebuella_pygmaea	Cercopithecus_nictitans	110	6670	78.0653383525	0.0385225204063656	0.642973170074393	0.143029706295841	0.143029706379356	0.008569354112957	1730.89001088529	1732.89001088529	-1.99999999999886	BM	Callitrichidae	PLA	Cercopithecidae	OWM	order
Aotus_trivirgatus	Cercopithecus_neglectus	813	7350	78.0653383567	0.0383874566915262	0.642973170108986	0.142533608412397	0.142533608495629	0.00850969056623373	1730.89001088529	1732.89001088529	-1.99999999999886	BM	Aotidae	PLA	Cercopithecidae	OWM	order
Cheracebus_torquatus	Nomascus_concolor	1280	7790	78.0653383553	0.0382289036349756	0.642973170097455	0.141951160809952	0.141951160892851	0.0084399124253568	1730.89001088529	1732.89001088529	-1.99999999999886	BM	Pitheciidae	PLA	Hylobatidae	APE	order
Cebuella_pygmaea	Trachypithecus_cristatus	110	6610	78.0653383528	0.0381701802806976	0.642973170076865	0.141735419848524	0.1417354199313	0.00841414040205097	1730.89001088529	1732.89001088529	-1.99999999999886	BM	Callitrichidae	PLA	Cercopithecidae	OWM	order
Pygathrix_nemaeus	Eulemur_rubriventer	11000	1980	121.4130573128	0.0529684655587527	0.999999999953053	0.15751460226541	0.157514602357168	0.00834330678548772	1730.89001088529	1732.89001088529	-1.99999999999886	BM	Cercopithecidae	OWM	Lemuridae	STR	order
Macaca_nemestrina	Eulemur_fulvus	11200	2180	121.4130573129	0.0529684655587527	0.999999999953877	0.157514602265346	0.157514602357104	0.00834330678547746	1730.89001088529	1732.89001088529	-1.99999999999886	BM	Cercopithecidae	OWM	Lemuridae	STR	order
Cercocebus_torquatus	Eulemur_rubriventer	11000	1980	121.413057314	0.0529684655587527	0.999999999962936	0.157514602264642	0.1575146023564	0.00834330678536457	1730.89001088529	1732.89001088529	-1.99999999999886	BM	Cercopithecidae	OWM	Lemuridae	STR	order
Macaca_fuscata	Eulemur_rubriventer	11000	1980	121.4130573146	0.0529684655587527	0.999999999967878	0.157514602264258	0.157514602356016	0.00834330678530298	1730.89001088529	1732.89001088529	-1.99999999999886	BM	Cercopithecidae	OWM	Lemuridae	STR	order
Macaca_mulatta	Eulemur_rubriventer	11000	1980	121.4130573147	0.0529684655587527	0.999999999968702	0.157514602264194	0.157514602355952	0.00834330678529272	1730.89001088529	1732.89001088529	-1.99999999999886	BM	Cercopithecidae	OWM	Lemuridae	STR	order
Saimiri_oerstedii	Cercopithecus_neglectus	897	7350	78.065338348	0.037894180515591	0.64297317003733	0.140721295790529	0.140721295872725	0.00829353141557147	1730.89001088529	1732.89001088529	-1.99999999999886	BM	Cebidae	PLA	Cercopithecidae	OWM	order
Macaca_nemestrina	Lemur_catta	11200	2210	121.4130573145	0.0527922954959187	0.999999999967055	0.156997543306765	0.156997543398229	0.00828826069865707	1730.89001088529	1732.89001088529	-1.99999999999886	BM	Cercopithecidae	OWM	Lemuridae	STR	order
Cacajao_calvus	Colobus_polykomos	3450	9900	78.065338353	0.0378765635093077	0.642973170078512	0.140656556562022	0.140656556644181	0.00828586206322018	1730.89001088529	1732.89001088529	-1.99999999999886	BM	Pitheciidae	PLA	Cercopithecidae	OWM	order
Cacajao_calvus	Macaca_nigra	3450	9890	78.065338353	0.0378178401550297	0.642973170078512	0.140440752321573	0.140440752403609	0.00826032277816635	1730.89001088529	1732.89001088529	-1.99999999999886	BM	Pitheciidae	PLA	Cercopithecidae	OWM	order
Cheracebus_torquatus	Trachypithecus_francoisi	1280	7700	78.0653383535	0.0377003934464737	0.64297317008263	0.140009112383265	0.140009112465054	0.00820936062116295	1730.89001088529	1732.89001088529	-1.99999999999886	BM	Pitheciidae	PLA	Cercopithecidae	OWM	order
Papio_hamadryas	Papio_cynocephalus	21000	21800	4.8778566854	0.00469786834223971	0.0401757174486104	0.0700670475539509	0.0700670475952028	0.00819315211878799	1730.89001088529	1732.89001088529	-1.99999999999886	BM	Cercopithecidae	OWM	Cercopithecidae	OWM	family
Allenopithecus_nigroviridis	Colobus_polykomos	6130	9900	38.59367415	0.0221387045628046	0.317870869924296	0.117114985334728	0.117114985403358	0.00815668973007884	1730.89001088529	1732.89001088529	-1.99999999999886	BM	Cercopithecidae	OWM	Cercopithecidae	OWM	family
Cercopithecus_petaurista	Semnopithecus_vetulus	4400	8170	38.5936741537	0.0221387045628046	0.31787086995477	0.117114985329154	0.117114985397784	0.00815668972890868	1730.89001088529	1732.89001088529	-1.99999999999886	BM	Cercopithecidae	OWM	Cercopithecidae	OWM	family
Colobus_polykomos	Hapalemur_griseus	9900	987	121.4130573158	0.0523401256679782	0.999999999977762	0.155670116019569	0.155670116110281	0.00814779343539417	1730.89001088529	1732.89001088529	-1.99999999999886	BM	Cercopithecidae	OWM	Lemuridae	STR	order
Cebus_olivaceus	Colobus_angolensis	3290	9680	78.065338348	0.0375242233836397	0.64297317003733	0.139361574075672	0.13936157415709	0.00813320847650228	1730.89001088529	1732.89001088529	-1.99999999999886	BM	Cebidae	PLA	Cercopithecidae	OWM	order
Macaca_nigra	Hapalemur_griseus	9890	987	121.4130573158	0.0522814023137002	0.999999999977762	0.155497690341769	0.155497690432383	0.00812963730779	1730.89001088529	1732.89001088529	-1.99999999999886	BM	Cercopithecidae	OWM	Lemuridae	STR	order
Colobus_polykomos	Avahi_laniger	9900	1030	121.41305731	0.0520876152445828	0.999999999929991	0.154928632789684	0.154928632879976	0.0080698630156833	1730.89001088529	1732.89001088529	-1.99999999999886	BM	Cercopithecidae	OWM	Indriidae	STR	order
Callithrix_jacchus	Presbytis_comata	317	6680	78.0653383513	0.0373656703270891	0.64297317006451	0.138778709459174	0.138778709540259	0.00806497027792015	1730.89001088529	1732.89001088529	-1.99999999999886	BM	Callitrichidae	PLA	Cercopithecidae	OWM	order
Macaca_nigra	Avahi_laniger	9890	1030	121.41305731	0.0520288918903048	0.999999999929991	0.154756175130937	0.15475617522113	0.0080517923058083	1730.89001088529	1732.89001088529	-1.99999999999886	BM	Cercopithecidae	OWM	Indriidae	STR	order
Callithrix_jacchus	Cercopithecus_nictitans	317	6670	78.0653383521	0.0373069469728111	0.642973170071099	0.138562814475827	0.138562814556788	0.00803976870680546	1730.89001088529	1732.89001088529	-1.99999999999886	BM	Callitrichidae	PLA	Cercopithecidae	OWM	order
Alouatta_palliata	Colobus_guereza	7150	13500	78.065338356	0.0372893299665277	0.642973170103221	0.13849804395795	0.138498044038874	0.00803221580775689	1730.89001088529	1732.89001088529	-1.99999999999886	BM	Atelidae	PLA	Cercopithecidae	OWM	order
Leontocebus_fuscicolis	Presbytis_comata	343	6680	78.0653383513	0.0372129896059663	0.64297317006451	0.13821736097551	0.138217361056274	0.0079995269737767	1730.89001088529	1732.89001088529	-1.99999999999886	BM	Callitrichidae	PLA	Cercopithecidae	OWM	order
Macaca_nemestrina	Eulemur_macaco	11200	2370	121.4130573136	0.0518527218274708	0.999999999959642	0.154238757688064	0.154238757777964	0.00799769939773664	1730.89001088529	1732.89001088529	-1.99999999999886	BM	Cercopithecidae	OWM	Lemuridae	STR	order
Ateles_paniscus	Cheirogaleus_medius	9110	283	121.413057305	0.0518351048211874	0.999999999888809	0.154187012286799	0.154187012376668	0.00799229994484058	1730.89001088529	1732.89001088529	-1.99999999999886	BM	Atelidae	PLA	Cheirogaleidae	STR	order
Plecturocebus_moloch	Cercopithecus_neglectus	1020	7350	78.0653383548	0.0371718832579717	0.642973170093337	0.138066216747689	0.138066216828366	0.00798195248188955	1730.89001088529	1732.89001088529	-1.99999999999886	BM	Pitheciidae	PLA	Cercopithecidae	OWM	order
Pygathrix_nemaeus	Eulemur_fulvus	11000	2180	121.4130573112	0.0517939984731928	0.999999999939875	0.154066270414751	0.154066270504552	0.00797970817511191	1730.89001088529	1732.89001088529	-1.99999999999886	BM	Cercopithecidae	OWM	Lemuridae	STR	order
Cercocebus_torquatus	Eulemur_fulvus	11000	2180	121.4130573124	0.0517939984731928	0.999999999949758	0.154066270413999	0.154066270503801	0.0079797081749941	1730.89001088529	1732.89001088529	-1.99999999999886	BM	Cercopithecidae	OWM	Lemuridae	STR	order
Macaca_fuscata	Eulemur_fulvus	11000	2180	121.413057313	0.0517939984731928	0.9999999999547	0.154066270413623	0.154066270503425	0.00797970817493519	1730.89001088529	1732.89001088529	-1.99999999999886	BM	Cercopithecidae	OWM	Lemuridae	STR	order
Macaca_mulatta	Eulemur_fulvus	11000	2180	121.4130573131	0.0517939984731928	0.999999999955524	0.154066270413561	0.154066270503362	0.00797970817492538	1730.89001088529	1732.89001088529	-1.99999999999886	BM	Cercopithecidae	OWM	Lemuridae	STR	order
Leontocebus_fuscicolis	Cercopithecus_nictitans	343	6670	78.0653383521	0.0371542662516883	0.642973170071099	0.138001439105833	0.138001439186473	0.00797442638405471	1730.89001088529	1732.89001088529	-1.99999999999886	BM	Callitrichidae	PLA	Cercopithecidae	OWM	order
Pygathrix_nemaeus	Hylobates_klossii	11000	5670	62.1515760351	0.0312995478301721	0.511901910780973	0.13036250572785	0.130362505804109	0.00797083854808217	1730.89001088529	1732.89001088529	-1.99999999999886	BM	Cercopithecidae	OWM	Hylobatidae	APE	order
Cercocebus_torquatus	Hylobates_klossii	11000	5670	62.1515760363	0.0312995478301721	0.511901910790857	0.130362505726602	0.130362505802862	0.007970838547852	1730.89001088529	1732.89001088529	-1.99999999999886	BM	Cercopithecidae	OWM	Hylobatidae	APE	order
Macaca_fuscata	Hylobates_klossii	11000	5670	62.1515760369	0.0312995478301721	0.511901910795799	0.130362505725978	0.130362505802239	0.00797083854773693	1730.89001088529	1732.89001088529	-1.99999999999886	BM	Cercopithecidae	OWM	Hylobatidae	APE	order
Macaca_mulatta	Hylobates_klossii	11000	5670	62.151576037	0.0312995478301721	0.511901910796623	0.130362505725875	0.130362505802135	0.00797083854771775	1730.89001088529	1732.89001088529	-1.99999999999886	BM	Cercopithecidae	OWM	Hylobatidae	APE	order
Cercocebus_torquatus	Cercopithecus_mitis	11000	7930	29.8369393138	0.0180280697633449	0.245747368304296	0.108520873094687	0.108520873158347	0.00796111016134093	1730.89001088529	1732.89001088529	-1.99999999999886	BM	Cercopithecidae	OWM	Cercopithecidae	OWM	family
Macaca_fuscata	Cercopithecus_mitis	11000	7930	29.8369393144	0.0180280697633449	0.245747368309238	0.108520873093603	0.108520873157263	0.00796111016110129	1730.89001088529	1732.89001088529	-1.99999999999886	BM	Cercopithecidae	OWM	Cercopithecidae	OWM	family
Macaca_mulatta	Cercopithecus_mitis	11000	7930	29.8369393145	0.0180280697633449	0.245747368310061	0.108520873093422	0.108520873157082	0.00796111016106135	1730.89001088529	1732.89001088529	-1.99999999999886	BM	Cercopithecidae	OWM	Cercopithecidae	OWM	family
Alouatta_seniculus	Semnopithecus_entellus	6690	13000	78.0653383561	0.0370544365494157	0.642973170104045	0.137634348266475	0.137634348346906	0.00793184453409624	1730.89001088529	1732.89001088529	-1.99999999999886	BM	Atelidae	PLA	Cercopithecidae	OWM	order
Pygathrix_nemaeus	Lemur_catta	11000	2210	121.4130573128	0.0516178284103588	0.999999999953053	0.153548764318225	0.153548764407732	0.00792585376957286	1730.89001088529	1732.89001088529	-1.99999999999886	BM	Cercopithecidae	OWM	Lemuridae	STR	order
Cercocebus_torquatus	Lemur_catta	11000	2210	121.413057314	0.0516178284103588	0.999999999962936	0.153548764317476	0.153548764406983	0.00792585376945584	1730.89001088529	1732.89001088529	-1.99999999999886	BM	Cercopithecidae	OWM	Lemuridae	STR	order
Macaca_fuscata	Lemur_catta	11000	2210	121.4130573146	0.0516178284103588	0.999999999967878	0.153548764317101	0.153548764406608	0.00792585376939733	1730.89001088529	1732.89001088529	-1.99999999999886	BM	Cercopithecidae	OWM	Lemuridae	STR	order
Macaca_mulatta	Lemur_catta	11000	2210	121.4130573147	0.0516178284103588	0.999999999968702	0.153548764317039	0.153548764406546	0.00792585376938759	1730.89001088529	1732.89001088529	-1.99999999999886	BM	Cercopithecidae	OWM	Lemuridae	STR	order
Allochrocebus_lhoesti	Colobus_angolensis	5970	9680	38.5936741533	0.0217863644371366	0.317870869951476	0.115264212383172	0.115264212450733	0.00790002600088096	1730.89001088529	1732.89001088529	-1.99999999999886	BM	Cercopithecidae	OWM	Cercopithecidae	OWM	family
Callithrix_jacchus	Trachypithecus_cristatus	317	6610	78.0653383524	0.0369546068471431	0.64297317007357	0.137267227708528	0.137267227788748	0.00788937496783185	1730.89001088529	1732.89001088529	-1.99999999999886	BM	Callitrichidae	PLA	Cercopithecidae	OWM	order
Macaca_nemestrina	Hylobates_lar	11200	5900	62.1515760372	0.0311233777673381	0.51190191079827	0.129635267228064	0.129635267303906	0.00788175880730173	1730.89001088529	1732.89001088529	-1.99999999999886	BM	Cercopithecidae	OWM	Hylobatidae	APE	order
Trachypithecus_pileatus	Propithecus_verreauxi	12000	3250	121.4130573131	0.0513829349932468	0.999999999955524	0.152858653192341	0.152858653281456	0.00785432624048665	1730.89001088529	1732.89001088529	-1.99999999999886	BM	Cercopithecidae	OWM	Indriidae	STR	order
Leontocebus_fuscicolis	Trachypithecus_cristatus	343	6610	78.0653383524	0.0368019261260203	0.64297317007357	0.136705691883625	0.136705691963524	0.00782463873746398	1730.89001088529	1732.89001088529	-1.99999999999886	BM	Callitrichidae	PLA	Cercopithecidae	OWM	order
Saguinus_oedipus	Presbytis_comata	418	6680	78.0653383512	0.0367725644488813	0.642973170063686	0.136597696298832	0.136597696378669	0.00781221958331479	1730.89001088529	1732.89001088529	-1.99999999999886	BM	Callitrichidae	PLA	Cercopithecidae	OWM	order
Saguinus_oedipus	Cercopithecus_nictitans	418	6670	78.065338352	0.0367138410946033	0.642973170070275	0.136381697471208	0.13638169755092	0.00778741042744119	1730.89001088529	1732.89001088529	-1.99999999999886	BM	Callitrichidae	PLA	Cercopithecidae	OWM	order
Sapajus_apella	Colobus_polykomos	3650	9900	78.065338349	0.0367020964237477	0.642973170045566	0.136338496484649	0.136338496564337	0.00778245326145374	1730.89001088529	1732.89001088529	-1.99999999999886	BM	Cebidae	PLA	Cercopithecidae	OWM	order
Sapajus_apella	Macaca_nigra	3650	9890	78.065338349	0.0366433730694697	0.642973170045567	0.13612248542701	0.136122485506574	0.0077576907544865	1730.89001088529	1732.89001088529	-1.99999999999886	BM	Cebidae	PLA	Cercopithecidae	OWM	order
Colobus_angolensis	Hapalemur_griseus	9680	987	121.4130573158	0.0510482118738622	0.999999999977762	0.151875042395095	0.151875042483651	0.00775294934270902	1730.89001088529	1732.89001088529	-1.99999999999886	BM	Cercopithecidae	OWM	Lemuridae	STR	order
Cacajao_calvus	Colobus_angolensis	3450	9680	78.065338353	0.0365846497151917	0.642973170078512	0.135906464191077	0.135906464270518	0.00773296712497923	1730.89001088529	1732.89001088529	-1.99999999999886	BM	Pitheciidae	PLA	Cercopithecidae	OWM	order
Colobus_angolensis	Avahi_laniger	9680	1030	121.41305731	0.0507957014504668	0.999999999929991	0.151132863586587	0.151132863674721	0.00767689981863588	1730.89001088529	1732.89001088529	-1.99999999999886	BM	Cercopithecidae	OWM	Indriidae	STR	order
Cercopithecus_neglectus	Pygathrix_nemaeus	7350	11000	38.5936741534	0.0214340243114687	0.3178708699523	0.113412810291024	0.113412810357515	0.00764742278326601	1730.89001088529	1732.89001088529	-1.99999999999886	BM	Cercopithecidae	OWM	Cercopithecidae	OWM	family
Pygathrix_nemaeus	Eulemur_macaco	11000	2370	121.4130573119	0.0506782547419109	0.99999999994564	0.15078761844421	0.150787618532147	0.00764165333985711	1730.89001088529	1732.89001088529	-1.99999999999886	BM	Cercopithecidae	OWM	Lemuridae	STR	order
Cercocebus_torquatus	Eulemur_macaco	11000	2370	121.4130573131	0.0506782547419109	0.999999999955524	0.150787618443473	0.150787618531411	0.00764165333974427	1730.89001088529	1732.89001088529	-1.99999999999886	BM	Cercopithecidae	OWM	Lemuridae	STR	order
Macaca_fuscata	Eulemur_macaco	11000	2370	121.4130573137	0.0506782547419109	0.999999999960466	0.150787618443105	0.150787618531043	0.00764165333968785	1730.89001088529	1732.89001088529	-1.99999999999886	BM	Cercopithecidae	OWM	Lemuridae	STR	order
Macaca_mulatta	Eulemur_macaco	11000	2370	121.4130573138	0.0506782547419109	0.999999999961289	0.150787618443044	0.150787618530981	0.00764165333967845	1730.89001088529	1732.89001088529	-1.99999999999886	BM	Cercopithecidae	OWM	Lemuridae	STR	order
Saguinus_oedipus	Trachypithecus_cristatus	418	6610	78.0653383523	0.0363615009689353	0.642973170072746	0.135085490992773	0.135085491071743	0.00763937196798909	1730.89001088529	1732.89001088529	-1.99999999999886	BM	Callitrichidae	PLA	Cercopithecidae	OWM	order
Macaca_silenus	Cheirogaleus_medius	8900	283	121.413057313	0.0506019143813495	0.9999999999547	0.150563193587996	0.150563193675806	0.00761878583126746	1730.89001088529	1732.89001088529	-1.99999999999886	BM	Cercopithecidae	OWM	Cheirogaleidae	STR	order
Semnopithecus_entellus	Nomascus_concolor	13000	7790	62.1515760357	0.0305948675788361	0.511901910785915	0.127452896312749	0.127452896387337	0.00761748374652676	1730.89001088529	1732.89001088529	-1.99999999999886	BM	Cercopithecidae	OWM	Hylobatidae	APE	order
Cercopithecus_pogonias	Trachypithecus_obscurus	4260	7900	38.5936741529	0.0213753009571907	0.317870869948181	0.113104182809138	0.11310418287545	0.00760571721295679	1730.89001088529	1732.89001088529	-1.99999999999886	BM	Cercopithecidae	OWM	Cercopithecidae	OWM	family
Saguinus_midas	Presbytis_comata	515	6680	78.0653383521	0.0362029479123848	0.642973170071099	0.134502079262202	0.134502079340838	0.0075732114437971	1730.89001088529	1732.89001088529	-1.99999999999886	BM	Callitrichidae	PLA	Cercopithecidae	OWM	order
Saguinus_midas	Cercopithecus_nictitans	515	6670	78.0653383529	0.0361442245581068	0.642973170077688	0.134285982222368	0.13428598230088	0.00754877951729269	1730.89001088529	1732.89001088529	-1.99999999999886	BM	Callitrichidae	PLA	Cercopithecidae	OWM	order
Cebus_olivaceus	Ateles_geoffroyi	3290	7450	46.547550145	0.0244289153796465	0.383381748001724	0.117668212656546	0.117668212725496	0.00749776645561148	1730.89001088529	1732.89001088529	-1.99999999999886	BM	Cebidae	PLA	Atelidae	PLA	superfamily
Cercopithecus_cephus	Trachypithecus_obscurus	4290	7900	38.593674153	0.0211991308943567	0.317870869949005	0.112178197626173	0.11217819769195	0.0074812778388651	1730.89001088529	1732.89001088529	-1.99999999999886	BM	Cercopithecidae	OWM	Cercopithecidae	OWM	family
Chlorocebus_pygerythrus	Trachypithecus_obscurus	4290	7900	38.5936741532	0.0211991308943567	0.317870869950652	0.112178197625885	0.112178197691662	0.00748127783880708	1730.89001088529	1732.89001088529	-1.99999999999886	BM	Cercopithecidae	OWM	Cercopithecidae	OWM	family
Macaca_nigra	Colobus_guereza	9890	13500	38.593674154	0.0211991308943567	0.317870869957241	0.11217819762473	0.112178197690507	0.00748127783857497	1730.89001088529	1732.89001088529	-1.99999999999886	BM	Cercopithecidae	OWM	Cercopithecidae	OWM	family
Cercopithecus_mona	Piliocolobus_badius	4768	8360	38.5936741536	0.0210934288566563	0.317870869953947	0.111622532932172	0.111622532997628	0.00740710200197227	1730.89001088529	1732.89001088529	-1.99999999999886	BM	Cercopithecidae	OWM	Cercopithecidae	OWM	family
Saguinus_midas	Trachypithecus_cristatus	515	6610	78.0653383532	0.0357918844324388	0.642973170080159	0.132989189696951	0.132989189774719	0.00740300517952175	1730.89001088529	1732.89001088529	-1.99999999999886	BM	Callitrichidae	PLA	Cercopithecidae	OWM	order
Semnopithecus_entellus	Pygathrix_nemaeus	13000	11000	17.7111143205	0.0117446708555993	0.145874873029833	0.0918422031622865	0.0918422032162579	0.00739439510307946	1730.89001088529	1732.89001088529	-1.99999999999886	BM	Cercopithecidae	OWM	Cercopithecidae	OWM	family
Cheracebus_torquatus	Cercopithecus_neglectus	1280	7350	78.0653383539	0.0356450760467438	0.642973170085924	0.132448753614091	0.132448753691549	0.00734267946863132	1730.89001088529	1732.89001088529	-1.99999999999886	BM	Pitheciidae	PLA	Cercopithecidae	OWM	order
Pygathrix_nemaeus	Hylobates_lar	11000	5900	62.1515760355	0.0299489106817781	0.511901910784268	0.124784237844948	0.124784237918	0.00730052362568159	1730.89001088529	1732.89001088529	-1.99999999999886	BM	Cercopithecidae	OWM	Hylobatidae	APE	order
Cercocebus_torquatus	Hylobates_lar	11000	5900	62.1515760367	0.0299489106817781	0.511901910794152	0.124784237843753	0.124784237916805	0.00730052362547074	1730.89001088529	1732.89001088529	-1.99999999999886	BM	Cercopithecidae	OWM	Hylobatidae	APE	order
Macaca_fuscata	Hylobates_lar	11000	5900	62.1515760373	0.0299489106817781	0.511901910799093	0.124784237843156	0.124784237916208	0.00730052362536531	1730.89001088529	1732.89001088529	-1.99999999999886	BM	Cercopithecidae	OWM	Hylobatidae	APE	order
Macaca_mulatta	Hylobates_lar	11000	5900	62.1515760374	0.0299489106817781	0.511901910799917	0.124784237843056	0.124784237916108	0.00730052362534774	1730.89001088529	1732.89001088529	-1.99999999999886	BM	Cercopithecidae	OWM	Hylobatidae	APE	order
Ateles_geoffroyi	Colobus_guereza	7450	13500	78.065338353	0.0355276293381878	0.642973170078512	0.132016360162537	0.132016360239746	0.00729459412724576	1730.89001088529	1732.89001088529	-1.99999999999886	BM	Atelidae	PLA	Cercopithecidae	OWM	order
Macaca_silenus	Allochrocebus_lhoesti	8900	5970	29.8369393143	0.0172059428034529	0.245747368308414	0.103600611847408	0.103600611908215	0.00725357188611735	1730.89001088529	1732.89001088529	-1.99999999999886	BM	Cercopithecidae	OWM	Cercopithecidae	OWM	family
Sapajus_apella	Colobus_angolensis	3650	9680	78.065338349	0.0354101826296318	0.642973170045566	0.131583927218639	0.131583927295601	0.00724666457483132	1730.89001088529	1732.89001088529	-1.99999999999886	BM	Cebidae	PLA	Cercopithecidae	OWM	order
Allenopithecus_nigroviridis	Colobus_angolensis	6130	9680	38.59367415	0.0208467907686887	0.317870869924296	0.110325769114743	0.110325769179448	0.00723544823618932	1730.89001088529	1732.89001088529	-1.99999999999886	BM	Cercopithecidae	OWM	Cercopithecidae	OWM	family
Cebuella_pygmaea	Allenopithecus_nigroviridis	110	6130	78.0653383487	0.0353514592753538	0.642973170043095	0.131367695974345	0.131367696051183	0.00722275822803441	1730.89001088529	1732.89001088529	-1.99999999999886	BM	Callitrichidae	PLA	Cercopithecidae	OWM	order
Cercopithecus_ascanius	Allenopithecus_nigroviridis	3700	6130	23.4097503897	0.0142697750895531	0.192810813817906	0.0970355240108769	0.0970355240678705	0.00718152201068898	1730.89001088529	1732.89001088529	-1.99999999999886	BM	Cercopithecidae	OWM	Cercopithecidae	OWM	family
Alouatta_caraya	Erythrocebus_patas	6420	12400	78.0653383562	0.0351165658582418	0.642973170104868	0.130502672887593	0.130502672963934	0.00712752245383163	1730.89001088529	1732.89001088529	-1.99999999999886	BM	Atelidae	PLA	Cercopithecidae	OWM	order
Cercopithecus_petaurista	Trachypithecus_obscurus	4400	7900	38.593674153	0.0205531739972987	0.317870869949005	0.108781617978159	0.10878161804197	0.00703369743308491	1730.89001088529	1732.89001088529	-1.99999999999886	BM	Cercopithecidae	OWM	Cercopithecidae	OWM	family
Macaca_nemestrina	Trachypithecus_francoisi	11200	7700	38.5936741547	0.0205531739972987	0.317870869963007	0.108781617975778	0.108781618039589	0.00703369743262113	1730.89001088529	1732.89001088529	-1.99999999999886	BM	Cercopithecidae	OWM	Cercopithecidae	OWM	family
Colobus_polykomos	Eulemur_mongoz	9900	1630	121.413057313	0.048564213987903	0.9999999999547	0.144568322821986	0.14456832290638	0.00702084696571723	1730.89001088529	1732.89001088529	-1.99999999999886	BM	Cercopithecidae	OWM	Lemuridae	STR	order
Macaca_nigra	Eulemur_mongoz	9890	1630	121.413057313	0.048505490633625	0.9999999999547	0.144395434485251	0.144395434569546	0.00700397139527982	1730.89001088529	1732.89001088529	-1.99999999999886	BM	Cercopithecidae	OWM	Lemuridae	STR	order
Saimiri_sciureus	Presbytis_comata	779	6680	78.065338346	0.0346526513594457	0.642973170020857	0.128793794392318	0.128793794467677	0.0069412639009375	1730.89001088529	1732.89001088529	-1.99999999999886	BM	Cebidae	PLA	Cercopithecidae	OWM	order
Colobus_polykomos	Eulemur_coronatus	9900	1690	121.4130573131	0.048211873862235	0.999999999955524	0.143530888996793	0.143530889080594	0.0069198931159556	1730.89001088529	1732.89001088529	-1.99999999999886	BM	Cercopithecidae	OWM	Lemuridae	STR	order
Saimiri_sciureus	Cercopithecus_nictitans	779	6670	78.0653383468	0.0345939280051677	0.642973170027446	0.128577437609496	0.12857743768473	0.0069178603822022	1730.89001088529	1732.89001088529	-1.99999999999886	BM	Cebidae	PLA	Cercopithecidae	OWM	order
Macaca_nigra	Eulemur_coronatus	9890	1690	121.4130573131	0.048153150507957	0.999999999955524	0.14335795919498	0.143357959278682	0.00690313738593644	1730.89001088529	1732.89001088529	-1.99999999999886	BM	Cercopithecidae	OWM	Lemuridae	STR	order
Cercopithecus_nictitans	Chlorocebus_pygerythrus	6670	4290	23.4097503937	0.0139761583181631	0.192810813850851	0.0950484793899826	0.0950484794458201	0.00688972039131922	1730.89001088529	1732.89001088529	-1.99999999999886	BM	Cercopithecidae	OWM	Cercopithecidae	OWM	family
Hylobates_lar	Nomascus_concolor	5900	7790	17.2483776487	0.0110987139585413	0.142063613499599	0.0879635510518898	0.0879635511036008	0.0068721488061067	1730.89001088529	1732.89001088529	-1.99999999999886	BM	Hylobatidae	APE	Hylobatidae	APE	family
Aotus_trivirgatus	Presbytis_comata	813	6680	78.0653383551	0.0344529919549005	0.642973170095808	0.128058142101607	0.128058142176543	0.00686185107681668	1730.89001088529	1732.89001088529	-1.99999999999886	BM	Aotidae	PLA	Cercopithecidae	OWM	order
Cebuella_pygmaea	Allochrocebus_lhoesti	110	5970	78.065338352	0.0344118856069059	0.642973170070275	0.127906670509011	0.12790667058386	0.00684555735573728	1730.89001088529	1732.89001088529	-1.99999999999886	BM	Callitrichidae	PLA	Cercopithecidae	OWM	order
Aotus_trivirgatus	Cercopithecus_nictitans	813	6670	78.0653383559	0.0343942686006225	0.642973170102397	0.127841752671847	0.127841752746658	0.00683858018378838	1730.89001088529	1732.89001088529	-1.99999999999886	BM	Aotidae	PLA	Cercopithecidae	OWM	order
Pygathrix_nemaeus	Piliocolobus_badius	11000	8360	27.0170263228	0.015502965529391	0.222521588035848	0.0981258965515548	0.0981258966091822	0.00683638115837227	1730.89001088529	1732.89001088529	-1.99999999999886	BM	Cercopithecidae	OWM	Cercopithecidae	OWM	family
Alouatta_palliata	Semnopithecus_entellus	7150	13000	78.0653383557	0.0343531622526279	0.64297317010075	0.127690274378294	0.127690274453018	0.00682231377261471	1730.89001088529	1732.89001088529	-1.99999999999886	BM	Atelidae	PLA	Cercopithecidae	OWM	order
Cercopithecus_pogonias	Trachypithecus_francoisi	4260	7700	38.5936741538	0.0202008338716307	0.317870869955594	0.10692809242567	0.106928092488407	0.00679532739694924	1730.89001088529	1732.89001088529	-1.99999999999886	BM	Cercopithecidae	OWM	Cercopithecidae	OWM	family
Saimiri_sciureus	Trachypithecus_cristatus	779	6610	78.0653383471	0.0342415878794997	0.642973170029918	0.127279095429218	0.127279095503706	0.00677825846319528	1730.89001088529	1732.89001088529	-1.99999999999886	BM	Cebidae	PLA	Cercopithecidae	OWM	order
Ateles_paniscus	Hapalemur_griseus	9110	987	121.4130573088	0.0477009806800164	0.999999999920108	0.142026169803817	0.142026169886759	0.00677478758240985	1730.89001088529	1732.89001088529	-1.99999999999886	BM	Atelidae	PLA	Lemuridae	STR	order
Callithrix_jacchus	Allenopithecus_nigroviridis	317	6130	78.0653383483	0.0341358858417993	0.642973170039801	0.126889525747645	0.126889525821909	0.00673665180333036	1730.89001088529	1732.89001088529	-1.99999999999886	BM	Callitrichidae	PLA	Cercopithecidae	OWM	order
Ateles_paniscus	Avahi_laniger	9110	1030	121.413057303	0.0474484702566211	0.999999999872337	0.141282267071981	0.141282267154498	0.00670362744780869	1730.89001088529	1732.89001088529	-1.99999999999886	BM	Atelidae	PLA	Indriidae	STR	order
Aotus_trivirgatus	Trachypithecus_cristatus	813	6610	78.0653383562	0.0340419284749545	0.642973170104868	0.126543215745993	0.126543215820057	0.00669977426696238	1730.89001088529	1732.89001088529	-1.99999999999886	BM	Aotidae	PLA	Cercopithecidae	OWM	order
Piliocolobus_badius	Cheirogaleus_medius	8360	283	121.413057312	0.0474308532503377	0.999999999946464	0.14123036218689	0.141230362269378	0.00669867658373705	1730.89001088529	1732.89001088529	-1.99999999999886	BM	Cercopithecidae	OWM	Cheirogaleidae	STR	order
Ateles_paniscus	Macaca_tonkeana	9110	14900	78.065338353	0.0340008221269599	0.642973170078512	0.126391697497189	0.126391697571167	0.006683671768764	1730.89001088529	1732.89001088529	-1.99999999999886	BM	Atelidae	PLA	Cercopithecidae	OWM	order
Cebuella_pygmaea	Hylobates_lar	110	5900	78.0653383554	0.0340008221269599	0.642973170098279	0.126391697495263	0.12639169756924	0.00668367176845665	1730.89001088529	1732.89001088529	-1.99999999999886	BM	Callitrichidae	PLA	Hylobatidae	APE	order
Cercopithecus_cephus	Trachypithecus_francoisi	4290	7700	38.5936741539	0.0200246638087968	0.317870869956418	0.106001109942312	0.106001110004511	0.00667766942672389	1730.89001088529	1732.89001088529	-1.99999999999886	BM	Cercopithecidae	OWM	Cercopithecidae	OWM	family
Chlorocebus_pygerythrus	Trachypithecus_francoisi	4290	7700	38.5936741541	0.0200246638087968	0.317870869958065	0.106001109942039	0.106001110004238	0.00667766942667208	1730.89001088529	1732.89001088529	-1.99999999999886	BM	Cercopithecidae	OWM	Cercopithecidae	OWM	family
Leontocebus_fuscicolis	Allenopithecus_nigroviridis	343	6130	78.0653383483	0.0339832051206765	0.642973170039801	0.126326759688136	0.126326759762076	0.00667677655421701	1730.89001088529	1732.89001088529	-1.99999999999886	BM	Callitrichidae	PLA	Cercopithecidae	OWM	order
Saimiri_oerstedii	Presbytis_comata	897	6680	78.0653383464	0.0339597157789653	0.642973170024152	0.126240174615513	0.126240174689404	0.00666758839979084	1730.89001088529	1732.89001088529	-1.99999999999886	BM	Cebidae	PLA	Cercopithecidae	OWM	order
Colobus_angolensis	Eulemur_mongoz	9680	1630	121.413057313	0.0472723001937871	0.9999999999547	0.140763190824379	0.1407631909066	0.00665419981318682	1730.89001088529	1732.89001088529	-1.99999999999886	BM	Cercopithecidae	OWM	Lemuridae	STR	order
Cercopithecus_mona	Semnopithecus_vetulus	4768	8170	38.5936741536	0.0199776851253744	0.317870869953947	0.105753890106436	0.105753890168492	0.00664646596158975	1730.89001088529	1732.89001088529	-1.99999999999886	BM	Cercopithecidae	OWM	Cercopithecidae	OWM	family
Saimiri_oerstedii	Cercopithecus_nictitans	897	6670	78.0653383472	0.0339009924246873	0.642973170030741	0.126023705317265	0.126023705391031	0.00664464534202471	1730.89001088529	1732.89001088529	-1.99999999999886	BM	Cebidae	PLA	Cercopithecidae	OWM	order
Colobus_angolensis	Eulemur_coronatus	9680	1690	121.4130573131	0.0469199600681191	0.999999999955524	0.139724856025844	0.13972485610747	0.00655588466554787	1730.89001088529	1732.89001088529	-1.99999999999886	BM	Cercopithecidae	OWM	Lemuridae	STR	order
Saimiri_oerstedii	Trachypithecus_cristatus	897	6610	78.0653383475	0.0335486522990193	0.642973170033212	0.124724691989409	0.124724692062427	0.00650780704339317	1730.89001088529	1732.89001088529	-1.99999999999886	BM	Cebidae	PLA	Cercopithecidae	OWM	order
Saguinus_oedipus	Allenopithecus_nigroviridis	418	6130	78.0653383482	0.0335427799635915	0.642973170038977	0.124703038909168	0.124703038982174	0.00650553831766861	1730.89001088529	1732.89001088529	-1.99999999999886	BM	Callitrichidae	PLA	Cercopithecidae	OWM	order
Alouatta_seniculus	Erythrocebus_patas	6690	12400	78.0653383564	0.0335310352927359	0.642973170106515	0.124659732463235	0.124659732536215	0.00650100203732495	1730.89001088529	1732.89001088529	-1.99999999999886	BM	Atelidae	PLA	Cercopithecidae	OWM	order
Macaca_nemestrina	Propithecus_verreauxi	11200	3250	121.4130573135	0.0466850666510071	0.999999999958818	0.139032498483864	0.139032498565095	0.00649074145864254	1730.89001088529	1732.89001088529	-1.99999999999886	BM	Cercopithecidae	OWM	Indriidae	STR	order
Macaca_silenus	Allenopithecus_nigroviridis	8900	6130	29.836939311	0.016266369135005	0.245747368281234	0.0979725842093946	0.0979725842669329	0.00648494521429253	1730.89001088529	1732.89001088529	-1.99999999999886	BM	Cercopithecidae	OWM	Cercopithecidae	OWM	family
Cebuella_pygmaea	Sapajus_apella	110	3650	41.3912937977	0.0207880674144107	0.340913034494463	0.106256774643342	0.10625677470569	0.00647928583252664	1730.89001088529	1732.89001088529	-1.99999999999886	BM	Callitrichidae	PLA	Cebidae	PLA	superfamily
Cebus_olivaceus	Alouatta_palliata	3290	7150	46.547550148	0.0226672147513066	0.383381748026433	0.109237814036813	0.109237814100888	0.00645861990687414	1730.89001088529	1732.89001088529	-1.99999999999886	BM	Cebidae	PLA	Atelidae	PLA	superfamily
Colobus_polykomos	Eulemur_rubriventer	9900	1980	121.413057314	0.0465088965881731	0.999999999962936	0.138513160167734	0.138513160248667	0.00644209424258095	1730.89001088529	1732.89001088529	-1.99999999999886	BM	Cercopithecidae	OWM	Lemuridae	STR	order
Macaca_silenus	Hapalemur_griseus	8900	987	121.4130573168	0.0464677902401785	0.999999999985998	0.138391972599851	0.138391972680715	0.00643076915378444	1730.89001088529	1732.89001088529	-1.99999999999886	BM	Cercopithecidae	OWM	Lemuridae	STR	order
Macaca_nigra	Eulemur_rubriventer	9890	1980	121.413057314	0.0464501732338951	0.999999999962936	0.138340034075501	0.138340034156335	0.00642591854822814	1730.89001088529	1732.89001088529	-1.99999999999886	BM	Cercopithecidae	OWM	Lemuridae	STR	order
Ateles_geoffroyi	Cacajao_calvus	7450	3450	49.093603206	0.0234893417111985	0.404351923016105	0.110219113285123	0.110219113349766	0.0064027750770866	1730.89001088529	1732.89001088529	-1.99999999999886	BM	Atelidae	PLA	Pitheciidae	PLA	superfamily
Semnopithecus_vetulus	Cheirogaleus_medius	8170	283	121.413057312	0.0463151095190557	0.999999999946464	0.137941818854179	0.137941818934785	0.00638879044783106	1730.89001088529	1732.89001088529	-1.99999999999886	BM	Cercopithecidae	OWM	Cheirogaleidae	STR	order
Plecturocebus_moloch	Presbytis_comata	1020	6680	78.0653383532	0.0332374185213459	0.642973170080159	0.123576950483526	0.123576950555883	0.00638810297838796	1730.89001088529	1732.89001088529	-1.99999999999886	BM	Pitheciidae	PLA	Cercopithecidae	OWM	order
Macaca_silenus	Macaca_nigra	8900	9890	7.658282337	0.00581361207352164	0.0630762663105518	0.0692024711628061	0.0692024712035514	0.0063782520019312	1730.89001088529	1732.89001088529	-1.99999999999886	BM	Cercopithecidae	OWM	Cercopithecidae	OWM	family
Callithrix_jacchus	Allochrocebus_lhoesti	317	5970	78.0653383516	0.0331963121733513	0.642973170066981	0.123425342501564	0.123425342573834	0.00637237507026601	1730.89001088529	1732.89001088529	-1.99999999999886	BM	Callitrichidae	PLA	Cercopithecidae	OWM	order
Plecturocebus_moloch	Cercopithecus_nictitans	1020	6670	78.065338354	0.0331786951670679	0.642973170086748	0.123360366263112	0.123360366335344	0.00636564040049981	1730.89001088529	1732.89001088529	-1.99999999999886	BM	Pitheciidae	PLA	Cercopithecidae	OWM	order
Macaca_silenus	Avahi_laniger	8900	1030	121.413057311	0.0462152798167831	0.999999999938228	0.137647463324096	0.137647463404534	0.00636141603398647	1730.89001088529	1732.89001088529	-1.99999999999886	BM	Cercopithecidae	OWM	Indriidae	STR	order
Leontocebus_fuscicolis	Allochrocebus_lhoesti	343	5970	78.0653383516	0.0330436314522286	0.642973170066981	0.122862187530447	0.122862187602393	0.00631412480826808	1730.89001088529	1732.89001088529	-1.99999999999886	BM	Callitrichidae	PLA	Cercopithecidae	OWM	order
Saguinus_midas	Allenopithecus_nigroviridis	515	6130	78.0653383491	0.032973163427095	0.64297317004639	0.122602248859246	0.122602248931042	0.00628732920204684	1730.89001088529	1732.89001088529	-1.99999999999886	BM	Callitrichidae	PLA	Cercopithecidae	OWM	order
Cebus_olivaceus	Macaca_silenus	3290	8900	78.065338349	0.032943801749956	0.642973170045566	0.122493937175179	0.122493937246912	0.00627618098214685	1730.89001088529	1732.89001088529	-1.99999999999886	BM	Cebidae	PLA	Cercopithecidae	OWM	order
Cercopithecus_ascanius	Allochrocebus_lhoesti	3700	5970	23.409750393	0.0133302014211052	0.192810813845085	0.0906749031443978	0.0906749031976892	0.00626891562070358	1730.89001088529	1732.89001088529	-1.99999999999886	BM	Cercopithecidae	OWM	Cercopithecidae	OWM	family
Sapajus_apella	Ateles_geoffroyi	3650	7450	46.547550146	0.0223148746256386	0.38338174800996	0.107550220004617	0.107550220067714	0.00625999982477134	1730.89001088529	1732.89001088529	-1.99999999999886	BM	Cebidae	PLA	Atelidae	PLA	superfamily
Macaca_nemestrina	Trachypithecus_obscurus	11200	7900	38.5936741538	0.0193787069117388	0.317870869955594	0.102600944813407	0.102600944873634	0.00625497277773284	1730.89001088529	1732.89001088529	-1.99999999999886	BM	Cercopithecidae	OWM	Cercopithecidae	OWM	family
Cercopithecus_petaurista	Trachypithecus_francoisi	4400	7700	38.5936741539	0.0193787069117388	0.317870869956418	0.102600944813275	0.102600944873501	0.00625497277770857	1730.89001088529	1732.89001088529	-1.99999999999886	BM	Cercopithecidae	OWM	Cercopithecidae	OWM	family
Cercocebus_torquatus	Trachypithecus_francoisi	11000	7700	38.5936741542	0.0193787069117388	0.317870869958889	0.102600944812878	0.102600944873105	0.00625497277763578	1730.89001088529	1732.89001088529	-1.99999999999886	BM	Cercopithecidae	OWM	Cercopithecidae	OWM	family
Macaca_fuscata	Trachypithecus_francoisi	11000	7700	38.5936741548	0.0193787069117388	0.31787086996383	0.102600944812085	0.102600944872312	0.00625497277749018	1730.89001088529	1732.89001088529	-1.99999999999886	BM	Cercopithecidae	OWM	Cercopithecidae	OWM	family
Macaca_mulatta	Trachypithecus_francoisi	11000	7700	38.5936741549	0.0193787069117388	0.317870869964654	0.102600944811953	0.10260094487218	0.00625497277746591	1730.89001088529	1732.89001088529	-1.99999999999886	BM	Cercopithecidae	OWM	Cercopithecidae	OWM	family
Plecturocebus_moloch	Trachypithecus_cristatus	1020	6610	78.0653383543	0.0328263550414	0.642973170089219	0.122060667520972	0.122060667592455	0.00623168585413557	1730.89001088529	1732.89001088529	-1.99999999999886	BM	Pitheciidae	PLA	Cercopithecidae	OWM	order
Callithrix_jacchus	Hylobates_lar	317	5900	78.065338355	0.0327852486934054	0.642973170094984	0.121909014497685	0.121909014569081	0.0062161495131813	1730.89001088529	1732.89001088529	-1.99999999999886	BM	Callitrichidae	PLA	Hylobatidae	APE	order
Alouatta_caraya	Trachypithecus_pileatus	6420	12000	78.0653383563	0.032767631687122	0.642973170105692	0.121844018974213	0.121844019045572	0.00620949694739117	1730.89001088529	1732.89001088529	-1.99999999999886	BM	Atelidae	PLA	Cercopithecidae	OWM	order
Cercopithecus_ascanius	Cercopithecus_diana	3700	5200	13.592825867	0.00880850314169945	0.111955222668862	0.07867350575206	0.0786735057983475	0.00618993742377926	1730.89001088529	1732.89001088529	-1.99999999999886	BM	Cercopithecidae	OWM	Cercopithecidae	OWM	family
Macaca_nigra	Trachypithecus_cristatus	9890	6610	38.5936741541	0.0192612602031828	0.317870869958065	0.101982528633449	0.101982528693317	0.00617959116683619	1730.89001088529	1732.89001088529	-1.99999999999886	BM	Cercopithecidae	OWM	Cercopithecidae	OWM	family
Pygathrix_nemaeus	Propithecus_verreauxi	11000	3250	121.4130573118	0.0455105995654472	0.999999999944817	0.135569118211206	0.135569118290453	0.00616983185269144	1730.89001088529	1732.89001088529	-1.99999999999886	BM	Cercopithecidae	OWM	Indriidae	STR	order
Cercocebus_torquatus	Propithecus_verreauxi	11000	3250	121.413057313	0.0455105995654472	0.9999999999547	0.135569118210543	0.13556911828979	0.00616983185260027	1730.89001088529	1732.89001088529	-1.99999999999886	BM	Cercopithecidae	OWM	Indriidae	STR	order
Macaca_fuscata	Propithecus_verreauxi	11000	3250	121.4130573136	0.0455105995654472	0.999999999959642	0.135569118210211	0.135569118289458	0.00616983185255469	1730.89001088529	1732.89001088529	-1.99999999999886	BM	Cercopithecidae	OWM	Indriidae	STR	order
Macaca_mulatta	Propithecus_verreauxi	11000	3250	121.4130573137	0.0455105995654472	0.999999999960466	0.135569118210156	0.135569118289403	0.00616983185254708	1730.89001088529	1732.89001088529	-1.99999999999886	BM	Cercopithecidae	OWM	Indriidae	STR	order
Cebuella_pygmaea	Hylobates_klossii	110	5670	78.065338355	0.032650184978566	0.642973170094984	0.121410694524307	0.121410694595416	0.00616523646547986	1730.89001088529	1732.89001088529	-1.99999999999886	BM	Callitrichidae	PLA	Hylobatidae	APE	order
Leontocebus_fuscicolis	Hylobates_lar	343	5900	78.065338355	0.0326325679722826	0.642973170094984	0.121345692716274	0.121345692787345	0.00615861088748469	1730.89001088529	1732.89001088529	-1.99999999999886	BM	Callitrichidae	PLA	Hylobatidae	APE	order
Saguinus_oedipus	Allochrocebus_lhoesti	418	5970	78.0653383515	0.0326032062951436	0.642973170066157	0.121237354554712	0.12123735462572	0.00614757608131304	1730.89001088529	1732.89001088529	-1.99999999999886	BM	Callitrichidae	PLA	Cercopithecidae	OWM	order
Ateles_geoffroyi	Semnopithecus_entellus	7450	13000	78.0653383527	0.032591461624288	0.642973170076041	0.121194018652317	0.121194018723301	0.00614316489680761	1730.89001088529	1732.89001088529	-1.99999999999886	BM	Atelidae	PLA	Cercopithecidae	OWM	order
Pygathrix_nemaeus	Colobus_guereza	11000	13500	27.0170263228	0.0146808385694991	0.222521588035848	0.0929465143317256	0.09294651438634	0.00613213659198709	1730.89001088529	1732.89001088529	-1.99999999999886	BM	Cercopithecidae	OWM	Cercopithecidae	OWM	family
Colobus_polykomos	Eulemur_fulvus	9900	2180	121.4130573124	0.0453344295026132	0.999999999949758	0.135049384770157	0.135049384849106	0.00612238681354155	1730.89001088529	1732.89001088529	-1.99999999999886	BM	Cercopithecidae	OWM	Lemuridae	STR	order
Macaca_nigra	Eulemur_fulvus	9890	2180	121.4130573124	0.0452757061483352	0.999999999949758	0.134876127295853	0.134876127374704	0.00610661190617932	1730.89001088529	1732.89001088529	-1.99999999999886	BM	Cercopithecidae	OWM	Lemuridae	STR	order
Colobus_angolensis	Eulemur_rubriventer	9680	1980	121.413057314	0.0452169827940572	0.999999999962936	0.134702863337248	0.134702863415999	0.00609085705405635	1730.89001088529	1732.89001088529	-1.99999999999886	BM	Cercopithecidae	OWM	Lemuridae	STR	order
Colobus_polykomos	Lemur_catta	9900	2210	121.413057314	0.0451582594397792	0.999999999962936	0.134529592904268	0.134529592982919	0.00607512225892397	1730.89001088529	1732.89001088529	-1.99999999999886	BM	Cercopithecidae	OWM	Lemuridae	STR	order
Macaca_nigra	Lemur_catta	9890	2210	121.413057314	0.0450995360855012	0.999999999962936	0.134356316004199	0.134356316082751	0.00605940752217098	1730.89001088529	1732.89001088529	-1.99999999999886	BM	Cercopithecidae	OWM	Lemuridae	STR	order
Cercopithecus_mitis	Cheirogaleus_medius	7930	283	121.4130573118	0.0449057490163838	0.999999999944817	0.133784456453584	0.133784456531809	0.00600769122412952	1730.89001088529	1732.89001088529	-1.99999999999886	BM	Cercopithecidae	OWM	Cheirogaleidae	STR	order
Saguinus_oedipus	Hylobates_lar	418	5900	78.0653383549	0.0321921428151976	0.642973170094161	0.119720382791155	0.119720382861289	0.0059941158355621	1730.89001088529	1732.89001088529	-1.99999999999886	BM	Callitrichidae	PLA	Hylobatidae	APE	order
Cercopithecus_nictitans	Colobus_polykomos	6670	9900	38.5936741538	0.0189676434317928	0.317870869955594	0.100436217988835	0.100436218047805	0.00599312032183435	1730.89001088529	1732.89001088529	-1.99999999999886	BM	Cercopithecidae	OWM	Cercopithecidae	OWM	family
Erythrocebus_patas	Nomascus_concolor	12400	7790	62.151576036	0.0270714663221563	0.511901910788386	0.112879746898179	0.112879746964361	0.00596954260612402	1730.89001088529	1732.89001088529	-1.99999999999886	BM	Cercopithecidae	OWM	Hylobatidae	APE	order
Trachypithecus_obscurus	Cheirogaleus_medius	7900	283	121.4130573113	0.0447295789535498	0.999999999940698	0.133264523344326	0.133264523422252	0.00596086601899069	1730.89001088529	1732.89001088529	-1.99999999999886	BM	Cercopithecidae	OWM	Cheirogaleidae	STR	order
Cercopithecus_nictitans	Cercopithecus_diana	6670	5200	13.5928258671	0.00863233307886547	0.111955222669686	0.0771049929544767	0.0771049929998471	0.00594519813685156	1730.89001088529	1732.89001088529	-1.99999999999886	BM	Cercopithecidae	OWM	Cercopithecidae	OWM	family
Saguinus_midas	Allochrocebus_lhoesti	515	5970	78.0653383524	0.032033589758647	0.64297317007357	0.119135147366193	0.119135147435989	0.00593543652237916	1730.89001088529	1732.89001088529	-1.99999999999886	BM	Callitrichidae	PLA	Cercopithecidae	OWM	order
Cacajao_calvus	Macaca_silenus	3450	8900	78.065338354	0.032004228081508	0.642973170086748	0.11902676328413	0.119026763353864	0.00592460130091433	1730.89001088529	1732.89001088529	-1.99999999999886	BM	Pitheciidae	PLA	Cercopithecidae	OWM	order
Macaca_nigra	Presbytis_comata	9890	6680	38.593674153	0.0188501967232368	0.317870869949005	0.099817586628999	0.0998175866876095	0.00591932549433429	1730.89001088529	1732.89001088529	-1.99999999999886	BM	Cercopithecidae	OWM	Cercopithecidae	OWM	family
Ateles_paniscus	Cercopithecus_ascanius	9110	3700	78.0653383527	0.031769334664396	0.642973170076041	0.118159610546865	0.118159610616098	0.00583827193105756	1730.89001088529	1732.89001088529	-1.99999999999886	BM	Atelidae	PLA	Cercopithecidae	OWM	order
Colobus_polykomos	Eulemur_macaco	9900	2370	121.4130573131	0.0442186857713313	0.999999999955524	0.131756392010127	0.131756392087188	0.00582609449691928	1730.89001088529	1732.89001088529	-1.99999999999886	BM	Cercopithecidae	OWM	Lemuridae	STR	order
Cheracebus_torquatus	Presbytis_comata	1280	6680	78.0653383523	0.031710611310118	0.642973170072746	0.117942800188316	0.117942800257424	0.00581678749235438	1730.89001088529	1732.89001088529	-1.99999999999886	BM	Pitheciidae	PLA	Cercopithecidae	OWM	order
Macaca_nigra	Eulemur_macaco	9890	2370	121.4130573131	0.0441599624170533	0.999999999955524	0.131583012748244	0.131583012825205	0.00581070089794354	1730.89001088529	1732.89001088529	-1.99999999999886	BM	Cercopithecidae	OWM	Lemuridae	STR	order
Cheracebus_torquatus	Cercopithecus_nictitans	1280	6670	78.0653383531	0.03165188795584	0.642973170079335	0.11772598099116	0.117725981060143	0.005795342221455	1730.89001088529	1732.89001088529	-1.99999999999886	BM	Pitheciidae	PLA	Cercopithecidae	OWM	order
Nomascus_concolor	Cheirogaleus_medius	7790	283	121.413057314	0.0440836220564919	0.999999999962937	0.13135761024804	0.131357610324871	0.00579071924463318	1730.89001088529	1732.89001088529	-1.99999999999886	BM	Hylobatidae	APE	Cheirogaleidae	STR	order
Saguinus_midas	Hylobates_lar	515	5900	78.0653383558	0.031622526278701	0.642973170101574	0.117617568081724	0.117617568150644	0.00578463427472977	1730.89001088529	1732.89001088529	-1.99999999999886	BM	Callitrichidae	PLA	Hylobatidae	APE	order
Colobus_angolensis	Eulemur_fulvus	9680	2180	121.4130573124	0.0440425157084973	0.999999999949758	0.131236235248762	0.131236235325524	0.00577997395275803	1730.89001088529	1732.89001088529	-1.99999999999886	BM	Cercopithecidae	OWM	Lemuridae	STR	order
Ateles_paniscus	Eulemur_mongoz	9110	1630	121.413057306	0.0439250689999413	0.999999999897046	0.130889432505435	0.130889432581998	0.00574932735475632	1730.89001088529	1732.89001088529	-1.99999999999886	BM	Atelidae	PLA	Lemuridae	STR	order
Callithrix_jacchus	Sapajus_apella	317	3650	41.3912937973	0.0195724939808562	0.340913034491168	0.100077157010172	0.100077157068933	0.00574562822488246	1730.89001088529	1732.89001088529	-1.99999999999886	BM	Callitrichidae	PLA	Cebidae	PLA	superfamily
Cercopithecus_diana	Piliocolobus_badius	5200	8360	38.5936741547	0.0185565799518468	0.317870869963007	0.0982707437211454	0.098270743778857	0.00573682298412909	1730.89001088529	1732.89001088529	-1.99999999999886	BM	Cercopithecidae	OWM	Cercopithecidae	OWM	family
Colobus_angolensis	Lemur_catta	9680	2210	121.413057314	0.0438663456456633	0.999999999962936	0.130716021680675	0.130716021757138	0.00573403418868301	1730.89001088529	1732.89001088529	-1.99999999999886	BM	Cercopithecidae	OWM	Lemuridae	STR	order
Macaca_silenus	Cercocebus_torquatus	8900	11000	22.401646143	0.0123319043983792	0.184507718014499	0.08577051130205	0.0857705113524818	0.00573262602214759	1730.89001088529	1732.89001088529	-1.99999999999886	BM	Cercopithecidae	OWM	Cercopithecidae	OWM	family
Callithrix_jacchus	Hylobates_klossii	317	5670	78.0653383546	0.0314346115450115	0.64297317009169	0.116923673383379	0.116923673451899	0.00571633533744214	1730.89001088529	1732.89001088529	-1.99999999999886	BM	Callitrichidae	PLA	Hylobatidae	APE	order
Saimiri_sciureus	Allenopithecus_nigroviridis	779	6130	78.065338343	0.0314228668741559	0.642973169996148	0.116880301988617	0.116880302057112	0.00571207997624763	1730.89001088529	1732.89001088529	-1.99999999999886	BM	Cebidae	PLA	Cercopithecidae	OWM	order
Cheracebus_torquatus	Trachypithecus_cristatus	1280	6610	78.0653383534	0.0312995478301721	0.642973170081806	0.116424881116257	0.116424881184489	0.00566749330249152	1730.89001088529	1732.89001088529	-1.99999999999886	BM	Pitheciidae	PLA	Cercopithecidae	OWM	order
Leontocebus_fuscicolis	Hylobates_klossii	343	5670	78.0653383546	0.0312819308238887	0.64297317009169	0.116359817847168	0.116359817915362	0.00566113788551443	1730.89001088529	1732.89001088529	-1.99999999999886	BM	Callitrichidae	PLA	Hylobatidae	APE	order
Ateles_paniscus	Eulemur_coronatus	9110	1690	121.4130573061	0.0435727288742733	0.999999999897869	0.129848873438816	0.129848873514781	0.00565786975755722	1730.89001088529	1732.89001088529	-1.99999999999886	BM	Atelidae	PLA	Lemuridae	STR	order
Leontocebus_fuscicolis	Sapajus_apella	343	3650	41.3912937973	0.0194198132597334	0.340913034491168	0.0993005362216374	0.0993005362799474	0.00565656831776418	1730.89001088529	1732.89001088529	-1.99999999999886	BM	Callitrichidae	PLA	Cebidae	PLA	superfamily
Trachypithecus_francoisi	Cheirogaleus_medius	7700	283	121.4130573122	0.0435551118679899	0.999999999948111	0.129796839564884	0.129796839640819	0.00565331586765338	1730.89001088529	1732.89001088529	-1.99999999999886	BM	Cercopithecidae	OWM	Cheirogaleidae	STR	order
Aotus_trivirgatus	Allenopithecus_nigroviridis	813	6130	78.0653383521	0.0312232074696107	0.642973170071099	0.116142934622246	0.116142934690315	0.00563997863773822	1730.89001088529	1732.89001088529	-1.99999999999886	BM	Aotidae	PLA	Cercopithecidae	OWM	order
Cercopithecus_mona	Trachypithecus_obscurus	4768	7900	38.5936741529	0.0183921545598685	0.317870869948181	0.0974043483049948	0.0974043483622027	0.00563586033888783	1730.89001088529	1732.89001088529	-1.99999999999886	BM	Cercopithecidae	OWM	Cercopithecidae	OWM	family
Alouatta_seniculus	Trachypithecus_pileatus	6690	12000	78.0653383565	0.0311821011216161	0.642973170107339	0.115991111179957	0.115991111247938	0.00562519048410406	1730.89001088529	1732.89001088529	-1.99999999999886	BM	Atelidae	PLA	Cercopithecidae	OWM	order
Piliocolobus_badius	Hapalemur_griseus	8360	987	121.4130573158	0.0432967291091667	0.999999999977762	0.129033611681499	0.129033611756996	0.00558673333107553	1730.89001088529	1732.89001088529	-1.99999999999886	BM	Cercopithecidae	OWM	Lemuridae	STR	order
Macaca_fascicularis	Cercopithecus_mitis	5360	7930	29.8369393144	0.0150919020494451	0.245747368309238	0.0909306519804254	0.0909306520338656	0.00558425712723766	1730.89001088529	1732.89001088529	-1.99999999999886	BM	Cercopithecidae	OWM	Cercopithecidae	OWM	family
Papio_ursinus	Mandrillus_sphinx	29800	31600	18.5708053176	0.0105702037700393	0.152955585896199	0.0807627653855777	0.080762765433086	0.00558122073251232	1730.89001088529	1732.89001088529	-1.99999999999886	BM	Cercopithecidae	OWM	Cercopithecidae	OWM	family
Macaca_nigra	Semnopithecus_entellus	9890	13000	38.5936741537	0.0182629631804569	0.31787086995477	0.0967235276055218	0.0967235276623338	0.00555715666426085	1730.89001088529	1732.89001088529	-1.99999999999886	BM	Cercopithecidae	OWM	Cercopithecidae	OWM	family
Piliocolobus_badius	Avahi_laniger	8360	1030	121.41305731	0.0430442186857713	0.999999999929991	0.128287613771382	0.128287613846449	0.00552204010223771	1730.89001088529	1732.89001088529	-1.99999999999886	BM	Cercopithecidae	OWM	Indriidae	STR	order
Papio_hamadryas	Rhinopithecus_roxellana	21000	17900	38.5936741533	0.0182042398261789	0.317870869951476	0.0964140401091465	0.0964140401657785	0.00552156386341932	1730.89001088529	1732.89001088529	-1.99999999999886	BM	Cercopithecidae	OWM	Cercopithecidae	OWM	family
Cercocebus_torquatus	Trachypithecus_obscurus	11000	7900	38.5936741533	0.0182042398261789	0.317870869951476	0.0964140401091465	0.0964140401657785	0.00552156386341932	1730.89001088529	1732.89001088529	-1.99999999999886	BM	Cercopithecidae	OWM	Cercopithecidae	OWM	family
Macaca_fuscata	Trachypithecus_obscurus	11000	7900	38.5936741539	0.0182042398261789	0.317870869956418	0.0964140401084006	0.0964140401650327	0.00552156386329076	1730.89001088529	1732.89001088529	-1.99999999999886	BM	Cercopithecidae	OWM	Cercopithecidae	OWM	family
Macaca_mulatta	Trachypithecus_obscurus	11000	7900	38.593674154	0.0182042398261789	0.317870869957241	0.0964140401082764	0.0964140401649084	0.00552156386326934	1730.89001088529	1732.89001088529	-1.99999999999886	BM	Cercopithecidae	OWM	Cercopithecidae	OWM	family
Macaca_silenus	Trachypithecus_pileatus	8900	12000	38.5936741551	0.0182042398261789	0.317870869966301	0.096414040106909	0.096414040163541	0.00552156386303366	1730.89001088529	1732.89001088529	-1.99999999999886	BM	Cercopithecidae	OWM	Cercopithecidae	OWM	family
Saguinus_oedipus	Hylobates_klossii	418	5670	78.0653383545	0.0308415056668037	0.642973170090866	0.114732982183339	0.114732982250593	0.00550339902935087	1730.89001088529	1732.89001088529	-1.99999999999886	BM	Callitrichidae	PLA	Hylobatidae	APE	order
Sapajus_apella	Macaca_silenus	3650	8900	78.06533835	0.0308297609959481	0.642973170053803	0.114689593249747	0.114689593316976	0.00549922284986842	1730.89001088529	1732.89001088529	-1.99999999999886	BM	Cebidae	PLA	Cercopithecidae	OWM	order
Cebuella_pygmaea	Macaca_fascicularis	110	5360	78.0653383533	0.0308297609959481	0.642973170080983	0.11468959324734	0.114689593314569	0.00549922284952053	1730.89001088529	1732.89001088529	-1.99999999999886	BM	Callitrichidae	PLA	Cercopithecidae	OWM	order
Alouatta_palliata	Erythrocebus_patas	7150	12400	78.065338356	0.0308297609959481	0.642973170103221	0.11468959324537	0.1146895933126	0.0054992228492359	1730.89001088529	1732.89001088529	-1.99999999999886	BM	Atelidae	PLA	Cercopithecidae	OWM	order
Colobus_angolensis	Eulemur_macaco	9680	2370	121.4130573131	0.0429267719772153	0.999999999955524	0.12794059907027	0.127940599145139	0.0054920769231621	1730.89001088529	1732.89001088529	-1.99999999999886	BM	Cercopithecidae	OWM	Lemuridae	STR	order
Alouatta_palliata	Cacajao_calvus	7150	3450	49.093603209	0.0217276410828587	0.404351923040814	0.10199969275593	0.101999692815808	0.00548090064243123	1730.89001088529	1732.89001088529	-1.99999999999886	BM	Atelidae	PLA	Pitheciidae	PLA	superfamily
Saimiri_oerstedii	Allenopithecus_nigroviridis	897	6130	78.0653383434	0.0307299312936755	0.642973169999443	0.114320773419258	0.114320773486274	0.00546378865640176	1730.89001088529	1732.89001088529	-1.99999999999886	BM	Cebidae	PLA	Cercopithecidae	OWM	order
Macaca_nigra	Cercopithecus_neglectus	9890	7350	29.8369393146	0.0149157319866111	0.245747368310885	0.0898737318523129	0.0898737319051374	0.00545492106857396	1730.89001088529	1732.89001088529	-1.99999999999886	BM	Cercopithecidae	OWM	Cercopithecidae	OWM	family
Macaca_silenus	Eulemur_mongoz	8900	1630	121.413057314	0.0426918785601034	0.999999999962937	0.127246495864135	0.127246495938604	0.00543239194883169	1730.89001088529	1732.89001088529	-1.99999999999886	BM	Cercopithecidae	OWM	Lemuridae	STR	order
Cercopithecus_mitis	Pygathrix_nemaeus	7930	11000	38.5936741526	0.0180280697633449	0.31787086994571	0.0954854899103951	0.095485489966487	0.00541546658171531	1730.89001088529	1732.89001088529	-1.99999999999886	BM	Cercopithecidae	OWM	Cercopithecidae	OWM	family
Saguinus_oedipus	Sapajus_apella	418	3650	41.3912937972	0.0189793881026484	0.340913034490345	0.0970597538713194	0.097059753928327	0.00540353272389611	1730.89001088529	1732.89001088529	-1.99999999999886	BM	Callitrichidae	PLA	Cebidae	PLA	superfamily
Saimiri_sciureus	Allochrocebus_lhoesti	779	5970	78.0653383463	0.0304832932057079	0.642973170023328	0.113409465452766	0.113409465519255	0.00537673133013286	1730.89001088529	1732.89001088529	-1.99999999999886	BM	Cebidae	PLA	Cercopithecidae	OWM	order
Macaca_silenus	Eulemur_coronatus	8900	1690	121.4130573141	0.0423395384344354	0.99999999996376	0.126205157523529	0.126205157597399	0.00534346811778509	1730.89001088529	1732.89001088529	-1.99999999999886	BM	Cercopithecidae	OWM	Lemuridae	STR	order
Macaca_nigra	Erythrocebus_patas	9890	12400	29.836939314	0.0147395619237771	0.245747368305943	0.0888166526544935	0.0888166527067018	0.00532709082782006	1730.89001088529	1732.89001088529	-1.99999999999886	BM	Cercopithecidae	OWM	Cercopithecidae	OWM	family
Sapajus_apella	Alouatta_palliata	3650	7150	46.547550149	0.0205531739972987	0.383381748034669	0.0991050934194463	0.0991050934776428	0.00531304434681702	1730.89001088529	1732.89001088529	-1.99999999999886	BM	Cebidae	PLA	Atelidae	PLA	superfamily
Aotus_trivirgatus	Allochrocebus_lhoesti	813	5970	78.0653383554	0.0302836338011627	0.642973170098279	0.112671630040396	0.112671630106459	0.00530676324083929	1730.89001088529	1732.89001088529	-1.99999999999886	BM	Aotidae	PLA	Cercopithecidae	OWM	order
Semnopithecus_vetulus	Hapalemur_griseus	8170	987	121.4130573158	0.0421809853778848	0.999999999977762	0.125736483824757	0.125736483898357	0.00530368878579665	1730.89001088529	1732.89001088529	-1.99999999999886	BM	Cercopithecidae	OWM	Lemuridae	STR	order
Saguinus_midas	Hylobates_klossii	515	5670	78.0653383554	0.0302718891303071	0.642973170098279	0.112628224910191	0.112628224976228	0.00530266159768915	1730.89001088529	1732.89001088529	-1.99999999999886	BM	Callitrichidae	PLA	Hylobatidae	APE	order
Macaca_tonkeana	Erythrocebus_patas	14900	12400	29.836939314	0.0146808385694991	0.245747368305943	0.0884642578931383	0.0884642579451411	0.00528481545195164	1730.89001088529	1732.89001088529	-1.99999999999886	BM	Cercopithecidae	OWM	Cercopithecidae	OWM	family
Trachypithecus_pileatus	Colobus_angolensis	12000	9680	27.0170263241	0.0136238181924952	0.222521588046555	0.0862815272323272	0.0862815272830572	0.00528256089983555	1730.89001088529	1732.89001088529	-1.99999999999886	BM	Cercopithecidae	OWM	Cercopithecidae	OWM	family
Ateles_geoffroyi	Cheirogaleus_medius	7450	283	121.413057305	0.04208702801104	0.999999999888809	0.125458730440097	0.125458730513538	0.00528018510284899	1730.89001088529	1732.89001088529	-1.99999999999886	BM	Atelidae	PLA	Cheirogaleidae	STR	order
Macaca_nemestrina	Semnopithecus_vetulus	11200	8170	38.5936741545	0.0177931763462329	0.31787086996136	0.0942472200598225	0.0942472201151938	0.00527559322082735	1730.89001088529	1732.89001088529	-1.99999999999886	BM	Cercopithecidae	OWM	Cercopithecidae	OWM	family
Semnopithecus_vetulus	Avahi_laniger	8170	1030	121.41305731	0.0419284749544894	0.999999999929991	0.124989986554789	0.12498998662796	0.00524063952119134	1730.89001088529	1732.89001088529	-1.99999999999886	BM	Cercopithecidae	OWM	Indriidae	STR	order
Saimiri_sciureus	Hylobates_lar	779	5900	78.0653383497	0.0300722297257619	0.642973170051332	0.111890286122309	0.11189028618792	0.00523317386335528	1730.89001088529	1732.89001088529	-1.99999999999886	BM	Cebidae	PLA	Hylobatidae	APE	order
Cebuella_pygmaea	Cebus_olivaceus	110	3290	41.3912937967	0.0186740266604028	0.340913034486227	0.0955056897020255	0.0955056897581291	0.00523146848404777	1730.89001088529	1732.89001088529	-1.99999999999886	BM	Callitrichidae	PLA	Cebidae	PLA	superfamily
Ateles_paniscus	Eulemur_rubriventer	9110	1980	121.413057307	0.0418697516002114	0.999999999905282	0.124816366571812	0.124816366644882	0.00522603026449768	1730.89001088529	1732.89001088529	-1.99999999999886	BM	Atelidae	PLA	Lemuridae	STR	order
Plecturocebus_moloch	Allenopithecus_nigroviridis	1020	6130	78.0653383502	0.0300076340360561	0.64297317005545	0.111651520422002	0.111651520487474	0.00521078968832204	1730.89001088529	1732.89001088529	-1.99999999999886	BM	Pitheciidae	PLA	Cercopithecidae	OWM	order
Cercopithecus_nictitans	Colobus_angolensis	6670	9680	38.5936741538	0.0176757296376769	0.317870869955594	0.0936279990114777	0.0936279990664887	0.00520633802422585	1730.89001088529	1732.89001088529	-1.99999999999886	BM	Cercopithecidae	OWM	Cercopithecidae	OWM	family
Macaca_tonkeana	Rhinopithecus_roxellana	14900	17900	38.5936741534	0.0176170062833989	0.3178708699523	0.093318367119228	0.0933183671740586	0.00517188083369409	1730.89001088529	1732.89001088529	-1.99999999999886	BM	Cercopithecidae	OWM	Cercopithecidae	OWM	family
Macaca_fascicularis	Piliocolobus_badius	5360	8360	38.5936741546	0.0176170062833989	0.317870869962183	0.0933183671177838	0.0933183671726146	0.00517188083345324	1730.89001088529	1732.89001088529	-1.99999999999886	BM	Cercopithecidae	OWM	Cercopithecidae	OWM	family
Cebuella_pygmaea	Cercopithecus_diana	110	5200	78.0653383534	0.0298901873275001	0.642973170081806	0.111217375024798	0.111217375090019	0.00517021289261741	1730.89001088529	1732.89001088529	-1.99999999999886	BM	Callitrichidae	PLA	Cercopithecidae	OWM	order
Aotus_trivirgatus	Hylobates_lar	813	5900	78.0653383588	0.0298725703212167	0.642973170126283	0.111152250331095	0.111152250396278	0.00516413991850544	1730.89001088529	1732.89001088529	-1.99999999999886	BM	Aotidae	PLA	Hylobatidae	APE	order
Saimiri_oerstedii	Allochrocebus_lhoesti	897	5970	78.0653383467	0.0297903576252276	0.642973170026623	0.110848325207631	0.110848325272638	0.00513584610374352	1730.89001088529	1732.89001088529	-1.99999999999886	BM	Cebidae	PLA	Cercopithecidae	OWM	order
Cercopithecus_neglectus	Cheirogaleus_medius	7350	283	121.4130573126	0.04149979446826	0.999999999951406	0.123722422841243	0.123722422913684	0.00513445511927626	1730.89001088529	1732.89001088529	-1.99999999999886	BM	Cercopithecidae	OWM	Cheirogaleidae	STR	order
Cebus_olivaceus	Piliocolobus_badius	3290	8360	78.065338348	0.0297727406189442	0.64297317003733	0.110783196271322	0.110783196336292	0.00512979315658251	1730.89001088529	1732.89001088529	-1.99999999999886	BM	Cebidae	PLA	Cercopithecidae	OWM	order
Sapajus_apella	Saimiri_sciureus	3650	779	36.661422568	0.0168594750132128	0.301956176524136	0.0916364170920807	0.091636417145932	0.00511644405505574	1730.89001088529	1732.89001088529	-1.99999999999886	BM	Cebidae	PLA	Cebidae	PLA	family
Cercopithecus_ascanius	Presbytis_comata	3700	6680	38.5936741527	0.0174995595748429	0.317870869946534	0.0926990608314556	0.0926990608859257	0.00510330732043769	1730.89001088529	1732.89001088529	-1.99999999999886	BM	Cercopithecidae	OWM	Cercopithecidae	OWM	family
Trachypithecus_pileatus	Semnopithecus_entellus	12000	13000	9.0158535418	0.00587233542779964	0.0742576930432526	0.064434933237872	0.0644349332758229	0.00509554667986069	1730.89001088529	1732.89001088529	-1.99999999999886	BM	Cercopithecidae	OWM	Cercopithecidae	OWM	family
Saguinus_midas	Sapajus_apella	515	3650	41.3912937981	0.0184097715661519	0.340913034497757	0.094160530935179	0.0941605309904999	0.00508479785062493	1730.89001088529	1732.89001088529	-1.99999999999886	BM	Callitrichidae	PLA	Cebidae	PLA	superfamily
Callithrix_jacchus	Macaca_fascicularis	317	5360	78.0653383529	0.0296141875623936	0.642973170077688	0.110197002252195	0.110197002316825	0.00507547568915777	1730.89001088529	1732.89001088529	-1.99999999999886	BM	Callitrichidae	PLA	Cercopithecidae	OWM	order
Cercopithecus_diana	Semnopithecus_vetulus	5200	8170	38.5936741547	0.0174408362205649	0.317870869963007	0.0923893865264618	0.0923893865807515	0.00506919101808232	1730.89001088529	1732.89001088529	-1.99999999999886	BM	Cercopithecidae	OWM	Cercopithecidae	OWM	family
Colobus_polykomos	Hylobates_klossii	9900	5670	62.1515760363	0.0248399788595925	0.511901910790857	0.103629984090807	0.103629984151631	0.00502863255591022	1730.89001088529	1732.89001088529	-1.99999999999886	BM	Cercopithecidae	OWM	Hylobatidae	APE	order
Leontocebus_fuscicolis	Macaca_fascicularis	343	5360	78.0653383529	0.0294615068412708	0.642973170077688	0.109632462176052	0.109632462240355	0.00502344061111422	1730.89001088529	1732.89001088529	-1.99999999999886	BM	Callitrichidae	PLA	Cercopithecidae	OWM	order
Cebus_olivaceus	Alouatta_seniculus	3290	6690	46.5475501484	0.0199659404545188	0.383381748029727	0.0962875081623474	0.0962875082189058	0.00501450750945595	1730.89001088529	1732.89001088529	-1.99999999999886	BM	Cebidae	PLA	Atelidae	PLA	superfamily
Macaca_nigra	Hylobates_klossii	9890	5670	62.1515760363	0.0247812555053145	0.511901910790857	0.103386373312431	0.103386373373114	0.00500495129792538	1730.89001088529	1732.89001088529	-1.99999999999886	BM	Cercopithecidae	OWM	Hylobatidae	APE	order
Saimiri_oerstedii	Hylobates_lar	897	5900	78.0653383501	0.0293792941452816	0.642973170054627	0.109328456016946	0.109328456081073	0.00499553172257319	1730.89001088529	1732.89001088529	-1.99999999999886	BM	Cebidae	PLA	Hylobatidae	APE	order
Trachypithecus_pileatus	Nomascus_concolor	12000	7790	62.1515760361	0.0247225321510365	0.51190191078921	0.103142752787001	0.103142752847542	0.00498132546134029	1730.89001088529	1732.89001088529	-1.99999999999886	BM	Cercopithecidae	OWM	Hylobatidae	APE	order
Cercopithecus_mitis	Hapalemur_griseus	7930	987	121.4130573156	0.0407716248752129	0.999999999976115	0.121568575107274	0.121568575178474	0.00495654834100629	1730.89001088529	1732.89001088529	-1.99999999999886	BM	Cercopithecidae	OWM	Lemuridae	STR	order
Cercopithecus_mona	Trachypithecus_francoisi	4768	7700	38.5936741538	0.0172176874743085	0.317870869955594	0.0912124964994297	0.0912124965530341	0.00494058564944322	1730.89001088529	1732.89001088529	-1.99999999999886	BM	Cercopithecidae	OWM	Cercopithecidae	OWM	family
Ateles_paniscus	Eulemur_fulvus	9110	2180	121.4130573054	0.0406952845146515	0.999999999892104	0.121342716090645	0.121342716161715	0.00493807635562217	1730.89001088529	1732.89001088529	-1.99999999999886	BM	Atelidae	PLA	Lemuridae	STR	order
Macaca_silenus	Eulemur_rubriventer	8900	1980	121.413057315	0.0406365611603735	0.999999999971173	0.121168971655712	0.121168971726681	0.00492389032756884	1730.89001088529	1732.89001088529	-1.99999999999886	BM	Cercopithecidae	OWM	Lemuridae	STR	order
Trachypithecus_obscurus	Hapalemur_griseus	7900	987	121.4130573151	0.0405954548123789	0.999999999971997	0.12104734708196	0.12104734715286	0.00491397210876167	1730.89001088529	1732.89001088529	-1.99999999999886	BM	Cercopithecidae	OWM	Lemuridae	STR	order
Alouatta_caraya	Ateles_paniscus	6420	9110	34.5806779972	0.015796582300781	0.284818443427261	0.0884181506368852	0.0884181506888612	0.00490384181800752	1730.89001088529	1732.89001088529	-1.99999999999886	BM	Atelidae	PLA	Atelidae	PLA	family
Ateles_paniscus	Lemur_catta	9110	2210	121.413057307	0.0405191144518175	0.999999999905282	0.120821465301212	0.120821465371981	0.00489557878123981	1730.89001088529	1732.89001088529	-1.99999999999886	BM	Atelidae	PLA	Lemuridae	STR	order
Cercopithecus_mitis	Avahi_laniger	7930	1030	121.4130573098	0.0405191144518175	0.999999999928344	0.12082146529983	0.120821465370599	0.00489557878107089	1730.89001088529	1732.89001088529	-1.99999999999886	BM	Cercopithecidae	OWM	Indriidae	STR	order
Ateles_geoffroyi	Erythrocebus_patas	7450	12400	78.065338353	0.0290680603676082	0.642973170078512	0.108177430315095	0.108177430378556	0.00489057432120837	1730.89001088529	1732.89001088529	-1.99999999999886	BM	Atelidae	PLA	Cercopithecidae	OWM	order
Plecturocebus_moloch	Allochrocebus_lhoesti	1020	5970	78.0653383535	0.0290680603676082	0.64297317008263	0.108177430314751	0.108177430378211	0.00489057432116148	1730.89001088529	1732.89001088529	-1.99999999999886	BM	Pitheciidae	PLA	Cercopithecidae	OWM	order
Saguinus_oedipus	Macaca_fascicularis	418	5360	78.0653383528	0.0290210816841858	0.642973170076864	0.108003670726284	0.108003670789644	0.0048748275918958	1730.89001088529	1732.89001088529	-1.99999999999886	BM	Callitrichidae	PLA	Cercopithecidae	OWM	order
Cercopithecus_ascanius	Trachypithecus_cristatus	3700	6610	38.5936741538	0.0170884960948969	0.317870869955594	0.090531047434622	0.0905310474878295	0.00486688022331076	1730.89001088529	1732.89001088529	-1.99999999999886	BM	Cercopithecidae	OWM	Cercopithecidae	OWM	family
Trachypithecus_obscurus	Avahi_laniger	7900	1030	121.4130573093	0.0403429443889835	0.999999999924226	0.120300162140699	0.120300162211168	0.00485326275159569	1730.89001088529	1732.89001088529	-1.99999999999886	BM	Cercopithecidae	OWM	Indriidae	STR	order
Alouatta_palliata	Cheirogaleus_medius	7150	283	121.413057308	0.0403253273827001	0.999999999913518	0.120248028953574	0.120248029024013	0.00484904113509664	1730.89001088529	1732.89001088529	-1.99999999999886	BM	Atelidae	PLA	Cheirogaleidae	STR	order
Mandrillus_leucophaeus	Nasalis_larvatus	17500	20400	38.593674153	0.0170297727406189	0.317870869949005	0.090221275809407	0.090221275862434	0.00483355968934615	1730.89001088529	1732.89001088529	-1.99999999999886	BM	Cercopithecidae	OWM	Cercopithecidae	OWM	family
Macaca_tonkeana	Trachypithecus_pileatus	14900	12000	38.5936741541	0.0170297727406189	0.317870869958065	0.0902212758081268	0.0902212758611537	0.0048335596891398	1730.89001088529	1732.89001088529	-1.99999999999886	BM	Cercopithecidae	OWM	Cercopithecidae	OWM	family
Cacajao_calvus	Piliocolobus_badius	3450	8360	78.065338353	0.0288331669504962	0.642973170078512	0.107308580596045	0.107308580659002	0.00481209226688065	1730.89001088529	1732.89001088529	-1.99999999999886	BM	Pitheciidae	PLA	Cercopithecidae	OWM	order
Saimiri_sciureus	Hylobates_klossii	779	5670	78.0653383493	0.028721592577368	0.642973170048037	0.106895831792421	0.106895831855139	0.00477503365922934	1730.89001088529	1732.89001088529	-1.99999999999886	BM	Cebidae	PLA	Hylobatidae	APE	order
Callithrix_jacchus	Cercopithecus_diana	317	5200	78.065338353	0.0286746138939456	0.642973170078512	0.106722034150365	0.106722034212982	0.00475947250312875	1730.89001088529	1732.89001088529	-1.99999999999886	BM	Callitrichidae	PLA	Cercopithecidae	OWM	order
Nomascus_concolor	Hapalemur_griseus	7790	987	121.4130573178	0.0399494979153209	0.999999999994235	0.119135730460052	0.119135730529849	0.00475941261568152	1730.89001088529	1732.89001088529	-1.99999999999886	BM	Hylobatidae	APE	Lemuridae	STR	order
Cebus_olivaceus	Semnopithecus_vetulus	3290	8170	78.065338348	0.0286569968876622	0.64297317003733	0.106656858717232	0.106656858779811	0.00475364355892189	1730.89001088529	1732.89001088529	-1.99999999999886	BM	Cebidae	PLA	Cercopithecidae	OWM	order
Plecturocebus_moloch	Hylobates_lar	1020	5900	78.0653383569	0.0286569968876622	0.642973170110634	0.106656858711188	0.106656858773768	0.00475364355811058	1730.89001088529	1732.89001088529	-1.99999999999886	BM	Pitheciidae	PLA	Hylobatidae	APE	order
Trachypithecus_francoisi	Colobus_polykomos	7700	9900	27.0170263242	0.0129191379411592	0.222521588047378	0.0818347996238681	0.0818347996720027	0.00475115728772694	1730.89001088529	1732.89001088529	-1.99999999999886	BM	Cercopithecidae	OWM	Cercopithecidae	OWM	family
Allenopithecus_nigroviridis	Chlorocebus_pygerythrus	6130	4290	21.3196101639	0.0108050971871513	0.175595694851607	0.0770635422035426	0.0770635422488888	0.00474202436340537	1730.89001088529	1732.89001088529	-1.99999999999886	BM	Cercopithecidae	OWM	Cercopithecidae	OWM	family
Leontocebus_fuscicolis	Cercopithecus_diana	343	5200	78.065338353	0.0285219331728228	0.642973170078512	0.106157156470852	0.106157156533142	0.00470907257655686	1730.89001088529	1732.89001088529	-1.99999999999886	BM	Callitrichidae	PLA	Cercopithecidae	OWM	order
Aotus_trivirgatus	Hylobates_klossii	813	5670	78.0653383584	0.0285219331728228	0.642973170122988	0.106157156467203	0.106157156529492	0.00470907257606922	1730.89001088529	1732.89001088529	-1.99999999999886	BM	Aotidae	PLA	Hylobatidae	APE	order
Sapajus_apella	Saimiri_oerstedii	3650	897	36.6614225684	0.0161665394327324	0.30195617652743	0.0878856961349329	0.0878856961865985	0.00470534363124532	1730.89001088529	1732.89001088529	-1.99999999999886	BM	Cebidae	PLA	Cebidae	PLA	family
Cercopithecus_ascanius	Nomascus_concolor	3700	7790	62.1515760357	0.0240178518997005	0.511901910785915	0.100218554465896	0.10021855452474	0.00470213989838108	1730.89001088529	1732.89001088529	-1.99999999999886	BM	Cercopithecidae	OWM	Hylobatidae	APE	order
Nomascus_concolor	Avahi_laniger	7790	1030	121.413057312	0.0396969874919255	0.999999999946464	0.118388272756859	0.118388272826225	0.00469965778307131	1730.89001088529	1732.89001088529	-1.99999999999886	BM	Hylobatidae	APE	Indriidae	STR	order
Cheracebus_torquatus	Allenopithecus_nigroviridis	1280	6130	78.0653383493	0.0284808268248282	0.642973170048037	0.106005064808944	0.106005064871146	0.00469554879428745	1730.89001088529	1732.89001088529	-1.99999999999886	BM	Pitheciidae	PLA	Cercopithecidae	OWM	order
Ateles_paniscus	Cercopithecus_pogonias	9110	4260	78.0653383526	0.0284808268248282	0.642973170075217	0.106005064806717	0.106005064868919	0.0046955487939903	1730.89001088529	1732.89001088529	-1.99999999999886	BM	Atelidae	PLA	Cercopithecidae	OWM	order
Alouatta_palliata	Trachypithecus_pileatus	7150	12000	78.0653383561	0.0284808268248282	0.642973170104045	0.106005064804355	0.106005064866557	0.00469554879367513	1730.89001088529	1732.89001088529	-1.99999999999886	BM	Atelidae	PLA	Cercopithecidae	OWM	order
Saguinus_midas	Macaca_fascicularis	515	5360	78.0653383537	0.0284514651476892	0.642973170084277	0.105896425516163	0.105896425578302	0.00468590074986032	1730.89001088529	1732.89001088529	-1.99999999999886	BM	Callitrichidae	PLA	Cercopithecidae	OWM	order
Cercopithecus_mitis	Allochrocebus_lhoesti	7930	5970	23.4097503931	0.0115097774384873	0.192810813845909	0.0783350048561769	0.0783350049022664	0.00467618207481855	1730.89001088529	1732.89001088529	-1.99999999999886	BM	Cercopithecidae	OWM	Cercopithecidae	OWM	family
Ateles_paniscus	Eulemur_macaco	9110	2370	121.4130573061	0.0395795407833695	0.999999999897869	0.118040582040501	0.118040582109665	0.00467199203144183	1730.89001088529	1732.89001088529	-1.99999999999886	BM	Atelidae	PLA	Lemuridae	STR	order
Macaca_fuscata	Macaca_nigra	11000	9890	10.9824679326	0.0065182923248576	0.0904554104406576	0.0648025942570679	0.0648025942952343	0.00466972899375455	1730.89001088529	1732.89001088529	-1.99999999999886	BM	Cercopithecidae	OWM	Cercopithecidae	OWM	family
Macaca_mulatta	Macaca_nigra	11000	9890	10.9824679327	0.0065182923248576	0.0904554104414812	0.0648025942567734	0.06480259429494	0.00466972899369081	1730.89001088529	1732.89001088529	-1.99999999999886	BM	Cercopithecidae	OWM	Cercopithecidae	OWM	family
Piliocolobus_badius	Eulemur_mongoz	8360	1630	121.413057313	0.0395208174290915	0.9999999999547	0.117866728142868	0.117866728211932	0.00465818944410966	1730.89001088529	1732.89001088529	-1.99999999999886	BM	Cercopithecidae	OWM	Lemuridae	STR	order
Macaca_silenus	Eulemur_fulvus	8900	2180	121.4130573134	0.0394620940748136	0.999999999957995	0.117692868569574	0.117692868638538	0.00464440705162228	1730.89001088529	1732.89001088529	-1.99999999999886	BM	Cercopithecidae	OWM	Lemuridae	STR	order
Ateles_paniscus	Cercopithecus_cephus	9110	4290	78.0653383527	0.0283046567619942	0.642973170076041	0.105353199308969	0.105353199370792	0.00463780805171959	1730.89001088529	1732.89001088529	-1.99999999999886	BM	Atelidae	PLA	Cercopithecidae	OWM	order
Ateles_paniscus	Chlorocebus_pygerythrus	9110	4290	78.0653383529	0.0283046567619942	0.642973170077688	0.105353199308835	0.105353199370658	0.0046378080517018	1730.89001088529	1732.89001088529	-1.99999999999886	BM	Atelidae	PLA	Cercopithecidae	OWM	order
Macaca_nemestrina	Piliocolobus_badius	11200	8360	38.5936741545	0.016677432614951	0.317870869961359	0.0883623596354716	0.088362359687415	0.00463602499561466	1730.89001088529	1732.89001088529	-1.99999999999886	BM	Cercopithecidae	OWM	Cercopithecidae	OWM	family
Trachypithecus_francoisi	Hapalemur_griseus	7700	987	121.413057316	0.039420987726819	0.999999999979409	0.117571163492688	0.117571163561581	0.0046347713931685	1730.89001088529	1732.89001088529	-1.99999999999886	BM	Cercopithecidae	OWM	Lemuridae	STR	order
Cercocebus_torquatus	Semnopithecus_vetulus	11000	8170	38.593674154	0.016618709260673	0.317870869957241	0.0880524929740808	0.0880524930258437	0.0046035007253434	1730.89001088529	1732.89001088529	-1.99999999999886	BM	Cercopithecidae	OWM	Cercopithecidae	OWM	family
Macaca_fuscata	Semnopithecus_vetulus	11000	8170	38.5936741546	0.016618709260673	0.317870869962183	0.0880524929733991	0.088052493025162	0.00460350072523619	1730.89001088529	1732.89001088529	-1.99999999999886	BM	Cercopithecidae	OWM	Cercopithecidae	OWM	family
Macaca_mulatta	Semnopithecus_vetulus	11000	8170	38.5936741547	0.016618709260673	0.317870869963007	0.0880524929732855	0.0880524930250484	0.00460350072521833	1730.89001088529	1732.89001088529	-1.99999999999886	BM	Cercopithecidae	OWM	Cercopithecidae	OWM	family
Macaca_silenus	Lemur_catta	8900	2210	121.413057315	0.0392859240119796	0.999999999971173	0.117171255859248	0.117171255927911	0.00460318105420733	1730.89001088529	1732.89001088529	-1.99999999999886	BM	Cercopithecidae	OWM	Lemuridae	STR	order
Trachypithecus_francoisi	Avahi_laniger	7700	1030	121.4130573102	0.0391684773034236	0.999999999931638	0.116823485812505	0.116823485880967	0.00457579805286674	1730.89001088529	1732.89001088529	-1.99999999999886	BM	Cercopithecidae	OWM	Indriidae	STR	order
Piliocolobus_badius	Eulemur_coronatus	8360	1690	121.4130573131	0.0391684773034236	0.999999999955524	0.11682348581112	0.116823485879582	0.00457579805270319	1730.89001088529	1732.89001088529	-1.99999999999886	BM	Cercopithecidae	OWM	Lemuridae	STR	order
Callithrix_jacchus	Cebus_olivaceus	317	3290	41.3912937963	0.0174584532268483	0.340913034482932	0.0893157496445494	0.0893157496970486	0.00457393727979716	1730.89001088529	1732.89001088529	-1.99999999999886	BM	Callitrichidae	PLA	Cebidae	PLA	superfamily
Saguinus_oedipus	Cercopithecus_diana	418	5200	78.0653383529	0.0280815080157379	0.642973170077688	0.104527400919981	0.104527400981326	0.00456517811846493	1730.89001088529	1732.89001088529	-1.99999999999886	BM	Callitrichidae	PLA	Cercopithecidae	OWM	order
Alouatta_caraya	Macaca_nemestrina	6420	11200	78.0653383567	0.0280697633448823	0.642973170108986	0.104483934698661	0.104483934759981	0.00456137123083445	1730.89001088529	1732.89001088529	-1.99999999999886	BM	Atelidae	PLA	Cercopithecidae	OWM	order
Colobus_polykomos	Propithecus_verreauxi	9900	3250	121.413057313	0.0390510305948676	0.9999999999547	0.116475693245057	0.116475693313318	0.00454849586067718	1730.89001088529	1732.89001088529	-1.99999999999886	BM	Cercopithecidae	OWM	Indriidae	STR	order
Saimiri_oerstedii	Hylobates_klossii	897	5670	78.0653383497	0.0280286569968877	0.642973170051332	0.104331800468267	0.104331800529499	0.00454805952316694	1730.89001088529	1732.89001088529	-1.99999999999886	BM	Cebidae	PLA	Hylobatidae	APE	order
Macaca_fascicularis	Semnopithecus_vetulus	5360	8170	38.5936741546	0.016501262552117	0.317870869962183	0.0874327195272175	0.0874327195786189	0.00453879356965256	1730.89001088529	1732.89001088529	-1.99999999999886	BM	Cercopithecidae	OWM	Cercopithecidae	OWM	family
Macaca_nigra	Propithecus_verreauxi	9890	3250	121.413057313	0.0389923072405896	0.9999999999547	0.116301788538745	0.116301788606906	0.00453487507153826	1730.89001088529	1732.89001088529	-1.99999999999886	BM	Cercopithecidae	OWM	Indriidae	STR	order
Colobus_angolensis	Hylobates_klossii	9680	5670	62.1515760363	0.0235480650654765	0.511901910790857	0.0982683303507556	0.0982683304084657	0.00452045399361823	1730.89001088529	1732.89001088529	-1.99999999999886	BM	Cercopithecidae	OWM	Hylobatidae	APE	order
Colobus_polykomos	Hylobates_lar	9900	5900	62.1515760367	0.0234893417111985	0.511901910794152	0.0980245103832208	0.0980245104407893	0.00449799301763167	1730.89001088529	1732.89001088529	-1.99999999999886	BM	Cercopithecidae	OWM	Hylobatidae	APE	order
Leontocebus_fuscicolis	Cebus_olivaceus	343	3290	41.3912937963	0.0173057725057255	0.340913034482932	0.0885378780300616	0.0885378780821073	0.00449444937666245	1730.89001088529	1732.89001088529	-1.99999999999886	BM	Callitrichidae	PLA	Cebidae	PLA	superfamily
Macaca_nigra	Hylobates_lar	9890	5900	62.1515760367	0.0234306183569205	0.511901910794152	0.0977806811690061	0.0977806812264329	0.00447558755855475	1730.89001088529	1732.89001088529	-1.99999999999886	BM	Cercopithecidae	OWM	Hylobatidae	APE	order
Cebuella_pygmaea	Cacajao_calvus	110	3450	49.0936032057	0.0196136003288508	0.404351923013634	0.0921220002753975	0.0921220003295316	0.00446849388381666	1730.89001088529	1732.89001088529	-1.99999999999886	BM	Callitrichidae	PLA	Pitheciidae	PLA	superfamily
Cacajao_calvus	Semnopithecus_vetulus	3450	8170	78.065338353	0.0277174232192143	0.642973170078512	0.103179802862246	0.103179802922809	0.00444789673456943	1730.89001088529	1732.89001088529	-1.99999999999886	BM	Pitheciidae	PLA	Cercopithecidae	OWM	order
Sapajus_apella	Piliocolobus_badius	3650	8360	78.065338349	0.0276586998649363	0.642973170045566	0.102962420357144	0.102962420417581	0.00442912210757385	1730.89001088529	1732.89001088529	-1.99999999999886	BM	Cebidae	PLA	Cercopithecidae	OWM	order
Ateles_paniscus	Cercopithecus_petaurista	9110	4400	78.0653383527	0.0276586998649363	0.642973170076041	0.102962420354718	0.102962420415155	0.00442912210725956	1730.89001088529	1732.89001088529	-1.99999999999886	BM	Atelidae	PLA	Cercopithecidae	OWM	order
Semnopithecus_vetulus	Eulemur_mongoz	8170	1630	121.413057313	0.0384050736978096	0.9999999999547	0.114562434591767	0.114562434658923	0.00439977874369662	1730.89001088529	1732.89001088529	-1.99999999999886	BM	Cercopithecidae	OWM	Lemuridae	STR	order
Cheracebus_torquatus	Allochrocebus_lhoesti	1280	5970	78.0653383526	0.0275412531563803	0.642973170075217	0.102527632169166	0.102527632229351	0.0043916909826345	1730.89001088529	1732.89001088529	-1.99999999999886	BM	Pitheciidae	PLA	Cercopithecidae	OWM	order
Macaca_silenus	Eulemur_macaco	8900	2370	121.4130573141	0.0383463503435316	0.99999999996376	0.114388468689975	0.11438846875703	0.00438638029580484	1730.89001088529	1732.89001088529	-1.99999999999886	BM	Cercopithecidae	OWM	Lemuridae	STR	order
Saguinus_midas	Cercopithecus_diana	515	5200	78.0653383538	0.0275118914792413	0.642973170085101	0.102418930306627	0.102418930366748	0.0043823578138462	1730.89001088529	1732.89001088529	-1.99999999999886	BM	Callitrichidae	PLA	Cercopithecidae	OWM	order
Cebuella_pygmaea	Cercopithecus_mona	110	4768	78.0653383523	0.0273533384226907	0.642973170072746	0.101831907091253	0.101831907151033	0.00433212884540717	1730.89001088529	1732.89001088529	-1.99999999999886	BM	Callitrichidae	PLA	Cercopithecidae	OWM	order
Trachypithecus_pileatus	Colobus_polykomos	12000	9900	27.0170263241	0.0123319043983792	0.222521588046555	0.0781272309316686	0.0781272309776369	0.00432972616822178	1730.89001088529	1732.89001088529	-1.99999999999886	BM	Cercopithecidae	OWM	Cercopithecidae	OWM	family
Semnopithecus_vetulus	Eulemur_coronatus	8170	1690	121.4130573131	0.0380527335721416	0.999999999955524	0.113518556645681	0.113518556712233	0.00431969139172428	1730.89001088529	1732.89001088529	-1.99999999999886	BM	Cercopithecidae	OWM	Lemuridae	STR	order
Plecturocebus_moloch	Hylobates_klossii	1020	5670	78.0653383565	0.0273063597392683	0.642973170107339	0.101657963566593	0.101657963626272	0.00431730133163627	1730.89001088529	1732.89001088529	-1.99999999999886	BM	Pitheciidae	PLA	Hylobatidae	APE	order
Cebus_olivaceus	Cercopithecus_mitis	3290	7930	78.0653383478	0.0272476363849903	0.642973170035683	0.101440527302027	0.10144052736158	0.00429880239400025	1730.89001088529	1732.89001088529	-1.99999999999886	BM	Cebidae	PLA	Cercopithecidae	OWM	order
Ateles_geoffroyi	Hapalemur_griseus	7450	987	121.4130573088	0.037952903869869	0.999999999920108	0.113222755336279	0.11322275540266	0.00429713234950282	1730.89001088529	1732.89001088529	-1.99999999999886	BM	Atelidae	PLA	Lemuridae	STR	order
Saguinus_oedipus	Cebus_olivaceus	418	3290	41.3912937962	0.0168653473486406	0.340913034482108	0.086293544765176	0.086293544815913	0.00426903772870127	1730.89001088529	1732.89001088529	-1.99999999999886	BM	Callitrichidae	PLA	Cebidae	PLA	superfamily
Cheracebus_torquatus	Hylobates_lar	1280	5900	78.065338356	0.0271301896764343	0.642973170103221	0.10100563192515	0.101005631984451	0.00426192270523124	1730.89001088529	1732.89001088529	-1.99999999999886	BM	Pitheciidae	PLA	Hylobatidae	APE	order
Cercopithecus_pogonias	Allenopithecus_nigroviridis	4260	6130	23.4097503896	0.0109812672499853	0.192810813817082	0.0747487849218388	0.0747487849658312	0.0042572113440541	1730.89001088529	1732.89001088529	-1.99999999999886	BM	Cercopithecidae	OWM	Cercopithecidae	OWM	family
Colobus_angolensis	Propithecus_verreauxi	9680	3250	121.413057313	0.0377591168007517	0.9999999999547	0.112648507795226	0.112648507861274	0.00425350816346299	1730.89001088529	1732.89001088529	-1.99999999999886	BM	Cercopithecidae	OWM	Indriidae	STR	order
Erythrocebus_patas	Colobus_angolensis	12400	9680	38.593674154	0.015972752363615	0.317870869957241	0.084643086259764	0.084643086309538	0.0042532461571618	1730.89001088529	1732.89001088529	-1.99999999999886	BM	Cercopithecidae	OWM	Cercopithecidae	OWM	family
Cebus_olivaceus	Alouatta_caraya	3290	6420	46.5475501482	0.0183804098890129	0.38338174802808	0.088674068531624	0.0886740685837492	0.00425128669927784	1730.89001088529	1732.89001088529	-1.99999999999886	BM	Cebidae	PLA	Atelidae	PLA	superfamily
Cebus_olivaceus	Trachypithecus_obscurus	3290	7900	78.0653383473	0.0270714663221563	0.642973170031565	0.100788172861642	0.100788172920817	0.00424354196173018	1730.89001088529	1732.89001088529	-1.99999999999886	BM	Cebidae	PLA	Cercopithecidae	OWM	order
Ateles_geoffroyi	Avahi_laniger	7450	1030	121.413057303	0.0377003934464737	0.999999999872337	0.11247448170405	0.112474481769999	0.00424033221347223	1730.89001088529	1732.89001088529	-1.99999999999886	BM	Atelidae	PLA	Indriidae	STR	order
Alouatta_seniculus	Cheirogaleus_medius	6690	283	121.4130573084	0.0376240530859123	0.999999999916813	0.112248239671532	0.112248239737349	0.00422323372855323	1730.89001088529	1732.89001088529	-1.99999999999886	BM	Atelidae	PLA	Cheirogaleidae	STR	order
Presbytis_comata	Cheirogaleus_medius	6680	283	121.413057311	0.0375653297316343	0.999999999938228	0.112074201115	0.112074201180716	0.00421010431955452	1730.89001088529	1732.89001088529	-1.99999999999886	BM	Cercopithecidae	OWM	Cheirogaleidae	STR	order
Macaca_silenus	Cercopithecus_nictitans	8900	6670	29.8369393148	0.0130953080039932	0.245747368312532	0.0789432476713162	0.0789432477177612	0.0042067028029235	1730.89001088529	1732.89001088529	-1.99999999999886	BM	Cercopithecidae	OWM	Cercopithecidae	OWM	family
Alouatta_seniculus	Cacajao_calvus	6690	3450	49.0936032094	0.0190263667860708	0.404351923044108	0.0893756001915687	0.0893756002441029	0.00420547759033289	1730.89001088529	1732.89001088529	-1.99999999999886	BM	Atelidae	PLA	Pitheciidae	PLA	superfamily
Cercopithecus_nictitans	Cheirogaleus_medius	6670	283	121.4130573118	0.0375066063773563	0.999999999944817	0.111900157155755	0.111900157221371	0.00419699514823681	1730.89001088529	1732.89001088529	-1.99999999999886	BM	Cercopithecidae	OWM	Cheirogaleidae	STR	order
Cercopithecus_diana	Trachypithecus_obscurus	5200	7900	38.593674154	0.015855305655059	0.317870869957241	0.0840230249274501	0.0840230249768622	0.0041910438111758	1730.89001088529	1732.89001088529	-1.99999999999886	BM	Cercopithecidae	OWM	Cercopithecidae	OWM	family
Saimiri_sciureus	Macaca_fascicularis	779	5360	78.0653383476	0.0269011685947501	0.642973170034036	0.100157498825611	0.100157498884419	0.00419046064051728	1730.89001088529	1732.89001088529	-1.99999999999886	BM	Cebidae	PLA	Cercopithecidae	OWM	order
Alouatta_caraya	Pygathrix_nemaeus	6420	11000	78.065338355	0.0268952962593223	0.642973170094985	0.100135750310009	0.100135750368804	0.00418863616088267	1730.89001088529	1732.89001088529	-1.99999999999886	BM	Atelidae	PLA	Cercopithecidae	OWM	order
Alouatta_caraya	Cercocebus_torquatus	6420	11000	78.0653383562	0.0268952962593223	0.642973170104868	0.100135750309243	0.100135750368039	0.00418863616078626	1730.89001088529	1732.89001088529	-1.99999999999886	BM	Atelidae	PLA	Cercopithecidae	OWM	order
Alouatta_caraya	Macaca_fuscata	6420	11000	78.0653383568	0.0268952962593223	0.64297317010981	0.100135750308861	0.100135750367656	0.00418863616073806	1730.89001088529	1732.89001088529	-1.99999999999886	BM	Atelidae	PLA	Cercopithecidae	OWM	order
Alouatta_caraya	Macaca_mulatta	6420	11000	78.0653383569	0.0268952962593223	0.642973170110634	0.100135750308797	0.100135750367592	0.00418863616073002	1730.89001088529	1732.89001088529	-1.99999999999886	BM	Atelidae	PLA	Cercopithecidae	OWM	order
Piliocolobus_badius	Eulemur_rubriventer	8360	1980	121.413057314	0.0374655000293617	0.999999999962936	0.111778323172861	0.111778323238407	0.00418783077027005	1730.89001088529	1732.89001088529	-1.99999999999886	BM	Cercopithecidae	OWM	Lemuridae	STR	order
Aotus_trivirgatus	Sapajus_apella	813	3650	41.3912938011	0.0166598156086676	0.340913034522467	0.0852459525889371	0.0852459526390629	0.00416581857454124	1730.89001088529	1732.89001088529	-1.99999999999886	BM	Aotidae	PLA	Cebidae	PLA	superfamily
Cercopithecus_neglectus	Hapalemur_griseus	7350	987	121.4130573164	0.0373656703270891	0.999999999982704	0.111482429655451	0.111482429720825	0.00416561571384053	1730.89001088529	1732.89001088529	-1.99999999999886	BM	Cercopithecidae	OWM	Lemuridae	STR	order
Ateles_geoffroyi	Trachypithecus_pileatus	7450	12000	78.0653383531	0.0267191261964883	0.642973170079336	0.0994832600946762	0.0994832601530925	0.0041340850670017	1730.89001088529	1732.89001088529	-1.99999999999886	BM	Atelidae	PLA	Cercopithecidae	OWM	order
Aotus_trivirgatus	Macaca_fascicularis	813	5360	78.0653383567	0.0267015091902049	0.642973170108986	0.0994180073656962	0.0994180074240746	0.00412864946899267	1730.89001088529	1732.89001088529	-1.99999999999886	BM	Aotidae	PLA	Cercopithecidae	OWM	order
Cercopithecus_cephus	Allenopithecus_nigroviridis	4290	6130	23.4097503897	0.0108050971871513	0.192810813817906	0.0735530370046619	0.0735530370479545	0.00412190425167794	1730.89001088529	1732.89001088529	-1.99999999999886	BM	Cercopithecidae	OWM	Cercopithecidae	OWM	family
Trachypithecus_cristatus	Cheirogaleus_medius	6610	283	121.4130573121	0.0371542662516883	0.999999999947287	0.110855780391711	0.110855780456723	0.00411876518042944	1730.89001088529	1732.89001088529	-1.99999999999886	BM	Cercopithecidae	OWM	Cheirogaleidae	STR	order
Cercopithecus_neglectus	Avahi_laniger	7350	1030	121.4130573106	0.0371131599036937	0.999999999934933	0.11073392386693	0.110733923931871	0.00410968582350423	1730.89001088529	1732.89001088529	-1.99999999999886	BM	Cercopithecidae	OWM	Indriidae	STR	order
Cercopithecus_mitis	Eulemur_mongoz	7930	1630	121.4130573128	0.0369957131951377	0.999999999953053	0.110385747956939	0.110385748021679	0.00408379947243741	1730.89001088529	1732.89001088529	-1.99999999999886	BM	Cercopithecidae	OWM	Lemuridae	STR	order
Sapajus_apella	Semnopithecus_vetulus	3650	8170	78.065338349	0.0265429561336544	0.642973170045567	0.0988307026471683	0.0988307027052053	0.00407988875311254	1730.89001088529	1732.89001088529	-1.99999999999886	BM	Cebidae	PLA	Cercopithecidae	OWM	order
Alouatta_seniculus	Macaca_nemestrina	6690	11200	78.0653383569	0.0264842327793764	0.642973170110634	0.0986131686268105	0.0986131686847211	0.00406190216704526	1730.89001088529	1732.89001088529	-1.99999999999886	BM	Atelidae	PLA	Cercopithecidae	OWM	order
Trachypithecus_obscurus	Eulemur_mongoz	7900	1630	121.4130573123	0.0368195431323037	0.999999999948935	0.109863444190427	0.109863444254864	0.00404512182223943	1730.89001088529	1732.89001088529	-1.99999999999886	BM	Cercopithecidae	OWM	Lemuridae	STR	order
Cebus_olivaceus	Nomascus_concolor	3290	7790	78.06533835	0.0264255094250984	0.642973170053803	0.0983956272100201	0.0983956272678044	0.00404395501294288	1730.89001088529	1732.89001088529	-1.99999999999886	BM	Cebidae	PLA	Hylobatidae	APE	order
Semnopithecus_vetulus	Presbytis_comata	8170	6680	17.957258553	0.00874977978742146	0.147902202198015	0.0680200374910476	0.0680200375311001	0.00402401276204124	1730.89001088529	1732.89001088529	-1.99999999999886	BM	Cercopithecidae	OWM	Cercopithecidae	OWM	family
Colobus_angolensis	Hylobates_lar	9680	5900	62.1515760367	0.0221974279170826	0.511901910794152	0.0926581719599797	0.0926581720144262	0.00401790469939733	1730.89001088529	1732.89001088529	-1.99999999999886	BM	Cercopithecidae	OWM	Hylobatidae	APE	order
Sapajus_apella	Alouatta_seniculus	3650	6690	46.5475501494	0.0178518997005109	0.383381748037964	0.0861344100023683	0.0861344100530126	0.00401078782700082	1730.89001088529	1732.89001088529	-1.99999999999886	BM	Cebidae	PLA	Atelidae	PLA	superfamily
Cacajao_calvus	Cercopithecus_mitis	3450	7930	78.0653383528	0.0263080627165424	0.642973170076864	0.0979605222134966	0.097960522271028	0.00400817900664475	1730.89001088529	1732.89001088529	-1.99999999999886	BM	Pitheciidae	PLA	Cercopithecidae	OWM	order
Cercocebus_torquatus	Piliocolobus_badius	11000	8360	38.593674154	0.015502965529391	0.317870869957241	0.0821625356702376	0.0821625357185635	0.00400717108325905	1730.89001088529	1732.89001088529	-1.99999999999886	BM	Cercopithecidae	OWM	Cercopithecidae	OWM	family
Macaca_fuscata	Piliocolobus_badius	11000	8360	38.5936741546	0.015502965529391	0.317870869962183	0.0821625356696012	0.0821625357179271	0.00400717108316572	1730.89001088529	1732.89001088529	-1.99999999999886	BM	Cercopithecidae	OWM	Cercopithecidae	OWM	family
Macaca_mulatta	Piliocolobus_badius	11000	8360	38.5936741547	0.015502965529391	0.317870869963007	0.082162535669495	0.0821625357178211	0.00400717108315015	1730.89001088529	1732.89001088529	-1.99999999999886	BM	Cercopithecidae	OWM	Cercopithecidae	OWM	family
Cercopithecus_mitis	Eulemur_coronatus	7930	1690	121.4130573129	0.0366433730694697	0.999999999953877	0.109341092738438	0.109341092802573	0.00400662645322288	1730.89001088529	1732.89001088529	-1.99999999999886	BM	Cercopithecidae	OWM	Lemuridae	STR	order
Saguinus_midas	Cebus_olivaceus	515	3290	41.3912937971	0.016295730812144	0.340913034489521	0.0833898554886776	0.0833898555377201	0.00398605655997247	1730.89001088529	1732.89001088529	-1.99999999999886	BM	Callitrichidae	PLA	Cebidae	PLA	superfamily
Saimiri_oerstedii	Macaca_fascicularis	897	5360	78.065338348	0.0262082330142698	0.64297317003733	0.0975906598273841	0.0975906598847003	0.00397789343624388	1730.89001088529	1732.89001088529	-1.99999999999886	BM	Cebidae	PLA	Cercopithecidae	OWM	order
Alouatta_seniculus	Ateles_paniscus	6690	9110	34.5806779974	0.0142110517352751	0.284818443428908	0.0795745948980815	0.0795745949448956	0.00397038433079021	1730.89001088529	1732.89001088529	-1.99999999999886	BM	Atelidae	PLA	Atelidae	PLA	family
Trachypithecus_obscurus	Eulemur_coronatus	7900	1690	121.4130573124	0.0364672030066357	0.999999999949758	0.108818693825796	0.108818693889628	0.00396831339886161	1730.89001088529	1732.89001088529	-1.99999999999886	BM	Cercopithecidae	OWM	Lemuridae	STR	order
Callithrix_jacchus	Cercopithecus_mona	317	4768	78.0653383519	0.0261377649891362	0.642973170069452	0.0973295677330665	0.0973295677902311	0.00395658401675814	1730.89001088529	1732.89001088529	-1.99999999999886	BM	Callitrichidae	PLA	Cercopithecidae	OWM	order
Cacajao_calvus	Trachypithecus_obscurus	3450	7900	78.0653383523	0.0261318926537084	0.642973170072746	0.0973078095829384	0.0973078096400903	0.00395481079576173	1730.89001088529	1732.89001088529	-1.99999999999886	BM	Pitheciidae	PLA	Cercopithecidae	OWM	order
Cercopithecus_mitis	Allenopithecus_nigroviridis	7930	6130	23.4097503898	0.0105702037700393	0.192810813818729	0.0719584484412241	0.0719584484835834	0.00394487968768547	1730.89001088529	1732.89001088529	-1.99999999999886	BM	Cercopithecidae	OWM	Cercopithecidae	OWM	family
Semnopithecus_vetulus	Eulemur_rubriventer	8170	1980	121.413057314	0.0363497562980797	0.999999999962937	0.108470401626435	0.108470401690066	0.0039428726648219	1730.89001088529	1732.89001088529	-1.99999999999886	BM	Cercopithecidae	OWM	Lemuridae	STR	order
Callithrix_jacchus	Cacajao_calvus	317	3450	49.0936032053	0.0183980268952963	0.404351923010339	0.0864357698892437	0.0864357699400637	0.00393283060780023	1730.89001088529	1732.89001088529	-1.99999999999886	BM	Callitrichidae	PLA	Pitheciidae	PLA	superfamily
Piliocolobus_badius	Eulemur_fulvus	8360	2180	121.4130573124	0.0362910329438018	0.999999999949758	0.108296247675681	0.10829624773921	0.00393018269228571	1730.89001088529	1732.89001088529	-1.99999999999886	BM	Cercopithecidae	OWM	Lemuridae	STR	order
Trachypithecus_obscurus	Colobus_polykomos	7900	9900	27.0170263233	0.0117446708555993	0.222521588039966	0.074417963664807	0.0744179637086059	0.00392777391481733	1730.89001088529	1732.89001088529	-1.99999999999886	BM	Cercopithecidae	OWM	Cercopithecidae	OWM	family
Cebus_olivaceus	Saimiri_sciureus	3290	779	36.661422567	0.0147454342592049	0.3019561765159	0.0801875021856257	0.0801875022327979	0.00391579849609644	1730.89001088529	1732.89001088529	-1.99999999999886	BM	Cebidae	PLA	Cebidae	PLA	family
Leontocebus_fuscicolis	Cercopithecus_mona	343	4768	78.0653383519	0.0259850842680134	0.642973170069452	0.0967638321249991	0.0967638321818347	0.00391060848089883	1730.89001088529	1732.89001088529	-1.99999999999886	BM	Callitrichidae	PLA	Cercopithecidae	OWM	order
Alouatta_palliata	Hapalemur_griseus	7150	987	121.4130573118	0.0361912032415292	0.999999999944817	0.108000173974508	0.108000174037866	0.00390865624664763	1730.89001088529	1732.89001088529	-1.99999999999886	BM	Atelidae	PLA	Lemuridae	STR	order
Nomascus_concolor	Eulemur_mongoz	7790	1630	121.413057315	0.0361735862352458	0.999999999971173	0.1079479241088	0.107947924172128	0.00390486354177802	1730.89001088529	1732.89001088529	-1.99999999999886	BM	Hylobatidae	APE	Lemuridae	STR	order
Saimiri_sciureus	Cercopithecus_diana	779	5200	78.0653383477	0.0259615949263022	0.642973170034859	0.0966767915121273	0.0966767915689122	0.00390355899279023	1730.89001088529	1732.89001088529	-1.99999999999886	BM	Cebidae	PLA	Cercopithecidae	OWM	order
Piliocolobus_badius	Lemur_catta	8360	2210	121.413057314	0.0361148628809678	0.999999999962936	0.10777375451157	0.107773754574797	0.00389223436649669	1730.89001088529	1732.89001088529	-1.99999999999886	BM	Cercopithecidae	OWM	Lemuridae	STR	order
Cebus_olivaceus	Trachypithecus_francoisi	3290	7700	78.0653383482	0.0258969992365964	0.642973170038977	0.0964374238314561	0.0964374238881017	0.00388420545011411	1730.89001088529	1732.89001088529	-1.99999999999886	BM	Cebidae	PLA	Cercopithecidae	OWM	order
Theropithecus_gelada	Mandrillus_leucophaeus	19000	17500	18.570805318	0.00880850314169945	0.152955585899494	0.0673375097432764	0.0673375097829289	0.00387787515336392	1730.89001088529	1732.89001088529	-1.99999999999886	BM	Cercopithecidae	OWM	Cercopithecidae	OWM	family
Alouatta_caraya	Cheirogaleus_medius	6420	283	121.4130573082	0.0360385225204064	0.999999999915166	0.107547326266171	0.107547326329267	0.00387584673998171	1730.89001088529	1732.89001088529	-1.99999999999886	BM	Atelidae	PLA	Cheirogaleidae	STR	order
Leontocebus_fuscicolis	Cacajao_calvus	343	3450	49.0936032053	0.0182453461741735	0.404351923010339	0.08572123840011	0.0857212384505131	0.00386795160375401	1730.89001088529	1732.89001088529	-1.99999999999886	BM	Callitrichidae	PLA	Pitheciidae	PLA	superfamily
Cercopithecus_cephus	Cercopithecus_ascanius	4290	3700	5.374956004	0.00346467790240179	0.0442699996418013	0.0492590553711731	0.0492590554002121	0.00385513354458082	1730.89001088529	1732.89001088529	-1.99999999999886	BM	Cercopithecidae	OWM	Cercopithecidae	OWM	family
Alouatta_palliata	Avahi_laniger	7150	1030	121.413057306	0.0359386928181338	0.999999999897046	0.10725121456241	0.107251214625334	0.00385446845492705	1730.89001088529	1732.89001088529	-1.99999999999886	BM	Atelidae	PLA	Indriidae	STR	order
Trachypithecus_francoisi	Colobus_angolensis	7700	9680	27.0170263242	0.0116272241470433	0.222521588047378	0.0736759134331911	0.0736759134765555	0.00384972247970599	1730.89001088529	1732.89001088529	-1.99999999999886	BM	Cercopithecidae	OWM	Cercopithecidae	OWM	family
Ateles_paniscus	Colobus_guereza	9110	13500	78.065338353	0.0257795525280404	0.642973170078512	0.096002187422982	0.0960021874793746	0.00384913951102399	1730.89001088529	1732.89001088529	-1.99999999999886	BM	Atelidae	PLA	Cercopithecidae	OWM	order
Cheracebus_torquatus	Hylobates_klossii	1280	5670	78.0653383556	0.0257795525280404	0.642973170099926	0.0960021874213912	0.0960021874777836	0.003849139510832	1730.89001088529	1732.89001088529	-1.99999999999886	BM	Pitheciidae	PLA	Hylobatidae	APE	order
Aotus_trivirgatus	Cercopithecus_diana	813	5200	78.0653383568	0.025761935521757	0.64297317010981	0.0959368994686659	0.0959368995250204	0.00384389323406287	1730.89001088529	1732.89001088529	-1.99999999999886	BM	Aotidae	PLA	Cercopithecidae	OWM	order
Nomascus_concolor	Eulemur_coronatus	7790	1690	121.4130573151	0.0358212461095778	0.999999999971996	0.106902828706585	0.106902828769307	0.00382939253701584	1730.89001088529	1732.89001088529	-1.99999999999886	BM	Hylobatidae	APE	Lemuridae	STR	order
Trachypithecus_francoisi	Eulemur_mongoz	7700	1630	121.4130573132	0.0356450760467438	0.999999999956347	0.106380211270613	0.106380211333033	0.00379193072077521	1730.89001088529	1732.89001088529	-1.99999999999886	BM	Cercopithecidae	OWM	Lemuridae	STR	order
Saguinus_oedipus	Cercopithecus_mona	418	4768	78.0653383518	0.0255446591109284	0.642973170068628	0.0951316282030824	0.0951316282589685	0.00377948120736662	1730.89001088529	1732.89001088529	-1.99999999999886	BM	Callitrichidae	PLA	Cercopithecidae	OWM	order
Ateles_paniscus	Cercopithecus_mona	9110	4768	78.0653383526	0.025497680427506	0.642973170075217	0.0949575026034022	0.0949575026591869	0.00376562532973558	1730.89001088529	1732.89001088529	-1.99999999999886	BM	Atelidae	PLA	Cercopithecidae	OWM	order
Plecturocebus_moloch	Macaca_fascicularis	1020	5360	78.0653383548	0.0254859357566504	0.642973170093337	0.0949139704885615	0.0949139705443209	0.00376216530765808	1730.89001088529	1732.89001088529	-1.99999999999886	BM	Pitheciidae	PLA	Cercopithecidae	OWM	order
Cacajao_calvus	Nomascus_concolor	3450	7790	78.065338355	0.0254859357566504	0.642973170094985	0.0949139704884404	0.0949139705441999	0.00376216530764364	1730.89001088529	1732.89001088529	-1.99999999999886	BM	Pitheciidae	PLA	Hylobatidae	APE	order
Cercopithecus_neglectus	Colobus_polykomos	7350	9900	38.5936741546	0.0149744553408891	0.317870869962183	0.0793709611554927	0.0793709612021878	0.0037390557786178	1730.89001088529	1732.89001088529	-1.99999999999886	BM	Cercopithecidae	OWM	Cercopithecidae	OWM	family
Trachypithecus_francoisi	Eulemur_coronatus	7700	1690	121.4130573133	0.0352927359210758	0.999999999957171	0.105334838046448	0.105334838108261	0.00371755462262181	1730.89001088529	1732.89001088529	-1.99999999999886	BM	Cercopithecidae	OWM	Lemuridae	STR	order
Alouatta_seniculus	Pygathrix_nemaeus	6690	11000	78.0653383552	0.0253097656938164	0.642973170096632	0.0942609546312258	0.0942609546866053	0.00371045447422516	1730.89001088529	1732.89001088529	-1.99999999999886	BM	Atelidae	PLA	Cercopithecidae	OWM	order
Alouatta_seniculus	Cercocebus_torquatus	6690	11000	78.0653383564	0.0253097656938164	0.642973170106515	0.0942609546305047	0.0942609546858842	0.00371045447413974	1730.89001088529	1732.89001088529	-1.99999999999886	BM	Atelidae	PLA	Cercopithecidae	OWM	order
Alouatta_seniculus	Macaca_fuscata	6690	11000	78.065338357	0.0253097656938164	0.642973170111457	0.0942609546301441	0.0942609546855236	0.00371045447409703	1730.89001088529	1732.89001088529	-1.99999999999886	BM	Atelidae	PLA	Cercopithecidae	OWM	order
Alouatta_seniculus	Macaca_mulatta	6690	11000	78.0653383571	0.0253097656938164	0.642973170112281	0.0942609546300841	0.0942609546854635	0.00371045447408992	1730.89001088529	1732.89001088529	-1.99999999999886	BM	Atelidae	PLA	Cercopithecidae	OWM	order
Macaca_fascicularis	Trachypithecus_obscurus	5360	7900	38.5936741539	0.0149157319866111	0.317870869956418	0.0790607251911733	0.0790607252376871	0.0037098353421952	1730.89001088529	1732.89001088529	-1.99999999999886	BM	Cercopithecidae	OWM	Cercopithecidae	OWM	family
Saimiri_oerstedii	Cercopithecus_diana	897	5200	78.0653383481	0.0252686593458218	0.642973170038154	0.0941085750815128	0.0941085751368034	0.00369843974222802	1730.89001088529	1732.89001088529	-1.99999999999886	BM	Cebidae	PLA	Cercopithecidae	OWM	order
Semnopithecus_vetulus	Eulemur_fulvus	8170	2180	121.4130573124	0.0351752892125198	0.999999999949758	0.104986339556364	0.104986339617975	0.00369292485744445	1730.89001088529	1732.89001088529	-1.99999999999886	BM	Cercopithecidae	OWM	Lemuridae	STR	order
Piliocolobus_badius	Eulemur_macaco	8360	2370	121.4130573131	0.0351752892125198	0.999999999955524	0.104986339556063	0.104986339617674	0.00369292485741257	1730.89001088529	1732.89001088529	-1.99999999999886	BM	Cercopithecidae	OWM	Lemuridae	STR	order
Saguinus_oedipus	Cacajao_calvus	418	3450	49.0936032052	0.0178049210170885	0.404351923009515	0.0836597036933641	0.0836597037425642	0.00368380693106861	1730.89001088529	1732.89001088529	-1.99999999999886	BM	Callitrichidae	PLA	Pitheciidae	PLA	superfamily
Cebuella_pygmaea	Cercopithecus_petaurista	110	4400	78.0653383524	0.0251923189852604	0.64297317007357	0.0938255752910053	0.0938255753461313	0.00367617799889865	1730.89001088529	1732.89001088529	-1.99999999999886	BM	Callitrichidae	PLA	Cercopithecidae	OWM	order
Sapajus_apella	Cercopithecus_mitis	3650	7930	78.0653383488	0.0251335956309824	0.642973170043919	0.0936078750396585	0.0936078750946579	0.00365909899313778	1730.89001088529	1732.89001088529	-1.99999999999886	BM	Cebidae	PLA	Cercopithecidae	OWM	order
Semnopithecus_vetulus	Lemur_catta	8170	2210	121.413057314	0.0349991191496858	0.999999999962937	0.104463553846183	0.10446355390749	0.00365613236799768	1730.89001088529	1732.89001088529	-1.99999999999886	BM	Cercopithecidae	OWM	Lemuridae	STR	order
Cercopithecus_petaurista	Allenopithecus_nigroviridis	4400	6130	23.4097503897	0.0101591402900934	0.192810813817906	0.0691672268168906	0.0691672268576151	0.00364439912261936	1730.89001088529	1732.89001088529	-1.99999999999886	BM	Cercopithecidae	OWM	Cercopithecidae	OWM	family
Cercopithecus_mitis	Eulemur_rubriventer	7930	1980	121.4130573138	0.0349403957954078	0.999999999961289	0.104289281850004	0.104289281911211	0.00364390878519905	1730.89001088529	1732.89001088529	-1.99999999999886	BM	Cercopithecidae	OWM	Lemuridae	STR	order
Saguinus_midas	Cercopithecus_mona	515	4768	78.0653383527	0.0249750425744319	0.642973170076041	0.0930200492668222	0.0930200493214792	0.00361318294267222	1730.89001088529	1732.89001088529	-1.99999999999886	BM	Callitrichidae	PLA	Cercopithecidae	OWM	order
Sapajus_apella	Trachypithecus_obscurus	3650	7900	78.0653383483	0.0249574255681485	0.642973170039801	0.0929547321437462	0.0929547321983653	0.00360809893287012	1730.89001088529	1732.89001088529	-1.99999999999886	BM	Cebidae	PLA	Cercopithecidae	OWM	order
Cacajao_calvus	Trachypithecus_francoisi	3450	7700	78.0653383532	0.0249574255681485	0.642973170080159	0.0929547321408421	0.0929547321954612	0.00360809893253092	1730.89001088529	1732.89001088529	-1.99999999999886	BM	Pitheciidae	PLA	Cercopithecidae	OWM	order
Trachypithecus_obscurus	Eulemur_rubriventer	7900	1980	121.4130573133	0.0347642257325738	0.999999999957171	0.103766435698502	0.103766435759405	0.00360735979424184	1730.89001088529	1732.89001088529	-1.99999999999886	BM	Cercopithecidae	OWM	Lemuridae	STR	order
Cercocebus_torquatus	Colobus_guereza	11000	13500	38.593674154	0.0146808385694991	0.317870869957241	0.0778196614812347	0.0778196615270229	0.00359409431852863	1730.89001088529	1732.89001088529	-1.99999999999886	BM	Cercopithecidae	OWM	Cercopithecidae	OWM	family
Erythrocebus_patas	Colobus_polykomos	12400	9900	38.593674154	0.0146808385694991	0.317870869957241	0.0778196614812347	0.0778196615270229	0.00359409431852863	1730.89001088529	1732.89001088529	-1.99999999999886	BM	Cercopithecidae	OWM	Cercopithecidae	OWM	family
Macaca_fuscata	Colobus_guereza	11000	13500	38.5936741546	0.0146808385694991	0.317870869962183	0.0778196614806318	0.07781966152642	0.0035940943184449	1730.89001088529	1732.89001088529	-1.99999999999886	BM	Cercopithecidae	OWM	Cercopithecidae	OWM	family
Macaca_mulatta	Colobus_guereza	11000	13500	38.5936741547	0.0146808385694991	0.317870869963007	0.0778196614805311	0.0778196615263195	0.00359409431843094	1730.89001088529	1732.89001088529	-1.99999999999886	BM	Cercopithecidae	OWM	Cercopithecidae	OWM	family
Cercopithecus_diana	Trachypithecus_francoisi	5200	7700	38.5936741549	0.0146808385694991	0.317870869964654	0.0778196614803301	0.0778196615261184	0.00359409431840303	1730.89001088529	1732.89001088529	-1.99999999999886	BM	Cercopithecidae	OWM	Cercopithecidae	OWM	family
Cercopithecus_pogonias	Allochrocebus_lhoesti	4260	5970	23.4097503929	0.0100416935815374	0.192810813844262	0.0683695771213001	0.0683695771615574	0.00356072530405854	1730.89001088529	1732.89001088529	-1.99999999999886	BM	Cercopithecidae	OWM	Cercopithecidae	OWM	family
Cebus_olivaceus	Saimiri_oerstedii	3290	897	36.6614225674	0.0140524986787245	0.301956176519194	0.0764310646124421	0.0764310646574185	0.00355696461274929	1730.89001088529	1732.89001088529	-1.99999999999886	BM	Cebidae	PLA	Cebidae	PLA	family
Alouatta_caraya	Cacajao_calvus	6420	3450	49.0936032092	0.0174408362205649	0.404351923042461	0.0819550761616373	0.0819550762098421	0.00353495304294359	1730.89001088529	1732.89001088529	-1.99999999999886	BM	Atelidae	PLA	Pitheciidae	PLA	superfamily
Ateles_paniscus	Propithecus_verreauxi	9110	3250	121.413057306	0.0344118856069059	0.999999999897046	0.102720608413341	0.102720608473637	0.00353480982655559	1730.89001088529	1732.89001088529	-1.99999999999886	BM	Atelidae	PLA	Indriidae	STR	order
Allenopithecus_nigroviridis	Cheirogaleus_medius	6130	283	121.413057308	0.0343355452463445	0.999999999913518	0.102493988913209	0.102493988973374	0.00351918699411218	1730.89001088529	1732.89001088529	-1.99999999999886	BM	Cercopithecidae	OWM	Cheirogaleidae	STR	order
Cercopithecus_pogonias	Nomascus_concolor	4260	7790	62.1515760356	0.0207293440601327	0.511901910785092	0.086554935608965	0.0865549356598546	0.00350502118186882	1730.89001088529	1732.89001088529	-1.99999999999886	BM	Cercopithecidae	OWM	Hylobatidae	APE	order
Cebuella_pygmaea	Cercopithecus_cephus	110	4290	78.0653383524	0.0245463620882025	0.64297317007357	0.0914304883389451	0.0914304883926765	0.00349048137173768	1730.89001088529	1732.89001088529	-1.99999999999886	BM	Callitrichidae	PLA	Cercopithecidae	OWM	order
Cebuella_pygmaea	Chlorocebus_pygerythrus	110	4290	78.0653383526	0.0245463620882025	0.642973170075217	0.0914304883388285	0.0914304883925598	0.00349048137172429	1730.89001088529	1732.89001088529	-1.99999999999886	BM	Callitrichidae	PLA	Cercopithecidae	OWM	order
Plecturocebus_moloch	Cercopithecus_diana	1020	5200	78.0653383549	0.0245463620882025	0.642973170094161	0.0914304883374874	0.091430488391219	0.00349048137157025	1730.89001088529	1732.89001088529	-1.99999999999886	BM	Pitheciidae	PLA	Cercopithecidae	OWM	order
Ateles_geoffroyi	Eulemur_mongoz	7450	1630	121.413057306	0.0341769921897939	0.999999999897046	0.102023290953275	0.102023291013166	0.00348684921844612	1730.89001088529	1732.89001088529	-1.99999999999886	BM	Atelidae	PLA	Lemuridae	STR	order
Nomascus_concolor	Eulemur_rubriventer	7790	1980	121.413057316	0.0341182688355159	0.999999999979409	0.101848949251867	0.101848949311657	0.00347490983126156	1730.89001088529	1732.89001088529	-1.99999999999886	BM	Hylobatidae	APE	Lemuridae	STR	order
Semnopithecus_vetulus	Eulemur_macaco	8170	2370	121.4130573131	0.0340595454812379	0.999999999955524	0.101674602639602	0.101674602699291	0.00346299075304434	1730.89001088529	1732.89001088529	-1.99999999999886	BM	Cercopithecidae	OWM	Lemuridae	STR	order
Saguinus_midas	Cacajao_calvus	515	3450	49.0936032061	0.0172353044805919	0.404351923016928	0.0809926195357681	0.0809926195834106	0.00345227110078876	1730.89001088529	1732.89001088529	-1.99999999999886	BM	Callitrichidae	PLA	Pitheciidae	PLA	superfamily
Cercopithecus_cephus	Nomascus_concolor	4290	7790	62.1515760357	0.0205531739972987	0.511901910785915	0.0858221968880186	0.0858221969384806	0.00344581355979265	1730.89001088529	1732.89001088529	-1.99999999999886	BM	Cercopithecidae	OWM	Hylobatidae	APE	order
Chlorocebus_pygerythrus	Nomascus_concolor	4290	7790	62.1515760359	0.0205531739972987	0.511901910787563	0.0858221968878809	0.0858221969383431	0.00344581355977604	1730.89001088529	1732.89001088529	-1.99999999999886	BM	Cercopithecidae	OWM	Hylobatidae	APE	order
Cebuella_pygmaea	Cercopithecus_pogonias	110	4260	78.0653383523	0.0243701920253685	0.642973170072746	0.0907771376015043	0.0907771376548551	0.0034406665438492	1730.89001088529	1732.89001088529	-1.99999999999886	BM	Callitrichidae	PLA	Cercopithecidae	OWM	order
Cercopithecus_cephus	Allochrocebus_lhoesti	4290	5970	23.409750393	0.00986552351870339	0.192810813845085	0.0671729740752763	0.0671729741148323	0.0034370300210098	1730.89001088529	1732.89001088529	-1.99999999999886	BM	Cercopithecidae	OWM	Cercopithecidae	OWM	family
Sapajus_apella	Nomascus_concolor	3650	7790	78.065338351	0.0243114686710905	0.642973170062039	0.090559340356231	0.0905593404094548	0.00342414064607501	1730.89001088529	1732.89001088529	-1.99999999999886	BM	Cebidae	PLA	Hylobatidae	APE	order
Ateles_geoffroyi	Eulemur_coronatus	7450	1690	121.4130573061	0.0338246520641259	0.999999999897869	0.100977167192643	0.100977167251927	0.00341551754706106	1730.89001088529	1732.89001088529	-1.99999999999886	BM	Atelidae	PLA	Lemuridae	STR	order
Cercopithecus_mitis	Eulemur_fulvus	7930	2180	121.4130573122	0.0337659287098479	0.999999999948111	0.100802796120293	0.100802796179476	0.00340370002772777	1730.89001088529	1732.89001088529	-1.99999999999886	BM	Cercopithecidae	OWM	Lemuridae	STR	order
Cercopithecus_ascanius	Cercopithecus_mona	3700	4768	12.9463432657	0.00627165423689001	0.106630568009981	0.057440699955409	0.0574406999892556	0.00337847032017638	1730.89001088529	1732.89001088529	-1.99999999999886	BM	Cercopithecidae	OWM	Cercopithecidae	OWM	family
Trachypithecus_obscurus	Eulemur_fulvus	7900	2180	121.4130573117	0.0335897586470139	0.999999999943993	0.100279653746575	0.100279653805454	0.00336836936674223	1730.89001088529	1732.89001088529	-1.99999999999886	BM	Cercopithecidae	OWM	Lemuridae	STR	order
Cercopithecus_neglectus	Eulemur_mongoz	7350	1630	121.4130573136	0.0335897586470139	0.999999999959642	0.100279653745794	0.100279653804673	0.0033683693666633	1730.89001088529	1732.89001088529	-1.99999999999886	BM	Cercopithecidae	OWM	Lemuridae	STR	order
Cercopithecus_mitis	Lemur_catta	7930	2210	121.4130573138	0.0335897586470139	0.999999999961289	0.100279653745712	0.100279653804591	0.00336836936665499	1730.89001088529	1732.89001088529	-1.99999999999886	BM	Cercopithecidae	OWM	Lemuridae	STR	order
Trachypithecus_francoisi	Eulemur_rubriventer	7700	1980	121.4130573142	0.0335897586470139	0.999999999964584	0.100279653745548	0.100279653804427	0.00336836936663837	1730.89001088529	1732.89001088529	-1.99999999999886	BM	Cercopithecidae	OWM	Lemuridae	STR	order
Cercopithecus_pogonias	Presbytis_comata	4260	6680	38.5936741526	0.0142110517352751	0.31787086994571	0.0753369685444671	0.0753369685888036	0.00336808955708042	1730.89001088529	1732.89001088529	-1.99999999999886	BM	Cercopithecidae	OWM	Cercopithecidae	OWM	family
Macaca_fascicularis	Cercopithecus_neglectus	5360	7350	29.8369393152	0.0116859475013213	0.245747368315827	0.0704705750152429	0.070470575056731	0.00335106514328038	1730.89001088529	1732.89001088529	-1.99999999999886	BM	Cercopithecidae	OWM	Cercopithecidae	OWM	family
Alouatta_seniculus	Hapalemur_griseus	6690	987	121.4130573122	0.0334899289447413	0.999999999948111	0.0999831870457055	0.0999831871044122	0.0033484298300032	1730.89001088529	1732.89001088529	-1.99999999999886	BM	Atelidae	PLA	Lemuridae	STR	order
Presbytis_comata	Hapalemur_griseus	6680	987	121.4130573148	0.0334312055904633	0.999999999969526	0.0998087883485098	0.0998087884071151	0.00333672812311576	1730.89001088529	1732.89001088529	-1.99999999999886	BM	Cercopithecidae	OWM	Lemuridae	STR	order
Trachypithecus_obscurus	Lemur_catta	7900	2210	121.4130573133	0.0334135885841799	0.999999999957171	0.0997564678002354	0.0997564678588105	0.00333322157383082	1730.89001088529	1732.89001088529	-1.99999999999886	BM	Cercopithecidae	OWM	Lemuridae	STR	order
Sapajus_apella	Alouatta_caraya	3650	6420	46.5475501492	0.016266369135005	0.383381748036316	0.0785102586569602	0.0785102587031522	0.00333108410804643	1730.89001088529	1732.89001088529	-1.99999999999886	BM	Cebidae	PLA	Atelidae	PLA	superfamily
Callithrix_jacchus	Cercopithecus_petaurista	317	4400	78.065338352	0.0239767455517059	0.642973170070275	0.0893177665709195	0.0893177666234198	0.00333069786113087	1730.89001088529	1732.89001088529	-1.99999999999886	BM	Callitrichidae	PLA	Cercopithecidae	OWM	order
Allochrocebus_lhoesti	Cheirogaleus_medius	5970	283	121.4130573113	0.0333959715778965	0.999999999940698	0.0997041468186964	0.0997041468772409	0.00332971685355307	1730.89001088529	1732.89001088529	-1.99999999999886	BM	Cercopithecidae	OWM	Cheirogaleidae	STR	order
Cheracebus_torquatus	Macaca_fascicularis	1280	5360	78.0653383539	0.0239591285454225	0.642973170085924	0.0892524145123926	0.0892524145648548	0.00332581540222896	1730.89001088529	1732.89001088529	-1.99999999999886	BM	Pitheciidae	PLA	Cercopithecidae	OWM	order
Cercopithecus_nictitans	Hapalemur_griseus	6670	987	121.4130573156	0.0333724822361853	0.999999999976115	0.0996343848332372	0.0996343848917413	0.00332504673803988	1730.89001088529	1732.89001088529	-1.99999999999886	BM	Cercopithecidae	OWM	Lemuridae	STR	order
Alouatta_seniculus	Avahi_laniger	6690	1030	121.4130573064	0.0332374185213459	0.99999999990034	0.0992332385105204	0.0992332385687914	0.00329825667993141	1730.89001088529	1732.89001088529	-1.99999999999886	BM	Atelidae	PLA	Indriidae	STR	order
Cercopithecus_neglectus	Eulemur_coronatus	7350	1690	121.4130573137	0.0332374185213459	0.999999999960466	0.0992332385075525	0.0992332385658236	0.00329825667963446	1730.89001088529	1732.89001088529	-1.99999999999886	BM	Cercopithecidae	OWM	Lemuridae	STR	order
Cebus_olivaceus	Cercopithecus_neglectus	3290	7350	78.0653383486	0.0238416818368665	0.642973170042272	0.0888167187229156	0.088816718775124	0.00329335662551363	1730.89001088529	1732.89001088529	-1.99999999999886	BM	Cebidae	PLA	Cercopithecidae	OWM	order
Leontocebus_fuscicolis	Cercopithecus_petaurista	343	4400	78.065338352	0.0238240648305831	0.642973170070275	0.0887513620455449	0.0887513620977152	0.00328850145169279	1730.89001088529	1732.89001088529	-1.99999999999886	BM	Callitrichidae	PLA	Cercopithecidae	OWM	order
Presbytis_comata	Avahi_laniger	6680	1030	121.413057309	0.0331786951670679	0.999999999921755	0.0990588191515398	0.0990588192097095	0.00328664236449581	1730.89001088529	1732.89001088529	-1.99999999999886	BM	Cercopithecidae	OWM	Indriidae	STR	order
Macaca_silenus	Propithecus_verreauxi	8900	3250	121.413057314	0.0331786951670679	0.999999999962937	0.0990588191495107	0.0990588192076804	0.00328664236429314	1730.89001088529	1732.89001088529	-1.99999999999886	BM	Cercopithecidae	OWM	Indriidae	STR	order
Cercopithecus_cephus	Presbytis_comata	4290	6680	38.5936741527	0.0140348816724411	0.317870869946534	0.0744057681685348	0.0744057682123264	0.00328522129809542	1730.89001088529	1732.89001088529	-1.99999999999886	BM	Cercopithecidae	OWM	Cercopithecidae	OWM	family
Chlorocebus_pygerythrus	Presbytis_comata	4290	6680	38.5936741529	0.0140348816724411	0.317870869948181	0.0744057681683425	0.0744057682121342	0.0032852212980699	1730.89001088529	1732.89001088529	-1.99999999999886	BM	Cercopithecidae	OWM	Cercopithecidae	OWM	family
Allochrocebus_lhoesti	Piliocolobus_badius	5970	8360	38.5936741533	0.0140348816724411	0.317870869951476	0.0744057681679581	0.0744057682117496	0.00328522129801888	1730.89001088529	1732.89001088529	-1.99999999999886	BM	Cercopithecidae	OWM	Cercopithecidae	OWM	family
Sapajus_apella	Trachypithecus_francoisi	3650	7700	78.0653383492	0.0237829584825885	0.642973170047214	0.0885988608034398	0.088598860855521	0.00327718655498194	1730.89001088529	1732.89001088529	-1.99999999999886	BM	Cebidae	PLA	Cercopithecidae	OWM	order
Alouatta_palliata	Macaca_nemestrina	7150	11200	78.0653383565	0.0237829584825885	0.642973170107339	0.0885988607993142	0.0885988608513956	0.00327718655452289	1730.89001088529	1732.89001088529	-1.99999999999886	BM	Atelidae	PLA	Cercopithecidae	OWM	order
Cercopithecus_nictitans	Avahi_laniger	6670	1030	121.4130573098	0.0331199718127899	0.999999999928344	0.0988843950103081	0.0988843950683764	0.00327504837570087	1730.89001088529	1732.89001088529	-1.99999999999886	BM	Cercopithecidae	OWM	Indriidae	STR	order
Macaca_nemestrina	Nomascus_concolor	11200	7790	62.1515760365	0.0200246638087968	0.511901910792504	0.0836235454996647	0.0836235455488437	0.00327119971585565	1730.89001088529	1732.89001088529	-1.99999999999886	BM	Cercopithecidae	OWM	Hylobatidae	APE	order
Trachypithecus_cristatus	Hapalemur_griseus	6610	987	121.4130573159	0.0330201421105174	0.999999999978586	0.0985878630149451	0.0985878630728411	0.00325538524719542	1730.89001088529	1732.89001088529	-1.99999999999886	BM	Cercopithecidae	OWM	Lemuridae	STR	order
Macaca_nigra	Cercopithecus_mitis	9890	7930	29.8369393138	0.0115097774384873	0.245747368304296	0.0694109091276285	0.0694109091684958	0.00325091626158466	1730.89001088529	1732.89001088529	-1.99999999999886	BM	Cercopithecidae	OWM	Cercopithecidae	OWM	family
Hylobates_lar	Cheirogaleus_medius	5900	283	121.4130573147	0.0329849080979506	0.999999999968702	0.0984832013781573	0.0984832014359925	0.00324845934675215	1730.89001088529	1732.89001088529	-1.99999999999886	BM	Hylobatidae	APE	Cheirogaleidae	STR	order
Nomascus_concolor	Eulemur_fulvus	7790	2180	121.4130573144	0.032943801749956	0.999999999966231	0.0983610939711781	0.0983610940289423	0.0032403883798047	1730.89001088529	1732.89001088529	-1.99999999999886	BM	Hylobatidae	APE	Lemuridae	STR	order
Cercopithecus_petaurista	Nomascus_concolor	4400	7790	62.1515760357	0.0199072171002408	0.511901910785915	0.0831348688214244	0.0831348688703181	0.00323300977659423	1730.89001088529	1732.89001088529	-1.99999999999886	BM	Cercopithecidae	OWM	Hylobatidae	APE	order
Trachypithecus_cristatus	Avahi_laniger	6610	1030	121.4130573101	0.032767631687122	0.999999999930815	0.0978377501888666	0.0978377502463266	0.00320591136350723	1730.89001088529	1732.89001088529	-1.99999999999886	BM	Cercopithecidae	OWM	Indriidae	STR	order
Nomascus_concolor	Lemur_catta	7790	2210	121.413057316	0.032767631687122	0.999999999979409	0.0978377501865014	0.0978377502439614	0.00320591136327394	1730.89001088529	1732.89001088529	-1.99999999999886	BM	Hylobatidae	APE	Lemuridae	STR	order
Cercopithecus_mitis	Eulemur_macaco	7930	2370	121.4130573129	0.032650184978566	0.999999999953877	0.0974888306946859	0.0974888307519431	0.00318302835567241	1730.89001088529	1732.89001088529	-1.99999999999886	BM	Cercopithecidae	OWM	Lemuridae	STR	order
Saimiri_sciureus	Cercopithecus_mona	779	4768	78.0653383466	0.0234247460214927	0.642973170025799	0.0872697838679404	0.0872697839192469	0.00317940563892431	1730.89001088529	1732.89001088529	-1.99999999999886	BM	Cebidae	PLA	Cercopithecidae	OWM	order
Aotus_trivirgatus	Cebus_olivaceus	813	3290	41.3912938001	0.0145457748546597	0.34091303451423	0.0744624477833958	0.0744624478272205	0.00317709764933883	1730.89001088529	1732.89001088529	-1.99999999999886	BM	Aotidae	PLA	Cebidae	PLA	superfamily
Cercopithecus_pogonias	Trachypithecus_cristatus	4260	6610	38.5936741537	0.0137999882553291	0.31787086995477	0.0731640092976251	0.0731640093406899	0.00317632902053492	1730.89001088529	1732.89001088529	-1.99999999999886	BM	Cercopithecidae	OWM	Cercopithecidae	OWM	family
Saguinus_oedipus	Cercopithecus_petaurista	418	4400	78.0653383519	0.0233836396734982	0.642973170069452	0.0871172511542443	0.0871172512054617	0.00316827902806029	1730.89001088529	1732.89001088529	-1.99999999999886	BM	Callitrichidae	PLA	Cercopithecidae	OWM	order
Callithrix_jacchus	Cercopithecus_cephus	317	4290	78.065338352	0.023330788654648	0.642973170070275	0.0869211329538714	0.0869211330049746	0.00315400187281171	1730.89001088529	1732.89001088529	-1.99999999999886	BM	Callitrichidae	PLA	Cercopithecidae	OWM	order
Callithrix_jacchus	Chlorocebus_pygerythrus	317	4290	78.0653383522	0.023330788654648	0.642973170071923	0.0869211329537605	0.0869211330048636	0.0031540018727996	1730.89001088529	1732.89001088529	-1.99999999999886	BM	Callitrichidae	PLA	Cercopithecidae	OWM	order
Cacajao_calvus	Plecturocebus_moloch	3450	1020	40.5832731752	0.0142697750895531	0.334257896732959	0.0737751630525893	0.0737751630960119	0.00314952913377724	1730.89001088529	1732.89001088529	-1.99999999999886	BM	Pitheciidae	PLA	Pitheciidae	PLA	family
Macaca_fascicularis	Trachypithecus_francoisi	5360	7700	38.5936741548	0.0137412649010511	0.31787086996383	0.0728535416122219	0.0728535416551051	0.00314939149468841	1730.89001088529	1732.89001088529	-1.99999999999886	BM	Cercopithecidae	OWM	Cercopithecidae	OWM	family
Trachypithecus_obscurus	Eulemur_macaco	7900	2370	121.4130573124	0.032474014915732	0.999999999949758	0.0969654161665446	0.0969654162234974	0.00314885637106073	1730.89001088529	1732.89001088529	-1.99999999999886	BM	Cercopithecidae	OWM	Lemuridae	STR	order
Alouatta_palliata	Eulemur_mongoz	7150	1630	121.413057309	0.032415291561454	0.999999999921755	0.0967909352814773	0.0967909353383287	0.0031375063879004	1730.89001088529	1732.89001088529	-1.99999999999886	BM	Atelidae	PLA	Lemuridae	STR	order
Trachypithecus_francoisi	Eulemur_fulvus	7700	2180	121.4130573126	0.032415291561454	0.999999999951406	0.0967909352800495	0.0967909353369007	0.00313750638776109	1730.89001088529	1732.89001088529	-1.99999999999886	BM	Cercopithecidae	OWM	Lemuridae	STR	order
Cercopithecus_petaurista	Cercopithecus_ascanius	4400	3700	7.762733782	0.00411063479945975	0.063936564595653	0.0486316735367593	0.0486316735654294	0.00312664671398	1730.89001088529	1732.89001088529	-1.99999999999886	BM	Cercopithecidae	OWM	Cercopithecidae	OWM	family
Aotus_trivirgatus	Cercopithecus_mona	813	4768	78.0653383557	0.0232250866169476	0.64297317010075	0.0865288806825827	0.086528880733457	0.00312554371188709	1730.89001088529	1732.89001088529	-1.99999999999886	BM	Aotidae	PLA	Cercopithecidae	OWM	order
Piliocolobus_badius	Colobus_polykomos	8360	9900	22.216371838	0.00904339655881144	0.182981734655774	0.0632159563413883	0.0632159563786243	0.00312428430692903	1730.89001088529	1732.89001088529	-1.99999999999886	BM	Cercopithecidae	OWM	Cercopithecidae	OWM	family
Cercopithecus_neglectus	Colobus_angolensis	7350	9680	38.5936741546	0.0136825415467732	0.317870869962183	0.0725430628352981	0.0725430628779995	0.0031225682029065	1730.89001088529	1732.89001088529	-1.99999999999886	BM	Cercopithecidae	OWM	Cercopithecidae	OWM	family
Leontocebus_fuscicolis	Cercopithecus_cephus	343	4290	78.065338352	0.0231781079335252	0.642973170070275	0.0863545395709552	0.0863545396217278	0.00311293679409159	1730.89001088529	1732.89001088529	-1.99999999999886	BM	Callitrichidae	PLA	Cercopithecidae	OWM	order
Leontocebus_fuscicolis	Chlorocebus_pygerythrus	343	4290	78.0653383522	0.0231781079335252	0.642973170071923	0.086354539570845	0.0863545396216177	0.00311293679407964	1730.89001088529	1732.89001088529	-1.99999999999886	BM	Callitrichidae	PLA	Cercopithecidae	OWM	order
Trachypithecus_obscurus	Colobus_angolensis	7900	9680	27.0170263233	0.0104527570614834	0.222521588039966	0.0662519918786217	0.066251991917638	0.00311212939852929	1730.89001088529	1732.89001088529	-1.99999999999886	BM	Cercopithecidae	OWM	Cercopithecidae	OWM	family
Callithrix_jacchus	Cercopithecus_pogonias	317	4260	78.0653383519	0.023154618591814	0.642973170069452	0.0862673674553575	0.0862673675060793	0.00310664283259736	1730.89001088529	1732.89001088529	-1.99999999999886	BM	Callitrichidae	PLA	Cercopithecidae	OWM	order
Trachypithecus_francoisi	Lemur_catta	7700	2210	121.4130573142	0.03223912149862	0.999999999964584	0.0962674646060652	0.0962674646626121	0.00310357848790895	1730.89001088529	1732.89001088529	-1.99999999999886	BM	Cercopithecidae	OWM	Lemuridae	STR	order
Cercopithecus_cephus	Trachypithecus_cristatus	4290	6610	38.5936741538	0.0136238181924952	0.317870869955594	0.0722325730131957	0.0722325730557155	0.00309585915326367	1730.89001088529	1732.89001088529	-1.99999999999886	BM	Cercopithecidae	OWM	Cercopithecidae	OWM	family
Chlorocebus_pygerythrus	Trachypithecus_cristatus	4290	6610	38.593674154	0.0136238181924952	0.317870869957241	0.0722325730130091	0.0722325730555289	0.00309585915323962	1730.89001088529	1732.89001088529	-1.99999999999886	BM	Cercopithecidae	OWM	Cercopithecidae	OWM	family
Ateles_geoffroyi	Eulemur_rubriventer	7450	1980	121.413057307	0.032121674790064	0.999999999905282	0.0959184608983513	0.0959184609546952	0.00308106160763214	1730.89001088529	1732.89001088529	-1.99999999999886	BM	Atelidae	PLA	Lemuridae	STR	order
Cheracebus_torquatus	Cercopithecus_diana	1280	5200	78.065338354	0.0230195548769746	0.642973170086748	0.0857661076808937	0.085766107731323	0.00307057543641903	1730.89001088529	1732.89001088529	-1.99999999999886	BM	Pitheciidae	PLA	Cercopithecidae	OWM	order
Alouatta_palliata	Eulemur_coronatus	7150	1690	121.4130573091	0.032062951435786	0.999999999922578	0.0957439520887934	0.0957439521450357	0.00306983368633088	1730.89001088529	1732.89001088529	-1.99999999999886	BM	Atelidae	PLA	Lemuridae	STR	order
Leontocebus_fuscicolis	Cercopithecus_pogonias	343	4260	78.0653383519	0.0230019378706912	0.642973170069452	0.0857007234531394	0.0857007235035305	0.00306588642902388	1730.89001088529	1732.89001088529	-1.99999999999886	BM	Callitrichidae	PLA	Cercopithecidae	OWM	order
Ateles_paniscus	Cercopithecus_diana	9110	5200	78.0653383537	0.0229608315226966	0.642973170084277	0.0855481579966958	0.085548158046998	0.0030549592646015	1730.89001088529	1732.89001088529	-1.99999999999886	BM	Atelidae	PLA	Cercopithecidae	OWM	order
Macaca_nemestrina	Colobus_guereza	11200	13500	38.5936741545	0.0135063714839392	0.31787086996136	0.0716115604177036	0.0716115604598598	0.00304278381238153	1730.89001088529	1732.89001088529	-1.99999999999886	BM	Cercopithecidae	OWM	Cercopithecidae	OWM	family
Alouatta_caraya	Hapalemur_griseus	6420	987	121.413057312	0.0319043983792354	0.999999999946464	0.0952727552282904	0.0952727552842585	0.00303961993765349	1730.89001088529	1732.89001088529	-1.99999999999886	BM	Atelidae	PLA	Lemuridae	STR	order
Cacajao_calvus	Cercopithecus_neglectus	3450	7350	78.0653383536	0.0229021081684186	0.642973170083454	0.0853302018796423	0.0853302019298173	0.00303938267474973	1730.89001088529	1732.89001088529	-1.99999999999886	BM	Pitheciidae	PLA	Cercopithecidae	OWM	order
Nomascus_concolor	Eulemur_macaco	7790	2370	121.4130573151	0.031828058018674	0.999999999971996	0.0950458706899179	0.095045870745754	0.00302512548683881	1730.89001088529	1732.89001088529	-1.99999999999886	BM	Hylobatidae	APE	Lemuridae	STR	order
Ateles_paniscus	Semnopithecus_entellus	9110	13000	78.0653383527	0.0228433848141406	0.642973170076041	0.0851122393465395	0.0851122393965873	0.00302384566926222	1730.89001088529	1732.89001088529	-1.99999999999886	BM	Atelidae	PLA	Cercopithecidae	OWM	order
Macaca_silenus	Trachypithecus_cristatus	8900	6610	38.5936741551	0.0134476481296612	0.317870869966301	0.0713010377392084	0.0713010377811827	0.0030164175374051	1730.89001088529	1732.89001088529	-1.99999999999886	BM	Cercopithecidae	OWM	Cercopithecidae	OWM	family
Saguinus_midas	Cercopithecus_petaurista	515	4400	78.0653383528	0.0228140231370016	0.642973170076864	0.0850032556785902	0.0850032557285745	0.00301609201133539	1730.89001088529	1732.89001088529	-1.99999999999886	BM	Callitrichidae	PLA	Cercopithecidae	OWM	order
Trachypithecus_cristatus	Piliocolobus_badius	6610	8360	27.0170263241	0.0102765869986494	0.222521588046555	0.0651378905411641	0.0651378905795273	0.00300822587566077	1730.89001088529	1732.89001088529	-1.99999999999886	BM	Cercopithecidae	OWM	Cercopithecidae	OWM	family
Cercopithecus_petaurista	Allochrocebus_lhoesti	4400	5970	23.409750393	0.00921956662164543	0.192810813845085	0.0627841511545092	0.0627841511914919	0.00300212759237419	1730.89001088529	1732.89001088529	-1.99999999999886	BM	Cercopithecidae	OWM	Cercopithecidae	OWM	family
Saguinus_oedipus	Cercopithecus_cephus	418	4290	78.0653383519	0.0227376827764402	0.642973170069452	0.0847198906688839	0.0847198907187028	0.00299597881926504	1730.89001088529	1732.89001088529	-1.99999999999886	BM	Callitrichidae	PLA	Cercopithecidae	OWM	order
Saguinus_oedipus	Chlorocebus_pygerythrus	418	4290	78.0653383521	0.0227376827764402	0.642973170071099	0.0847198906687757	0.0847198907185946	0.00299597881925354	1730.89001088529	1732.89001088529	-1.99999999999886	BM	Callitrichidae	PLA	Cercopithecidae	OWM	order
Saimiri_oerstedii	Cercopithecus_mona	897	4768	78.065338347	0.0227318104410124	0.642973170029094	0.0846980929166343	0.0846980929664404	0.00299443442221558	1730.89001088529	1732.89001088529	-1.99999999999886	BM	Cebidae	PLA	Cercopithecidae	OWM	order
Alouatta_caraya	Avahi_laniger	6420	1030	121.4130573062	0.03165188795584	0.999999999898693	0.094522261410056	0.0945222614655874	0.0029918080277868	1730.89001088529	1732.89001088529	-1.99999999999886	BM	Atelidae	PLA	Indriidae	STR	order
Cercopithecus_petaurista	Presbytis_comata	4400	6680	38.5936741527	0.0133889247753832	0.317870869946534	0.0709905042058278	0.0709905042476203	0.00299016553715105	1730.89001088529	1732.89001088529	-1.99999999999886	BM	Cercopithecidae	OWM	Cercopithecidae	OWM	family
Hylobates_klossii	Cheirogaleus_medius	5670	283	121.4130573143	0.0316342709495566	0.999999999965407	0.0944698982146655	0.0944698982701664	0.00298848635680315	1730.89001088529	1732.89001088529	-1.99999999999886	BM	Hylobatidae	APE	Cheirogaleidae	STR	order
Cercopithecus_neglectus	Eulemur_rubriventer	7350	1980	121.4130573146	0.031534441247284	0.999999999967878	0.094173165707034	0.0941731657623624	0.0029696981611546	1730.89001088529	1732.89001088529	-1.99999999999886	BM	Cercopithecidae	OWM	Lemuridae	STR	order
Alouatta_palliata	Pygathrix_nemaeus	7150	11000	78.0653383548	0.0226084913970286	0.642973170093337	0.0842403253715157	0.0842403254210545	0.00296209353676193	1730.89001088529	1732.89001088529	-1.99999999999886	BM	Atelidae	PLA	Cercopithecidae	OWM	order
Alouatta_palliata	Cercocebus_torquatus	7150	11000	78.065338356	0.0226084913970286	0.642973170103221	0.0842403253708705	0.0842403254204095	0.00296209353669371	1730.89001088529	1732.89001088529	-1.99999999999886	BM	Atelidae	PLA	Cercopithecidae	OWM	order
Alouatta_palliata	Macaca_fuscata	7150	11000	78.0653383566	0.0226084913970286	0.642973170108163	0.084240325370548	0.084240325420087	0.0029620935366596	1730.89001088529	1732.89001088529	-1.99999999999886	BM	Atelidae	PLA	Cercopithecidae	OWM	order
Alouatta_palliata	Macaca_mulatta	7150	11000	78.0653383567	0.0226084913970286	0.642973170108986	0.0842403253704942	0.0842403254200333	0.00296209353665392	1730.89001088529	1732.89001088529	-1.99999999999886	BM	Atelidae	PLA	Cercopithecidae	OWM	order
Saguinus_oedipus	Cercopithecus_pogonias	418	4260	78.0653383518	0.0225615127136062	0.642973170068628	0.0840659303815459	0.0840659304309831	0.00294981912990544	1730.89001088529	1732.89001088529	-1.99999999999886	BM	Callitrichidae	PLA	Cercopithecidae	OWM	order
Semnopithecus_vetulus	Colobus_polykomos	8170	9900	27.017026324	0.0101591402900934	0.222521588045731	0.0643950853044367	0.0643950853423643	0.00293993365473311	1730.89001088529	1732.89001088529	-1.99999999999886	BM	Cercopithecidae	OWM	Cercopithecidae	OWM	family
Macaca_silenus	Hylobates_klossii	8900	5670	62.1515760373	0.0189676434317928	0.511901910799093	0.0792243398773434	0.0792243399239528	0.00293552143137512	1730.89001088529	1732.89001088529	-1.99999999999886	BM	Cercopithecidae	OWM	Hylobatidae	APE	order
Trachypithecus_francoisi	Eulemur_macaco	7700	2370	121.4130573133	0.0312995478301721	0.999999999957171	0.0934749197825517	0.0934749198374737	0.00292572272278078	1730.89001088529	1732.89001088529	-1.99999999999886	BM	Cercopithecidae	OWM	Lemuridae	STR	order
Pygathrix_nemaeus	Nomascus_concolor	11000	7790	62.1515760348	0.0188501967232368	0.511901910778503	0.0787353870737859	0.0787353871201096	0.00289933970585091	1730.89001088529	1732.89001088529	-1.99999999999886	BM	Cercopithecidae	OWM	Hylobatidae	APE	order
Cercocebus_torquatus	Nomascus_concolor	11000	7790	62.151576036	0.0188501967232368	0.511901910788386	0.0787353870730284	0.078735387119352	0.00289933970576704	1730.89001088529	1732.89001088529	-1.99999999999886	BM	Cercopithecidae	OWM	Hylobatidae	APE	order
Macaca_fuscata	Nomascus_concolor	11000	7790	62.1515760366	0.0188501967232368	0.511901910793328	0.0787353870726496	0.0787353871189732	0.0028993397057251	1730.89001088529	1732.89001088529	-1.99999999999886	BM	Cercopithecidae	OWM	Hylobatidae	APE	order
Macaca_mulatta	Nomascus_concolor	11000	7790	62.1515760367	0.0188501967232368	0.511901910794152	0.0787353870725864	0.0787353871189101	0.00289933970571811	1730.89001088529	1732.89001088529	-1.99999999999886	BM	Cercopithecidae	OWM	Hylobatidae	APE	order
Avahi_laniger	Propithecus_verreauxi	1030	3250	38.068820955	0.0130365846497152	0.313547997190574	0.0696007701364488	0.0696007701774274	0.00289383552023678	1730.89001088529	1732.89001088529	-1.99999999999886	BM	Indriidae	STR	Indriidae	STR	family
Allenopithecus_nigroviridis	Piliocolobus_badius	6130	8360	38.59367415	0.0130953080039932	0.317870869924296	0.0694376753120981	0.0694376753529812	0.0028606199288087	1730.89001088529	1732.89001088529	-1.99999999999886	BM	Cercopithecidae	OWM	Cercopithecidae	OWM	family
Ateles_geoffroyi	Eulemur_fulvus	7450	2180	121.4130573054	0.0309472077045041	0.999999999892104	0.0924274155870795	0.0924274156413914	0.00286037042807249	1730.89001088529	1732.89001088529	-1.99999999999886	BM	Atelidae	PLA	Lemuridae	STR	order
Saimiri_sciureus	Cacajao_calvus	779	3450	49.0936032	0.0156850079276528	0.404351922966687	0.0737292214754231	0.0737292215188188	0.00285999239191688	1730.89001088529	1732.89001088529	-1.99999999999886	BM	Cebidae	PLA	Pitheciidae	PLA	superfamily
Saguinus_midas	Cercopithecus_cephus	515	4290	78.0653383528	0.0221680662399436	0.642973170076864	0.0826052142871555	0.08260521433574	0.00284801597843265	1730.89001088529	1732.89001088529	-1.99999999999886	BM	Callitrichidae	PLA	Cercopithecidae	OWM	order
Saguinus_midas	Chlorocebus_pygerythrus	515	4290	78.065338353	0.0221680662399436	0.642973170078512	0.0826052142870502	0.0826052143356345	0.00284801597842172	1730.89001088529	1732.89001088529	-1.99999999999886	BM	Callitrichidae	PLA	Cercopithecidae	OWM	order
Macaca_silenus	Presbytis_comata	8900	6680	38.593674154	0.0130365846497152	0.317870869957241	0.0691270776150007	0.0691270776557018	0.00283505374064825	1730.89001088529	1732.89001088529	-1.99999999999886	BM	Cercopithecidae	OWM	Cercopithecidae	OWM	family
Ateles_geoffroyi	Lemur_catta	7450	2210	121.413057307	0.0307710376416701	0.999999999905282	0.091903603086204	0.091903603140211	0.00282796923023855	1730.89001088529	1732.89001088529	-1.99999999999886	BM	Atelidae	PLA	Lemuridae	STR	order
Ateles_geoffroyi	Cercopithecus_ascanius	7450	3700	78.0653383527	0.0220212578542486	0.642973170076041	0.0820600992561451	0.0820600993044112	0.00281048524163317	1730.89001088529	1732.89001088529	-1.99999999999886	BM	Atelidae	PLA	Cercopithecidae	OWM	order
Ateles_geoffroyi	Macaca_nemestrina	7450	11200	78.0653383535	0.0220212578542486	0.64297317008263	0.0820600992557261	0.0820600993039923	0.00281048524159002	1730.89001088529	1732.89001088529	-1.99999999999886	BM	Atelidae	PLA	Cercopithecidae	OWM	order
Ateles_paniscus	Macaca_fascicularis	9110	5360	78.0653383536	0.0220212578542486	0.642973170083454	0.0820600992556737	0.0820600993039399	0.00281048524158463	1730.89001088529	1732.89001088529	-1.99999999999886	BM	Atelidae	PLA	Cercopithecidae	OWM	order
Cercopithecus_petaurista	Trachypithecus_cristatus	4400	6610	38.5936741538	0.0129778612954372	0.317870869955594	0.0688164693933842	0.0688164694339033	0.00280960188253111	1730.89001088529	1732.89001088529	-1.99999999999886	BM	Cercopithecidae	OWM	Cercopithecidae	OWM	family
Plecturocebus_moloch	Cercopithecus_mona	1020	4768	78.0653383538	0.022009513183393	0.642973170085101	0.082016488383174	0.0820164884314148	0.00280749347921648	1730.89001088529	1732.89001088529	-1.99999999999886	BM	Pitheciidae	PLA	Cercopithecidae	OWM	order
Saguinus_midas	Cercopithecus_pogonias	515	4260	78.0653383527	0.0219918961771096	0.642973170076041	0.0819510716125144	0.0819510716607168	0.00280300880718266	1730.89001088529	1732.89001088529	-1.99999999999886	BM	Callitrichidae	PLA	Cercopithecidae	OWM	order
Aotus_trivirgatus	Cacajao_calvus	813	3450	49.0936032091	0.0154853485231076	0.404351923041637	0.072793324076534	0.0727933241193819	0.00278774485601884	1730.89001088529	1732.89001088529	-1.99999999999886	BM	Aotidae	PLA	Pitheciidae	PLA	superfamily
Allochrocebus_lhoesti	Semnopithecus_vetulus	5970	8170	38.5936741533	0.0129191379411592	0.317870869951476	0.0685058506908158	0.0685058507311528	0.00278426436177121	1730.89001088529	1732.89001088529	-1.99999999999886	BM	Cercopithecidae	OWM	Cercopithecidae	OWM	family
Sapajus_apella	Plecturocebus_moloch	3650	1020	49.0936032032	0.015444242175113	0.404351922993043	0.072600626778064	0.0726006268207992	0.00277298461628612	1730.89001088529	1732.89001088529	-1.99999999999886	BM	Cebidae	PLA	Pitheciidae	PLA	superfamily
Presbytis_comata	Piliocolobus_badius	6680	8360	27.017026323	0.00986552351870339	0.222521588037495	0.0625378283640965	0.0625378284009348	0.00277262274629584	1730.89001088529	1732.89001088529	-1.99999999999886	BM	Cercopithecidae	OWM	Cercopithecidae	OWM	family
Macaca_nigra	Trachypithecus_francoisi	9890	7700	38.5936741542	0.0128604145868812	0.317870869958889	0.0681952215528684	0.0681952215930236	0.00275904118589895	1730.89001088529	1732.89001088529	-1.99999999999886	BM	Cercopithecidae	OWM	Cercopithecidae	OWM	family
Alouatta_palliata	Eulemur_rubriventer	7150	1980	121.41305731	0.0303599741617241	0.999999999929991	0.0906812188832487	0.0906812189365437	0.00275307946244182	1730.89001088529	1732.89001088529	-1.99999999999886	BM	Atelidae	PLA	Lemuridae	STR	order
Cercopithecus_neglectus	Eulemur_fulvus	7350	2180	121.413057313	0.0303599741617241	0.9999999999547	0.0906812188821332	0.0906812189354281	0.00275307946233993	1730.89001088529	1732.89001088529	-1.99999999999886	BM	Cercopithecidae	OWM	Lemuridae	STR	order
Sapajus_apella	Cercopithecus_neglectus	3650	7350	78.0653383496	0.0217276410828587	0.642973170050508	0.0809697537182101	0.0809697537658393	0.00273616665407443	1730.89001088529	1732.89001088529	-1.99999999999886	BM	Cebidae	PLA	Cercopithecidae	OWM	order
Allenopithecus_nigroviridis	Hapalemur_griseus	6130	987	121.4130573118	0.0302014211051735	0.999999999944817	0.0902096702918967	0.0902096703449168	0.00272446024039478	1730.89001088529	1732.89001088529	-1.99999999999886	BM	Cercopithecidae	OWM	Lemuridae	STR	order
Cercopithecus_neglectus	Lemur_catta	7350	2210	121.4130573146	0.0301838040988901	0.999999999967878	0.0901572740381888	0.0901572740911784	0.00272128949774606	1730.89001088529	1732.89001088529	-1.99999999999886	BM	Cercopithecidae	OWM	Lemuridae	STR	order
Trachypithecus_obscurus	Presbytis_comata	7900	6680	17.9572585523	0.00716424922191556	0.14790220219225	0.0557165330753203	0.0557165331081544	0.00269885858909552	1730.89001088529	1732.89001088529	-1.99999999999886	BM	Cercopithecidae	OWM	Cercopithecidae	OWM	family
Piliocolobus_badius	Propithecus_verreauxi	8360	3250	121.413057313	0.0300076340360561	0.9999999999547	0.0896332899818884	0.0896332900345727	0.00268968296334605	1730.89001088529	1732.89001088529	-1.99999999999886	BM	Cercopithecidae	OWM	Indriidae	STR	order
Allenopithecus_nigroviridis	Avahi_laniger	6130	1030	121.413057306	0.0299489106817781	0.999999999897046	0.0894586199570933	0.0894586200096758	0.00267918821908596	1730.89001088529	1732.89001088529	-1.99999999999886	BM	Cercopithecidae	OWM	Indriidae	STR	order
Ateles_geoffroyi	Eulemur_macaco	7450	2370	121.4130573061	0.0298314639732222	0.999999999897869	0.0891092669399424	0.0891092669923215	0.00265825988667062	1730.89001088529	1732.89001088529	-1.99999999999886	BM	Atelidae	PLA	Lemuridae	STR	order
Macaca_fascicularis	Cheirogaleus_medius	5360	283	121.4130573126	0.0298138469669388	0.999999999951406	0.0890568624975049	0.0890568625498532	0.00265512766998534	1730.89001088529	1732.89001088529	-1.99999999999886	BM	Cercopithecidae	OWM	Cheirogaleidae	STR	order
Alouatta_seniculus	Eulemur_mongoz	6690	1630	121.4130573094	0.0297140172646662	0.999999999925049	0.0887598966942659	0.0887598967464412	0.00263741310298108	1730.89001088529	1732.89001088529	-1.99999999999886	BM	Atelidae	PLA	Lemuridae	STR	order
Presbytis_comata	Eulemur_mongoz	6680	1630	121.413057312	0.0296552939103882	0.999999999946464	0.0885852051317562	0.0885852051838296	0.0026270202944349	1730.89001088529	1732.89001088529	-1.99999999999886	BM	Cercopithecidae	OWM	Lemuridae	STR	order
Saimiri_sciureus	Cercopithecus_petaurista	779	4400	78.0653383467	0.0212637265840625	0.642973170026623	0.0792466982067877	0.0792466982534102	0.00262076273460847	1730.89001088529	1732.89001088529	-1.99999999999886	BM	Cebidae	PLA	Cercopithecidae	OWM	order
Cercopithecus_nictitans	Eulemur_mongoz	6670	1630	121.4130573128	0.0295965705561102	0.999999999953053	0.0884105092881807	0.0884105093401522	0.00261664787617212	1730.89001088529	1732.89001088529	-1.99999999999886	BM	Cercopithecidae	OWM	Lemuridae	STR	order
Saimiri_oerstedii	Cacajao_calvus	897	3450	49.0936032004	0.0149920723471725	0.404351922969981	0.0704806778818173	0.0704806779233112	0.00261319746947366	1730.89001088529	1732.89001088529	-1.99999999999886	BM	Cebidae	PLA	Pitheciidae	PLA	superfamily
Alouatta_palliata	Ateles_paniscus	7150	9110	34.580677997	0.0115097774384873	0.284818443425614	0.0644856942392289	0.0644856942772096	0.00260592670802132	1730.89001088529	1732.89001088529	-1.99999999999886	BM	Atelidae	PLA	Atelidae	PLA	family
Cebuella_pygmaea	Cercopithecus_ascanius	110	3700	78.0653383524	0.0210816841858007	0.64297317007357	0.0785704603965478	0.0785704604427749	0.00257615357764221	1730.89001088529	1732.89001088529	-1.99999999999886	BM	Callitrichidae	PLA	Cercopithecidae	OWM	order
Alouatta_seniculus	Eulemur_coronatus	6690	1690	121.4130573095	0.0293616771389982	0.999999999925873	0.0877116832664963	0.0877116833180605	0.00257536212557984	1730.89001088529	1732.89001088529	-1.99999999999886	BM	Atelidae	PLA	Lemuridae	STR	order
Aotus_trivirgatus	Cercopithecus_petaurista	813	4400	78.0653383558	0.0210640671795173	0.642973170101574	0.0785050150036953	0.0785050150498842	0.00257185678479495	1730.89001088529	1732.89001088529	-1.99999999999886	BM	Aotidae	PLA	Cercopithecidae	OWM	order
Cercopithecus_mona	Nomascus_concolor	4768	7790	62.1515760356	0.0177461976628105	0.511901910785092	0.074137801027049	0.0741378010706838	0.0025701487796643	1730.89001088529	1732.89001088529	-1.99999999999886	BM	Cercopithecidae	OWM	Hylobatidae	APE	order
Presbytis_comata	Eulemur_coronatus	6680	1690	121.4130573121	0.0293029537847202	0.999999999947287	0.0875369661392875	0.0875369661907498	0.00256509167336937	1730.89001088529	1732.89001088529	-1.99999999999886	BM	Cercopithecidae	OWM	Lemuridae	STR	order
Macaca_nigra	Trachypithecus_pileatus	9890	12000	38.5936741541	0.0123906277526572	0.317870869958065	0.0657098184772421	0.0657098185159406	0.00256137311529552	1730.89001088529	1732.89001088529	-1.99999999999886	BM	Cercopithecidae	OWM	Cercopithecidae	OWM	family
Allochrocebus_lhoesti	Hapalemur_griseus	5970	987	121.4130573151	0.0292618474367256	0.999999999971996	0.087414661631598	0.0874146616829888	0.00255791449246844	1730.89001088529	1732.89001088529	-1.99999999999886	BM	Cercopithecidae	OWM	Lemuridae	STR	order
Cercopithecus_nictitans	Eulemur_coronatus	6670	1690	121.4130573129	0.0292442304304422	0.999999999953877	0.0873622447812585	0.0873622448326188	0.00255484161742166	1730.89001088529	1732.89001088529	-1.99999999999886	BM	Cercopithecidae	OWM	Lemuridae	STR	order
Trachypithecus_cristatus	Eulemur_mongoz	6610	1630	121.4130573131	0.0292442304304422	0.999999999955524	0.0873622447811868	0.0873622448325472	0.00255484161741535	1730.89001088529	1732.89001088529	-1.99999999999886	BM	Cercopithecidae	OWM	Lemuridae	STR	order
Cercopithecus_neglectus	Eulemur_macaco	7350	2370	121.4130573137	0.0292442304304422	0.999999999960466	0.0873622447809719	0.0873622448323322	0.00255484161739644	1730.89001088529	1732.89001088529	-1.99999999999886	BM	Cercopithecidae	OWM	Lemuridae	STR	order
Alouatta_palliata	Eulemur_fulvus	7150	2180	121.4130573084	0.0291855070761642	0.999999999916813	0.087187519202035	0.0871875192532935	0.00254461195883587	1730.89001088529	1732.89001088529	-1.99999999999886	BM	Atelidae	PLA	Lemuridae	STR	order
Macaca_silenus	Pygathrix_nemaeus	8900	11000	38.5936741538	0.0123319043983792	0.317870869955594	0.0653990975522323	0.0653990975907486	0.00253717938629316	1730.89001088529	1732.89001088529	-1.99999999999886	BM	Cercopithecidae	OWM	Cercopithecidae	OWM	family
Macaca_silenus	Hylobates_lar	8900	5900	62.1515760377	0.0176170062833989	0.511901910802388	0.0735996207945458	0.0735996208378655	0.00253291686284372	1730.89001088529	1732.89001088529	-1.99999999999886	BM	Cercopithecidae	OWM	Hylobatidae	APE	order
Ateles_geoffroyi	Pygathrix_nemaeus	7450	11000	78.0653383518	0.0208467907686887	0.642973170068628	0.077697811608419	0.077697811654136	0.00251915647057686	1730.89001088529	1732.89001088529	-1.99999999999886	BM	Atelidae	PLA	Cercopithecidae	OWM	order
Ateles_geoffroyi	Cercocebus_torquatus	7450	11000	78.065338353	0.0208467907686887	0.642973170078512	0.0776978116078236	0.0776978116535407	0.00251915647051884	1730.89001088529	1732.89001088529	-1.99999999999886	BM	Atelidae	PLA	Cercopithecidae	OWM	order
Ateles_geoffroyi	Macaca_fuscata	7450	11000	78.0653383536	0.0208467907686887	0.642973170083454	0.077697811607526	0.0776978116532431	0.00251915647048983	1730.89001088529	1732.89001088529	-1.99999999999886	BM	Atelidae	PLA	Cercopithecidae	OWM	order
Ateles_geoffroyi	Macaca_mulatta	7450	11000	78.0653383537	0.0208467907686887	0.642973170084277	0.0776978116074764	0.0776978116531935	0.00251915647048499	1730.89001088529	1732.89001088529	-1.99999999999886	BM	Atelidae	PLA	Cercopithecidae	OWM	order
Allochrocebus_lhoesti	Avahi_laniger	5970	1030	121.4130573093	0.0290093370133302	0.999999999924226	0.0866633172044474	0.0866633172554002	0.00251404537566745	1730.89001088529	1732.89001088529	-1.99999999999886	BM	Cercopithecidae	OWM	Indriidae	STR	order
Alouatta_palliata	Lemur_catta	7150	2210	121.41305731	0.0290093370133302	0.999999999929991	0.0866633172041986	0.0866633172551513	0.00251404537564574	1730.89001088529	1732.89001088529	-1.99999999999886	BM	Atelidae	PLA	Lemuridae	STR	order
Cacajao_calvus	Cheracebus_torquatus	3450	1280	40.5832731743	0.0127429678783252	0.334257896725546	0.0659005756684428	0.0659005757072532	0.00251233830863128	1730.89001088529	1732.89001088529	-1.99999999999886	BM	Pitheciidae	PLA	Pitheciidae	PLA	family
Semnopithecus_vetulus	Propithecus_verreauxi	8170	3250	121.413057313	0.0288918903047742	0.9999999999547	0.0863138282431241	0.0863138282938729	0.00249376965749843	1730.89001088529	1732.89001088529	-1.99999999999886	BM	Cercopithecidae	OWM	Indriidae	STR	order
Trachypithecus_cristatus	Eulemur_coronatus	6610	1690	121.4130573132	0.0288918903047742	0.999999999956347	0.0863138282430532	0.0863138282938021	0.00249376965749227	1730.89001088529	1732.89001088529	-1.99999999999886	BM	Cercopithecidae	OWM	Lemuridae	STR	order
Cercopithecus_diana	Cheirogaleus_medius	5200	283	121.4130573127	0.0288742732984908	0.999999999952229	0.0862614034579703	0.0862614035086887	0.0024907353386758	1730.89001088529	1732.89001088529	-1.99999999999886	BM	Cercopithecidae	OWM	Cheirogaleidae	STR	order
Hylobates_lar	Hapalemur_griseus	5900	987	121.4130573185	0.0288507839567796	1	0.0861915031584372	0.0861915032091147	0.00248669243653416	1730.89001088529	1732.89001088529	-1.99999999999886	BM	Hylobatidae	APE	Lemuridae	STR	order
Saimiri_sciureus	Cercopithecus_cephus	779	4290	78.0653383467	0.0206177696870045	0.642973170026623	0.0768468889701236	0.0768468890153431	0.00246419529120198	1730.89001088529	1732.89001088529	-1.99999999999886	BM	Cebidae	PLA	Cercopithecidae	OWM	order
Saimiri_sciureus	Chlorocebus_pygerythrus	779	4290	78.0653383469	0.0206177696870045	0.64297317002827	0.0768468889700254	0.0768468890152449	0.00246419529119252	1730.89001088529	1732.89001088529	-1.99999999999886	BM	Cebidae	PLA	Cercopithecidae	OWM	order
Saimiri_oerstedii	Cercopithecus_petaurista	897	4400	78.0653383471	0.0205707910035821	0.642973170029917	0.0766723298326106	0.076672329877728	0.00245299578001203	1730.89001088529	1732.89001088529	-1.99999999999886	BM	Cebidae	PLA	Cercopithecidae	OWM	order
Hylobates_lar	Avahi_laniger	5900	1030	121.4130573127	0.0285982735333842	0.999999999952229	0.0854400329656966	0.0854400330159356	0.00244343743357108	1730.89001088529	1732.89001088529	-1.99999999999886	BM	Hylobatidae	APE	Indriidae	STR	order
Cercopithecus_pogonias	Cercopithecus_diana	4260	5200	13.5928258669	0.00551999530213166	0.111955222668039	0.0493507175482998	0.0493507175773926	0.00243325610481959	1730.89001088529	1732.89001088529	-1.99999999999886	BM	Cercopithecidae	OWM	Cercopithecidae	OWM	family
Cheracebus_torquatus	Cercopithecus_mona	1280	4768	78.0653383529	0.0204827059721651	0.642973170077688	0.0763450215011246	0.0763450215460507	0.00243206513213797	1730.89001088529	1732.89001088529	-1.99999999999886	BM	Pitheciidae	PLA	Cercopithecidae	OWM	order
Saimiri_sciureus	Cercopithecus_pogonias	779	4260	78.0653383466	0.0204415996241705	0.642973170025799	0.0761922731903055	0.0761922732351421	0.00242232804667285	1730.89001088529	1732.89001088529	-1.99999999999886	BM	Cebidae	PLA	Cercopithecidae	OWM	order
Alouatta_caraya	Colobus_polykomos	6420	9900	78.0653383562	0.0204357272887427	0.642973170104868	0.0761704517684545	0.0761704518132785	0.00242093862104167	1730.89001088529	1732.89001088529	-1.99999999999886	BM	Atelidae	PLA	Cercopithecidae	OWM	order
Aotus_trivirgatus	Cercopithecus_cephus	813	4290	78.0653383558	0.0204181102824593	0.642973170101574	0.0761049871732424	0.0761049872180282	0.00241677272615114	1730.89001088529	1732.89001088529	-1.99999999999886	BM	Aotidae	PLA	Cercopithecidae	OWM	order
Aotus_trivirgatus	Chlorocebus_pygerythrus	813	4290	78.065338356	0.0204181102824593	0.642973170103221	0.0761049871731452	0.0761049872179309	0.00241677272614186	1730.89001088529	1732.89001088529	-1.99999999999886	BM	Aotidae	PLA	Cercopithecidae	OWM	order
Alouatta_caraya	Macaca_nigra	6420	9890	78.0653383562	0.0203770039344647	0.642973170104868	0.0759522344466457	0.0759522344913421	0.00240706619204385	1730.89001088529	1732.89001088529	-1.99999999999886	BM	Atelidae	PLA	Cercopithecidae	OWM	order
Allenopithecus_nigroviridis	Semnopithecus_vetulus	6130	8170	38.59367415	0.0119795642727113	0.317870869924296	0.0635345644275739	0.0635345644649968	0.00239442009354334	1730.89001088529	1732.89001088529	-1.99999999999886	BM	Cercopithecidae	OWM	Cercopithecidae	OWM	family
Alouatta_palliata	Cercopithecus_ascanius	7150	3700	78.0653383557	0.0202595572259087	0.64297317010075	0.0755157826720199	0.075515782716461	0.00237944037425908	1730.89001088529	1732.89001088529	-1.99999999999886	BM	Atelidae	PLA	Cercopithecidae	OWM	order
Aotus_trivirgatus	Cercopithecus_pogonias	813	4260	78.0653383557	0.0202419402196253	0.64297317010075	0.0754503129418907	0.0754503129862936	0.00237531019199831	1730.89001088529	1732.89001088529	-1.99999999999886	BM	Aotidae	PLA	Cercopithecidae	OWM	order
Ateles_paniscus	Hylobates_klossii	9110	5670	78.0653383553	0.0202008338716307	0.642973170097455	0.0752975482518012	0.0752975482961145	0.00236568698962227	1730.89001088529	1732.89001088529	-1.99999999999886	BM	Atelidae	PLA	Hylobatidae	APE	order
Alouatta_caraya	Eulemur_mongoz	6420	1630	121.4130573092	0.0281284866991603	0.999999999923402	0.0840417461523896	0.0840417462018126	0.00236396713900277	1730.89001088529	1732.89001088529	-1.99999999999886	BM	Atelidae	PLA	Lemuridae	STR	order
Alouatta_palliata	Eulemur_macaco	7150	2370	121.4130573091	0.0280697633448823	0.999999999922578	0.0838669419254335	0.0838669419747547	0.00235412521248816	1730.89001088529	1732.89001088529	-1.99999999999886	BM	Atelidae	PLA	Lemuridae	STR	order
Macaca_fascicularis	Cercopithecus_ascanius	5360	3700	29.8369393143	0.0097480768101474	0.245747368308414	0.0588077903970711	0.0588077904317204	0.0023327324388933	1730.89001088529	1732.89001088529	-1.99999999999886	BM	Cercopithecidae	OWM	Cercopithecidae	OWM	family
Cercopithecus_neglectus	Allochrocebus_lhoesti	7350	5970	23.4097503939	0.0081038228903635	0.192810813852498	0.0551990381177341	0.0551990381502641	0.00232001110148701	1730.89001088529	1732.89001088529	-1.99999999999886	BM	Cercopithecidae	OWM	Cercopithecidae	OWM	family
Alouatta_caraya	Eulemur_coronatus	6420	1690	121.4130573093	0.0277761465734923	0.999999999924226	0.082992860127085	0.0829928601758958	0.00230522184761793	1730.89001088529	1732.89001088529	-1.99999999999886	BM	Atelidae	PLA	Lemuridae	STR	order
Saimiri_oerstedii	Cercopithecus_cephus	897	4290	78.0653383471	0.0199248341065242	0.642973170029917	0.0742717708415865	0.0742717708852996	0.0023015777046304	1730.89001088529	1732.89001088529	-1.99999999999886	BM	Cebidae	PLA	Cercopithecidae	OWM	order
Saimiri_oerstedii	Chlorocebus_pygerythrus	897	4290	78.0653383473	0.0199248341065242	0.642973170031564	0.0742717708414915	0.0742717708852048	0.00230157770462156	1730.89001088529	1732.89001088529	-1.99999999999886	BM	Cebidae	PLA	Cercopithecidae	OWM	order
Cercocebus_torquatus	Semnopithecus_entellus	11000	13000	38.5936741537	0.0117446708555993	0.31787086995477	0.0622913481047356	0.0622913481414293	0.00230153640925252	1730.89001088529	1732.89001088529	-1.99999999999886	BM	Cercopithecidae	OWM	Cercopithecidae	OWM	family
Macaca_fuscata	Semnopithecus_entellus	11000	13000	38.5936741543	0.0117446708555993	0.317870869959712	0.0622913481042523	0.0622913481409459	0.00230153640919888	1730.89001088529	1732.89001088529	-1.99999999999886	BM	Cercopithecidae	OWM	Cercopithecidae	OWM	family
Macaca_mulatta	Semnopithecus_entellus	11000	13000	38.5936741544	0.0117446708555993	0.317870869960536	0.0622913481041718	0.0622913481408654	0.00230153640918995	1730.89001088529	1732.89001088529	-1.99999999999886	BM	Cercopithecidae	OWM	Cercopithecidae	OWM	family
Cebus_olivaceus	Presbytis_comata	3290	6680	78.065338347	0.0199072171002408	0.642973170029094	0.0742062914769724	0.0742062915206474	0.0022975153917682	1730.89001088529	1732.89001088529	-1.99999999999886	BM	Cebidae	PLA	Cercopithecidae	OWM	order
Piliocolobus_badius	Colobus_angolensis	8360	9680	22.216371838	0.00775148276469552	0.182981734655774	0.0542001681724709	0.054200168204414	0.00229603064056017	1730.89001088529	1732.89001088529	-1.99999999999886	BM	Cercopithecidae	OWM	Cercopithecidae	OWM	family
Callithrix_jacchus	Cercopithecus_ascanius	317	3700	78.065338352	0.0198661107522462	0.642973170070275	0.0740535043363273	0.0740535043799128	0.002288050555168	1730.89001088529	1732.89001088529	-1.99999999999886	BM	Callitrichidae	PLA	Cercopithecidae	OWM	order
Alouatta_seniculus	Eulemur_rubriventer	6690	1980	121.4130573104	0.0276586998649363	0.999999999933286	0.0826431992544912	0.0826431993030977	0.00228580344421059	1730.89001088529	1732.89001088529	-1.99999999999886	BM	Atelidae	PLA	Lemuridae	STR	order
Cebus_olivaceus	Cercopithecus_nictitans	3290	6670	78.0653383478	0.0198484937459628	0.642973170035683	0.0739880232997967	0.0739880233433437	0.0022840001514537	1730.89001088529	1732.89001088529	-1.99999999999886	BM	Cebidae	PLA	Cercopithecidae	OWM	order
Plecturocebus_moloch	Cercopithecus_petaurista	1020	4400	78.0653383539	0.0198484937459628	0.642973170085924	0.0739880232969141	0.0739880233404613	0.00228400015118624	1730.89001088529	1732.89001088529	-1.99999999999886	BM	Pitheciidae	PLA	Cercopithecidae	OWM	order
Cercopithecus_cephus	Cercopithecus_diana	4290	5200	13.592825867	0.00534382523929767	0.111955222668862	0.0477776095564081	0.047777609584576	0.00228051170579158	1730.89001088529	1732.89001088529	-1.99999999999886	BM	Cercopithecidae	OWM	Cercopithecidae	OWM	family
Macaca_nigra	Trachypithecus_obscurus	9890	7900	38.5936741533	0.0116859475013213	0.317870869951476	0.0619805201780271	0.0619805202145383	0.00227860170079622	1730.89001088529	1732.89001088529	-1.99999999999886	BM	Cercopithecidae	OWM	Cercopithecidae	OWM	family
Presbytis_comata	Eulemur_rubriventer	6680	1980	121.413057313	0.0275999765106583	0.9999999999547	0.0824683628183073	0.0824683628668118	0.00227612487676084	1730.89001088529	1732.89001088529	-1.99999999999886	BM	Cercopithecidae	OWM	Lemuridae	STR	order
Cercopithecus_nictitans	Eulemur_rubriventer	6670	1980	121.4130573138	0.0275412531563803	0.999999999961289	0.0822935223944644	0.0822935224428668	0.00226646673348393	1730.89001088529	1732.89001088529	-1.99999999999886	BM	Cercopithecidae	OWM	Lemuridae	STR	order
Saimiri_oerstedii	Cercopithecus_pogonias	897	4260	78.065338347	0.0197486640436902	0.642973170029094	0.0736169546277325	0.0736169546710626	0.00226111535073367	1730.89001088529	1732.89001088529	-1.99999999999886	BM	Cebidae	PLA	Cercopithecidae	OWM	order
Cercopithecus_mona	Allenopithecus_nigroviridis	4768	6130	23.4097503896	0.0079981208526631	0.192810813817082	0.0544801780408679	0.0544801780729756	0.00225993054756175	1730.89001088529	1732.89001088529	-1.99999999999886	BM	Cercopithecidae	OWM	Cercopithecidae	OWM	family
Hylobates_klossii	Hapalemur_griseus	5670	987	121.4130573181	0.0275001468083857	0.999999999996705	0.0821711317279885	0.0821711317763196	0.00225971818593833	1730.89001088529	1732.89001088529	-1.99999999999886	BM	Hylobatidae	APE	Lemuridae	STR	order
Cercopithecus_mitis	Propithecus_verreauxi	7930	3250	121.4130573128	0.0274825298021023	0.999999999953053	0.0821186779913538	0.082118678039654	0.00225682901531257	1730.89001088529	1732.89001088529	-1.99999999999886	BM	Cercopithecidae	OWM	Indriidae	STR	order
Leontocebus_fuscicolis	Cercopithecus_ascanius	343	3700	78.065338352	0.0197134300311234	0.642973170070275	0.0734859853840677	0.073485985427321	0.00225306575541657	1730.89001088529	1732.89001088529	-1.99999999999886	BM	Callitrichidae	PLA	Cercopithecidae	OWM	order
Sapajus_apella	Cheracebus_torquatus	3650	1280	49.0936032023	0.0139174349638851	0.40435192298563	0.0654403780057642	0.0654403780443048	0.00225239983572342	1730.89001088529	1732.89001088529	-1.99999999999886	BM	Cebidae	PLA	Pitheciidae	PLA	superfamily
Semnopithecus_vetulus	Colobus_angolensis	8170	9680	27.017026324	0.00886722649597745	0.222521588045731	0.0562206695404067	0.0562206695735369	0.00224032829780018	1730.89001088529	1732.89001088529	-1.99999999999886	BM	Cercopithecidae	OWM	Cercopithecidae	OWM	family
Cercopithecus_mitis	Colobus_polykomos	7930	9900	38.5936741538	0.0115685007927653	0.317870869955594	0.0613588360372533	0.0613588360733998	0.0022330757877854	1730.89001088529	1732.89001088529	-1.99999999999886	BM	Cercopithecidae	OWM	Cercopithecidae	OWM	family
Trachypithecus_obscurus	Propithecus_verreauxi	7900	3250	121.4130573123	0.0273063597392683	0.999999999948935	0.0815941209858812	0.0815941210338753	0.00222803842036363	1730.89001088529	1732.89001088529	-1.99999999999886	BM	Cercopithecidae	OWM	Indriidae	STR	order
Hylobates_klossii	Avahi_laniger	5670	1030	121.4130573123	0.0272476363849903	0.999999999948935	0.0814192607468918	0.0814192607947836	0.00221848241167931	1730.89001088529	1732.89001088529	-1.99999999999886	BM	Hylobatidae	APE	Indriidae	STR	order
Trachypithecus_pileatus	Colobus_guereza	12000	13500	27.0170263241	0.00880850314169945	0.222521588046555	0.0558489579136991	0.0558489579466108	0.00221077750505958	1730.89001088529	1732.89001088529	-1.99999999999886	BM	Cercopithecidae	OWM	Cercopithecidae	OWM	family
Trachypithecus_cristatus	Eulemur_rubriventer	6610	1980	121.4130573141	0.0271889130307123	0.99999999996376	0.0812443965694101	0.0812443966171999	0.00220894683263845	1730.89001088529	1732.89001088529	-1.99999999999886	BM	Cercopithecidae	OWM	Lemuridae	STR	order
Cebus_olivaceus	Trachypithecus_cristatus	3290	6610	78.0653383481	0.0194961536202948	0.642973170038154	0.0726782978636646	0.0726782979064454	0.00220374243598293	1730.89001088529	1732.89001088529	-1.99999999999886	BM	Cebidae	PLA	Cercopithecidae	OWM	order
Ateles_paniscus	Erythrocebus_patas	9110	12400	78.065338353	0.0193199835574608	0.642973170078512	0.0720233610660042	0.0720233611084014	0.00216414963532359	1730.89001088529	1732.89001088529	-1.99999999999886	BM	Atelidae	PLA	Cercopithecidae	OWM	order
Saguinus_oedipus	Cercopithecus_ascanius	418	3700	78.0653383519	0.0192730048740384	0.642973170069452	0.0718487029949803	0.0718487030372752	0.00215365192122405	1730.89001088529	1732.89001088529	-1.99999999999886	BM	Callitrichidae	PLA	Cercopithecidae	OWM	order
Allochrocebus_lhoesti	Trachypithecus_obscurus	5970	7900	38.5936741526	0.0113336073756533	0.31787086994571	0.0601153559332259	0.0601153559686428	0.00214339817143734	1730.89001088529	1732.89001088529	-1.99999999999886	BM	Cercopithecidae	OWM	Cercopithecidae	OWM	family
Plecturocebus_moloch	Cercopithecus_cephus	1020	4290	78.0653383539	0.0192025368489048	0.642973170085924	0.0715867093988613	0.071586709441003	0.00213795301122716	1730.89001088529	1732.89001088529	-1.99999999999886	BM	Pitheciidae	PLA	Cercopithecidae	OWM	order
Plecturocebus_moloch	Chlorocebus_pygerythrus	1020	4290	78.0653383541	0.0192025368489048	0.642973170087571	0.07158670939877	0.0715867094409115	0.00213795301121896	1730.89001088529	1732.89001088529	-1.99999999999886	BM	Pitheciidae	PLA	Cercopithecidae	OWM	order
Alouatta_caraya	Colobus_angolensis	6420	9680	78.0653383562	0.0191438134946268	0.642973170104868	0.0713683754725435	0.0713683755145574	0.00212491427789753	1730.89001088529	1732.89001088529	-1.99999999999886	BM	Atelidae	PLA	Cercopithecidae	OWM	order
Nomascus_concolor	Propithecus_verreauxi	7790	3250	121.413057315	0.0266604028422103	0.999999999971173	0.0796704431579871	0.0796704432048572	0.00212404610927059	1730.89001088529	1732.89001088529	-1.99999999999886	BM	Hylobatidae	APE	Indriidae	STR	order
Cercopithecus_mona	Presbytis_comata	4768	6680	38.5936741526	0.0112279053379529	0.31787086994571	0.0595557418829107	0.059555741917999	0.00210364111787621	1730.89001088529	1732.89001088529	-1.99999999999886	BM	Cercopithecidae	OWM	Cercopithecidae	OWM	family
Plecturocebus_moloch	Cercopithecus_pogonias	1020	4260	78.0653383538	0.0190263667860708	0.642973170085101	0.0709316915210298	0.0709316915627878	0.00209895597892043	1730.89001088529	1732.89001088529	-1.99999999999886	BM	Pitheciidae	PLA	Cercopithecidae	OWM	order
Alouatta_seniculus	Eulemur_fulvus	6690	2180	121.4130573088	0.0264842327793764	0.999999999920108	0.0791457223505988	0.0791457223971622	0.00209611373439261	1730.89001088529	1732.89001088529	-1.99999999999886	BM	Atelidae	PLA	Lemuridae	STR	order
Propithecus_verreauxi	Cheirogaleus_medius	3250	283	69.529333389	0.0174232192142815	0.572667676151218	0.0688321671880869	0.0688321672286152	0.002094195268663	1730.89001088529	1732.89001088529	-1.99999999999886	BM	Indriidae	STR	Cheirogaleidae	STR	superfamily
Allenopithecus_nigroviridis	Eulemur_mongoz	6130	1630	121.413057309	0.0264255094250984	0.999999999921755	0.0789708077455191	0.0789708077919804	0.00208684382455013	1730.89001088529	1732.89001088529	-1.99999999999886	BM	Cercopithecidae	OWM	Lemuridae	STR	order
Presbytis_comata	Eulemur_fulvus	6680	2180	121.4130573114	0.0264255094250984	0.999999999941522	0.0789708077447413	0.0789708077912024	0.00208684382448833	1730.89001088529	1732.89001088529	-1.99999999999886	BM	Cercopithecidae	OWM	Lemuridae	STR	order
Cacajao_calvus	Presbytis_comata	3450	6680	78.065338352	0.0189676434317928	0.642973170070275	0.0707133415272043	0.0707133415688345	0.00208603641705921	1730.89001088529	1732.89001088529	-1.99999999999886	BM	Pitheciidae	PLA	Cercopithecidae	OWM	order
Cercopithecus_nictitans	Eulemur_fulvus	6670	2180	121.4130573122	0.0263667860708204	0.999999999948111	0.0787958893192072	0.0787958893655662	0.00207759435704738	1730.89001088529	1732.89001088529	-1.99999999999886	BM	Cercopithecidae	OWM	Lemuridae	STR	order
Macaca_tonkeana	Semnopithecus_entellus	14900	13000	38.5936741537	0.0111574373128193	0.31787086995477	0.0591826494939774	0.0591826495288467	0.00207734260717117	1730.89001088529	1732.89001088529	-1.99999999999886	BM	Cercopithecidae	OWM	Cercopithecidae	OWM	family
Cacajao_calvus	Cercopithecus_nictitans	3450	6670	78.0653383528	0.0189089200775148	0.642973170076864	0.0704949862084488	0.070494986249951	0.00207315658275712	1730.89001088529	1732.89001088529	-1.99999999999886	BM	Pitheciidae	PLA	Cercopithecidae	OWM	order
Cercopithecus_mona	Cheirogaleus_medius	4768	283	121.4130573116	0.0263374243936814	0.999999999943169	0.0787084286767922	0.0787084287231001	0.00207297728953829	1730.89001088529	1732.89001088529	-1.99999999999886	BM	Cercopithecidae	OWM	Cheirogaleidae	STR	order
Alouatta_seniculus	Lemur_catta	6690	2210	121.4130573104	0.0263080627165424	0.999999999933286	0.0786209670826573	0.078620967128914	0.00206836533298375	1730.89001088529	1732.89001088529	-1.99999999999886	BM	Atelidae	PLA	Lemuridae	STR	order
Cebus_olivaceus	Plecturocebus_moloch	3290	1020	49.0936032022	0.0133302014211052	0.404351922984806	0.0626849939680485	0.0626849940049731	0.0020665255886671	1730.89001088529	1732.89001088529	-1.99999999999886	BM	Cebidae	PLA	Pitheciidae	PLA	superfamily
Ateles_paniscus	Hylobates_lar	9110	5900	78.0653383557	0.0188501967232368	0.64297317010075	0.0702766255813512	0.0702766256227256	0.00206031647797396	1730.89001088529	1732.89001088529	-1.99999999999886	BM	Atelidae	PLA	Hylobatidae	APE	order
Alouatta_seniculus	Colobus_polykomos	6690	9900	78.0653383564	0.0188501967232368	0.642973170106515	0.0702766255810369	0.0702766256224113	0.00206031647794627	1730.89001088529	1732.89001088529	-1.99999999999886	BM	Atelidae	PLA	Cercopithecidae	OWM	order
Presbytis_comata	Lemur_catta	6680	2210	121.413057313	0.0262493393622644	0.9999999999547	0.0784460410412388	0.0784460410873933	0.00205915675301088	1730.89001088529	1732.89001088529	-1.99999999999886	BM	Cercopithecidae	OWM	Lemuridae	STR	order
Cercopithecus_nictitans	Lemur_catta	6670	2210	121.4130573138	0.0261906160079864	0.999999999961289	0.0782711112053607	0.078271111251413	0.00204996861817736	1730.89001088529	1732.89001088529	-1.99999999999886	BM	Cercopithecidae	OWM	Lemuridae	STR	order
Alouatta_seniculus	Macaca_nigra	6690	9890	78.0653383564	0.0187914733689588	0.642973170106516	0.0700582596641992	0.0700582597054458	0.00204751610481245	1730.89001088529	1732.89001088529	-1.99999999999886	BM	Atelidae	PLA	Cercopithecidae	OWM	order
Trachypithecus_francoisi	Propithecus_verreauxi	7700	3250	121.4130573132	0.0261318926537084	0.999999999956347	0.0780961775832987	0.0780961776292488	0.00204080092936079	1730.89001088529	1732.89001088529	-1.99999999999886	BM	Cercopithecidae	OWM	Indriidae	STR	order
Piliocolobus_badius	Hylobates_klossii	8360	5670	62.1515760363	0.015796582300781	0.511901910790857	0.066012705022204	0.06601270506108	0.00203706043247505	1730.89001088529	1732.89001088529	-1.99999999999886	BM	Cercopithecidae	OWM	Hylobatidae	APE	order
Ateles_geoffroyi	Cercopithecus_pogonias	7450	4260	78.0653383526	0.0187327500146808	0.642973170075217	0.0698398884743653	0.0698398885154839	0.00203475546528703	1730.89001088529	1732.89001088529	-1.99999999999886	BM	Atelidae	PLA	Cercopithecidae	OWM	order
Macaca_silenus	Cercopithecus_neglectus	8900	7350	29.8369393156	0.00910211991308944	0.245747368319121	0.0549172667937163	0.0549172668260808	0.00203405452955419	1730.89001088529	1732.89001088529	-1.99999999999886	BM	Cercopithecidae	OWM	Cercopithecidae	OWM	family
Allenopithecus_nigroviridis	Eulemur_coronatus	6130	1690	121.4130573091	0.0260731692994304	0.999999999922578	0.0779212401841302	0.077921240229978	0.0020316536874997	1730.89001088529	1732.89001088529	-1.99999999999886	BM	Cercopithecidae	OWM	Lemuridae	STR	order
Alouatta_caraya	Eulemur_rubriventer	6420	1980	121.4130573102	0.0260731692994304	0.999999999931638	0.0779212401837783	0.0779212402296262	0.00203165368747212	1730.89001088529	1732.89001088529	-1.99999999999886	BM	Atelidae	PLA	Lemuridae	STR	order
Saguinus_midas	Cercopithecus_ascanius	515	3700	78.0653383528	0.0187033883375418	0.642973170076864	0.0697307009056109	0.0697307009466656	0.00202839004608965	1730.89001088529	1732.89001088529	-1.99999999999886	BM	Callitrichidae	PLA	Cercopithecidae	OWM	order
Trachypithecus_cristatus	Eulemur_fulvus	6610	2180	121.4130573125	0.0260144459451524	0.999999999950582	0.077746299012746	0.0777462990584914	0.00202252689320268	1730.89001088529	1732.89001088529	-1.99999999999886	BM	Cercopithecidae	OWM	Lemuridae	STR	order
Cercopithecus_pogonias	Cercopithecus_mona	4260	4768	6.78289012	0.00298314639732221	0.0558662327578706	0.0377651970901565	0.0377651971124314	0.00201658687336121	1730.89001088529	1732.89001088529	-1.99999999999886	BM	Cercopithecidae	OWM	Cercopithecidae	OWM	family
Ateles_geoffroyi	Cercopithecus_cephus	7450	4290	78.0653383527	0.0185565799518468	0.642973170076041	0.0691847434151389	0.0691847434558737	0.00199671196619169	1730.89001088529	1732.89001088529	-1.99999999999886	BM	Atelidae	PLA	Cercopithecidae	OWM	order
Ateles_geoffroyi	Chlorocebus_pygerythrus	7450	4290	78.0653383529	0.0185565799518468	0.642973170077688	0.0691847434150503	0.0691847434557852	0.00199671196618402	1730.89001088529	1732.89001088529	-1.99999999999886	BM	Atelidae	PLA	Cercopithecidae	OWM	order
Cacajao_calvus	Trachypithecus_cristatus	3450	6610	78.0653383531	0.0185565799518468	0.642973170079336	0.069184743414962	0.0691847434556968	0.00199671196617635	1730.89001088529	1732.89001088529	-1.99999999999886	BM	Pitheciidae	PLA	Cercopithecidae	OWM	order
Trachypithecus_cristatus	Lemur_catta	6610	2210	121.4130573141	0.0258382758823184	0.99999999996376	0.0772214529665505	0.077221453011989	0.00199526920585552	1730.89001088529	1732.89001088529	-1.99999999999886	BM	Cercopithecidae	OWM	Lemuridae	STR	order
Ateles_paniscus	Allochrocebus_lhoesti	9110	5970	78.0653383523	0.0184391332432909	0.642973170072746	0.0687479539689705	0.0687479540094495	0.00197154833582566	1730.89001088529	1732.89001088529	-1.99999999999886	BM	Atelidae	PLA	Cercopithecidae	OWM	order
Macaca_fascicularis	Hapalemur_griseus	5360	987	121.4130573164	0.0256797228257678	0.999999999982704	0.0767490627683768	0.0767490628135391	0.00197089465906346	1730.89001088529	1732.89001088529	-1.99999999999886	BM	Cercopithecidae	OWM	Lemuridae	STR	order
Cercopithecus_mona	Trachypithecus_cristatus	4768	6610	38.5936741537	0.0108168418580069	0.31787086995477	0.0573791879866135	0.057379188020424	0.00195255891953976	1730.89001088529	1732.89001088529	-1.99999999999886	BM	Cercopithecidae	OWM	Cercopithecidae	OWM	family
Alouatta_palliata	Alouatta_caraya	7150	6420	11.2380789202	0.00428680486229373	0.0925607110833179	0.0421572517320603	0.0421572517569212	0.00195244731366922	1730.89001088529	1732.89001088529	-1.99999999999886	BM	Atelidae	PLA	Atelidae	PLA	family
Cheracebus_torquatus	Cercopithecus_petaurista	1280	4400	78.065338353	0.0183216865347349	0.642973170078512	0.0683111438161835	0.0683111438564066	0.00194654368498219	1730.89001088529	1732.89001088529	-1.99999999999886	BM	Pitheciidae	PLA	Cercopithecidae	OWM	order
Allochrocebus_lhoesti	Eulemur_mongoz	5970	1630	121.4130573123	0.0254859357566504	0.999999999948935	0.0761716602261759	0.0761716602710005	0.00194130603910086	1730.89001088529	1732.89001088529	-1.99999999999886	BM	Cercopithecidae	OWM	Lemuridae	STR	order
Macaca_fascicularis	Avahi_laniger	5360	1030	121.4130573106	0.0254272124023724	0.999999999934933	0.075996681820866	0.0759966818655884	0.00193238377066041	1730.89001088529	1732.89001088529	-1.99999999999886	BM	Cercopithecidae	OWM	Indriidae	STR	order
Alouatta_seniculus	Eulemur_macaco	6690	2370	121.4130573095	0.0253684890480944	0.999999999925873	0.0758216997380864	0.0758216997827064	0.00192348195955613	1730.89001088529	1732.89001088529	-1.99999999999886	BM	Atelidae	PLA	Lemuridae	STR	order
Presbytis_comata	Eulemur_macaco	6680	2370	121.4130573121	0.0253097656938164	0.999999999947287	0.0756467139852909	0.0756467140298085	0.00191460060657578	1730.89001088529	1732.89001088529	-1.99999999999886	BM	Cercopithecidae	OWM	Lemuridae	STR	order
Cercopithecus_nictitans	Eulemur_macaco	6670	2370	121.4130573129	0.0252510423395384	0.999999999953877	0.075471724572608	0.0754717246170233	0.00190573971270881	1730.89001088529	1732.89001088529	-1.99999999999886	BM	Cercopithecidae	OWM	Lemuridae	STR	order
Cercopithecus_diana	Nomascus_concolor	5200	7790	62.1515760367	0.0152093487580011	0.511901910794152	0.0635639996559903	0.0635639996934304	0.00188857868829127	1730.89001088529	1732.89001088529	-1.99999999999886	BM	Cercopithecidae	OWM	Hylobatidae	APE	order
Allochrocebus_lhoesti	Eulemur_coronatus	5970	1690	121.4130573124	0.0251335956309824	0.999999999949758	0.0751217348002132	0.0751217348444237	0.00188807930566132	1730.89001088529	1732.89001088529	-1.99999999999886	BM	Cercopithecidae	OWM	Lemuridae	STR	order
Trachypithecus_francoisi	Presbytis_comata	7700	6680	17.9572585532	0.00598978213635563	0.147902202199662	0.0465940839755814	0.046594084003053	0.00188697942090161	1730.89001088529	1732.89001088529	-1.99999999999886	BM	Cercopithecidae	OWM	Cercopithecidae	OWM	family
Hylobates_lar	Eulemur_mongoz	5900	1630	121.4130573157	0.0250748722767044	0.999999999976938	0.0749467344559179	0.0749467345000259	0.00187927979408156	1730.89001088529	1732.89001088529	-1.99999999999886	BM	Hylobatidae	APE	Lemuridae	STR	order
Macaca_nemestrina	Semnopithecus_entellus	11200	13000	38.5936741542	0.0105702037700393	0.317870869958889	0.0560730489093276	0.0560730489423711	0.00186460480966888	1730.89001088529	1732.89001088529	-1.99999999999886	BM	Cercopithecidae	OWM	Cercopithecidae	OWM	family
Ateles_geoffroyi	Cercopithecus_petaurista	7450	4400	78.0653383527	0.0179106230547889	0.642973170076041	0.0667821471120474	0.0667821471513744	0.00186027958767219	1730.89001088529	1732.89001088529	-1.99999999999886	BM	Atelidae	PLA	Cercopithecidae	OWM	order
Alouatta_caraya	Eulemur_fulvus	6420	2180	121.4130573086	0.0248987022138705	0.99999999991846	0.0744217117012541	0.0744217117450551	0.00185300403804714	1730.89001088529	1732.89001088529	-1.99999999999886	BM	Atelidae	PLA	Lemuridae	STR	order
Trachypithecus_cristatus	Eulemur_macaco	6610	2370	121.4130573132	0.0248987022138705	0.999999999956347	0.0744217116998484	0.0744217117436493	0.00185300403794193	1730.89001088529	1732.89001088529	-1.99999999999886	BM	Cercopithecidae	OWM	Lemuridae	STR	order
Trachypithecus_pileatus	Pygathrix_nemaeus	12000	11000	17.7111143209	0.00587233542779964	0.145874873033127	0.0459974729983872	0.0459974730255078	0.0018516731816887	1730.89001088529	1732.89001088529	-1.99999999999886	BM	Cercopithecidae	OWM	Cercopithecidae	OWM	family
Sapajus_apella	Presbytis_comata	3650	6680	78.065338348	0.0177931763462329	0.64297317003733	0.0663452454042738	0.0663452454433448	0.00183599052996846	1730.89001088529	1732.89001088529	-1.99999999999886	BM	Cebidae	PLA	Cercopithecidae	OWM	order
Cercopithecus_diana	Hapalemur_griseus	5200	987	121.4130573165	0.0247401491573199	0.999999999983528	0.0739491634975062	0.0739491635410305	0.00182951333501747	1730.89001088529	1732.89001088529	-1.99999999999886	BM	Cercopithecidae	OWM	Lemuridae	STR	order
Alouatta_caraya	Lemur_catta	6420	2210	121.4130573102	0.0247225321510365	0.999999999931638	0.073896656530229	0.0738966565737227	0.00182691246704758	1730.89001088529	1732.89001088529	-1.99999999999886	BM	Atelidae	PLA	Lemuridae	STR	order
Hylobates_lar	Eulemur_coronatus	5900	1690	121.4130573158	0.0247225321510365	0.999999999977762	0.0738966565285298	0.0738966565720234	0.0018269124669213	1730.89001088529	1732.89001088529	-1.99999999999886	BM	Hylobatidae	APE	Lemuridae	STR	order
Sapajus_apella	Cercopithecus_nictitans	3650	6670	78.0653383488	0.0177344529919549	0.642973170043919	0.0661267870461529	0.0661267870850957	0.00182390564803646	1730.89001088529	1732.89001088529	-1.99999999999886	BM	Cebidae	PLA	Cercopithecidae	OWM	order
Ateles_geoffroyi	Propithecus_verreauxi	7450	3250	121.413057306	0.0246638087967585	0.999999999897046	0.0737216309775752	0.0737216310209666	0.0018182562108033	1730.89001088529	1732.89001088529	-1.99999999999886	BM	Atelidae	PLA	Indriidae	STR	order
Cercopithecus_neglectus	Allenopithecus_nigroviridis	7350	6130	23.4097503906	0.00716424922191556	0.192810813825318	0.048807662266613	0.0488076622953863	0.00181354069037793	1730.89001088529	1732.89001088529	-1.99999999999886	BM	Cercopithecidae	OWM	Cercopithecidae	OWM	family
Cheracebus_torquatus	Cercopithecus_cephus	1280	4290	78.065338353	0.0176757296376769	0.642973170078512	0.0659083237065078	0.0659083237453227	0.00181186053310198	1730.89001088529	1732.89001088529	-1.99999999999886	BM	Pitheciidae	PLA	Cercopithecidae	OWM	order
Cheracebus_torquatus	Chlorocebus_pygerythrus	1280	4290	78.0653383532	0.0176757296376769	0.642973170080159	0.0659083237064235	0.0659083237452383	0.00181186053309502	1730.89001088529	1732.89001088529	-1.99999999999886	BM	Pitheciidae	PLA	Cercopithecidae	OWM	order
Allenopithecus_nigroviridis	Trachypithecus_obscurus	6130	7900	38.5936741493	0.0103940337072054	0.31787086991853	0.05513999991268	0.0551399999451755	0.0018030183698638	1730.89001088529	1732.89001088529	-1.99999999999886	BM	Cercopithecidae	OWM	Cercopithecidae	OWM	family
Cercopithecus_diana	Avahi_laniger	5200	1030	121.4130573107	0.0244876387339245	0.999999999935757	0.0731965329410445	0.0731965329841284	0.00179241025535125	1730.89001088529	1732.89001088529	-1.99999999999886	BM	Cercopithecidae	OWM	Indriidae	STR	order
Alouatta_seniculus	Cercopithecus_ascanius	6690	3700	78.0653383561	0.0175582829291209	0.642973170104045	0.0654713821546983	0.0654713821932569	0.00178788961201409	1730.89001088529	1732.89001088529	-1.99999999999886	BM	Atelidae	PLA	Cercopithecidae	OWM	order
Alouatta_seniculus	Colobus_angolensis	6690	9680	78.0653383564	0.0175582829291209	0.642973170106515	0.0654713821545728	0.0654713821931314	0.00178788961200379	1730.89001088529	1732.89001088529	-1.99999999999886	BM	Atelidae	PLA	Cercopithecidae	OWM	order
Ateles_paniscus	Allenopithecus_nigroviridis	9110	6130	78.065338349	0.0174995595748429	0.642973170045566	0.0652529039777793	0.0652529040162098	0.00177596380967145	1730.89001088529	1732.89001088529	-1.99999999999886	BM	Atelidae	PLA	Cercopithecidae	OWM	order
Cheracebus_torquatus	Cercopithecus_pogonias	1280	4260	78.0653383529	0.0174995595748429	0.642973170077688	0.0652529039761529	0.0652529040145835	0.00177596380953846	1730.89001088529	1732.89001088529	-1.99999999999886	BM	Pitheciidae	PLA	Cercopithecidae	OWM	order
Allenopithecus_nigroviridis	Eulemur_rubriventer	6130	1980	121.41305731	0.0243701920253685	0.999999999929991	0.0728464498576342	0.0728464499005133	0.00177528197152121	1730.89001088529	1732.89001088529	-1.99999999999886	BM	Cercopithecidae	OWM	Lemuridae	STR	order
Cercopithecus_petaurista	Cercopithecus_diana	4400	5200	13.592825867	0.00469786834223971	0.111955222668862	0.0420080005032407	0.0420080005280136	0.00176274095107358	1730.89001088529	1732.89001088529	-1.99999999999886	BM	Cercopithecidae	OWM	Cercopithecidae	OWM	family
Cercopithecus_mitis	Colobus_angolensis	7930	9680	38.5936741538	0.0102765869986494	0.317870869955594	0.0545179251355032	0.054517925167633	0.0017625339519759	1730.89001088529	1732.89001088529	-1.99999999999886	BM	Cercopithecidae	OWM	Cercopithecidae	OWM	family
Cercopithecus_mona	Allochrocebus_lhoesti	4768	5970	23.4097503929	0.00705854718421516	0.192810813844262	0.0480884283111982	0.0480884283395487	0.00176045333496445	1730.89001088529	1732.89001088529	-1.99999999999886	BM	Cercopithecidae	OWM	Cercopithecidae	OWM	family
Semnopithecus_vetulus	Hylobates_klossii	8170	5670	62.1515760363	0.0146808385694991	0.511901910790857	0.061359649985198	0.0613596500213451	0.0017597338418252	1730.89001088529	1732.89001088529	-1.99999999999886	BM	Cercopithecidae	OWM	Hylobatidae	APE	order
Sapajus_apella	Trachypithecus_cristatus	3650	6610	78.0653383491	0.0173821128662869	0.64297317004639	0.0648159328906068	0.0648159329287812	0.00175223152928282	1730.89001088529	1732.89001088529	-1.99999999999886	BM	Cebidae	PLA	Cercopithecidae	OWM	order
Cercopithecus_petaurista	Cheirogaleus_medius	4400	283	121.4130573117	0.0241764049562511	0.999999999943993	0.0722687819686609	0.0722687820112018	0.00174719933866722	1730.89001088529	1732.89001088529	-1.99999999999886	BM	Cercopithecidae	OWM	Cheirogaleidae	STR	order
Cercopithecus_neglectus	Propithecus_verreauxi	7350	3250	121.4130573136	0.0240765752539785	0.999999999959642	0.0719711805948612	0.0719711806372279	0.00173281954577979	1730.89001088529	1732.89001088529	-1.99999999999886	BM	Cercopithecidae	OWM	Indriidae	STR	order
Allochrocebus_lhoesti	Trachypithecus_francoisi	5970	7700	38.5936741535	0.0101591402900934	0.317870869953123	0.0538958171171269	0.0538958171488914	0.00172250815943862	1730.89001088529	1732.89001088529	-1.99999999999886	BM	Cercopithecidae	OWM	Cercopithecidae	OWM	family
Pygathrix_nemaeus	Colobus_angolensis	11000	9680	27.0170263228	0.00775148276469552	0.222521588035848	0.0491561472538152	0.0491561472827937	0.00171234185222245	1730.89001088529	1732.89001088529	-1.99999999999886	BM	Cercopithecidae	OWM	Cercopithecidae	OWM	family
Saimiri_sciureus	Cercopithecus_ascanius	779	3700	78.0653383467	0.0171530917846027	0.642973170026623	0.0639637832258137	0.0639637832634883	0.00170641124032809	1730.89001088529	1732.89001088529	-1.99999999999886	BM	Cebidae	PLA	Cercopithecidae	OWM	order
Piliocolobus_badius	Hylobates_lar	8360	5900	62.1515760367	0.0144459451523871	0.511901910794152	0.0603797870600981	0.06037978709567	0.00170392622842492	1730.89001088529	1732.89001088529	-1.99999999999886	BM	Cercopithecidae	OWM	Hylobatidae	APE	order
Macaca_nigra	Semnopithecus_vetulus	9890	8170	38.593674154	0.0101004169358154	0.317870869957241	0.0535847507589375	0.0535847507905192	0.00170266726277819	1730.89001088529	1732.89001088529	-1.99999999999886	BM	Cercopithecidae	OWM	Cercopithecidae	OWM	family
Alouatta_caraya	Eulemur_macaco	6420	2370	121.4130573093	0.0237829584825885	0.999999999924226	0.0710958242446879	0.0710958242865421	0.00169086903642495	1730.89001088529	1732.89001088529	-1.99999999999886	BM	Atelidae	PLA	Lemuridae	STR	order
Hylobates_klossii	Eulemur_mongoz	5670	1630	121.4130573153	0.0237242351283105	0.999999999973644	0.0709207426145914	0.0709207426563429	0.0016825403733073	1730.89001088529	1732.89001088529	-1.99999999999886	BM	Hylobatidae	APE	Lemuridae	STR	order
Ateles_paniscus	Trachypithecus_pileatus	9110	12000	78.0653383531	0.0169710493863409	0.642973170079336	0.0632863811671659	0.0632863812044432	0.0016704216447138	1730.89001088529	1732.89001088529	-1.99999999999886	BM	Atelidae	PLA	Cercopithecidae	OWM	order
Alouatta_palliata	Cercopithecus_pogonias	7150	4260	78.0653383556	0.0169710493863409	0.642973170099926	0.0632863811661546	0.063286381203432	0.00167042164463361	1730.89001088529	1732.89001088529	-1.99999999999886	BM	Atelidae	PLA	Cercopithecidae	OWM	order
Aotus_trivirgatus	Cercopithecus_ascanius	813	3700	78.0653383558	0.0169534323800575	0.642973170101574	0.0632208236893709	0.0632208237266097	0.00166695907274011	1730.89001088529	1732.89001088529	-1.99999999999886	BM	Aotidae	PLA	Cercopithecidae	OWM	order
Macaca_fascicularis	Nomascus_concolor	5360	7790	62.1515760366	0.0142697750895531	0.511901910793328	0.0596448297909143	0.0596448298260551	0.0016626589751384	1730.89001088529	1732.89001088529	-1.99999999999886	BM	Cercopithecidae	OWM	Hylobatidae	APE	order
Cercocebus_torquatus	Erythrocebus_patas	11000	12400	29.836939314	0.00822126959891949	0.245747368305943	0.0496099138062085	0.0496099138354538	0.00165965755398136	1730.89001088529	1732.89001088529	-1.99999999999886	BM	Cercopithecidae	OWM	Cercopithecidae	OWM	family
Macaca_fuscata	Erythrocebus_patas	11000	12400	29.8369393146	0.00822126959891949	0.245747368310885	0.0496099138057103	0.0496099138349556	0.00165965755393132	1730.89001088529	1732.89001088529	-1.99999999999886	BM	Cercopithecidae	OWM	Cercopithecidae	OWM	family
Macaca_mulatta	Erythrocebus_patas	11000	12400	29.8369393147	0.00822126959891949	0.245747368311709	0.0496099138056273	0.0496099138348725	0.00165965755392298	1730.89001088529	1732.89001088529	-1.99999999999886	BM	Cercopithecidae	OWM	Cercopithecidae	OWM	family
Cercopithecus_cephus	Cheirogaleus_medius	4290	283	121.4130573117	0.0235304480591931	0.999999999943993	0.0703429489306917	0.070342948972105	0.00165520110623682	1730.89001088529	1732.89001088529	-1.99999999999886	BM	Cercopithecidae	OWM	Cheirogaleidae	STR	order
Chlorocebus_pygerythrus	Cheirogaleus_medius	4290	283	121.4130573119	0.0235304480591931	0.99999999994564	0.070342948930634	0.0703429489720473	0.00165520110623274	1730.89001088529	1732.89001088529	-1.99999999999886	BM	Cercopithecidae	OWM	Cheirogaleidae	STR	order
Cercopithecus_nictitans	Piliocolobus_badius	6670	8360	38.5936741538	0.00992424687298138	0.317870869955594	0.0526515028587225	0.0526515028897556	0.00164383264398038	1730.89001088529	1732.89001088529	-1.99999999999886	BM	Cercopithecidae	OWM	Cercopithecidae	OWM	family
Allochrocebus_lhoesti	Eulemur_rubriventer	5970	1980	121.4130573133	0.0234306183569205	0.999999999957171	0.0700452831467944	0.0700452831880334	0.00164120429718527	1730.89001088529	1732.89001088529	-1.99999999999886	BM	Cercopithecidae	OWM	Lemuridae	STR	order
Alouatta_palliata	Cercopithecus_cephus	7150	4290	78.0653383557	0.016794879323507	0.64297317010075	0.0626307871653496	0.0626307872022424	0.00163595708389119	1730.89001088529	1732.89001088529	-1.99999999999886	BM	Atelidae	PLA	Cercopithecidae	OWM	order
Alouatta_palliata	Chlorocebus_pygerythrus	7150	4290	78.0653383559	0.016794879323507	0.642973170102397	0.0626307871652696	0.0626307872021623	0.00163595708388491	1730.89001088529	1732.89001088529	-1.99999999999886	BM	Atelidae	PLA	Cercopithecidae	OWM	order
Hylobates_klossii	Eulemur_coronatus	5670	1690	121.4130573154	0.0233718950026425	0.999999999974467	0.0698701810462064	0.0698701810873428	0.00163299853526926	1730.89001088529	1732.89001088529	-1.99999999999886	BM	Hylobatidae	APE	Lemuridae	STR	order
Cercopithecus_pogonias	Cheirogaleus_medius	4260	283	121.4130573116	0.0233542779963592	0.999999999943169	0.069817649757344	0.0698176497984496	0.00163054080157811	1730.89001088529	1732.89001088529	-1.99999999999886	BM	Cercopithecidae	OWM	Cheirogaleidae	STR	order
Cebus_olivaceus	Cheracebus_torquatus	3290	1280	49.0936032013	0.0118033942098773	0.404351922977394	0.0555175635542594	0.0555175635869766	0.001620607324871	1730.89001088529	1732.89001088529	-1.99999999999886	BM	Cebidae	PLA	Pitheciidae	PLA	superfamily
Cebus_olivaceus	Allenopithecus_nigroviridis	3290	6130	78.065338344	0.016677432614951	0.642973170004385	0.0621937008858873	0.0621937009225237	0.00161317968460757	1730.89001088529	1732.89001088529	-1.99999999999886	BM	Cebidae	PLA	Cercopithecidae	OWM	order
Allenopithecus_nigroviridis	Eulemur_fulvus	6130	2180	121.4130573084	0.0231957249398086	0.999999999916813	0.069344854487419	0.0693448545282477	0.00160850417081503	1730.89001088529	1732.89001088529	-1.99999999999886	BM	Cercopithecidae	OWM	Lemuridae	STR	order
Macaca_nigra	Cercocebus_torquatus	9890	11000	22.401646142	0.0065182923248576	0.184507718006263	0.0453989866220167	0.0453989866487852	0.00160385630071345	1730.89001088529	1732.89001088529	-1.99999999999886	BM	Cercopithecidae	OWM	Cercopithecidae	OWM	family
Allenopithecus_nigroviridis	Lemur_catta	6130	2210	121.41305731	0.0230195548769746	0.999999999929991	0.068819497712044	0.068819497752565	0.00158419420429913	1730.89001088529	1732.89001088529	-1.99999999999886	BM	Cercopithecidae	OWM	Lemuridae	STR	order
Hylobates_lar	Eulemur_rubriventer	5900	1980	121.4130573167	0.0230195548769746	0.999999999985175	0.0688194977101499	0.0688194977506708	0.00158419420416811	1730.89001088529	1732.89001088529	-1.99999999999886	BM	Hylobatidae	APE	Lemuridae	STR	order
Saimiri_oerstedii	Cercopithecus_ascanius	897	3700	78.0653383471	0.0164601562041224	0.642973170029917	0.0613850419522672	0.0613850419884291	0.00157146118411739	1730.89001088529	1732.89001088529	-1.99999999999886	BM	Cebidae	PLA	Cercopithecidae	OWM	order
Lemur_catta	Hapalemur_griseus	2210	987	25.8477057818	0.00718186622819895	0.21289065898402	0.0465657263204312	0.046565726347886	0.00157089474403554	1730.89001088529	1732.89001088529	-1.99999999999886	BM	Lemuridae	STR	Lemuridae	STR	family
Alouatta_palliata	Propithecus_verreauxi	7150	3250	121.413057309	0.0229021081684186	0.999999999921755	0.068469243189224	0.0684692432295396	0.00156809001385206	1730.89001088529	1732.89001088529	-1.99999999999886	BM	Atelidae	PLA	Indriidae	STR	order
Alouatta_palliata	Cercopithecus_petaurista	7150	4400	78.0653383557	0.016148922426449	0.64297317010075	0.0602265825827626	0.0602265826182447	0.00151265162430768	1730.89001088529	1732.89001088529	-1.99999999999886	BM	Atelidae	PLA	Cercopithecidae	OWM	order
Alouatta_palliata	Colobus_polykomos	7150	9900	78.065338356	0.016148922426449	0.642973170103221	0.0602265825826471	0.0602265826181292	0.00151265162429897	1730.89001088529	1732.89001088529	-1.99999999999886	BM	Atelidae	PLA	Cercopithecidae	OWM	order
Alouatta_palliata	Macaca_nigra	7150	9890	78.065338356	0.016090199072171	0.642973170103221	0.0600079909764967	0.0600079910118505	0.00150168088752112	1730.89001088529	1732.89001088529	-1.99999999999886	BM	Atelidae	PLA	Cercopithecidae	OWM	order
Allochrocebus_lhoesti	Eulemur_fulvus	5970	2180	121.4130573117	0.0222561512713606	0.999999999943993	0.0665426081028375	0.0665426081420242	0.00148098235201056	1730.89001088529	1732.89001088529	-1.99999999999886	BM	Cercopithecidae	OWM	Lemuridae	STR	order
Alouatta_caraya	Cercopithecus_ascanius	6420	3700	78.0653383559	0.015972752363615	0.642973170102397	0.0595707942172968	0.059570794252394	0.0014798588625171	1730.89001088529	1732.89001088529	-1.99999999999886	BM	Atelidae	PLA	Cercopithecidae	OWM	order
Cercopithecus_mona	Hapalemur_griseus	4768	987	121.4130573154	0.0222033002525104	0.999999999974467	0.066384956915523	0.0663849569546174	0.00147396513068296	1730.89001088529	1732.89001088529	-1.99999999999886	BM	Cercopithecidae	OWM	Lemuridae	STR	order
Allenopithecus_nigroviridis	Eulemur_macaco	6130	2370	121.4130573091	0.0220799812085266	0.999999999922578	0.0660170940341218	0.0660170940730004	0.0014576561958278	1730.89001088529	1732.89001088529	-1.99999999999886	BM	Cercopithecidae	OWM	Lemuridae	STR	order
Allochrocebus_lhoesti	Lemur_catta	5970	2210	121.4130573133	0.0220799812085266	0.999999999957171	0.0660170940329827	0.0660170940718612	0.00145765619575222	1730.89001088529	1732.89001088529	-1.99999999999886	BM	Cercopithecidae	OWM	Lemuridae	STR	order
Macaca_fascicularis	Cercopithecus_nictitans	5360	6670	29.8369393144	0.00769275941041752	0.245747368309238	0.0464244301829609	0.0464244302103327	0.00145324840961814	1730.89001088529	1732.89001088529	-1.99999999999886	BM	Cercopithecidae	OWM	Cercopithecidae	OWM	family
Semnopithecus_vetulus	Hylobates_lar	8170	5900	62.1515760367	0.0133302014211052	0.511901910794152	0.0557242149431283	0.0557242149759669	0.00145108856513639	1730.89001088529	1732.89001088529	-1.99999999999886	BM	Cercopithecidae	OWM	Hylobatidae	APE	order
Cercopithecus_mona	Avahi_laniger	4768	1030	121.4130573096	0.021950789829115	0.999999999926697	0.0656316987512828	0.0656316987899353	0.00144066762552281	1730.89001088529	1732.89001088529	-1.99999999999886	BM	Cercopithecidae	OWM	Indriidae	STR	order
Ateles_geoffroyi	Cercopithecus_mona	7450	4768	78.0653383526	0.0157496036173586	0.642973170075217	0.0587400710234337	0.0587400710580432	0.00143883583037586	1730.89001088529	1732.89001088529	-1.99999999999886	BM	Atelidae	PLA	Cercopithecidae	OWM	order
Cercopithecus_mitis	Hylobates_klossii	7930	5670	62.1515760361	0.0132714780668272	0.51190191078921	0.0554791306977886	0.055479130730483	0.00143834209387339	1730.89001088529	1732.89001088529	-1.99999999999886	BM	Cercopithecidae	OWM	Hylobatidae	APE	order
Cebus_olivaceus	Allochrocebus_lhoesti	3290	5970	78.0653383473	0.015737858946503	0.642973170031564	0.0586963469737423	0.0586963470083262	0.0014366926528247	1730.89001088529	1732.89001088529	-1.99999999999886	BM	Cebidae	PLA	Cercopithecidae	OWM	order
Cacajao_calvus	Allenopithecus_nigroviridis	3450	6130	78.065338349	0.015737858946503	0.642973170045566	0.0586963469731044	0.0586963470076882	0.0014366926527778	1730.89001088529	1732.89001088529	-1.99999999999886	BM	Pitheciidae	PLA	Cercopithecidae	OWM	order
Plecturocebus_moloch	Cercopithecus_ascanius	1020	3700	78.0653383539	0.015737858946503	0.642973170085924	0.0586963469712656	0.0586963470058494	0.00143669265264261	1730.89001088529	1732.89001088529	-1.99999999999886	BM	Pitheciidae	PLA	Cercopithecidae	OWM	order
Macaca_fascicularis	Eulemur_mongoz	5360	1630	121.4130573136	0.0219038111456926	0.999999999959642	0.0654915511924698	0.0654915512310402	0.00143451456901621	1730.89001088529	1732.89001088529	-1.99999999999886	BM	Cercopithecidae	OWM	Lemuridae	STR	order
Hylobates_lar	Eulemur_fulvus	5900	2180	121.4130573151	0.0218450877914146	0.999999999971996	0.0653163638911041	0.0653163639295719	0.00142684170345711	1730.89001088529	1732.89001088529	-1.99999999999886	BM	Hylobatidae	APE	Lemuridae	STR	order
Allenopithecus_nigroviridis	Trachypithecus_francoisi	6130	7700	38.5936741502	0.00921956662164543	0.317870869925943	0.0489178015597866	0.0489178015886248	0.00141881805832021	1730.89001088529	1732.89001088529	-1.99999999999886	BM	Cercopithecidae	OWM	Cercopithecidae	OWM	family
Hylobates_klossii	Eulemur_rubriventer	5670	1980	121.4130573163	0.0216689177285807	0.99999999998188	0.0647907830436759	0.0647907830818355	0.00140394614736917	1730.89001088529	1732.89001088529	-1.99999999999886	BM	Hylobatidae	APE	Lemuridae	STR	order
Hylobates_lar	Lemur_catta	5900	2210	121.4130573167	0.0216689177285807	0.999999999985175	0.0647907830435695	0.0647907830817291	0.00140394614736224	1730.89001088529	1732.89001088529	-1.99999999999886	BM	Hylobatidae	APE	Lemuridae	STR	order
Trachypithecus_obscurus	Hylobates_klossii	7900	5670	62.1515760356	0.0130953080039932	0.511901910785092	0.05474384654409	0.0547438465763527	0.00140043925743259	1730.89001088529	1732.89001088529	-1.99999999999886	BM	Cercopithecidae	OWM	Hylobatidae	APE	order
Macaca_fascicularis	Eulemur_coronatus	5360	1690	121.4130573137	0.0215514710200247	0.999999999960466	0.064440380110572	0.0644403801485261	0.00138878498452727	1730.89001088529	1732.89001088529	-1.99999999999886	BM	Cercopithecidae	OWM	Lemuridae	STR	order
Cercopithecus_nictitans	Cercopithecus_neglectus	6670	7350	12.9463432668	0.00399318809090375	0.106630568019041	0.0365915428642744	0.036591542885858	0.00137030980804044	1730.89001088529	1732.89001088529	-1.99999999999886	BM	Cercopithecidae	OWM	Cercopithecidae	OWM	family
Cercopithecus_ascanius	Hylobates_lar	3700	5900	62.1515760364	0.0129191379411592	0.511901910791681	0.054008515749861	0.0540085157816917	0.00136304133713943	1730.89001088529	1732.89001088529	-1.99999999999886	BM	Cercopithecidae	OWM	Hylobatidae	APE	order
Cebus_olivaceus	Hylobates_lar	3290	5900	78.0653383507	0.015326795466557	0.642973170059568	0.0571658946503397	0.057165894684025	0.00136268512555093	1730.89001088529	1732.89001088529	-1.99999999999886	BM	Cebidae	PLA	Hylobatidae	APE	order
Macaca_nigra	Piliocolobus_badius	9890	8360	38.593674154	0.00898467320453344	0.317870869957241	0.047672991708457	0.0476729917365632	0.00134748506914313	1730.89001088529	1732.89001088529	-1.99999999999886	BM	Cercopithecidae	OWM	Cercopithecidae	OWM	family
Allochrocebus_lhoesti	Eulemur_macaco	5970	2370	121.4130573124	0.0211404075400787	0.999999999949758	0.063213871982007	0.0632138720192418	0.00133636701595313	1730.89001088529	1732.89001088529	-1.99999999999886	BM	Cercopithecidae	OWM	Lemuridae	STR	order
Macaca_nemestrina	Colobus_angolensis	11200	9680	38.5936741545	0.00892594985025545	0.31787086996136	0.0473617709517351	0.0473617709796582	0.00132993876534161	1730.89001088529	1732.89001088529	-1.99999999999886	BM	Cercopithecidae	OWM	Cercopithecidae	OWM	family
Eulemur_coronatus	Eulemur_macaco	1690	2370	13.292473054	0.00399318809090375	0.109481412852739	0.0361123168434534	0.0361123168647547	0.00131714845284455	1730.89001088529	1732.89001088529	-1.99999999999886	BM	Lemuridae	STR	Lemuridae	STR	family
Cercopithecus_diana	Eulemur_mongoz	5200	1630	121.4130573137	0.0209642374772447	0.999999999960466	0.0626881795473909	0.0626881795843173	0.00131420988309961	1730.89001088529	1732.89001088529	-1.99999999999886	BM	Cercopithecidae	OWM	Lemuridae	STR	order
Cercopithecus_nictitans	Semnopithecus_vetulus	6670	8170	38.5936741538	0.00880850314169945	0.317870869955594	0.0467393078177504	0.0467393078453073	0.00129519052755928	1730.89001088529	1732.89001088529	-1.99999999999886	BM	Cercopithecidae	OWM	Cercopithecidae	OWM	family
Hylobates_lar	Eulemur_macaco	5900	2370	121.4130573158	0.0207293440601327	0.999999999977762	0.0619872138328734	0.0619872138693886	0.00128495428289923	1730.89001088529	1732.89001088529	-1.99999999999886	BM	Hylobatidae	APE	Lemuridae	STR	order
Alouatta_palliata	Colobus_angolensis	7150	9680	78.065338356	0.0148570086323331	0.642973170103221	0.0554165481445853	0.0554165481772431	0.00128049531837546	1730.89001088529	1732.89001088529	-1.99999999999886	BM	Atelidae	PLA	Cercopithecidae	OWM	order
Cercopithecus_diana	Eulemur_coronatus	5200	1690	121.4130573138	0.0206118973515767	0.999999999961289	0.0616367129278573	0.0616367129641669	0.00127044960000678	1730.89001088529	1732.89001088529	-1.99999999999886	BM	Cercopithecidae	OWM	Lemuridae	STR	order
Cacajao_calvus	Allochrocebus_lhoesti	3450	5970	78.0653383523	0.0147982852780551	0.642973170072746	0.0551978608668693	0.0551978608993987	0.00127040089674956	1730.89001088529	1732.89001088529	-1.99999999999886	BM	Pitheciidae	PLA	Cercopithecidae	OWM	order
Cercopithecus_diana	Presbytis_comata	5200	6680	38.5936741537	0.00869105643314346	0.31787086995477	0.0461168161703289	0.0461168161975196	0.00126090148465086	1730.89001088529	1732.89001088529	-1.99999999999886	BM	Cercopithecidae	OWM	Cercopithecidae	OWM	family
Hylobates_klossii	Eulemur_fulvus	5670	2180	121.4130573147	0.0204944506430207	0.999999999968702	0.0612862000799278	0.0612862001160317	0.00125602700267569	1730.89001088529	1732.89001088529	-1.99999999999886	BM	Hylobatidae	APE	Lemuridae	STR	order
Colobus_polykomos	Nomascus_concolor	9900	7790	62.151576036	0.0123906277526572	0.511901910788386	0.051802249774663	0.0518022498051971	0.00125387770621813	1730.89001088529	1732.89001088529	-1.99999999999886	BM	Cercopithecidae	OWM	Hylobatidae	APE	order
Ateles_paniscus	Trachypithecus_cristatus	9110	6610	78.0653383531	0.0146808385694991	0.642973170079336	0.0547604738451973	0.0547604738774698	0.00125033160623393	1730.89001088529	1732.89001088529	-1.99999999999886	BM	Atelidae	PLA	Cercopithecidae	OWM	order
Macaca_nigra	Nomascus_concolor	9890	7790	62.151576036	0.0123319043983792	0.511901910788386	0.0515570842793292	0.0515570843097191	0.00124202903132882	1730.89001088529	1732.89001088529	-1.99999999999886	BM	Cercopithecidae	OWM	Hylobatidae	APE	order
Hylobates_klossii	Lemur_catta	5670	2210	121.4130573163	0.0203182805801867	0.99999999998188	0.0607604085643654	0.0607604086001608	0.00123454702939993	1730.89001088529	1732.89001088529	-1.99999999999886	BM	Hylobatidae	APE	Lemuridae	STR	order
Sapajus_apella	Allenopithecus_nigroviridis	3650	6130	78.065338345	0.0145633918609431	0.642973170012621	0.0543230703183698	0.0543230703503853	0.0012304217299152	1730.89001088529	1732.89001088529	-1.99999999999886	BM	Cebidae	PLA	Cercopithecidae	OWM	order
Alouatta_caraya	Macaca_silenus	6420	8900	78.0653383572	0.0145633918609431	0.642973170113105	0.0543230703141317	0.0543230703461471	0.00123042172962691	1730.89001088529	1732.89001088529	-1.99999999999886	BM	Atelidae	PLA	Cercopithecidae	OWM	order
Eulemur_mongoz	Eulemur_macaco	1630	2370	15.6477288181	0.00434552821657173	0.128880115233831	0.0362205055133852	0.0362205055347502	0.0012212685288288	1730.89001088529	1732.89001088529	-1.99999999999886	BM	Lemuridae	STR	Lemuridae	STR	family
Alouatta_seniculus	Propithecus_verreauxi	6690	3250	121.4130573094	0.0202008338716307	0.999999999925049	0.0604098661588907	0.0604098661944805	0.00122032967057466	1730.89001088529	1732.89001088529	-1.99999999999886	BM	Atelidae	PLA	Indriidae	STR	order
Macaca_nemestrina	Erythrocebus_patas	11200	12400	29.8369393145	0.00704680251335956	0.245747368310061	0.0425300590073179	0.0425300590323981	0.00121954887560775	1730.89001088529	1732.89001088529	-1.99999999999886	BM	Cercopithecidae	OWM	Cercopithecidae	OWM	family
Presbytis_comata	Propithecus_verreauxi	6680	3250	121.413057312	0.0201421105173528	0.999999999946464	0.0602345905608958	0.0602345905963825	0.00121325178011001	1730.89001088529	1732.89001088529	-1.99999999999886	BM	Cercopithecidae	OWM	Indriidae	STR	order
Cercopithecus_nictitans	Propithecus_verreauxi	6670	3250	121.4130573128	0.0200833871630748	0.999999999953053	0.0600593120454579	0.0600593120808417	0.00120619441661348	1730.89001088529	1732.89001088529	-1.99999999999886	BM	Cercopithecidae	OWM	Indriidae	STR	order
Cercopithecus_ascanius	Cheirogaleus_medius	3700	283	121.4130573117	0.0200657701567914	0.999999999943993	0.060006727923433	0.060006727958786	0.00120408121044016	1730.89001088529	1732.89001088529	-1.99999999999886	BM	Cercopithecidae	OWM	Cheirogaleidae	STR	order
Cercopithecus_petaurista	Hapalemur_griseus	4400	987	121.4130573155	0.0200422808150802	0.999999999975291	0.0599366153525093	0.0599366153878212	0.00120126647603012	1730.89001088529	1732.89001088529	-1.99999999999886	BM	Cercopithecidae	OWM	Lemuridae	STR	order
Ateles_geoffroyi	Colobus_polykomos	7450	9900	78.065338353	0.0143872217981091	0.642973170078512	0.0536669343557075	0.0536669343873375	0.00120085584240762	1730.89001088529	1732.89001088529	-1.99999999999886	BM	Atelidae	PLA	Cercopithecidae	OWM	order
Cacajao_calvus	Hylobates_lar	3450	5900	78.0653383557	0.0143872217981091	0.64297317010075	0.0536669343547809	0.0536669343864108	0.00120085584234535	1730.89001088529	1732.89001088529	-1.99999999999886	BM	Pitheciidae	PLA	Hylobatidae	APE	order
Ateles_paniscus	Cercopithecus_nictitans	9110	6670	78.0653383528	0.0143284984438311	0.642973170076864	0.0534482142574362	0.0534482142889376	0.00119108026657111	1730.89001088529	1732.89001088529	-1.99999999999886	BM	Atelidae	PLA	Cercopithecidae	OWM	order
Ateles_geoffroyi	Macaca_nigra	7450	9890	78.065338353	0.0143284984438311	0.642973170078512	0.0534482142573678	0.0534482142888693	0.00119108026656654	1730.89001088529	1732.89001088529	-1.99999999999886	BM	Atelidae	PLA	Cercopithecidae	OWM	order
Pygathrix_nemaeus	Colobus_polykomos	11000	9900	27.0170263228	0.0064595689705796	0.222521588035848	0.0409713813619753	0.040971381386138	0.00118935634993295	1730.89001088529	1732.89001088529	-1.99999999999886	BM	Cercopithecidae	OWM	Cercopithecidae	OWM	family
Ateles_paniscus	Presbytis_comata	9110	6680	78.065338352	0.0142697750895531	0.642973170070275	0.0532294901309042	0.0532294901622771	0.00118134455317408	1730.89001088529	1732.89001088529	-1.99999999999886	BM	Atelidae	PLA	Cercopithecidae	OWM	order
Alouatta_seniculus	Cercopithecus_pogonias	6690	4260	78.065338356	0.0142697750895531	0.642973170103221	0.0532294901295425	0.0532294901609154	0.00118134455308333	1730.89001088529	1732.89001088529	-1.99999999999886	BM	Atelidae	PLA	Cercopithecidae	OWM	order
Macaca_fascicularis	Eulemur_rubriventer	5360	1980	121.4130573146	0.0198484937459628	0.999999999967878	0.059358168974329	0.0593581690093014	0.00117817024569662	1730.89001088529	1732.89001088529	-1.99999999999886	BM	Cercopithecidae	OWM	Lemuridae	STR	order
Cheracebus_torquatus	Cercopithecus_ascanius	1280	3700	78.065338353	0.0142110517352751	0.642973170078512	0.0530107619917318	0.0530107620229762	0.00117164870362922	1730.89001088529	1732.89001088529	-1.99999999999886	BM	Pitheciidae	PLA	Cercopithecidae	OWM	order
Cercopithecus_petaurista	Avahi_laniger	4400	1030	121.4130573097	0.0197897703916848	0.99999999992752	0.0591828759977157	0.0591828760325851	0.00117121552719923	1730.89001088529	1732.89001088529	-1.99999999999886	BM	Cercopithecidae	OWM	Indriidae	STR	order
Sapajus_apella	Cheirogaleus_medius	3650	283	121.413057301	0.0197721533854014	0.999999999855864	0.0591302875470118	0.0591302875818503	0.00116913311527092	1730.89001088529	1732.89001088529	-1.99999999999886	BM	Cebidae	PLA	Cheirogaleidae	STR	order
Trachypithecus_cristatus	Propithecus_verreauxi	6610	3250	121.4130573131	0.0197310470374068	0.999999999955524	0.059007580151949	0.0590075801867157	0.00116428133959344	1730.89001088529	1732.89001088529	-1.99999999999886	BM	Cercopithecidae	OWM	Indriidae	STR	order
Cercopithecus_mitis	Hylobates_lar	7930	5900	62.1515760365	0.0119208409184333	0.511901910792504	0.0498407904284695	0.0498407904578505	0.00116066012144188	1730.89001088529	1732.89001088529	-1.99999999999886	BM	Cercopithecidae	OWM	Hylobatidae	APE	order
Trachypithecus_francoisi	Hylobates_klossii	7700	5670	62.1515760365	0.0119208409184333	0.511901910792504	0.0498407904284695	0.0498407904578505	0.00116066012144188	1730.89001088529	1732.89001088529	-1.99999999999886	BM	Cercopithecidae	OWM	Hylobatidae	APE	order
Hapalemur_griseus	Propithecus_verreauxi	987	3250	71.9834962288	0.0132890950731106	0.592881011471175	0.0516252788820186	0.0516252789124488	0.00115715164757363	1730.89001088529	1732.89001088529	-1.99999999999886	BM	Lemuridae	STR	Indriidae	STR	superfamily
Alouatta_seniculus	Cercopithecus_cephus	6690	4290	78.0653383561	0.0140936050267191	0.642973170104045	0.0525732937426915	0.0525732937736787	0.00115237660203346	1730.89001088529	1732.89001088529	-1.99999999999886	BM	Atelidae	PLA	Cercopithecidae	OWM	order
Alouatta_seniculus	Chlorocebus_pygerythrus	6690	4290	78.0653383563	0.0140936050267191	0.642973170105692	0.0525732937426242	0.0525732937736115	0.00115237660202903	1730.89001088529	1732.89001088529	-1.99999999999886	BM	Atelidae	PLA	Cercopithecidae	OWM	order
Cercopithecus_diana	Trachypithecus_cristatus	5200	6610	38.5936741548	0.00827999295319749	0.31787086996383	0.0439378763338563	0.0439378763597651	0.0011445065930835	1730.89001088529	1732.89001088529	-1.99999999999886	BM	Cercopithecidae	OWM	Cercopithecidae	OWM	family
Alouatta_palliata	Cercopithecus_mona	7150	4768	78.0653383556	0.0139879029890187	0.642973170099926	0.0521795587634404	0.0521795587941963	0.00113516805977981	1730.89001088529	1732.89001088529	-1.99999999999886	BM	Atelidae	PLA	Cercopithecidae	OWM	order
Cebus_olivaceus	Hylobates_klossii	3290	5670	78.0653383503	0.0139761583181631	0.642973170056274	0.0521358096457831	0.0521358096765134	0.00113326397366053	1730.89001088529	1732.89001088529	-1.99999999999886	BM	Cebidae	PLA	Hylobatidae	APE	order
Erythrocebus_patas	Pygathrix_nemaeus	12400	11000	38.5936741528	0.00822126959891949	0.317870869947358	0.0436265720288846	0.0436265720546102	0.00112833809019851	1730.89001088529	1732.89001088529	-1.99999999999886	BM	Cercopithecidae	OWM	Cercopithecidae	OWM	family
Papio_cynocephalus	Nasalis_larvatus	21800	20400	38.5936741529	0.00822126959891949	0.317870869948181	0.0436265720288282	0.0436265720545538	0.00112833809019413	1730.89001088529	1732.89001088529	-1.99999999999886	BM	Cercopithecidae	OWM	Cercopithecidae	OWM	family
Theropithecus_gelada	Nasalis_larvatus	19000	20400	38.593674153	0.00822126959891949	0.317870869949005	0.0436265720287718	0.0436265720544973	0.00112833809018974	1730.89001088529	1732.89001088529	-1.99999999999886	BM	Cercopithecidae	OWM	Cercopithecidae	OWM	family
Macaca_tonkeana	Colobus_guereza	14900	13500	38.593674154	0.00822126959891949	0.317870869957241	0.0436265720282071	0.0436265720539326	0.0011283380901459	1730.89001088529	1732.89001088529	-1.99999999999886	BM	Cercopithecidae	OWM	Cercopithecidae	OWM	family
Trachypithecus_obscurus	Hylobates_lar	7900	5900	62.151576036	0.0117446708555993	0.511901910788386	0.049105164667887	0.0491051646968354	0.00112662989564957	1730.89001088529	1732.89001088529	-1.99999999999886	BM	Cercopithecidae	OWM	Hylobatidae	APE	order
Trachypithecus_francoisi	Semnopithecus_vetulus	7700	8170	9.0158535422	0.00275999765106583	0.0742576930465471	0.0303101180077515	0.0303101180256339	0.00112656145205702	1730.89001088529	1732.89001088529	-1.99999999999886	BM	Cercopithecidae	OWM	Cercopithecidae	OWM	family
Cercopithecus_cephus	Hapalemur_griseus	4290	987	121.4130573155	0.0193963239180222	0.999999999975291	0.058008339502027	0.0580083395362068	0.00112514854295572	1730.89001088529	1732.89001088529	-1.99999999999886	BM	Cercopithecidae	OWM	Lemuridae	STR	order
Chlorocebus_pygerythrus	Hapalemur_griseus	4290	987	121.4130573157	0.0193963239180222	0.999999999976938	0.0580083395019792	0.0580083395361591	0.00112514854295294	1730.89001088529	1732.89001088529	-1.99999999999886	BM	Cercopithecidae	OWM	Lemuridae	STR	order
Hylobates_klossii	Eulemur_macaco	5670	2370	121.4130573154	0.0193787069117388	0.999999999974467	0.0579557453458253	0.0579557453799744	0.00112310740293679	1730.89001088529	1732.89001088529	-1.99999999999886	BM	Hylobatidae	APE	Lemuridae	STR	order
Cercopithecus_pogonias	Hapalemur_griseus	4260	987	121.4130573154	0.0192201538551882	0.999999999974467	0.0574823865952402	0.0574823866291113	0.00110482031435213	1730.89001088529	1732.89001088529	-1.99999999999886	BM	Cercopithecidae	OWM	Lemuridae	STR	order
Cercopithecus_cephus	Avahi_laniger	4290	1030	121.4130573097	0.0191438134946268	0.99999999992752	0.0572544658726968	0.0572544659064342	0.00109606881648083	1730.89001088529	1732.89001088529	-1.99999999999886	BM	Cercopithecidae	OWM	Indriidae	STR	order
Chlorocebus_pygerythrus	Avahi_laniger	4290	1030	121.4130573099	0.0191438134946268	0.999999999929168	0.0572544658726497	0.0572544659063871	0.00109606881647812	1730.89001088529	1732.89001088529	-1.99999999999886	BM	Cercopithecidae	OWM	Indriidae	STR	order
Cercopithecus_ascanius	Hylobates_klossii	3700	5670	62.151576036	0.0115685007927653	0.511901910788386	0.0483694970582462	0.0483694970867621	0.00109310505249373	1730.89001088529	1732.89001088529	-1.99999999999886	BM	Cercopithecidae	OWM	Hylobatidae	APE	order
Sapajus_apella	Allochrocebus_lhoesti	3650	5970	78.0653383483	0.0136238181924952	0.642973170039801	0.0508232635600436	0.0508232635900022	0.00107688304108931	1730.89001088529	1732.89001088529	-1.99999999999886	BM	Cebidae	PLA	Cercopithecidae	OWM	order
Cercopithecus_pogonias	Avahi_laniger	4260	1030	121.4130573096	0.0189676434317928	0.999999999926697	0.0567284771098326	0.056728477143261	0.0010760055263268	1730.89001088529	1732.89001088529	-1.99999999999886	BM	Cercopithecidae	OWM	Indriidae	STR	order
Cercopithecus_diana	Eulemur_rubriventer	5200	1980	121.4130573147	0.0189089200775148	0.999999999968702	0.0565531420124495	0.056553142045775	0.00106935884247922	1730.89001088529	1732.89001088529	-1.99999999999886	BM	Cercopithecidae	OWM	Lemuridae	STR	order
Cercopithecus_diana	Allenopithecus_nigroviridis	5200	6130	23.4097503907	0.00546127194785366	0.192810813826142	0.0372155706218414	0.0372155706437926	0.00105411282607673	1730.89001088529	1732.89001088529	-1.99999999999886	BM	Cercopithecidae	OWM	Cercopithecidae	OWM	family
Alouatta_seniculus	Cercopithecus_petaurista	6690	4400	78.0653383561	0.0134476481296612	0.642973170104045	0.0501669385715528	0.0501669386011255	0.00104923093065206	1730.89001088529	1732.89001088529	-1.99999999999886	BM	Atelidae	PLA	Cercopithecidae	OWM	order
Macaca_fascicularis	Eulemur_fulvus	5360	2180	121.413057313	0.0186740266604028	0.9999999999547	0.05585177431101	0.0558517743439235	0.00104297752256185	1730.89001088529	1732.89001088529	-1.99999999999886	BM	Cercopithecidae	OWM	Lemuridae	STR	order
Alouatta_caraya	Propithecus_verreauxi	6420	3250	121.4130573092	0.0186153033061248	0.999999999923402	0.0556764255994964	0.0556764256323069	0.00103643354961491	1730.89001088529	1732.89001088529	-1.99999999999886	BM	Atelidae	PLA	Indriidae	STR	order
Cacajao_calvus	Cheirogaleus_medius	3450	283	121.413057305	0.0185976862998414	0.999999999888809	0.0556238204602784	0.0556238204930579	0.00103447436383398	1730.89001088529	1732.89001088529	-1.99999999999886	BM	Pitheciidae	PLA	Cheirogaleidae	STR	order
Macaca_fascicularis	Cercopithecus_pogonias	5360	4260	29.8369393142	0.0064595689705796	0.24574736830759	0.0389888380205185	0.0389888380435138	0.00102483737673669	1730.89001088529	1732.89001088529	-1.99999999999886	BM	Cercopithecidae	OWM	Cercopithecidae	OWM	family
Macaca_fascicularis	Lemur_catta	5360	2210	121.4130573146	0.0184978565975689	0.999999999967878	0.0553257200884664	0.0553257201210709	0.00102340723638656	1730.89001088529	1732.89001088529	-1.99999999999886	BM	Cercopithecidae	OWM	Lemuridae	STR	order
Cebuella_pygmaea	Propithecus_verreauxi	110	3250	121.4130573057	0.0184391332432909	0.999999999894575	0.0551503633100115	0.055150363342513	0.00101692489759641	1730.89001088529	1732.89001088529	-1.99999999999886	BM	Callitrichidae	PLA	Indriidae	STR	order
Cercopithecus_mona	Eulemur_mongoz	4768	1630	121.4130573126	0.0184273885724353	0.999999999951406	0.0551152916313902	0.055115291663871	0.00101563089522407	1730.89001088529	1732.89001088529	-1.99999999999886	BM	Cercopithecidae	OWM	Lemuridae	STR	order
Sapajus_apella	Hylobates_lar	3650	5900	78.0653383517	0.0132127547125492	0.642973170067805	0.0492917857228857	0.049291785751944	0.00101291982996949	1730.89001088529	1732.89001088529	-1.99999999999886	BM	Cebidae	PLA	Hylobatidae	APE	order
Ateles_geoffroyi	Cercopithecus_diana	7450	5200	78.0653383537	0.0132127547125492	0.642973170084277	0.0492917857222551	0.0492917857513133	0.00101291982993058	1730.89001088529	1732.89001088529	-1.99999999999886	BM	Atelidae	PLA	Cercopithecidae	OWM	order
Cercopithecus_diana	Chlorocebus_pygerythrus	5200	4290	23.4097503946	0.00534382523929767	0.192810813858264	0.0364157978208337	0.0364157978423138	0.00100927772467774	1730.89001088529	1732.89001088529	-1.99999999999886	BM	Cercopithecidae	OWM	Cercopithecidae	OWM	family
Colobus_angolensis	Nomascus_concolor	9680	7790	62.151576036	0.0110987139585413	0.511901910788386	0.0464075169279582	0.04640751695532	0.00100617666208027	1730.89001088529	1732.89001088529	-1.99999999999886	BM	Cercopithecidae	OWM	Hylobatidae	APE	order
Macaca_fascicularis	Presbytis_comata	5360	6680	38.5936741536	0.00775148276469552	0.317870869953947	0.041135901998031	0.0411359020222906	0.00100312505953798	1730.89001088529	1732.89001088529	-1.99999999999886	BM	Cercopithecidae	OWM	Cercopithecidae	OWM	family
Cercopithecus_mitis	Trachypithecus_cristatus	7930	6610	38.5936741539	0.00775148276469552	0.317870869956418	0.0411359019978712	0.0411359020221308	0.00100312505952628	1730.89001088529	1732.89001088529	-1.99999999999886	BM	Cercopithecidae	OWM	Cercopithecidae	OWM	family
Cercocebus_torquatus	Colobus_angolensis	11000	9680	38.593674154	0.00775148276469552	0.317870869957241	0.0411359019978181	0.0411359020220775	0.00100312505952239	1730.89001088529	1732.89001088529	-1.99999999999886	BM	Cercopithecidae	OWM	Cercopithecidae	OWM	family
Macaca_fuscata	Colobus_angolensis	11000	9680	38.5936741546	0.00775148276469552	0.317870869962183	0.0411359019974985	0.0411359020217581	0.001003125059499	1730.89001088529	1732.89001088529	-1.99999999999886	BM	Cercopithecidae	OWM	Cercopithecidae	OWM	family
Macaca_mulatta	Colobus_angolensis	11000	9680	38.5936741547	0.00775148276469552	0.317870869963007	0.0411359019974453	0.0411359020217048	0.0010031250594951	1730.89001088529	1732.89001088529	-1.99999999999886	BM	Cercopithecidae	OWM	Cercopithecidae	OWM	family
Cercopithecus_mitis	Cercopithecus_neglectus	7930	7350	12.9463432668	0.00340595454812379	0.106630568019041	0.0312134162723984	0.0312134162908131	0.000997007510046019	1730.89001088529	1732.89001088529	-1.99999999999886	BM	Cercopithecidae	OWM	Cercopithecidae	OWM	family
Ateles_geoffroyi	Colobus_angolensis	7450	9680	78.065338353	0.0130953080039932	0.642973170078512	0.0488541869355024	0.0488541869643032	0.000995003609757067	1730.89001088529	1732.89001088529	-1.99999999999886	BM	Atelidae	PLA	Cercopithecidae	OWM	order
Cacajao_calvus	Hylobates_klossii	3450	5670	78.0653383553	0.0130365846497152	0.642973170097455	0.0486353820084003	0.0486353820370726	0.000986105336911095	1730.89001088529	1732.89001088529	-1.99999999999886	BM	Pitheciidae	PLA	Hylobatidae	APE	order
Eulemur_macaco	Cheirogaleus_medius	2370	283	71.9834962251	0.0122555640378178	0.5928810114407	0.0476152037475608	0.047615203775633	0.000984263566282796	1730.89001088529	1732.89001088529	-1.99999999999886	BM	Lemuridae	STR	Cheirogaleidae	STR	superfamily
Alouatta_seniculus	Macaca_silenus	6690	8900	78.0653383574	0.0129778612954372	0.642973170114752	0.048416573414706	0.0484165734432496	0.000977246957387452	1730.89001088529	1732.89001088529	-1.99999999999886	BM	Atelidae	PLA	Cercopithecidae	OWM	order
Cercopithecus_mona	Eulemur_coronatus	4768	1690	121.4130573127	0.0180750484467673	0.999999999952229	0.0540630919486957	0.0540630919805585	0.00097719300620139	1730.89001088529	1732.89001088529	-1.99999999999886	BM	Cercopithecidae	OWM	Lemuridae	STR	order
Macaca_nemestrina	Colobus_polykomos	11200	9900	38.5936741545	0.00763403605613953	0.31787086996136	0.0405131707887385	0.0405131708126315	0.000972970585783354	1730.89001088529	1732.89001088529	-1.99999999999886	BM	Cercopithecidae	OWM	Cercopithecidae	OWM	family
Macaca_fascicularis	Cercopithecus_cephus	5360	4290	29.8369393143	0.00628339890774561	0.245747368308414	0.037926318515933	0.0379263185383028	0.000969720204851798	1730.89001088529	1732.89001088529	-1.99999999999886	BM	Cercopithecidae	OWM	Cercopithecidae	OWM	family
Macaca_fascicularis	Chlorocebus_pygerythrus	5360	4290	29.8369393145	0.00628339890774561	0.245747368310061	0.037926318515806	0.0379263185381757	0.000969720204842051	1730.89001088529	1732.89001088529	-1.99999999999886	BM	Cercopithecidae	OWM	Cercopithecidae	OWM	family
Cercopithecus_diana	Eulemur_fulvus	5200	2180	121.4130573131	0.0177344529919549	0.999999999955524	0.0530458759163688	0.0530458759476338	0.000940739592897756	1730.89001088529	1732.89001088529	-1.99999999999886	BM	Cercopithecidae	OWM	Lemuridae	STR	order
Alouatta_caraya	Cercopithecus_pogonias	6420	4260	78.0653383558	0.0126842445240472	0.642973170101574	0.0473224760260462	0.0473224760539463	0.000933553506288462	1730.89001088529	1732.89001088529	-1.99999999999886	BM	Atelidae	PLA	Cercopithecidae	OWM	order
Allochrocebus_lhoesti	Nomascus_concolor	5970	7790	62.1515760353	0.0106876504785953	0.511901910782621	0.0446905531702725	0.0446905531966242	0.000933063545804544	1730.89001088529	1732.89001088529	-1.99999999999886	BM	Cercopithecidae	OWM	Hylobatidae	APE	order
Cebus_olivaceus	Cheirogaleus_medius	3290	283	121.4130573	0.0176581126313935	0.999999999847628	0.0528178672996392	0.0528178673307702	0.000932663849869137	1730.89001088529	1732.89001088529	-1.99999999999886	BM	Cebidae	PLA	Cheirogaleidae	STR	order
Cercopithecus_ascanius	Cercopithecus_pogonias	3700	4260	12.9463432657	0.0032885078395678	0.106630568009981	0.0301376127347356	0.0301376127525164	0.000929449946611554	1730.89001088529	1732.89001088529	-1.99999999999886	BM	Cercopithecidae	OWM	Cercopithecidae	OWM	family
Macaca_fascicularis	Eulemur_macaco	5360	2370	121.4130573137	0.0175582829291209	0.999999999960466	0.0525196956543118	0.0525196956852674	0.000922155675686185	1730.89001088529	1732.89001088529	-1.99999999999886	BM	Cercopithecidae	OWM	Lemuridae	STR	order
Cercopithecus_diana	Lemur_catta	5200	2210	121.4130573147	0.0175582829291209	0.999999999968702	0.0525196956540957	0.0525196956850514	0.000922155675674796	1730.89001088529	1732.89001088529	-1.99999999999886	BM	Cercopithecidae	OWM	Lemuridae	STR	order
Trachypithecus_francoisi	Hylobates_lar	7700	5900	62.1515760369	0.0105702037700393	0.511901910795799	0.0441999536533976	0.0441999536794607	0.000912679767138197	1730.89001088529	1732.89001088529	-1.99999999999886	BM	Cercopithecidae	OWM	Hylobatidae	APE	order
Alouatta_caraya	Cercopithecus_cephus	6420	4290	78.0653383559	0.0125080744612132	0.642973170102397	0.0466659746458715	0.0466659746733854	0.000907816239957092	1730.89001088529	1732.89001088529	-1.99999999999886	BM	Atelidae	PLA	Cercopithecidae	OWM	order
Alouatta_caraya	Chlorocebus_pygerythrus	6420	4290	78.0653383561	0.0125080744612132	0.642973170104044	0.0466659746458118	0.0466659746733257	0.000907816239953605	1730.89001088529	1732.89001088529	-1.99999999999886	BM	Atelidae	PLA	Cercopithecidae	OWM	order
Cercopithecus_mitis	Presbytis_comata	7930	6680	38.5936741528	0.00734041928474955	0.317870869947358	0.0389562354391864	0.0389562354621627	0.000899595178150186	1730.89001088529	1732.89001088529	-1.99999999999886	BM	Cercopithecidae	OWM	Cercopithecidae	OWM	family
Macaca_fascicularis	Trachypithecus_cristatus	5360	6610	38.5936741547	0.00734041928474955	0.317870869963007	0.0389562354382284	0.0389562354612045	0.000899595178083775	1730.89001088529	1732.89001088529	-1.99999999999886	BM	Cercopithecidae	OWM	Cercopithecidae	OWM	family
Callithrix_jacchus	Propithecus_verreauxi	317	3250	121.4130573053	0.0172235598097363	0.99999999989128	0.0515198902361745	0.0515198902665427	0.000887355910970276	1730.89001088529	1732.89001088529	-1.99999999999886	BM	Callitrichidae	PLA	Indriidae	STR	order
Ateles_paniscus	Macaca_nemestrina	9110	11200	78.0653383535	0.0122731810441012	0.64297317008263	0.0457905902904351	0.045790590317434	0.000874058562472444	1730.89001088529	1732.89001088529	-1.99999999999886	BM	Atelidae	PLA	Cercopithecidae	OWM	order
Ateles_geoffroyi	Macaca_fascicularis	7450	5360	78.0653383536	0.0122731810441012	0.642973170083454	0.0457905902904058	0.0457905903174048	0.000874058562470767	1730.89001088529	1732.89001088529	-1.99999999999886	BM	Atelidae	PLA	Cercopithecidae	OWM	order
Leontocebus_fuscicolis	Propithecus_verreauxi	343	3250	121.4130573053	0.0170708790886135	0.99999999989128	0.0510638116038526	0.0510638116339526	0.00087170415378788	1730.89001088529	1732.89001088529	-1.99999999999886	BM	Callitrichidae	PLA	Indriidae	STR	order
Cercopithecus_nictitans	Trachypithecus_obscurus	6670	7900	38.5936741531	0.00722297257619355	0.317870869949829	0.0383334193634642	0.0383334193860737	0.000871049419714774	1730.89001088529	1732.89001088529	-1.99999999999886	BM	Cercopithecidae	OWM	Cercopithecidae	OWM	family
Cebus_olivaceus	Macaca_fascicularis	3290	5360	78.0653383486	0.0121557343355452	0.642973170042272	0.0453528773318648	0.0453528773586062	0.000857419179967456	1730.89001088529	1732.89001088529	-1.99999999999886	BM	Cebidae	PLA	Cercopithecidae	OWM	order
Allenopithecus_nigroviridis	Propithecus_verreauxi	6130	3250	121.413057309	0.016912326032063	0.999999999921755	0.0505901737785432	0.0505901738083648	0.000855597513028392	1730.89001088529	1732.89001088529	-1.99999999999886	BM	Cercopithecidae	OWM	Indriidae	STR	order
Lemur_catta	Cheirogaleus_medius	2210	283	71.983496226	0.0113159903693699	0.592881011448113	0.0439686317336036	0.0439686317595305	0.00083920483814546	1730.89001088529	1732.89001088529	-1.99999999999886	BM	Lemuridae	STR	Cheirogaleidae	STR	superfamily
Macaca_silenus	Trachypithecus_francoisi	8900	7700	38.5936741552	0.00704680251335956	0.317870869967125	0.0373991515041752	0.0373991515262344	0.000829092753432844	1730.89001088529	1732.89001088529	-1.99999999999886	BM	Cercopithecidae	OWM	Cercopithecidae	OWM	family
Saguinus_oedipus	Propithecus_verreauxi	418	3250	121.4130573052	0.0166304539315286	0.999999999890457	0.0497481069497158	0.0497481069790422	0.000827333600898634	1730.89001088529	1732.89001088529	-1.99999999999886	BM	Callitrichidae	PLA	Indriidae	STR	order
Cercopithecus_diana	Eulemur_macaco	5200	2370	121.4130573138	0.016618709260673	0.999999999961289	0.0497130196178723	0.0497130196471782	0.000826166219531532	1730.89001088529	1732.89001088529	-1.99999999999886	BM	Cercopithecidae	OWM	Lemuridae	STR	order
Sapajus_apella	Hylobates_klossii	3650	5670	78.0653383513	0.0118621175641553	0.64297317006451	0.0442585353737644	0.0442585353998618	0.000816519217696508	1730.89001088529	1732.89001088529	-1.99999999999886	BM	Cebidae	PLA	Hylobatidae	APE	order
Alouatta_caraya	Cercopithecus_petaurista	6420	4400	78.0653383559	0.0118621175641553	0.642973170102397	0.0442585353724616	0.0442585353985592	0.00081651921762436	1730.89001088529	1732.89001088529	-1.99999999999886	BM	Atelidae	PLA	Cercopithecidae	OWM	order
Eulemur_fulvus	Cheirogaleus_medius	2180	283	71.9834962244	0.0111398203065359	0.592881011434935	0.0432847947066686	0.0432847947321929	0.00081329107483231	1730.89001088529	1732.89001088529	-1.99999999999886	BM	Lemuridae	STR	Cheirogaleidae	STR	superfamily
Cercopithecus_mona	Eulemur_rubriventer	4768	1980	121.4130573136	0.0163720711727054	0.999999999959642	0.0489761635253161	0.0489761635541887	0.000801841235034894	1730.89001088529	1732.89001088529	-1.99999999999886	BM	Cercopithecidae	OWM	Lemuridae	STR	order
Eulemur_macaco	Hapalemur_griseus	2370	987	47.7997285409	0.0081214398966469	0.393695123050135	0.0387290198674786	0.0387290198903211	0.000798931428646924	1730.89001088529	1732.89001088529	-1.99999999999886	BM	Lemuridae	STR	Lemuridae	STR	family
Macaca_silenus	Cercopithecus_mitis	8900	7930	29.8369393148	0.00569616536496565	0.245747368312532	0.0343841109155328	0.034384110935816	0.000796987504066009	1730.89001088529	1732.89001088529	-1.99999999999886	BM	Cercopithecidae	OWM	Cercopithecidae	OWM	family
Cercopithecus_neglectus	Hylobates_klossii	7350	5670	62.1515760369	0.00986552351870339	0.511901910795799	0.0412560113916248	0.0412560114159551	0.000795097932022233	1730.89001088529	1732.89001088529	-1.99999999999886	BM	Cercopithecidae	OWM	Hylobatidae	APE	order
Cercopithecus_petaurista	Eulemur_mongoz	4400	1630	121.4130573127	0.016266369135005	0.999999999952229	0.048660355200768	0.0486603552294549	0.000791527299973964	1730.89001088529	1732.89001088529	-1.99999999999886	BM	Cercopithecidae	OWM	Lemuridae	STR	order
Macaca_fascicularis	Cercopithecus_petaurista	5360	4400	29.8369393143	0.00563744201068765	0.245747368308414	0.0340298516776253	0.0340298516976998	0.000780644434914773	1730.89001088529	1732.89001088529	-1.99999999999886	BM	Cercopithecidae	OWM	Cercopithecidae	OWM	family
Allenopithecus_nigroviridis	Nomascus_concolor	6130	7790	62.151576032	0.0097480768101474	0.511901910755441	0.0407652985540386	0.04076529857808	0.000776287904272362	1730.89001088529	1732.89001088529	-1.99999999999886	BM	Cercopithecidae	OWM	Hylobatidae	APE	order
Alouatta_palliata	Alouatta_seniculus	7150	6690	11.2380789204	0.00270127429678783	0.0925607110849652	0.0265723018225014	0.0265723018381804	0.000775481033780333	1730.89001088529	1732.89001088529	-1.99999999999886	BM	Atelidae	PLA	Atelidae	PLA	family
Saguinus_midas	Propithecus_verreauxi	515	3250	121.4130573061	0.016060837395032	0.999999999897869	0.0480462616265241	0.0480462616548499	0.00077166319550158	1730.89001088529	1732.89001088529	-1.99999999999886	BM	Callitrichidae	PLA	Indriidae	STR	order
Allochrocebus_lhoesti	Propithecus_verreauxi	5970	3250	121.4130573123	0.015972752363615	0.999999999948935	0.0477830699090995	0.0477830699372705	0.000763227142870325	1730.89001088529	1732.89001088529	-1.99999999999886	BM	Cercopithecidae	OWM	Indriidae	STR	order
Alouatta_palliata	Cercopithecus_diana	7150	5200	78.0653383567	0.0114510540842093	0.642973170108986	0.0427263169225792	0.0427263169477749	0.00076093589693111	1730.89001088529	1732.89001088529	-1.99999999999886	BM	Atelidae	PLA	Cercopithecidae	OWM	order
Cercopithecus_ascanius	Hapalemur_griseus	3700	987	121.4130573155	0.0159316460156204	0.999999999975291	0.0476602453222482	0.0476602453503467	0.000759306157510448	1730.89001088529	1732.89001088529	-1.99999999999886	BM	Cercopithecidae	OWM	Lemuridae	STR	order
Cercopithecus_pogonias	Hylobates_lar	4260	5900	62.1515760363	0.0096306301015914	0.511901910790857	0.0402745702667453	0.0402745702904977	0.000757702756257231	1730.89001088529	1732.89001088529	-1.99999999999886	BM	Cercopithecidae	OWM	Hylobatidae	APE	order
Cercopithecus_petaurista	Eulemur_coronatus	4400	1690	121.4130573128	0.015914029009337	0.999999999953053	0.0476076058676646	0.0476076058957323	0.000757628820878666	1730.89001088529	1732.89001088529	-1.99999999999886	BM	Cercopithecidae	OWM	Lemuridae	STR	order
Alouatta_caraya	Piliocolobus_badius	6420	8360	78.0653383562	0.0113923307299313	0.642973170104868	0.0425074155526287	0.0425074155776955	0.00075315512211993	1730.89001088529	1732.89001088529	-1.99999999999886	BM	Atelidae	PLA	Cercopithecidae	OWM	order
Alouatta_seniculus	Cercopithecus_mona	6690	4768	78.065338356	0.0112866286922309	0.642973170103221	0.0421133850194664	0.0421133850443014	0.000739250347897675	1730.89001088529	1732.89001088529	-1.99999999999886	BM	Atelidae	PLA	Cercopithecidae	OWM	order
Cercopithecus_ascanius	Avahi_laniger	3700	1030	121.4130573097	0.015679135592225	0.99999999992752	0.0469057267091409	0.0469057267367959	0.000735441249177775	1730.89001088529	1732.89001088529	-1.99999999999886	BM	Cercopithecidae	OWM	Indriidae	STR	order
Sapajus_apella	Hapalemur_griseus	3650	987	121.4130573048	0.0156380292442304	0.999999999887162	0.0467828941012842	0.0467828941288669	0.000731592266168169	1730.89001088529	1732.89001088529	-1.99999999999886	BM	Cebidae	PLA	Lemuridae	STR	order
Cercopithecus_cephus	Hylobates_lar	4290	5900	62.1515760364	0.00945446003875741	0.511901910791681	0.0395384492814074	0.0395384493047265	0.000730246714936814	1730.89001088529	1732.89001088529	-1.99999999999886	BM	Cercopithecidae	OWM	Hylobatidae	APE	order
Chlorocebus_pygerythrus	Hylobates_lar	4290	5900	62.1515760366	0.00945446003875741	0.511901910793328	0.0395384492813439	0.0395384493046629	0.000730246714933292	1730.89001088529	1732.89001088529	-1.99999999999886	BM	Cercopithecidae	OWM	Hylobatidae	APE	order
Cebus_olivaceus	Cercopithecus_diana	3290	5200	78.0653383487	0.0112161606670973	0.642973170043096	0.0418506922766378	0.0418506923013182	0.000730052373060226	1730.89001088529	1732.89001088529	-1.99999999999886	BM	Cebidae	PLA	Cercopithecidae	OWM	order
Cacajao_calvus	Macaca_fascicularis	3450	5360	78.0653383536	0.0112161606670973	0.642973170083454	0.0418506922753257	0.041850692300006	0.000730052372991513	1730.89001088529	1732.89001088529	-1.99999999999886	BM	Pitheciidae	PLA	Cercopithecidae	OWM	order
Cercopithecus_cephus	Eulemur_mongoz	4290	1630	121.4130573127	0.015620412237947	0.999999999952229	0.0467302512127698	0.0467302512403217	0.000729945787961159	1730.89001088529	1732.89001088529	-1.99999999999886	BM	Cercopithecidae	OWM	Lemuridae	STR	order
Chlorocebus_pygerythrus	Eulemur_mongoz	4290	1630	121.4130573129	0.015620412237947	0.999999999953876	0.0467302512127314	0.0467302512402832	0.000729945787959357	1730.89001088529	1732.89001088529	-1.99999999999886	BM	Cercopithecidae	OWM	Lemuridae	STR	order
Hylobates_lar	Propithecus_verreauxi	5900	3250	121.4130573157	0.015561688883669	0.999999999976938	0.0465547734509726	0.0465547734784211	0.000724470900510439	1730.89001088529	1732.89001088529	-1.99999999999886	BM	Hylobatidae	APE	Indriidae	STR	order
Cercopithecus_diana	Allochrocebus_lhoesti	5200	5970	23.409750394	0.00452169827940572	0.192810813853322	0.0308164073030568	0.0308164073212376	0.000722690253181031	1730.89001088529	1732.89001088529	-1.99999999999886	BM	Cercopithecidae	OWM	Cercopithecidae	OWM	family
Alouatta_caraya	Ateles_geoffroyi	6420	7450	34.5806779972	0.00604850549063362	0.284818443427261	0.0339146486501885	0.0339146486701951	0.000720223508369687	1730.89001088529	1732.89001088529	-1.99999999999886	BM	Atelidae	PLA	Atelidae	PLA	family
Ateles_paniscus	Pygathrix_nemaeus	9110	11000	78.0653383518	0.0110987139585413	0.642973170068628	0.0414128609487952	0.0414128609732177	0.00071485019791178	1730.89001088529	1732.89001088529	-1.99999999999886	BM	Atelidae	PLA	Cercopithecidae	OWM	order
Ateles_paniscus	Cercocebus_torquatus	9110	11000	78.065338353	0.0110987139585413	0.642973170078512	0.0414128609484771	0.0414128609728997	0.000714850197895301	1730.89001088529	1732.89001088529	-1.99999999999886	BM	Atelidae	PLA	Cercopithecidae	OWM	order
Ateles_paniscus	Macaca_fuscata	9110	11000	78.0653383536	0.0110987139585413	0.642973170083454	0.0414128609483181	0.0414128609727407	0.000714850197887063	1730.89001088529	1732.89001088529	-1.99999999999886	BM	Atelidae	PLA	Cercopithecidae	OWM	order
Ateles_paniscus	Macaca_mulatta	9110	11000	78.0653383537	0.0110987139585413	0.642973170084277	0.0414128609482916	0.0414128609727142	0.000714850197885689	1730.89001088529	1732.89001088529	-1.99999999999886	BM	Atelidae	PLA	Cercopithecidae	OWM	order
Cercopithecus_pogonias	Eulemur_mongoz	4260	1630	121.4130573126	0.015444242175113	0.999999999951406	0.0462038111667791	0.0462038111940211	0.000713582849107605	1730.89001088529	1732.89001088529	-1.99999999999886	BM	Cercopithecidae	OWM	Lemuridae	STR	order
Macaca_nigra	Pygathrix_nemaeus	9890	11000	38.5936741528	0.0065182923248576	0.317870869947358	0.0345960449238165	0.0345960449442246	0.000709430008904835	1730.89001088529	1732.89001088529	-1.99999999999886	BM	Cercopithecidae	OWM	Cercopithecidae	OWM	family
Sapajus_apella	Avahi_laniger	3650	1030	121.413057299	0.015385518820835	0.999999999839391	0.0460283266627659	0.0460283266899048	0.000708169686275267	1730.89001088529	1732.89001088529	-1.99999999999886	BM	Cebidae	PLA	Indriidae	STR	order
Cercopithecus_cephus	Eulemur_coronatus	4290	1690	121.4130573128	0.0152680721122791	0.999999999953053	0.0456773509610307	0.045677350987963	0.000697405088403637	1730.89001088529	1732.89001088529	-1.99999999999886	BM	Cercopithecidae	OWM	Lemuridae	STR	order
Chlorocebus_pygerythrus	Eulemur_coronatus	4290	1690	121.413057313	0.0152680721122791	0.9999999999547	0.0456773509609932	0.0456773509879254	0.000697405088401915	1730.89001088529	1732.89001088529	-1.99999999999886	BM	Cercopithecidae	OWM	Lemuridae	STR	order
Theropithecus_gelada	Rhinopithecus_roxellana	19000	17900	38.5936741534	0.0064595689705796	0.3178708699523	0.0342845616087707	0.0342845616289953	0.000696708982396447	1730.89001088529	1732.89001088529	-1.99999999999886	BM	Cercopithecidae	OWM	Cercopithecidae	OWM	family
Cercocebus_torquatus	Colobus_polykomos	11000	9900	38.593674154	0.0064595689705796	0.317870869957241	0.0342845616085044	0.0342845616287288	0.000696708982380203	1730.89001088529	1732.89001088529	-1.99999999999886	BM	Cercopithecidae	OWM	Cercopithecidae	OWM	family
Erythrocebus_patas	Colobus_guereza	12400	13500	38.593674154	0.0064595689705796	0.317870869957241	0.0342845616085044	0.0342845616287288	0.000696708982380203	1730.89001088529	1732.89001088529	-1.99999999999886	BM	Cercopithecidae	OWM	Cercopithecidae	OWM	family
Macaca_fuscata	Colobus_polykomos	11000	9900	38.5936741546	0.0064595689705796	0.317870869962183	0.034284561608238	0.0342845616284626	0.00069670898236396	1730.89001088529	1732.89001088529	-1.99999999999886	BM	Cercopithecidae	OWM	Cercopithecidae	OWM	family
Macaca_mulatta	Colobus_polykomos	11000	9900	38.5936741547	0.0064595689705796	0.317870869963007	0.0342845616081937	0.0342845616284182	0.000696708982361252	1730.89001088529	1732.89001088529	-1.99999999999886	BM	Cercopithecidae	OWM	Cercopithecidae	OWM	family
Cercopithecus_mona	Eulemur_fulvus	4768	2180	121.413057312	0.0151976040871455	0.999999999946464	0.0454667612855198	0.0454667613123283	0.000690985837179076	1730.89001088529	1732.89001088529	-1.99999999999886	BM	Cercopithecidae	OWM	Lemuridae	STR	order
Cercopithecus_pogonias	Eulemur_coronatus	4260	1690	121.4130573127	0.0150919020494451	0.999999999952229	0.045150870824838	0.0451508708514606	0.000681412519968153	1730.89001088529	1732.89001088529	-1.99999999999886	BM	Cercopithecidae	OWM	Lemuridae	STR	order
Cercopithecus_cephus	Cercopithecus_mona	4290	4768	12.9463432657	0.00280697633448823	0.106630568009981	0.0257262659635687	0.0257262659787487	0.000677226250241189	1730.89001088529	1732.89001088529	-1.99999999999886	BM	Cercopithecidae	OWM	Cercopithecidae	OWM	family
Cercopithecus_mona	Lemur_catta	4768	2210	121.4130573136	0.0150214340243115	0.999999999959642	0.0449402732409924	0.0449402732674911	0.000675067349551342	1730.89001088529	1732.89001088529	-1.99999999999886	BM	Cercopithecidae	OWM	Lemuridae	STR	order
Eulemur_mongoz	Eulemur_fulvus	1630	2180	15.6477288174	0.0032297844852898	0.128880115228066	0.026924786770571	0.0269247867864578	0.000674745350959999	1730.89001088529	1732.89001088529	-1.99999999999886	BM	Lemuridae	STR	Lemuridae	STR	family
Eulemur_rubriventer	Cheirogaleus_medius	1980	283	71.983496226	0.00996535322097598	0.592881011448113	0.038725091267667	0.0387250912905072	0.000650904997031782	1730.89001088529	1732.89001088529	-1.99999999999886	BM	Lemuridae	STR	Cheirogaleidae	STR	superfamily
Alouatta_palliata	Macaca_fascicularis	7150	5360	78.0653383566	0.0105114804157613	0.642973170108163	0.0392235195567903	0.0392235195799239	0.000641235555115116	1730.89001088529	1732.89001088529	-1.99999999999886	BM	Atelidae	PLA	Cercopithecidae	OWM	order
Ateles_geoffroyi	Hylobates_klossii	7450	5670	78.0653383553	0.0104527570614834	0.642973170097455	0.0390045688749602	0.0390045688979649	0.000634093772024824	1730.89001088529	1732.89001088529	-1.99999999999886	BM	Atelidae	PLA	Hylobatidae	APE	order
Cercopithecus_petaurista	Hylobates_lar	4400	5900	62.1515760364	0.00880850314169945	0.511901910791681	0.0368390553530482	0.0368390553747774	0.000633904519544994	1730.89001088529	1732.89001088529	-1.99999999999886	BM	Cercopithecidae	OWM	Hylobatidae	APE	order
Saimiri_sciureus	Propithecus_verreauxi	779	3250	121.4130573	0.0145105408420929	0.999999999847628	0.0434133478441201	0.0434133478697203	0.000629951157080078	1730.89001088529	1732.89001088529	-1.99999999999886	BM	Cebidae	PLA	Indriidae	STR	order
Cacajao_calvus	Hapalemur_griseus	3450	987	121.4130573088	0.0144635621586705	0.999999999920108	0.04327293282544	0.0432729328509575	0.000625880753758728	1730.89001088529	1732.89001088529	-1.99999999999886	BM	Pitheciidae	PLA	Lemuridae	STR	order
Ateles_paniscus	Cercopithecus_neglectus	9110	7350	78.0653383536	0.0103353103529274	0.642973170083454	0.0385666587018894	0.0385666587246362	0.0006199300460822	1730.89001088529	1732.89001088529	-1.99999999999886	BM	Atelidae	PLA	Cercopithecidae	OWM	order
Cacajao_calvus	Cercopithecus_diana	3450	5200	78.0653383537	0.0102765869986494	0.642973170084277	0.0383476992435057	0.0383476992661236	0.000612908105360404	1730.89001088529	1732.89001088529	-1.99999999999886	BM	Pitheciidae	PLA	Cercopithecidae	OWM	order
Alouatta_caraya	Semnopithecus_vetulus	6420	8170	78.0653383562	0.0102765869986494	0.642973170104868	0.038347699242892	0.03834769926551	0.000612908105330967	1730.89001088529	1732.89001088529	-1.99999999999886	BM	Atelidae	PLA	Cercopithecidae	OWM	order
Alouatta_palliata	Macaca_silenus	7150	8900	78.065338357	0.0102765869986494	0.642973170111457	0.0383476992426958	0.0383476992653137	0.00061290810532155	1730.89001088529	1732.89001088529	-1.99999999999886	BM	Atelidae	PLA	Cercopithecidae	OWM	order
Aotus_trivirgatus	Propithecus_verreauxi	813	3250	121.4130573091	0.0143108814375477	0.999999999922578	0.0428165747684154	0.0428165747936643	0.00061274292512013	1730.89001088529	1732.89001088529	-1.99999999999886	BM	Aotidae	PLA	Indriidae	STR	order
Cercopithecus_nictitans	Trachypithecus_francoisi	6670	7700	38.593674154	0.00604850549063362	0.317870869957241	0.0321040345803737	0.0321040345993133	0.00061088148611102	1730.89001088529	1732.89001088529	-1.99999999999886	BM	Cercopithecidae	OWM	Cercopithecidae	OWM	family
Cacajao_calvus	Avahi_laniger	3450	1030	121.413057303	0.0142110517352751	0.999999999872337	0.0425181792117624	0.0425181792368357	0.000604228044545192	1730.89001088529	1732.89001088529	-1.99999999999886	BM	Pitheciidae	PLA	Indriidae	STR	order
Cercopithecus_petaurista	Eulemur_rubriventer	4400	1980	121.4130573137	0.0142110517352751	0.999999999960466	0.0425181792098907	0.0425181792349638	0.000604228044465344	1730.89001088529	1732.89001088529	-1.99999999999886	BM	Cercopithecidae	OWM	Lemuridae	STR	order
Hylobates_klossii	Propithecus_verreauxi	5670	3250	121.4130573153	0.0142110517352751	0.999999999973644	0.0425181792096108	0.0425181792346839	0.000604228044453403	1730.89001088529	1732.89001088529	-1.99999999999886	BM	Hylobatidae	APE	Indriidae	STR	order
Cercopithecus_nictitans	Allochrocebus_lhoesti	6670	5970	23.4097503931	0.00411063479945975	0.192810813845909	0.0280161249423543	0.0280161249588844	0.000597290451904273	1730.89001088529	1732.89001088529	-1.99999999999886	BM	Cercopithecidae	OWM	Cercopithecidae	OWM	family
Eulemur_fulvus	Hapalemur_griseus	2180	987	47.7997285402	0.00700569616536497	0.39369512304437	0.0334116891140548	0.033411689133765	0.000594551795548454	1730.89001088529	1732.89001088529	-1.99999999999886	BM	Lemuridae	STR	Lemuridae	STR	family
Cercopithecus_mona	Eulemur_macaco	4768	2370	121.4130573127	0.0140818603558635	0.999999999952229	0.0421320114146571	0.042132011439503	0.000593297101281192	1730.89001088529	1732.89001088529	-1.99999999999886	BM	Cercopithecidae	OWM	Lemuridae	STR	order
Eulemur_mongoz	Propithecus_verreauxi	1630	3250	71.983496226	0.00951318339303541	0.592881011448113	0.0369692594924846	0.0369692595142906	0.000593197182344742	1730.89001088529	1732.89001088529	-1.99999999999886	BM	Lemuridae	STR	Indriidae	STR	superfamily
Cercopithecus_neglectus	Hylobates_lar	7350	5900	62.1515760373	0.00851488637030947	0.511901910799093	0.0356119166434124	0.0356119166644189	0.000592362359371224	1730.89001088529	1732.89001088529	-1.99999999999886	BM	Cercopithecidae	OWM	Hylobatidae	APE	order
Cercopithecus_neglectus	Piliocolobus_badius	7350	8360	38.5936741546	0.00593105878207763	0.317870869962183	0.0314809820528492	0.0314809820714216	0.000587394356378717	1730.89001088529	1732.89001088529	-1.99999999999886	BM	Cercopithecidae	OWM	Cercopithecidae	OWM	family
Sapajus_apella	Macaca_fascicularis	3650	5360	78.0653383496	0.0100416935815374	0.642973170050508	0.0374718326517401	0.0374718326738421	0.000585219848905769	1730.89001088529	1732.89001088529	-1.99999999999886	BM	Cebidae	PLA	Cercopithecidae	OWM	order
Alouatta_caraya	Alouatta_seniculus	6420	6690	6.6926645562	0.0015855305655059	0.0551231037584639	0.0202122874365291	0.0202122874484572	0.00058137509219058	1730.89001088529	1732.89001088529	-1.99999999999886	BM	Atelidae	PLA	Atelidae	PLA	family
Eulemur_fulvus	Eulemur_coronatus	2180	1690	14.8274950171	0.00287744435962182	0.12212438550331	0.0246428431094878	0.0246428431240289	0.000580624497050338	1730.89001088529	1732.89001088529	-1.99999999999886	BM	Lemuridae	STR	Lemuridae	STR	family
Cercocebus_torquatus	Trachypithecus_pileatus	11000	12000	38.5936741541	0.00587233542779964	0.317870869958065	0.0311694485593541	0.0311694485777431	0.000575823311724729	1730.89001088529	1732.89001088529	-1.99999999999886	BM	Cercopithecidae	OWM	Cercopithecidae	OWM	family
Macaca_silenus	Trachypithecus_obscurus	8900	7900	38.5936741543	0.00587233542779964	0.317870869959712	0.0311694485592735	0.0311694485776623	0.000575823311720255	1730.89001088529	1732.89001088529	-1.99999999999886	BM	Cercopithecidae	OWM	Cercopithecidae	OWM	family
Macaca_fuscata	Trachypithecus_pileatus	11000	12000	38.5936741547	0.00587233542779964	0.317870869963007	0.031169448559112	0.0311694485775009	0.000575823311711304	1730.89001088529	1732.89001088529	-1.99999999999886	BM	Cercopithecidae	OWM	Cercopithecidae	OWM	family
Macaca_mulatta	Trachypithecus_pileatus	11000	12000	38.5936741548	0.00587233542779964	0.31787086996383	0.0311694485590717	0.0311694485774606	0.000575823311709067	1730.89001088529	1732.89001088529	-1.99999999999886	BM	Cercopithecidae	OWM	Cercopithecidae	OWM	family
Macaca_silenus	Colobus_polykomos	8900	9900	38.593674155	0.00587233542779964	0.317870869965478	0.0311694485589909	0.0311694485773798	0.00057582331170459	1730.89001088529	1732.89001088529	-1.99999999999886	BM	Cercopithecidae	OWM	Cercopithecidae	OWM	family
Saimiri_oerstedii	Propithecus_verreauxi	897	3250	121.4130573004	0.0138176052616125	0.999999999850922	0.0413420920450276	0.0413420920694087	0.000571248708652604	1730.89001088529	1732.89001088529	-1.99999999999886	BM	Cebidae	PLA	Indriidae	STR	order
Cercopithecus_pogonias	Hylobates_klossii	4260	5670	62.1515760359	0.00827999295319749	0.511901910787562	0.034630144801528	0.0346301448219563	0.00056014120846651	1730.89001088529	1732.89001088529	-1.99999999999886	BM	Cercopithecidae	OWM	Hylobatidae	APE	order
Alouatta_seniculus	Piliocolobus_badius	6690	8360	78.0653383564	0.00980680016442539	0.642973170106516	0.0365959208340767	0.0365959208556629	0.000558170852437697	1730.89001088529	1732.89001088529	-1.99999999999886	BM	Atelidae	PLA	Cercopithecidae	OWM	order
Cercopithecus_cephus	Eulemur_rubriventer	4290	1980	121.4130573137	0.0135650948382172	0.999999999960466	0.0405872422587077	0.0405872422826443	0.000550569790482831	1730.89001088529	1732.89001088529	-1.99999999999886	BM	Cercopithecidae	OWM	Lemuridae	STR	order
Chlorocebus_pygerythrus	Eulemur_rubriventer	4290	1980	121.4130573139	0.0135650948382172	0.999999999962113	0.0405872422586743	0.0405872422826109	0.000550569790481472	1730.89001088529	1732.89001088529	-1.99999999999886	BM	Cercopithecidae	OWM	Lemuridae	STR	order
Eulemur_coronatus	Propithecus_verreauxi	1690	3250	71.9834962261	0.00916084326736743	0.592881011448937	0.0356009541596472	0.0356009541806472	0.000550084679602443	1730.89001088529	1732.89001088529	-1.99999999999886	BM	Lemuridae	STR	Indriidae	STR	superfamily
Cebuella_pygmaea	Cheracebus_torquatus	110	1280	49.093603206	0.00687063245052557	0.404351923016105	0.0323334597876978	0.0323334598067727	0.000549400918877966	1730.89001088529	1732.89001088529	-1.99999999999886	BM	Callitrichidae	PLA	Pitheciidae	PLA	superfamily
Cebus_olivaceus	Hapalemur_griseus	3290	987	121.4130573038	0.0135239884902226	0.999999999878926	0.0404643562752123	0.0404643562990765	0.000547239488596493	1730.89001088529	1732.89001088529	-1.99999999999886	BM	Cebidae	PLA	Lemuridae	STR	order
Alouatta_caraya	Cercopithecus_mona	6420	4768	78.0653383558	0.009701098126725	0.642973170101574	0.0362017460441457	0.0362017460654998	0.00054620738012685	1730.89001088529	1732.89001088529	-1.99999999999886	BM	Atelidae	PLA	Cercopithecidae	OWM	order
Cercopithecus_cephus	Hylobates_klossii	4290	5670	62.151576036	0.0081038228903635	0.511901910788386	0.033893781384963	0.0338937814049573	0.000536566079633144	1730.89001088529	1732.89001088529	-1.99999999999886	BM	Cercopithecidae	OWM	Hylobatidae	APE	order
Chlorocebus_pygerythrus	Hylobates_klossii	4290	5670	62.1515760362	0.0081038228903635	0.511901910790033	0.0338937813849085	0.0338937814049029	0.000536566079630554	1730.89001088529	1732.89001088529	-1.99999999999886	BM	Cercopithecidae	OWM	Hylobatidae	APE	order
Cercopithecus_pogonias	Eulemur_rubriventer	4260	1980	121.4130573136	0.0133889247753832	0.999999999959642	0.040060581282625	0.0400605813062515	0.000536368109272835	1730.89001088529	1732.89001088529	-1.99999999999886	BM	Cercopithecidae	OWM	Lemuridae	STR	order
Cebus_olivaceus	Avahi_laniger	3290	1030	121.413057298	0.0132714780668272	0.999999999831155	0.0397094642401974	0.0397094642636172	0.00052700328379822	1730.89001088529	1732.89001088529	-1.99999999999886	BM	Cebidae	PLA	Indriidae	STR	order
Cebuella_pygmaea	Eulemur_macaco	110	2370	121.4130573058	0.0132714780668272	0.999999999895398	0.039709464238923	0.0397094642623427	0.000527003283747449	1730.89001088529	1732.89001088529	-1.99999999999886	BM	Callitrichidae	PLA	Lemuridae	STR	order
Cercopithecus_mona	Cercopithecus_diana	4768	5200	13.5928258669	0.00253684890480944	0.111955222668039	0.0226917505642751	0.0226917505776658	0.000514183628019565	1730.89001088529	1732.89001088529	-1.99999999999886	BM	Cercopithecidae	OWM	Cercopithecidae	OWM	family
Plecturocebus_moloch	Propithecus_verreauxi	1020	3250	121.4130573072	0.0130953080039932	0.999999999906929	0.0391827742498368	0.0391827742729465	0.000513110497300302	1730.89001088529	1732.89001088529	-1.99999999999886	BM	Pitheciidae	PLA	Indriidae	STR	order
Cercopithecus_petaurista	Eulemur_fulvus	4400	2180	121.4130573121	0.0130365846497152	0.999999999947287	0.0390072071077301	0.0390072071307364	0.000508520757435701	1730.89001088529	1732.89001088529	-1.99999999999886	BM	Cercopithecidae	OWM	Lemuridae	STR	order
Macaca_fascicularis	Allenopithecus_nigroviridis	5360	6130	29.8369393106	0.00452169827940572	0.24574736827794	0.0272977296126343	0.0272977296287409	0.000502272304627611	1730.89001088529	1732.89001088529	-1.99999999999886	BM	Cercopithecidae	OWM	Cercopithecidae	OWM	family
Cercopithecus_petaurista	Lemur_catta	4400	2210	121.4130573137	0.0128604145868812	0.999999999960466	0.0384804943674308	0.0384804943901269	0.000494875111092871	1730.89001088529	1732.89001088529	-1.99999999999886	BM	Cercopithecidae	OWM	Lemuridae	STR	order
Sapajus_apella	Cercopithecus_diana	3650	5200	78.0653383497	0.00910211991308944	0.642973170051332	0.0339679246044511	0.0339679246244892	0.000480860069050488	1730.89001088529	1732.89001088529	-1.99999999999886	BM	Cebidae	PLA	Cercopithecidae	OWM	order
Ateles_geoffroyi	Hylobates_lar	7450	5900	78.0653383557	0.00910211991308944	0.64297317010075	0.0339679246031466	0.0339679246231846	0.000480860068995063	1730.89001088529	1732.89001088529	-1.99999999999886	BM	Atelidae	PLA	Hylobatidae	APE	order
Trachypithecus_francoisi	Trachypithecus_obscurus	7700	7900	5.1737784207	0.00117446708555993	0.0426130313737817	0.0170290647297535	0.0170290647398036	0.000469341780628877	1730.89001088529	1732.89001088529	-1.99999999999886	BM	Cercopithecidae	OWM	Cercopithecidae	OWM	family
Cercopithecus_cephus	Eulemur_fulvus	4290	2180	121.4130573121	0.0123906277526572	0.999999999947287	0.0370758455724756	0.0370758455943444	0.000459393001127765	1730.89001088529	1732.89001088529	-1.99999999999886	BM	Cercopithecidae	OWM	Lemuridae	STR	order
Chlorocebus_pygerythrus	Eulemur_fulvus	4290	2180	121.4130573123	0.0123906277526572	0.999999999948935	0.0370758455724451	0.0370758455943139	0.000459393001126631	1730.89001088529	1732.89001088529	-1.99999999999886	BM	Cercopithecidae	OWM	Lemuridae	STR	order
Macaca_fascicularis	Propithecus_verreauxi	5360	3250	121.4130573136	0.0123906277526572	0.999999999959642	0.0370758455722467	0.0370758455941155	0.000459393001119254	1730.89001088529	1732.89001088529	-1.99999999999886	BM	Cercopithecidae	OWM	Indriidae	STR	order
Alouatta_caraya	Cercopithecus_mitis	6420	7930	78.065338356	0.00886722649597745	0.642973170103221	0.0330918424514438	0.0330918424709655	0.00045636875040843	1730.89001088529	1732.89001088529	-1.99999999999886	BM	Atelidae	PLA	Cercopithecidae	OWM	order
Cebuella_pygmaea	Lemur_catta	110	2210	121.4130573067	0.0123319043983792	0.999999999902811	0.036900256292896	0.0369002563146616	0.000455050432923912	1730.89001088529	1732.89001088529	-1.99999999999886	BM	Callitrichidae	PLA	Lemuridae	STR	order
Cercopithecus_petaurista	Hylobates_klossii	4400	5670	62.151576036	0.00745786599330554	0.511901910788386	0.0311935396681811	0.0311935396865842	0.00045445667187268	1730.89001088529	1732.89001088529	-1.99999999999886	BM	Cercopithecidae	OWM	Hylobatidae	APE	order
Eulemur_coronatus	Cheirogaleus_medius	1690	283	71.9834962251	0.00826237594691409	0.5928810114407	0.0321113104086383	0.0321113104275823	0.000447502472881546	1730.89001088529	1732.89001088529	-1.99999999999886	BM	Lemuridae	STR	Cheirogaleidae	STR	superfamily
Cercopithecus_pogonias	Eulemur_fulvus	4260	2180	121.413057312	0.0122144576898232	0.999999999946464	0.0365490723708307	0.0365490723923893	0.0004464270980997	1730.89001088529	1732.89001088529	-1.99999999999886	BM	Cercopithecidae	OWM	Lemuridae	STR	order
Cercopithecus_cephus	Lemur_catta	4290	2210	121.4130573137	0.0122144576898232	0.999999999960466	0.0365490723705751	0.0365490723921336	0.000446427098090326	1730.89001088529	1732.89001088529	-1.99999999999886	BM	Cercopithecidae	OWM	Lemuridae	STR	order
Chlorocebus_pygerythrus	Lemur_catta	4290	2210	121.4130573139	0.0122144576898232	0.999999999962113	0.0365490723705449	0.0365490723921035	0.000446427098089222	1730.89001088529	1732.89001088529	-1.99999999999886	BM	Cercopithecidae	OWM	Lemuridae	STR	order
Alouatta_seniculus	Cercopithecus_diana	6690	5200	78.0653383571	0.00874977978742146	0.642973170112281	0.0326537863304763	0.03265378634974	0.000444362926632362	1730.89001088529	1732.89001088529	-1.99999999999886	BM	Atelidae	PLA	Cercopithecidae	OWM	order
Hylobates_lar	Hylobates_klossii	5900	5670	6.4663244216	0.00135063714839392	0.0532588880011237	0.0175170870008486	0.0175170870111866	0.000444230612447167	1730.89001088529	1732.89001088529	-1.99999999999886	BM	Hylobatidae	APE	Hylobatidae	APE	family
Cebuella_pygmaea	Eulemur_fulvus	110	2180	121.4130573051	0.0121557343355452	0.999999999889633	0.036373477748011	0.036373477769466	0.000442146332413486	1730.89001088529	1732.89001088529	-1.99999999999886	BM	Callitrichidae	PLA	Lemuridae	STR	order
Cercopithecus_ascanius	Eulemur_mongoz	3700	1630	121.4130573127	0.0121557343355452	0.999999999952229	0.0363734777468733	0.0363734777683284	0.00044214633237198	1730.89001088529	1732.89001088529	-1.99999999999886	BM	Cercopithecidae	OWM	Lemuridae	STR	order
Ateles_geoffroyi	Allochrocebus_lhoesti	7450	5970	78.0653383523	0.00869105643314346	0.642973170072746	0.0324347545676425	0.0324347545867771	0.000438419976856336	1730.89001088529	1732.89001088529	-1.99999999999886	BM	Atelidae	PLA	Cercopithecidae	OWM	order
Alouatta_caraya	Trachypithecus_obscurus	6420	7900	78.0653383555	0.00869105643314346	0.642973170099103	0.0324347545669782	0.0324347545861127	0.000438419976829385	1730.89001088529	1732.89001088529	-1.99999999999886	BM	Atelidae	PLA	Cercopithecidae	OWM	order
Alouatta_seniculus	Semnopithecus_vetulus	6690	8170	78.0653383564	0.00869105643314346	0.642973170106516	0.0324347545667912	0.0324347545859259	0.000438419976821804	1730.89001088529	1732.89001088529	-1.99999999999886	BM	Atelidae	PLA	Cercopithecidae	OWM	order
Alouatta_palliata	Hylobates_klossii	7150	5670	78.0653383583	0.00869105643314346	0.642973170122164	0.0324347545663968	0.0324347545855312	0.000438419976805802	1730.89001088529	1732.89001088529	-1.99999999999886	BM	Atelidae	PLA	Hylobatidae	APE	order
Cebus_olivaceus	Cercopithecus_mona	3290	4768	78.0653383476	0.00867931176228786	0.642973170034035	0.0323909479216853	0.032390947940794	0.000437236184012865	1730.89001088529	1732.89001088529	-1.99999999999886	BM	Cebidae	PLA	Cercopithecidae	OWM	order
Callithrix_jacchus	Eulemur_macaco	317	2370	121.4130573054	0.0120559046332727	0.999999999892104	0.0360749628432562	0.0360749628645355	0.000434916311734076	1730.89001088529	1732.89001088529	-1.99999999999886	BM	Callitrichidae	PLA	Lemuridae	STR	order
Cercopithecus_pogonias	Lemur_catta	4260	2210	121.4130573136	0.0120382876269893	0.999999999959642	0.0360222832151136	0.0360222832363619	0.000433646606341906	1730.89001088529	1732.89001088529	-1.99999999999886	BM	Cercopithecidae	OWM	Lemuridae	STR	order
Trachypithecus_francoisi	Piliocolobus_badius	7700	8360	27.0170263242	0.00387574138234776	0.222521588047378	0.0245897484143565	0.0245897484288664	0.000428288807154971	1730.89001088529	1732.89001088529	-1.99999999999886	BM	Cercopithecidae	OWM	Cercopithecidae	OWM	family
Cercopithecus_petaurista	Eulemur_macaco	4400	2370	121.4130573128	0.0119208409184333	0.999999999953053	0.0356710816950771	0.0356710817161184	0.000425229290295414	1730.89001088529	1732.89001088529	-1.99999999999886	BM	Cercopithecidae	OWM	Lemuridae	STR	order
Cercopithecus_ascanius	Chlorocebus_pygerythrus	3700	4290	23.4097503936	0.00346467790240179	0.192810813850027	0.0236149966282453	0.0236149966421804	0.000424345270627893	1730.89001088529	1732.89001088529	-1.99999999999886	BM	Cercopithecidae	OWM	Cercopithecidae	OWM	family
Leontocebus_fuscicolis	Eulemur_macaco	343	2370	121.4130573054	0.0119032239121499	0.999999999892104	0.0356184008695838	0.0356184008905942	0.000423973800989115	1730.89001088529	1732.89001088529	-1.99999999999886	BM	Callitrichidae	PLA	Lemuridae	STR	order
Sapajus_apella	Eulemur_mongoz	3650	1630	121.413057302	0.0118621175641553	0.9999999998641	0.0354954783371423	0.0354954783580803	0.000421051537088329	1730.89001088529	1732.89001088529	-1.99999999999886	BM	Cebidae	PLA	Lemuridae	STR	order
Ateles_geoffroyi	Macaca_silenus	7450	8900	78.065338354	0.00851488637030947	0.642973170086748	0.0317776446600052	0.0317776446787526	0.000420830986399494	1730.89001088529	1732.89001088529	-1.99999999999886	BM	Atelidae	PLA	Cercopithecidae	OWM	order
Cercopithecus_ascanius	Eulemur_coronatus	3700	1690	121.4130573128	0.0118033942098773	0.999999999953053	0.0353198732544367	0.0353198732752711	0.000416894387484589	1730.89001088529	1732.89001088529	-1.99999999999886	BM	Cercopithecidae	OWM	Lemuridae	STR	order
Eulemur_rubriventer	Hapalemur_griseus	1980	987	47.7997285418	0.00583122907980504	0.393695123057548	0.0278128978855818	0.027812897901992	0.000411951709445853	1730.89001088529	1732.89001088529	-1.99999999999886	BM	Lemuridae	STR	Lemuridae	STR	family
Cebus_olivaceus	Sapajus_apella	3290	3650	12.384149949	0.00211404075400787	0.102000149098568	0.0198117324262494	0.0198117324379413	0.000410615181710342	1730.89001088529	1732.89001088529	-1.99999999999886	BM	Cebidae	PLA	Cebidae	PLA	family
Eulemur_mongoz	Cheirogaleus_medius	1630	283	71.983496225	0.00791003582124611	0.592881011439877	0.0307426510878257	0.0307426511059631	0.000410158980727337	1730.89001088529	1732.89001088529	-1.99999999999886	BM	Lemuridae	STR	Cheirogaleidae	STR	superfamily
Eulemur_macaco	Avahi_laniger	2370	1030	71.9834962231	0.00786892947325151	0.592881011424228	0.0305829681915861	0.0305829682096292	0.000405908125146696	1730.89001088529	1732.89001088529	-1.99999999999886	BM	Lemuridae	STR	Indriidae	STR	superfamily
Cercopithecus_petaurista	Cercopithecus_mona	4400	4768	12.9463432657	0.00216101943743027	0.106630568009981	0.0198073936720386	0.0198073936837278	0.000401424877771468	1730.89001088529	1732.89001088529	-1.99999999999886	BM	Cercopithecidae	OWM	Cercopithecidae	OWM	family
Cheracebus_torquatus	Propithecus_verreauxi	1280	3250	121.4130573063	0.0115685007927653	0.999999999899516	0.034617435884821	0.0346174359052416	0.000400471834517294	1730.89001088529	1732.89001088529	-1.99999999999886	BM	Pitheciidae	PLA	Indriidae	STR	order
Ateles_paniscus	Trachypithecus_francoisi	9110	7700	78.0653383532	0.00827999295319749	0.642973170080159	0.0309014646299098	0.0309014646481406	0.00039793870302121	1730.89001088529	1732.89001088529	-1.99999999999886	BM	Atelidae	PLA	Cercopithecidae	OWM	order
Sapajus_apella	Eulemur_coronatus	3650	1690	121.4130573021	0.0115097774384873	0.999999999864924	0.0344418223238024	0.0344418223441196	0.000396417709576435	1730.89001088529	1732.89001088529	-1.99999999999886	BM	Cebidae	PLA	Lemuridae	STR	order
Saguinus_oedipus	Eulemur_macaco	418	2370	121.4130573053	0.0114627987550649	0.99999999989128	0.0343013302708344	0.0343013302910688	0.000393189245968338	1730.89001088529	1732.89001088529	-1.99999999999886	BM	Callitrichidae	PLA	Lemuridae	STR	order
Cercopithecus_diana	Propithecus_verreauxi	5200	3250	121.4130573137	0.0114510540842093	0.999999999960466	0.034266207089974	0.0342662071101879	0.000392384190663521	1730.89001088529	1732.89001088529	-1.99999999999886	BM	Cercopithecidae	OWM	Indriidae	STR	order
Trachypithecus_cristatus	Nomascus_concolor	6610	7790	62.1515760361	0.00692935580480357	0.51190191078921	0.0289839835558444	0.028983983572945	0.000392341443674984	1730.89001088529	1732.89001088529	-1.99999999999886	BM	Cercopithecidae	OWM	Hylobatidae	APE	order
Alouatta_seniculus	Ateles_geoffroyi	6690	7450	34.5806779974	0.00446297492512772	0.284818443428908	0.0250278354174125	0.0250278354321807	0.000392174750179112	1730.89001088529	1732.89001088529	-1.99999999999886	BM	Atelidae	PLA	Atelidae	PLA	family
Cercopithecus_neglectus	Semnopithecus_vetulus	7350	8170	38.5936741546	0.0048153150507957	0.317870869962183	0.0255610783056011	0.0255610783206838	0.000387215868802863	1730.89001088529	1732.89001088529	-1.99999999999886	BM	Cercopithecidae	OWM	Cercopithecidae	OWM	family
Cercopithecus_cephus	Eulemur_macaco	4290	2370	121.4130573128	0.0112748840213753	0.999999999953053	0.0337393514551728	0.033739351475076	0.000380407274631352	1730.89001088529	1732.89001088529	-1.99999999999886	BM	Cercopithecidae	OWM	Lemuridae	STR	order
Chlorocebus_pygerythrus	Eulemur_macaco	4290	2370	121.413057313	0.0112748840213753	0.9999999999547	0.033739351455145	0.0337393514750483	0.000380407274630412	1730.89001088529	1732.89001088529	-1.99999999999886	BM	Cercopithecidae	OWM	Lemuridae	STR	order
Colobus_angolensis	Colobus_polykomos	9680	9900	6.780108392	0.00129191379411592	0.055843321482416	0.0163633267902237	0.0163633267998811	0.000378559280442751	1730.89001088529	1732.89001088529	-1.99999999999886	BM	Cercopithecidae	OWM	Cercopithecidae	OWM	family
Alouatta_caraya	Nomascus_concolor	6420	7790	78.0653383582	0.0080450995360855	0.642973170121341	0.0300252472961282	0.0300252473138427	0.000375686131736022	1730.89001088529	1732.89001088529	-1.99999999999886	BM	Atelidae	PLA	Hylobatidae	APE	order
Callithrix_jacchus	Cheracebus_torquatus	317	1280	49.0936032056	0.00565505901697105	0.40435192301281	0.0266152749431596	0.026615274958864	0.000372227611618679	1730.89001088529	1732.89001088529	-1.99999999999886	BM	Callitrichidae	PLA	Pitheciidae	PLA	superfamily
Trachypithecus_obscurus	Semnopithecus_vetulus	7900	8170	9.0158535413	0.0015855305655059	0.0742576930391344	0.0174150025128727	0.0174150025231504	0.000371840514463195	1730.89001088529	1732.89001088529	-1.99999999999886	BM	Cercopithecidae	OWM	Cercopithecidae	OWM	family
Callithrix_jacchus	Lemur_catta	317	2210	121.4130573063	0.0111163309648247	0.999999999899517	0.0332651687848788	0.0332651688045026	0.000369786625850626	1730.89001088529	1732.89001088529	-1.99999999999886	BM	Callitrichidae	PLA	Lemuridae	STR	order
Cercopithecus_pogonias	Eulemur_macaco	4260	2370	121.4130573127	0.0110987139585413	0.999999999952229	0.0332124810913679	0.0332124811109608	0.000368615827504163	1730.89001088529	1732.89001088529	-1.99999999999886	BM	Cercopithecidae	OWM	Lemuridae	STR	order
Macaca_nemestrina	Trachypithecus_pileatus	11200	12000	38.5936741546	0.00469786834223971	0.317870869962183	0.0249378429565741	0.0249378429712892	0.000368560676740755	1730.89001088529	1732.89001088529	-1.99999999999886	BM	Cercopithecidae	OWM	Cercopithecidae	OWM	family
Eulemur_rubriventer	Propithecus_verreauxi	1980	3250	71.983496227	0.00745786599330554	0.592881011456349	0.0289860728412256	0.0289860728583276	0.000364616580300058	1730.89001088529	1732.89001088529	-1.99999999999886	BM	Lemuridae	STR	Indriidae	STR	superfamily
Cercopithecus_mona	Hylobates_lar	4768	5900	62.1515760363	0.00664748370426919	0.511901910790857	0.0278054615767817	0.0278054615931878	0.0003610776768459	1730.89001088529	1732.89001088529	-1.99999999999886	BM	Cercopithecidae	OWM	Hylobatidae	APE	order
Cebuella_pygmaea	Eulemur_rubriventer	110	1980	121.4130573067	0.0109812672499853	0.999999999902811	0.0328612261136996	0.0328612261330854	0.000360857906151803	1730.89001088529	1732.89001088529	-1.99999999999886	BM	Callitrichidae	PLA	Lemuridae	STR	order
Leontocebus_fuscicolis	Lemur_catta	343	2210	121.4130573063	0.0109636502437019	0.999999999899517	0.0328085373153872	0.032808537334742	0.000359701328169492	1730.89001088529	1732.89001088529	-1.99999999999886	BM	Callitrichidae	PLA	Lemuridae	STR	order
Callithrix_jacchus	Eulemur_fulvus	317	2180	121.4130573047	0.0109401609019907	0.999999999886338	0.0327382853616849	0.0327382853809982	0.000358162109552829	1730.89001088529	1732.89001088529	-1.99999999999886	BM	Callitrichidae	PLA	Lemuridae	STR	order
Cercopithecus_nictitans	Allenopithecus_nigroviridis	6670	6130	23.4097503898	0.0031710611310118	0.192810813818729	0.0216142380050866	0.0216142380178416	0.000355478350290072	1730.89001088529	1732.89001088529	-1.99999999999886	BM	Cercopithecidae	OWM	Cercopithecidae	OWM	family
Saguinus_midas	Eulemur_macaco	515	2370	121.4130573062	0.0108931822185683	0.999999999898693	0.0325977806919313	0.032597780711162	0.00035509356503411	1730.89001088529	1732.89001088529	-1.99999999999886	BM	Callitrichidae	PLA	Lemuridae	STR	order
Alouatta_seniculus	Macaca_fascicularis	6690	5360	78.065338357	0.00781020611897352	0.642973170111457	0.0291489937177051	0.0291489937349031	0.000354073326351202	1730.89001088529	1732.89001088529	-1.99999999999886	BM	Atelidae	PLA	Cercopithecidae	OWM	order
Cercopithecus_nictitans	Nomascus_concolor	6670	7790	62.1515760358	0.00657701567913559	0.511901910786739	0.0275108214948961	0.0275108215111284	0.000353464405006319	1730.89001088529	1732.89001088529	-1.99999999999886	BM	Cercopithecidae	OWM	Hylobatidae	APE	order
Leontocebus_fuscicolis	Cheracebus_torquatus	343	1280	49.0936032056	0.00550237829584826	0.40435192301281	0.0258969460454468	0.0258969460607276	0.000352402908801563	1730.89001088529	1732.89001088529	-1.99999999999886	BM	Callitrichidae	PLA	Pitheciidae	PLA	superfamily
Macaca_silenus	Colobus_angolensis	8900	9680	38.593674155	0.00458042163368372	0.317870869965478	0.024314592381749	0.0243145923960966	0.000350365810404897	1730.89001088529	1732.89001088529	-1.99999999999886	BM	Cercopithecidae	OWM	Cercopithecidae	OWM	family
Ateles_geoffroyi	Allenopithecus_nigroviridis	7450	6130	78.065338349	0.00775148276469552	0.642973170045566	0.0289299247849541	0.0289299248020228	0.000348770094619371	1730.89001088529	1732.89001088529	-1.99999999999886	BM	Atelidae	PLA	Cercopithecidae	OWM	order
Ateles_paniscus	Nomascus_concolor	9110	7790	78.065338355	0.00775148276469552	0.642973170094985	0.0289299247838428	0.0289299248009116	0.000348770094579168	1730.89001088529	1732.89001088529	-1.99999999999886	BM	Atelidae	PLA	Hylobatidae	APE	order
Leontocebus_fuscicolis	Eulemur_fulvus	343	2180	121.4130573047	0.0107874801808679	0.999999999886338	0.0322816414921907	0.032281641511235	0.000348237567842472	1730.89001088529	1732.89001088529	-1.99999999999886	BM	Callitrichidae	PLA	Lemuridae	STR	order
Cacajao_calvus	Cercopithecus_mona	3450	4768	78.0653383526	0.00773973809383992	0.642973170075217	0.028886110734975	0.0288861107520179	0.000347714246944722	1730.89001088529	1732.89001088529	-1.99999999999886	BM	Pitheciidae	PLA	Cercopithecidae	OWM	order
Presbytis_comata	Nomascus_concolor	6680	7790	62.151576035	0.0065182923248576	0.51190191078015	0.027265285223649	0.0272652852397365	0.000347181941824579	1730.89001088529	1732.89001088529	-1.99999999999886	BM	Cercopithecidae	OWM	Hylobatidae	APE	order
Macaca_silenus	Nomascus_concolor	8900	7790	62.151576037	0.0065182923248576	0.511901910796623	0.0272652852232105	0.027265285239298	0.000347181941807822	1730.89001088529	1732.89001088529	-1.99999999999886	BM	Cercopithecidae	OWM	Hylobatidae	APE	order
Cacajao_calvus	Eulemur_mongoz	3450	1630	121.413057306	0.0106876504785953	0.999999999897046	0.0319830609215207	0.031983060940389	0.000341823776400026	1730.89001088529	1732.89001088529	-1.99999999999886	BM	Pitheciidae	PLA	Lemuridae	STR	order
Cebuella_pygmaea	Plecturocebus_moloch	110	1020	49.0936032069	0.00534382523929767	0.404351923023517	0.0251509668878864	0.0251509669027273	0.000332389594300038	1730.89001088529	1732.89001088529	-1.99999999999886	BM	Callitrichidae	PLA	Pitheciidae	PLA	superfamily
Saguinus_oedipus	Lemur_catta	418	2210	121.4130573062	0.0105232250866169	0.999999999898693	0.0314912714038624	0.031491271422441	0.00033138973728016	1730.89001088529	1732.89001088529	-1.99999999999886	BM	Callitrichidae	PLA	Lemuridae	STR	order
Alouatta_caraya	Trachypithecus_francoisi	6420	7700	78.0653383564	0.00751658934758353	0.642973170106516	0.0280536273838026	0.0280536274003549	0.000327957069684939	1730.89001088529	1732.89001088529	-1.99999999999886	BM	Atelidae	PLA	Cercopithecidae	OWM	order
Cebuella_pygmaea	Saimiri_oerstedii	110	897	41.3912937961	0.00462152798167831	0.340913034481285	0.0236894020622207	0.0236894020761997	0.000321141239631279	1730.89001088529	1732.89001088529	-1.99999999999886	BM	Callitrichidae	PLA	Cebidae	PLA	superfamily
Saguinus_oedipus	Eulemur_fulvus	418	2180	121.4130573046	0.010347055023783	0.999999999885515	0.0309643407784186	0.0309643407966867	0.000320389737846143	1730.89001088529	1732.89001088529	-1.99999999999886	BM	Callitrichidae	PLA	Lemuridae	STR	order
Cacajao_calvus	Eulemur_coronatus	3450	1690	121.4130573061	0.0103353103529274	0.999999999897869	0.0309292115866427	0.0309292116048899	0.000319663000751957	1730.89001088529	1732.89001088529	-1.99999999999886	BM	Pitheciidae	PLA	Lemuridae	STR	order
Cercopithecus_neglectus	Trachypithecus_cristatus	7350	6610	38.5936741547	0.00434552821657173	0.317870869963007	0.0230680470765925	0.023068047090205	0.000315357143245633	1730.89001088529	1732.89001088529	-1.99999999999886	BM	Cercopithecidae	OWM	Cercopithecidae	OWM	family
Macaca_fascicularis	Allochrocebus_lhoesti	5360	5970	29.8369393139	0.00358212461095778	0.245747368305119	0.0216270456822492	0.0216270456950117	0.00031524558384896	1730.89001088529	1732.89001088529	-1.99999999999886	BM	Cercopithecidae	OWM	Cercopithecidae	OWM	family
Lemur_catta	Avahi_laniger	2210	1030	71.983496224	0.00692935580480357	0.59288101143164	0.0269327518030084	0.0269327518188998	0.000314779216144668	1730.89001088529	1732.89001088529	-1.99999999999886	BM	Lemuridae	STR	Indriidae	STR	superfamily
Alouatta_palliata	Hylobates_lar	7150	5900	78.0653383587	0.00734041928474955	0.642973170125459	0.027396382050018	0.027396382066183	0.000312767220276204	1730.89001088529	1732.89001088529	-1.99999999999886	BM	Atelidae	PLA	Hylobatidae	APE	order
Alouatta_seniculus	Cercopithecus_mitis	6690	7930	78.0653383562	0.00728169593047155	0.642973170104868	0.0271772961162679	0.0271772961323036	0.000307783925881031	1730.89001088529	1732.89001088529	-1.99999999999886	BM	Atelidae	PLA	Cercopithecidae	OWM	order
Macaca_silenus	Semnopithecus_vetulus	8900	8170	38.593674155	0.00428680486229373	0.317870869965478	0.0227564018283722	0.022756401841801	0.000306892714065843	1730.89001088529	1732.89001088529	-1.99999999999886	BM	Cercopithecidae	OWM	Cercopithecidae	OWM	family
Cercopithecus_ascanius	Eulemur_rubriventer	3700	1980	121.4130573137	0.0101004169358154	0.999999999960466	0.0302266152413843	0.0302266152592174	0.000305301416508523	1730.89001088529	1732.89001088529	-1.99999999999886	BM	Cercopithecidae	OWM	Lemuridae	STR	order
Eulemur_fulvus	Avahi_laniger	2180	1030	71.9834962224	0.00675318574196958	0.592881011418462	0.0262482711146975	0.0262482711301853	0.000298979806789622	1730.89001088529	1732.89001088529	-1.99999999999886	BM	Lemuridae	STR	Indriidae	STR	superfamily
Saguinus_oedipus	Cheracebus_torquatus	418	1280	49.0936032055	0.00506195313876329	0.404351923011986	0.0238247278155757	0.0238247278296344	0.000298254191170644	1730.89001088529	1732.89001088529	-1.99999999999886	BM	Callitrichidae	PLA	Pitheciidae	PLA	superfamily
Alouatta_caraya	Cercopithecus_diana	6420	5200	78.0653383569	0.00716424922191556	0.642973170110634	0.0267391181122875	0.0267391181280648	0.0002979373246596	1730.89001088529	1732.89001088529	-1.99999999999886	BM	Atelidae	PLA	Cercopithecidae	OWM	order
Macaca_fascicularis	Cercopithecus_mona	5360	4768	29.8369393142	0.00347642257325738	0.24574736830759	0.0209890200274454	0.0209890200398316	0.000296917535746033	1730.89001088529	1732.89001088529	-1.99999999999886	BM	Cercopithecidae	OWM	Cercopithecidae	OWM	family
Saguinus_midas	Lemur_catta	515	2210	121.4130573071	0.00995360855012038	0.999999999906106	0.0297874805785045	0.0297874805960787	0.000296492921400586	1730.89001088529	1732.89001088529	-1.99999999999886	BM	Callitrichidae	PLA	Lemuridae	STR	order
Saimiri_oerstedii	Saimiri_sciureus	897	779	3.4920815264	0.000692935580480357	0.0287619931787016	0.0122298322985435	0.0122298323057617	0.000294641817426062	1730.89001088529	1732.89001088529	-1.99999999999886	BM	Cebidae	PLA	Cebidae	PLA	family
Ateles_paniscus	Trachypithecus_obscurus	9110	7900	78.0653383523	0.00710552586763756	0.642973170072746	0.0265200260764353	0.0265200260920834	0.000293074019364157	1730.89001088529	1732.89001088529	-1.99999999999886	BM	Atelidae	PLA	Cercopithecidae	OWM	order
Alouatta_seniculus	Trachypithecus_obscurus	6690	7900	78.0653383557	0.00710552586763756	0.64297317010075	0.0265200260758581	0.0265200260915061	0.000293074019345014	1730.89001088529	1732.89001088529	-1.99999999999886	BM	Atelidae	PLA	Cercopithecidae	OWM	order
Alouatta_palliata	Piliocolobus_badius	7150	8360	78.065338356	0.00710552586763756	0.642973170103221	0.026520026075807	0.0265200260914552	0.000293074019343324	1730.89001088529	1732.89001088529	-1.99999999999886	BM	Atelidae	PLA	Cercopithecidae	OWM	order
Allochrocebus_lhoesti	Presbytis_comata	5970	6680	38.5936741523	0.00416935815373774	0.31787086994324	0.0221331009595088	0.0221331009725699	0.000290309159091888	1730.89001088529	1732.89001088529	-1.99999999999886	BM	Cercopithecidae	OWM	Cercopithecidae	OWM	family
Sapajus_apella	Eulemur_rubriventer	3650	1980	121.413057303	0.00980680016442539	0.999999999872337	0.0293483368837601	0.0293483369010756	0.000287813275014013	1730.89001088529	1732.89001088529	-1.99999999999886	BM	Cebidae	PLA	Lemuridae	STR	order
Presbytis_comata	Hylobates_klossii	6680	5670	62.1515760353	0.00593105878207763	0.511901910782621	0.0248097842225725	0.0248097842372123	0.00028745407175717	1730.89001088529	1732.89001088529	-1.99999999999886	BM	Cercopithecidae	OWM	Hylobatidae	APE	order
Saguinus_midas	Eulemur_fulvus	515	2180	121.4130573055	0.00977743848728639	0.999999999892927	0.0292605070723311	0.0292605070895948	0.000286092808037158	1730.89001088529	1732.89001088529	-1.99999999999886	BM	Callitrichidae	PLA	Lemuridae	STR	order
Callithrix_jacchus	Eulemur_rubriventer	317	1980	121.4130573063	0.0097656938164308	0.999999999899517	0.0292253750483591	0.0292253750656021	0.00028540606442131	1730.89001088529	1732.89001088529	-1.99999999999886	BM	Callitrichidae	PLA	Lemuridae	STR	order
Cebus_olivaceus	Eulemur_mongoz	3290	1630	121.413057301	0.0097480768101474	0.999999999855864	0.0291726769068682	0.0291726769240802	0.000284377495286753	1730.89001088529	1732.89001088529	-1.99999999999886	BM	Cebidae	PLA	Lemuridae	STR	order
Cercopithecus_nictitans	Hylobates_klossii	6670	5670	62.1515760361	0.00587233542779964	0.51190191078921	0.0245642208052741	0.0245642208197687	0.000281790985833031	1730.89001088529	1732.89001088529	-1.99999999999886	BM	Cercopithecidae	OWM	Hylobatidae	APE	order
Ateles_paniscus	Cercopithecus_mitis	9110	7930	78.0653383528	0.00692935580480357	0.642973170076864	0.0258627380258546	0.0258627380411151	0.000278724093333701	1730.89001088529	1732.89001088529	-1.99999999999886	BM	Atelidae	PLA	Cercopithecidae	OWM	order
Alouatta_palliata	Allochrocebus_lhoesti	7150	5970	78.0653383553	0.00692935580480357	0.642973170097455	0.0258627380254405	0.0258627380407011	0.000278724093320313	1730.89001088529	1732.89001088529	-1.99999999999886	BM	Atelidae	PLA	Cercopithecidae	OWM	order
Cercopithecus_mona	Chlorocebus_pygerythrus	4768	4290	23.4097503935	0.00280697633448823	0.192810813849204	0.0191331098503099	0.0191331098616014	0.000278543435831285	1730.89001088529	1732.89001088529	-1.99999999999886	BM	Cercopithecidae	OWM	Cercopithecidae	OWM	family
Leontocebus_fuscicolis	Eulemur_rubriventer	343	1980	121.4130573063	0.009613013095308	0.999999999899517	0.02876865360197	0.0287686536189436	0.000276553443837906	1730.89001088529	1732.89001088529	-1.99999999999886	BM	Callitrichidae	PLA	Lemuridae	STR	order
Aotus_trivirgatus	Cebuella_pygmaea	813	110	40.5102348762	0.00412825180574314	0.333656328000459	0.0213903849528981	0.0213903849655211	0.000264658236325196	1730.89001088529	1732.89001088529	-1.99999999999886	BM	Aotidae	PLA	Callitrichidae	PLA	superfamily
Cebus_olivaceus	Eulemur_coronatus	3290	1690	121.4130573011	0.00939573668447942	0.999999999856688	0.0281186876218581	0.0281186876384488	0.000264195784845972	1730.89001088529	1732.89001088529	-1.99999999999886	BM	Cebidae	PLA	Lemuridae	STR	order
Saimiri_sciureus	Eulemur_macaco	779	2370	121.4130573001	0.00934288566562922	0.999999999848451	0.0279605849485625	0.0279605849650599	0.000261232548358122	1730.89001088529	1732.89001088529	-1.99999999999886	BM	Cebidae	PLA	Lemuridae	STR	order
Eulemur_fulvus	Propithecus_verreauxi	2180	3250	71.9834962254	0.00628339890774561	0.592881011443171	0.0244228961359581	0.0244228961503695	0.000258835746031264	1730.89001088529	1732.89001088529	-1.99999999999886	BM	Lemuridae	STR	Indriidae	STR	superfamily
Cercopithecus_neglectus	Presbytis_comata	7350	6680	38.5936741536	0.00393446473662576	0.317870869953947	0.0208864590576812	0.0208864590700071	0.000258523332595183	1730.89001088529	1732.89001088529	-1.99999999999886	BM	Cercopithecidae	OWM	Cercopithecidae	OWM	family
Cebuella_pygmaea	Eulemur_coronatus	110	1690	121.4130573058	0.00927828997592342	0.999999999895398	0.0277673468555546	0.0277673468719382	0.00025763349601483	1730.89001088529	1732.89001088529	-1.99999999999886	BM	Callitrichidae	PLA	Lemuridae	STR	order
Cebuella_pygmaea	Callithrix_jacchus	110	317	8.0860732424	0.00121557343355452	0.0665997004027993	0.0140986197244063	0.0140986197327275	0.000257327097316128	1730.89001088529	1732.89001088529	-1.99999999999886	BM	Callitrichidae	PLA	Callitrichidae	PLA	family
Saguinus_oedipus	Eulemur_rubriventer	418	1980	121.4130573062	0.00917258793822303	0.999999999898693	0.027451135557207	0.0274511355734042	0.000251797954928071	1730.89001088529	1732.89001088529	-1.99999999999886	BM	Callitrichidae	PLA	Lemuridae	STR	order
Sapajus_apella	Cercopithecus_mona	3650	4768	78.0653383486	0.00656527100827999	0.642973170042272	0.0245042875666179	0.0245042875810774	0.000250208400964998	1730.89001088529	1732.89001088529	-1.99999999999886	BM	Cebidae	PLA	Cercopithecidae	OWM	order
Aotus_trivirgatus	Eulemur_macaco	813	2370	121.4130573092	0.00914322626108403	0.999999999923402	0.0273632983172122	0.0273632983333576	0.000250188827782975	1730.89001088529	1732.89001088529	-1.99999999999886	BM	Aotidae	PLA	Lemuridae	STR	order
Trachypithecus_cristatus	Hylobates_klossii	6610	5670	62.1515760364	0.00551999530213166	0.511901910791681	0.0230907922233699	0.0230907922369959	0.000248995094389032	1730.89001088529	1732.89001088529	-1.99999999999886	BM	Cercopithecidae	OWM	Hylobatidae	APE	order
Cebus_olivaceus	Cercopithecus_petaurista	3290	4400	78.0653383477	0.0065182923248576	0.642973170034859	0.0243289983756625	0.0243289983900186	0.000246640965399779	1730.89001088529	1732.89001088529	-1.99999999999886	BM	Cebidae	PLA	Cercopithecidae	OWM	order
Semnopithecus_entellus	Colobus_guereza	13000	13500	27.0170263237	0.00293616771389982	0.22252158804326	0.0186298540541565	0.0186298540651511	0.000245820535748854	1730.89001088529	1732.89001088529	-1.99999999999886	BM	Cercopithecidae	OWM	Cercopithecidae	OWM	family
Lemur_catta	Propithecus_verreauxi	2210	3250	71.983496227	0.00610722884491162	0.592881011456349	0.0237383470274467	0.0237383470414545	0.000244527173067033	1730.89001088529	1732.89001088529	-1.99999999999886	BM	Lemuridae	STR	Indriidae	STR	superfamily
Alouatta_seniculus	Nomascus_concolor	6690	7790	78.0653383584	0.0064595689705796	0.642973170122988	0.0241098852338307	0.0241098852480576	0.000242217675289465	1730.89001088529	1732.89001088529	-1.99999999999886	BM	Atelidae	PLA	Hylobatidae	APE	order
Cebuella_pygmaea	Eulemur_mongoz	110	1630	121.4130573057	0.00892594985025545	0.999999999894575	0.0267132924997337	0.0267132925154956	0.000238441509212966	1730.89001088529	1732.89001088529	-1.99999999999886	BM	Callitrichidae	PLA	Lemuridae	STR	order
Cercopithecus_ascanius	Eulemur_fulvus	3700	2180	121.4130573121	0.00892594985025545	0.999999999947287	0.0267132924990298	0.0267132925147918	0.000238441509194114	1730.89001088529	1732.89001088529	-1.99999999999886	BM	Cercopithecidae	OWM	Lemuridae	STR	order
Cercopithecus_mona	Propithecus_verreauxi	4768	3250	121.4130573126	0.00891420517939985	0.999999999951406	0.0266781565400344	0.0266781565557757	0.000237814561217571	1730.89001088529	1732.89001088529	-1.99999999999886	BM	Cercopithecidae	OWM	Indriidae	STR	order
Allochrocebus_lhoesti	Trachypithecus_cristatus	5970	6610	38.5936741534	0.00375829467379177	0.3178708699523	0.0199514439876403	0.0199514439994145	0.000235892661961933	1730.89001088529	1732.89001088529	-1.99999999999886	BM	Cercopithecidae	OWM	Cercopithecidae	OWM	family
Saguinus_midas	Cheracebus_torquatus	515	1280	49.0936032064	0.00449233660226672	0.404351923019399	0.0211444224482579	0.0211444224607358	0.000234913839876908	1730.89001088529	1732.89001088529	-1.99999999999886	BM	Callitrichidae	PLA	Pitheciidae	PLA	superfamily
Cebuella_pygmaea	Saimiri_sciureus	110	779	41.3912937957	0.00392859240119796	0.34091303447799	0.020138317656923	0.0201383176688074	0.000232068691187008	1730.89001088529	1732.89001088529	-1.99999999999886	BM	Callitrichidae	PLA	Cebidae	PLA	superfamily
Cercopithecus_mona	Hylobates_klossii	4768	5670	62.1515760359	0.00529684655587527	0.511901910787562	0.0221575797175816	0.0221575797306571	0.000229273025437699	1730.89001088529	1732.89001088529	-1.99999999999886	BM	Cercopithecidae	OWM	Hylobatidae	APE	order
Cercopithecus_ascanius	Lemur_catta	3700	2210	121.4130573137	0.00874977978742146	0.999999999960466	0.0261862477095815	0.0261862477250328	0.000229123900926766	1730.89001088529	1732.89001088529	-1.99999999999886	BM	Cercopithecidae	OWM	Lemuridae	STR	order
Alouatta_caraya	Macaca_fascicularis	6420	5360	78.0653383568	0.00622467555346761	0.64297317010981	0.0232334146450051	0.0232334146587151	0.00022492457677455	1730.89001088529	1732.89001088529	-1.99999999999886	BM	Atelidae	PLA	Cercopithecidae	OWM	order
Saimiri_oerstedii	Eulemur_macaco	897	2370	121.4130573005	0.00864995008514886	0.999999999851746	0.0258875839067629	0.0258875839220381	0.0002239263086518	1730.89001088529	1732.89001088529	-1.99999999999886	BM	Cebidae	PLA	Lemuridae	STR	order
Sapajus_apella	Eulemur_fulvus	3650	2180	121.4130573014	0.00863233307886547	0.999999999859158	0.0258348781514562	0.0258348781667003	0.000223015273286684	1730.89001088529	1732.89001088529	-1.99999999999886	BM	Cebidae	PLA	Lemuridae	STR	order
Cacajao_calvus	Eulemur_rubriventer	3450	1980	121.413057307	0.00863233307886547	0.999999999905282	0.0258348781508606	0.0258348781661047	0.000223015273271256	1730.89001088529	1732.89001088529	-1.99999999999886	BM	Pitheciidae	PLA	Lemuridae	STR	order
Saguinus_midas	Eulemur_rubriventer	515	1980	121.4130573071	0.00860297140172647	0.999999999906106	0.0257470349749259	0.0257470349901181	0.000221501005589336	1730.89001088529	1732.89001088529	-1.99999999999886	BM	Callitrichidae	PLA	Lemuridae	STR	order
Sapajus_apella	Lemur_catta	3650	2210	121.413057303	0.00845616301603148	0.999999999872337	0.0253078144325889	0.0253078144475222	0.000214007004448767	1730.89001088529	1732.89001088529	-1.99999999999886	BM	Cebidae	PLA	Lemuridae	STR	order
Saimiri_sciureus	Lemur_catta	779	2210	121.413057301	0.00840331199718128	0.999999999855864	0.0251496931517784	0.0251496931666184	0.000211340718218229	1730.89001088529	1732.89001088529	-1.99999999999886	BM	Cebidae	PLA	Lemuridae	STR	order
Alouatta_palliata	Allenopithecus_nigroviridis	7150	6130	78.065338352	0.00598978213635563	0.642973170070275	0.0223569160044072	0.0223569160176003	0.000208271608117902	1730.89001088529	1732.89001088529	-1.99999999999886	BM	Atelidae	PLA	Cercopithecidae	OWM	order
Alouatta_palliata	Semnopithecus_vetulus	7150	8170	78.065338356	0.00598978213635563	0.642973170103221	0.0223569160038346	0.0223569160170277	0.000208271608101896	1730.89001088529	1732.89001088529	-1.99999999999886	BM	Atelidae	PLA	Cercopithecidae	OWM	order
Alouatta_seniculus	Hylobates_klossii	6690	5670	78.0653383587	0.00598978213635563	0.642973170125459	0.0223569160034482	0.0223569160166411	0.000208271608091093	1730.89001088529	1732.89001088529	-1.99999999999886	BM	Atelidae	PLA	Hylobatidae	APE	order
Trachypithecus_obscurus	Piliocolobus_badius	7900	8360	27.0170263233	0.00270127429678783	0.222521588039966	0.0171397049672235	0.017139704977339	0.000208065405654808	1730.89001088529	1732.89001088529	-1.99999999999886	BM	Cercopithecidae	OWM	Cercopithecidae	OWM	family
Papio_hamadryas	Nasalis_larvatus	21000	20400	38.5936741529	0.00352340125667978	0.317870869948181	0.0187047148102093	0.0187047148212481	0.000207330151639475	1730.89001088529	1732.89001088529	-1.99999999999886	BM	Cercopithecidae	OWM	Cercopithecidae	OWM	family
Erythrocebus_patas	Semnopithecus_entellus	12400	13000	38.5936741537	0.00352340125667978	0.31787086995477	0.0187047148100155	0.0187047148210542	0.000207330151633029	1730.89001088529	1732.89001088529	-1.99999999999886	BM	Cercopithecidae	OWM	Cercopithecidae	OWM	family
Eulemur_coronatus	Hapalemur_griseus	1690	987	47.7997285409	0.00412825180574314	0.393695123050135	0.0196922889916967	0.0196922890033181	0.000206491578964354	1730.89001088529	1732.89001088529	-1.99999999999886	BM	Lemuridae	STR	Lemuridae	STR	family
Alouatta_seniculus	Trachypithecus_francoisi	6690	7700	78.0653383566	0.00593105878207763	0.642973170108163	0.0221377870842192	0.022137787097283	0.000204208390965264	1730.89001088529	1732.89001088529	-1.99999999999886	BM	Atelidae	PLA	Cercopithecidae	OWM	order
Eulemur_rubriventer	Avahi_laniger	1980	1030	71.983496224	0.00557871865640965	0.59288101143164	0.0216845968134122	0.0216845968262088	0.000204041388520084	1730.89001088529	1732.89001088529	-1.99999999999886	BM	Lemuridae	STR	Indriidae	STR	superfamily
Saimiri_sciureus	Eulemur_fulvus	779	2180	121.4130572994	0.00822714193434729	0.999999999842686	0.0246226151117997	0.0246226151263289	0.000202573749351448	1730.89001088529	1732.89001088529	-1.99999999999886	BM	Cebidae	PLA	Lemuridae	STR	order
Aotus_trivirgatus	Lemur_catta	813	2210	121.4130573101	0.00820365259263609	0.999999999930815	0.0245523372213063	0.024552337235794	0.00020141884491478	1730.89001088529	1732.89001088529	-1.99999999999886	BM	Aotidae	PLA	Lemuridae	STR	order
Cebus_olivaceus	Cercopithecus_cephus	3290	4290	78.0653383477	0.00587233542779964	0.642973170034859	0.021918656495311	0.0219186565082454	0.000200185185114655	1730.89001088529	1732.89001088529	-1.99999999999886	BM	Cebidae	PLA	Cercopithecidae	OWM	order
Cebus_olivaceus	Chlorocebus_pygerythrus	3290	4290	78.0653383479	0.00587233542779964	0.642973170036506	0.0219186564952828	0.0219186565082174	0.000200185185113886	1730.89001088529	1732.89001088529	-1.99999999999886	BM	Cebidae	PLA	Cercopithecidae	OWM	order
Callithrix_jacchus	Plecturocebus_moloch	317	1020	49.0936032065	0.00412825180574314	0.404351923020223	0.0194311106015325	0.0194311106129998	0.000198382925519954	1730.89001088529	1732.89001088529	-1.99999999999886	BM	Callitrichidae	PLA	Pitheciidae	PLA	superfamily
Callithrix_jacchus	Eulemur_coronatus	317	1690	121.4130573054	0.0080627165423689	0.999999999892104	0.0241306659017788	0.0241306659160179	0.000194558719165642	1730.89001088529	1732.89001088529	-1.99999999999886	BM	Callitrichidae	PLA	Lemuridae	STR	order
Aotus_trivirgatus	Eulemur_fulvus	813	2180	121.4130573085	0.0080274825298021	0.999999999917636	0.0240252470131414	0.0240252470273183	0.000192862250688057	1730.89001088529	1732.89001088529	-1.99999999999886	BM	Aotidae	PLA	Lemuridae	STR	order
Eulemur_rubriventer	Eulemur_macaco	1980	2370	22.8374257191	0.00229021081684186	0.188096949566068	0.0158055755463032	0.0158055755556315	0.000192443844336989	1730.89001088529	1732.89001088529	-1.99999999999886	BM	Lemuridae	STR	Lemuridae	STR	family
Cebus_olivaceus	Cercopithecus_pogonias	3290	4260	78.0653383476	0.00569616536496565	0.642973170034035	0.0212612548663323	0.0212612548788792	0.000188355640996495	1730.89001088529	1732.89001088529	-1.99999999999886	BM	Cebidae	PLA	Cercopithecidae	OWM	order
Plecturocebus_moloch	Eulemur_macaco	1020	2370	121.4130573073	0.00792765282752951	0.999999999907753	0.0237265578901574	0.0237265579041583	0.0001880959137628	1730.89001088529	1732.89001088529	-1.99999999999886	BM	Pitheciidae	PLA	Lemuridae	STR	order
Leontocebus_fuscicolis	Eulemur_coronatus	343	1690	121.4130573054	0.00791003582124611	0.999999999892104	0.0236738476985317	0.0236738477125015	0.000187260983342316	1730.89001088529	1732.89001088529	-1.99999999999886	BM	Callitrichidae	PLA	Lemuridae	STR	order
Leontocebus_fuscicolis	Plecturocebus_moloch	343	1020	49.0936032065	0.00397557108462035	0.404351923020223	0.0187125978568782	0.0187125978679215	0.00018398147436092	1730.89001088529	1732.89001088529	-1.99999999999886	BM	Callitrichidae	PLA	Pitheciidae	PLA	superfamily
Cercopithecus_ascanius	Eulemur_macaco	3700	2370	121.4130573128	0.00781020611897352	0.999999999953053	0.0233751546649282	0.0233751546787216	0.000182564776004545	1730.89001088529	1732.89001088529	-1.99999999999886	BM	Cercopithecidae	OWM	Lemuridae	STR	order
Cacajao_calvus	Cercopithecus_petaurista	3450	4400	78.0653383527	0.00557871865640965	0.642973170076041	0.0208229790628801	0.0208229790751684	0.000180669345450882	1730.89001088529	1732.89001088529	-1.99999999999886	BM	Pitheciidae	PLA	Cercopithecidae	OWM	order
Saimiri_oerstedii	Lemur_catta	897	2210	121.4130573014	0.00771037641670092	0.999999999859158	0.0230764583553631	0.0230764583689805	0.000177928180309232	1730.89001088529	1732.89001088529	-1.99999999999886	BM	Cebidae	PLA	Lemuridae	STR	order
Callithrix_jacchus	Eulemur_mongoz	317	1630	121.4130573053	0.00771037641670092	0.99999999989128	0.0230764583549926	0.0230764583686101	0.00017792818030066	1730.89001088529	1732.89001088529	-1.99999999999886	BM	Callitrichidae	PLA	Lemuridae	STR	order
Cebus_olivaceus	Eulemur_rubriventer	3290	1980	121.413057302	0.00769275941041752	0.9999999998641	0.02302374690456	0.0230237469181464	0.000177116145687195	1730.89001088529	1732.89001088529	-1.99999999999886	BM	Cebidae	PLA	Lemuridae	STR	order
Ateles_paniscus	Semnopithecus_vetulus	9110	8170	78.065338353	0.00551999530213166	0.642973170078512	0.0206038387960179	0.020603838808177	0.000176886219600748	1730.89001088529	1732.89001088529	-1.99999999999886	BM	Atelidae	PLA	Cercopithecidae	OWM	order
Eulemur_macaco	Propithecus_verreauxi	2370	3250	71.9834962261	0.00516765517646368	0.592881011448937	0.0200871354547723	0.0200871354666266	0.000175083005710533	1730.89001088529	1732.89001088529	-1.99999999999886	BM	Lemuridae	STR	Indriidae	STR	superfamily
Callithrix_jacchus	Saimiri_oerstedii	317	897	41.3912937957	0.00340595454812379	0.34091303447799	0.0174596895346711	0.0174596895449753	0.00017443424851883	1730.89001088529	1732.89001088529	-1.99999999999886	BM	Callitrichidae	PLA	Cebidae	PLA	superfamily
Allenopithecus_nigroviridis	Presbytis_comata	6130	6680	38.593674149	0.0032297844852898	0.31787086991606	0.0171462394488625	0.0171462394589817	0.000174217468142406	1730.89001088529	1732.89001088529	-1.99999999999886	BM	Cercopithecidae	OWM	Cercopithecidae	OWM	family
Cercopithecus_neglectus	Trachypithecus_obscurus	7350	7900	38.5936741539	0.0032297844852898	0.317870869956418	0.0171462394477742	0.0171462394578935	0.000174217468109229	1730.89001088529	1732.89001088529	-1.99999999999886	BM	Cercopithecidae	OWM	Cercopithecidae	OWM	family
Alouatta_caraya	Cercopithecus_neglectus	6420	7350	78.0653383568	0.00546127194785366	0.64297317010981	0.0203846969737777	0.0203846969858076	0.000173143109111966	1730.89001088529	1732.89001088529	-1.99999999999886	BM	Atelidae	PLA	Cercopithecidae	OWM	order
Eulemur_mongoz	Hapalemur_griseus	1630	987	47.7997285408	0.00377591168007517	0.393695123049312	0.0180118803918733	0.0180118804025034	0.000172751110110329	1730.89001088529	1732.89001088529	-1.99999999999886	BM	Lemuridae	STR	Lemuridae	STR	family
Presbytis_comata	Hylobates_lar	6680	5900	62.1515760357	0.00458042163368372	0.511901910785915	0.019161277782391	0.019161277793699	0.00017145224394404	1730.89001088529	1732.89001088529	-1.99999999999886	BM	Cercopithecidae	OWM	Hylobatidae	APE	order
Leontocebus_fuscicolis	Eulemur_mongoz	343	1630	121.4130573053	0.00755769569557813	0.99999999989128	0.0226196224586203	0.0226196224719682	0.000170952223309703	1730.89001088529	1732.89001088529	-1.99999999999886	BM	Callitrichidae	PLA	Lemuridae	STR	order
Saimiri_oerstedii	Eulemur_fulvus	897	2180	121.4130572998	0.00753420635386693	0.99999999984598	0.0225493393512643	0.0225493393645708	0.000169891375841964	1730.89001088529	1732.89001088529	-1.99999999999886	BM	Cebidae	PLA	Lemuridae	STR	order
Sapajus_apella	Eulemur_macaco	3650	2370	121.4130573021	0.00751658934758353	0.999999999864924	0.0224966269052368	0.0224966269185123	0.000169097906175305	1730.89001088529	1732.89001088529	-1.99999999999886	BM	Cebidae	PLA	Lemuridae	STR	order
Macaca_silenus	Piliocolobus_badius	8900	8360	38.593674155	0.0031710611310118	0.317870869965478	0.0168345363320587	0.0168345363419941	0.000167940345798264	1730.89001088529	1732.89001088529	-1.99999999999886	BM	Cercopithecidae	OWM	Cercopithecidae	OWM	family
Cebuella_pygmaea	Saguinus_midas	110	515	26.3249190832	0.00237829584825885	0.216821153050635	0.0152877162615136	0.0152877162705363	0.000167689875284568	1730.89001088529	1732.89001088529	-1.99999999999886	BM	Callitrichidae	PLA	Callitrichidae	PLA	family
Cercopithecus_nictitans	Hylobates_lar	6670	5900	62.1515760365	0.00452169827940572	0.511901910792504	0.0189156667015384	0.0189156667127016	0.000167084622610107	1730.89001088529	1732.89001088529	-1.99999999999886	BM	Cercopithecidae	OWM	Hylobatidae	APE	order
Saguinus_oedipus	Eulemur_coronatus	418	1690	121.4130573053	0.00746961066416114	0.99999999989128	0.0223560599031053	0.0223560599162979	0.000166991063479016	1730.89001088529	1732.89001088529	-1.99999999999886	BM	Callitrichidae	PLA	Lemuridae	STR	order
Cacajao_calvus	Eulemur_fulvus	3450	2180	121.4130573054	0.00745786599330554	0.999999999892104	0.0223209180439915	0.0223209180571633	0.000166466415637606	1730.89001088529	1732.89001088529	-1.99999999999886	BM	Pitheciidae	PLA	Lemuridae	STR	order
Ateles_geoffroyi	Piliocolobus_badius	7450	8360	78.065338353	0.00534382523929767	0.642973170078512	0.0199464087321437	0.0199464087439148	0.000165776936544897	1730.89001088529	1732.89001088529	-1.99999999999886	BM	Atelidae	PLA	Cercopithecidae	OWM	order
Leontocebus_fuscicolis	Saimiri_oerstedii	343	897	41.3912937957	0.003253273827001	0.34091303447799	0.0166771304603274	0.0166771304701699	0.000159146956991951	1730.89001088529	1732.89001088529	-1.99999999999886	BM	Callitrichidae	PLA	Cebidae	PLA	superfamily
Cacajao_calvus	Lemur_catta	3450	2210	121.413057307	0.00728169593047155	0.999999999905282	0.0217937849968135	0.0217937850096745	0.0001586957155359	1730.89001088529	1732.89001088529	-1.99999999999886	BM	Pitheciidae	PLA	Lemuridae	STR	order
Eulemur_rubriventer	Eulemur_mongoz	1980	1630	22.837425719	0.00205531739972987	0.188096949565244	0.01418467142786	0.0141846714362319	0.000154994549685769	1730.89001088529	1732.89001088529	-1.99999999999886	BM	Lemuridae	STR	Lemuridae	STR	family
Macaca_fuscata	Macaca_nemestrina	11000	11200	10.9824679331	0.00117446708555993	0.0904554104447757	0.0116885914060326	0.0116885914129315	0.000151763900196163	1730.89001088529	1732.89001088529	-1.99999999999886	BM	Cercopithecidae	OWM	Cercopithecidae	OWM	family
Macaca_mulatta	Macaca_nemestrina	11000	11200	10.9824679332	0.00117446708555993	0.0904554104455994	0.0116885914059795	0.0116885914128784	0.000151763900194092	1730.89001088529	1732.89001088529	-1.99999999999886	BM	Cercopithecidae	OWM	Cercopithecidae	OWM	family
Saguinus_oedipus	Eulemur_mongoz	418	1630	121.4130573052	0.00711727053849316	0.999999999890457	0.02130178556168	0.0213017855742508	0.000151610570812052	1730.89001088529	1732.89001088529	-1.99999999999886	BM	Callitrichidae	PLA	Lemuridae	STR	order
Saimiri_sciureus	Eulemur_rubriventer	779	1980	121.413057301	0.00705267484878736	0.999999999855864	0.0211084978421254	0.0211084978545822	0.000148871371848298	1730.89001088529	1732.89001088529	-1.99999999999886	BM	Cebidae	PLA	Lemuridae	STR	order
Plecturocebus_moloch	Lemur_catta	1020	2210	121.4130573082	0.00698807915908157	0.999999999915166	0.0209152088822403	0.020915208894583	0.00014615713531022	1730.89001088529	1732.89001088529	-1.99999999999886	BM	Pitheciidae	PLA	Lemuridae	STR	order
Saguinus_oedipus	Plecturocebus_moloch	418	1020	49.0936032064	0.00353514592753538	0.404351923019399	0.0166398819361059	0.0166398819459263	0.000145478251770976	1730.89001088529	1732.89001088529	-1.99999999999886	BM	Callitrichidae	PLA	Pitheciidae	PLA	superfamily
Saguinus_midas	Eulemur_coronatus	515	1690	121.4130573062	0.00689999412766457	0.999999999898693	0.0206516310520844	0.0206516310642717	0.000142496133000514	1730.89001088529	1732.89001088529	-1.99999999999886	BM	Callitrichidae	PLA	Lemuridae	STR	order
Trachypithecus_cristatus	Hylobates_lar	6610	5900	62.1515760368	0.00416935815373774	0.511901910794975	0.017441963376731	0.0174419633870248	0.000142061966733105	1730.89001088529	1732.89001088529	-1.99999999999886	BM	Cercopithecidae	OWM	Hylobatidae	APE	order
Cacajao_calvus	Cercopithecus_cephus	3450	4290	78.0653383527	0.00493276175935169	0.642973170076041	0.0184123533348318	0.018412353345698	0.000141255897845611	1730.89001088529	1732.89001088529	-1.99999999999886	BM	Pitheciidae	PLA	Cercopithecidae	OWM	order
Cacajao_calvus	Chlorocebus_pygerythrus	3450	4290	78.0653383529	0.00493276175935169	0.642973170077688	0.0184123533348082	0.0184123533456743	0.000141255897845069	1730.89001088529	1732.89001088529	-1.99999999999886	BM	Pitheciidae	PLA	Cercopithecidae	OWM	order
Ateles_geoffroyi	Trachypithecus_cristatus	7450	6610	78.0653383531	0.00493276175935169	0.642973170079336	0.0184123533347847	0.0184123533456508	0.000141255897844526	1730.89001088529	1732.89001088529	-1.99999999999886	BM	Atelidae	PLA	Cercopithecidae	OWM	order
Aotus_trivirgatus	Eulemur_rubriventer	813	1980	121.4130573101	0.00685301544424217	0.999999999930815	0.02051105528516	0.0205110552972643	0.000140562578656631	1730.89001088529	1732.89001088529	-1.99999999999886	BM	Aotidae	PLA	Lemuridae	STR	order
Eulemur_mongoz	Lemur_catta	1630	2210	47.799728539	0.00340595454812379	0.393695123034486	0.0162473654778713	0.0162473654874601	0.000140560004700738	1730.89001088529	1732.89001088529	-1.99999999999886	BM	Lemuridae	STR	Lemuridae	STR	family
Plecturocebus_moloch	Eulemur_fulvus	1020	2180	121.4130573066	0.00681190909624758	0.999999999901988	0.0203880509670177	0.0203880509790495	0.0001388815498506	1730.89001088529	1732.89001088529	-1.99999999999886	BM	Pitheciidae	PLA	Lemuridae	STR	order
Cercopithecus_diana	Hylobates_lar	5200	5900	62.1515760374	0.00411063479945975	0.511901910799917	0.0171963402330261	0.0171963402431749	0.000138088710149113	1730.89001088529	1732.89001088529	-1.99999999999886	BM	Cercopithecidae	OWM	Hylobatidae	APE	order
Cercopithecus_petaurista	Propithecus_verreauxi	4400	3250	121.4130573127	0.00675318574196958	0.999999999952229	0.0202123296714126	0.0202123296833406	0.000136497616555493	1730.89001088529	1732.89001088529	-1.99999999999886	BM	Cercopithecidae	OWM	Indriidae	STR	order
Avahi_laniger	Cheirogaleus_medius	1030	283	69.529333386	0.00438663456456633	0.572667676126509	0.0173500219000792	0.0173500219103187	0.000132901172766834	1730.89001088529	1732.89001088529	-1.99999999999886	BM	Indriidae	STR	Cheirogaleidae	STR	superfamily
Allenopithecus_nigroviridis	Trachypithecus_cristatus	6130	6610	38.5936741501	0.00281872100534383	0.31787086992512	0.0149642653349167	0.0149642653437485	0.000132695673054295	1730.89001088529	1732.89001088529	-1.99999999999886	BM	Cercopithecidae	OWM	Cercopithecidae	OWM	family
Aotus_trivirgatus	Callithrix_jacchus	813	317	40.5102348758	0.00291267837218862	0.333656327997165	0.0150928439607941	0.0150928439697018	0.000131754132892681	1730.89001088529	1732.89001088529	-1.99999999999886	BM	Aotidae	PLA	Callitrichidae	PLA	superfamily
Cacajao_calvus	Cercopithecus_pogonias	3450	4260	78.0653383526	0.0047565916965177	0.642973170075217	0.0177548798470563	0.0177548798575347	0.000131347182096724	1730.89001088529	1732.89001088529	-1.99999999999886	BM	Pitheciidae	PLA	Cercopithecidae	OWM	order
Saguinus_midas	Eulemur_mongoz	515	1630	121.4130573061	0.00654765400199659	0.999999999897869	0.0195972974713797	0.019597297482945	0.000128316323229902	1730.89001088529	1732.89001088529	-1.99999999999886	BM	Callitrichidae	PLA	Lemuridae	STR	order
Cebus_olivaceus	Eulemur_fulvus	3290	2180	121.4130573004	0.0065182923248576	0.999999999850922	0.0195094347694216	0.0195094347809351	0.000127168198938788	1730.89001088529	1732.89001088529	-1.99999999999886	BM	Cebidae	PLA	Lemuridae	STR	order
Ateles_paniscus	Colobus_polykomos	9110	9900	78.065338353	0.00463914498796171	0.642973170078512	0.0173165574609567	0.0173165574711766	0.000124941481996735	1730.89001088529	1732.89001088529	-1.99999999999886	BM	Atelidae	PLA	Cercopithecidae	OWM	order
Alouatta_seniculus	Hylobates_lar	6690	5900	78.0653383591	0.00463914498796171	0.642973170128754	0.0173165574602803	0.0173165574705001	0.000124941481982092	1730.89001088529	1732.89001088529	-1.99999999999886	BM	Atelidae	PLA	Hylobatidae	APE	order
Cheracebus_torquatus	Eulemur_macaco	1280	2370	121.4130573064	0.0064008456163016	0.99999999990034	0.0191579816032049	0.019157981614511	0.000122627282574282	1730.89001088529	1732.89001088529	-1.99999999999886	BM	Pitheciidae	PLA	Lemuridae	STR	order
Ateles_geoffroyi	Cercopithecus_nictitans	7450	6670	78.0653383528	0.00458042163368372	0.642973170076864	0.0170973942992978	0.0170973943093883	0.000121798666527193	1730.89001088529	1732.89001088529	-1.99999999999886	BM	Atelidae	PLA	Cercopithecidae	OWM	order
Ateles_paniscus	Macaca_nigra	9110	9890	78.065338353	0.00458042163368372	0.642973170078512	0.017097394299276	0.0170973943093665	0.000121798666526726	1730.89001088529	1732.89001088529	-1.99999999999886	BM	Atelidae	PLA	Cercopithecidae	OWM	order
Alouatta_palliata	Cercopithecus_mitis	7150	7930	78.0653383558	0.00458042163368372	0.642973170101573	0.0170973942989693	0.0170973943090598	0.000121798666520173	1730.89001088529	1732.89001088529	-1.99999999999886	BM	Atelidae	PLA	Cercopithecidae	OWM	order
Saimiri_oerstedii	Eulemur_rubriventer	897	1980	121.4130573014	0.006359739268307	0.999999999859158	0.0190349721135866	0.0190349721248201	0.000121057459638955	1730.89001088529	1732.89001088529	-1.99999999999886	BM	Cebidae	PLA	Lemuridae	STR	order
Cebus_olivaceus	Lemur_catta	3290	2210	121.413057302	0.00634212226202361	0.9999999998641	0.0189822536219552	0.0189822536331576	0.000120387773295541	1730.89001088529	1732.89001088529	-1.99999999999886	BM	Cebidae	PLA	Lemuridae	STR	order
Cacajao_calvus	Eulemur_macaco	3450	2370	121.4130573061	0.00634212226202361	0.999999999897869	0.0189822536216348	0.0189822536328372	0.000120387773289443	1730.89001088529	1732.89001088529	-1.99999999999886	BM	Pitheciidae	PLA	Lemuridae	STR	order
Saguinus_oedipus	Saimiri_oerstedii	418	897	41.3912937956	0.00281284866991603	0.340913034477167	0.0144196612530745	0.014419661261585	0.000118975576978319	1730.89001088529	1732.89001088529	-1.99999999999886	BM	Callitrichidae	PLA	Cebidae	PLA	superfamily
Ateles_geoffroyi	Presbytis_comata	7450	6680	78.065338352	0.00452169827940572	0.642973170070275	0.0168782298473148	0.0168782298572759	0.000118695874746494	1730.89001088529	1732.89001088529	-1.99999999999886	BM	Atelidae	PLA	Cercopithecidae	OWM	order
Aotus_trivirgatus	Leontocebus_fuscicolis	813	343	40.5102348758	0.00275999765106583	0.333656327997165	0.0143017738977314	0.0143017739061724	0.00011830395245538	1730.89001088529	1732.89001088529	-1.99999999999886	BM	Aotidae	PLA	Callitrichidae	PLA	superfamily
Saguinus_midas	Leontocebus_fuscicolis	515	343	10.8504714428	0.00101004169358154	0.0893682416244261	0.0101132373955318	0.0101132374015008	0.000114300015765143	1730.89001088529	1732.89001088529	-1.99999999999886	BM	Callitrichidae	PLA	Callitrichidae	PLA	family
Eulemur_coronatus	Lemur_catta	1690	2210	47.7997285391	0.00305361442245581	0.39369512303531	0.0145668010568802	0.0145668010654776	0.000112984365804157	1730.89001088529	1732.89001088529	-1.99999999999886	BM	Lemuridae	STR	Lemuridae	STR	family
Sapajus_apella	Cercopithecus_petaurista	3650	4400	78.0653383487	0.00440425157084973	0.642973170043096	0.0164398971385001	0.0164398971482026	0.000112610364118294	1730.89001088529	1732.89001088529	-1.99999999999886	BM	Cebidae	PLA	Cercopithecidae	OWM	order
Ateles_paniscus	Piliocolobus_badius	9110	8360	78.065338353	0.00440425157084973	0.642973170078512	0.0164398971380473	0.0164398971477499	0.00011261036410899	1730.89001088529	1732.89001088529	-1.99999999999886	BM	Atelidae	PLA	Cercopithecidae	OWM	order
Alouatta_palliata	Trachypithecus_obscurus	7150	7900	78.0653383553	0.00440425157084973	0.642973170097455	0.0164398971378052	0.0164398971475078	0.000112610364104014	1730.89001088529	1732.89001088529	-1.99999999999886	BM	Atelidae	PLA	Cercopithecidae	OWM	order
Alouatta_caraya	Hylobates_klossii	6420	5670	78.0653383585	0.00440425157084973	0.642973170123812	0.0164398971374683	0.0164398971471709	0.00011261036409709	1730.89001088529	1732.89001088529	-1.99999999999886	BM	Atelidae	PLA	Hylobatidae	APE	order
Hapalemur_griseus	Cheirogaleus_medius	987	283	71.9834962278	0.00413412414117094	0.592881011462938	0.0160703195660473	0.0160703195755318	0.000112057385529003	1730.89001088529	1732.89001088529	-1.99999999999886	BM	Lemuridae	STR	Cheirogaleidae	STR	superfamily
Cercopithecus_cephus	Propithecus_verreauxi	4290	3250	121.4130573127	0.00610722884491162	0.999999999952229	0.0182793325688163	0.018279332579604	0.00011163606713534	1730.89001088529	1732.89001088529	-1.99999999999886	BM	Cercopithecidae	OWM	Indriidae	STR	order
Chlorocebus_pygerythrus	Propithecus_verreauxi	4290	3250	121.4130573129	0.00610722884491162	0.999999999953877	0.0182793325688011	0.0182793325795889	0.000111636067135064	1730.89001088529	1732.89001088529	-1.99999999999886	BM	Cercopithecidae	OWM	Indriidae	STR	order
Callithrix_jacchus	Saimiri_sciureus	317	779	41.3912937953	0.00271301896764343	0.340913034474696	0.013907951533482	0.0139079515416906	0.000110680826180622	1730.89001088529	1732.89001088529	-1.99999999999886	BM	Callitrichidae	PLA	Cebidae	PLA	superfamily
Cercopithecus_mitis	Piliocolobus_badius	7930	8360	38.5936741538	0.00252510423395384	0.317870869955594	0.0134056429074892	0.0134056429154014	0.000106491814331094	1730.89001088529	1732.89001088529	-1.99999999999886	BM	Cercopithecidae	OWM	Cercopithecidae	OWM	family
Eulemur_rubriventer	Eulemur_coronatus	1980	1690	22.8374257191	0.00170297727406189	0.188096949566068	0.0117532075508647	0.0117532075578017	0.000106410260254779	1730.89001088529	1732.89001088529	-1.99999999999886	BM	Lemuridae	STR	Lemuridae	STR	family
Cercopithecus_pogonias	Propithecus_verreauxi	4260	3250	121.4130573126	0.00593105878207763	0.999999999951406	0.0177521324360352	0.0177521324465119	0.000105288940990468	1730.89001088529	1732.89001088529	-1.99999999999886	BM	Cercopithecidae	OWM	Indriidae	STR	order
Ateles_geoffroyi	Semnopithecus_vetulus	7450	8170	78.065338353	0.00422808150801574	0.642973170078512	0.0157823888098045	0.0157823888191192	0.000103782287324525	1730.89001088529	1732.89001088529	-1.99999999999886	BM	Atelidae	PLA	Cercopithecidae	OWM	order
Alouatta_seniculus	Allochrocebus_lhoesti	6690	5970	78.0653383557	0.00422808150801574	0.64297317010075	0.0157823888095317	0.0157823888188462	0.000103782287319142	1730.89001088529	1732.89001088529	-1.99999999999886	BM	Atelidae	PLA	Cercopithecidae	OWM	order
Cheracebus_torquatus	Cheirogaleus_medius	1280	283	121.4130573053	0.00585471842151624	0.99999999989128	0.0175236766244397	0.0175236766347816	0.000102596192356955	1730.89001088529	1732.89001088529	-1.99999999999886	BM	Pitheciidae	PLA	Cheirogaleidae	STR	order
Saguinus_midas	Plecturocebus_moloch	515	1020	49.0936032073	0.00296552939103882	0.404351923026812	0.0139590047843509	0.0139590047925896	0.000102375768730793	1730.89001088529	1732.89001088529	-1.99999999999886	BM	Callitrichidae	PLA	Pitheciidae	PLA	superfamily
Saimiri_sciureus	Cheracebus_torquatus	779	1280	49.0936032003	0.00294204004932762	0.404351922969157	0.0138484495583851	0.0138484495665586	0.000100760478453246	1730.89001088529	1732.89001088529	-1.99999999999886	BM	Cebidae	PLA	Pitheciidae	PLA	superfamily
Leontocebus_fuscicolis	Saimiri_sciureus	343	779	41.3912937953	0.00256033824652064	0.340913034474696	0.0131253256728014	0.0131253256805482	9.85743281124294e-05	1730.89001088529	1732.89001088529	-1.99999999999886	BM	Callitrichidae	PLA	Cebidae	PLA	superfamily
Eulemur_coronatus	Avahi_laniger	1690	1030	71.9834962231	0.00387574138234776	0.592881011424228	0.0150660479534479	0.0150660479623398	9.84887429289452e-05	1730.89001088529	1732.89001088529	-1.99999999999886	BM	Lemuridae	STR	Indriidae	STR	superfamily
Cebuella_pygmaea	Saguinus_oedipus	110	418	26.3249190823	0.00180867931176229	0.216821153043222	0.0116265138236623	0.0116265138305245	9.69860861157965e-05	1730.89001088529	1732.89001088529	-1.99999999999886	BM	Callitrichidae	PLA	Callitrichidae	PLA	family
Plecturocebus_moloch	Eulemur_rubriventer	1020	1980	121.4130573082	0.00563744201068765	0.999999999915166	0.0168734484330838	0.0168734484430422	9.51230870699081e-05	1730.89001088529	1732.89001088529	-1.99999999999886	BM	Pitheciidae	PLA	Lemuridae	STR	order
Mandrillus_leucophaeus	Rhinopithecus_roxellana	17500	17900	38.5936741534	0.00234893417111985	0.3178708699523	0.0124704445109477	0.012470444518308	9.21514237690758e-05	1730.89001088529	1732.89001088529	-1.99999999999886	BM	Cercopithecidae	OWM	Cercopithecidae	OWM	family
Erythrocebus_patas	Trachypithecus_pileatus	12400	12000	38.5936741541	0.00234893417111985	0.317870869958065	0.0124704445108347	0.0124704445181949	9.21514237665691e-05	1730.89001088529	1732.89001088529	-1.99999999999886	BM	Cercopithecidae	OWM	Cercopithecidae	OWM	family
Piliocolobus_badius	Nomascus_concolor	8360	7790	62.151576036	0.00334723119384579	0.511901910788386	0.0140030994944482	0.0140030995027128	9.15636579010926e-05	1730.89001088529	1732.89001088529	-1.99999999999886	BM	Cercopithecidae	OWM	Hylobatidae	APE	order
Cheracebus_torquatus	Lemur_catta	1280	2210	121.4130573073	0.00546127194785366	0.999999999907753	0.0163462281371269	0.0163462281467742	8.92711971867423e-05	1730.89001088529	1732.89001088529	-1.99999999999886	BM	Pitheciidae	PLA	Lemuridae	STR	order
Aotus_trivirgatus	Cheracebus_torquatus	813	1280	49.0936032094	0.00274238064478243	0.404351923044108	0.012908719605333	0.0129087196129518	8.75490402718499e-05	1730.89001088529	1732.89001088529	-1.99999999999886	BM	Aotidae	PLA	Pitheciidae	PLA	superfamily
Cebus_olivaceus	Eulemur_macaco	3290	2370	121.4130573011	0.00540254859357567	0.999999999856688	0.0161704864410112	0.0161704864505549	8.73618387918397e-05	1730.89001088529	1732.89001088529	-1.99999999999886	BM	Cebidae	PLA	Lemuridae	STR	order
Cebuella_pygmaea	Avahi_laniger	110	1030	121.4130573027	0.00540254859357567	0.999999999869866	0.0161704864409048	0.0161704864504482	8.73618387901131e-05	1730.89001088529	1732.89001088529	-1.99999999999886	BM	Callitrichidae	PLA	Indriidae	STR	order
Eulemur_fulvus	Eulemur_macaco	2180	2370	14.8274950171	0.00111574373128193	0.12212438550331	0.00955667928134321	0.0095566792869839	8.73110227419861e-05	1730.89001088529	1732.89001088529	-1.99999999999886	BM	Lemuridae	STR	Lemuridae	STR	family
Plecturocebus_moloch	Cheracebus_torquatus	1020	1280	22.5284149895	0.00152680721122791	0.185551830149551	0.0106094511884472	0.0106094511947092	8.72995247130463e-05	1730.89001088529	1732.89001088529	-1.99999999999886	BM	Pitheciidae	PLA	Pitheciidae	PLA	family
Alouatta_seniculus	Cercopithecus_neglectus	6690	7350	78.065338357	0.00387574138234776	0.642973170111457	0.0144673404379357	0.0144673404464744	8.72068581308001e-05	1730.89001088529	1732.89001088529	-1.99999999999886	BM	Atelidae	PLA	Cercopithecidae	OWM	order
Saimiri_sciureus	Eulemur_coronatus	779	1690	121.4130573001	0.00534969757472547	0.999999999848451	0.016012318243021	0.0160123182524712	8.56610600834035e-05	1730.89001088529	1732.89001088529	-1.99999999999886	BM	Cebidae	PLA	Lemuridae	STR	order
Cheracebus_torquatus	Eulemur_fulvus	1280	2180	121.4130573057	0.00528510188501967	0.999999999894575	0.0158190007020187	0.015819000711355	8.36050304381807e-05	1730.89001088529	1732.89001088529	-1.99999999999886	BM	Pitheciidae	PLA	Lemuridae	STR	order
Aotus_trivirgatus	Saguinus_oedipus	813	418	40.5102348757	0.00231957249398086	0.333656327996341	0.0120197649751641	0.0120197649822585	8.35611792167503e-05	1730.89001088529	1732.89001088529	-1.99999999999886	BM	Aotidae	PLA	Callitrichidae	PLA	superfamily
Macaca_fascicularis	Hylobates_lar	5360	5900	62.1515760373	0.0031710611310118	0.511901910799093	0.0132661640622545	0.0132661640700843	8.21794494765059e-05	1730.89001088529	1732.89001088529	-1.99999999999886	BM	Cercopithecidae	OWM	Hylobatidae	APE	order
Sapajus_apella	Cercopithecus_cephus	3650	4290	78.0653383487	0.00375829467379177	0.642973170043096	0.014028982069608	0.0140289820778879	8.20019419898876e-05	1730.89001088529	1732.89001088529	-1.99999999999886	BM	Cebidae	PLA	Cercopithecidae	OWM	order
Sapajus_apella	Chlorocebus_pygerythrus	3650	4290	78.0653383489	0.00375829467379177	0.642973170044743	0.0140289820695901	0.01402898207787	8.20019419895726e-05	1730.89001088529	1732.89001088529	-1.99999999999886	BM	Cebidae	PLA	Cercopithecidae	OWM	order
Alouatta_palliata	Nomascus_concolor	7150	7790	78.065338358	0.00375829467379177	0.642973170119694	0.0140289820687725	0.0140289820770524	8.20019419752347e-05	1730.89001088529	1732.89001088529	-1.99999999999886	BM	Atelidae	PLA	Hylobatidae	APE	order
Eulemur_mongoz	Avahi_laniger	1630	1030	71.983496223	0.00352340125667978	0.592881011423404	0.0136965484981267	0.0136965485062107	8.13964948457619e-05	1730.89001088529	1732.89001088529	-1.99999999999886	BM	Lemuridae	STR	Indriidae	STR	superfamily
Cebuella_pygmaea	Hapalemur_griseus	110	987	121.4130573085	0.00515003817018028	0.999999999917636	0.0154147883104628	0.0154147883195605	7.93867481906707e-05	1730.89001088529	1732.89001088529	-1.99999999999886	BM	Callitrichidae	PLA	Lemuridae	STR	order
Aotus_trivirgatus	Eulemur_coronatus	813	1690	121.4130573092	0.00515003817018028	0.999999999923402	0.0154147883104183	0.0154147883195159	7.93867481899839e-05	1730.89001088529	1732.89001088529	-1.99999999999886	BM	Aotidae	PLA	Lemuridae	STR	order
Saguinus_oedipus	Saguinus_midas	418	515	6.5019007411	0.000569616536496565	0.0535519068928782	0.00736788914030364	0.00736788914465253	7.83701596618317e-05	1730.89001088529	1732.89001088529	-1.99999999999886	BM	Callitrichidae	PLA	Callitrichidae	PLA	family
Cercopithecus_petaurista	Cercopithecus_cephus	4400	4290	7.762733782	0.00064595689705796	0.063936564595653	0.0076467409691471	0.00764674097366057	7.72557158845545e-05	1730.89001088529	1732.89001088529	-1.99999999999886	BM	Cercopithecidae	OWM	Cercopithecidae	OWM	family
Saguinus_midas	Saimiri_oerstedii	515	897	41.3912937965	0.00224323213341946	0.340913034484579	0.0114998324676037	0.0114998324743912	7.56697195789852e-05	1730.89001088529	1732.89001088529	-1.99999999999886	BM	Callitrichidae	PLA	Cebidae	PLA	superfamily
Saimiri_sciureus	Eulemur_mongoz	779	1630	121.4130573	0.00499735744905749	0.999999999847628	0.014957847804539	0.0149578478133671	7.4749712159271e-05	1730.89001088529	1732.89001088529	-1.99999999999886	BM	Cebidae	PLA	Lemuridae	STR	order
Sapajus_apella	Cercopithecus_pogonias	3650	4260	78.0653383486	0.00358212461095778	0.642973170042272	0.0133714366158738	0.0133714366237656	7.44947914116453e-05	1730.89001088529	1732.89001088529	-1.99999999999886	BM	Cebidae	PLA	Cercopithecidae	OWM	order
Cercopithecus_neglectus	Trachypithecus_francoisi	7350	7700	38.5936741548	0.00205531739972987	0.31787086996383	0.0109117430727689	0.0109117430792093	7.05541070856721e-05	1730.89001088529	1732.89001088529	-1.99999999999886	BM	Cercopithecidae	OWM	Cercopithecidae	OWM	family
Aotus_trivirgatus	Eulemur_mongoz	813	1630	121.4130573091	0.0047976980445123	0.999999999922578	0.0143603028377882	0.0143603028462636	6.88963968487951e-05	1730.89001088529	1732.89001088529	-1.99999999999886	BM	Aotidae	PLA	Lemuridae	STR	order
Saguinus_oedipus	Saimiri_sciureus	418	779	41.3912937952	0.00211991308943567	0.340913034473872	0.0108676829582971	0.0108676829647114	6.75789454359997e-05	1730.89001088529	1732.89001088529	-1.99999999999886	BM	Callitrichidae	PLA	Cebidae	PLA	superfamily
Ateles_paniscus	Colobus_angolensis	9110	9680	78.065338353	0.00334723119384579	0.642973170078512	0.0124946952916965	0.0124946952990711	6.50456905268037e-05	1730.89001088529	1732.89001088529	-1.99999999999886	BM	Atelidae	PLA	Cercopithecidae	OWM	order
Saimiri_oerstedii	Eulemur_coronatus	897	1690	121.4130573005	0.00465676199424511	0.999999999851746	0.0139385015213964	0.013938501529623	6.49082841511895e-05	1730.89001088529	1732.89001088529	-1.99999999999886	BM	Cebidae	PLA	Lemuridae	STR	order
Alouatta_seniculus	Allenopithecus_nigroviridis	6690	6130	78.0653383524	0.0032885078395678	0.64297317007357	0.0122755075617488	0.012275507568994	6.27834950669339e-05	1730.89001088529	1732.89001088529	-1.99999999999886	BM	Atelidae	PLA	Cercopithecidae	OWM	order
Cercopithecus_diana	Hylobates_klossii	5200	5670	62.151576037	0.00275999765106583	0.511901910796623	0.0115466051221618	0.0115466051289768	6.2255292162042e-05	1730.89001088529	1732.89001088529	-1.99999999999886	BM	Cercopithecidae	OWM	Hylobatidae	APE	order
Alouatta_palliata	Ateles_geoffroyi	7150	7450	34.580677997	0.00176170062833989	0.284818443425614	0.00988077683143651	0.00988077683726849	6.11160237485608e-05	1730.89001088529	1732.89001088529	-1.99999999999886	BM	Atelidae	PLA	Atelidae	PLA	family
Alouatta_palliata	Trachypithecus_francoisi	7150	7700	78.0653383562	0.0032297844852898	0.642973170104868	0.0120563189049238	0.0120563189120397	6.05613321975443e-05	1730.89001088529	1732.89001088529	-1.99999999999886	BM	Atelidae	PLA	Cercopithecidae	OWM	order
Allenopithecus_nigroviridis	Hylobates_klossii	6130	5670	62.1515760323	0.00270127429678783	0.511901910757912	0.0113009492804243	0.0113009492870943	5.96344010033398e-05	1730.89001088529	1732.89001088529	-1.99999999999886	BM	Cercopithecidae	OWM	Hylobatidae	APE	order
Saimiri_oerstedii	Cheracebus_torquatus	897	1280	49.0936032007	0.00224910446884726	0.404351922972452	0.0105869597994585	0.0105869598057073	5.88872643944138e-05	1730.89001088529	1732.89001088529	-1.99999999999886	BM	Cebidae	PLA	Pitheciidae	PLA	superfamily
Alouatta_palliata	Trachypithecus_cristatus	7150	6610	78.0653383561	0.0031710611310118	0.642973170104045	0.0118371293384107	0.0118371293453973	5.83792022639447e-05	1730.89001088529	1732.89001088529	-1.99999999999886	BM	Atelidae	PLA	Cercopithecidae	OWM	order
Cercopithecus_petaurista	Cercopithecus_pogonias	4400	4260	12.9463432657	0.000822126959891949	0.106630568009981	0.00753608360270367	0.00753608360715175	5.81035777770819e-05	1730.89001088529	1732.89001088529	-1.99999999999886	BM	Cercopithecidae	OWM	Cercopithecidae	OWM	family
Plecturocebus_moloch	Cheirogaleus_medius	1020	283	121.4130573062	0.00432791121028833	0.999999999898693	0.0129542835000833	0.0129542835077291	5.60649887869436e-05	1730.89001088529	1732.89001088529	-1.99999999999886	BM	Pitheciidae	PLA	Cheirogaleidae	STR	order
Cebuella_pygmaea	Leontocebus_fuscicolis	110	343	26.3249190824	0.00136825415467732	0.216821153044046	0.00879551534929126	0.00879551535448278	5.55042727623127e-05	1730.89001088529	1732.89001088529	-1.99999999999886	BM	Callitrichidae	PLA	Callitrichidae	PLA	family
Saimiri_oerstedii	Eulemur_mongoz	897	1630	121.4130573004	0.00430442186857713	0.999999999850922	0.0128839814410319	0.0128839814486361	5.54580914773872e-05	1730.89001088529	1732.89001088529	-1.99999999999886	BM	Cebidae	PLA	Lemuridae	STR	order
Cercopithecus_neglectus	Nomascus_concolor	7350	7790	62.1515760366	0.00258382758823184	0.511901910793328	0.0108096344048087	0.0108096344111888	5.45616865359216e-05	1730.89001088529	1732.89001088529	-1.99999999999886	BM	Cercopithecidae	OWM	Hylobatidae	APE	order
Alouatta_caraya	Hylobates_lar	6420	5900	78.0653383589	0.00305361442245581	0.642973170127106	0.011398747541349	0.0113987475480769	5.4135042498453e-05	1730.89001088529	1732.89001088529	-1.99999999999886	BM	Atelidae	PLA	Hylobatidae	APE	order
Callithrix_jacchus	Avahi_laniger	317	1030	121.4130573023	0.00418697516002114	0.999999999866571	0.012532469654416	0.0125324696618128	5.24731391437601e-05	1730.89001088529	1732.89001088529	-1.99999999999886	BM	Callitrichidae	PLA	Indriidae	STR	order
Macaca_nemestrina	Cercocebus_torquatus	11200	11000	22.4016461425	0.00117446708555993	0.184507718010381	0.00818427288870406	0.00818427289353486	5.20962441608139e-05	1730.89001088529	1732.89001088529	-1.99999999999886	BM	Cercopithecidae	OWM	Cercopithecidae	OWM	family
Eulemur_rubriventer	Eulemur_fulvus	1980	2180	22.8374257184	0.00117446708555993	0.188096949560302	0.00810581410297577	0.00810581410776015	5.06122607935248e-05	1730.89001088529	1732.89001088529	-1.99999999999886	BM	Lemuridae	STR	Lemuridae	STR	family
Cheracebus_torquatus	Eulemur_rubriventer	1280	1980	121.4130573073	0.00411063479945975	0.999999999907753	0.0123039856840574	0.0123039856913194	5.05771917296066e-05	1730.89001088529	1732.89001088529	-1.99999999999886	BM	Pitheciidae	PLA	Lemuridae	STR	order
Leontocebus_fuscicolis	Avahi_laniger	343	1030	121.4130573023	0.00403429443889835	0.999999999866571	0.0120755007050736	0.0120755007122008	4.87161253478915e-05	1730.89001088529	1732.89001088529	-1.99999999999886	BM	Callitrichidae	PLA	Indriidae	STR	order
Aotus_trivirgatus	Saguinus_midas	813	515	40.5102348766	0.00174995595748429	0.333656328003754	0.00906822363353237	0.00906822363888473	4.75608901717616e-05	1730.89001088529	1732.89001088529	-1.99999999999886	BM	Aotidae	PLA	Callitrichidae	PLA	superfamily
Plecturocebus_moloch	Eulemur_coronatus	1020	1690	121.4130573073	0.00393446473662576	0.999999999907753	0.0117767111635757	0.0117767111705267	4.63350547907897e-05	1730.89001088529	1732.89001088529	-1.99999999999886	BM	Pitheciidae	PLA	Lemuridae	STR	order
Callithrix_jacchus	Hapalemur_griseus	317	987	121.4130573081	0.00393446473662576	0.999999999914342	0.011776711163537	0.0117767111704878	4.6335054790332e-05	1730.89001088529	1732.89001088529	-1.99999999999886	BM	Callitrichidae	PLA	Lemuridae	STR	order
Ateles_geoffroyi	Cercopithecus_mitis	7450	7930	78.0653383528	0.00281872100534383	0.642973170076864	0.0105219737559766	0.0105219737621869	4.61271322411511e-05	1730.89001088529	1732.89001088529	-1.99999999999886	BM	Atelidae	PLA	Cercopithecidae	OWM	order
Alouatta_palliata	Cercopithecus_nictitans	7150	6670	78.0653383558	0.00281872100534383	0.642973170101573	0.0105219737557743	0.0105219737619847	4.61271322384919e-05	1730.89001088529	1732.89001088529	-1.99999999999886	BM	Atelidae	PLA	Cercopithecidae	OWM	order
Alouatta_palliata	Presbytis_comata	7150	6680	78.065338355	0.00275999765106583	0.642973170094984	0.0103027782825239	0.0103027782886049	4.42252417080131e-05	1730.89001088529	1732.89001088529	-1.99999999999886	BM	Atelidae	PLA	Cercopithecidae	OWM	order
Leontocebus_fuscicolis	Hapalemur_griseus	343	987	121.4130573081	0.00378178401550297	0.999999999914342	0.0113197357434063	0.0113197357500875	4.28087956977986e-05	1730.89001088529	1732.89001088529	-1.99999999999886	BM	Callitrichidae	PLA	Lemuridae	STR	order
Semnopithecus_vetulus	Nomascus_concolor	8170	7790	62.151576036	0.00223148746256386	0.511901910788386	0.0093356659287054	0.00933566593421569	4.0696119775186e-05	1730.89001088529	1732.89001088529	-1.99999999999886	BM	Cercopithecidae	OWM	Hylobatidae	APE	order
Ateles_geoffroyi	Trachypithecus_obscurus	7450	7900	78.0653383523	0.00264255094250984	0.642973170072746	0.00986438501966276	0.00986438502548494	4.05415671201965e-05	1730.89001088529	1732.89001088529	-1.99999999999886	BM	Atelidae	PLA	Cercopithecidae	OWM	order
Alouatta_caraya	Allochrocebus_lhoesti	6420	5970	78.0653383555	0.00264255094250984	0.642973170099102	0.0098643850194605	0.00986438502528279	4.05415671177033e-05	1730.89001088529	1732.89001088529	-1.99999999999886	BM	Atelidae	PLA	Cercopithecidae	OWM	order
Callithrix_jacchus	Saguinus_midas	317	515	26.3249190828	0.00116272241470433	0.21682115304734	0.00747434266094581	0.00747434266535758	4.00818168565176e-05	1730.89001088529	1732.89001088529	-1.99999999999886	BM	Callitrichidae	PLA	Callitrichidae	PLA	family
Saimiri_oerstedii	Cheirogaleus_medius	897	283	121.4130572994	0.00360561395266898	0.999999999842686	0.0107924518078019	0.0107924518141719	3.89134148278397e-05	1730.89001088529	1732.89001088529	-1.99999999999886	BM	Cebidae	PLA	Cheirogaleidae	STR	order
Saguinus_oedipus	Avahi_laniger	418	1030	121.4130573022	0.00359386928181338	0.999999999865748	0.0107572993751224	0.0107572993814717	3.8660327784713e-05	1730.89001088529	1732.89001088529	-1.99999999999886	BM	Callitrichidae	PLA	Indriidae	STR	order
Plecturocebus_moloch	Eulemur_mongoz	1020	1630	121.4130573072	0.00358212461095778	0.999999999906929	0.0107221469214639	0.0107221469277925	3.84080663732558e-05	1730.89001088529	1732.89001088529	-1.99999999999886	BM	Pitheciidae	PLA	Lemuridae	STR	order
Saguinus_midas	Saimiri_sciureus	515	779	41.3912937961	0.0015502965529391	0.340913034481285	0.00794767194383453	0.00794767194852561	3.61419106112057e-05	1730.89001088529	1732.89001088529	-1.99999999999886	BM	Callitrichidae	PLA	Cebidae	PLA	superfamily
Allenopithecus_nigroviridis	Allochrocebus_lhoesti	6130	5970	21.3196101633	0.000939573668447942	0.175595694846665	0.00671155138849085	0.00671155139245234	3.59120248623851e-05	1730.89001088529	1732.89001088529	-1.99999999999886	BM	Cercopithecidae	OWM	Cercopithecidae	OWM	family
Semnopithecus_vetulus	Piliocolobus_badius	8170	8360	27.017026324	0.00111574373128193	0.222521588045731	0.00707989500477654	0.00707989500895549	3.54992454399088e-05	1730.89001088529	1732.89001088529	-1.99999999999886	BM	Cercopithecidae	OWM	Cercopithecidae	OWM	family
Cebus_olivaceus	Cercopithecus_ascanius	3290	3700	78.0653383477	0.00240765752539785	0.642973170034859	0.00898758969137135	0.00898758969667629	3.36546514910493e-05	1730.89001088529	1732.89001088529	-1.99999999999886	BM	Cebidae	PLA	Cercopithecidae	OWM	order
Saguinus_oedipus	Hapalemur_griseus	418	987	121.413057308	0.00334135885841799	0.999999999913518	0.0100015171367204	0.0100015171426236	3.341865788529e-05	1730.89001088529	1732.89001088529	-1.99999999999886	BM	Callitrichidae	PLA	Lemuridae	STR	order
Cercopithecus_mitis	Semnopithecus_vetulus	7930	8170	38.5936741538	0.00140936050267191	0.317870869955594	0.00748246168068977	0.00748246168510625	3.317537702336e-05	1730.89001088529	1732.89001088529	-1.99999999999886	BM	Cercopithecidae	OWM	Cercopithecidae	OWM	family
Cercopithecus_mitis	Trachypithecus_francoisi	7930	7700	38.593674154	0.00135063714839392	0.317870869957241	0.0071707010203201	0.00717070102455257	3.04683948528321e-05	1730.89001088529	1732.89001088529	-1.99999999999886	BM	Cercopithecidae	OWM	Cercopithecidae	OWM	family
Aotus_trivirgatus	Cheirogaleus_medius	813	283	121.4130573081	0.00311233777673381	0.999999999914342	0.00931603244344223	0.00931603244894097	2.89946397054866e-05	1730.89001088529	1732.89001088529	-1.99999999999886	BM	Aotidae	PLA	Cheirogaleidae	STR	order
Saguinus_midas	Avahi_laniger	515	1030	121.4130573031	0.00302425274531681	0.99999999987316	0.00905238262592448	0.00905238263126769	2.73766930115828e-05	1730.89001088529	1732.89001088529	-1.99999999999886	BM	Callitrichidae	PLA	Indriidae	STR	order
Macaca_fascicularis	Hylobates_klossii	5360	5670	62.1515760369	0.00182042398261789	0.511901910795799	0.00761599612135271	0.00761599612584803	2.70839817129846e-05	1730.89001088529	1732.89001088529	-1.99999999999886	BM	Cercopithecidae	OWM	Hylobatidae	APE	order
Macaca_nigra	Colobus_angolensis	9890	9680	38.593674154	0.00123319043983792	0.317870869957241	0.00654717646270966	0.00654717646657408	2.53999852922399e-05	1730.89001088529	1732.89001088529	-1.99999999999886	BM	Cercopithecidae	OWM	Cercopithecidae	OWM	family
Saimiri_sciureus	Cheirogaleus_medius	779	283	121.413057299	0.00291267837218862	0.999999999839391	0.00871842477493314	0.00871842478007918	2.53939672855797e-05	1730.89001088529	1732.89001088529	-1.99999999999886	BM	Cebidae	PLA	Cheirogaleidae	STR	order
Allochrocebus_lhoesti	Hylobates_klossii	5970	5670	62.1515760356	0.00176170062833989	0.511901910785092	0.00737032593152171	0.00737032593587201	2.53648356278215e-05	1730.89001088529	1732.89001088529	-1.99999999999886	BM	Cercopithecidae	OWM	Hylobatidae	APE	order
Saimiri_sciureus	Plecturocebus_moloch	779	1020	49.0936032012	0.00141523283809971	0.40435192297657	0.0066618865237137	0.00666188652764594	2.33166210825709e-05	1730.89001088529	1732.89001088529	-1.99999999999886	BM	Cebidae	PLA	Pitheciidae	PLA	superfamily
Ateles_geoffroyi	Nomascus_concolor	7450	7790	78.065338355	0.00199659404545188	0.642973170094985	0.00745317238480828	0.00745317238920737	2.31439821991892e-05	1730.89001088529	1732.89001088529	-1.99999999999886	BM	Atelidae	PLA	Hylobatidae	APE	order
Macaca_nemestrina	Pygathrix_nemaeus	11200	11000	38.5936741533	0.00117446708555993	0.317870869951476	0.00623541266070256	0.00623541266438306	2.3038559450247e-05	1730.89001088529	1732.89001088529	-1.99999999999886	BM	Cercopithecidae	OWM	Cercopithecidae	OWM	family
Saguinus_midas	Hapalemur_griseus	515	987	121.4130573089	0.00277174232192143	0.999999999920931	0.00829658110241382	0.00829658110731079	2.29959849706322e-05	1730.89001088529	1732.89001088529	-1.99999999999886	BM	Callitrichidae	PLA	Lemuridae	STR	order
Eulemur_rubriventer	Lemur_catta	1980	2210	47.79972854	0.00135063714839392	0.393695123042723	0.00644329608823015	0.00644329609203331	2.21048078716496e-05	1730.89001088529	1732.89001088529	-1.99999999999886	BM	Lemuridae	STR	Lemuridae	STR	family
Saguinus_oedipus	Leontocebus_fuscicolis	418	343	10.8504714419	0.000440425157084973	0.0893682416170134	0.00440993752043778	0.00440993752304083	2.1733083140398e-05	1730.89001088529	1732.89001088529	-1.99999999999886	BM	Callitrichidae	PLA	Callitrichidae	PLA	family
Macaca_fascicularis	Cercopithecus_diana	5360	5200	29.8369393153	0.000939573668447942	0.24574736831665	0.00567331471691171	0.00567331472026035	2.16909631925742e-05	1730.89001088529	1732.89001088529	-1.99999999999886	BM	Cercopithecidae	OWM	Cercopithecidae	OWM	family
Cercopithecus_ascanius	Propithecus_verreauxi	3700	3250	121.4130573127	0.00264255094250984	0.999999999952229	0.0079098890291604	0.00790988903382908	2.09022847101545e-05	1730.89001088529	1732.89001088529	-1.99999999999886	BM	Cercopithecidae	OWM	Indriidae	STR	order
Cheracebus_torquatus	Eulemur_coronatus	1280	1690	121.4130573064	0.00240765752539785	0.99999999990034	0.00720680783599548	0.00720680784024929	1.735152512216e-05	1730.89001088529	1732.89001088529	-1.99999999999886	BM	Pitheciidae	PLA	Lemuridae	STR	order
Aotus_trivirgatus	Plecturocebus_moloch	813	1020	49.0936032103	0.00121557343355452	0.404351923051521	0.00572205274824271	0.00572205275162011	1.72017861413144e-05	1730.89001088529	1732.89001088529	-1.99999999999886	BM	Aotidae	PLA	Pitheciidae	PLA	superfamily
Alouatta_caraya	Allenopithecus_nigroviridis	6420	6130	78.0653383522	0.00170297727406189	0.642973170071923	0.00635714281505409	0.00635714281880639	1.6837513983347e-05	1730.89001088529	1732.89001088529	-1.99999999999886	BM	Atelidae	PLA	Cercopithecidae	OWM	order
Sapajus_apella	Propithecus_verreauxi	3650	3250	121.413057302	0.00234893417111985	0.9999999998641	0.00703103664203299	0.00703103664618315	1.65154422291115e-05	1730.89001088529	1732.89001088529	-1.99999999999886	BM	Cebidae	PLA	Indriidae	STR	order
Sapajus_apella	Cacajao_calvus	3650	3450	49.093603202	0.00117446708555993	0.404351922983159	0.00552855653135315	0.00552855653461638	1.60580605845222e-05	1730.89001088529	1732.89001088529	-1.99999999999886	BM	Cebidae	PLA	Pitheciidae	PLA	superfamily
Allenopithecus_nigroviridis	Hylobates_lar	6130	5900	62.1515760327	0.00135063714839392	0.511901910761206	0.0056506163408624	0.00565061634419777	1.49089741234637e-05	1730.89001088529	1732.89001088529	-1.99999999999886	BM	Cercopithecidae	OWM	Hylobatidae	APE	order
Cercopithecus_petaurista	Chlorocebus_pygerythrus	4400	4290	23.4097503936	0.00064595689705796	0.192810813850027	0.00440341662104216	0.00440341662364136	1.47523745177192e-05	1730.89001088529	1732.89001088529	-1.99999999999886	BM	Cercopithecidae	OWM	Cercopithecidae	OWM	family
Alouatta_caraya	Presbytis_comata	6420	6680	78.0653383552	0.00152680721122791	0.642973170096632	0.00569951918239191	0.00569951918575592	1.35341059206248e-05	1730.89001088529	1732.89001088529	-1.99999999999886	BM	Atelidae	PLA	Cercopithecidae	OWM	order
Cheracebus_torquatus	Eulemur_mongoz	1280	1630	121.4130573063	0.00205531739972987	0.999999999899516	0.00615217572348927	0.00615217572712054	1.26446738119538e-05	1730.89001088529	1732.89001088529	-1.99999999999886	BM	Pitheciidae	PLA	Lemuridae	STR	order
Cacajao_calvus	Cercopithecus_ascanius	3450	3700	78.0653383527	0.00146808385694991	0.642973170076041	0.00548031042247043	0.00548031042570534	1.25130497456864e-05	1730.89001088529	1732.89001088529	-1.99999999999886	BM	Pitheciidae	PLA	Cercopithecidae	OWM	order
Ateles_geoffroyi	Trachypithecus_francoisi	7450	7700	78.0653383532	0.00146808385694991	0.642973170080159	0.00548031042245288	0.00548031042568778	1.25130497455662e-05	1730.89001088529	1732.89001088529	-1.99999999999886	BM	Atelidae	PLA	Cercopithecidae	OWM	order
Alouatta_caraya	Cercopithecus_nictitans	6420	6670	78.065338356	0.00146808385694991	0.642973170103221	0.00548031042235472	0.00548031042558951	1.25130497448932e-05	1730.89001088529	1732.89001088529	-1.99999999999886	BM	Atelidae	PLA	Cercopithecidae	OWM	order
Eulemur_macaco	Lemur_catta	2370	2210	47.7997285391	0.000939573668447942	0.39369512303531	0.00448231807298773	0.00448231807563347	1.06972827159199e-05	1730.89001088529	1732.89001088529	-1.99999999999886	BM	Lemuridae	STR	Lemuridae	STR	family
Callithrix_jacchus	Saguinus_oedipus	317	418	26.3249190819	0.000593105878207763	0.216821153039928	0.00381271099545918	0.00381271099770965	1.0429523464889e-05	1730.89001088529	1732.89001088529	-1.99999999999886	BM	Callitrichidae	PLA	Callitrichidae	PLA	family
Cebus_olivaceus	Cacajao_calvus	3290	3450	49.093603201	0.000939573668447942	0.404351922974923	0.00442285796607353	0.00442285796868417	1.0277188379949e-05	1730.89001088529	1732.89001088529	-1.99999999999886	BM	Cebidae	PLA	Pitheciidae	PLA	superfamily
Trachypithecus_cristatus	Presbytis_comata	6610	6680	17.9572585531	0.000411063479945974	0.147902202198839	0.00319944424699789	0.00319944424888642	8.89219137045686e-06	1730.89001088529	1732.89001088529	-1.99999999999886	BM	Cercopithecidae	OWM	Cercopithecidae	OWM	family
Cheracebus_torquatus	Hapalemur_griseus	1280	987	121.4130573091	0.00172059428034529	0.999999999922578	0.00515026523174261	0.00515026523478254	8.86151690068364e-06	1730.89001088529	1732.89001088529	-1.99999999999886	BM	Pitheciidae	PLA	Lemuridae	STR	order
Ateles_paniscus	Macaca_silenus	9110	8900	78.065338354	0.00123319043983792	0.642973170086748	0.00460347141113096	0.00460347141384821	8.82922833857589e-06	1730.89001088529	1732.89001088529	-1.99999999999886	BM	Atelidae	PLA	Cercopithecidae	OWM	order
Eulemur_mongoz	Eulemur_coronatus	1630	1690	15.6477288181	0.000352340125667978	0.128880115233831	0.00293780051047813	0.0029378005122123	8.03153379535155e-06	1730.89001088529	1732.89001088529	-1.99999999999886	BM	Lemuridae	STR	Lemuridae	STR	family
Alouatta_palliata	Cercopithecus_neglectus	7150	7350	78.0653383566	0.00117446708555993	0.642973170108163	0.00438426074815304	0.00438426075074101	8.00837450550524e-06	1730.89001088529	1732.89001088529	-1.99999999999886	BM	Atelidae	PLA	Cercopithecidae	OWM	order
Alouatta_caraya	Trachypithecus_cristatus	6420	6610	78.0653383563	0.00111574373128193	0.642973170105692	0.00416504975431998	0.0041650497567785	7.22756153743704e-06	1730.89001088529	1732.89001088529	-1.99999999999886	BM	Atelidae	PLA	Cercopithecidae	OWM	order
Saimiri_sciureus	Avahi_laniger	779	1030	121.413057297	0.00147395619237771	0.999999999822919	0.00441201011061207	0.00441201011321633	6.5031096245213e-06	1730.89001088529	1732.89001088529	-1.99999999999886	BM	Cebidae	PLA	Indriidae	STR	order
Cheracebus_torquatus	Avahi_laniger	1280	1030	121.4130573033	0.00146808385694991	0.999999999874807	0.00439443255906281	0.00439443256165672	6.45139550122286e-06	1730.89001088529	1732.89001088529	-1.99999999999886	BM	Pitheciidae	PLA	Indriidae	STR	order
Saimiri_oerstedii	Plecturocebus_moloch	897	1020	49.0936032016	0.000722297257619355	0.404351922979865	0.0034000791836023	0.00340007918560928	6.07359018328915e-06	1730.89001088529	1732.89001088529	-1.99999999999886	BM	Cebidae	PLA	Pitheciidae	PLA	superfamily
Saguinus_midas	Cheirogaleus_medius	515	283	121.4130573051	0.00136238181924952	0.999999999889633	0.00407803627676573	0.00407803627917283	5.55584248231879e-06	1730.89001088529	1732.89001088529	-1.99999999999886	BM	Callitrichidae	PLA	Cheirogaleidae	STR	order
Cercopithecus_mitis	Nomascus_concolor	7930	7790	62.1515760358	0.000822126959891949	0.511901910786739	0.00343952369756186	0.00343952369959211	5.52395898778134e-06	1730.89001088529	1732.89001088529	-1.99999999999886	BM	Cercopithecidae	OWM	Hylobatidae	APE	order
Aotus_trivirgatus	Avahi_laniger	813	1030	121.4130573061	0.00127429678783252	0.999999999897869	0.00381437221622441	0.00381437221847598	4.8606422632288e-06	1730.89001088529	1732.89001088529	-1.99999999999886	BM	Aotidae	PLA	Indriidae	STR	order
Saimiri_sciureus	Hapalemur_griseus	779	987	121.4130573028	0.00122144576898232	0.99999999987069	0.00365617357817959	0.00365617358033771	4.4658177483099e-06	1730.89001088529	1732.89001088529	-1.99999999999886	BM	Cebidae	PLA	Lemuridae	STR	order
Cacajao_calvus	Propithecus_verreauxi	3450	3250	121.413057306	0.00117446708555993	0.999999999897046	0.00351555244563309	0.00351555244770821	4.12890063538085e-06	1730.89001088529	1732.89001088529	-1.99999999999886	BM	Pitheciidae	PLA	Indriidae	STR	order
Aotus_trivirgatus	Saimiri_oerstedii	813	897	41.3912937995	0.000493276175935169	0.340913034509288	0.00252884229495151	0.00252884229644431	3.65904946577457e-06	1730.89001088529	1732.89001088529	-1.99999999999886	BM	Aotidae	PLA	Cebidae	PLA	superfamily
Trachypithecus_obscurus	Nomascus_concolor	7900	7790	62.1515760353	0.00064595689705796	0.511901910782621	0.00270248610807971	0.00270248610967488	3.41020321265946e-06	1730.89001088529	1732.89001088529	-1.99999999999886	BM	Cercopithecidae	OWM	Hylobatidae	APE	order
Aotus_trivirgatus	Hapalemur_griseus	813	987	121.4130573119	0.00102178636443714	0.99999999994564	0.00305853303340469	0.00305853303521004	3.12516734888335e-06	1730.89001088529	1732.89001088529	-1.99999999999886	BM	Aotidae	PLA	Lemuridae	STR	order
Cebuella_pygmaea	Cheirogaleus_medius	110	283	121.4130573047	0.00101591402900934	0.999999999886338	0.00304095534279739	0.00304095534459226	3.08934919468991e-06	1730.89001088529	1732.89001088529	-1.99999999999886	BM	Callitrichidae	PLA	Cheirogaleidae	STR	order
Cercopithecus_cephus	Cercopithecus_pogonias	4290	4260	12.9463432657	0.000176170062833989	0.106630568009981	0.00161489796628258	0.00161489796723583	2.66805927699695e-06	1730.89001088529	1732.89001088529	-1.99999999999886	BM	Cercopithecidae	OWM	Cercopithecidae	OWM	family
Trachypithecus_francoisi	Nomascus_concolor	7700	7790	62.1515760362	0.000528510188501967	0.511901910790033	0.0022111263951097	0.00221112639641476	2.28286475054872e-06	1730.89001088529	1732.89001088529	-1.99999999999886	BM	Cercopithecidae	OWM	Hylobatidae	APE	order
Cercopithecus_nictitans	Trachypithecus_cristatus	6670	6610	38.5936741539	0.000352340125667978	0.317870869956418	0.00187064112569195	0.00187064112679621	2.07348955692718e-06	1730.89001088529	1732.89001088529	-1.99999999999886	BM	Cercopithecidae	OWM	Cercopithecidae	OWM	family
Ateles_geoffroyi	Cercopithecus_neglectus	7450	7350	78.0653383536	0.000587233542779964	0.642973170083454	0.002192138647692	0.00219213864898579	2.00210118282536e-06	1730.89001088529	1732.89001088529	-1.99999999999886	BM	Atelidae	PLA	Cercopithecidae	OWM	order
Saguinus_oedipus	Cheirogaleus_medius	418	283	121.4130573042	0.000792765282752951	0.99999999988222	0.00237300208060245	0.00237300208200321	1.88123366562371e-06	1730.89001088529	1732.89001088529	-1.99999999999886	BM	Callitrichidae	PLA	Cheirogaleidae	STR	order
Saimiri_oerstedii	Avahi_laniger	897	1030	121.4130572974	0.000781020611897352	0.999999999826213	0.00233784659565152	0.00233784659703151	1.82590637897521e-06	1730.89001088529	1732.89001088529	-1.99999999999886	BM	Cebidae	PLA	Indriidae	STR	order
Allochrocebus_lhoesti	Hylobates_lar	5970	5900	62.151576036	0.000411063479945974	0.511901910788386	0.00171976584359926	0.00171976584461447	1.38099295482875e-06	1730.89001088529	1732.89001088529	-1.99999999999886	BM	Cercopithecidae	OWM	Hylobatidae	APE	order
Alouatta_seniculus	Trachypithecus_cristatus	6690	6610	78.0653383565	0.000469786834223971	0.642973170107339	0.0017537117123871	0.00175371171342223	1.28134533726547e-06	1730.89001088529	1732.89001088529	-1.99999999999886	BM	Atelidae	PLA	Cercopithecidae	OWM	order
Cercopithecus_pogonias	Chlorocebus_pygerythrus	4260	4290	23.4097503935	0.000176170062833989	0.192810813849204	0.00120093744865832	0.00120093744936723	1.09728921094278e-06	1730.89001088529	1732.89001088529	-1.99999999999886	BM	Cercopithecidae	OWM	Cercopithecidae	OWM	family
Saimiri_oerstedii	Hapalemur_griseus	897	987	121.4130573032	0.000528510188501967	0.999999999873984	0.00158200268276244	0.00158200268369621	8.36104536182757e-07	1730.89001088529	1732.89001088529	-1.99999999999886	BM	Cebidae	PLA	Lemuridae	STR	order
Callithrix_jacchus	Leontocebus_fuscicolis	317	343	26.324919082	0.000152680721122791	0.216821153040751	0.00098149344699552	0.00098149344757482	6.91146251936057e-07	1730.89001088529	1732.89001088529	-1.99999999999886	BM	Callitrichidae	PLA	Callitrichidae	PLA	family
Aotus_trivirgatus	Saimiri_sciureus	813	779	41.3912937991	0.000199659404545188	0.340913034505994	0.00102358045709323	0.00102358045769735	5.99470961453459e-07	1730.89001088529	1732.89001088529	-1.99999999999886	BM	Aotidae	PLA	Cebidae	PLA	superfamily
Cercopithecus_mitis	Trachypithecus_obscurus	7930	7900	38.5936741531	0.000176170062833989	0.317870869949829	0.000935321205502128	0.000935321206054169	5.18372745414765e-07	1730.89001088529	1732.89001088529	-1.99999999999886	BM	Cercopithecidae	OWM	Cercopithecidae	OWM	family
Sapajus_apella	Cercopithecus_ascanius	3650	3700	78.0653383487	0.000293616771389982	0.642973170043096	0.00109607035808143	0.00109607035872842	5.00525768026308e-07	1730.89001088529	1732.89001088529	-1.99999999999886	BM	Cebidae	PLA	Cercopithecidae	OWM	order
Hapalemur_griseus	Avahi_laniger	987	1030	71.9834962258	0.000252510423395384	0.592881011446466	0.000981633941029614	0.000981633941609025	4.18081870195044e-07	1730.89001088529	1732.89001088529	-1.99999999999886	BM	Lemuridae	STR	Indriidae	STR	superfamily
Eulemur_fulvus	Lemur_catta	2180	2210	47.7997285384	0.000176170062833989	0.393695123029545	0.000840438903893655	0.000840438904389729	3.76078254075713e-07	1730.89001088529	1732.89001088529	-1.99999999999886	BM	Lemuridae	STR	Lemuridae	STR	family
Leontocebus_fuscicolis	Cheirogaleus_medius	343	283	121.4130573043	0.000352340125667978	0.999999999883044	0.00105466883907807	0.00105466883970069	3.71602151342328e-07	1730.89001088529	1732.89001088529	-1.99999999999886	BM	Callitrichidae	PLA	Cheirogaleidae	STR	order
Cebus_olivaceus	Propithecus_verreauxi	3290	3250	121.413057301	0.000234893417111985	0.999999999855864	0.000703112673145549	0.00070311267356048	1.65156538433705e-07	1730.89001088529	1732.89001088529	-1.99999999999886	BM	Cebidae	PLA	Indriidae	STR	order
Callithrix_jacchus	Cheirogaleus_medius	317	283	121.4130573043	0.000199659404545188	0.999999999883044	0.000597645793630249	0.000597645793983089	1.19325603299108e-07	1730.89001088529	1732.89001088529	-1.99999999999886	BM	Callitrichidae	PLA	Cheirogaleidae	STR	order
Plecturocebus_moloch	Hapalemur_griseus	1020	987	121.41305731	0.000193787069117388	0.999999999929991	0.000580067979300708	0.000580067979643124	1.124096736054e-07	1730.89001088529	1732.89001088529	-1.99999999999886	BM	Pitheciidae	PLA	Lemuridae	STR	order
Alouatta_seniculus	Cercopithecus_nictitans	6690	6670	78.0653383562	0.000117446708555993	0.642973170104868	0.000438428259042156	0.000438428259300947	8.00841440305156e-08	1730.89001088529	1732.89001088529	-1.99999999999886	BM	Atelidae	PLA	Cercopithecidae	OWM	order
Cercopithecus_nictitans	Presbytis_comata	6670	6680	38.5936741528	5.87233542779964e-05	0.317870869947358	0.00031177379863989	0.000311773798823907	5.75969834390895e-08	1730.89001088529	1732.89001088529	-1.99999999999886	BM	Cercopithecidae	OWM	Cercopithecidae	OWM	family
Macaca_nigra	Colobus_polykomos	9890	9900	38.593674154	5.87233542779964e-05	0.317870869957241	0.000311773798635006	0.000311773798819135	5.75969834363965e-08	1730.89001088529	1732.89001088529	-1.99999999999886	BM	Cercopithecidae	OWM	Cercopithecidae	OWM	family
Alouatta_seniculus	Presbytis_comata	6690	6680	78.0653383554	5.87233542779964e-05	0.642973170098279	0.000219214137795816	0.00021921413792524	2.00210367635738e-08	1730.89001088529	1732.89001088529	-1.99999999999886	BM	Atelidae	PLA	Cercopithecidae	OWM	order
Plecturocebus_moloch	Avahi_laniger	1020	1030	121.4130573042	5.87233542779964e-05	0.99999999988222	0.000175778189612265	0.000175778189716053	1.03222849041616e-08	1730.89001088529	1732.89001088529	-1.99999999999886	BM	Pitheciidae	PLA	Indriidae	STR	order
Macaca_fuscata	Macaca_mulatta	11000	11000	4.6628169341	0	0.0384045755628091	0	0	0	1730.89001088529	1732.89001088529	-1.99999999999886	BM	Cercopithecidae	OWM	Cercopithecidae	OWM	family
Macaca_fuscata	Cercocebus_torquatus	11000	11000	22.4016461426	0	0.184507718011204	0	0	0	1730.89001088529	1732.89001088529	-1.99999999999886	BM	Cercopithecidae	OWM	Cercopithecidae	OWM	family
Macaca_fuscata	Pygathrix_nemaeus	11000	11000	38.5936741534	0	0.3178708699523	0	0	0	1730.89001088529	1732.89001088529	-1.99999999999886	BM	Cercopithecidae	OWM	Cercopithecidae	OWM	family
Macaca_mulatta	Cercocebus_torquatus	11000	11000	22.4016461427	0	0.184507718012028	0	0	0	1730.89001088529	1732.89001088529	-1.99999999999886	BM	Cercopithecidae	OWM	Cercopithecidae	OWM	family
Macaca_mulatta	Pygathrix_nemaeus	11000	11000	38.5936741535	0	0.317870869953123	0	0	0	1730.89001088529	1732.89001088529	-1.99999999999886	BM	Cercopithecidae	OWM	Cercopithecidae	OWM	family
Cercocebus_torquatus	Pygathrix_nemaeus	11000	11000	38.5936741528	0	0.317870869947358	0	0	0	1730.89001088529	1732.89001088529	-1.99999999999886	BM	Cercopithecidae	OWM	Cercopithecidae	OWM	family
Cercopithecus_cephus	Chlorocebus_pygerythrus	4290	4290	23.4097503936	0	0.192810813850027	0	0	0	1730.89001088529	1732.89001088529	-1.99999999999886	BM	Cercopithecidae	OWM	Cercopithecidae	OWM	family
