Species1	Species2	TraitValue1	TraitValue2	PatristicDistance	NormalizedTraitDifference	NormalizedPatristicDistance	Sbm	Sou	FinalScore	AIC_BM	AIC_OU	delta_AIC	SelectedModel	family_1	superfamily_1	family_2	superfamily_2	taxonomic_level
Gorilla_gorilla	Hylobates_lar	4352	1459	45.7765141047	0.678025686697291	0.377031228073906	0.999308096402968	0.999308096184711	1.79708339212944	619.480334382734	621.480334382734	-2	BM	Hominidae	APE	Hylobatidae	APE	superfamily
Macaca_mulatta	Papio_anubis	1380	2711	22.4016461426	0.311943376769476	0.18450771801242	0.974341163620373	0.974341159858653	1.64729842187295	619.480334382734	621.480334382734	-2	BM	Cercopithecidae	OWM	Cercopithecidae	OWM	family
Pongo_pygmaeus	Hylobates_lar	4000	1459	45.7765141087	0.595528264741727	0.377031228106852	0.997117132331717	0.997117131617424	1.57496618660316	619.480334382734	621.480334382734	-2	BM	Hominidae	APE	Hylobatidae	APE	superfamily
Cebuella_pygmaea	Gorilla_gorilla	192	4352	78.0653383507	0.974969532202119	0.642973170063805	0.999812929285804	0.999812929215058	1.51606192814963	619.480334382734	621.480334382734	-2	BM	Callitrichidae	PLA	Hominidae	APE	order
Callithrix_jacchus	Gorilla_gorilla	295	4352	78.0653383503	0.950829661573076	0.64297317006051	0.999730905079018	0.99973090498196	1.47840352040034	619.480334382734	621.480334382734	-2	BM	Callitrichidae	PLA	Hominidae	APE	order
Saguinus_midas	Gorilla_gorilla	332	4352	78.0653383511	0.942158057560701	0.642973170067099	0.99969396723414	0.999693967125651	1.46486629640577	619.480334382734	621.480334382734	-2	BM	Callitrichidae	PLA	Hominidae	APE	order
Saguinus_oedipus	Gorilla_gorilla	333	4352	78.0653383502	0.941923689884691	0.642973170059687	0.999692905931285	0.99969290582247	1.4645003470657	619.480334382734	621.480334382734	-2	BM	Callitrichidae	PLA	Hominidae	APE	order
Callimico_goeldii	Gorilla_gorilla	340	4352	78.0653383533	0.94028311615262	0.642973170085219	0.999685379755826	0.99968537964471	1.46193858123884	619.480334382734	621.480334382734	-2	BM	Callitrichidae	PLA	Hominidae	APE	order
Cercopithecus_ascanius	Gorilla_gorilla	1162	4352	62.1515760317	0.747632886472298	0.511901910756343	0.99867560302143	0.998675602644587	1.45856600268047	619.480334382734	621.480334382734	-2	BM	Cercopithecidae	OWM	Hominidae	APE	order
Papio_anubis	Cercopithecus_ascanius	2711	1162	29.8369393136	0.363035530139683	0.245747368304268	0.975557229710657	0.975557226073466	1.4411626806563	619.480334382734	621.480334382734	-2	BM	Cercopithecidae	OWM	Cercopithecidae	OWM	family
Aotus_trivirgatus	Gorilla_gorilla	409	4352	78.0653383541	0.924111746507922	0.642973170091808	0.999601370910844	0.999601370774584	1.4366748282082	619.480334382734	621.480334382734	-2	BM	Aotidae	PLA	Hominidae	APE	order
Plecturocebus_moloch	Gorilla_gorilla	469	4352	78.0653383522	0.910049685947314	0.642973170076159	0.999511724145529	0.99951172398337	1.41468629328897	619.480334382734	621.480334382734	-2	BM	Pitheciidae	PLA	Hominidae	APE	order
Pan_troglodytes	Hylobates_lar	3739	1459	45.7765141047	0.534358301303084	0.377031228073906	0.992501878180314	0.992501876657682	1.40665169931386	619.480334382734	621.480334382734	-2	BM	Hominidae	APE	Hylobatidae	APE	superfamily
Saimiri_sciureus	Gorilla_gorilla	526	4352	78.065338345	0.896690728414737	0.642973170016858	0.999409451446904	0.999409451256151	1.39377695803233	619.480334382734	621.480334382734	-2	BM	Cebidae	PLA	Hominidae	APE	order
Cebuella_pygmaea	Pongo_pygmaeus	192	4000	78.0653383547	0.892472110246555	0.64297317009675	0.999373221467795	0.999373221267123	1.38716943313988	619.480334382734	621.480334382734	-2	BM	Callitrichidae	PLA	Hominidae	APE	order
Piliocolobus_badius	Gorilla_gorilla	1333	4352	62.151576032	0.707556013874566	0.511901910758814	0.99762267466384	0.997622674053208	1.37892418098163	619.480334382734	621.480334382734	-2	BM	Cercopithecidae	OWM	Hominidae	APE	order
Pygathrix_nemaeus	Gorilla_gorilla	1345	4352	62.1515760308	0.704743601762445	0.51190191074893	0.997525611952819	0.997525611321926	1.37330956938489	619.480334382734	621.480334382734	-2	BM	Cercopithecidae	OWM	Hominidae	APE	order
Cercopithecus_mitis	Gorilla_gorilla	1354	4352	62.1515760318	0.702634292678354	0.511901910757166	0.997450450043974	0.997450449397513	1.36909606454041	619.480334382734	621.480334382734	-2	BM	Cercopithecidae	OWM	Hominidae	APE	order
Macaca_mulatta	Gorilla_gorilla	1380	4352	62.1515760327	0.69654073310209	0.511901910764579	0.997221434818938	0.997221434125667	1.35691103054575	619.480334382734	621.480334382734	-2	BM	Cercopithecidae	OWM	Hominidae	APE	order
Callithrix_jacchus	Pongo_pygmaeus	295	4000	78.0653383543	0.868332239617512	0.642973170093456	0.999122939649162	0.999122939382416	1.34931082693962	619.480334382734	621.480334382734	-2	BM	Callitrichidae	PLA	Hominidae	APE	order
Saguinus_midas	Pongo_pygmaeus	332	4000	78.0653383551	0.859660635605137	0.642973170100045	0.9990123715643	0.99901237126951	1.33568809750294	619.480334382734	621.480334382734	-2	BM	Callitrichidae	PLA	Hominidae	APE	order
Saguinus_oedipus	Pongo_pygmaeus	333	4000	78.0653383542	0.859426267929127	0.642973170092632	0.999009211478636	0.999009211183053	1.33531972745334	619.480334382734	621.480334382734	-2	BM	Callitrichidae	PLA	Hominidae	APE	order
Callimico_goeldii	Pongo_pygmaeus	340	4000	78.0653383573	0.857785694197056	0.642973170118165	0.99898682740224	0.998986827101056	1.33274084994785	619.480334382734	621.480334382734	-2	BM	Callitrichidae	PLA	Hominidae	APE	order
Aotus_trivirgatus	Pongo_pygmaeus	409	4000	78.0653383581	0.841614324552358	0.642973170124754	0.998739736580116	0.998739736218552	1.30729198022739	619.480334382734	621.480334382734	-2	BM	Aotidae	PLA	Hominidae	APE	order
Cercopithecus_ascanius	Pongo_pygmaeus	1162	4000	62.1515760357	0.665135464516734	0.511901910789288	0.995714745117309	0.995714744135293	1.29377362256492	619.480334382734	621.480334382734	-2	BM	Cercopithecidae	OWM	Hominidae	APE	order
Cebuella_pygmaea	Pan_troglodytes	192	3739	78.0653383507	0.831302146807912	0.642973170063805	0.998554280036591	0.998554279631239	1.29103414473153	619.480334382734	621.480334382734	-2	BM	Callitrichidae	PLA	Hominidae	APE	order
Plecturocebus_moloch	Pongo_pygmaeus	469	4000	78.0653383562	0.82755226399175	0.642973170109105	0.998480824360926	0.998480823938547	1.28511593510507	619.480334382734	621.480334382734	-2	BM	Pitheciidae	PLA	Hominidae	APE	order
Nasalis_larvatus	Gorilla_gorilla	1556	4352	62.151576031	0.655292022124309	0.511901910750577	0.9951084591843	0.995108458093629	1.27385075296117	619.480334382734	621.480334382734	-2	BM	Cercopithecidae	OWM	Hominidae	APE	order
Saimiri_sciureus	Pongo_pygmaeus	526	4000	78.065338349	0.814193306459173	0.642973170049803	0.998190303256521	0.998190302768364	1.26400276300947	619.480334382734	621.480334382734	-2	BM	Cebidae	PLA	Hominidae	APE	order
Callithrix_jacchus	Pan_troglodytes	295	3739	78.0653383503	0.807162276178869	0.64297317006051	0.998017660389158	0.998017659862973	1.25287063898889	619.480334382734	621.480334382734	-2	BM	Callitrichidae	PLA	Hominidae	APE	order
Erythrocebus_patas	Gorilla_gorilla	1621	4352	62.151576032	0.64005812318365	0.511901910758814	0.994016244815743	0.994016243537828	1.24287125853411	619.480334382734	621.480334382734	-2	BM	Cercopithecidae	OWM	Hominidae	APE	order
Saguinus_midas	Pan_troglodytes	332	3739	78.0653383511	0.798490672166495	0.642973170067099	0.997783952177408	0.997783951600855	1.23912041083757	619.480334382734	621.480334382734	-2	BM	Callitrichidae	PLA	Hominidae	APE	order
Saguinus_oedipus	Pan_troglodytes	333	3739	78.0653383502	0.798256304490485	0.642973170059687	0.997777298893984	0.997777298316015	1.23874845235871	619.480334382734	621.480334382734	-2	BM	Callitrichidae	PLA	Hominidae	APE	order
Callimico_goeldii	Pan_troglodytes	340	3739	78.0653383533	0.796615730758414	0.642973170085219	0.997730210959277	0.997730210371309	1.23614424066517	619.480334382734	621.480334382734	-2	BM	Callitrichidae	PLA	Hominidae	APE	order
Papio_anubis	Cercopithecus_mitis	2711	1354	29.8369393137	0.318036936345739	0.245747368305091	0.951298495475118	0.951298489734647	1.23113448228511	619.480334382734	621.480334382734	-2	BM	Cercopithecidae	OWM	Cercopithecidae	OWM	family
Alouatta_seniculus	Gorilla_gorilla	986	4352	78.0653383544	0.78888159745008	0.642973170094279	0.997495672058783	0.997495671421676	1.22385507797765	619.480334382734	621.480334382734	-2	BM	Atelidae	PLA	Hominidae	APE	order
Piliocolobus_badius	Pongo_pygmaeus	1333	4000	62.151576036	0.625058591919002	0.511901910791759	0.992730861021212	0.992730859534607	1.21217549898321	619.480334382734	621.480334382734	-2	BM	Cercopithecidae	OWM	Hominidae	APE	order
Aotus_trivirgatus	Pan_troglodytes	409	3739	78.0653383541	0.780444361113715	0.642973170091808	0.997214683036202	0.997214682341565	1.21042465284248	619.480334382734	621.480334382734	-2	BM	Aotidae	PLA	Hominidae	APE	order
Pygathrix_nemaeus	Pongo_pygmaeus	1345	4000	62.1515760348	0.622246179806881	0.511901910781876	0.992463945162536	0.992463943633966	1.20639693946483	619.480334382734	621.480334382734	-2	BM	Cercopithecidae	OWM	Hominidae	APE	order
Cercopithecus_mitis	Pongo_pygmaeus	1354	4000	62.1515760358	0.62013687072279	0.511901910790112	0.992258026306015	0.992258024745367	1.20205800059082	619.480334382734	621.480334382734	-2	BM	Cercopithecidae	OWM	Hominidae	APE	order
Macaca_mulatta	Pongo_pygmaeus	1380	4000	62.1515760367	0.614043311146527	0.511901910797525	0.991634534342281	0.991634532686003	1.18949849584684	619.480334382734	621.480334382734	-2	BM	Cercopithecidae	OWM	Hominidae	APE	order
Plecturocebus_moloch	Pan_troglodytes	469	3739	78.0653383522	0.766382300553108	0.642973170076159	0.996681743257881	0.996681742457658	1.18797997003013	619.480334382734	621.480334382734	-2	BM	Pitheciidae	PLA	Hominidae	APE	order
Cercopithecus_ascanius	Pan_troglodytes	1162	3739	62.1515760317	0.603965501078091	0.511901910756343	0.990504347512888	0.990504345688562	1.16864274579822	619.480334382734	621.480334382734	-2	BM	Cercopithecidae	OWM	Hominidae	APE	order
Saimiri_sciureus	Pan_troglodytes	526	3739	78.065338345	0.75302334302053	0.642973170016858	0.996091047276435	0.996091046363818	1.16658026392183	619.480334382734	621.480334382734	-2	BM	Cebidae	PLA	Hominidae	APE	order
Cebus_albifrons	Gorilla_gorilla	1221	4352	78.0653383462	0.7338051935877	0.642973170026741	0.995073143529924	0.995073142433035	1.13564589435595	619.480334382734	621.480334382734	-2	BM	Cebidae	PLA	Hominidae	APE	order
Nasalis_larvatus	Pongo_pygmaeus	1556	4000	62.151576035	0.572794600168745	0.511901910783523	0.986099068456725	0.98609906603022	1.10339932269232	619.480334382734	621.480334382734	-2	BM	Cercopithecidae	OWM	Hominidae	APE	order
Alouatta_seniculus	Pongo_pygmaeus	986	4000	78.0653383584	0.706384175494516	0.642973170127225	0.993204565966632	0.993204564555616	1.09115593157473	619.480334382734	621.480334382734	-2	BM	Atelidae	PLA	Hominidae	APE	order
Piliocolobus_badius	Pan_troglodytes	1333	3739	62.151576032	0.56388862848036	0.511901910758814	0.984546265594351	0.984546262971852	1.08453286013037	619.480334382734	621.480334382734	-2	BM	Cercopithecidae	OWM	Hominidae	APE	order
Pygathrix_nemaeus	Pan_troglodytes	1345	3739	62.1515760308	0.561076216368238	0.51190191074893	0.984025156103726	0.984025153417058	1.07855255040967	619.480334382734	621.480334382734	-2	BM	Cercopithecidae	OWM	Hominidae	APE	order
Cercopithecus_mitis	Pan_troglodytes	1354	3739	62.1515760318	0.558966907284147	0.511901910757167	0.983624246333193	0.983624243597677	1.0740600715659	619.480334382734	621.480334382734	-2	BM	Cercopithecidae	OWM	Hominidae	APE	order
Erythrocebus_patas	Pongo_pygmaeus	1621	4000	62.151576036	0.557560701228087	0.511901910791759	0.983352087028753	0.983352084260328	1.07106159918378	619.480334382734	621.480334382734	-2	BM	Cercopithecidae	OWM	Hominidae	APE	order
Macaca_mulatta	Pan_troglodytes	1380	3739	62.1515760327	0.552873347707884	0.511901910764579	0.982415994192172	0.982415991312054	1.06104628275277	619.480334382734	621.480334382734	-2	BM	Cercopithecidae	OWM	Hominidae	APE	order
Ateles_geoffroyi	Gorilla_gorilla	1482	4352	78.065338351	0.672635230149058	0.642973170066276	0.990044983763146	0.99004498187231	1.03571838844038	619.480334382734	621.480334382734	-2	BM	Atelidae	PLA	Hominidae	APE	order
Gorilla_gorilla	Carlito_syrichta	4352	197	115.745494551	0.973797693822068	0.953319989695427	0.997818957049694	0.997818956480609	1.0192525172344	619.480334382734	621.480334382734	-2	BM	Hominidae	APE	Tarsiidae	TAR	order
Cebus_albifrons	Pongo_pygmaeus	1221	4000	78.0653383502	0.651307771632136	0.642973170059687	0.987427903317168	0.98742790106456	1.00022753250683	619.480334382734	621.480334382734	-2	BM	Cebidae	PLA	Hominidae	APE	order
Gorilla_gorilla	Microcebus_murinus	4352	85.2	121.41305731	1	0.99999999993658	0.997877498700402	0.997877498143865	0.997877498763688	619.480334382734	621.480334382734	-2	BM	Hominidae	APE	Cheirogaleidae	STR	order
Alouatta_seniculus	Pan_troglodytes	986	3739	78.0653383544	0.645214212055873	0.642973170094279	0.986575946368548	0.986575944003761	0.990014593884411	619.480334382734	621.480334382734	-2	BM	Atelidae	PLA	Hominidae	APE	order
Gorilla_gorilla	Cheirogaleus_medius	4352	145	121.41305731	0.985984812974595	0.99999999993658	0.997550177395258	0.997550176769476	0.983569325154215	619.480334382734	621.480334382734	-2	BM	Hominidae	APE	Cheirogaleidae	STR	order
Nasalis_larvatus	Pan_troglodytes	1556	3739	62.151576031	0.511624636730102	0.511901910750577	0.971988447653878	0.971988443658339	0.971461965648094	619.480334382734	621.480334382734	-2	BM	Cercopithecidae	OWM	Hominidae	APE	order
Gorilla_gorilla	Galago_senegalensis	4352	205	121.413057313	0.971922752413987	0.999999999961289	0.997175922451167	0.997175921748702	0.969177967227212	619.480334382734	621.480334382734	-2	BM	Hominidae	APE	Galagidae	STR	order
Gorilla_gorilla	Loris_tardigradus	4352	220	121.4130573117	0.968407237273835	0.999999999950582	0.997074538499848	0.99707453777702	0.965574199232438	619.480334382734	621.480334382734	-2	BM	Hominidae	APE	Lorisidae	STR	order
Gorilla_gorilla	Cheirogaleus_major	4352	241	121.41305731	0.963485516077623	0.99999999993658	0.996927016604875	0.99692701585271	0.960524741146189	619.480334382734	621.480334382734	-2	BM	Hominidae	APE	Cheirogaleidae	STR	order
Gorilla_gorilla	Lepilemur_ruficaudatus	4352	260	121.413057307	0.95903253023343	0.999999999911871	0.996787732028331	0.996787731248768	0.955951860837019	619.480334382734	621.480334382734	-2	BM	Hominidae	APE	Lepilemuridae	STR	order
Erythrocebus_patas	Pan_troglodytes	1621	3739	62.151576032	0.496390737789444	0.511901910758814	0.966968810756194	0.96696880628995	0.93766862616147	619.480334382734	621.480334382734	-2	BM	Cercopithecidae	OWM	Hominidae	APE	order
Papio_anubis	Piliocolobus_badius	2711	1333	38.5936741539	0.322958657541952	0.317870869958512	0.921595972928945	0.921595965328595	0.936346882783088	619.480334382734	621.480334382734	-2	BM	Cercopithecidae	OWM	Cercopithecidae	OWM	family
Gorilla_gorilla	Avahi_laniger	4352	343	121.413057308	0.93958001312459	0.999999999920108	0.996109308917853	0.996109308008645	0.935924397621335	619.480334382734	621.480334382734	-2	BM	Hominidae	APE	Indriidae	STR	order
Gorilla_gorilla	Nycticebus_coucang	4352	345	121.4130573114	0.93911127777257	0.999999999948111	0.996091463280092	0.996091462367553	0.935440726907855	619.480334382734	621.480334382734	-2	BM	Hominidae	APE	Lorisidae	STR	order
Pongo_pygmaeus	Carlito_syrichta	4000	197	115.745494555	0.891300271866504	0.953319989728372	0.994965157783202	0.994965156667373	0.930236148601631	619.480334382734	621.480334382734	-2	BM	Hominidae	APE	Tarsiidae	TAR	order
Gorilla_gorilla	Otolemur_crassicaudatus	4352	384	121.413057313	0.929970938408175	0.999999999961289	0.995728279874638	0.995728278895091	0.925998362870421	619.480334382734	621.480334382734	-2	BM	Hominidae	APE	Galagidae	STR	order
Papio_anubis	Pygathrix_nemaeus	2711	1345	38.5936741527	0.32014624542983	0.317870869948629	0.918962119428514	0.918962111689256	0.925540211579704	619.480334382734	621.480334382734	-2	BM	Cercopithecidae	OWM	Cercopithecidae	OWM	family
Gorilla_gorilla	Perodicticus_potto	4352	391	121.413057312	0.928330364676104	0.999999999953053	0.995659943233472	0.99565994224148	0.924301358238711	619.480334382734	621.480334382734	-2	BM	Hominidae	APE	Lorisidae	STR	order
Papio_anubis	Erythrocebus_patas	2711	1621	29.8369393139	0.255460766851036	0.245747368306739	0.886657830500649	0.886657821313981	0.921703824846048	619.480334382734	621.480334382734	-2	BM	Cercopithecidae	OWM	Cercopithecidae	OWM	family
Pongo_pygmaeus	Microcebus_murinus	4000	85.2	121.413057314	0.917502578044436	0.999999999969525	0.995183507327446	0.995183506250028	0.913083433628062	619.480334382734	621.480334382734	-2	BM	Hominidae	APE	Cheirogaleidae	STR	order
Pongo_pygmaeus	Cheirogaleus_medius	4000	145	121.413057314	0.903487391019031	0.999999999969526	0.994496696566574	0.994496695369785	0.89851522578536	619.480334382734	621.480334382734	-2	BM	Hominidae	APE	Cheirogaleidae	STR	order
Cebuella_pygmaea	Papio_anubis	192	2711	78.0653383526	0.590372175869504	0.642973170079454	0.976313361523198	0.976313357964775	0.896442138482535	619.480334382734	621.480334382734	-2	BM	Callitrichidae	PLA	Cercopithecidae	OWM	order
Cebus_albifrons	Pan_troglodytes	1221	3739	78.0653383462	0.590137808193494	0.642973170026741	0.976257842382607	0.976257838818365	0.896035309391557	619.480334382734	621.480334382734	-2	BM	Cebidae	PLA	Hominidae	APE	order
Ateles_geoffroyi	Pongo_pygmaeus	1482	4000	78.065338355	0.590137808193494	0.642973170099221	0.97625784237472	0.976257838810477	0.896035309283311	619.480334382734	621.480334382734	-2	BM	Atelidae	PLA	Hominidae	APE	order
Pongo_pygmaeus	Galago_senegalensis	4000	205	121.413057317	0.889425330458423	0.999999999994235	0.993719944493056	0.993719943166001	0.883839690018958	619.480334382734	621.480334382734	-2	BM	Hominidae	APE	Galagidae	STR	order
Pongo_pygmaeus	Loris_tardigradus	4000	220	121.4130573157	0.885909815318271	0.999999999983527	0.993510939006883	0.993510937645554	0.880161092506769	619.480334382734	621.480334382734	-2	BM	Hominidae	APE	Lorisidae	STR	order
Gorilla_gorilla	Eulemur_fulvus	4352	590	121.4130573104	0.881691197150089	0.999999999939875	0.993251886499859	0.993251885096475	0.875741444932299	619.480334382734	621.480334382734	-2	BM	Hominidae	APE	Lemuridae	STR	order
Pongo_pygmaeus	Cheirogaleus_major	4000	241	121.413057314	0.880988094122059	0.999999999969526	0.993207818605266	0.993207817194774	0.875004263206846	619.480334382734	621.480334382734	-2	BM	Hominidae	APE	Cheirogaleidae	STR	order
Pongo_pygmaeus	Lepilemur_ruficaudatus	4000	260	121.413057311	0.876535108277866	0.999999999944816	0.992922665966568	0.992922664510393	0.870331576572581	619.480334382734	621.480334382734	-2	BM	Hominidae	APE	Lepilemuridae	STR	order
Pan_troglodytes	Carlito_syrichta	3739	197	115.745494551	0.830130308427862	0.953319989695427	0.991006545159315	0.991006543408859	0.862946941089489	619.480334382734	621.480334382734	-2	BM	Hominidae	APE	Tarsiidae	TAR	order
Callithrix_jacchus	Papio_anubis	295	2711	78.0653383522	0.566232305240461	0.642973170076159	0.96996857611208	0.969968571922759	0.854199783791438	619.480334382734	621.480334382734	-2	BM	Callitrichidae	PLA	Cercopithecidae	OWM	order
Pongo_pygmaeus	Avahi_laniger	4000	343	121.413057312	0.857082591169026	0.999999999953053	0.991546896573154	0.991546894903608	0.849837583420422	619.480334382734	621.480334382734	-2	BM	Hominidae	APE	Indriidae	STR	order
Pongo_pygmaeus	Nycticebus_coucang	4000	345	121.4130573154	0.856613855817006	0.999999999981056	0.991510979628945	0.991510977953974	0.849342043360937	619.480334382734	621.480334382734	-2	BM	Hominidae	APE	Lorisidae	STR	order
Pan_troglodytes	Microcebus_murinus	3739	85.2	121.41305731	0.856332614605794	0.99999999993658	0.991489364018604	0.991489362340371	0.849044679497733	619.480334382734	621.480334382734	-2	BM	Hominidae	APE	Cheirogaleidae	STR	order
Pongo_pygmaeus	Otolemur_crassicaudatus	4000	384	121.413057317	0.847473516452611	0.999999999994235	0.990782783374779	0.990782781591256	0.83966216947217	619.480334382734	621.480334382734	-2	BM	Hominidae	APE	Galagidae	STR	order
Saguinus_midas	Papio_anubis	332	2711	78.065338353	0.557560701228087	0.642973170082748	0.967357087143586	0.967357082712491	0.838853502668429	619.480334382734	621.480334382734	-2	BM	Callitrichidae	PLA	Cercopithecidae	OWM	order
Saguinus_oedipus	Papio_anubis	333	2711	78.0653383521	0.557326333552077	0.642973170075336	0.967283888083958	0.967283883646221	0.838437446443784	619.480334382734	621.480334382734	-2	BM	Callitrichidae	PLA	Cercopithecidae	OWM	order
Pongo_pygmaeus	Perodicticus_potto	4000	391	121.413057316	0.84583294272054	0.999999999985998	0.990646333841389	0.990646332037823	0.837921303760109	619.480334382734	621.480334382734	-2	BM	Hominidae	APE	Lorisidae	STR	order
Callimico_goeldii	Papio_anubis	340	2711	78.0653383552	0.555685759820006	0.642973170100868	0.966767548373699	0.966767543889313	0.835523136374547	619.480334382734	621.480334382734	-2	BM	Callitrichidae	PLA	Cercopithecidae	OWM	order
Pan_troglodytes	Cheirogaleus_medius	3739	145	121.41305731	0.842317427580388	0.99999999993658	0.990347857396192	0.990347855549097	0.834187259704613	619.480334382734	621.480334382734	-2	BM	Hominidae	APE	Cheirogaleidae	STR	order
Gorilla_gorilla	Propithecus_verreauxi	4352	780	121.413057311	0.837161338708165	0.999999999944817	0.98989472899926	0.989894727086879	0.828701596554907	619.480334382734	621.480334382734	-2	BM	Hominidae	APE	Indriidae	STR	order
Pan_troglodytes	Galago_senegalensis	3739	205	121.413057313	0.828255367019781	0.999999999961289	0.989067287484724	0.989067285455477	0.819200289234631	619.480334382734	621.480334382734	-2	BM	Hominidae	APE	Galagidae	STR	order
Pan_troglodytes	Loris_tardigradus	3739	220	121.4130573117	0.824739851879629	0.999999999950582	0.988724435970323	0.988724433893496	0.815440444912231	619.480334382734	621.480334382734	-2	BM	Hominidae	APE	Lorisidae	STR	order
Pan_troglodytes	Cheirogaleus_major	3739	241	121.41305731	0.819818130683416	0.99999999993658	0.988228410968914	0.988228408824082	0.810167568620159	619.480334382734	621.480334382734	-2	BM	Hominidae	APE	Cheirogaleidae	STR	order
Aotus_trivirgatus	Papio_anubis	409	2711	78.065338356	0.539514390175307	0.642973170107457	0.961293973571882	0.961293968613457	0.80661519958003	619.480334382734	621.480334382734	-2	BM	Aotidae	PLA	Cercopithecidae	OWM	order
Pan_troglodytes	Lepilemur_ruficaudatus	3739	260	121.413057307	0.815365144839224	0.999999999911871	0.987763048885101	0.987763046677326	0.805387561492012	619.480334382734	621.480334382734	-2	BM	Hominidae	APE	Lepilemuridae	STR	order
Gorilla_gorilla	Daubentonia_madagascariensis	4352	897	121.413057308	0.809740320614981	0.999999999920108	0.987151969436347	0.987151967147129	0.799336752290958	619.480334382734	621.480334382734	-2	BM	Hominidae	APE	Daubentoniidae	STR	order
Pongo_pygmaeus	Eulemur_fulvus	4000	590	121.4130573144	0.799193775194525	0.99999999997282	0.985933062590733	0.985933060142918	0.787951566402405	619.480334382734	621.480334382734	-2	BM	Hominidae	APE	Lemuridae	STR	order
Ateles_geoffroyi	Pan_troglodytes	1482	3739	78.065338351	0.528967844754851	0.642973170066276	0.957325987850562	0.957325982569785	0.787582885408614	619.480334382734	621.480334382734	-2	BM	Atelidae	PLA	Hominidae	APE	order
Pan_troglodytes	Avahi_laniger	3739	343	121.413057308	0.795912627730383	0.999999999920108	0.985533574461511	0.98553357196277	0.784398617028846	619.480334382734	621.480334382734	-2	BM	Hominidae	APE	Indriidae	STR	order
Pan_troglodytes	Nycticebus_coucang	3739	345	121.4130573114	0.795443892378363	0.999999999948111	0.985475695525821	0.985475693019744	0.783890623134009	619.480334382734	621.480334382734	-2	BM	Hominidae	APE	Lorisidae	STR	order
Plecturocebus_moloch	Papio_anubis	469	2711	78.0653383541	0.5254523296147	0.642973170091808	0.955929108078849	0.955929102688457	0.781207055210114	619.480334382734	621.480334382734	-2	BM	Pitheciidae	PLA	Cercopithecidae	OWM	order
Gorilla_gorilla	Indri_indri	4352	978	121.413057306	0.790756538858161	0.999999999903635	0.984885582189712	0.984885579609417	0.778804714218691	619.480334382734	621.480334382734	-2	BM	Hominidae	APE	Indriidae	STR	order
Pan_troglodytes	Otolemur_crassicaudatus	3739	384	121.413057313	0.786303553013968	0.999999999961289	0.984305519626484	0.984305516974243	0.773962927363525	619.480334382734	621.480334382734	-2	BM	Hominidae	APE	Galagidae	STR	order
Pan_troglodytes	Perodicticus_potto	3739	391	121.413057312	0.784662979281897	0.999999999953053	0.984086926762814	0.984086924083712	0.772176579862327	619.480334382734	621.480334382734	-2	BM	Hominidae	APE	Lorisidae	STR	order
Gorilla_gorilla	Varecia_variegata	4352	1018	121.413057313	0.781381831817756	0.999999999961289	0.983641695973114	0.983641693239715	0.768599750281549	619.480334382734	621.480334382734	-2	BM	Hominidae	APE	Lemuridae	STR	order
Saimiri_sciureus	Papio_anubis	526	2711	78.0653383469	0.512093372082122	0.642973170032507	0.950263982664861	0.950263976848823	0.756833892814585	619.480334382734	621.480334382734	-2	BM	Cebidae	PLA	Cercopithecidae	OWM	order
Pongo_pygmaeus	Propithecus_verreauxi	4000	780	121.413057315	0.754663916752601	0.999999999977762	0.979590321153973	0.979590317949742	0.739261468591436	619.480334382734	621.480334382734	-2	BM	Hominidae	APE	Indriidae	STR	order
Papio_anubis	Nasalis_larvatus	2711	1556	38.5936741529	0.270694665791694	0.317870869950276	0.859841247135896	0.859841237037334	0.732229534162015	619.480334382734	621.480334382734	-2	BM	Cercopithecidae	OWM	Cercopithecidae	OWM	family
Pan_troglodytes	Eulemur_fulvus	3739	590	121.4130573104	0.738023811755883	0.999999999939875	0.97664657061735	0.976646567093975	0.720788424828665	619.480334382734	621.480334382734	-2	BM	Hominidae	APE	Lemuridae	STR	order
Pongo_pygmaeus	Daubentonia_madagascariensis	4000	897	121.413057312	0.727242898659417	0.999999999953053	0.974548364383675	0.97454836064299	0.70873337743145	619.480334382734	621.480334382734	-2	BM	Hominidae	APE	Daubentoniidae	STR	order
Pongo_pygmaeus	Indri_indri	4000	978	121.41305731	0.708259116902597	0.99999999993658	0.970455934488031	0.970455930344906	0.687334263196968	619.480334382734	621.480334382734	-2	BM	Hominidae	APE	Indriidae	STR	order
Cebuella_pygmaea	Ateles_geoffroyi	192	1482	46.5475501497	0.302334302053061	0.383381748042961	0.866454525208545	0.866454515314329	0.68328480809756	619.480334382734	621.480334382734	-2	BM	Callitrichidae	PLA	Atelidae	PLA	superfamily
Papio_anubis	Gorilla_gorilla	2711	4352	62.1515760319	0.384597356332615	0.51190191075799	0.901387485375894	0.901387476794967	0.677222015822415	619.480334382734	621.480334382734	-2	BM	Cercopithecidae	OWM	Hominidae	APE	order
Pongo_pygmaeus	Varecia_variegata	4000	1018	121.413057317	0.698884409862192	0.999999999994235	0.968234225285407	0.968234220934463	0.67668380515087	619.480334382734	621.480334382734	-2	BM	Hominidae	APE	Lemuridae	STR	order
Pan_troglodytes	Propithecus_verreauxi	3739	780	121.413057311	0.693493953313959	0.999999999944817	0.966892999963272	0.966892995490188	0.670534449013125	619.480334382734	621.480334382734	-2	BM	Hominidae	APE	Indriidae	STR	order
Pan_troglodytes	Daubentonia_madagascariensis	3739	897	121.413057308	0.666072935220774	0.999999999920108	0.95929587308058	0.959295867957744	0.638961017979006	619.480334382734	621.480334382734	-2	BM	Hominidae	APE	Daubentoniidae	STR	order
Pan_troglodytes	Gorilla_gorilla	3739	4352	20.238906202	0.143667385394206	0.16669464264491	0.720378480900518	0.720378468653449	0.62086514121327	619.480334382734	621.480334382734	-2	BM	Hominidae	APE	Hominidae	APE	family
Pan_troglodytes	Indri_indri	3739	978	121.413057306	0.647089153463954	0.999999999903635	0.95321075562955	0.953210750031251	0.616812340992501	619.480334382734	621.480334382734	-2	BM	Hominidae	APE	Indriidae	STR	order
Pan_troglodytes	Varecia_variegata	3739	1018	121.413057313	0.637714446423549	0.999999999961289	0.949933909518439	0.949933903678486	0.60578657727096	619.480334382734	621.480334382734	-2	BM	Hominidae	APE	Lemuridae	STR	order
Callithrix_jacchus	Ateles_geoffroyi	295	1482	46.5475501493	0.278194431424018	0.383381748039666	0.832560313468825	0.83256030265011	0.604133202000265	619.480334382734	621.480334382734	-2	BM	Callitrichidae	PLA	Atelidae	PLA	superfamily
Papio_anubis	Microcebus_murinus	2711	85.2	121.4130573119	0.615402643667385	0.999999999952229	0.941354979635769	0.941354973205069	0.579312343124984	619.480334382734	621.480334382734	-2	BM	Cercopithecidae	OWM	Cheirogaleidae	STR	order
Papio_anubis	Carlito_syrichta	2711	197	115.7454945529	0.589200337489453	0.953319989711076	0.936279472192366	0.936279465437769	0.578668429230547	619.480334382734	621.480334382734	-2	BM	Cercopithecidae	OWM	Tarsiidae	TAR	order
Saguinus_midas	Ateles_geoffroyi	332	1482	46.5475501501	0.269522827411643	0.383381748046255	0.818923086726452	0.818923075613762	0.575714589679824	619.480334382734	621.480334382734	-2	BM	Callitrichidae	PLA	Atelidae	PLA	superfamily
Saguinus_oedipus	Ateles_geoffroyi	333	1482	46.5475501492	0.269288459735633	0.383381748038842	0.818543394816128	0.818543383695825	0.57494727160167	619.480334382734	621.480334382734	-2	BM	Callitrichidae	PLA	Atelidae	PLA	superfamily
Callimico_goeldii	Ateles_geoffroyi	340	1482	46.5475501523	0.267647886003562	0.383381748064375	0.815868993887823	0.815868982714745	0.569577483989307	619.480334382734	621.480334382734	-2	BM	Callitrichidae	PLA	Atelidae	PLA	superfamily
Cebuella_pygmaea	Cebus_albifrons	192	1221	41.3912937969	0.241164338614418	0.34091303449012	0.795586308173989	0.79558629664668	0.562803490656873	619.480334382734	621.480334382734	-2	BM	Callitrichidae	PLA	Cebidae	PLA	superfamily
Papio_anubis	Cheirogaleus_medius	2711	145	121.4130573119	0.60138745664198	0.999999999952229	0.935366259410278	0.935366252599253	0.562517535802341	619.480334382734	621.480334382734	-2	BM	Cercopithecidae	OWM	Cheirogaleidae	STR	order
Alouatta_seniculus	Papio_anubis	986	2711	78.0653383563	0.404284241117465	0.642973170109928	0.878648777764575	0.878648768281567	0.552470726370444	619.480334382734	621.480334382734	-2	BM	Atelidae	PLA	Cercopithecidae	OWM	order
Papio_anubis	Galago_senegalensis	2711	205	121.4130573149	0.587325396081372	0.999999999976938	0.928859077277489	0.928859070079624	0.545542525478361	619.480334382734	621.480334382734	-2	BM	Cercopithecidae	OWM	Galagidae	STR	order
Papio_anubis	Loris_tardigradus	2711	220	121.4130573136	0.58380988094122	0.999999999966231	0.927150961792362	0.927150954497176	0.541279892636816	619.480334382734	621.480334382734	-2	BM	Cercopithecidae	OWM	Lorisidae	STR	order
Papio_anubis	Cheirogaleus_major	2711	241	121.4130573119	0.578888159745008	0.999999999952229	0.924703357814825	0.924703350383086	0.535299825141026	619.480334382734	621.480334382734	-2	BM	Cercopithecidae	OWM	Cheirogaleidae	STR	order
Papio_anubis	Lepilemur_ruficaudatus	2711	260	121.4130573089	0.574435173900816	0.99999999992752	0.922431396736855	0.922431389181324	0.529877039834513	619.480334382734	621.480334382734	-2	BM	Cercopithecidae	OWM	Lepilemuridae	STR	order
Aotus_trivirgatus	Ateles_geoffroyi	409	1482	46.5475501531	0.251476516358864	0.383381748070964	0.787930779335215	0.787930767694092	0.516837560776283	619.480334382734	621.480334382734	-2	BM	Aotidae	PLA	Atelidae	PLA	superfamily
Papio_anubis	Avahi_laniger	2711	343	121.4130573099	0.554982656791975	0.999999999935757	0.911843375185361	0.911843367088043	0.506057258971045	619.480334382734	621.480334382734	-2	BM	Cercopithecidae	OWM	Indriidae	STR	order
Papio_anubis	Nycticebus_coucang	2711	345	121.4130573133	0.554513921439955	0.99999999996376	0.911574534464931	0.911574526354566	0.505480769809269	619.480334382734	621.480334382734	-2	BM	Cercopithecidae	OWM	Lorisidae	STR	order
Papio_anubis	Otolemur_crassicaudatus	2711	384	121.4130573149	0.54537358207556	0.999999999976938	0.906198818114696	0.906198809750367	0.494216895519248	619.480334382734	621.480334382734	-2	BM	Cercopithecidae	OWM	Galagidae	STR	order
Papio_anubis	Perodicticus_potto	2711	391	121.4130573139	0.543733008343489	0.999999999968702	0.905206756554683	0.905206748144887	0.492190792929735	619.480334382734	621.480334382734	-2	BM	Cercopithecidae	OWM	Lorisidae	STR	order
Papio_anubis	Pongo_pygmaeus	2711	4000	62.1515760359	0.302099934377051	0.511901910790935	0.805485823725009	0.805485812360702	0.475359066569983	619.480334382734	621.480334382734	-2	BM	Cercopithecidae	OWM	Hominidae	APE	order
Callithrix_jacchus	Cebus_albifrons	295	1221	41.3912937965	0.217024467985375	0.340913034486826	0.746564993905852	0.746564981815667	0.475261589404508	619.480334382734	621.480334382734	-2	BM	Callitrichidae	PLA	Cebidae	PLA	superfamily
Papio_anubis	Hylobates_lar	2711	1459	62.1515760366	0.293428330364676	0.511901910796701	0.792366979771622	0.792366968195184	0.454194280206204	619.480334382734	621.480334382734	-2	BM	Cercopithecidae	OWM	Hylobatidae	APE	order
Cebus_albifrons	Papio_anubis	1221	2711	78.0653383481	0.349207837255086	0.64297317004239	0.819131728711007	0.819131717602513	0.444882045997863	619.480334382734	621.480334382734	-2	BM	Cebidae	PLA	Cercopithecidae	OWM	order
Saguinus_midas	Cebus_albifrons	332	1221	41.3912937973	0.208352863973001	0.340913034493415	0.727102030334738	0.727102018119426	0.444376644753232	619.480334382734	621.480334382734	-2	BM	Callitrichidae	PLA	Cebidae	PLA	superfamily
Saguinus_oedipus	Cebus_albifrons	333	1221	41.3912937964	0.208118496296991	0.340913034486002	0.726562185877714	0.726562173659641	0.44354722259038	619.480334382734	621.480334382734	-2	BM	Callitrichidae	PLA	Cebidae	PLA	superfamily
Ateles_geoffroyi	Plecturocebus_moloch	1482	469	49.0936032072	0.237414455798256	0.404351923028652	0.748684510637966	0.748684498564521	0.439588673960878	619.480334382734	621.480334382734	-2	BM	Atelidae	PLA	Pitheciidae	PLA	superfamily
Callimico_goeldii	Cebus_albifrons	340	1221	41.3912937995	0.20647792256492	0.340913034511535	0.722762835193296	0.72276282295684	0.437749671061034	619.480334382734	621.480334382734	-2	BM	Callitrichidae	PLA	Cebidae	PLA	superfamily
Papio_anubis	Eulemur_fulvus	2711	590	121.4130573123	0.497093840817474	0.999999999955524	0.873322864332163	0.873322854663855	0.434123416923901	619.480334382734	621.480334382734	-2	BM	Cercopithecidae	OWM	Lemuridae	STR	order
Saimiri_sciureus	Ateles_geoffroyi	526	1482	46.547550144	0.224055498265679	0.383381747996013	0.733786661655301	0.733786649477284	0.428838714824779	619.480334382734	621.480334382734	-2	BM	Cebidae	PLA	Atelidae	PLA	superfamily
Cebuella_pygmaea	Erythrocebus_patas	192	1621	78.0653383527	0.334911409018468	0.642973170080277	0.800614999405834	0.800614987959041	0.417023773323	619.480334382734	621.480334382734	-2	BM	Callitrichidae	PLA	Cercopithecidae	OWM	order
Cebuella_pygmaea	Nasalis_larvatus	192	1556	78.0653383517	0.31967751007781	0.642973170072041	0.779399455838669	0.779399444082679	0.38750680276533	619.480334382734	621.480334382734	-2	BM	Callitrichidae	PLA	Cercopithecidae	OWM	order
Aotus_trivirgatus	Cebus_albifrons	409	1221	41.3912938003	0.190306552920221	0.340913034518124	0.683389886387745	0.683389874061817	0.381486069498112	619.480334382734	621.480334382734	-2	BM	Aotidae	PLA	Cebidae	PLA	superfamily
Papio_anubis	Propithecus_verreauxi	2711	780	121.4130573129	0.452563982375551	0.999999999960466	0.835628338202134	0.835628327455277	0.378175288537572	619.480334382734	621.480334382734	-2	BM	Cercopithecidae	OWM	Indriidae	STR	order
Callithrix_jacchus	Erythrocebus_patas	295	1621	78.0653383523	0.310771538389425	0.642973170076983	0.766270678141291	0.766270666231895	0.370365558861757	619.480334382734	621.480334382734	-2	BM	Callitrichidae	PLA	Cercopithecidae	OWM	order
Saguinus_midas	Erythrocebus_patas	332	1621	78.0653383531	0.302099934377051	0.642973170083572	0.752964300022505	0.752964287984808	0.353779094072455	619.480334382734	621.480334382734	-2	BM	Callitrichidae	PLA	Cercopithecidae	OWM	order
Saguinus_oedipus	Erythrocebus_patas	333	1621	78.0653383522	0.301865566701041	0.642973170076159	0.752597450062083	0.752597438021219	0.353332403798185	619.480334382734	621.480334382734	-2	BM	Callitrichidae	PLA	Cercopithecidae	OWM	order
Callimico_goeldii	Erythrocebus_patas	340	1621	78.0653383553	0.30022499296897	0.642973170101692	0.750018819370428	0.750018807307848	0.350208072813471	619.480334382734	621.480334382734	-2	BM	Callitrichidae	PLA	Cercopithecidae	OWM	order
Cebuella_pygmaea	Hylobates_lar	192	1459	78.0653383554	0.296943845504828	0.642973170102516	0.744805378985338	0.744805366881732	0.343972942686433	619.480334382734	621.480334382734	-2	BM	Callitrichidae	PLA	Hylobatidae	APE	order
Cebus_albifrons	Saimiri_sciureus	1221	526	36.6614225672	0.162885534827037	0.301956176519536	0.637581708942569	0.637581696717477	0.343933476884276	619.480334382734	621.480334382734	-2	BM	Cebidae	PLA	Cebidae	PLA	family
Papio_anubis	Daubentonia_madagascariensis	2711	897	121.4130573099	0.425142964282366	0.999999999935757	0.808537860080101	0.808537848769795	0.343744182591059	619.480334382734	621.480334382734	-2	BM	Cercopithecidae	OWM	Daubentoniidae	STR	order
Callithrix_jacchus	Nasalis_larvatus	295	1556	78.0653383513	0.295537639448767	0.642973170068747	0.742548067016575	0.742548054896381	0.341306469879388	619.480334382734	621.480334382734	-2	BM	Callitrichidae	PLA	Cercopithecidae	OWM	order
Papio_anubis	Pan_troglodytes	2711	3739	62.1515760319	0.240929970938408	0.51190191075799	0.699168265935918	0.699168253624589	0.329068101628235	619.480334382734	621.480334382734	-2	BM	Cercopithecidae	OWM	Hominidae	APE	order
Ateles_geoffroyi	Papio_anubis	1482	2711	78.0653383529	0.288037873816443	0.642973170081925	0.730275304763869	0.730275292565539	0.327147314806368	619.480334382734	621.480334382734	-2	BM	Atelidae	PLA	Cercopithecidae	OWM	order
Saguinus_midas	Nasalis_larvatus	332	1556	78.0653383521	0.286866035436393	0.642973170075336	0.728322018391217	0.728322006182281	0.324944896087095	619.480334382734	621.480334382734	-2	BM	Callitrichidae	PLA	Cercopithecidae	OWM	order
Saguinus_oedipus	Nasalis_larvatus	333	1556	78.0653383512	0.286631667760382	0.642973170067923	0.727930201627577	0.727930189416572	0.324504749838353	619.480334382734	621.480334382734	-2	BM	Callitrichidae	PLA	Cercopithecidae	OWM	order
Callimico_goeldii	Nasalis_larvatus	340	1556	78.0653383543	0.284991094028312	0.642973170093456	0.725176654420975	0.725176642195987	0.321426923734913	619.480334382734	621.480334382734	-2	BM	Callitrichidae	PLA	Cercopithecidae	OWM	order
Papio_anubis	Indri_indri	2711	978	121.4130573079	0.406159182525546	0.999999999919284	0.787946099469408	0.787946087828503	0.320031543660519	619.480334382734	621.480334382734	-2	BM	Cercopithecidae	OWM	Indriidae	STR	order
Aotus_trivirgatus	Erythrocebus_patas	409	1621	78.0653383561	0.284053623324271	0.642973170108281	0.723594684191246	0.723594671958659	0.319670713208905	619.480334382734	621.480334382734	-2	BM	Aotidae	PLA	Cercopithecidae	OWM	order
Cebuella_pygmaea	Alouatta_seniculus	192	986	46.5475501531	0.186087934752039	0.383381748070964	0.644211433444598	0.644211421192666	0.312690877425824	619.480334382734	621.480334382734	-2	BM	Callitrichidae	PLA	Atelidae	PLA	superfamily
Cebuella_pygmaea	Macaca_mulatta	192	1380	78.0653383534	0.278428799100028	0.642973170086043	0.713972594117961	0.713972581845847	0.309173914588059	619.480334382734	621.480334382734	-2	BM	Callitrichidae	PLA	Cercopithecidae	OWM	order
Papio_anubis	Varecia_variegata	2711	1018	121.4130573149	0.396784475485141	0.999999999976938	0.777206482724277	0.777206470940731	0.308383466598516	619.480334382734	621.480334382734	-2	BM	Cercopithecidae	OWM	Lemuridae	STR	order
Cercopithecus_ascanius	Erythrocebus_patas	1162	1621	23.4097503937	0.107574763288647	0.192810813852121	0.548389990952571	0.548389979429408	0.305962732525114	619.480334382734	621.480334382734	-2	BM	Cercopithecidae	OWM	Cercopithecidae	OWM	family
Callithrix_jacchus	Hylobates_lar	295	1459	78.065338355	0.272803974875785	0.642973170099221	0.704126694473129	0.7041266821721	0.298750507799221	619.480334382734	621.480334382734	-2	BM	Callitrichidae	PLA	Hylobatidae	APE	order
Cebuella_pygmaea	Cercopithecus_mitis	192	1354	78.0653383525	0.272335239523765	0.64297317007863	0.70329608239857	0.70329607009562	0.297885379933843	619.480334382734	621.480334382734	-2	BM	Callitrichidae	PLA	Cercopithecidae	OWM	order
Cebuella_pygmaea	Pygathrix_nemaeus	192	1345	78.0653383515	0.270225930439674	0.642973170070394	0.699539041401761	0.699539029091106	0.293999185566285	619.480334382734	621.480334382734	-2	BM	Callitrichidae	PLA	Cercopithecidae	OWM	order
Plecturocebus_moloch	Erythrocebus_patas	469	1621	78.0653383542	0.269991562763664	0.642973170092632	0.69911964370378	0.699119631392364	0.293568089528783	619.480334382734	621.480334382734	-2	BM	Pitheciidae	PLA	Cercopithecidae	OWM	order
Aotus_trivirgatus	Nasalis_larvatus	409	1556	78.0653383551	0.268819724383613	0.642973170100045	0.697016807332028	0.697016795017096	0.291414750647507	619.480334382734	621.480334382734	-2	BM	Aotidae	PLA	Cercopithecidae	OWM	order
Cebuella_pygmaea	Piliocolobus_badius	192	1333	78.0653383527	0.267413518327552	0.642973170080277	0.694480535432262	0.694480523113746	0.288835509834347	619.480334382734	621.480334382734	-2	BM	Callitrichidae	PLA	Cercopithecidae	OWM	order
Saguinus_midas	Hylobates_lar	332	1459	78.0653383558	0.26413237086341	0.64297317010581	0.688507954551753	0.688507942227595	0.2828379889695	619.480334382734	621.480334382734	-2	BM	Callitrichidae	PLA	Hylobatidae	APE	order
Saguinus_oedipus	Hylobates_lar	333	1459	78.0653383549	0.2638980031874	0.642973170098397	0.688078415223635	0.688078402899222	0.282410726074433	619.480334382734	621.480334382734	-2	BM	Callitrichidae	PLA	Hylobatidae	APE	order
Callimico_goeldii	Hylobates_lar	340	1459	78.065338358	0.262257429455329	0.64297317012393	0.685060712738693	0.685060700413036	0.279424196672244	619.480334382734	621.480334382734	-2	BM	Callitrichidae	PLA	Hylobatidae	APE	order
Saimiri_sciureus	Erythrocebus_patas	526	1621	78.065338347	0.256632605231086	0.64297317003333	0.67456912118076	0.674569108858238	0.269243631064868	619.480334382734	621.480334382734	-2	BM	Cebidae	PLA	Cercopithecidae	OWM	order
Plecturocebus_moloch	Nasalis_larvatus	469	1556	78.0653383532	0.254757663823006	0.642973170084396	0.671021975635637	0.671021963316734	0.265871110709634	619.480334382734	621.480334382734	-2	BM	Pitheciidae	PLA	Cercopithecidae	OWM	order
Callithrix_jacchus	Macaca_mulatta	295	1380	78.065338353	0.254288928470985	0.642973170082748	0.670131288266941	0.670131275949147	0.265029670221466	619.480334382734	621.480334382734	-2	BM	Callitrichidae	PLA	Cercopithecidae	OWM	order
Cebus_albifrons	Plecturocebus_moloch	1221	469	49.0936032024	0.176244492359614	0.404351922989118	0.605560319337383	0.605560307294723	0.26394500682915	619.480334382734	621.480334382734	-2	BM	Cebidae	PLA	Pitheciidae	PLA	superfamily
Erythrocebus_patas	Microcebus_murinus	1621	85.2	121.413057312	0.35994187681635	0.999999999953053	0.73124465863219	0.731244646439307	0.263205574852358	619.480334382734	621.480334382734	-2	BM	Cercopithecidae	OWM	Cheirogaleidae	STR	order
Callithrix_jacchus	Cercopithecus_mitis	295	1354	78.0653383521	0.248195368894722	0.642973170075336	0.65841044585846	0.65841043356253	0.254154342824028	619.480334382734	621.480334382734	-2	BM	Callitrichidae	PLA	Cercopithecidae	OWM	order
Callithrix_jacchus	Pygathrix_nemaeus	295	1345	78.0653383511	0.246086059810631	0.642973170067099	0.654291883220361	0.654291870935259	0.250418087415643	619.480334382734	621.480334382734	-2	BM	Callitrichidae	PLA	Cercopithecidae	OWM	order
Aotus_trivirgatus	Hylobates_lar	409	1459	78.0653383588	0.246086059810631	0.642973170130519	0.654291883196574	0.654291870911471	0.250418087381839	619.480334382734	621.480334382734	-2	BM	Aotidae	PLA	Hylobatidae	APE	order
Saguinus_midas	Macaca_mulatta	332	1380	78.0653383538	0.245617324458611	0.642973170089338	0.653372367083164	0.653372354800697	0.249589843159176	619.480334382734	621.480334382734	-2	BM	Callitrichidae	PLA	Cercopithecidae	OWM	order
Saguinus_oedipus	Macaca_mulatta	333	1380	78.0653383529	0.245382956782601	0.642973170081925	0.65291202562945	0.652912013348332	0.249176001150184	619.480334382734	621.480334382734	-2	BM	Callitrichidae	PLA	Cercopithecidae	OWM	order
Erythrocebus_patas	Carlito_syrichta	1621	197	115.745494553	0.333739570638418	0.953319989711899	0.706388215749545	0.706388203454152	0.247293356241839	619.480334382734	621.480334382734	-2	BM	Cercopithecidae	OWM	Tarsiidae	TAR	order
Erythrocebus_patas	Cheirogaleus_medius	1621	145	121.413057312	0.345926689790944	0.999999999953053	0.712159672720355	0.712159660442055	0.24635503819832	619.480334382734	621.480334382734	-2	BM	Cercopithecidae	OWM	Cheirogaleidae	STR	order
Callimico_goeldii	Macaca_mulatta	340	1380	78.065338356	0.24374238305053	0.642973170107457	0.649678749504305	0.64967873723322	0.246284376990415	619.480334382734	621.480334382734	-2	BM	Callitrichidae	PLA	Cercopithecidae	OWM	order
Callithrix_jacchus	Piliocolobus_badius	295	1333	78.0653383523	0.243273647698509	0.642973170076983	0.648751458660552	0.648751446392523	0.245459905860745	619.480334382734	621.480334382734	-2	BM	Callitrichidae	PLA	Cercopithecidae	OWM	order
Nasalis_larvatus	Microcebus_murinus	1556	85.2	121.413057311	0.344707977875691	0.999999999944816	0.710457941383848	0.7104579291001	0.244900520353667	619.480334382734	621.480334382734	-2	BM	Cercopithecidae	OWM	Cheirogaleidae	STR	order
Callithrix_jacchus	Alouatta_seniculus	295	986	46.5475501527	0.161948064122996	0.38338174806767	0.578389848915514	0.578389837090932	0.244323358668933	619.480334382734	621.480334382734	-2	BM	Callitrichidae	PLA	Atelidae	PLA	superfamily
Saimiri_sciureus	Nasalis_larvatus	526	1556	78.065338346	0.241398706290428	0.642973170025094	0.645026761022176	0.645026748767215	0.242169709239006	619.480334382734	621.480334382734	-2	BM	Cebidae	PLA	Cercopithecidae	OWM	order
Saguinus_midas	Cercopithecus_mitis	332	1354	78.0653383529	0.239523764882347	0.642973170081925	0.641277228811141	0.641277216570604	0.23889198387328	619.480334382734	621.480334382734	-2	BM	Callitrichidae	PLA	Cercopithecidae	OWM	order
Saguinus_oedipus	Cercopithecus_mitis	333	1354	78.065338352	0.239289397206337	0.642973170074512	0.640806792537987	0.640806780299349	0.23848315645017	619.480334382734	621.480334382734	-2	BM	Callitrichidae	PLA	Cercopithecidae	OWM	order
Callimico_goeldii	Cercopithecus_mitis	340	1354	78.0653383551	0.237648823474266	0.642973170100045	0.637502891314187	0.637502879089437	0.235626957900415	619.480334382734	621.480334382734	-2	BM	Callitrichidae	PLA	Cercopithecidae	OWM	order
Saguinus_midas	Pygathrix_nemaeus	332	1345	78.0653383519	0.237414455798256	0.642973170073688	0.637029356578327	0.637029344355647	0.23521973397774	619.480334382734	621.480334382734	-2	BM	Callitrichidae	PLA	Cercopithecidae	OWM	order
Saguinus_oedipus	Pygathrix_nemaeus	333	1345	78.065338351	0.237180088122246	0.642973170066276	0.636555434814457	0.636555422593868	0.234812712493781	619.480334382734	621.480334382734	-2	BM	Callitrichidae	PLA	Cercopithecidae	OWM	order
Callimico_goeldii	Pygathrix_nemaeus	340	1345	78.0653383541	0.235539514390175	0.642973170091808	0.633227151499321	0.633227139293969	0.231969268237938	619.480334382734	621.480334382734	-2	BM	Callitrichidae	PLA	Cercopithecidae	OWM	order
Saguinus_midas	Piliocolobus_badius	332	1333	78.0653383531	0.234602043686135	0.642973170083572	0.631316771414543	0.631316759218372	0.230348965833105	619.480334382734	621.480334382734	-2	BM	Callitrichidae	PLA	Cercopithecidae	OWM	order
Saguinus_oedipus	Piliocolobus_badius	333	1333	78.0653383522	0.234367676010125	0.642973170076159	0.630838210758056	0.630838198564233	0.229944408685417	619.480334382734	621.480334382734	-2	BM	Callitrichidae	PLA	Cercopithecidae	OWM	order
Erythrocebus_patas	Galago_senegalensis	1621	205	121.413057315	0.331864629230337	0.999999999977762	0.692112697216621	0.692112684895402	0.22968772365251	619.480334382734	621.480334382734	-2	BM	Cercopithecidae	OWM	Galagidae	STR	order
Nasalis_larvatus	Carlito_syrichta	1556	197	115.745494552	0.318505671697759	0.953319989703663	0.683797592001789	0.6837975796759	0.228457824967607	619.480334382734	621.480334382734	-2	BM	Cercopithecidae	OWM	Tarsiidae	TAR	order
Nasalis_larvatus	Cheirogaleus_medius	1556	145	121.413057311	0.330692790850286	0.999999999944817	0.690401385096398	0.690401372773608	0.22831076085703	619.480334382734	621.480334382734	-2	BM	Cercopithecidae	OWM	Cheirogaleidae	STR	order
Varecia_variegata	Microcebus_murinus	1018	85.2	71.983496227	0.218618168182244	0.592881011460256	0.616991643049718	0.616991630932228	0.227508690917696	619.480334382734	621.480334382734	-2	BM	Lemuridae	STR	Cheirogaleidae	STR	superfamily
Callimico_goeldii	Piliocolobus_badius	340	1333	78.0653383553	0.232727102278054	0.642973170101692	0.627477479383845	0.627477467207069	0.227118365605587	619.480334382734	621.480334382734	-2	BM	Callitrichidae	PLA	Cercopithecidae	OWM	order
Plecturocebus_moloch	Hylobates_lar	469	1459	78.0653383569	0.232023999250023	0.64297317011487	0.62603138086654	0.626031368697395	0.225910366708955	619.480334382734	621.480334382734	-2	BM	Pitheciidae	PLA	Hylobatidae	APE	order
Erythrocebus_patas	Loris_tardigradus	1621	220	121.4130573137	0.328349114090185	0.999999999967054	0.686959944064876	0.686959931739888	0.225562689056576	619.480334382734	621.480334382734	-2	BM	Cercopithecidae	OWM	Lorisidae	STR	order
Ateles_geoffroyi	Microcebus_murinus	1482	85.2	121.413057305	0.327364769850942	0.999999999895398	0.685507056439699	0.685507044114165	0.224410859786053	619.480334382734	621.480334382734	-2	BM	Atelidae	PLA	Cheirogaleidae	STR	order
Saguinus_midas	Alouatta_seniculus	332	986	46.5475501535	0.153276460110622	0.383381748074259	0.553104008145002	0.553103996570515	0.221131613247904	619.480334382734	621.480334382734	-2	BM	Callitrichidae	PLA	Atelidae	PLA	superfamily
Indri_indri	Microcebus_murinus	978	85.2	69.529333384	0.209243461141839	0.572667676113809	0.6044336208761	0.604433608841375	0.220850221058181	619.480334382734	621.480334382734	-2	BM	Indriidae	STR	Cheirogaleidae	STR	superfamily
Saguinus_oedipus	Alouatta_seniculus	333	986	46.5475501526	0.153042092434611	0.383381748066846	0.552408842535059	0.552408830968051	0.220515988482077	619.480334382734	621.480334382734	-2	BM	Callitrichidae	PLA	Atelidae	PLA	superfamily
Erythrocebus_patas	Cheirogaleus_major	1621	241	121.413057312	0.323427392893972	0.999999999953053	0.679651239683207	0.679651227357737	0.219817828538216	619.480334382734	621.480334382734	-2	BM	Cercopithecidae	OWM	Cheirogaleidae	STR	order
Aotus_trivirgatus	Macaca_mulatta	409	1380	78.0653383568	0.227571013405831	0.642973170114047	0.616792318522014	0.616792306405739	0.218304681301228	619.480334382734	621.480334382734	-2	BM	Aotidae	PLA	Cercopithecidae	OWM	order
Hylobates_lar	Microcebus_murinus	1459	85.2	121.4130573147	0.321974313302709	0.999999999975291	0.677472272420026	0.677472260095494	0.218128669699453	619.480334382734	621.480334382734	-2	BM	Hylobatidae	APE	Cheirogaleidae	STR	order
Cebuella_pygmaea	Cercopithecus_ascanius	192	1162	78.0653383524	0.227336645729821	0.642973170077807	0.616302210095936	0.616302197982662	0.217906568608657	619.480334382734	621.480334382734	-2	BM	Callitrichidae	PLA	Cercopithecidae	OWM	order
Indri_indri	Avahi_laniger	978	343	45.340161082	0.148823474266429	0.373437273417463	0.545703594198279	0.545703582704999	0.217475626000187	619.480334382734	621.480334382734	-2	BM	Indriidae	STR	Indriidae	STR	family
Callimico_goeldii	Alouatta_seniculus	340	986	46.5475501557	0.151401518702541	0.383381748092379	0.547525506505048	0.547525494991451	0.216223629908609	619.480334382734	621.480334382734	-2	BM	Callitrichidae	PLA	Atelidae	PLA	superfamily
Cercopithecus_mitis	Cercopithecus_ascanius	1354	1162	9.5808815419	0.0449985937939439	0.0789114593896588	0.377409136077819	0.377409127216653	0.215214374944315	619.480334382734	621.480334382734	-2	BM	Cercopithecidae	OWM	Cercopithecidae	OWM	family
Erythrocebus_patas	Lepilemur_ruficaudatus	1621	260	121.413057309	0.31897440704978	0.999999999928344	0.672943249158484	0.672943236837464	0.214651673893861	619.480334382734	621.480334382734	-2	BM	Cercopithecidae	OWM	Lepilemuridae	STR	order
Nasalis_larvatus	Galago_senegalensis	1556	205	121.413057314	0.316630730289678	0.999999999969526	0.669376352812624	0.669376340495831	0.211945123436161	619.480334382734	621.480334382734	-2	BM	Cercopithecidae	OWM	Galagidae	STR	order
Ateles_geoffroyi	Cheirogaleus_medius	1482	145	121.413057305	0.313349582825537	0.999999999895398	0.6643405730604	0.66434056075173	0.208170841444329	619.480334382734	621.480334382734	-2	BM	Atelidae	PLA	Cheirogaleidae	STR	order
Aotus_trivirgatus	Cercopithecus_mitis	409	1354	78.0653383559	0.221477453829568	0.642973170106634	0.60392510242167	0.603925090390558	0.208027022287617	619.480334382734	621.480334382734	-2	BM	Aotidae	PLA	Cercopithecidae	OWM	order
Nasalis_larvatus	Loris_tardigradus	1556	220	121.4130573127	0.313115215149527	0.999999999958818	0.66397899461486	0.66397898230687	0.20790192576216	619.480334382734	621.480334382734	-2	BM	Cercopithecidae	OWM	Lorisidae	STR	order
Ateles_geoffroyi	Carlito_syrichta	1482	197	115.745494546	0.30116246367301	0.953319989654245	0.656725814605445	0.65672580231375	0.207465663607843	619.480334382734	621.480334382734	-2	BM	Atelidae	PLA	Tarsiidae	TAR	order
Aotus_trivirgatus	Pygathrix_nemaeus	409	1345	78.0653383549	0.219368144745477	0.642973170098397	0.599410969780005	0.599410957781848	0.204505690899363	619.480334382734	621.480334382734	-2	BM	Aotidae	PLA	Cercopithecidae	OWM	order
Saimiri_sciureus	Hylobates_lar	526	1459	78.0653383497	0.218665041717446	0.642973170055568	0.597899416283474	0.597899404296703	0.203336168433223	619.480334382734	621.480334382734	-2	BM	Cebidae	PLA	Hylobatidae	APE	order
Alouatta_seniculus	Ateles_geoffroyi	986	1482	34.5806779974	0.116246367301022	0.284818443430785	0.496667481342021	0.496667470470287	0.202710855965297	619.480334382734	621.480334382734	-2	BM	Atelidae	PLA	Atelidae	PLA	family
Nasalis_larvatus	Cheirogaleus_major	1556	241	121.413057311	0.308193493953314	0.999999999944817	0.656327987075315	0.656327974784659	0.202276015527249	619.480334382734	621.480334382734	-2	BM	Cercopithecidae	OWM	Cheirogaleidae	STR	order
Varecia_variegata	Cheirogaleus_medius	1018	145	71.983496227	0.204602981156839	0.592881011460256	0.585752026858437	0.585752014969379	0.202142771647749	619.480334382734	621.480334382734	-2	BM	Lemuridae	STR	Cheirogaleidae	STR	superfamily
Hylobates_lar	Cheirogaleus_medius	1459	145	121.4130573147	0.307959126277304	0.999999999975291	0.655960899530312	0.655960887240629	0.202009145496421	619.480334382734	621.480334382734	-2	BM	Hylobatidae	APE	Cheirogaleidae	STR	order
Hylobates_lar	Carlito_syrichta	1459	197	115.7454945557	0.295772007124777	0.953319989734137	0.648018516086233	0.648018503820676	0.201050790102804	619.480334382734	621.480334382734	-2	BM	Hylobatidae	APE	Tarsiidae	TAR	order
Aotus_trivirgatus	Piliocolobus_badius	409	1333	78.0653383561	0.216555732633355	0.642973170108281	0.593344273256366	0.593344261304948	0.199840537323197	619.480334382734	621.480334382734	-2	BM	Aotidae	PLA	Cercopithecidae	OWM	order
Nasalis_larvatus	Lepilemur_ruficaudatus	1556	260	121.413057308	0.303740508109122	0.999999999920107	0.649310558766759	0.649310546496878	0.19722191905619	619.480334382734	621.480334382734	-2	BM	Cercopithecidae	OWM	Lepilemuridae	STR	order
Macaca_mulatta	Microcebus_murinus	1380	85.2	121.4130573127	0.303459266897909	0.999999999958818	0.648864323426848	0.648864311158443	0.196903891911428	619.480334382734	621.480334382734	-2	BM	Cercopithecidae	OWM	Cheirogaleidae	STR	order
Indri_indri	Cheirogaleus_medius	978	145	69.529333384	0.195228274116434	0.572667676113809	0.57202516441922	0.572025152653477	0.195009235301312	619.480334382734	621.480334382734	-2	BM	Indriidae	STR	Cheirogaleidae	STR	superfamily
Plecturocebus_moloch	Macaca_mulatta	469	1380	78.0653383549	0.213508952845224	0.642973170098397	0.586710531954124	0.58671052005696	0.194826094036892	619.480334382734	621.480334382734	-2	BM	Pitheciidae	PLA	Cercopithecidae	OWM	order
Erythrocebus_patas	Avahi_laniger	1621	343	121.41305731	0.299521889940939	0.99999999993658	0.642579283552702	0.642579271307013	0.192466561458806	619.480334382734	621.480334382734	-2	BM	Cercopithecidae	OWM	Indriidae	STR	order
Ateles_geoffroyi	Galago_senegalensis	1482	205	121.413057308	0.299287522264929	0.999999999920108	0.642202953813536	0.642202941569321	0.192203330853428	619.480334382734	621.480334382734	-2	BM	Atelidae	PLA	Galagidae	STR	order
Erythrocebus_patas	Nycticebus_coucang	1621	345	121.4130573134	0.299053154588919	0.999999999964584	0.641826374777185	0.641826362534457	0.191940202082285	619.480334382734	621.480334382734	-2	BM	Cercopithecidae	OWM	Lorisidae	STR	order
Cercopithecus_mitis	Microcebus_murinus	1354	85.2	121.4130573118	0.297365707321646	0.999999999951406	0.63910764975521	0.639107637523594	0.190048698333368	619.480334382734	621.480334382734	-2	BM	Cercopithecidae	OWM	Cheirogaleidae	STR	order
Ateles_geoffroyi	Loris_tardigradus	1482	220	121.4130573067	0.295772007124777	0.9999999999094	0.636528111228006	0.636528099007538	0.188267197066308	619.480334382734	621.480334382734	-2	BM	Atelidae	PLA	Lorisidae	STR	order
Pygathrix_nemaeus	Microcebus_murinus	1345	85.2	121.4130573108	0.295256398237555	0.999999999943169	0.635691091010644	0.635691078793919	0.187691861934171	619.480334382734	621.480334382734	-2	BM	Cercopithecidae	OWM	Cheirogaleidae	STR	order
Hylobates_lar	Galago_senegalensis	1459	205	121.4130573177	0.293897065716696	1	0.633478631970717	0.63347861976418	0.186177511130421	619.480334382734	621.480334382734	-2	BM	Hylobatidae	APE	Galagidae	STR	order
Plecturocebus_moloch	Cercopithecus_mitis	469	1354	78.065338354	0.20741539326896	0.642973170090985	0.573252371050666	0.573252359273358	0.184924304021912	619.480334382734	621.480334382734	-2	BM	Pitheciidae	PLA	Cercopithecidae	OWM	order
Piliocolobus_badius	Microcebus_murinus	1333	85.2	121.413057312	0.292443986125434	0.999999999953053	0.631104345012901	0.63110433281777	0.184562670325318	619.480334382734	621.480334382734	-2	BM	Cercopithecidae	OWM	Cheirogaleidae	STR	order
Ateles_geoffroyi	Cheirogaleus_major	1482	241	121.413057305	0.290850285928565	0.999999999895398	0.628489314614701	0.628489302432691	0.182796296877854	619.480334382734	621.480334382734	-2	BM	Atelidae	PLA	Cheirogaleidae	STR	order
Hylobates_lar	Loris_tardigradus	1459	220	121.4130573164	0.290381550576544	0.999999999989293	0.62771800489982	0.627717992721792	0.182277727589576	619.480334382734	621.480334382734	-2	BM	Hylobatidae	APE	Lorisidae	STR	order
Erythrocebus_patas	Otolemur_crassicaudatus	1621	384	121.413057315	0.289912815224524	0.999999999977762	0.626945703470438	0.626945691296448	0.181759593890077	619.480334382734	621.480334382734	-2	BM	Cercopithecidae	OWM	Galagidae	STR	order
Plecturocebus_moloch	Pygathrix_nemaeus	469	1345	78.065338353	0.205306084184869	0.642973170082748	0.568534908564563	0.568534896832283	0.181537397252161	619.480334382734	621.480334382734	-2	BM	Pitheciidae	PLA	Cercopithecidae	OWM	order
Macaca_mulatta	Cheirogaleus_medius	1380	145	121.4130573127	0.289444079872504	0.999999999958818	0.626172410631907	0.62617239846201	0.181241897244364	619.480334382734	621.480334382734	-2	BM	Cercopithecidae	OWM	Cheirogaleidae	STR	order
Erythrocebus_patas	Perodicticus_potto	1621	391	121.413057314	0.288272241492453	0.999999999969525	0.624234843297589	0.624234831138168	0.17994957750057	619.480334382734	621.480334382734	-2	BM	Cercopithecidae	OWM	Lorisidae	STR	order
Macaca_mulatta	Carlito_syrichta	1380	197	115.7454945537	0.277256960719977	0.953319989717665	0.617058060314895	0.617058048197001	0.179460878022017	619.480334382734	621.480334382734	-2	BM	Cercopithecidae	OWM	Tarsiidae	TAR	order
Callithrix_jacchus	Cercopithecus_ascanius	295	1162	78.065338352	0.203196775100778	0.642973170074512	0.563787355543832	0.563787343858404	0.178171932859697	619.480334382734	621.480334382734	-2	BM	Callitrichidae	PLA	Cercopithecidae	OWM	order
Ateles_geoffroyi	Lepilemur_ruficaudatus	1482	260	121.413057302	0.286397300084372	0.99999999987069	0.621121864984029	0.621121852842098	0.177887625177799	619.480334382734	621.480334382734	-2	BM	Atelidae	PLA	Lepilemuridae	STR	order
Plecturocebus_moloch	Piliocolobus_badius	469	1333	78.0653383542	0.202493672072748	0.642973170092632	0.562198171712082	0.562198160042677	0.177054934043614	619.480334382734	621.480334382734	-2	BM	Pitheciidae	PLA	Cercopithecidae	OWM	order
Hylobates_lar	Cheirogaleus_major	1459	241	121.4130573147	0.285459829380332	0.999999999975291	0.619559441554315	0.619559429421465	0.176859332481439	619.480334382734	621.480334382734	-2	BM	Hylobatidae	APE	Cheirogaleidae	STR	order
Aotus_trivirgatus	Alouatta_seniculus	409	986	46.5475501565	0.135230149057842	0.383381748098968	0.497810861510477	0.4978108506227	0.175592701891736	619.480334382734	621.480334382734	-2	BM	Aotidae	PLA	Atelidae	PLA	superfamily
Nasalis_larvatus	Avahi_laniger	1556	343	121.413057309	0.284287991000281	0.999999999928344	0.617600854828873	0.61760084270769	0.175576506271938	619.480334382734	621.480334382734	-2	BM	Cercopithecidae	OWM	Indriidae	STR	order
Nasalis_larvatus	Nycticebus_coucang	1556	345	121.4130573124	0.283819255648261	0.999999999956347	0.616815692349243	0.616815680232825	0.175064170682371	619.480334382734	621.480334382734	-2	BM	Cercopithecidae	OWM	Lorisidae	STR	order
Cercopithecus_mitis	Cheirogaleus_medius	1354	145	121.4130573118	0.283350520296241	0.999999999951406	0.616029543155071	0.616029531043475	0.174552291579327	619.480334382734	621.480334382734	-2	BM	Cercopithecidae	OWM	Cheirogaleidae	STR	order
Saimiri_sciureus	Macaca_mulatta	526	1380	78.0653383477	0.200149995312646	0.642973170039096	0.556876900803048	0.556876889188522	0.173349238007356	619.480334382734	621.480334382734	-2	BM	Cebidae	PLA	Cercopithecidae	OWM	order
Cercopithecus_mitis	Carlito_syrichta	1354	197	115.7454945528	0.271163401143714	0.953319989710252	0.606514207063013	0.606514195013712	0.172517577523132	619.480334382734	621.480334382734	-2	BM	Cercopithecidae	OWM	Tarsiidae	TAR	order
Pygathrix_nemaeus	Cheirogaleus_medius	1345	145	121.4130573108	0.28124121121215	0.999999999943169	0.612479671723967	0.612479659634765	0.172254524728258	619.480334382734	621.480334382734	-2	BM	Cercopithecidae	OWM	Cheirogaleidae	STR	order
Hylobates_lar	Lepilemur_ruficaudatus	1459	260	121.4130573117	0.281006843536139	0.999999999950582	0.612084010246029	0.612083998159386	0.171999795706679	619.480334382734	621.480334382734	-2	BM	Hylobatidae	APE	Lepilemuridae	STR	order
Pygathrix_nemaeus	Carlito_syrichta	1345	197	115.7454945518	0.269054092059623	0.953319989702016	0.602823831039948	0.602823819016732	0.170134079096626	619.480334382734	621.480334382734	-2	BM	Cercopithecidae	OWM	Tarsiidae	TAR	order
Piliocolobus_badius	Cheirogaleus_medius	1333	145	121.413057312	0.278428799100028	0.999999999953053	0.607715504758459	0.607715492700897	0.169205498192309	619.480334382734	621.480334382734	-2	BM	Cercopithecidae	OWM	Cheirogaleidae	STR	order
Piliocolobus_badius	Carlito_syrichta	1333	197	115.745494553	0.266241679947502	0.953319989711899	0.597870985124466	0.59787097313791	0.166972451211802	619.480334382734	621.480334382734	-2	BM	Cercopithecidae	OWM	Tarsiidae	TAR	order
Macaca_mulatta	Galago_senegalensis	1380	205	121.4130573157	0.275382019311896	0.999999999983527	0.602514436591698	0.602514424570716	0.165921642215925	619.480334382734	621.480334382734	-2	BM	Cercopithecidae	OWM	Galagidae	STR	order
Nasalis_larvatus	Otolemur_crassicaudatus	1556	384	121.413057314	0.274678916283866	0.999999999969526	0.601308311738797	0.601308299726598	0.165166715425927	619.480334382734	621.480334382734	-2	BM	Cercopithecidae	OWM	Galagidae	STR	order
Saguinus_midas	Cercopithecus_ascanius	332	1162	78.0653383528	0.194525171088403	0.642973170081101	0.543956150998542	0.543956139524945	0.164568551630598	619.480334382734	621.480334382734	-2	BM	Callitrichidae	PLA	Cercopithecidae	OWM	order
Saguinus_oedipus	Cercopithecus_ascanius	333	1162	78.0653383519	0.194290803412393	0.642973170073688	0.543413226923284	0.543413215455842	0.16420621786092	619.480334382734	621.480334382734	-2	BM	Callitrichidae	PLA	Cercopithecidae	OWM	order
Saimiri_sciureus	Cercopithecus_mitis	526	1354	78.0653383468	0.194056435736383	0.642973170031683	0.542869939753171	0.542869928291906	0.163844170312323	619.480334382734	621.480334382734	-2	BM	Cebidae	PLA	Cercopithecidae	OWM	order
Varecia_variegata	Cheirogaleus_major	1018	241	71.983496227	0.182103684259867	0.592881011460256	0.532566054758256	0.532566043417608	0.163577916662156	619.480334382734	621.480334382734	-2	BM	Lemuridae	STR	Cheirogaleidae	STR	superfamily
Nasalis_larvatus	Perodicticus_potto	1556	391	121.413057313	0.273038342551795	0.999999999961289	0.598485463681929	0.598485451690722	0.163409479051382	619.480334382734	621.480334382734	-2	BM	Cercopithecidae	OWM	Lorisidae	STR	order
Macaca_mulatta	Loris_tardigradus	1380	220	121.4130573144	0.271866504171745	0.99999999997282	0.596461818479473	0.59646180650369	0.162157989466344	619.480334382734	621.480334382734	-2	BM	Cercopithecidae	OWM	Lorisidae	STR	order
Callimico_goeldii	Cercopithecus_ascanius	340	1162	78.065338355	0.192650229680322	0.642973170099221	0.539602602378278	0.539602590954552	0.16167792081936	619.480334382734	621.480334382734	-2	BM	Callitrichidae	PLA	Cercopithecidae	OWM	order
Saimiri_sciureus	Pygathrix_nemaeus	526	1345	78.0653383458	0.191947126652292	0.642973170023447	0.537964047789821	0.53796403638517	0.160598696850332	619.480334382734	621.480334382734	-2	BM	Cebidae	PLA	Cercopithecidae	OWM	order
Cercopithecus_mitis	Galago_senegalensis	1354	205	121.4130573148	0.269288459735633	0.999999999976115	0.591988354475692	0.591988342535098	0.159415632161999	619.480334382734	621.480334382734	-2	BM	Cercopithecidae	OWM	Galagidae	STR	order
Pygathrix_nemaeus	Galago_senegalensis	1345	205	121.4130573138	0.267179150651542	0.999999999967878	0.588306364692401	0.588306352781889	0.157183194846461	619.480334382734	621.480334382734	-2	BM	Cercopithecidae	OWM	Galagidae	STR	order
Ateles_geoffroyi	Avahi_laniger	1482	343	121.413057303	0.266944782975532	0.999999999878926	0.587896041377994	0.587896029470896	0.156935781196824	619.480334382734	621.480334382734	-2	BM	Atelidae	PLA	Indriidae	STR	order
Macaca_mulatta	Cheirogaleus_major	1380	241	121.4130573127	0.266944782975532	0.999999999958818	0.587896041359319	0.587896029452221	0.156935781179301	619.480334382734	621.480334382734	-2	BM	Cercopithecidae	OWM	Cheirogaleidae	STR	order
Ateles_geoffroyi	Nycticebus_coucang	1482	345	121.4130573064	0.266476047623512	0.999999999906929	0.587074667513579	0.587074655613353	0.156441337073466	619.480334382734	621.480334382734	-2	BM	Atelidae	PLA	Lorisidae	STR	order
Saimiri_sciureus	Piliocolobus_badius	526	1333	78.065338347	0.189134714540171	0.64297317003333	0.531377383913077	0.53137737258676	0.156308092628955	619.480334382734	621.480334382734	-2	BM	Cebidae	PLA	Cercopithecidae	OWM	order
Varecia_variegata	Lepilemur_ruficaudatus	1018	260	71.983496224	0.177650698415674	0.592881011435547	0.521608171667308	0.521608160461966	0.156294524885613	619.480334382734	621.480334382734	-2	BM	Lemuridae	STR	Lepilemuridae	STR	superfamily
Cebus_albifrons	Microcebus_murinus	1221	85.2	121.4130573002	0.2661948064123	0.999999999855864	0.58658137799887	0.586581366102794	0.156144916383975	619.480334382734	621.480334382734	-2	BM	Cebidae	PLA	Cheirogaleidae	STR	order
Indri_indri	Cheirogaleus_major	978	241	69.529333384	0.172728977219462	0.572667676113809	0.516890866143535	0.516890854998608	0.155905483000076	619.480334382734	621.480334382734	-2	BM	Indriidae	STR	Cheirogaleidae	STR	superfamily
Cercopithecus_mitis	Loris_tardigradus	1354	220	121.4130573135	0.265772944595481	0.999999999965407	0.585840789795899	0.585840777906088	0.155700631773585	619.480334382734	621.480334382734	-2	BM	Cercopithecidae	OWM	Lorisidae	STR	order
Piliocolobus_badius	Galago_senegalensis	1333	205	121.413057315	0.264366738539421	0.999999999977762	0.583366500509324	0.583366488640731	0.154222699116235	619.480334382734	621.480334382734	-2	BM	Cercopithecidae	OWM	Galagidae	STR	order
Pygathrix_nemaeus	Loris_tardigradus	1345	220	121.4130573125	0.26366363551139	0.999999999957171	0.582126092822368	0.582126080964579	0.15348548196616	619.480334382734	621.480334382734	-2	BM	Cercopithecidae	OWM	Lorisidae	STR	order
Macaca_mulatta	Lepilemur_ruficaudatus	1380	260	121.4130573097	0.26249179713134	0.999999999934109	0.580053919362969	0.580053907523474	0.152259395736696	619.480334382734	621.480334382734	-2	BM	Cercopithecidae	OWM	Lepilemuridae	STR	order
Hylobates_lar	Avahi_laniger	1459	343	121.4130573127	0.261554326427299	0.999999999958818	0.57839184137345	0.57839182954885	0.151280888487708	619.480334382734	621.480334382734	-2	BM	Hylobatidae	APE	Indriidae	STR	order
Hylobates_lar	Nycticebus_coucang	1459	345	121.4130573161	0.261085591075279	0.999999999986822	0.577559357634116	0.57755934581705	0.150792426270949	619.480334382734	621.480334382734	-2	BM	Hylobatidae	APE	Lorisidae	STR	order
Cercopithecus_mitis	Cheirogaleus_major	1354	241	121.4130573118	0.260851223399269	0.999999999951406	0.577142754858335	0.577142743045058	0.150548393688137	619.480334382734	621.480334382734	-2	BM	Cercopithecidae	OWM	Cheirogaleidae	STR	order
Piliocolobus_badius	Loris_tardigradus	1333	220	121.4130573137	0.260851223399269	0.999999999967054	0.577142754854706	0.577142743041429	0.150548393684834	619.480334382734	621.480334382734	-2	BM	Cercopithecidae	OWM	Lorisidae	STR	order
Indri_indri	Lepilemur_ruficaudatus	978	260	69.529333381	0.16827599137527	0.5726676760891	0.505538975912272	0.505538964917912	0.148550504773453	619.480334382734	621.480334382734	-2	BM	Indriidae	STR	Lepilemuridae	STR	superfamily
Pygathrix_nemaeus	Cheirogaleus_major	1345	241	121.4130573108	0.258741914315178	0.999999999943169	0.573382516253978	0.573382504475449	0.148358089898839	619.480334382734	621.480334382734	-2	BM	Cercopithecidae	OWM	Cheirogaleidae	STR	order
Ateles_geoffroyi	Otolemur_crassicaudatus	1482	384	121.413057308	0.257335708259117	0.999999999920108	0.570864895925315	0.570864884170604	0.146903922324945	619.480334382734	621.480334382734	-2	BM	Atelidae	PLA	Galagidae	STR	order
Cercopithecus_mitis	Lepilemur_ruficaudatus	1354	260	121.4130573088	0.256398237555076	0.999999999926697	0.569181694959241	0.569181683220697	0.145937183446858	619.480334382734	621.480334382734	-2	BM	Cercopithecidae	OWM	Lepilemuridae	STR	order
Piliocolobus_badius	Cheirogaleus_major	1333	241	121.413057312	0.255929502203056	0.999999999953053	0.568338660216162	0.568338648485788	0.145454630398703	619.480334382734	621.480334382734	-2	BM	Cercopithecidae	OWM	Cheirogaleidae	STR	order
Ateles_geoffroyi	Perodicticus_potto	1482	391	121.413057307	0.255695134527046	0.999999999911871	0.567916784583785	0.567916772857518	0.145213558647116	619.480334382734	621.480334382734	-2	BM	Atelidae	PLA	Lorisidae	STR	order
Pygathrix_nemaeus	Lepilemur_ruficaudatus	1345	260	121.4130573078	0.254288928470985	0.99999999991846	0.565380520190465	0.565380508489144	0.143770006669325	619.480334382734	621.480334382734	-2	BM	Cercopithecidae	OWM	Lepilemuridae	STR	order
Cercopithecus_ascanius	Microcebus_murinus	1162	85.2	121.4130573117	0.252367113527702	0.999999999950582	0.561900426179653	0.561900414513269	0.141805188651953	619.480334382734	621.480334382734	-2	BM	Cercopithecidae	OWM	Cheirogaleidae	STR	order
Cebus_albifrons	Cheirogaleus_medius	1221	145	121.4130573002	0.252179619386894	0.999999999855864	0.561560048993456	0.561560037330533	0.141613999438467	619.480334382734	621.480334382734	-2	BM	Cebidae	PLA	Cheirogaleidae	STR	order
Hylobates_lar	Otolemur_crassicaudatus	1459	384	121.4130573177	0.251945251710884	1	0.561134363752805	0.561134352094221	0.141375138519327	619.480334382734	621.480334382734	-2	BM	Hylobatidae	APE	Galagidae	STR	order
Piliocolobus_badius	Lepilemur_ruficaudatus	1333	260	121.413057309	0.251476516358864	0.999999999928344	0.560282281363911	0.560282269714048	0.140897836305089	619.480334382734	621.480334382734	-2	BM	Cercopithecidae	OWM	Lepilemuridae	STR	order
Propithecus_verreauxi	Microcebus_murinus	780	85.2	69.529333389	0.162838661291835	0.572667676154991	0.49148659926939	0.491486588471222	0.139754735949586	619.480334382734	621.480334382734	-2	BM	Indriidae	STR	Cheirogaleidae	STR	superfamily
Hylobates_lar	Perodicticus_potto	1459	391	121.4130573167	0.250304677978813	0.999999999991764	0.558147926218249	0.558147914590444	0.139707036937752	619.480334382734	621.480334382734	-2	BM	Hylobatidae	APE	Lorisidae	STR	order
Avahi_laniger	Propithecus_verreauxi	343	780	38.068820955	0.102418674416424	0.31354799719264	0.425872891272548	0.425872881520163	0.139108963809539	619.480334382734	621.480334382734	-2	BM	Indriidae	STR	Indriidae	STR	family
Cebus_albifrons	Carlito_syrichta	1221	197	115.7454945412	0.239992500234368	0.95331998961471	0.549884512277602	0.549884500738012	0.138430076342984	619.480334382734	621.480334382734	-2	BM	Cebidae	PLA	Tarsiidae	TAR	order
Aotus_trivirgatus	Cercopithecus_ascanius	409	1162	78.0653383558	0.176478860035624	0.64297317010581	0.501103822907775	0.501103811974186	0.137539535921389	619.480334382734	621.480334382734	-2	BM	Aotidae	PLA	Cercopithecidae	OWM	order
Nasalis_larvatus	Pygathrix_nemaeus	1556	1345	14.9942228138	0.0494515796381363	0.123497613395607	0.334521647610921	0.334521639608481	0.133950960206171	619.480334382734	621.480334382734	-2	BM	Cercopithecidae	OWM	Cercopithecidae	OWM	family
Macaca_mulatta	Avahi_laniger	1380	343	121.4130573107	0.243039280022499	0.999999999942346	0.544783276802527	0.544783265319589	0.132403735370018	619.480334382734	621.480334382734	-2	BM	Cercopithecidae	OWM	Indriidae	STR	order
Alouatta_seniculus	Plecturocebus_moloch	986	469	49.0936032106	0.121168088497234	0.404351923056656	0.441768680711015	0.441768670687038	0.132380393284784	619.480334382734	621.480334382734	-2	BM	Atelidae	PLA	Pitheciidae	PLA	superfamily
Macaca_mulatta	Nycticebus_coucang	1380	345	121.4130573141	0.242570544670479	0.999999999970349	0.543913295413853	0.543913283940741	0.131937344325966	619.480334382734	621.480334382734	-2	BM	Cercopithecidae	OWM	Lorisidae	STR	order
Erythrocebus_patas	Eulemur_fulvus	1621	590	121.4130573124	0.241633073966439	0.999999999956347	0.542170530456418	0.542170519003132	0.131006331893918	619.480334382734	621.480334382734	-2	BM	Cercopithecidae	OWM	Lemuridae	STR	order
Cercopithecus_ascanius	Cheirogaleus_medius	1162	145	121.4130573117	0.238351926502297	0.999999999950582	0.536041515552372	0.536041504170312	0.127766527923433	619.480334382734	621.480334382734	-2	BM	Cercopithecidae	OWM	Cheirogaleidae	STR	order
Cebus_albifrons	Galago_senegalensis	1221	205	121.4130573032	0.238117558826287	0.999999999880573	0.535601987416125	0.535601976039262	0.127536237761267	619.480334382734	621.480334382734	-2	BM	Cebidae	PLA	Galagidae	STR	order
Cercopithecus_mitis	Avahi_laniger	1354	343	121.4130573098	0.236945720446236	0.999999999934933	0.533400874411948	0.533400863061285	0.126387054482415	619.480334382734	621.480334382734	-2	BM	Cercopithecidae	OWM	Indriidae	STR	order
Varecia_variegata	Avahi_laniger	1018	343	71.983496225	0.158198181306834	0.592881011443783	0.472135209982508	0.472135199471391	0.125979631845968	619.480334382734	621.480334382734	-2	BM	Lemuridae	STR	Indriidae	STR	superfamily
Cercopithecus_mitis	Nycticebus_coucang	1354	345	121.4130573132	0.236476985094216	0.999999999962937	0.532518810826541	0.532518799486461	0.125928442894885	619.480334382734	621.480334382734	-2	BM	Cercopithecidae	OWM	Lorisidae	STR	order
Pygathrix_nemaeus	Avahi_laniger	1345	343	121.4130573088	0.234836411362145	0.999999999926697	0.529424321443859	0.529424310141274	0.124328107744828	619.480334382734	621.480334382734	-2	BM	Cercopithecidae	OWM	Indriidae	STR	order
Cercopithecus_ascanius	Carlito_syrichta	1162	197	115.7454945527	0.22616480734977	0.953319989709428	0.523354825785958	0.523354814558573	0.124160244857061	619.480334382734	621.480334382734	-2	BM	Cercopithecidae	OWM	Tarsiidae	TAR	order
Daubentonia_madagascariensis	Microcebus_murinus	897	85.2	92.496943882	0.190259679385019	0.76183687261877	0.496982480317299	0.496982469441138	0.124115451435307	619.480334382734	621.480334382734	-2	BM	Daubentoniidae	STR	Cheirogaleidae	STR	superfamily
Cebus_albifrons	Loris_tardigradus	1221	220	121.4130573019	0.234602043686135	0.999999999869866	0.528981330220233	0.528981318923063	0.124100101157627	619.480334382734	621.480334382734	-2	BM	Cebidae	PLA	Lorisidae	STR	order
Pygathrix_nemaeus	Nycticebus_coucang	1345	345	121.4130573122	0.234367676010125	0.9999999999547	0.528538108963759	0.528538097672018	0.123872248286234	619.480334382734	621.480334382734	-2	BM	Cercopithecidae	OWM	Lorisidae	STR	order
Macaca_mulatta	Otolemur_crassicaudatus	1380	384	121.4130573157	0.233430205306084	0.999999999983527	0.526762926207508	0.526762914937629	0.122962378014278	619.480334382734	621.480334382734	-2	BM	Cercopithecidae	OWM	Galagidae	STR	order
Piliocolobus_badius	Avahi_laniger	1333	343	121.41305731	0.232023999250023	0.99999999993658	0.524093270976083	0.524093259739433	0.121602216719609	619.480334382734	621.480334382734	-2	BM	Cercopithecidae	OWM	Indriidae	STR	order
Macaca_mulatta	Perodicticus_potto	1380	391	121.4130573147	0.231789631574013	0.999999999975291	0.523647527074398	0.523647515843336	0.121376067378217	619.480334382734	621.480334382734	-2	BM	Cercopithecidae	OWM	Lorisidae	STR	order
Piliocolobus_badius	Nycticebus_coucang	1333	345	121.4130573134	0.231555263898003	0.999999999964584	0.5232015545281	0.523201543302642	0.12115007403489	619.480334382734	621.480334382734	-2	BM	Cercopithecidae	OWM	Lorisidae	STR	order
Cebus_albifrons	Cheirogaleus_major	1221	241	121.4130573002	0.229680322489922	0.999999999855864	0.519625556316169	0.519625545136061	0.119347765365905	619.480334382734	621.480334382734	-2	BM	Cebidae	PLA	Cheirogaleidae	STR	order
Propithecus_verreauxi	Cheirogaleus_medius	780	145	69.529333389	0.148823474266429	0.572667676154991	0.454322600425627	0.454322590195051	0.118068245595899	619.480334382734	621.480334382734	-2	BM	Indriidae	STR	Cheirogaleidae	STR	superfamily
Plecturocebus_moloch	Cercopithecus_ascanius	469	1162	78.0653383539	0.162416799475016	0.642973170090161	0.466284887659021	0.466284877238368	0.117784851094994	619.480334382734	621.480334382734	-2	BM	Pitheciidae	PLA	Cercopithecidae	OWM	order
Cercopithecus_mitis	Otolemur_crassicaudatus	1354	384	121.4130573148	0.227336645729821	0.999999999976115	0.515135080042163	0.515135068920048	0.117109081197345	619.480334382734	621.480334382734	-2	BM	Cercopithecidae	OWM	Galagidae	STR	order
Nasalis_larvatus	Eulemur_fulvus	1556	590	121.4130573114	0.22639917502578	0.999999999948111	0.513332542657901	0.51333253155939	0.116218064177666	619.480334382734	621.480334382734	-2	BM	Cercopithecidae	OWM	Lemuridae	STR	order
Cercopithecus_mitis	Perodicticus_potto	1354	391	121.4130573138	0.22569607199775	0.999999999967878	0.511978266643861	0.511978255563203	0.115551483733448	619.480334382734	621.480334382734	-2	BM	Cercopithecidae	OWM	Lorisidae	STR	order
Cebus_albifrons	Lepilemur_ruficaudatus	1221	260	121.4130572972	0.22522733664573	0.999999999831155	0.511074287831431	0.511074276762749	0.115107900695822	619.480334382734	621.480334382734	-2	BM	Cebidae	PLA	Lepilemuridae	STR	order
Pygathrix_nemaeus	Otolemur_crassicaudatus	1345	384	121.4130573138	0.22522733664573	0.999999999967878	0.511074287801722	0.51107427673304	0.115107900673393	619.480334382734	621.480334382734	-2	BM	Cercopithecidae	OWM	Galagidae	STR	order
Saimiri_sciureus	Alouatta_seniculus	526	986	46.5475501474	0.107809130964657	0.383381748024017	0.407335362799493	0.407335353377209	0.114545023859184	619.480334382734	621.480334382734	-2	BM	Cebidae	PLA	Atelidae	PLA	superfamily
Cercopithecus_ascanius	Galago_senegalensis	1162	205	121.4130573147	0.224289865941689	0.999999999975291	0.509263626901444	0.509263615856886	0.114222670609526	619.480334382734	621.480334382734	-2	BM	Cercopithecidae	OWM	Galagidae	STR	order
Pygathrix_nemaeus	Perodicticus_potto	1345	391	121.4130573128	0.223586762913659	0.999999999959642	0.50790326978834	0.507903258762026	0.113560447969821	619.480334382734	621.480334382734	-2	BM	Cercopithecidae	OWM	Lorisidae	STR	order
Piliocolobus_badius	Otolemur_crassicaudatus	1333	384	121.413057315	0.222414924533608	0.999999999977762	0.505631519849172	0.505631508853556	0.112459996331568	619.480334382734	621.480334382734	-2	BM	Cercopithecidae	OWM	Galagidae	STR	order
Varecia_variegata	Galago_senegalensis	1018	205	99.36063402	0.190540920596231	0.818368602316012	0.48247036531858	0.482470354651785	0.112333668848043	619.480334382734	621.480334382734	-2	BM	Lemuridae	STR	Galagidae	STR	superfamily
Cercopithecus_ascanius	Nasalis_larvatus	1162	1556	38.5936741527	0.0923408643479891	0.317870869948629	0.385196324587673	0.385196315577299	0.11189877688963	619.480334382734	621.480334382734	-2	BM	Cercopithecidae	OWM	Cercopithecidae	OWM	family
Cercopithecus_ascanius	Loris_tardigradus	1162	220	121.4130573134	0.220774350801537	0.999999999964584	0.502441671296929	0.502441660344896	0.110926233800148	619.480334382734	621.480334382734	-2	BM	Cercopithecidae	OWM	Lorisidae	STR	order
Piliocolobus_badius	Perodicticus_potto	1333	391	121.413057314	0.220774350801537	0.999999999969525	0.502441671295867	0.502441660343834	0.110926233799365	619.480334382734	621.480334382734	-2	BM	Cercopithecidae	OWM	Lorisidae	STR	order
Cercopithecus_mitis	Erythrocebus_patas	1354	1621	23.4097503938	0.0625761694947033	0.192810813852945	0.338515596689863	0.338515588604956	0.109864218358735	619.480334382734	621.480334382734	-2	BM	Cercopithecidae	OWM	Cercopithecidae	OWM	family
Varecia_variegata	Loris_tardigradus	1018	220	99.3606340187	0.18702540545608	0.818368602305305	0.474713689865789	0.474713679315334	0.108488424497961	619.480334382734	621.480334382734	-2	BM	Lemuridae	STR	Lorisidae	STR	superfamily
Daubentonia_madagascariensis	Cheirogaleus_medius	897	145	92.496943882	0.176244492359614	0.76183687261877	0.465014340931797	0.465014330531011	0.107577119726097	619.480334382734	621.480334382734	-2	BM	Daubentoniidae	STR	Cheirogaleidae	STR	superfamily
Cercopithecus_ascanius	Cheirogaleus_major	1162	241	121.4130573117	0.215852629605325	0.999999999950582	0.492806748848553	0.492806738031504	0.106373632631468	619.480334382734	621.480334382734	-2	BM	Cercopithecidae	OWM	Cheirogaleidae	STR	order
Cercopithecus_ascanius	Lepilemur_ruficaudatus	1162	260	121.4130573087	0.211399643761132	0.999999999925873	0.484005721770479	0.484005711081017	0.102318637168214	619.480334382734	621.480334382734	-2	BM	Cercopithecidae	OWM	Lepilemuridae	STR	order
Indri_indri	Galago_senegalensis	978	205	99.360634013	0.181166213555826	0.818368602258358	0.461654996924013	0.461654986576125	0.102198798354493	619.480334382734	621.480334382734	-2	BM	Indriidae	STR	Galagidae	STR	superfamily
Alouatta_seniculus	Microcebus_murinus	986	85.2	121.4130573084	0.21111840254992	0.999999999923402	0.483447219834818	0.483447209153587	0.102064604776545	619.480334382734	621.480334382734	-2	BM	Atelidae	PLA	Cheirogaleidae	STR	order
Ateles_geoffroyi	Eulemur_fulvus	1482	590	121.4130573054	0.209055967001031	0.999999999898693	0.47934198633168	0.479341975711442	0.100209302486916	619.480334382734	621.480334382734	-2	BM	Atelidae	PLA	Lemuridae	STR	order
Saimiri_sciureus	Cercopithecus_ascanius	526	1162	78.0653383467	0.149057841942439	0.642973170030859	0.432106333104254	0.432106323244069	0.100173445027402	619.480334382734	621.480334382734	-2	BM	Cebidae	PLA	Cercopithecidae	OWM	order
Alouatta_seniculus	Erythrocebus_patas	986	1621	78.0653383564	0.148823474266429	0.642973170110752	0.43149748127424	0.431497471424511	0.0998750138973677	619.480334382734	621.480334382734	-2	BM	Atelidae	PLA	Cercopithecidae	OWM	order
Indri_indri	Loris_tardigradus	978	220	99.3606340117	0.177650698415674	0.81836860224765	0.453742349491286	0.4537423392701	0.0984979690893651	619.480334382734	621.480334382734	-2	BM	Indriidae	STR	Lorisidae	STR	superfamily
Cebus_albifrons	Avahi_laniger	1221	343	121.4130572982	0.205774819536889	0.999999999839391	0.472776464348712	0.472776453827782	0.0972854916482698	619.480334382734	621.480334382734	-2	BM	Cebidae	PLA	Indriidae	STR	order
Cebus_albifrons	Nycticebus_coucang	1221	345	121.4130573016	0.205306084184869	0.999999999867395	0.471835096158093	0.471835085651576	0.0968706159860548	619.480334382734	621.480334382734	-2	BM	Cebidae	PLA	Lorisidae	STR	order
Hylobates_lar	Eulemur_fulvus	1459	590	121.4130573151	0.203665510452798	0.999999999978586	0.468533577248419	0.468533566792797	0.0954241301766182	619.480334382734	621.480334382734	-2	BM	Hylobatidae	APE	Lemuridae	STR	order
Galago_senegalensis	Otolemur_crassicaudatus	205	384	15.608317406	0.0419518140058123	0.128555509191717	0.280780845181312	0.280780838332658	0.091627856849562	619.480334382734	621.480334382734	-2	BM	Galagidae	STR	Galagidae	STR	family
Alouatta_seniculus	Cheirogaleus_medius	986	145	121.4130573084	0.197103215524515	0.999999999923402	0.455223714965587	0.455223704720458	0.0897260580096051	619.480334382734	621.480334382734	-2	BM	Atelidae	PLA	Cheirogaleidae	STR	order
Erythrocebus_patas	Propithecus_verreauxi	1621	780	121.413057313	0.197103215524515	0.999999999961289	0.455223714957966	0.455223704712838	0.0897260580047037	619.480334382734	621.480334382734	-2	BM	Cercopithecidae	OWM	Indriidae	STR	order
Cebus_albifrons	Otolemur_crassicaudatus	1221	384	121.4130573032	0.196165744820474	0.999999999880573	0.453308877416212	0.453308867202052	0.0889236735827042	619.480334382734	621.480334382734	-2	BM	Cebidae	PLA	Galagidae	STR	order
Cebus_albifrons	Perodicticus_potto	1221	391	121.4130573022	0.194525171088403	0.999999999872337	0.449949911654903	0.449949901495475	0.0875265835570559	619.480334382734	621.480334382734	-2	BM	Cebidae	PLA	Lorisidae	STR	order
Cebuella_pygmaea	Varecia_variegata	192	1018	121.4130573077	0.193587700384363	0.999999999917637	0.44802594869966	0.448025938571815	0.0867323131284334	619.480334382734	621.480334382734	-2	BM	Callitrichidae	PLA	Lemuridae	STR	order
Propithecus_verreauxi	Cheirogaleus_major	780	241	69.529333389	0.126324177369457	0.572667676154991	0.391977939239899	0.391977930101384	0.0864660129831631	619.480334382734	621.480334382734	-2	BM	Indriidae	STR	Cheirogaleidae	STR	superfamily
Carlito_syrichta	Varecia_variegata	197	1018	121.413057308	0.192415862004312	0.999999999920108	0.445616356851572	0.445616346763517	0.0857436554336668	619.480334382734	621.480334382734	-2	BM	Tarsiidae	TAR	Lemuridae	STR	order
Cercopithecus_ascanius	Avahi_laniger	1162	343	121.4130573097	0.191947126652292	0.999999999934109	0.444651081280031	0.44465107120799	0.0853494974201605	619.480334382734	621.480334382734	-2	BM	Cercopithecidae	OWM	Indriidae	STR	order
Alouatta_seniculus	Carlito_syrichta	986	197	115.7454945494	0.184916096371988	0.953319989682248	0.439369219792713	0.439369209809029	0.0852247323767489	619.480334382734	621.480334382734	-2	BM	Atelidae	PLA	Tarsiidae	TAR	order
Cercopithecus_ascanius	Nycticebus_coucang	1162	345	121.4130573131	0.191478391300272	0.999999999962113	0.443684985470875	0.443684975414903	0.0849560872652665	619.480334382734	621.480334382734	-2	BM	Cercopithecidae	OWM	Lorisidae	STR	order
Gorilla_gorilla	Pongo_pygmaeus	4352	4000	40.643277586	0.0824974219555639	0.334752113849248	0.338687713591219	0.33868770550277	0.083467324217952	619.480334382734	621.480334382734	-2	BM	Hominidae	APE	Hominidae	APE	family
Eulemur_fulvus	Varecia_variegata	590	1018	52.6432531394	0.100309365332333	0.433588069540569	0.360256694557021	0.360256686032009	0.0833443605264093	619.480334382734	621.480334382734	-2	BM	Lemuridae	STR	Lemuridae	STR	family
Daubentonia_madagascariensis	Cheirogaleus_major	897	241	92.496943882	0.153745195462642	0.76183687261877	0.411638312674344	0.411638303174198	0.0830721314715082	619.480334382734	621.480334382734	-2	BM	Daubentoniidae	STR	Cheirogaleidae	STR	superfamily
Daubentonia_madagascariensis	Galago_senegalensis	897	205	99.360634015	0.162182431799006	0.81836860227483	0.418257040270396	0.418257030651932	0.0828892307446165	619.480334382734	621.480334382734	-2	BM	Daubentoniidae	STR	Galagidae	STR	superfamily
Cebuella_pygmaea	Callithrix_jacchus	192	295	8.0860732424	0.0241398706290428	0.0665997004032381	0.226198315883264	0.2261983102789	0.0819883280085125	619.480334382734	621.480334382734	-2	BM	Callitrichidae	PLA	Callitrichidae	PLA	family
Alouatta_seniculus	Nasalis_larvatus	986	1556	78.0653383554	0.133589575325771	0.642973170102516	0.391268785997347	0.391268776872152	0.081293331339598	619.480334382734	621.480334382734	-2	BM	Atelidae	PLA	Cercopithecidae	OWM	order
Propithecus_verreauxi	Lepilemur_ruficaudatus	780	260	69.529333386	0.121871191525265	0.572667676130282	0.379272074331208	0.379272065434148	0.0807140712452007	619.480334382734	621.480334382734	-2	BM	Indriidae	STR	Lepilemuridae	STR	superfamily
Macaca_mulatta	Eulemur_fulvus	1380	590	121.4130573131	0.185150464047998	0.999999999962113	0.430563080474945	0.430563070641294	0.0797189541548921	619.480334382734	621.480334382734	-2	BM	Cercopithecidae	OWM	Lemuridae	STR	order
Daubentonia_madagascariensis	Loris_tardigradus	897	220	99.3606340137	0.158666916658854	0.818368602264123	0.410044418282436	0.410044408811045	0.0795002195368315	619.480334382734	621.480334382734	-2	BM	Daubentoniidae	STR	Lorisidae	STR	superfamily
Cebuella_pygmaea	Indri_indri	192	978	121.4130573007	0.184212993343958	0.999999999859982	0.428606601277148	0.428606591477284	0.0789549049992989	619.480334382734	621.480334382734	-2	BM	Callitrichidae	PLA	Indriidae	STR	order
Varecia_variegata	Nycticebus_coucang	1018	345	99.3606340184	0.157729445954814	0.818368602302834	0.407845397724535	0.407845388292983	0.0786066675056857	619.480334382734	621.480334382734	-2	BM	Lemuridae	STR	Lorisidae	STR	superfamily
Daubentonia_madagascariensis	Lepilemur_ruficaudatus	897	260	92.496943879	0.149292209618449	0.761836872594061	0.400789603829559	0.400789594527117	0.0785401280776552	619.480334382734	621.480334382734	-2	BM	Daubentoniidae	STR	Lepilemuridae	STR	superfamily
Carlito_syrichta	Indri_indri	197	978	121.413057301	0.183041154963907	0.999999999862453	0.426156514415829	0.426156504658504	0.0780041806047956	619.480334382734	621.480334382734	-2	BM	Tarsiidae	TAR	Indriidae	STR	order
Alouatta_seniculus	Galago_senegalensis	986	205	121.4130573114	0.183041154963907	0.999999999948111	0.426156514399421	0.426156504642096	0.0780041805951107	619.480334382734	621.480334382734	-2	BM	Atelidae	PLA	Galagidae	STR	order
Cercopithecus_ascanius	Otolemur_crassicaudatus	1162	384	121.4130573147	0.182338051935877	0.999999999975291	0.424684077074524	0.424684067342885	0.077436067303868	619.480334382734	621.480334382734	-2	BM	Cercopithecidae	OWM	Galagidae	STR	order
Nasalis_larvatus	Propithecus_verreauxi	1556	780	121.413057312	0.181869316583857	0.999999999953053	0.423701461266143	0.423701451551696	0.0770582951996725	619.480334382734	621.480334382734	-2	BM	Cercopithecidae	OWM	Indriidae	STR	order
Cercopithecus_ascanius	Perodicticus_potto	1162	391	121.4130573137	0.180697478203806	0.999999999967055	0.421241463683884	0.421241454012655	0.0761172702050658	619.480334382734	621.480334382734	-2	BM	Cercopithecidae	OWM	Lorisidae	STR	order
Alouatta_seniculus	Loris_tardigradus	986	220	121.4130573101	0.179525639823755	0.999999999937404	0.418776543659208	0.418776534031533	0.0751811269483063	619.480334382734	621.480334382734	-2	BM	Atelidae	PLA	Lorisidae	STR	order
Cercopithecus_mitis	Eulemur_fulvus	1354	590	121.4130573122	0.179056904471735	0.9999999999547	0.417789202317578	0.417789192707419	0.0748080412920899	619.480334382734	621.480334382734	-2	BM	Cercopithecidae	OWM	Lemuridae	STR	order
Cebuella_pygmaea	Saimiri_sciureus	192	526	41.3912937957	0.0782788037873816	0.340913034480237	0.319606180438929	0.319606172748677	0.0733864269107722	619.480334382734	621.480334382734	-2	BM	Callitrichidae	PLA	Cebidae	PLA	superfamily
Pygathrix_nemaeus	Eulemur_fulvus	1345	590	121.4130573112	0.176947595387644	0.999999999946464	0.41333650206314	0.413336492532467	0.0731389001299281	619.480334382734	621.480334382734	-2	BM	Cercopithecidae	OWM	Lemuridae	STR	order
Eulemur_fulvus	Microcebus_murinus	590	85.2	71.9834962244	0.118308802849911	0.592881011438841	0.363141399684299	0.36314139110205	0.0724644969782816	619.480334382734	621.480334382734	-2	BM	Lemuridae	STR	Cheirogaleidae	STR	superfamily
Alouatta_seniculus	Cheirogaleus_major	986	241	121.4130573084	0.174603918627543	0.999999999923402	0.408370629755672	0.408370620314587	0.0713031122131994	619.480334382734	621.480334382734	-2	BM	Atelidae	PLA	Cheirogaleidae	STR	order
Piliocolobus_badius	Eulemur_fulvus	1333	590	121.4130573124	0.174135183275523	0.999999999956347	0.40737514287371	0.407375133450703	0.0709383451693023	619.480334382734	621.480334382734	-2	BM	Cercopithecidae	OWM	Lemuridae	STR	order
Varecia_variegata	Otolemur_crassicaudatus	1018	384	99.36063402	0.148589106590419	0.818368602316012	0.386210675341542	0.386210666311894	0.0701232904613835	619.480334382734	621.480334382734	-2	BM	Lemuridae	STR	Galagidae	STR	superfamily
Indri_indri	Nycticebus_coucang	978	345	99.3606340114	0.148354738914409	0.818368602245179	0.385651380203185	0.38565137118416	0.0699112962851478	619.480334382734	621.480334382734	-2	BM	Indriidae	STR	Lorisidae	STR	superfamily
Varecia_variegata	Perodicticus_potto	1018	391	99.360634019	0.146948532858348	0.818368602307776	0.382290906701346	0.382290897746387	0.0686452140348894	619.480334382734	621.480334382734	-2	BM	Lemuridae	STR	Lorisidae	STR	superfamily
Alouatta_seniculus	Lepilemur_ruficaudatus	986	260	121.4130573054	0.17015093278335	0.999999999898693	0.398882671226346	0.398882661959129	0.067870258587153	619.480334382734	621.480334382734	-2	BM	Atelidae	PLA	Lepilemuridae	STR	order
Erythrocebus_patas	Daubentonia_madagascariensis	1621	897	121.41305731	0.16968219743133	0.99999999993658	0.397879954284444	0.397879945035805	0.0675131449611433	619.480334382734	621.480334382734	-2	BM	Cercopithecidae	OWM	Daubentoniidae	STR	order
Callithrix_jacchus	Varecia_variegata	295	1018	121.4130573073	0.16944782975532	0.999999999914342	0.397378313283911	0.397378304044581	0.0673348927835562	619.480334382734	621.480334382734	-2	BM	Callitrichidae	PLA	Lemuridae	STR	order
Cebuella_pygmaea	Daubentonia_madagascariensis	192	897	121.4130573027	0.165229211587138	0.999999999876455	0.388316794107712	0.388316785038165	0.064161277744389	619.480334382734	621.480334382734	-2	BM	Callitrichidae	PLA	Daubentoniidae	STR	order
Ateles_geoffroyi	Propithecus_verreauxi	1482	780	121.413057306	0.164526108559108	0.999999999903635	0.3868006940413	0.386800685000458	0.0636388129847096	619.480334382734	621.480334382734	-2	BM	Atelidae	PLA	Indriidae	STR	order
Carlito_syrichta	Daubentonia_madagascariensis	197	897	121.413057303	0.164057373207087	0.999999999878926	0.385789040024709	0.385789031003068	0.0632915365262006	619.480334382734	621.480334382734	-2	BM	Tarsiidae	TAR	Daubentoniidae	STR	order
Macaca_mulatta	Erythrocebus_patas	1380	1621	29.8369393147	0.05648260991844	0.245747368313328	0.27372111037216	0.273721103680682	0.0629120987528984	619.480334382734	621.480334382734	-2	BM	Cercopithecidae	OWM	Cercopithecidae	OWM	family
Nasalis_larvatus	Piliocolobus_badius	1556	1333	27.017026323	0.0522639917502578	0.222521588038961	0.266458581767877	0.266458575239326	0.0625835418578057	619.480334382734	621.480334382734	-2	BM	Cercopithecidae	OWM	Cercopithecidae	OWM	family
Indri_indri	Otolemur_crassicaudatus	978	384	99.360634013	0.139214399550014	0.818368602258358	0.363666508164662	0.363666499572023	0.0618640725351418	619.480334382734	621.480334382734	-2	BM	Indriidae	STR	Galagidae	STR	superfamily
Erythrocebus_patas	Piliocolobus_badius	1621	1333	38.593674154	0.0674978906909159	0.317870869959336	0.287009028095128	0.287009021108824	0.0609445716373736	619.480334382734	621.480334382734	-2	BM	Cercopithecidae	OWM	Cercopithecidae	OWM	family
Saguinus_midas	Varecia_variegata	332	1018	121.4130573081	0.160776225742946	0.999999999920931	0.378686978541605	0.378686969655805	0.060883863152733	619.480334382734	621.480334382734	-2	BM	Callitrichidae	PLA	Lemuridae	STR	order
Saguinus_oedipus	Varecia_variegata	333	1018	121.4130573072	0.160541858066935	0.999999999913518	0.378178325178879	0.378178316302878	0.0607134510101095	619.480334382734	621.480334382734	-2	BM	Callitrichidae	PLA	Lemuridae	STR	order
Indri_indri	Perodicticus_potto	978	391	99.360634012	0.137573825817943	0.818368602250121	0.359685615917905	0.359685607404257	0.0604658171604508	619.480334382734	621.480334382734	-2	BM	Indriidae	STR	Lorisidae	STR	superfamily
Callithrix_jacchus	Indri_indri	295	978	121.4130573003	0.160073122714915	0.999999999856688	0.377160476535396	0.377160467679029	0.0603732552523185	619.480334382734	621.480334382734	-2	BM	Callitrichidae	PLA	Indriidae	STR	order
Daubentonia_madagascariensis	Avahi_laniger	897	343	92.49694388	0.129839692509609	0.761836872602297	0.352371982620848	0.352371974253689	0.0600546803624929	619.480334382734	621.480334382734	-2	BM	Daubentoniidae	STR	Indriidae	STR	superfamily
Hylobates_lar	Propithecus_verreauxi	1459	780	121.4130573157	0.159135652010875	0.999999999983527	0.375122617107351	0.375122608290406	0.0596953822583873	619.480334382734	621.480334382734	-2	BM	Hylobatidae	APE	Indriidae	STR	order
Callimico_goeldii	Varecia_variegata	340	1018	121.4130573103	0.158901284334865	0.999999999939051	0.37461270299627	0.374612694189213	0.0595264396378906	619.480334382734	621.480334382734	-2	BM	Callitrichidae	PLA	Lemuridae	STR	order
Propithecus_verreauxi	Galago_senegalensis	780	205	99.360634018	0.134761413705822	0.818368602299539	0.352837137875942	0.352837129499415	0.0581019743114168	619.480334382734	621.480334382734	-2	BM	Indriidae	STR	Galagidae	STR	superfamily
Eulemur_fulvus	Cheirogaleus_medius	590	145	71.9834962244	0.104293615824505	0.592881011438841	0.322714239451866	0.322714231696023	0.056768616739486	619.480334382734	621.480334382734	-2	BM	Lemuridae	STR	Cheirogaleidae	STR	superfamily
Alouatta_seniculus	Hylobates_lar	986	1459	78.0653383591	0.110855910752789	0.64297317013299	0.328999355027271	0.328999347139649	0.0567232426371457	619.480334382734	621.480334382734	-2	BM	Atelidae	PLA	Hylobatidae	APE	order
Nasalis_larvatus	Daubentonia_madagascariensis	1556	897	121.413057309	0.154448298490672	0.999999999928344	0.364890497854004	0.364890489237186	0.0563567165330035	619.480334382734	621.480334382734	-2	BM	Cercopithecidae	OWM	Daubentoniidae	STR	order
Erythrocebus_patas	Pygathrix_nemaeus	1621	1345	38.5936741528	0.0646854785787944	0.317870869949452	0.275548191351726	0.275548184619455	0.0560729790431629	619.480334382734	621.480334382734	-2	BM	Cercopithecidae	OWM	Cercopithecidae	OWM	family
Propithecus_verreauxi	Loris_tardigradus	780	220	99.3606340167	0.13124589856567	0.818368602288832	0.34423440063868	0.344234392436549	0.0552066062929096	619.480334382734	621.480334382734	-2	BM	Indriidae	STR	Lorisidae	STR	superfamily
Saguinus_midas	Indri_indri	332	978	121.4130573011	0.151401518702541	0.999999999863277	0.358201888426231	0.35820187994216	0.0542323099172642	619.480334382734	621.480334382734	-2	BM	Callitrichidae	PLA	Indriidae	STR	order
Saguinus_oedipus	Indri_indri	333	978	121.4130573002	0.15116715102653	0.999999999855864	0.357686165062408	0.357686156588633	0.054070398541883	619.480334382734	621.480334382734	-2	BM	Callitrichidae	PLA	Indriidae	STR	order
Alouatta_seniculus	Avahi_laniger	986	343	121.4130573064	0.15069841567451	0.999999999906929	0.356654200975719	0.356654192522576	0.0537472230357015	619.480334382734	621.480334382734	-2	BM	Atelidae	PLA	Indriidae	STR	order
Erythrocebus_patas	Indri_indri	1621	978	121.413057308	0.15069841567451	0.999999999920107	0.356654200973532	0.356654192520389	0.0537472230346636	619.480334382734	621.480334382734	-2	BM	Cercopithecidae	OWM	Indriidae	STR	order
Daubentonia_madagascariensis	Nycticebus_coucang	897	345	99.3606340134	0.129370957157589	0.818368602261652	0.339627439220794	0.339627431113018	0.0536896537422717	619.480334382734	621.480334382734	-2	BM	Daubentoniidae	STR	Lorisidae	STR	superfamily
Alouatta_seniculus	Nycticebus_coucang	986	345	121.4130573098	0.15022968032249	0.999999999934933	0.355621548495968	0.355621540063506	0.0534249115498144	619.480334382734	621.480334382734	-2	BM	Atelidae	PLA	Lorisidae	STR	order
Callimico_goeldii	Indri_indri	340	978	121.4130573033	0.14952657729446	0.999999999881397	0.354071282733041	0.35407127433169	0.0529430670316098	619.480334382734	621.480334382734	-2	BM	Callitrichidae	PLA	Indriidae	STR	order
Cebus_albifrons	Eulemur_fulvus	1221	590	121.4130573006	0.147886003562389	0.999999999859159	0.350448019262424	0.350448010934092	0.0518263570323743	619.480334382734	621.480334382734	-2	BM	Cebidae	PLA	Lemuridae	STR	order
Macaca_mulatta	Cercopithecus_ascanius	1380	1162	29.8369393144	0.0510921533702072	0.245747368310857	0.248505680891605	0.248505674770939	0.0516656208721676	619.480334382734	621.480334382734	-2	BM	Cercopithecidae	OWM	Cercopithecidae	OWM	family
Aotus_trivirgatus	Varecia_variegata	409	1018	121.4130573111	0.142729914690166	0.99999999994564	0.339006873242104	0.339006865147088	0.0483864220998557	619.480334382734	621.480334382734	-2	BM	Aotidae	PLA	Lemuridae	STR	order
Erythrocebus_patas	Varecia_variegata	1621	1018	121.413057315	0.141323708634105	0.999999999977762	0.335872619538999	0.33587261150861	0.0474667642229588	619.480334382734	621.480334382734	-2	BM	Cercopithecidae	OWM	Lemuridae	STR	order
Callithrix_jacchus	Daubentonia_madagascariensis	295	897	121.4130573023	0.141089340958095	0.99999999987316	0.335349670434565	0.335349662414988	0.0473142639981285	619.480334382734	621.480334382734	-2	BM	Callitrichidae	PLA	Daubentoniidae	STR	order
Alouatta_seniculus	Otolemur_crassicaudatus	986	384	121.4130573114	0.141089340958095	0.999999999948111	0.335349670422766	0.335349662403189	0.0473142639929175	619.480334382734	621.480334382734	-2	BM	Atelidae	PLA	Galagidae	STR	order
Macaca_mulatta	Propithecus_verreauxi	1380	780	121.4130573137	0.140620605606075	0.999999999967055	0.334303282581647	0.33430327458373	0.0470099300542787	619.480334382734	621.480334382734	-2	BM	Cercopithecidae	OWM	Indriidae	STR	order
Daubentonia_madagascariensis	Otolemur_crassicaudatus	897	384	99.360634015	0.120230617793194	0.81836860227483	0.316986467872782	0.31698646023803	0.0465700648320183	619.480334382734	621.480334382734	-2	BM	Daubentoniidae	STR	Galagidae	STR	superfamily
Pan_troglodytes	Pongo_pygmaeus	3739	4000	40.643277586	0.0611699634386425	0.334752113849248	0.254699901432342	0.254699895170141	0.0465418529528941	619.480334382734	621.480334382734	-2	BM	Hominidae	APE	Hominidae	APE	family
Alouatta_seniculus	Perodicticus_potto	986	391	121.4130573104	0.139448767226024	0.999999999939875	0.331684467312404	0.33168445936884	0.0462529900775162	619.480334382734	621.480334382734	-2	BM	Atelidae	PLA	Lorisidae	STR	order
Daubentonia_madagascariensis	Perodicticus_potto	897	391	99.360634014	0.118590044061123	0.818368602266594	0.312891600306179	0.312891592758567	0.0453412173486311	619.480334382734	621.480334382734	-2	BM	Daubentoniidae	STR	Lorisidae	STR	superfamily
Cebuella_pygmaea	Propithecus_verreauxi	192	780	121.4130573057	0.137808193493953	0.999999999901164	0.328011339743901	0.328011331876918	0.0452026501801061	619.480334382734	621.480334382734	-2	BM	Callitrichidae	PLA	Indriidae	STR	order
Ateles_geoffroyi	Daubentonia_madagascariensis	1482	897	121.413057303	0.137105090465923	0.999999999878926	0.326434735271637	0.326434727437647	0.0447558639160562	619.480334382734	621.480334382734	-2	BM	Atelidae	PLA	Daubentoniidae	STR	order
Carlito_syrichta	Propithecus_verreauxi	197	780	121.413057306	0.136636355113903	0.999999999903635	0.325382867775061	0.325382859963124	0.0444591290735777	619.480334382734	621.480334382734	-2	BM	Tarsiidae	TAR	Indriidae	STR	order
Nasalis_larvatus	Indri_indri	1556	978	121.413057307	0.135464516733852	0.999999999911871	0.322750419695765	0.32275041193916	0.0437212296335878	619.480334382734	621.480334382734	-2	BM	Cercopithecidae	OWM	Indriidae	STR	order
Eulemur_fulvus	Indri_indri	590	978	71.9834962204	0.0909346582919284	0.592881011405896	0.283292513185975	0.283292506281695	0.0434507217934692	619.480334382734	621.480334382734	-2	BM	Lemuridae	STR	Indriidae	STR	superfamily
Cercopithecus_mitis	Propithecus_verreauxi	1354	780	121.4130573128	0.134527046029812	0.999999999959642	0.320641617347815	0.320641609635681	0.0431349696177636	619.480334382734	621.480334382734	-2	BM	Cercopithecidae	OWM	Indriidae	STR	order
Cercopithecus_ascanius	Eulemur_fulvus	1162	590	121.4130573121	0.134058310677791	0.999999999953877	0.31958627319471	0.319586265504879	0.0428431959022701	619.480334382734	621.480334382734	-2	BM	Cercopithecidae	OWM	Lemuridae	STR	order
Aotus_trivirgatus	Indri_indri	409	978	121.4130573041	0.133355207649761	0.999999999887986	0.318002083351146	0.318002075694855	0.0424072338630989	619.480334382734	621.480334382734	-2	BM	Aotidae	PLA	Indriidae	STR	order
Saguinus_midas	Daubentonia_madagascariensis	332	897	121.4130573031	0.13241773694572	0.999999999879749	0.31588764901686	0.315887641405445	0.0418291276169466	619.480334382734	621.480334382734	-2	BM	Callitrichidae	PLA	Daubentoniidae	STR	order
Pygathrix_nemaeus	Propithecus_verreauxi	1345	780	121.4130573118	0.13241773694572	0.999999999951406	0.315887649006153	0.315887641394738	0.0418291276125315	619.480334382734	621.480334382734	-2	BM	Cercopithecidae	OWM	Indriidae	STR	order
Saguinus_oedipus	Daubentonia_madagascariensis	333	897	121.4130573022	0.13218336926971	0.999999999872337	0.31535865245652	0.315358644856351	0.04168516921538	619.480334382734	621.480334382734	-2	BM	Callitrichidae	PLA	Daubentoniidae	STR	order
Hylobates_lar	Daubentonia_madagascariensis	1459	897	121.4130573127	0.13171463391769	0.999999999958818	0.314300195349762	0.314300187772122	0.0413979351724572	619.480334382734	621.480334382734	-2	BM	Hylobatidae	APE	Daubentoniidae	STR	order
Cebus_albifrons	Erythrocebus_patas	1221	1621	78.0653383482	0.0937470704040499	0.642973170043214	0.280567858867044	0.280567852023114	0.0409074842369465	619.480334382734	621.480334382734	-2	BM	Cebidae	PLA	Cercopithecidae	OWM	order
Callimico_goeldii	Cebuella_pygmaea	340	192	20.8919895174	0.0346864160494985	0.172073663071775	0.202759887463684	0.202759882412036	0.0408721107528305	619.480334382734	621.480334382734	-2	BM	Callitrichidae	PLA	Callitrichidae	PLA	family
Callimico_goeldii	Daubentonia_madagascariensis	340	897	121.4130573053	0.130542795537639	0.99999999989787	0.311651356839009	0.311651349317883	0.0406838393590177	619.480334382734	621.480334382734	-2	BM	Callitrichidae	PLA	Daubentoniidae	STR	order
Piliocolobus_badius	Propithecus_verreauxi	1333	780	121.413057313	0.129605324833599	0.999999999961289	0.309529528401462	0.309529520925747	0.0401166750756151	619.480334382734	621.480334382734	-2	BM	Cercopithecidae	OWM	Indriidae	STR	order
Alouatta_seniculus	Macaca_mulatta	986	1380	78.0653383571	0.0923408643479891	0.642973170116517	0.276533380924032	0.276533374169798	0.0397144587090148	619.480334382734	621.480334382734	-2	BM	Atelidae	PLA	Cercopithecidae	OWM	order
Plecturocebus_moloch	Varecia_variegata	469	1018	121.4130573092	0.128667854129558	0.999999999929991	0.307405264788045	0.307405257357917	0.0395531757711756	619.480334382734	621.480334382734	-2	BM	Pitheciidae	PLA	Lemuridae	STR	order
Cebuella_pygmaea	Plecturocebus_moloch	192	469	49.0936032069	0.0649198462548045	0.404351923026182	0.246240022060954	0.246240015992262	0.0395345328256093	619.480334382734	621.480334382734	-2	BM	Callitrichidae	PLA	Pitheciidae	PLA	superfamily
Cebus_albifrons	Ateles_geoffroyi	1221	1482	46.5475501452	0.0611699634386425	0.383381748005897	0.238523323103417	0.238523317212548	0.038057270669221	619.480334382734	621.480334382734	-2	BM	Cebidae	PLA	Atelidae	PLA	superfamily
Nasalis_larvatus	Varecia_variegata	1556	1018	121.413057314	0.126089809693447	0.999999999969526	0.301551104824119	0.301551097520256	0.0380225214212805	619.480334382734	621.480334382734	-2	BM	Cercopithecidae	OWM	Lemuridae	STR	order
Callithrix_jacchus	Saimiri_sciureus	295	526	41.3912937953	0.0541389331583388	0.340913034476942	0.224275245126071	0.224275239566676	0.0356161873469571	619.480334382734	621.480334382734	-2	BM	Callitrichidae	PLA	Cebidae	PLA	superfamily
Eulemur_fulvus	Cheirogaleus_major	590	241	71.9834962244	0.0817943189275335	0.592881011438841	0.25587020183905	0.255870195550203	0.035300049233293	619.480334382734	621.480334382734	-2	BM	Lemuridae	STR	Cheirogaleidae	STR	superfamily
Alouatta_seniculus	Cercopithecus_mitis	986	1354	78.0653383562	0.0862473047717259	0.642973170109105	0.258963000878561	0.258962994519438	0.0347368473517861	619.480334382734	621.480334382734	-2	BM	Atelidae	PLA	Cercopithecidae	OWM	order
Plecturocebus_moloch	Indri_indri	469	978	121.4130573022	0.119293147089153	0.999999999872337	0.286031988159409	0.286031981194634	0.0341216560400594	619.480334382734	621.480334382734	-2	BM	Pitheciidae	PLA	Indriidae	STR	order
Propithecus_verreauxi	Nycticebus_coucang	780	345	99.3606340164	0.101949939064404	0.818368602286361	0.270856728771829	0.270856722144463	0.0337425298530811	619.480334382734	621.480334382734	-2	BM	Indriidae	STR	Lorisidae	STR	superfamily
Ateles_geoffroyi	Indri_indri	1482	978	121.413057301	0.118121308709103	0.999999999862453	0.283344062718622	0.283344055813201	0.0334689715078813	619.480334382734	621.480334382734	-2	BM	Atelidae	PLA	Indriidae	STR	order
Alouatta_seniculus	Pygathrix_nemaeus	986	1345	78.0653383552	0.0841379956876348	0.642973170100869	0.252848800873272	0.252848794653282	0.0330872146876074	619.480334382734	621.480334382734	-2	BM	Atelidae	PLA	Cercopithecidae	OWM	order
Aotus_trivirgatus	Cebuella_pygmaea	409	192	40.5102348762	0.0508577856941971	0.333656328002658	0.213242157527335	0.213242152227276	0.032503576399747	619.480334382734	621.480334382734	-2	BM	Aotidae	PLA	Callitrichidae	PLA	superfamily
Cercopithecus_ascanius	Hylobates_lar	1162	1459	62.1515760364	0.069607199775007	0.511901910795054	0.23500018246906	0.235000176659782	0.0319547638001218	619.480334382734	621.480334382734	-2	BM	Cercopithecidae	OWM	Hylobatidae	APE	order
Saimiri_sciureus	Varecia_variegata	526	1018	121.413057302	0.115308896596981	0.999999999870689	0.276878759425759	0.276878752663832	0.0319265842446538	619.480334382734	621.480334382734	-2	BM	Cebidae	PLA	Lemuridae	STR	order
Eulemur_fulvus	Lepilemur_ruficaudatus	590	260	71.9834962214	0.0773413330833411	0.592881011414132	0.242389620958029	0.242389614977911	0.0316197281571646	619.480334382734	621.480334382734	-2	BM	Lemuridae	STR	Lepilemuridae	STR	superfamily
Aotus_trivirgatus	Daubentonia_madagascariensis	409	897	121.4130573061	0.114371425892941	0.999999999904458	0.274719232145457	0.274719225431684	0.0314200303036916	619.480334382734	621.480334382734	-2	BM	Aotidae	PLA	Daubentoniidae	STR	order
Callithrix_jacchus	Propithecus_verreauxi	295	780	121.4130573053	0.11366832286491	0.99999999989787	0.273098150617927	0.273098143940377	0.0310426087614189	619.480334382734	621.480334382734	-2	BM	Callitrichidae	PLA	Indriidae	STR	order
Alouatta_seniculus	Piliocolobus_badius	986	1333	78.0653383564	0.0813255835755133	0.642973170110752	0.244671780895718	0.244671774863064	0.0309469761582384	619.480334382734	621.480334382734	-2	BM	Atelidae	PLA	Cercopithecidae	OWM	order
Cebus_albifrons	Alouatta_seniculus	1221	986	46.5475501486	0.0550764038623793	0.383381748033901	0.215380688377069	0.215380683026569	0.0309414671878531	619.480334382734	621.480334382734	-2	BM	Cebidae	PLA	Atelidae	PLA	superfamily
Macaca_mulatta	Daubentonia_madagascariensis	1380	897	121.4130573107	0.11319958751289	0.999999999942346	0.272016749435267	0.272016742781914	0.0307921838344448	619.480334382734	621.480334382734	-2	BM	Cercopithecidae	OWM	Daubentoniidae	STR	order
Hylobates_lar	Indri_indri	1459	978	121.4130573107	0.11273085216087	0.999999999942346	0.270934806430619	0.270934799801503	0.030542711610725	619.480334382734	621.480334382734	-2	BM	Hylobatidae	APE	Indriidae	STR	order
Cercopithecus_mitis	Nasalis_larvatus	1354	1556	38.5936741528	0.0473422705540452	0.317870869949452	0.20359337441993	0.20359336934846	0.0303222897283166	619.480334382734	621.480334382734	-2	BM	Cercopithecidae	OWM	Cercopithecidae	OWM	family
Cebus_albifrons	Nasalis_larvatus	1221	1556	78.0653383472	0.0785131714633918	0.642973170034978	0.236467254975383	0.2364672491321	0.0288749126722502	619.480334382734	621.480334382734	-2	BM	Cebidae	PLA	Cercopithecidae	OWM	order
Ateles_geoffroyi	Varecia_variegata	1482	1018	121.413057308	0.108746601668698	0.999999999920107	0.261716694368982	0.261716687947467	0.0284608011148658	619.480334382734	621.480334382734	-2	BM	Atelidae	PLA	Lemuridae	STR	order
Propithecus_verreauxi	Otolemur_crassicaudatus	780	384	99.360634018	0.0928095997000094	0.818368602299539	0.247406071906412	0.247406065810957	0.028057843901227	619.480334382734	621.480334382734	-2	BM	Indriidae	STR	Galagidae	STR	superfamily
Cercopithecus_mitis	Daubentonia_madagascariensis	1354	897	121.4130573098	0.107106027936627	0.999999999934933	0.257909949475352	0.257909943140133	0.0276237102554385	619.480334382734	621.480334382734	-2	BM	Cercopithecidae	OWM	Daubentoniidae	STR	order
Propithecus_verreauxi	Perodicticus_potto	780	391	99.360634017	0.0911690259679385	0.818368602291303	0.243171978016162	0.243171972018022	0.0270901795552256	619.480334382734	621.480334382734	-2	BM	Indriidae	STR	Lorisidae	STR	superfamily
Saimiri_sciureus	Indri_indri	526	978	121.413057295	0.105934189556576	0.999999999813035	0.255186971580074	0.25518696530678	0.0270330250247864	619.480334382734	621.480334382734	-2	BM	Cebidae	PLA	Indriidae	STR	order
Saguinus_midas	Propithecus_verreauxi	332	780	121.4130573061	0.104996718852536	0.999999999904458	0.25300628878319	0.253006282559605	0.0265648301738301	619.480334382734	621.480334382734	-2	BM	Callitrichidae	PLA	Indriidae	STR	order
Pygathrix_nemaeus	Daubentonia_madagascariensis	1345	897	121.4130573088	0.104996718852536	0.999999999926697	0.253006288780473	0.253006282556888	0.0265648301729541	619.480334382734	621.480334382734	-2	BM	Cercopithecidae	OWM	Daubentoniidae	STR	order
Nycticebus_coucang	Loris_tardigradus	345	220	22.2897034071	0.0292959595012656	0.183585718863621	0.166394830500975	0.166394826324892	0.0265526983566611	619.480334382734	621.480334382734	-2	BM	Lorisidae	STR	Lorisidae	STR	family
Eulemur_fulvus	Galago_senegalensis	590	205	99.3606340174	0.090231555263898	0.818368602294598	0.240749205329	0.240749199386711	0.0265444876116633	619.480334382734	621.480334382734	-2	BM	Lemuridae	STR	Galagidae	STR	superfamily
Saguinus_oedipus	Propithecus_verreauxi	333	780	121.4130573052	0.104762351176526	0.999999999897046	0.252460800686557	0.252460794475424	0.026448387062555	619.480334382734	621.480334382734	-2	BM	Callitrichidae	PLA	Indriidae	STR	order
Ateles_geoffroyi	Cercopithecus_ascanius	1482	1162	78.0653383527	0.0749976563232399	0.642973170080277	0.226174233550083	0.226174227946281	0.0263814078507249	619.480334382734	621.480334382734	-2	BM	Atelidae	PLA	Cercopithecidae	OWM	order
Cebuella_pygmaea	Saguinus_oedipus	192	333	26.3249190823	0.0330458423174276	0.216821153044651	0.172612393588873	0.172612389261687	0.0263079587045503	619.480334382734	621.480334382734	-2	BM	Callitrichidae	PLA	Callitrichidae	PLA	family
Cebuella_pygmaea	Saguinus_midas	192	332	26.3249190832	0.0328114746414175	0.216821153052064	0.171407269247899	0.171407264949958	0.0259390063613008	619.480334382734	621.480334382734	-2	BM	Callitrichidae	PLA	Callitrichidae	PLA	family
Cebus_albifrons	Propithecus_verreauxi	1221	780	121.4130573012	0.103356145120465	0.9999999998641	0.2491852254617	0.249185219325467	0.0257548243281954	619.480334382734	621.480334382734	-2	BM	Cebidae	PLA	Indriidae	STR	order
Hylobates_lar	Varecia_variegata	1459	1018	121.4130573177	0.103356145120465	1	0.24918522544533	0.249185219309096	0.0257548243230033	619.480334382734	621.480334382734	-2	BM	Hylobatidae	APE	Lemuridae	STR	order
Saimiri_sciureus	Microcebus_murinus	526	85.2	121.413057299	0.103309271585263	0.99999999984598	0.249075961862039	0.249075955728308	0.0257318561933292	619.480334382734	621.480334382734	-2	BM	Cebidae	PLA	Cheirogaleidae	STR	order
Callimico_goeldii	Propithecus_verreauxi	340	780	121.4130573083	0.103121777444455	0.999999999922578	0.24863885751467	0.248638851390953	0.0256400809306565	619.480334382734	621.480334382734	-2	BM	Callitrichidae	PLA	Indriidae	STR	order
Saguinus_midas	Saimiri_sciureus	332	526	41.3912937961	0.0454673291459642	0.340913034483531	0.189097790262777	0.189097785537676	0.0252198379087425	619.480334382734	621.480334382734	-2	BM	Callitrichidae	PLA	Cebidae	PLA	superfamily
Piliocolobus_badius	Daubentonia_madagascariensis	1333	897	121.41305731	0.102184306740414	0.99999999993658	0.246452141563544	0.246452135489981	0.0251835412319583	619.480334382734	621.480334382734	-2	BM	Cercopithecidae	OWM	Daubentoniidae	STR	order
Saguinus_oedipus	Saimiri_sciureus	333	526	41.3912937952	0.0452329614699541	0.340913034476118	0.188141376900284	0.188141372198155	0.0249629400803412	619.480334382734	621.480334382734	-2	BM	Callitrichidae	PLA	Cebidae	PLA	superfamily
Cercopithecus_ascanius	Pygathrix_nemaeus	1162	1345	38.5936741525	0.0428892847098528	0.317870869946981	0.184807736056667	0.184807731434722	0.0249355079615813	619.480334382734	621.480334382734	-2	BM	Cercopithecidae	OWM	Cercopithecidae	OWM	family
Eulemur_fulvus	Loris_tardigradus	590	220	99.3606340161	0.0867160401237461	0.81836860228389	0.231642924195536	0.231642918464238	0.0245453662968777	619.480334382734	621.480334382734	-2	BM	Lemuridae	STR	Lorisidae	STR	superfamily
Plecturocebus_moloch	Daubentonia_madagascariensis	469	897	121.4130573042	0.100309365332333	0.99999999988881	0.242072790726208	0.242072784753392	0.0242821680046726	619.480334382734	621.480334382734	-2	BM	Pitheciidae	PLA	Daubentoniidae	STR	order
Callimico_goeldii	Saimiri_sciureus	340	526	41.3912937983	0.0435923877378832	0.340913034501651	0.181438697662829	0.181438693122091	0.0232004800600732	619.480334382734	621.480334382734	-2	BM	Callitrichidae	PLA	Cebidae	PLA	superfamily
Macaca_mulatta	Nasalis_larvatus	1380	1556	38.5936741537	0.0412487109777819	0.317870869956865	0.177859219092618	0.177859214638348	0.023080012094474	619.480334382734	621.480334382734	-2	BM	Cercopithecidae	OWM	Cercopithecidae	OWM	family
Indri_indri	Propithecus_verreauxi	978	780	45.340161085	0.0464047998500047	0.373437273442172	0.184486531184801	0.18448652657059	0.0229250296194068	619.480334382734	621.480334382734	-2	BM	Indriidae	STR	Indriidae	STR	family
Perodicticus_potto	Galago_senegalensis	391	205	43.154528579	0.0435923877378832	0.355435646975581	0.17775662398762	0.177756619535831	0.0218009525543672	619.480334382734	621.480334382734	-2	BM	Lorisidae	STR	Galagidae	STR	superfamily
Cercopithecus_ascanius	Piliocolobus_badius	1162	1333	38.5936741537	0.0400768725977313	0.317870869956865	0.172887403340429	0.172887399006571	0.0217974878867233	619.480334382734	621.480334382734	-2	BM	Cercopithecidae	OWM	Cercopithecidae	OWM	family
Macaca_mulatta	Indri_indri	1380	978	121.4130573087	0.0942158057560701	0.999999999925873	0.227786837939842	0.227786832298385	0.0214611204787205	619.480334382734	621.480334382734	-2	BM	Cercopithecidae	OWM	Indriidae	STR	order
Cebuella_pygmaea	Eulemur_fulvus	192	590	121.4130573051	0.0932783350520296	0.999999999896222	0.225581993054446	0.225581987464486	0.0210419127320209	619.480334382734	621.480334382734	-2	BM	Callitrichidae	PLA	Lemuridae	STR	order
Alouatta_seniculus	Eulemur_fulvus	986	590	121.4130573088	0.0928095997000094	0.999999999926697	0.224478886714983	0.224478881150823	0.0208337956186485	619.480334382734	621.480334382734	-2	BM	Atelidae	PLA	Lemuridae	STR	order
Loris_tardigradus	Perodicticus_potto	220	391	39.9170348617	0.0400768725977313	0.328770527186789	0.170041932157743	0.170041927892959	0.0207279798151924	619.480334382734	621.480334382734	-2	BM	Lorisidae	STR	Lorisidae	STR	family
Carlito_syrichta	Eulemur_fulvus	197	590	121.4130573054	0.092106496671979	0.999999999898693	0.222823378257342	0.222823372731945	0.0205234807499782	619.480334382734	621.480334382734	-2	BM	Tarsiidae	TAR	Lemuridae	STR	order
Avahi_laniger	Microcebus_murinus	343	85.2	69.529333386	0.0604199868754101	0.572667676130282	0.193788244427459	0.193788239589906	0.0204458600912061	619.480334382734	621.480334382734	-2	BM	Indriidae	STR	Cheirogaleidae	STR	superfamily
Plecturocebus_moloch	Microcebus_murinus	469	85.2	121.4130573062	0.0899503140526859	0.999999999905282	0.217740203144518	0.217740197738461	0.0195857996566001	619.480334382734	621.480334382734	-2	BM	Pitheciidae	PLA	Cheirogaleidae	STR	order
Cercopithecus_ascanius	Propithecus_verreauxi	1162	780	121.4130573127	0.0895284522358676	0.999999999958818	0.21674457279538	0.216744567412754	0.0194048061336939	619.480334382734	621.480334382734	-2	BM	Cercopithecidae	OWM	Indriidae	STR	order
Saimiri_sciureus	Cheirogaleus_medius	526	145	121.413057299	0.0892940845598575	0.99999999984598	0.21619129131931	0.216191285949713	0.0193046034511446	619.480334382734	621.480334382734	-2	BM	Cebidae	PLA	Cheirogaleidae	STR	order
Daubentonia_madagascariensis	Eulemur_fulvus	897	590	92.4969438824	0.0719508765351083	0.761836872622064	0.199948510369341	0.199948505384639	0.018883925286326	619.480334382734	621.480334382734	-2	BM	Daubentoniidae	STR	Lemuridae	STR	superfamily
Cercopithecus_mitis	Indri_indri	1354	978	121.4130573078	0.0881222461798069	0.99999999991846	0.213423249371238	0.213423244066904	0.0188073361231201	619.480334382734	621.480334382734	-2	BM	Cercopithecidae	OWM	Indriidae	STR	order
Saimiri_sciureus	Daubentonia_madagascariensis	526	897	121.413057297	0.0869504077997563	0.999999999829508	0.21065250764746	0.210652502408592	0.0183163214471107	619.480334382734	621.480334382734	-2	BM	Cebidae	PLA	Daubentoniidae	STR	order
Aotus_trivirgatus	Propithecus_verreauxi	409	780	121.4130573091	0.0869504077997563	0.999999999929167	0.21065250763721	0.210652502398342	0.0183163214443941	619.480334382734	621.480334382734	-2	BM	Aotidae	PLA	Indriidae	STR	order
Pygathrix_nemaeus	Indri_indri	1345	978	121.4130573068	0.0860129370957158	0.999999999910224	0.208433992790227	0.208433987603875	0.0179280199120842	619.480334382734	621.480334382734	-2	BM	Cercopithecidae	OWM	Indriidae	STR	order
Eulemur_fulvus	Avahi_laniger	590	343	71.9834962224	0.0578888159745008	0.592881011422369	0.182683346285978	0.182683341715219	0.0178371754382619	619.480334382734	621.480334382734	-2	BM	Lemuridae	STR	Indriidae	STR	superfamily
Macaca_mulatta	Varecia_variegata	1380	1018	121.4130573157	0.0848410987156651	0.999999999983527	0.205658475459346	0.205658470338816	0.017448291018447	619.480334382734	621.480334382734	-2	BM	Cercopithecidae	OWM	Lemuridae	STR	order
Cheirogaleus_major	Cheirogaleus_medius	241	145	21.154435	0.022499296896972	0.174235254982876	0.13153941647571	0.131539413155929	0.0169859101433421	619.480334382734	621.480334382734	-2	BM	Cheirogaleidae	STR	Cheirogaleidae	STR	family
Loris_tardigradus	Otolemur_crassicaudatus	220	384	43.1545285787	0.0384362988656604	0.35543564697311	0.157023610377362	0.157023606430019	0.0169803070368063	619.480334382734	621.480334382734	-2	BM	Lorisidae	STR	Galagidae	STR	superfamily
Microcebus_murinus	Perodicticus_potto	85.2	391	99.360634016	0.0716696353238961	0.818368602283067	0.192320408140645	0.192320403338245	0.0168426959176219	619.480334382734	621.480334382734	-2	BM	Cheirogaleidae	STR	Lorisidae	STR	superfamily
Piliocolobus_badius	Indri_indri	1333	978	121.413057308	0.0832005249835943	0.999999999920107	0.201768380251953	0.2017683752239	0.0167872351633931	619.480334382734	621.480334382734	-2	BM	Cercopithecidae	OWM	Indriidae	STR	order
Varecia_variegata	Propithecus_verreauxi	1018	780	71.983496228	0.0557795068904097	0.592881011468492	0.176138140632652	0.176138136220024	0.0165714509978113	619.480334382734	621.480334382734	-2	BM	Lemuridae	STR	Indriidae	STR	superfamily
Microcebus_murinus	Otolemur_crassicaudatus	85.2	384	99.360634017	0.0700290615918253	0.818368602291303	0.188001405189284	0.188001400490519	0.0160875697656149	619.480334382734	621.480334382734	-2	BM	Cheirogaleidae	STR	Galagidae	STR	superfamily
Callithrix_jacchus	Plecturocebus_moloch	295	469	49.0936032065	0.0407799756257617	0.404351923022887	0.156207104794717	0.156207100867359	0.015753905356693	619.480334382734	621.480334382734	-2	BM	Callitrichidae	PLA	Pitheciidae	PLA	superfamily
Saimiri_sciureus	Carlito_syrichta	526	197	115.74549454	0.077106965407331	0.953319989604827	0.191719373425063	0.191719368637067	0.015506754558592	619.480334382734	621.480334382734	-2	BM	Cebidae	PLA	Tarsiidae	TAR	order
Cercopithecus_mitis	Varecia_variegata	1354	1018	121.4130573148	0.0787475391394019	0.999999999976115	0.191184532844012	0.191184528068839	0.0150553114833417	619.480334382734	621.480334382734	-2	BM	Cercopithecidae	OWM	Lemuridae	STR	order
Cebus_albifrons	Hylobates_lar	1221	1459	78.0653383509	0.0557795068904097	0.642973170065452	0.169245977824456	0.169245973579016	0.0146825056250362	619.480334382734	621.480334382734	-2	BM	Cebidae	PLA	Hylobatidae	APE	order
Pygathrix_nemaeus	Varecia_variegata	1345	1018	121.4130573138	0.0766382300553108	0.999999999967878	0.186158767896643	0.186158763242181	0.0142668784813344	619.480334382734	621.480334382734	-2	BM	Cercopithecidae	OWM	Lemuridae	STR	order
Cebus_albifrons	Daubentonia_madagascariensis	1221	897	121.4130572982	0.0759351270272804	0.999999999839391	0.184481797384213	0.184481792770117	0.0140086487208411	619.480334382734	621.480334382734	-2	BM	Cebidae	PLA	Daubentoniidae	STR	order
Plecturocebus_moloch	Cheirogaleus_medius	469	145	121.4130573062	0.0759351270272804	0.999999999905282	0.184481797378245	0.184481792764148	0.0140086487194649	619.480334382734	621.480334382734	-2	BM	Pitheciidae	PLA	Cheirogaleidae	STR	order
Aotus_trivirgatus	Microcebus_murinus	409	85.2	121.4130573081	0.0758882534920784	0.999999999920931	0.184369969199443	0.18436996458804	0.0139915149600403	619.480334382734	621.480334382734	-2	BM	Aotidae	PLA	Cheirogaleidae	STR	order
Saimiri_sciureus	Galago_senegalensis	526	205	121.413057302	0.07523202399925	0.999999999870689	0.182803981403959	0.182803976830292	0.0137527135179195	619.480334382734	621.480334382734	-2	BM	Cebidae	PLA	Galagidae	STR	order
Piliocolobus_badius	Varecia_variegata	1333	1018	121.413057315	0.0738258179431893	0.999999999977762	0.179445842723115	0.179445838230494	0.0132477361158335	619.480334382734	621.480334382734	-2	BM	Cercopithecidae	OWM	Lemuridae	STR	order
Plecturocebus_moloch	Propithecus_verreauxi	469	780	121.4130573072	0.0728883472391488	0.999999999913519	0.177205250624404	0.177205246185951	0.0129161978412289	619.480334382734	621.480334382734	-2	BM	Pitheciidae	PLA	Indriidae	STR	order
Saimiri_sciureus	Loris_tardigradus	526	220	121.4130573007	0.0717165088590982	0.999999999859982	0.174402479397644	0.174402475027055	0.0125075369605211	619.480334382734	621.480334382734	-2	BM	Cebidae	PLA	Lorisidae	STR	order
Cheirogaleus_major	Microcebus_murinus	241	85.2	49.55786972	0.0365144839223774	0.408175782859356	0.139396131018451	0.139396127504386	0.0124700631410773	619.480334382734	621.480334382734	-2	BM	Cheirogaleidae	STR	Cheirogaleidae	STR	family
Nycticebus_coucang	Galago_senegalensis	345	205	43.1545285784	0.0328114746414175	0.355435646970639	0.134281480163501	0.134281476775837	0.0123959805909976	619.480334382734	621.480334382734	-2	BM	Lorisidae	STR	Galagidae	STR	superfamily
Microcebus_murinus	Nycticebus_coucang	85.2	345	99.3606340154	0.0608887222274304	0.818368602278125	0.163837086010077	0.163837081896308	0.0121898992615908	619.480334382734	621.480334382734	-2	BM	Cheirogaleidae	STR	Lorisidae	STR	superfamily
Avahi_laniger	Cheirogaleus_medius	343	145	69.529333386	0.0464047998500047	0.572667676130282	0.149446174375455	0.1494461706139	0.0121100248875653	619.480334382734	621.480334382734	-2	BM	Indriidae	STR	Cheirogaleidae	STR	superfamily
Callithrix_jacchus	Eulemur_fulvus	295	590	121.4130573047	0.0691384644229868	0.999999999892928	0.168228601076746	0.168228596856041	0.0116310671517188	619.480334382734	621.480334382734	-2	BM	Callitrichidae	PLA	Lemuridae	STR	order
Microcebus_murinus	Lepilemur_ruficaudatus	85.2	260	61.947397719	0.0409674697665698	0.510220227441461	0.139879436621243	0.13987943309525	0.0112314374902023	619.480334382734	621.480334382734	-2	BM	Cheirogaleidae	STR	Lepilemuridae	STR	superfamily
Cheirogaleus_medius	Perodicticus_potto	145	391	99.360634016	0.0576544482984907	0.818368602283067	0.155248202596534	0.155248198692656	0.0109373080114081	619.480334382734	621.480334382734	-2	BM	Cheirogaleidae	STR	Lorisidae	STR	superfamily
Saimiri_sciureus	Cheirogaleus_major	526	241	121.413057299	0.0667947876628855	0.99999999984598	0.162606952147944	0.162606948064177	0.0108612968429038	619.480334382734	621.480334382734	-2	BM	Cebidae	PLA	Cheirogaleidae	STR	order
Eulemur_fulvus	Nycticebus_coucang	590	345	99.3606340158	0.0574200806224805	0.818368602281419	0.154625089086656	0.154625085198043	0.0108491272231885	619.480334382734	621.480334382734	-2	BM	Lemuridae	STR	Lorisidae	STR	superfamily
Plecturocebus_moloch	Carlito_syrichta	469	197	115.7454945472	0.0637480078747539	0.953319989664128	0.158993316513669	0.158993312518151	0.0106317997136696	619.480334382734	621.480334382734	-2	BM	Pitheciidae	PLA	Tarsiidae	TAR	order
Eulemur_fulvus	Propithecus_verreauxi	590	780	71.9834962254	0.0445298584419237	0.592881011447078	0.141033933340941	0.141033929786464	0.0105927175367808	619.480334382734	621.480334382734	-2	BM	Lemuridae	STR	Indriidae	STR	superfamily
Cheirogaleus_medius	Otolemur_crassicaudatus	145	384	99.360634017	0.0560138745664198	0.818368602291303	0.150884389786961	0.150884385990087	0.010327399242706	619.480334382734	621.480334382734	-2	BM	Cheirogaleidae	STR	Galagidae	STR	superfamily
Saguinus_midas	Plecturocebus_moloch	332	469	49.0936032073	0.0321083716133871	0.404351923029476	0.123292244962423	0.123292241847293	0.00979026682658725	619.480334382734	621.480334382734	-2	BM	Callitrichidae	PLA	Pitheciidae	PLA	superfamily
Saguinus_oedipus	Plecturocebus_moloch	333	469	49.0936032064	0.031874003937377	0.404351923022063	0.122399420635013	0.12239941754208	0.00964842601982679	619.480334382734	621.480334382734	-2	BM	Callitrichidae	PLA	Pitheciidae	PLA	superfamily
Erythrocebus_patas	Hylobates_lar	1621	1459	62.1515760367	0.0379675635136402	0.511901910797525	0.129519499907204	0.129519496637481	0.00960641039866474	619.480334382734	621.480334382734	-2	BM	Cercopithecidae	OWM	Hylobatidae	APE	order
Saimiri_sciureus	Lepilemur_ruficaudatus	526	260	121.413057296	0.0623418018186932	0.999999999821271	0.151903145226956	0.151903141405081	0.0094699157770676	619.480334382734	621.480334382734	-2	BM	Cebidae	PLA	Lepilemuridae	STR	order
Cercopithecus_ascanius	Daubentonia_madagascariensis	1162	897	121.4130573097	0.062107434142683	0.999999999934109	0.151338991983178	0.151338988175146	0.00939927647843458	619.480334382734	621.480334382734	-2	BM	Cercopithecidae	OWM	Daubentoniidae	STR	order
Aotus_trivirgatus	Cheirogaleus_medius	409	145	121.4130573081	0.0618730664666729	0.999999999920931	0.150774761220342	0.15077475742616	0.00932889682322059	619.480334382734	621.480334382734	-2	BM	Aotidae	PLA	Cheirogaleidae	STR	order
Plecturocebus_moloch	Galago_senegalensis	469	205	121.4130573092	0.0618730664666729	0.999999999929991	0.150774761219667	0.150774757425485	0.00932889682309432	619.480334382734	621.480334382734	-2	BM	Pitheciidae	PLA	Galagidae	STR	order
Aotus_trivirgatus	Saimiri_sciureus	409	526	41.3912937991	0.0274210180931846	0.34091303450824	0.114734334232125	0.114734331330075	0.00922854785950559	619.480334382734	621.480334382734	-2	BM	Aotidae	PLA	Cebidae	PLA	superfamily
Aotus_trivirgatus	Callithrix_jacchus	409	295	40.5102348758	0.0267179150651542	0.333656327999363	0.113013302152797	0.113013299293683	0.0090496704386101	619.480334382734	621.480334382734	-2	BM	Aotidae	PLA	Callitrichidae	PLA	superfamily
Saguinus_midas	Eulemur_fulvus	332	590	121.4130573055	0.0604668604106122	0.999999999899517	0.147387764338769	0.147387760627806	0.00891207537340009	619.480334382734	621.480334382734	-2	BM	Callitrichidae	PLA	Lemuridae	STR	order
Saguinus_oedipus	Eulemur_fulvus	333	590	121.4130573046	0.060232492734602	0.999999999892104	0.14682299877762	0.146822995080547	0.00884351520809967	619.480334382734	621.480334382734	-2	BM	Callitrichidae	PLA	Lemuridae	STR	order
Callimico_goeldii	Microcebus_murinus	340	85.2	121.4130573073	0.0597168838473798	0.999999999914342	0.145580249990092	0.145580246323597	0.00869359887987549	619.480334382734	621.480334382734	-2	BM	Callitrichidae	PLA	Cheirogaleidae	STR	order
Callimico_goeldii	Plecturocebus_moloch	340	469	49.0936032095	0.0302334302053061	0.404351923047596	0.116145352556552	0.116145349619322	0.0086841986152143	619.480334382734	621.480334382734	-2	BM	Callitrichidae	PLA	Pitheciidae	PLA	superfamily
Saimiri_sciureus	Propithecus_verreauxi	526	780	121.4130573	0.0595293897065717	0.999999999854217	0.145128251610159	0.14512824795479	0.008639396248794	619.480334382734	621.480334382734	-2	BM	Cebidae	PLA	Indriidae	STR	order
Callimico_goeldii	Eulemur_fulvus	340	590	121.4130573077	0.0585919190025312	0.999999999917637	0.142867548149401	0.142867544549716	0.0083708838099494	619.480334382734	621.480334382734	-2	BM	Callitrichidae	PLA	Lemuridae	STR	order
Plecturocebus_moloch	Loris_tardigradus	469	220	121.4130573079	0.058357551326521	0.999999999919284	0.142302188359557	0.142302184773807	0.00830440726173941	619.480334382734	621.480334382734	-2	BM	Pitheciidae	PLA	Lorisidae	STR	order
Saguinus_oedipus	Microcebus_murinus	333	85.2	121.4130573042	0.0580763101153089	0.999999999888809	0.141623660274986	0.141623656705965	0.0082249796147098	619.480334382734	621.480334382734	-2	BM	Callitrichidae	PLA	Cheirogaleidae	STR	order
Saguinus_midas	Microcebus_murinus	332	85.2	121.4130573051	0.0578419424392988	0.999999999896222	0.141058140252701	0.141058136697627	0.00815907682993802	619.480334382734	621.480334382734	-2	BM	Callitrichidae	PLA	Cheirogaleidae	STR	order
Alouatta_seniculus	Cercopithecus_ascanius	986	1162	78.0653383561	0.0412487109777819	0.642973170108281	0.125587205485269	0.12558720231312	0.00805680638384459	619.480334382734	621.480334382734	-2	BM	Atelidae	PLA	Cercopithecidae	OWM	order
Cebus_albifrons	Indri_indri	1221	978	121.4130572962	0.0569513452704603	0.999999999822919	0.138908506501512	0.138908502999486	0.0079110263161725	619.480334382734	621.480334382734	-2	BM	Cebidae	PLA	Indriidae	STR	order
Eulemur_fulvus	Otolemur_crassicaudatus	590	384	99.3606340174	0.0482797412580857	0.818368602294598	0.130251974683825	0.130251971395945	0.00768422886515635	619.480334382734	621.480334382734	-2	BM	Lemuridae	STR	Galagidae	STR	superfamily
Cheirogaleus_medius	Nycticebus_coucang	145	345	99.3606340154	0.0468735352020249	0.818368602278125	0.126490651012586	0.126490647818005	0.00724497978839916	619.480334382734	621.480334382734	-2	BM	Cheirogaleidae	STR	Lorisidae	STR	superfamily
Eulemur_fulvus	Perodicticus_potto	590	391	99.3606340164	0.0466391675260148	0.818368602286361	0.125863483315802	0.125863480136792	0.00717301234110568	619.480334382734	621.480334382734	-2	BM	Lemuridae	STR	Lorisidae	STR	superfamily
Plecturocebus_moloch	Cheirogaleus_major	469	241	121.4130573062	0.0534358301303084	0.999999999905282	0.13041320695757	0.130413203665694	0.00696873797439355	619.480334382734	621.480334382734	-2	BM	Pitheciidae	PLA	Cheirogaleidae	STR	order
Cebus_albifrons	Macaca_mulatta	1221	1380	78.0653383489	0.0372644604856098	0.642973170048979	0.113543243441174	0.113543240568837	0.00658056650839616	619.480334382734	621.480334382734	-2	BM	Cebidae	PLA	Cercopithecidae	OWM	order
Aotus_trivirgatus	Carlito_syrichta	409	197	115.7454945491	0.0496859473141464	0.953319989679778	0.124246525711353	0.124246522572507	0.00647558678858046	619.480334382734	621.480334382734	-2	BM	Aotidae	PLA	Tarsiidae	TAR	order
Callithrix_jacchus	Microcebus_murinus	295	85.2	121.4130573043	0.0491703384269242	0.999999999889633	0.120085421678159	0.120085418642791	0.00590464082470664	619.480334382734	621.480334382734	-2	BM	Callitrichidae	PLA	Cheirogaleidae	STR	order
Plecturocebus_moloch	Lepilemur_ruficaudatus	469	260	121.4130573032	0.0489828442861161	0.999999999880573	0.119630970764354	0.119630967740298	0.00585986521344708	619.480334382734	621.480334382734	-2	BM	Pitheciidae	PLA	Lepilemuridae	STR	order
Piliocolobus_badius	Hylobates_lar	1333	1459	62.1515760367	0.0295303271772757	0.511901910797525	0.10091337540848	0.100913372851973	0.00582143752449163	619.480334382734	621.480334382734	-2	BM	Cercopithecidae	OWM	Hylobatidae	APE	order
Ateles_geoffroyi	Piliocolobus_badius	1482	1333	78.065338353	0.0349207837255086	0.642973170082748	0.106446105643091	0.106446102948059	0.00578123879275807	619.480334382734	621.480334382734	-2	BM	Atelidae	PLA	Cercopithecidae	OWM	order
Alouatta_seniculus	Propithecus_verreauxi	986	780	121.4130573094	0.0482797412580857	0.999999999931638	0.117926430102216	0.117926427120605	0.00569345753321392	619.480334382734	621.480334382734	-2	BM	Atelidae	PLA	Indriidae	STR	order
Aotus_trivirgatus	Galago_senegalensis	409	205	121.4130573111	0.0478110059060654	0.99999999994564	0.116789765665744	0.116789762712453	0.00558383617631643	619.480334382734	621.480334382734	-2	BM	Aotidae	PLA	Galagidae	STR	order
Cebus_albifrons	Varecia_variegata	1221	1018	121.4130573032	0.0475766382300553	0.999999999880573	0.11622134311751	0.116221340178386	0.00552942079677326	619.480334382734	621.480334382734	-2	BM	Cebidae	PLA	Lemuridae	STR	order
Cebuella_pygmaea	Perodicticus_potto	192	391	121.4130573067	0.0466391675260148	0.9999999999094	0.113947057411084	0.113947054528672	0.00531439590017347	619.480334382734	621.480334382734	-2	BM	Callitrichidae	PLA	Lorisidae	STR	order
Callimico_goeldii	Cheirogaleus_medius	340	145	121.4130573073	0.0457016968219743	0.999999999914342	0.111671832769909	0.111671829944281	0.00510359224524178	619.480334382734	621.480334382734	-2	BM	Callitrichidae	PLA	Cheirogaleidae	STR	order
Carlito_syrichta	Perodicticus_potto	197	391	121.413057307	0.0454673291459642	0.999999999911871	0.111102882068171	0.11110287925675	0.00505155130850396	619.480334382734	621.480334382734	-2	BM	Tarsiidae	TAR	Lorisidae	STR	order
Ateles_geoffroyi	Erythrocebus_patas	1482	1621	78.065338353	0.0325771069654073	0.642973170082748	0.0993404344238728	0.0993404319067937	0.00503321772788754	619.480334382734	621.480334382734	-2	BM	Atelidae	PLA	Cercopithecidae	OWM	order
Cebuella_pygmaea	Otolemur_crassicaudatus	192	384	121.4130573077	0.0449985937939439	0.999999999917637	0.109964809238495	0.1099648064555	0.00494826178295911	619.480334382734	621.480334382734	-2	BM	Callitrichidae	PLA	Galagidae	STR	order
Ateles_geoffroyi	Pygathrix_nemaeus	1482	1345	78.0653383518	0.0321083716133871	0.642973170072865	0.0979183257199931	0.0979183232385787	0.00488978099913862	619.480334382734	621.480334382734	-2	BM	Atelidae	PLA	Cercopithecidae	OWM	order
Cheirogaleus_medius	Lepilemur_ruficaudatus	145	260	61.947397719	0.0269522827411643	0.510220227441461	0.0922956796701658	0.0922956773299147	0.0048755010492869	619.480334382734	621.480334382734	-2	BM	Cheirogaleidae	STR	Lepilemuridae	STR	superfamily
Aotus_trivirgatus	Loris_tardigradus	409	220	121.4130573098	0.0442954907659136	0.999999999934933	0.108257275770753	0.108257273030431	0.00479530915955838	619.480334382734	621.480334382734	-2	BM	Aotidae	PLA	Lorisidae	STR	order
Pygathrix_nemaeus	Hylobates_lar	1345	1459	62.1515760355	0.0267179150651542	0.511901910787641	0.0913468961975164	0.0913468938811094	0.00476770756787264	619.480334382734	621.480334382734	-2	BM	Cercopithecidae	OWM	Hylobatidae	APE	order
Saguinus_oedipus	Cheirogaleus_medius	333	145	121.4130573042	0.0440611230899034	0.999999999888809	0.107687985983162	0.107687983257072	0.00474485360623549	619.480334382734	621.480334382734	-2	BM	Callitrichidae	PLA	Cheirogaleidae	STR	order
Saguinus_midas	Cheirogaleus_medius	332	145	121.4130573051	0.0438267554138933	0.999999999896222	0.107118640691667	0.107118637979814	0.00469466246634962	619.480334382734	621.480334382734	-2	BM	Callitrichidae	PLA	Cheirogaleidae	STR	order
Carlito_syrichta	Otolemur_crassicaudatus	197	384	121.413057308	0.0438267554138933	0.999999999920108	0.107118640690396	0.107118637978543	0.00469466246618176	619.480334382734	621.480334382734	-2	BM	Tarsiidae	TAR	Galagidae	STR	order
Cebus_albifrons	Cercopithecus_mitis	1221	1354	78.065338348	0.0311709009093466	0.642973170041567	0.0950731699709307	0.0950731675609171	0.00460908246001892	619.480334382734	621.480334382734	-2	BM	Cebidae	PLA	Cercopithecidae	OWM	order
Cercopithecus_ascanius	Indri_indri	1162	978	121.4130573077	0.0431236523858629	0.999999999917637	0.105410274710013	0.105410272040896	0.00454567604486733	619.480334382734	621.480334382734	-2	BM	Cercopithecidae	OWM	Indriidae	STR	order
Saimiri_sciureus	Avahi_laniger	526	343	121.413057297	0.0428892847098528	0.999999999829508	0.104840710318758	0.104840707663894	0.00449654307481104	619.480334382734	621.480334382734	-2	BM	Cebidae	PLA	Indriidae	STR	order
Saimiri_sciureus	Nycticebus_coucang	526	345	121.4130573004	0.0424205493578326	0.999999999857511	0.103701419663062	0.103701417036717	0.00439907119192104	619.480334382734	621.480334382734	-2	BM	Cebidae	PLA	Lorisidae	STR	order
Aotus_trivirgatus	Eulemur_fulvus	409	590	121.4130573085	0.0424205493578326	0.999999999924226	0.103701419659622	0.103701417033278	0.00439907119148165	619.480334382734	621.480334382734	-2	BM	Aotidae	PLA	Lemuridae	STR	order
Ateles_geoffroyi	Cercopithecus_mitis	1482	1354	78.0653383528	0.029999062529296	0.642973170081101	0.0915150125287213	0.0915150102080888	0.00426979648757681	619.480334382734	621.480334382734	-2	BM	Atelidae	PLA	Cercopithecidae	OWM	order
Aotus_trivirgatus	Saguinus_midas	409	332	40.5102348766	0.0180463110527796	0.333656328005952	0.0764731295162193	0.0764731275744295	0.00413616576876245	619.480334382734	621.480334382734	-2	BM	Aotidae	PLA	Callitrichidae	PLA	superfamily
Cheirogaleus_major	Perodicticus_potto	241	391	99.360634016	0.0351551514015187	0.818368602283067	0.0950430130115833	0.0950430106023267	0.00408281977431364	619.480334382734	621.480334382734	-2	BM	Cheirogaleidae	STR	Lorisidae	STR	superfamily
Cercopithecus_mitis	Hylobates_lar	1354	1459	62.1515760365	0.0246086059810631	0.511901910795877	0.0841632556397517	0.084163253504088	0.0040459712152706	619.480334382734	621.480334382734	-2	BM	Cercopithecidae	OWM	Hylobatidae	APE	order
Aotus_trivirgatus	Saguinus_oedipus	409	333	40.5102348757	0.0178119433767695	0.33365632799854	0.0754829597321863	0.0754829578153867	0.00402959000575754	619.480334382734	621.480334382734	-2	BM	Aotidae	PLA	Callitrichidae	PLA	superfamily
Cebus_albifrons	Pygathrix_nemaeus	1221	1345	78.065338347	0.0290615918252555	0.64297317003333	0.0886671605311256	0.0886671582820988	0.00400764596060267	619.480334382734	621.480334382734	-2	BM	Cebidae	PLA	Cercopithecidae	OWM	order
Callimico_goeldii	Callithrix_jacchus	340	295	20.891989517	0.0105465454204556	0.17207366306848	0.0622655980816731	0.0622655964989961	0.00381631300566233	619.480334382734	621.480334382734	-2	BM	Callitrichidae	PLA	Callitrichidae	PLA	family
Aotus_trivirgatus	Cheirogaleus_major	409	241	121.4130573081	0.0393737695697009	0.999999999920931	0.0962909209673064	0.096290918526725	0.00379133653412079	619.480334382734	621.480334382734	-2	BM	Aotidae	PLA	Cheirogaleidae	STR	order
Cheirogaleus_major	Otolemur_crassicaudatus	241	384	99.360634017	0.0335145776694478	0.818368602291303	0.0906272643635258	0.0906272620652083	0.00371145041730207	619.480334382734	621.480334382734	-2	BM	Cheirogaleidae	STR	Galagidae	STR	superfamily
Avahi_laniger	Galago_senegalensis	343	205	99.360634015	0.0323427392893972	0.81836860227483	0.0874714349925369	0.0874714327735927	0.00345695791525858	619.480334382734	621.480334382734	-2	BM	Indriidae	STR	Galagidae	STR	superfamily
Nasalis_larvatus	Hylobates_lar	1556	1459	62.1515760357	0.0227336645729821	0.511901910789288	0.0777720034920433	0.0777720015174812	0.00345386997643905	619.480334382734	621.480334382734	-2	BM	Cercopithecidae	OWM	Hylobatidae	APE	order
Aotus_trivirgatus	Callimico_goeldii	409	340	40.5102348788	0.0161713696446986	0.333656328024072	0.0685485818095832	0.0685485800679577	0.00332235405702437	619.480334382734	621.480334382734	-2	BM	Aotidae	PLA	Callitrichidae	PLA	superfamily
Microcebus_murinus	Loris_tardigradus	85.2	220	99.3606340157	0.0315927627261648	0.818368602280596	0.0854509768293496	0.0854509746612596	0.00329879766668152	619.480334382734	621.480334382734	-2	BM	Cheirogaleidae	STR	Lorisidae	STR	superfamily
Cebus_albifrons	Piliocolobus_badius	1221	1333	78.0653383482	0.026249179713134	0.642973170043214	0.0801169133753726	0.0801169113416725	0.00327074807353221	619.480334382734	621.480334382734	-2	BM	Cebidae	PLA	Cercopithecidae	OWM	order
Avahi_laniger	Cheirogaleus_major	343	241	69.529333386	0.0239055029530327	0.572667676130282	0.0773217623988548	0.0773217604356518	0.00322772822075434	619.480334382734	621.480334382734	-2	BM	Indriidae	STR	Cheirogaleidae	STR	superfamily
Erythrocebus_patas	Nasalis_larvatus	1621	1556	38.593674153	0.0152338989406581	0.3178708699511	0.0661642991104805	0.0661642974291486	0.00317091102523359	619.480334382734	621.480334382734	-2	BM	Cercopithecidae	OWM	Cercopithecidae	OWM	family
Cebuella_pygmaea	Nycticebus_coucang	192	345	121.4130573061	0.0358582544295491	0.999999999904458	0.0877299520758339	0.087729949850385	0.00314584294292796	619.480334382734	621.480334382734	-2	BM	Callitrichidae	PLA	Lorisidae	STR	order
Lepilemur_ruficaudatus	Perodicticus_potto	260	391	99.360634013	0.0307021655573263	0.818368602258358	0.083050966449355	0.0830509643417089	0.00311576533433411	619.480334382734	621.480334382734	-2	BM	Lepilemuridae	STR	Lorisidae	STR	superfamily
Cebuella_pygmaea	Avahi_laniger	192	343	121.4130573027	0.0353895190775288	0.999999999876455	0.0865876977853975	0.086587695588693	0.0030642969830342	619.480334382734	621.480334382734	-2	BM	Callitrichidae	PLA	Indriidae	STR	order
Callithrix_jacchus	Cheirogaleus_medius	295	145	121.4130573043	0.0351551514015187	0.999999999889633	0.0860165034079413	0.0860165012256144	0.00302392320066917	619.480334382734	621.480334382734	-2	BM	Callitrichidae	PLA	Cheirogaleidae	STR	order
Aotus_trivirgatus	Lepilemur_ruficaudatus	409	260	121.4130573051	0.0349207837255086	0.999999999896222	0.0854452646003256	0.0854452624323795	0.00298381560578648	619.480334382734	621.480334382734	-2	BM	Aotidae	PLA	Lepilemuridae	STR	order
Daubentonia_madagascariensis	Varecia_variegata	897	1018	92.496943885	0.0283584887972251	0.761836872643479	0.0795184504580234	0.0795184484394131	0.00295998154914963	619.480334382734	621.480334382734	-2	BM	Daubentoniidae	STR	Lemuridae	STR	superfamily
Callimico_goeldii	Carlito_syrichta	340	197	115.7454945483	0.0335145776694478	0.953319989673189	0.0839936689664995	0.083993666835107	0.00295285147989466	619.480334382734	621.480334382734	-2	BM	Callitrichidae	PLA	Tarsiidae	TAR	order
Carlito_syrichta	Nycticebus_coucang	197	345	121.4130573064	0.0346864160494985	0.999999999906929	0.0848739816548737	0.0848739795013117	0.00294397423973245	619.480334382734	621.480334382734	-2	BM	Tarsiidae	TAR	Lorisidae	STR	order
Carlito_syrichta	Avahi_laniger	197	343	121.413057303	0.0342176806974782	0.999999999878926	0.0837312845245188	0.0837312823997352	0.00286509035859657	619.480334382734	621.480334382734	-2	BM	Tarsiidae	TAR	Indriidae	STR	order
Lepilemur_ruficaudatus	Otolemur_crassicaudatus	260	384	99.360634014	0.0290615918252555	0.818368602266594	0.0786279286785505	0.0786279266823982	0.00279220483654009	619.480334382734	621.480334382734	-2	BM	Lepilemuridae	STR	Galagidae	STR	superfamily
Cercopithecus_ascanius	Varecia_variegata	1162	1018	121.4130573147	0.033748945345458	0.999999999975291	0.0825884143534299	0.0825884122574376	0.00278727188225081	619.480334382734	621.480334382734	-2	BM	Cercopithecidae	OWM	Lemuridae	STR	order
Daubentonia_madagascariensis	Propithecus_verreauxi	897	780	92.496943883	0.0274210180931846	0.761836872627006	0.0768980350039224	0.0768980330514105	0.0027678135371708	619.480334382734	621.480334382734	-2	BM	Daubentoniidae	STR	Indriidae	STR	superfamily
Avahi_laniger	Loris_tardigradus	343	220	99.3606340137	0.0288272241492453	0.818368602264123	0.0779958643292488	0.0779958623490395	0.0027474224420547	619.480334382734	621.480334382734	-2	BM	Indriidae	STR	Lorisidae	STR	superfamily
Ateles_geoffroyi	Macaca_mulatta	1482	1380	78.0653383537	0.0239055029530327	0.642973170088514	0.0729845823546794	0.0729845805009608	0.00271353958480952	619.480334382734	621.480334382734	-2	BM	Atelidae	PLA	Cercopithecidae	OWM	order
Saimiri_sciureus	Otolemur_crassicaudatus	526	384	121.413057302	0.0332802099934377	0.999999999870689	0.0814453734997044	0.0814453714325167	0.00271051913341463	619.480334382734	621.480334382734	-2	BM	Cebidae	PLA	Galagidae	STR	order
Saguinus_oedipus	Carlito_syrichta	333	197	115.7454945452	0.031874003937377	0.953319989647656	0.079896215338102	0.0798962133099663	0.00267130901473009	619.480334382734	621.480334382734	-2	BM	Callitrichidae	PLA	Tarsiidae	TAR	order
Saguinus_midas	Carlito_syrichta	332	197	115.7454945461	0.0316396362613668	0.953319989655069	0.0793106890457358	0.0793106870323646	0.00263223406649995	619.480334382734	621.480334382734	-2	BM	Callitrichidae	PLA	Tarsiidae	TAR	order
Microcebus_murinus	Galago_senegalensis	85.2	205	99.360634017	0.0280772475860129	0.818368602291303	0.0759729293160459	0.0759729273868794	0.00260654030502747	619.480334382734	621.480334382734	-2	BM	Cheirogaleidae	STR	Galagidae	STR	superfamily
Saimiri_sciureus	Perodicticus_potto	526	391	121.413057301	0.0316396362613668	0.999999999862453	0.0774434201821114	0.0774434182158389	0.00245028164573523	619.480334382734	621.480334382734	-2	BM	Cebidae	PLA	Lorisidae	STR	order
Callimico_goeldii	Galago_senegalensis	340	205	121.4130573103	0.0316396362613668	0.999999999939051	0.0774434201791547	0.0774434182128822	0.00245028164545399	619.480334382734	621.480334382734	-2	BM	Callitrichidae	PLA	Galagidae	STR	order
Macaca_mulatta	Hylobates_lar	1380	1459	62.1515760374	0.0185150464047999	0.51190191080329	0.0633739363101242	0.0633739346993934	0.00229218009715083	619.480334382734	621.480334382734	-2	BM	Cercopithecidae	OWM	Hylobatidae	APE	order
Saguinus_oedipus	Galago_senegalensis	333	205	121.4130573072	0.029999062529296	0.999999999913518	0.073439505318778	0.0734395034535702	0.00220311631236911	619.480334382734	621.480334382734	-2	BM	Callitrichidae	PLA	Galagidae	STR	order
Saguinus_midas	Galago_senegalensis	332	205	121.4130573081	0.0297646948532858	0.999999999920931	0.0728673632321828	0.0728673613814248	0.00216887483154095	619.480334382734	621.480334382734	-2	BM	Callitrichidae	PLA	Galagidae	STR	order
Avahi_laniger	Lepilemur_ruficaudatus	343	260	69.529333383	0.0194525171088403	0.572667676105573	0.0629520394353614	0.0629520378353087	0.00213837042886808	619.480334382734	621.480334382734	-2	BM	Indriidae	STR	Lepilemuridae	STR	superfamily
Plecturocebus_moloch	Avahi_laniger	469	343	121.4130573042	0.0295303271772757	0.99999999988881	0.0722951834670487	0.072295181630743	0.0021349004213605	619.480334382734	621.480334382734	-2	BM	Pitheciidae	PLA	Indriidae	STR	order
Plecturocebus_moloch	Nycticebus_coucang	469	345	121.4130573076	0.0290615918252555	0.999999999916813	0.071150712070567	0.0711507102631747	0.0020677529524431	619.480334382734	621.480334382734	-2	BM	Pitheciidae	PLA	Lorisidae	STR	order
Plecturocebus_moloch	Eulemur_fulvus	469	590	121.4130573066	0.0283584887972251	0.999999999908577	0.0694337297357655	0.0694337279717645	0.00196903564704128	619.480334382734	621.480334382734	-2	BM	Pitheciidae	PLA	Lemuridae	STR	order
Cheirogaleus_major	Nycticebus_coucang	241	345	99.3606340154	0.024374238305053	0.818368602278125	0.0659777343731853	0.0659777326965726	0.00196507663657038	619.480334382734	621.480334382734	-2	BM	Cheirogaleidae	STR	Lorisidae	STR	superfamily
Callimico_goeldii	Loris_tardigradus	340	220	121.413057309	0.028124121121215	0.999999999928344	0.0688613300700427	0.0688613283205107	0.00193666438759662	619.480334382734	621.480334382734	-2	BM	Callitrichidae	PLA	Lorisidae	STR	order
Callithrix_jacchus	Saguinus_oedipus	295	333	26.3249190819	0.00890597168838474	0.216821153041356	0.046861613443908	0.0468616122517197	0.00192485002846503	619.480334382734	621.480334382734	-2	BM	Callitrichidae	PLA	Callitrichidae	PLA	family
Aotus_trivirgatus	Plecturocebus_moloch	409	469	49.0936032103	0.0140620605606075	0.404351923054185	0.0541716178931967	0.0541716165155713	0.00188391479809567	619.480334382734	621.480334382734	-2	BM	Aotidae	PLA	Pitheciidae	PLA	superfamily
Cheirogaleus_medius	Microcebus_murinus	145	85.2	49.55786972	0.0140151870254055	0.408175782859356	0.0537382116943992	0.0537382103277623	0.00184516357641763	619.480334382734	621.480334382734	-2	BM	Cheirogaleidae	STR	Cheirogaleidae	STR	family
Callithrix_jacchus	Saguinus_midas	295	332	26.3249190828	0.00867160401237461	0.216821153048769	0.04562977655453	0.0456297753936106	0.00182492966156775	619.480334382734	621.480334382734	-2	BM	Callitrichidae	PLA	Callitrichidae	PLA	family
Saguinus_oedipus	Loris_tardigradus	333	220	121.4130573059	0.0264835473891441	0.999999999902811	0.064853551584732	0.0648535499365592	0.00171755210691548	619.480334382734	621.480334382734	-2	BM	Callitrichidae	PLA	Lorisidae	STR	order
Saimiri_sciureus	Plecturocebus_moloch	526	469	49.0936032012	0.0133589575325771	0.404351922979234	0.0514668957152083	0.05146689440617	0.00170036058967463	619.480334382734	621.480334382734	-2	BM	Cebidae	PLA	Pitheciidae	PLA	superfamily
Saguinus_midas	Loris_tardigradus	332	220	121.4130573068	0.026249179713134	0.999999999910224	0.0642808752196486	0.0642808735859662	0.00168732024590958	619.480334382734	621.480334382734	-2	BM	Callitrichidae	PLA	Lorisidae	STR	order
Carlito_syrichta	Microcebus_murinus	197	85.2	121.413057305	0.0262023061779319	0.999999999895398	0.0641663359464557	0.0641663343156715	0.00168130598096094	619.480334382734	621.480334382734	-2	BM	Tarsiidae	TAR	Cheirogaleidae	STR	order
Macaca_mulatta	Piliocolobus_badius	1380	1333	38.5936741547	0.0110152807724759	0.317870869965101	0.0478680898334627	0.0478680886157297	0.00165878820420247	619.480334382734	621.480334382734	-2	BM	Cercopithecidae	OWM	Cercopithecidae	OWM	family
Cebuella_pygmaea	Microcebus_murinus	192	85.2	121.4130573047	0.0250304677978813	0.999999999892928	0.061302428623954	0.0613024270656615	0.00153442846576809	619.480334382734	621.480334382734	-2	BM	Callitrichidae	PLA	Cheirogaleidae	STR	order
Nycticebus_coucang	Perodicticus_potto	345	391	39.9170348614	0.0107809130964657	0.328770527184318	0.0460685192384388	0.0460685180663816	0.0015106606624566	619.480334382734	621.480334382734	-2	BM	Lorisidae	STR	Lorisidae	STR	family
Ateles_geoffroyi	Nasalis_larvatus	1482	1556	78.065338352	0.0173432080247492	0.642973170074512	0.0529846540294852	0.0529846526819554	0.00142917919397203	619.480334382734	621.480334382734	-2	BM	Atelidae	PLA	Cercopithecidae	OWM	order
Callithrix_jacchus	Carlito_syrichta	295	197	115.7454945453	0.0229680322489922	0.95331998964848	0.0576186542108681	0.0576186527458789	0.00138818772545274	619.480334382734	621.480334382734	-2	BM	Callitrichidae	PLA	Tarsiidae	TAR	order
Daubentonia_madagascariensis	Indri_indri	897	978	92.496943878	0.0189837817568201	0.761836872585824	0.0532801274391102	0.053280126084088	0.00132765733410427	619.480334382734	621.480334382734	-2	BM	Daubentoniidae	STR	Indriidae	STR	superfamily
Callimico_goeldii	Cheirogaleus_major	340	241	121.4130573073	0.0232023999250023	0.999999999914342	0.0568331632260304	0.0568331617809446	0.00131866578228625	619.480334382734	621.480334382734	-2	BM	Callitrichidae	PLA	Cheirogaleidae	STR	order
Lepilemur_ruficaudatus	Nycticebus_coucang	260	345	99.3606340124	0.0199212524608606	0.818368602253416	0.0539445478108502	0.0539445464389818	0.00131315271977423	619.480334382734	621.480334382734	-2	BM	Lepilemuridae	STR	Lorisidae	STR	superfamily
Callithrix_jacchus	Perodicticus_potto	295	391	121.4130573063	0.022499296896972	0.999999999906106	0.0551137307185959	0.0551137293170878	0.00124002019065388	619.480334382734	621.480334382734	-2	BM	Callitrichidae	PLA	Lorisidae	STR	order
Saguinus_oedipus	Cheirogaleus_major	333	241	121.4130573042	0.0215618261929315	0.999999999888809	0.0528207559529054	0.0528207546095316	0.00113891195936243	619.480334382734	621.480334382734	-2	BM	Callitrichidae	PLA	Cheirogaleidae	STR	order
Saguinus_midas	Cheirogaleus_major	332	241	121.4130573051	0.0213274585169213	0.999999999896222	0.0522474431462703	0.0522474418174353	0.00111430517643293	619.480334382734	621.480334382734	-2	BM	Callitrichidae	PLA	Cheirogaleidae	STR	order
Callithrix_jacchus	Galago_senegalensis	295	205	121.4130573073	0.0210930908409112	0.999999999914342	0.0516741032853377	0.0516741019710436	0.00108996655481362	619.480334382734	621.480334382734	-2	BM	Callitrichidae	PLA	Galagidae	STR	order
Alouatta_seniculus	Daubentonia_madagascariensis	986	897	121.4130573064	0.0208587231649011	0.999999999906929	0.0511007366670825	0.0511007353673316	0.00106589611976039	619.480334382734	621.480334382734	-2	BM	Atelidae	PLA	Daubentoniidae	STR	order
Callithrix_jacchus	Otolemur_crassicaudatus	295	384	121.4130573073	0.0208587231649011	0.999999999914342	0.0511007366668934	0.0511007353671424	0.00106589611974854	619.480334382734	621.480334382734	-2	BM	Callitrichidae	PLA	Galagidae	STR	order
Cheirogaleus_medius	Loris_tardigradus	145	220	99.3606340157	0.0175775757007594	0.818368602280596	0.0476061693684247	0.047606168157339	0.0010225234002926	619.480334382734	621.480334382734	-2	BM	Cheirogaleidae	STR	Lorisidae	STR	superfamily
Plecturocebus_moloch	Otolemur_crassicaudatus	469	384	121.4130573092	0.0199212524608606	0.999999999929991	0.0488070085351641	0.0488070072936047	0.000972296738956451	619.480334382734	621.480334382734	-2	BM	Pitheciidae	PLA	Galagidae	STR	order
Nycticebus_coucang	Otolemur_crassicaudatus	345	384	43.1545285784	0.00914033936439486	0.355435646970639	0.0375714452437871	0.0375714442875527	0.000966182663066885	619.480334382734	621.480334382734	-2	BM	Lorisidae	STR	Galagidae	STR	superfamily
Macaca_mulatta	Pygathrix_nemaeus	1380	1345	38.5936741535	0.00820286866035436	0.317870869955218	0.0356559842883675	0.035655983380817	0.00092012632712882	619.480334382734	621.480334382734	-2	BM	Cercopithecidae	OWM	Cercopithecidae	OWM	family
Cebus_albifrons	Cercopithecus_ascanius	1221	1162	78.0653383479	0.0138276928845974	0.642973170040743	0.0422558456397469	0.0422558445645003	0.000908748425767667	619.480334382734	621.480334382734	-2	BM	Cebidae	PLA	Cercopithecidae	OWM	order
Callimico_goeldii	Lepilemur_ruficaudatus	340	260	121.4130573043	0.01874941408081	0.999999999889633	0.0459392818591993	0.0459392806904229	0.000861334618248232	619.480334382734	621.480334382734	-2	BM	Callitrichidae	PLA	Lepilemuridae	STR	order
Plecturocebus_moloch	Perodicticus_potto	469	391	121.4130573082	0.0182806787287897	0.999999999921755	0.0447920225453845	0.0447920214057343	0.00081882857382895	619.480334382734	621.480334382734	-2	BM	Pitheciidae	PLA	Lorisidae	STR	order
Callithrix_jacchus	Loris_tardigradus	295	220	121.413057306	0.0175775757007594	0.999999999903635	0.0430709602997802	0.0430709592038321	0.000757083065246743	619.480334382734	621.480334382734	-2	BM	Callitrichidae	PLA	Lorisidae	STR	order
Macaca_mulatta	Cercopithecus_mitis	1380	1354	29.8369393145	0.00609355957626324	0.245747368311681	0.0301272887564752	0.0301272879895	0.000747037212117896	619.480334382734	621.480334382734	-2	BM	Cercopithecidae	OWM	Cercopithecidae	OWM	family
Saguinus_oedipus	Lepilemur_ruficaudatus	333	260	121.4130573012	0.0171088403487391	0.9999999998641	0.0419234734124635	0.0419234723456588	0.000717262013575922	619.480334382734	621.480334382734	-2	BM	Callitrichidae	PLA	Lepilemuridae	STR	order
Saguinus_midas	Lepilemur_ruficaudatus	332	260	121.4130573021	0.016874472672729	0.999999999871513	0.0413496972409387	0.0413496961887083	0.00069775433620749	619.480334382734	621.480334382734	-2	BM	Callitrichidae	PLA	Lepilemuridae	STR	order
Cheirogaleus_medius	Galago_senegalensis	145	205	99.360634017	0.0140620605606075	0.818368602291303	0.0380930777335163	0.0380930767640258	0.000654554884594608	619.480334382734	621.480334382734	-2	BM	Cheirogaleidae	STR	Galagidae	STR	superfamily
Cebuella_pygmaea	Lepilemur_ruficaudatus	192	260	121.4130573017	0.0159370019686885	0.999999999868219	0.0390543812974379	0.0390543803035204	0.0006224097517052	619.480334382734	621.480334382734	-2	BM	Callitrichidae	PLA	Lepilemuridae	STR	order
Aotus_trivirgatus	Avahi_laniger	409	343	121.4130573061	0.0154682666166682	0.999999999904458	0.0379066007254462	0.0379065997606946	0.000586349406608812	619.480334382734	621.480334382734	-2	BM	Aotidae	PLA	Indriidae	STR	order
Saimiri_sciureus	Eulemur_fulvus	526	590	121.4130572994	0.014999531264648	0.999999999849275	0.0367587415888897	0.0367587406533099	0.000551363893794771	619.480334382734	621.480334382734	-2	BM	Cebidae	PLA	Lemuridae	STR	order
Aotus_trivirgatus	Nycticebus_coucang	409	345	121.4130573095	0.014999531264648	0.999999999932462	0.0367587415873618	0.036758740651782	0.000551363893725987	619.480334382734	621.480334382734	-2	BM	Aotidae	PLA	Lorisidae	STR	order
Lepilemur_ruficaudatus	Galago_senegalensis	260	205	99.360634014	0.0128902221805569	0.818368602266594	0.03492077444093	0.0349207735520684	0.00055004131391891	619.480334382734	621.480334382734	-2	BM	Lepilemuridae	STR	Galagidae	STR	superfamily
Carlito_syrichta	Lepilemur_ruficaudatus	197	260	121.413057302	0.0147651635886379	0.99999999987069	0.0361847832997199	0.0361847823787282	0.000534274244908863	619.480334382734	621.480334382734	-2	BM	Tarsiidae	TAR	Lepilemuridae	STR	order
Varecia_variegata	Indri_indri	1018	978	71.983496223	0.00937470704040499	0.59288101142731	0.0298407212614516	0.0298407205017651	0.00047184513301754	619.480334382734	621.480334382734	-2	BM	Lemuridae	STR	Indriidae	STR	superfamily
Saguinus_midas	Perodicticus_potto	332	391	121.4130573071	0.0138276928845974	0.999999999912695	0.0338887656077475	0.0338887647451222	0.000468603443102949	619.480334382734	621.480334382734	-2	BM	Callitrichidae	PLA	Lorisidae	STR	order
Saguinus_oedipus	Perodicticus_potto	333	391	121.4130573062	0.0135933252085872	0.999999999905282	0.0333147165363994	0.0333147156883693	0.00045285777615407	619.480334382734	621.480334382734	-2	BM	Callitrichidae	PLA	Lorisidae	STR	order
Avahi_laniger	Perodicticus_potto	343	391	99.360634014	0.011249648448486	0.818368602266594	0.030478632329535	0.0304786315536242	0.000418972450737097	619.480334382734	621.480334382734	-2	BM	Indriidae	STR	Lorisidae	STR	superfamily
Callithrix_jacchus	Cheirogaleus_major	295	241	121.4130573043	0.0126558545045467	0.999999999889633	0.0310183505703663	0.0310183497807293	0.000392563731832906	619.480334382734	621.480334382734	-2	BM	Callitrichidae	PLA	Cheirogaleidae	STR	order
Carlito_syrichta	Cheirogaleus_medius	197	145	121.413057305	0.0121871191525265	0.999999999895399	0.0298700699399266	0.0298700691794936	0.000364030101490263	619.480334382734	621.480334382734	-2	BM	Tarsiidae	TAR	Cheirogaleidae	STR	order
Saguinus_midas	Otolemur_crassicaudatus	332	384	121.4130573081	0.0121871191525265	0.999999999920931	0.0298700699395454	0.0298700691791124	0.000364030101476323	619.480334382734	621.480334382734	-2	BM	Callitrichidae	PLA	Galagidae	STR	order
Saguinus_oedipus	Otolemur_crassicaudatus	333	384	121.4130573072	0.0119527514765164	0.999999999913518	0.0292959062531175	0.0292959055072884	0.000350166686753118	619.480334382734	621.480334382734	-2	BM	Callitrichidae	PLA	Galagidae	STR	order
Callimico_goeldii	Perodicticus_potto	340	391	121.4130573093	0.0119527514765164	0.999999999930815	0.0292959062528642	0.0292959055070351	0.000350166686744034	619.480334382734	621.480334382734	-2	BM	Callitrichidae	PLA	Lorisidae	STR	order
Callithrix_jacchus	Nycticebus_coucang	295	345	121.4130573057	0.0117183838005062	0.999999999901164	0.0287217273822648	0.0287217266510405	0.000336572224912153	619.480334382734	621.480334382734	-2	BM	Callitrichidae	PLA	Lorisidae	STR	order
Cercopithecus_mitis	Piliocolobus_badius	1354	1333	38.5936741538	0.00492172119621262	0.317870869957688	0.0213981504589255	0.0213981499140469	0.000331316080292161	619.480334382734	621.480334382734	-2	BM	Cercopithecidae	OWM	Cercopithecidae	OWM	family
Cebuella_pygmaea	Cheirogaleus_major	192	241	121.4130573047	0.0114840161244961	0.999999999892928	0.0281475336242007	0.0281475329075825	0.000323246730039728	619.480334382734	621.480334382734	-2	BM	Callitrichidae	PLA	Cheirogaleidae	STR	order
Callithrix_jacchus	Avahi_laniger	295	343	121.4130573023	0.011249648448486	0.99999999987316	0.0275733252765131	0.027573324574502	0.000310190215955869	619.480334382734	621.480334382734	-2	BM	Callitrichidae	PLA	Indriidae	STR	order
Avahi_laniger	Otolemur_crassicaudatus	343	384	99.360634015	0.00960907471641511	0.81836860227483	0.0260355443805563	0.0260355437176683	0.000305702699907945	619.480334382734	621.480334382734	-2	BM	Indriidae	STR	Galagidae	STR	superfamily
Cebuella_pygmaea	Cheirogaleus_medius	192	145	121.4130573047	0.0110152807724759	0.999999999892928	0.0269991026358938	0.0269991019484913	0.000297402696171107	619.480334382734	621.480334382734	-2	BM	Callitrichidae	PLA	Cheirogaleidae	STR	order
Lepilemur_ruficaudatus	Loris_tardigradus	260	220	99.3606340127	0.00937470704040499	0.818368602255887	0.0254007483523342	0.0254007477055976	0.000290974719403673	619.480334382734	621.480334382734	-2	BM	Lepilemuridae	STR	Lorisidae	STR	superfamily
Carlito_syrichta	Cheirogaleus_major	197	241	121.413057305	0.0103121777444455	0.999999999895399	0.025276351934744	0.0252763512911726	0.000260654233909503	619.480334382734	621.480334382734	-2	BM	Tarsiidae	TAR	Cheirogaleidae	STR	order
Callimico_goeldii	Otolemur_crassicaudatus	340	384	121.4130573103	0.0103121777444455	0.999999999939051	0.0252763519341925	0.0252763512906211	0.000260654233892438	619.480334382734	621.480334382734	-2	BM	Callitrichidae	PLA	Galagidae	STR	order
Cheirogaleus_major	Galago_senegalensis	241	205	99.360634017	0.00843723633636449	0.818368602291303	0.0228614073625002	0.0228614067803812	0.000235697088523758	619.480334382734	621.480334382734	-2	BM	Cheirogaleidae	STR	Galagidae	STR	superfamily
Pygathrix_nemaeus	Piliocolobus_badius	1345	1333	27.0170263228	0.0028124121121215	0.222521588037314	0.0146152167218996	0.0146152163496926	0.000184719212605378	619.480334382734	621.480334382734	-2	BM	Cercopithecidae	OWM	Cercopithecidae	OWM	family
Callithrix_jacchus	Lepilemur_ruficaudatus	295	260	121.4130573013	0.00820286866035436	0.999999999864924	0.020107424425171	0.0201074239131448	0.000164938561679959	619.480334382734	621.480334382734	-2	BM	Callitrichidae	PLA	Lepilemuridae	STR	order
Loris_tardigradus	Galago_senegalensis	220	205	43.1545285787	0.00351551514015187	0.35543564697311	0.0144551095231678	0.0144551091550374	0.000142971468433199	619.480334382734	621.480334382734	-2	BM	Lorisidae	STR	Galagidae	STR	superfamily
Ateles_geoffroyi	Hylobates_lar	1482	1459	78.0653383557	0.00539045654823287	0.642973170104986	0.0164791538507309	0.0164791534310679	0.000138155318004179	619.480334382734	621.480334382734	-2	BM	Atelidae	PLA	Hylobatidae	APE	order
Alouatta_seniculus	Varecia_variegata	986	1018	121.4130573114	0.00749976563232399	0.999999999948111	0.0183842502337956	0.0183842497656329	0.000137877568086619	619.480334382734	621.480334382734	-2	BM	Atelidae	PLA	Lemuridae	STR	order
Cheirogaleus_major	Lepilemur_ruficaudatus	241	260	61.947397719	0.00445298584419237	0.510220227441461	0.0152820841445378	0.0152820837553518	0.000133375551782081	619.480334382734	621.480334382734	-2	BM	Cheirogaleidae	STR	Lepilemuridae	STR	superfamily
Cebuella_pygmaea	Loris_tardigradus	192	220	121.4130573064	0.00656229492828349	0.999999999906929	0.0160865525963203	0.0160865521866526	0.000105564702526223	619.480334382734	621.480334382734	-2	BM	Callitrichidae	PLA	Lorisidae	STR	order
Callimico_goeldii	Saguinus_midas	340	332	26.3249190858	0.001874941408081	0.216821153073478	0.00987102974991695	0.00987102949851539	8.5358841405325e-05	619.480334382734	621.480334382734	-2	BM	Callitrichidae	PLA	Callitrichidae	PLA	family
Aotus_trivirgatus	Otolemur_crassicaudatus	409	384	121.4130573111	0.00585919190025312	0.99999999994564	0.0143631907502752	0.0143631903844855	8.41566909103779e-05	619.480334382734	621.480334382734	-2	BM	Aotidae	PLA	Galagidae	STR	order
Cheirogaleus_major	Loris_tardigradus	241	220	99.3606340157	0.00492172119621262	0.818368602280596	0.0133370250600944	0.013337024720433	8.02097230389332e-05	619.480334382734	621.480334382734	-2	BM	Cheirogaleidae	STR	Lorisidae	STR	superfamily
Carlito_syrichta	Loris_tardigradus	197	220	121.4130573067	0.00539045654823287	0.9999999999094	0.0132142451211066	0.0132142447845716	7.12308141494769e-05	619.480334382734	621.480334382734	-2	BM	Tarsiidae	TAR	Lorisidae	STR	order
Callimico_goeldii	Saguinus_oedipus	340	333	26.3249190849	0.00164057373207087	0.216821153066065	0.00863720267188915	0.00863720245190878	6.53532536917932e-05	619.480334382734	621.480334382734	-2	BM	Callitrichidae	PLA	Callitrichidae	PLA	family
Cercopithecus_mitis	Pygathrix_nemaeus	1354	1345	38.5936741526	0.00210930908409112	0.317870869947805	0.00917153351598391	0.00917153328239602	6.08599302084134e-05	619.480334382734	621.480334382734	-2	BM	Cercopithecidae	OWM	Cercopithecidae	OWM	family
Aotus_trivirgatus	Perodicticus_potto	409	391	121.4130573101	0.00421861816818224	0.999999999937404	0.0103417663566074	0.0103417660932181	4.3627963445811e-05	619.480334382734	621.480334382734	-2	BM	Aotidae	PLA	Lorisidae	STR	order
Perodicticus_potto	Otolemur_crassicaudatus	391	384	43.154528579	0.00164057373207087	0.355435646975581	0.00674600645629681	0.00674600628448068	3.11373411270182e-05	619.480334382734	621.480334382734	-2	BM	Lorisidae	STR	Galagidae	STR	superfamily
Saguinus_midas	Nycticebus_coucang	332	345	121.4130573065	0.00304677978813162	0.999999999907753	0.00746915353289223	0.00746915334265901	2.27568660205672e-05	619.480334382734	621.480334382734	-2	BM	Callitrichidae	PLA	Lorisidae	STR	order
Cebuella_pygmaea	Galago_senegalensis	192	205	121.4130573077	0.00304677978813162	0.999999999917637	0.00746915353285532	0.0074691533426221	2.27568660202298e-05	619.480334382734	621.480334382734	-2	BM	Callitrichidae	PLA	Galagidae	STR	order
Saguinus_oedipus	Nycticebus_coucang	333	345	121.4130573056	0.0028124121121215	0.99999999990034	0.00689461815759511	0.00689461798199399	1.93905076168057e-05	619.480334382734	621.480334382734	-2	BM	Callitrichidae	PLA	Lorisidae	STR	order
Saguinus_midas	Avahi_laniger	332	343	121.4130573031	0.00257804443611137	0.999999999879749	0.00632007920723716	0.00632007904626844	1.62934450379602e-05	619.480334382734	621.480334382734	-2	BM	Callitrichidae	PLA	Indriidae	STR	order
Saguinus_oedipus	Avahi_laniger	333	343	121.4130573022	0.00234367676010125	0.999999999872337	0.00574553697963647	0.0057455368333005	1.34656814951954e-05	619.480334382734	621.480334382734	-2	BM	Callitrichidae	PLA	Indriidae	STR	order
Saguinus_oedipus	Saguinus_midas	333	332	6.5019007411	0.000234367676010125	0.0535519068932311	0.00248282555437741	0.00248282549114019	1.08659819766667e-05	619.480334382734	621.480334382734	-2	BM	Callitrichidae	PLA	Callitrichidae	PLA	family
Alouatta_seniculus	Indri_indri	986	978	121.4130573044	0.001874941408081	0.999999999890457	0.00459644388441393	0.00459644376734415	8.61806296975239e-06	619.480334382734	621.480334382734	-2	BM	Atelidae	PLA	Indriidae	STR	order
Carlito_syrichta	Galago_senegalensis	197	205	121.413057308	0.001874941408081	0.999999999920108	0.00459644388434574	0.00459644376727597	8.61806296936901e-06	619.480334382734	621.480334382734	-2	BM	Tarsiidae	TAR	Galagidae	STR	order
Cebuella_pygmaea	Carlito_syrichta	192	197	115.7454945457	0.00117183838005062	0.953319989651774	0.00294228032591621	0.00294228025097692	3.61670482965106e-06	619.480334382734	621.480334382734	-2	BM	Callitrichidae	PLA	Tarsiidae	TAR	order
Callimico_goeldii	Nycticebus_coucang	340	345	121.4130573087	0.00117183838005062	0.999999999925873	0.00287278711056137	0.00287278703739209	3.36644219412009e-06	619.480334382734	621.480334382734	-2	BM	Callitrichidae	PLA	Lorisidae	STR	order
Callimico_goeldii	Avahi_laniger	340	343	121.4130573053	0.000703103028030374	0.99999999989787	0.00172367464984285	0.00172367460594106	1.21192086576748e-06	619.480334382734	621.480334382734	-2	BM	Callitrichidae	PLA	Indriidae	STR	order
Avahi_laniger	Nycticebus_coucang	343	345	99.3606340134	0.000468735352020249	0.818368602261652	0.00127025148228311	0.00127025144992995	7.27559407896062e-07	619.480334382734	621.480334382734	-2	BM	Indriidae	STR	Lorisidae	STR	superfamily
