Species1	Species2	TraitValue1	TraitValue2	PatristicDistance	NormalizedTraitDifference	NormalizedPatristicDistance	Sbm	Sou	FinalScore	AIC_BM	AIC_OU	delta_AIC	SelectedModel	family_1	superfamily_1	family_2	superfamily_2	taxonomic_level
Gorilla_beringei	Gorilla_gorilla	251206.07	275016.8	2.069936054	0.0868105146805168	0.0170487104083346	0.95567324074767	0.95567323575363	4.86620300941616	1197.02452062406	1199.02452062406	-1.99999999999977	BM	Hominidae	APE	Hominidae	APE	family
Papio_anubis	Papio_cynocephalus	140142	100100	4.8778566854	0.145987402689344	0.0401757174488752	0.972405933387315	0.972405929736853	3.5334531799107	1197.02452062406	1199.02452062406	-1.99999999999977	BM	Cercopithecidae	OWM	Cercopithecidae	OWM	family
Papio_hamadryas	Papio_anubis	118780	140142	3.47880109	0.0778827954709999	0.0286526109040897	0.835983482038569	0.835983472126295	2.2723489585883	1197.02452062406	1199.02452062406	-1.99999999999977	BM	Cercopithecidae	OWM	Cercopithecidae	OWM	family
Gorilla_gorilla	Hylobates_lar	275016.8	61802.5	45.7765141047	0.777348830558581	0.377031228073906	0.999871449087926	0.999871449040904	2.06149741396237	1197.02452062406	1199.02452062406	-1.99999999999977	BM	Hominidae	APE	Hylobatidae	APE	superfamily
Pan_paniscus	Pan_troglodytes	227900	253761.83	4.786270704	0.0942885318039401	0.0394213835788339	0.849111812541447	0.849111802937526	2.03091568264747	1197.02452062406	1199.02452062406	-1.99999999999977	BM	Hominidae	APE	Hominidae	APE	family
Pongo_pygmaeus	Hylobates_lar	266455.56	61802.5	45.7765141087	0.746135774482458	0.377031228106852	0.999762581473238	0.999762581392874	1.97850621491414	1197.02452062406	1199.02452062406	-1.99999999999977	BM	Hominidae	APE	Hylobatidae	APE	superfamily
Pan_troglodytes	Hylobates_lar	253761.83	61802.5	45.7765141047	0.699856251153458	0.377031228073906	0.999434178863391	0.999434178693618	1.855178578356	1197.02452062406	1199.02452062406	-1.99999999999977	BM	Hominidae	APE	Hylobatidae	APE	superfamily
Gorilla_beringei	Hylobates_lar	251206.07	61802.5	45.7765141047	0.690538315878064	0.377031228073906	0.999330049297334	0.999330049101308	1.83028788563067	1197.02452062406	1199.02452062406	-1.99999999999977	BM	Hominidae	APE	Hylobatidae	APE	superfamily
Cercopithecus_ascanius	Gorilla_gorilla	45166	275016.8	62.1515760317	0.838003129166075	0.511901910756343	0.999603955980045	0.99960395585497	1.63639014708969	1197.02452062406	1199.02452062406	-1.99999999999977	BM	Cercopithecidae	OWM	Hominidae	APE	order
Macaca_mulatta	Papio_anubis	55528.67	140142	22.4016461426	0.308488094490695	0.18450771801242	0.97016476367758	0.970164759827679	1.6220691606449	1197.02452062406	1199.02452062406	-1.99999999999977	BM	Cercopithecidae	OWM	Cercopithecidae	OWM	family
Cercopithecus_nictitans	Gorilla_gorilla	47800	275016.8	62.1515760318	0.828399942045458	0.511901910757166	0.999538407430967	0.999538407288317	1.61753168212106	1197.02452062406	1199.02452062406	-1.99999999999977	BM	Cercopithecidae	OWM	Hominidae	APE	order
Pygathrix_nemaeus	Gorilla_gorilla	48763	275016.8	62.1515760308	0.824888981833935	0.51190191074893	0.99951201272004	0.999512012570432	1.61063365693863	1197.02452062406	1199.02452062406	-1.99999999999977	BM	Cercopithecidae	OWM	Hominidae	APE	order
Cercopithecus_mitis	Gorilla_gorilla	49933	275016.8	62.1515760318	0.820623329240494	0.511901910757166	0.999478051224596	0.999478051066127	1.60225033089945	1197.02452062406	1199.02452062406	-1.99999999999977	BM	Cercopithecidae	OWM	Hominidae	APE	order
Pan_paniscus	Hylobates_lar	227900	61802.5	45.7765141047	0.605567719349518	0.377031228073906	0.997145853543734	0.997145852889721	1.60156320067722	1197.02452062406	1199.02452062406	-1.99999999999977	BM	Hominidae	APE	Hylobatidae	APE	superfamily
Piliocolobus_badius	Gorilla_gorilla	50906	275016.8	62.151576032	0.817075910459796	0.511901910758814	0.999448143635729	0.999448143469537	1.59527633078767	1197.02452062406	1199.02452062406	-1.99999999999977	BM	Cercopithecidae	OWM	Hominidae	APE	order
Cercopithecus_ascanius	Pongo_pygmaeus	45166	266455.56	62.1515760357	0.806790073089952	0.511901910789288	0.999352157728874	0.999352157538359	1.57504276382465	1197.02452062406	1199.02452062406	-1.99999999999977	BM	Cercopithecidae	OWM	Hominidae	APE	order
Macaca_mulatta	Gorilla_gorilla	55528.67	275016.8	62.1515760327	0.800222317063114	0.511901910764579	0.99928297563318	0.999282975425527	1.56211282151408	1197.02452062406	1199.02452062406	-1.99999999999977	BM	Cercopithecidae	OWM	Hominidae	APE	order
Cercopithecus_nictitans	Pongo_pygmaeus	47800	266455.56	62.1515760358	0.797186885969335	0.511901910790112	0.999248735335318	0.999248735119291	1.55613403825987	1197.02452062406	1199.02452062406	-1.99999999999977	BM	Cercopithecidae	OWM	Hominidae	APE	order
Pygathrix_nemaeus	Pongo_pygmaeus	48763	266455.56	62.1515760348	0.793675925757811	0.511901910781876	0.999207239604446	0.999207239378363	1.54921619594205	1197.02452062406	1199.02452062406	-1.99999999999977	BM	Cercopithecidae	OWM	Hominidae	APE	order
Cebuella_pygmaea	Gorilla_gorilla	2535	275016.8	78.0653383507	0.99342965541475	0.642973170063805	0.999821282934961	0.999821282872211	1.54478002944329	1197.02452062406	1199.02452062406	-1.99999999999977	BM	Callitrichidae	PLA	Hominidae	APE	order
Cercopithecus_mitis	Pongo_pygmaeus	49933	266455.56	62.1515760358	0.789410273164371	0.511901910790112	0.999153963850777	0.999153963611923	1.54080769559796	1197.02452062406	1199.02452062406	-1.99999999999977	BM	Cercopithecidae	OWM	Hominidae	APE	order
Callithrix_jacchus	Gorilla_gorilla	4371	275016.8	78.0653383503	0.986735862114275	0.64297317006051	0.999802422518433	0.999802422449941	1.53434225760123	1197.02452062406	1199.02452062406	-1.99999999999977	BM	Callitrichidae	PLA	Hominidae	APE	order
Piliocolobus_badius	Pongo_pygmaeus	50906	266455.56	62.151576036	0.785862854383673	0.511901910791759	0.999107149455881	0.999107149205924	1.53381180994641	1197.02452062406	1199.02452062406	-1.99999999999977	BM	Cercopithecidae	OWM	Hominidae	APE	order
Saguinus_midas	Gorilla_gorilla	5883	275016.8	78.0653383511	0.98122332645506	0.642973170067099	0.999785502271004	0.99978550219743	1.52574462193737	1197.02452062406	1199.02452062406	-1.99999999999977	BM	Callitrichidae	PLA	Hominidae	APE	order
Saguinus_oedipus	Gorilla_gorilla	5894	275016.8	78.0653383502	0.981183222028967	0.642973170059687	0.999785374331301	0.99978537425769	1.52568206669146	1197.02452062406	1199.02452062406	-1.99999999999977	BM	Callitrichidae	PLA	Hominidae	APE	order
Callimico_goeldii	Gorilla_gorilla	6476	275016.8	78.0653383533	0.979061333303	0.642973170085219	0.999778502044349	0.99977850196869	1.52237219025715	1197.02452062406	1199.02452062406	-1.99999999999977	BM	Callitrichidae	PLA	Hominidae	APE	order
Plecturocebus_moloch	Gorilla_gorilla	8016.5	275016.8	78.0653383522	0.973444890721637	0.642973170076159	0.999759301412486	0.999759301331158	1.51360994393614	1197.02452062406	1199.02452062406	-1.99999999999977	BM	Pitheciidae	PLA	Hominidae	APE	order
Nasalis_larvatus	Gorilla_gorilla	62685	275016.8	62.151576031	0.774131361828913	0.511901910750577	0.998934686541967	0.998934686251994	1.510654000367	1197.02452062406	1199.02452062406	-1.99999999999977	BM	Cercopithecidae	OWM	Hominidae	APE	order
Aotus_trivirgatus	Gorilla_gorilla	9453.33	275016.8	78.0653383541	0.968206414126908	0.642973170091808	0.999739995217527	0.999739995130566	1.50543556224998	1197.02452062406	1199.02452062406	-1.99999999999977	BM	Aotidae	PLA	Hominidae	APE	order
Macaca_mulatta	Pongo_pygmaeus	55528.67	266455.56	62.1515760367	0.76900926098699	0.511901910797525	0.998850124607287	0.998850124298151	1.50053160568262	1197.02452062406	1199.02452062406	-1.99999999999977	BM	Cercopithecidae	OWM	Hominidae	APE	order
Cebuella_pygmaea	Pongo_pygmaeus	2535	266455.56	78.0653383547	0.962216599338627	0.64297317009675	0.999716143811377	0.999716143717543	1.49608648220479	1197.02452062406	1199.02452062406	-1.99999999999977	BM	Callitrichidae	PLA	Hominidae	APE	order
Callithrix_jacchus	Pongo_pygmaeus	4371	266455.56	78.0653383543	0.955522806038152	0.642973170093456	0.999687070066692	0.9996870699646	1.48563554247737	1197.02452062406	1199.02452062406	-1.99999999999977	BM	Callitrichidae	PLA	Hominidae	APE	order
Cercopithecus_ascanius	Pan_troglodytes	45166	253761.83	62.1515760317	0.760510549760952	0.511901910756343	0.998696016709723	0.998696016366346	1.48371951882302	1197.02452062406	1199.02452062406	-1.99999999999977	BM	Cercopithecidae	OWM	Hominidae	APE	order
Saguinus_midas	Pongo_pygmaeus	5883	266455.56	78.0653383551	0.950010270378936	0.642973170100045	0.999661057544615	0.999661057435236	1.477026283099	1197.02452062406	1199.02452062406	-1.99999999999977	BM	Callitrichidae	PLA	Hominidae	APE	order
Saguinus_oedipus	Pongo_pygmaeus	5894	266455.56	78.0653383542	0.949970165952844	0.642973170092632	0.999660861094487	0.999660860985054	1.47696364060366	1197.02452062406	1199.02452062406	-1.99999999999977	BM	Callitrichidae	PLA	Hominidae	APE	order
Callimico_goeldii	Pongo_pygmaeus	6476	266455.56	78.0653383573	0.947848277226877	0.642973170118165	0.999650313856059	0.999650313743697	1.47364909121113	1197.02452062406	1199.02452062406	-1.99999999999977	BM	Callitrichidae	PLA	Hominidae	APE	order
Saimiri_sciureus	Gorilla_gorilla	15946.83	275016.8	78.065338345	0.944532042233315	0.642973170016858	0.999633213613244	0.999633213496163	1.46846811774994	1197.02452062406	1199.02452062406	-1.99999999999977	BM	Cebidae	PLA	Hominidae	APE	order
Cercopithecus_ascanius	Gorilla_beringei	45166	251206.07	62.1515760317	0.751192614485558	0.511901910756343	0.998505294849937	0.998505294465271	1.46526079949137	1197.02452062406	1199.02452062406	-1.99999999999977	BM	Cercopithecidae	OWM	Hominidae	APE	order
Plecturocebus_moloch	Pongo_pygmaeus	8016.5	266455.56	78.0653383562	0.942231834645514	0.642973170109105	0.999620896694373	0.999620896573914	1.46487392511651	1197.02452062406	1199.02452062406	-1.99999999999977	BM	Pitheciidae	PLA	Hominidae	APE	order
Cercopithecus_nictitans	Pan_troglodytes	47800	253761.83	62.1515760318	0.750907362640335	0.511901910757167	0.998499069965076	0.998499069579081	1.46469526186625	1197.02452062406	1199.02452062406	-1.99999999999977	BM	Cercopithecidae	OWM	Hominidae	APE	order
Pygathrix_nemaeus	Pan_troglodytes	48763	253761.83	62.1515760308	0.747396402428811	0.51190191074893	0.99842047122685	0.998420470824169	1.45773214093787	1197.02452062406	1199.02452062406	-1.99999999999977	BM	Cercopithecidae	OWM	Hominidae	APE	order
Aotus_trivirgatus	Pongo_pygmaeus	9453.33	266455.56	78.0653383581	0.936993358050785	0.642973170124754	0.999591388950447	0.999591388821967	1.45668674173387	1197.02452062406	1199.02452062406	-1.99999999999977	BM	Aotidae	PLA	Hominidae	APE	order
Cercopithecus_mitis	Pan_troglodytes	49933	253761.83	62.1515760318	0.743130749835371	0.511901910757167	0.998319884044977	0.998319883621187	1.4492663309433	1197.02452062406	1199.02452062406	-1.99999999999977	BM	Cercopithecidae	OWM	Hominidae	APE	order
Nasalis_larvatus	Pongo_pygmaeus	62685	266455.56	62.151576035	0.74291830575279	0.511901910783523	0.998314723661519	0.998314723236653	1.44884452956129	1197.02452062406	1199.02452062406	-1.99999999999977	BM	Cercopithecidae	OWM	Hominidae	APE	order
Cercopithecus_nictitans	Gorilla_beringei	47800	251206.07	62.1515760318	0.741589427364942	0.511901910757166	0.998282112240875	0.998282111809226	1.44620569763132	1197.02452062406	1199.02452062406	-1.99999999999977	BM	Cercopithecidae	OWM	Hominidae	APE	order
Piliocolobus_badius	Pan_troglodytes	50906	253761.83	62.151576032	0.739583331054673	0.511901910758814	0.998231780880599	0.998231780438535	1.44222080471224	1197.02452062406	1199.02452062406	-1.99999999999977	BM	Cercopithecidae	OWM	Hominidae	APE	order
Pygathrix_nemaeus	Gorilla_beringei	48763	251206.07	62.1515760308	0.738078467153418	0.51190191074893	0.998193139011668	0.998193138561649	1.43923053712948	1197.02452062406	1199.02452062406	-1.99999999999977	BM	Cercopithecidae	OWM	Hominidae	APE	order
Cercopithecus_mitis	Gorilla_beringei	49933	251206.07	62.1515760318	0.733812814559977	0.511901910757166	0.998079348843674	0.998079348370436	1.43074952591181	1197.02452062406	1199.02452062406	-1.99999999999977	BM	Cercopithecidae	OWM	Hominidae	APE	order
Cebuella_pygmaea	Pan_troglodytes	2535	253761.83	78.0653383507	0.915937076009627	0.642973170063805	0.999449772207273	0.9994497720415	1.42375007946782	1197.02452062406	1199.02452062406	-1.99999999999977	BM	Callitrichidae	PLA	Hominidae	APE	order
Piliocolobus_badius	Gorilla_beringei	50906	251206.07	62.151576032	0.730265395779279	0.511901910758814	0.99797974604966	0.997979745556336	1.42369086520569	1197.02452062406	1199.02452062406	-1.99999999999977	BM	Cercopithecidae	OWM	Hominidae	APE	order
Saimiri_sciureus	Pongo_pygmaeus	15946.83	266455.56	78.065338349	0.913318986157192	0.642973170049803	0.999429270292621	0.999429270121593	1.41965134845172	1197.02452062406	1199.02452062406	-1.99999999999977	BM	Cebidae	PLA	Hominidae	APE	order
Semnopithecus_entellus	Gorilla_gorilla	76110	275016.8	62.1515760317	0.725185732711875	0.511901910756343	0.997828853841673	0.997828853318322	1.41357403301167	1197.02452062406	1199.02452062406	-1.99999999999977	BM	Cercopithecidae	OWM	Hominidae	APE	order
Callithrix_jacchus	Pan_troglodytes	4371	253761.83	78.0653383503	0.909243282709152	0.64297317006051	0.999395933677692	0.999395933498186	1.41326898504609	1197.02452062406	1199.02452062406	-1.99999999999977	BM	Callitrichidae	PLA	Hominidae	APE	order
Cebuella_pygmaea	Gorilla_beringei	2535	251206.07	78.0653383507	0.906619140734233	0.642973170063805	0.999373520223271	0.999373520038112	1.409158584467	1197.02452062406	1199.02452062406	-1.99999999999977	BM	Callitrichidae	PLA	Hominidae	APE	order
Macaca_mulatta	Pan_troglodytes	55528.67	253761.83	62.1515760327	0.72272973765799	0.511901910764579	0.997752253190744	0.997752252652325	1.40867851639618	1197.02452062406	1199.02452062406	-1.99999999999977	BM	Cercopithecidae	OWM	Hominidae	APE	order
Erythrocebus_patas	Gorilla_gorilla	77141	275016.8	62.151576032	0.721426854229963	0.511901910758814	0.997710619390028	0.997710618843466	1.40608038073431	1197.02452062406	1199.02452062406	-1.99999999999977	BM	Cercopithecidae	OWM	Hominidae	APE	order
Saguinus_midas	Pan_troglodytes	5883	253761.83	78.0653383511	0.903730747049937	0.642973170067099	0.99934795658889	0.999347956397325	1.40463322175116	1197.02452062406	1199.02452062406	-1.99999999999977	BM	Callitrichidae	PLA	Hominidae	APE	order
Saguinus_oedipus	Pan_troglodytes	5894	253761.83	78.0653383502	0.903690642623844	0.642973170059687	0.999347594913186	0.999347594721531	1.40457038070167	1197.02452062406	1199.02452062406	-1.99999999999977	BM	Callitrichidae	PLA	Hominidae	APE	order
Callimico_goeldii	Pan_troglodytes	6476	253761.83	78.0653383533	0.901568753897877	0.642973170085219	0.999328190736651	0.999328190540163	1.40124520520514	1197.02452062406	1199.02452062406	-1.99999999999977	BM	Callitrichidae	PLA	Hominidae	APE	order
Callithrix_jacchus	Gorilla_beringei	4371	251206.07	78.0653383503	0.899925347433758	0.64297317006051	0.999312794916823	0.99931279471652	1.39866942515796	1197.02452062406	1199.02452062406	-1.99999999999977	BM	Callitrichidae	PLA	Hominidae	APE	order
Alouatta_palliata	Gorilla_gorilla	28560	275016.8	78.065338354	0.898546229137586	0.642973170090985	0.99929962260122	0.999299622397662	1.3965075829523	1197.02452062406	1199.02452062406	-1.99999999999977	BM	Atelidae	PLA	Hominidae	APE	order
Plecturocebus_moloch	Pan_troglodytes	8016.5	253761.83	78.0653383522	0.895952311316514	0.642973170076159	0.999274209572817	0.999274209363013	1.39244074150046	1197.02452062406	1199.02452062406	-1.99999999999977	BM	Pitheciidae	PLA	Hominidae	APE	order
Macaca_mulatta	Gorilla_beringei	55528.67	251206.07	62.1515760327	0.713411802382597	0.511901910764579	0.997438574752758	0.99743857415377	1.39007969381765	1197.02452062406	1199.02452062406	-1.99999999999977	BM	Cercopithecidae	OWM	Hominidae	APE	order
Saguinus_midas	Gorilla_beringei	5883	251206.07	78.0653383511	0.894412811774543	0.642973170067099	0.999258724477429	0.999258724263838	1.39002659373303	1197.02452062406	1199.02452062406	-1.99999999999977	BM	Callitrichidae	PLA	Hominidae	APE	order
Saguinus_oedipus	Gorilla_beringei	5894	251206.07	78.0653383502	0.894372707348451	0.642973170059687	0.999258317015205	0.999258316801515	1.38996369980163	1197.02452062406	1199.02452062406	-1.99999999999977	BM	Callitrichidae	PLA	Hominidae	APE	order
Callimico_goeldii	Gorilla_beringei	6476	251206.07	78.0653383533	0.892250818622483	0.642973170085219	0.999236459503889	0.999236459284877	1.3866356956568	1197.02452062406	1199.02452062406	-1.99999999999977	BM	Callitrichidae	PLA	Hominidae	APE	order
Aotus_trivirgatus	Pan_troglodytes	9453.33	253761.83	78.0653383541	0.890713834721785	0.642973170091808	0.999220255201933	0.999220254978994	1.38422464053284	1197.02452062406	1199.02452062406	-1.99999999999977	BM	Aotidae	PLA	Hominidae	APE	order
Alouatta_seniculus	Gorilla_gorilla	31660	275016.8	78.0653383544	0.887244072693429	0.642973170094279	0.999182492956399	0.999182492724365	1.37878030631452	1197.02452062406	1199.02452062406	-1.99999999999977	BM	Atelidae	PLA	Hominidae	APE	order
Plecturocebus_moloch	Gorilla_beringei	8016.5	251206.07	78.0653383522	0.88663437604112	0.642973170076159	0.999175684737252	0.999175684503587	1.37782344741934	1197.02452062406	1199.02452062406	-1.99999999999977	BM	Pitheciidae	PLA	Hominidae	APE	order
Aotus_trivirgatus	Gorilla_beringei	9453.33	251206.07	78.0653383541	0.881395899446391	0.642973170091808	0.999114983794962	0.999114983546856	1.36959968277772	1197.02452062406	1199.02452062406	-1.99999999999977	BM	Aotidae	PLA	Hominidae	APE	order
Papio_anubis	Cercopithecus_ascanius	140142	45166	29.8369393136	0.346268906593656	0.245747368304268	0.965379407928068	0.965379403674498	1.36026226582984	1197.02452062406	1199.02452062406	-1.99999999999977	BM	Cercopithecidae	OWM	Cercopithecidae	OWM	family
Nasalis_larvatus	Pan_troglodytes	62685	253761.83	62.151576031	0.69663878242379	0.511901910750577	0.996771289720905	0.996771288998347	1.35648944269032	1197.02452062406	1199.02452062406	-1.99999999999977	BM	Cercopithecidae	OWM	Hominidae	APE	order
Semnopithecus_entellus	Pongo_pygmaeus	76110	266455.56	62.1515760357	0.693972676635752	0.511901910789288	0.99665169839156	0.996651697647521	1.3511358958202	1197.02452062406	1199.02452062406	-1.99999999999977	BM	Cercopithecidae	OWM	Hominidae	APE	order
Alouatta_palliata	Pongo_pygmaeus	28560	266455.56	78.065338358	0.867333173061463	0.64297317012393	0.998930939234023	0.998930938943195	1.34749936926313	1197.02452062406	1199.02452062406	-1.99999999999977	BM	Atelidae	PLA	Hominidae	APE	order
Saimiri_sciureus	Pan_troglodytes	15946.83	253761.83	78.065338345	0.867039462828192	0.642973170016858	0.998926742650575	0.99892674235879	1.34703739866745	1197.02452062406	1199.02452062406	-1.99999999999977	BM	Cebidae	PLA	Hominidae	APE	order
Erythrocebus_patas	Pongo_pygmaeus	77141	266455.56	62.151576036	0.69021379815384	0.511901910791759	0.996476231647773	0.996476230872545	1.34358092852563	1197.02452062406	1199.02452062406	-1.99999999999977	BM	Cercopithecidae	OWM	Hominidae	APE	order
Nasalis_larvatus	Gorilla_beringei	62685	251206.07	62.151576031	0.687320847148397	0.511901910750577	0.996335533996256	0.996335533196291	1.33776055312289	1197.02452062406	1199.02452062406	-1.99999999999977	BM	Cercopithecidae	OWM	Hominidae	APE	order
Saimiri_sciureus	Gorilla_beringei	15946.83	251206.07	78.065338345	0.857721527552798	0.642973170016858	0.998785426192353	0.998785425868738	1.33237248675356	1197.02452062406	1199.02452062406	-1.99999999999977	BM	Cebidae	PLA	Hominidae	APE	order
Alouatta_seniculus	Pongo_pygmaeus	31660	266455.56	78.0653383584	0.856031016617305	0.642973170127225	0.998758015315563	0.998758014985861	1.32970997691255	1197.02452062406	1199.02452062406	-1.99999999999977	BM	Atelidae	PLA	Hominidae	APE	order
Papio_anubis	Cercopithecus_nictitans	140142	47800	29.8369393137	0.33666571947304	0.245747368305091	0.960041180298484	0.960041175625899	1.31522447999391	1197.02452062406	1199.02452062406	-1.99999999999977	BM	Cercopithecidae	OWM	Cercopithecidae	OWM	family
Sapajus_apella	Gorilla_gorilla	45000	275016.8	78.065338347	0.838608341414375	0.64297317003333	0.998440288587106	0.998440288188615	1.30223218236294	1197.02452062406	1199.02452062406	-1.99999999999977	BM	Cebidae	PLA	Hominidae	APE	order
Cercopithecus_ascanius	Pan_paniscus	45166	227900	62.1515760317	0.666222017957012	0.511901910756343	0.995144867694892	0.995144866694058	1.29514543310784	1197.02452062406	1199.02452062406	-1.99999999999977	BM	Cercopithecidae	OWM	Hominidae	APE	order
Cebus_albifrons	Gorilla_gorilla	46429	275016.8	78.0653383462	0.83339841187931	0.642973170026741	0.998331653396086	0.998331652974752	1.29400113916813	1197.02452062406	1199.02452062406	-1.99999999999977	BM	Cebidae	PLA	Hominidae	APE	order
Papio_anubis	Cercopithecus_mitis	140142	49933	29.8369393137	0.328889106668075	0.245747368305091	0.955221063950376	0.955221058924067	1.27839335395503	1197.02452062406	1199.02452062406	-1.99999999999977	BM	Cercopithecidae	OWM	Cercopithecidae	OWM	family
Cercopithecus_nictitans	Pan_paniscus	47800	227900	62.1515760318	0.656618830836395	0.511901910757167	0.99449497639346	0.994494975288472	1.27564307721819	1197.02452062406	1199.02452062406	-1.99999999999977	BM	Cercopithecidae	OWM	Hominidae	APE	order
Cebuella_pygmaea	Pan_paniscus	2535	227900	78.0653383507	0.821648544205687	0.642973170063805	0.998060630513174	0.998060630036144	1.27541101599742	1197.02452062406	1199.02452062406	-1.99999999999977	BM	Callitrichidae	PLA	Hominidae	APE	order
Alouatta_palliata	Pan_troglodytes	28560	253761.83	78.065338354	0.821053649732463	0.642973170090985	0.998045888760635	0.998045888280625	1.27446876119488	1197.02452062406	1199.02452062406	-1.99999999999977	BM	Atelidae	PLA	Hominidae	APE	order
Pygathrix_nemaeus	Pan_paniscus	48763	227900	62.1515760308	0.653107870624871	0.51190191074893	0.994238427309599	0.994238426164416	1.26849485910998	1197.02452062406	1199.02452062406	-1.99999999999977	BM	Cercopithecidae	OWM	Hominidae	APE	order
Callithrix_jacchus	Pan_paniscus	4371	227900	78.0653383503	0.814954750905212	0.64297317006051	0.997888709854842	0.997888709343347	1.26480261205043	1197.02452062406	1199.02452062406	-1.99999999999977	BM	Callitrichidae	PLA	Hominidae	APE	order
Cercopithecus_mitis	Pan_paniscus	49933	227900	62.1515760318	0.648842218031431	0.511901910757167	0.99391225471825	0.993912253522659	1.25979649289868	1197.02452062406	1199.02452062406	-1.99999999999977	BM	Cercopithecidae	OWM	Hominidae	APE	order
Alouatta_palliata	Gorilla_beringei	28560	251206.07	78.065338354	0.81173571445707	0.642973170090985	0.997801152400429	0.997801151871616	1.25969615686334	1197.02452062406	1199.02452062406	-1.99999999999977	BM	Atelidae	PLA	Hominidae	APE	order
Semnopithecus_entellus	Pan_troglodytes	76110	253761.83	62.1515760317	0.647693153306752	0.511901910756343	0.993821593463811	0.993821592254342	1.25745075017175	1197.02452062406	1199.02452062406	-1.99999999999977	BM	Cercopithecidae	OWM	Hominidae	APE	order
Alouatta_seniculus	Pan_troglodytes	31660	253761.83	78.0653383544	0.809751493288306	0.642973170094279	0.997745536561482	0.997745536021747	1.25654689142618	1197.02452062406	1199.02452062406	-1.99999999999977	BM	Atelidae	PLA	Hominidae	APE	order
Saguinus_midas	Pan_paniscus	5883	227900	78.0653383511	0.809442215245997	0.642973170067099	0.997736752600331	0.997736752058877	1.25605590536986	1197.02452062406	1199.02452062406	-1.99999999999977	BM	Callitrichidae	PLA	Hominidae	APE	order
Saguinus_oedipus	Pan_paniscus	5894	227900	78.0653383502	0.809402110819904	0.642973170059687	0.997735611280737	0.99773561073906	1.25599223640366	1197.02452062406	1199.02452062406	-1.99999999999977	BM	Callitrichidae	PLA	Hominidae	APE	order
Sapajus_apella	Pongo_pygmaeus	45000	266455.56	78.065338351	0.807395285338252	0.642973170066276	0.997677821742022	0.99767782118907	1.25280557115317	1197.02452062406	1199.02452062406	-1.99999999999977	BM	Cebidae	PLA	Hominidae	APE	order
Callimico_goeldii	Pan_paniscus	6476	227900	78.0653383533	0.807280222093937	0.642973170085219	0.997674467733059	0.997674467179454	1.25262282061046	1197.02452062406	1199.02452062406	-1.99999999999977	BM	Callitrichidae	PLA	Hominidae	APE	order
Piliocolobus_badius	Pan_paniscus	50906	227900	62.151576032	0.645294799250733	0.511901910758814	0.993628435594306	0.993628434355457	1.25255102276566	1197.02452062406	1199.02452062406	-1.99999999999977	BM	Cercopithecidae	OWM	Hominidae	APE	order
Erythrocebus_patas	Pan_troglodytes	77141	253761.83	62.151576032	0.64393427482484	0.511901910758814	0.993516462283609	0.993516461027842	1.24976931951435	1197.02452062406	1199.02452062406	-1.99999999999977	BM	Cercopithecidae	OWM	Hominidae	APE	order
Cebus_albifrons	Pongo_pygmaeus	46429	266455.56	78.0653383502	0.802185355803187	0.642973170059687	0.997521432865986	0.997521432282828	1.24452640142142	1197.02452062406	1199.02452062406	-1.99999999999977	BM	Cebidae	PLA	Hominidae	APE	order
Plecturocebus_moloch	Pan_paniscus	8016.5	227900	78.0653383522	0.801663779512574	0.642973170076159	0.997505257216402	0.997505256630144	1.24369704958147	1197.02452062406	1199.02452062406	-1.99999999999977	BM	Pitheciidae	PLA	Hominidae	APE	order
Mandrillus_sphinx	Gorilla_gorilla	99260	275016.8	62.151576032	0.640784145072438	0.511901910758814	0.993250378906978	0.993250377611335	1.24332236609028	1197.02452062406	1199.02452062406	-1.99999999999977	BM	Cercopithecidae	OWM	Hominidae	APE	order
Alouatta_seniculus	Gorilla_beringei	31660	251206.07	78.0653383544	0.800433558012912	0.642973170094279	0.997466721097566	0.997466720503941	1.24174051687184	1197.02452062406	1199.02452062406	-1.99999999999977	BM	Atelidae	PLA	Hominidae	APE	order
Semnopithecus_entellus	Gorilla_beringei	76110	251206.07	62.1515760317	0.638375218031358	0.511901910756343	0.993040324051137	0.993040322724329	1.23838633937395	1197.02452062406	1199.02452062406	-1.99999999999977	BM	Cercopithecidae	OWM	Hominidae	APE	order
Papio_cynocephalus	Gorilla_gorilla	100100	275016.8	62.1515760319	0.637721625261763	0.51190191075799	0.99298232807344	0.992982326738074	1.23704618171387	1197.02452062406	1199.02452062406	-1.99999999999977	BM	Cercopithecidae	OWM	Hominidae	APE	order
Aotus_trivirgatus	Pan_paniscus	9453.33	227900	78.0653383541	0.796425302917845	0.642973170091808	0.997337356755813	0.997337356137643	1.23536213237656	1197.02452062406	1199.02452062406	-1.99999999999977	BM	Aotidae	PLA	Hominidae	APE	order
Erythrocebus_patas	Gorilla_beringei	77141	251206.07	62.151576032	0.634616339549447	0.511901910758814	0.992700810946289	0.992700809569671	1.23067357567908	1197.02452062406	1199.02452062406	-1.99999999999977	BM	Cercopithecidae	OWM	Hominidae	APE	order
Macaca_mulatta	Pan_paniscus	55528.67	227900	62.1515760327	0.62844120585405	0.511901910764579	0.992110698554867	0.99211069709324	1.2179740505545	1197.02452062406	1199.02452062406	-1.99999999999977	BM	Cercopithecidae	OWM	Hominidae	APE	order
Ateles_geoffroyi	Gorilla_gorilla	59868	275016.8	78.065338351	0.784401740765427	0.642973170066276	0.996912244073064	0.996912243376069	1.21619335929783	1197.02452062406	1199.02452062406	-1.99999999999977	BM	Atelidae	PLA	Hominidae	APE	order
Saimiri_sciureus	Pan_paniscus	15946.83	227900	78.065338345	0.772750931024252	0.642973170016858	0.996442150276574	0.996442149495333	1.19756412124917	1197.02452062406	1199.02452062406	-1.99999999999977	BM	Cebidae	PLA	Hominidae	APE	order
Papio_hamadryas	Papio_cynocephalus	118780	100100	4.8778566854	0.0681046072183446	0.0401757174488752	0.69592145721293	0.695921445843898	1.17970407270553	1197.02452062406	1199.02452062406	-1.99999999999977	BM	Cercopithecidae	OWM	Cercopithecidae	OWM	family
Mandrillus_sphinx	Pongo_pygmaeus	99260	266455.56	62.151576036	0.609571088996315	0.511901910791759	0.990033704062589	0.990033702315723	1.17892883461806	1197.02452062406	1199.02452062406	-1.99999999999977	BM	Cercopithecidae	OWM	Hominidae	APE	order
Sapajus_apella	Pan_troglodytes	45000	253761.83	78.065338347	0.761115762009252	0.64297317003333	0.995908581987859	0.995908581114206	1.17890100955838	1197.02452062406	1199.02452062406	-1.99999999999977	BM	Cebidae	PLA	Hominidae	APE	order
Papio_cynocephalus	Pongo_pygmaeus	100100	266455.56	62.1515760359	0.60650856918564	0.511901910790935	0.989654121878788	0.989654120081881	1.17255609482285	1197.02452062406	1199.02452062406	-1.99999999999977	BM	Cercopithecidae	OWM	Hominidae	APE	order
Cebus_albifrons	Pan_troglodytes	46429	253761.83	78.0653383462	0.755905832474187	0.642973170026741	0.995646920127643	0.995646919209784	1.17052366893963	1197.02452062406	1199.02452062406	-1.99999999999977	BM	Cebidae	PLA	Hominidae	APE	order
Ateles_geoffroyi	Pongo_pygmaeus	59868	266455.56	78.065338355	0.753188684689304	0.642973170099221	0.995504518579996	0.995504517638363	1.16614934155934	1197.02452062406	1199.02452062406	-1.99999999999977	BM	Atelidae	PLA	Hominidae	APE	order
Sapajus_apella	Gorilla_beringei	45000	251206.07	78.065338347	0.751797826733858	0.64297317003333	0.995430004469053	0.995430003515057	1.16390877396442	1197.02452062406	1199.02452062406	-1.99999999999977	BM	Cebidae	PLA	Hominidae	APE	order
Nasalis_larvatus	Pan_paniscus	62685	227900	62.151576031	0.60235025061985	0.511901910750577	0.989118143418296	0.989118141551716	1.1638861841853	1197.02452062406	1199.02452062406	-1.99999999999977	BM	Cercopithecidae	OWM	Hominidae	APE	order
Cebus_albifrons	Gorilla_beringei	46429	251206.07	78.0653383462	0.746587897198793	0.642973170026741	0.995140839064458	0.995140838062967	1.15550716746529	1197.02452062406	1199.02452062406	-1.99999999999977	BM	Cebidae	PLA	Hominidae	APE	order
Alouatta_palliata	Pan_paniscus	28560	227900	78.065338354	0.726765117928523	0.642973170090985	0.993883152186867	0.993883150986816	1.1234055166004	1197.02452062406	1199.02452062406	-1.99999999999977	BM	Atelidae	PLA	Hominidae	APE	order
Macaca_mulatta	Papio_hamadryas	55528.67	118780	22.4016461426	0.230605299019695	0.18450771801242	0.895591334047331	0.895591325897362	1.11934671141253	1197.02452062406	1199.02452062406	-1.99999999999977	BM	Cercopithecidae	OWM	Cercopithecidae	OWM	family
Alouatta_seniculus	Pan_paniscus	31660	227900	78.0653383544	0.715462961484365	0.642973170094279	0.993041374787373	0.99304137346072	1.10499839795446	1197.02452062406	1199.02452062406	-1.99999999999977	BM	Atelidae	PLA	Hominidae	APE	order
Papio_hamadryas	Gorilla_gorilla	118780	275016.8	62.1515760319	0.569617018043419	0.51190191075799	0.983963702086722	0.983963699599807	1.09490208586187	1197.02452062406	1199.02452062406	-1.99999999999977	BM	Cercopithecidae	OWM	Hominidae	APE	order
Ateles_geoffroyi	Pan_troglodytes	59868	253761.83	78.065338351	0.706909161360304	0.642973170066276	0.992336620875857	0.992336619446548	1.09101262868894	1197.02452062406	1199.02452062406	-1.99999999999977	BM	Atelidae	PLA	Hominidae	APE	order
Mandrillus_sphinx	Pan_troglodytes	99260	253761.83	62.151576032	0.563291565667315	0.511901910758814	0.982750553759553	0.982750551137616	1.08140854029447	1197.02452062406	1199.02452062406	-1.99999999999977	BM	Cercopithecidae	OWM	Hominidae	APE	order
Ateles_geoffroyi	Gorilla_beringei	59868	251206.07	78.065338351	0.69759122608491	0.642973170066276	0.991496695692532	0.99149669414443	1.07572046207775	1197.02452062406	1199.02452062406	-1.99999999999977	BM	Atelidae	PLA	Hominidae	APE	order
Papio_cynocephalus	Pan_troglodytes	100100	253761.83	62.1515760319	0.56022904585664	0.51190191075799	0.982134800625032	0.982134797935925	1.07485522263832	1197.02452062406	1199.02452062406	-1.99999999999977	BM	Cercopithecidae	OWM	Hominidae	APE	order
Mandrillus_sphinx	Gorilla_beringei	99260	251206.07	62.151576032	0.553973630391922	0.511901910758814	0.980816976336585	0.980816973506622	1.06142745262619	1197.02452062406	1199.02452062406	-1.99999999999977	BM	Cercopithecidae	OWM	Hominidae	APE	order
Semnopithecus_entellus	Pan_paniscus	76110	227900	62.1515760317	0.553404621502812	0.511901910756343	0.980692990250952	0.980692987407933	1.06020317892233	1197.02452062406	1199.02452062406	-1.99999999999977	BM	Cercopithecidae	OWM	Hominidae	APE	order
Papio_cynocephalus	Gorilla_beringei	100100	251206.07	62.1515760319	0.550911110581247	0.51190191075799	0.980141363469716	0.980141360569001	1.05483248983417	1197.02452062406	1199.02452062406	-1.99999999999977	BM	Cercopithecidae	OWM	Hominidae	APE	order
Erythrocebus_patas	Pan_paniscus	77141	227900	62.151576032	0.5496457430209	0.511901910758814	0.97985620570907	0.979856202778778	1.05210350053637	1197.02452062406	1199.02452062406	-1.99999999999977	BM	Cercopithecidae	OWM	Hominidae	APE	order
Gorilla_gorilla	Carlito_syrichta	275016.8	1718.67	115.745494551	0.996405877792189	0.953319989695427	0.997976341537918	0.997976341043912	1.04308050114801	1197.02452062406	1199.02452062406	-1.99999999999977	BM	Hominidae	APE	Tarsiidae	TAR	order
Papio_hamadryas	Pongo_pygmaeus	118780	266455.56	62.1515760359	0.538403961967296	0.511901910790935	0.97716197451678	0.977161971314892	1.02775134742266	1197.02452062406	1199.02452062406	-1.99999999999977	BM	Cercopithecidae	OWM	Hominidae	APE	order
Sapajus_apella	Pan_paniscus	45000	227900	78.065338347	0.666827230205312	0.64297317003333	0.988108831230093	0.988108829235266	1.02476729322378	1197.02452062406	1199.02452062406	-1.99999999999977	BM	Cebidae	PLA	Hominidae	APE	order
Cebus_albifrons	Pan_paniscus	46429	227900	78.0653383462	0.661617300670247	0.642973170026741	0.98742929489005	0.987429292810912	1.01606153280192	1197.02452062406	1199.02452062406	-1.99999999999977	BM	Cebidae	PLA	Hominidae	APE	order
Pongo_pygmaeus	Carlito_syrichta	266455.56	1718.67	115.745494555	0.965192821716065	0.953319989728372	0.997210627213965	0.997210626572012	1.00963008171069	1197.02452062406	1199.02452062406	-1.99999999999977	BM	Hominidae	APE	Tarsiidae	TAR	order
Gorilla_gorilla	Microcebus_murinus	275016.8	732.86	121.41305731	1	0.99999999993658	0.997511232182636	0.997511231597523	0.997511232245898	1197.02452062406	1199.02452062406	-1.99999999999977	BM	Hominidae	APE	Cheirogaleidae	STR	order
Gorilla_gorilla	Cheirogaleus_medius	275016.8	1154	121.41305731	0.998464583817776	0.99999999993658	0.997472750188858	0.997472749596384	0.995941214450053	1197.02452062406	1199.02452062406	-1.99999999999977	BM	Hominidae	APE	Cheirogaleidae	STR	order
Gorilla_gorilla	Galago_senegalensis	275016.8	1854.5	121.413057313	0.995910661047089	0.999999999961289	0.997407534167501	0.997407533562612	0.993328796724555	1197.02452062406	1199.02452062406	-1.99999999999977	BM	Hominidae	APE	Galagidae	STR	order
Gorilla_gorilla	Cheirogaleus_major	275016.8	2938	121.41305731	0.99196037507701	0.99999999993658	0.997303625616359	0.997303624991834	0.989285678594805	1197.02452062406	1199.02452062406	-1.99999999999977	BM	Hominidae	APE	Cheirogaleidae	STR	order
Gorilla_gorilla	Lepilemur_ruficaudatus	275016.8	3282	121.413057307	0.9907062002974	0.999999999911871	0.99726984828129	0.997269847650419	0.988001422148992	1197.02452062406	1199.02452062406	-1.99999999999977	BM	Hominidae	APE	Lepilemuridae	STR	order
Gorilla_gorilla	Loris_tardigradus	275016.8	3524	121.4130573117	0.989823902923372	0.999999999950582	0.997245855167008	0.99724585453164	0.987097784584344	1197.02452062406	1199.02452062406	-1.99999999999977	BM	Hominidae	APE	Lorisidae	STR	order
Gorilla_gorilla	Otolemur_crassicaudatus	275016.8	4372	121.413057313	0.986732216257357	0.999999999961289	0.997160252199286	0.997160251547948	0.983930145654435	1197.02452062406	1199.02452062406	-1.99999999999977	BM	Hominidae	APE	Galagidae	STR	order
Gorilla_gorilla	Avahi_laniger	275016.8	4813	121.413057308	0.985124393356753	0.999999999920108	0.997114780810751	0.997114780150975	0.98228209363172	1197.02452062406	1199.02452062406	-1.99999999999977	BM	Hominidae	APE	Indriidae	STR	order
Papio_hamadryas	Cercopithecus_ascanius	118780	45166	29.8369393136	0.268386111122656	0.245747368304268	0.898487448525218	0.898487440488218	0.981257922988766	1197.02452062406	1199.02452062406	-1.99999999999977	BM	Cercopithecidae	OWM	Cercopithecidae	OWM	family
Gorilla_gorilla	Nycticebus_coucang	275016.8	5951.33	121.4130573114	0.980974205051889	0.999999999948111	0.996994319251865	0.996994318569882	0.978025709820096	1197.02452062406	1199.02452062406	-1.99999999999977	BM	Hominidae	APE	Lorisidae	STR	order
Gorilla_gorilla	Perodicticus_potto	275016.8	5972	121.413057312	0.980898845189405	0.999999999953053	0.996992090088329	0.996992089405937	0.977948389876524	1197.02452062406	1199.02452062406	-1.99999999999977	BM	Hominidae	APE	Lorisidae	STR	order
Papio_anubis	Pygathrix_nemaeus	140142	48763	38.5936741527	0.333154759261516	0.317870869948629	0.926115004252937	0.926114997465255	0.970644530403897	1197.02452062406	1199.02452062406	-1.99999999999977	BM	Cercopithecidae	OWM	Cercopithecidae	OWM	family
Pongo_pygmaeus	Microcebus_murinus	266455.56	732.86	121.413057314	0.968786943923877	0.999999999969525	0.996613580060606	0.996613579309759	0.965506224529372	1197.02452062406	1199.02452062406	-1.99999999999977	BM	Hominidae	APE	Cheirogaleidae	STR	order
Pongo_pygmaeus	Cheirogaleus_medius	266455.56	1154	121.413057314	0.967251527741653	0.999999999969526	0.996562618222242	0.996562617462322	0.963926714995061	1197.02452062406	1199.02452062406	-1.99999999999977	BM	Hominidae	APE	Cheirogaleidae	STR	order
Pongo_pygmaeus	Galago_senegalensis	266455.56	1854.5	121.413057317	0.964697604970965	0.999999999994235	0.996476302907533	0.996476302132318	0.961298302830761	1197.02452062406	1199.02452062406	-1.99999999999977	BM	Hominidae	APE	Galagidae	STR	order
Pan_troglodytes	Carlito_syrichta	253761.83	1718.67	115.745494551	0.918913298387065	0.953319989695427	0.995582169032379	0.995582168103686	0.9596501748098	1197.02452062406	1199.02452062406	-1.99999999999977	BM	Hominidae	APE	Tarsiidae	TAR	order
Gorilla_gorilla	Lemur_catta	275016.8	11080	121.413057312	0.962275808054967	0.999999999953053	0.996392636080947	0.996392635290993	0.958804529069824	1197.02452062406	1199.02452062406	-1.99999999999977	BM	Hominidae	APE	Lemuridae	STR	order
Pongo_pygmaeus	Cheirogaleus_major	266455.56	2938	121.413057314	0.960747319000886	0.999999999969526	0.996338904819782	0.996338904020408	0.957229931651056	1197.02452062406	1199.02452062406	-1.99999999999977	BM	Hominidae	APE	Cheirogaleidae	STR	order
Pongo_pygmaeus	Lepilemur_ruficaudatus	266455.56	3282	121.413057311	0.959493144221277	0.999999999944816	0.996294274155071	0.996294273347896	0.955937525731455	1197.02452062406	1199.02452062406	-1.99999999999977	BM	Hominidae	APE	Lepilemuridae	STR	order
Gorilla_gorilla	Eulemur_mongoz	275016.8	12030	121.413057311	0.95881224398337	0.999999999944816	0.996269837230383	0.996269836418948	0.955235718300524	1197.02452062406	1199.02452062406	-1.99999999999977	BM	Hominidae	APE	Lemuridae	STR	order
Pongo_pygmaeus	Loris_tardigradus	266455.56	3524	121.4130573157	0.958610846847249	0.999999999983527	0.996262581239942	0.996262580427242	0.955028116700379	1197.02452062406	1199.02452062406	-1.99999999999977	BM	Hominidae	APE	Lorisidae	STR	order
Gorilla_gorilla	Eulemur_fulvus	275016.8	12207	121.4130573104	0.958166927308978	0.999999999939875	0.996246542262452	0.996246541446961	0.954570488299201	1197.02452062406	1199.02452062406	-1.99999999999977	BM	Hominidae	APE	Lemuridae	STR	order
Gorilla_gorilla	Propithecus_verreauxi	275016.8	12843.33	121.413057311	0.955846959176684	0.999999999944817	0.996161698605953	0.996161697775742	0.952178130513324	1197.02452062406	1199.02452062406	-1.99999999999977	BM	Hominidae	APE	Indriidae	STR	order
Pongo_pygmaeus	Otolemur_crassicaudatus	266455.56	4372	121.413057317	0.955519160181234	0.999999999994235	0.99614957116692	0.996149570334612	0.9518400016618	1197.02452062406	1199.02452062406	-1.99999999999977	BM	Hominidae	APE	Galagidae	STR	order
Pongo_pygmaeus	Avahi_laniger	266455.56	4813	121.413057312	0.95391133728063	0.999999999953053	0.996089581592679	0.99608958075002	0.950181144872984	1197.02452062406	1199.02452062406	-1.99999999999977	BM	Hominidae	APE	Indriidae	STR	order
Gorilla_beringei	Carlito_syrichta	251206.07	1718.67	115.745494551	0.909595363111672	0.953319989695427	0.995164761149781	0.995164760152192	0.949520897556312	1197.02452062406	1199.02452062406	-1.99999999999977	BM	Hominidae	APE	Tarsiidae	TAR	order
Pongo_pygmaeus	Nycticebus_coucang	266455.56	5951.33	121.4130573154	0.949761148975766	0.999999999981056	0.995930789945362	0.995930789075494	0.945896371376768	1197.02452062406	1199.02452062406	-1.99999999999977	BM	Hominidae	APE	Lorisidae	STR	order
Pongo_pygmaeus	Perodicticus_potto	266455.56	5972	121.413057316	0.949685789113282	0.999999999985998	0.9959278532381	0.99592785236773	0.945818529215565	1197.02452062406	1199.02452062406	-1.99999999999977	BM	Hominidae	APE	Lorisidae	STR	order
Gorilla_gorilla	Varecia_variegata	275016.8	15293	121.413057313	0.946915812861664	0.999999999961289	0.995818565807497	0.995818564918558	0.942956346740845	1197.02452062406	1199.02452062406	-1.99999999999977	BM	Hominidae	APE	Lemuridae	STR	order
Papio_anubis	Piliocolobus_badius	140142	50906	38.5936741539	0.325341687887377	0.317870869958512	0.91908628763453	0.91908628049664	0.940687280253734	1197.02452062406	1199.02452062406	-1.99999999999977	BM	Cercopithecidae	OWM	Cercopithecidae	OWM	family
Ateles_geoffroyi	Pan_paniscus	59868	227900	78.065338351	0.612620629556364	0.642973170066276	0.979160704439691	0.979160701437949	0.932937912679724	1197.02452062406	1199.02452062406	-1.99999999999977	BM	Atelidae	PLA	Hominidae	APE	order
Papio_hamadryas	Cercopithecus_nictitans	118780	47800	29.8369393137	0.25878292400204	0.245747368305091	0.885657180538384	0.885657172023175	0.932636456796501	1197.02452062406	1199.02452062406	-1.99999999999977	BM	Cercopithecidae	OWM	Cercopithecidae	OWM	family
Pongo_pygmaeus	Lemur_catta	266455.56	11080	121.413057316	0.931062751978843	0.999999999985998	0.995140292983356	0.995140291981777	0.926538059803089	1197.02452062406	1199.02452062406	-1.99999999999977	BM	Hominidae	APE	Lemuridae	STR	order
Papio_hamadryas	Pan_troglodytes	118780	253761.83	62.1515760319	0.492124438638296	0.51190191075799	0.962518847200937	0.962518842719033	0.925331664920235	1197.02452062406	1199.02452062406	-1.99999999999977	BM	Cercopithecidae	OWM	Hominidae	APE	order
Gorilla_gorilla	Indri_indri	275016.8	20114	121.413057306	0.92933913666254	0.999999999903635	0.995060846288749	0.995060845274251	0.924748987905796	1197.02452062406	1199.02452062406	-1.99999999999977	BM	Hominidae	APE	Indriidae	STR	order
Papio_anubis	Gorilla_gorilla	140142	275016.8	62.1515760319	0.491734222572419	0.51190191075799	0.96236742945167	0.96236742495793	0.92445249725618	1197.02452062406	1199.02452062406	-1.99999999999977	BM	Cercopithecidae	OWM	Hominidae	APE	order
Pongo_pygmaeus	Eulemur_mongoz	266455.56	12030	121.413057315	0.927599187907247	0.999999999977762	0.994979457113766	0.994979456086091	0.922942136423648	1197.02452062406	1199.02452062406	-1.99999999999977	BM	Hominidae	APE	Lemuridae	STR	order
Pongo_pygmaeus	Eulemur_fulvus	266455.56	12207	121.4130573144	0.926953871232855	0.99999999997282	0.9949489643371	0.994948963304503	0.922271794196462	1197.02452062406	1199.02452062406	-1.99999999999977	BM	Hominidae	APE	Lemuridae	STR	order
Pongo_pygmaeus	Propithecus_verreauxi	266455.56	12843.33	121.413057315	0.924633903100561	0.999999999977762	0.994837952339917	0.994837951289464	0.919860898845083	1197.02452062406	1199.02452062406	-1.99999999999977	BM	Hominidae	APE	Indriidae	STR	order
Pan_troglodytes	Microcebus_murinus	253761.83	732.86	121.41305731	0.922507420594877	0.99999999993658	0.994734267109467	0.994734266042428	0.917649742986687	1197.02452062406	1199.02452062406	-1.99999999999977	BM	Hominidae	APE	Cheirogaleidae	STR	order
Pan_troglodytes	Cheirogaleus_medius	253761.83	1154	121.41305731	0.920972004412653	0.99999999993658	0.994658236063746	0.994658234984601	0.916052389431278	1197.02452062406	1199.02452062406	-1.99999999999977	BM	Hominidae	APE	Cheirogaleidae	STR	order
Gorilla_gorilla	Daubentonia_madagascariensis	275016.8	23098.5	121.413057308	0.91845807669235	0.999999999920108	0.99453160830213	0.994531607202923	0.913435588243901	1197.02452062406	1199.02452062406	-1.99999999999977	BM	Hominidae	APE	Daubentoniidae	STR	order
Pan_troglodytes	Galago_senegalensis	253761.83	1854.5	121.413057313	0.918418081641966	0.999999999961289	0.994529572016484	0.994529570916955	0.913393941702942	1197.02452062406	1199.02452062406	-1.99999999999977	BM	Hominidae	APE	Galagidae	STR	order
Pongo_pygmaeus	Varecia_variegata	266455.56	15293	121.413057317	0.915702756785541	0.999999999994235	0.994389714495773	0.994389713374233	0.910565402888217	1197.02452062406	1199.02452062406	-1.99999999999977	BM	Hominidae	APE	Lemuridae	STR	order
Pan_troglodytes	Cheirogaleus_major	253761.83	2938	121.41305731	0.914467795671887	0.99999999993658	0.994325044924999	0.994325043793332	0.909278232071579	1197.02452062406	1199.02452062406	-1.99999999999977	BM	Hominidae	APE	Cheirogaleidae	STR	order
Pan_troglodytes	Lepilemur_ruficaudatus	253761.83	3282	121.413057307	0.913213620892277	0.999999999911871	0.994258681795932	0.994258680653905	0.907970570986464	1197.02452062406	1199.02452062406	-1.99999999999977	BM	Hominidae	APE	Lepilemuridae	STR	order
Gorilla_beringei	Microcebus_murinus	251206.07	732.86	121.41305731	0.913189485319483	0.99999999993658	0.994257397855692	0.994257396713464	0.907945401480509	1197.02452062406	1199.02452062406	-1.99999999999977	BM	Hominidae	APE	Cheirogaleidae	STR	order
Pan_troglodytes	Loris_tardigradus	253761.83	3524	121.4130573117	0.912331323518249	0.999999999950582	0.994211577625222	0.994211576475861	0.90705036451681	1197.02452062406	1199.02452062406	-1.99999999999977	BM	Hominidae	APE	Lorisidae	STR	order
Gorilla_beringei	Cheirogaleus_medius	251206.07	1154	121.41305731	0.91165406913726	0.99999999993658	0.994175184224002	0.994175183068986	0.906343852190576	1197.02452062406	1199.02452062406	-1.99999999999977	BM	Hominidae	APE	Cheirogaleidae	STR	order
Papio_hamadryas	Gorilla_beringei	118780	251206.07	62.1515760319	0.482806503362902	0.51190191075799	0.958758316072102	0.958758311303224	0.904264548392586	1197.02452062406	1199.02452062406	-1.99999999999977	BM	Cercopithecidae	OWM	Hominidae	APE	order
Pan_troglodytes	Otolemur_crassicaudatus	253761.83	4372	121.413057313	0.909239636852234	0.999999999961289	0.994043756043712	0.994043754868353	0.903823983795403	1197.02452062406	1199.02452062406	-1.99999999999977	BM	Hominidae	APE	Galagidae	STR	order
Gorilla_beringei	Galago_senegalensis	251206.07	1854.5	121.413057313	0.909100146366572	0.999999999961289	0.994036081936836	0.994036080760292	0.903678347617413	1197.02452062406	1199.02452062406	-1.99999999999977	BM	Hominidae	APE	Galagidae	STR	order
Pan_troglodytes	Avahi_laniger	253761.83	4813	121.413057308	0.90763181395163	0.999999999920108	0.993954759063547	0.993954757874482	0.902144961026776	1197.02452062406	1199.02452062406	-1.99999999999977	BM	Hominidae	APE	Indriidae	STR	order
Gorilla_beringei	Cheirogaleus_major	251206.07	2938	121.41305731	0.905149860396493	0.99999999993658	0.993815023410967	0.993815022200496	0.899551529757424	1197.02452062406	1199.02452062406	-1.99999999999977	BM	Hominidae	APE	Cheirogaleidae	STR	order
Gorilla_beringei	Lepilemur_ruficaudatus	251206.07	3282	121.413057307	0.903895685616883	0.999999999911871	0.993743312159509	0.993743310938104	0.898240292550773	1197.02452062406	1199.02452062406	-1.99999999999977	BM	Hominidae	APE	Lepilemuridae	STR	order
Pan_troglodytes	Nycticebus_coucang	253761.83	5951.33	121.4130573114	0.903481625646766	0.999999999948111	0.993719473195541	0.993719471970509	0.897807285126141	1197.02452062406	1199.02452062406	-1.99999999999977	BM	Hominidae	APE	Lorisidae	STR	order
Pan_troglodytes	Perodicticus_potto	253761.83	5972	121.413057312	0.903406265784282	0.999999999953053	0.993715125665553	0.99371512443986	0.897728470973022	1197.02452062406	1199.02452062406	-1.99999999999977	BM	Hominidae	APE	Lorisidae	STR	order
Gorilla_beringei	Loris_tardigradus	251206.07	3524	121.4130573117	0.903013388242855	0.999999999950582	0.993692416554667	0.993692415325523	0.897317555988604	1197.02452062406	1199.02452062406	-1.99999999999977	BM	Hominidae	APE	Lorisidae	STR	order
Gorilla_beringei	Otolemur_crassicaudatus	251206.07	4372	121.413057313	0.89992170157684	0.999999999961289	0.993511117750899	0.993511116494327	0.894082215656508	1197.02452062406	1199.02452062406	-1.99999999999977	BM	Hominidae	APE	Galagidae	STR	order
Papio_hamadryas	Cercopithecus_mitis	118780	49933	29.8369393137	0.251006311197076	0.245747368305091	0.874359398571662	0.874359389679792	0.893070508993196	1197.02452062406	1199.02452062406	-1.99999999999977	BM	Cercopithecidae	OWM	Cercopithecidae	OWM	family
Gorilla_beringei	Avahi_laniger	251206.07	4813	121.413057308	0.898313878676236	0.999999999920108	0.993414992921157	0.993414991650131	0.892398475497426	1197.02452062406	1199.02452062406	-1.99999999999977	BM	Hominidae	APE	Indriidae	STR	order
Pongo_pygmaeus	Indri_indri	266455.56	20114	121.41305731	0.898126080586417	0.99999999993658	0.993403682164708	0.993403680891985	0.892201755559287	1197.02452062406	1199.02452062406	-1.99999999999977	BM	Hominidae	APE	Indriidae	STR	order
Gorilla_beringei	Nycticebus_coucang	251206.07	5951.33	121.4130573114	0.894163690371372	0.999999999948111	0.993160925373909	0.993160924064962	0.888048438211061	1197.02452062406	1199.02452062406	-1.99999999999977	BM	Hominidae	APE	Lorisidae	STR	order
Gorilla_beringei	Perodicticus_potto	251206.07	5972	121.413057312	0.894088330508888	0.999999999953053	0.993156231643354	0.99315623033371	0.887969397126192	1197.02452062406	1199.02452062406	-1.99999999999977	BM	Hominidae	APE	Lorisidae	STR	order
Pongo_pygmaeus	Daubentonia_madagascariensis	266455.56	23098.5	121.413057312	0.887245020616227	0.999999999953053	0.992717742659513	0.992717741285364	0.880783874093384	1197.02452062406	1199.02452062406	-1.99999999999977	BM	Hominidae	APE	Daubentoniidae	STR	order
Pan_troglodytes	Lemur_catta	253761.83	11080	121.413057312	0.884783228649844	0.999999999953053	0.992553939108958	0.992553937711001	0.878195078895173	1197.02452062406	1199.02452062406	-1.99999999999977	BM	Hominidae	APE	Lemuridae	STR	order
Pan_troglodytes	Eulemur_mongoz	253761.83	12030	121.413057311	0.881319664578247	0.999999999944817	0.992317883943964	0.992317882511965	0.874549264680751	1197.02452062406	1199.02452062406	-1.99999999999977	BM	Hominidae	APE	Lemuridae	STR	order
Pan_troglodytes	Eulemur_fulvus	253761.83	12207	121.4130573104	0.880674347903855	0.999999999939875	0.99227316914672	0.992273167708307	0.87386952623332	1197.02452062406	1199.02452062406	-1.99999999999977	BM	Hominidae	APE	Lemuridae	STR	order
Mandrillus_sphinx	Pan_paniscus	99260	227900	62.151576032	0.469003033863375	0.511901910758814	0.9526031902316	0.952603185021967	0.872772257529336	1197.02452062406	1199.02452062406	-1.99999999999977	BM	Cercopithecidae	OWM	Hominidae	APE	order
Pan_troglodytes	Propithecus_verreauxi	253761.83	12843.33	121.413057311	0.878354379771561	0.999999999944817	0.992110482858936	0.99211048139728	0.871424587884512	1197.02452062406	1199.02452062406	-1.99999999999977	BM	Hominidae	APE	Indriidae	STR	order
Gorilla_beringei	Lemur_catta	251206.07	11080	121.413057312	0.87546529337445	0.999999999953053	0.991903601865147	0.991903600374137	0.868377177846813	1197.02452062406	1199.02452062406	-1.99999999999977	BM	Hominidae	APE	Lemuridae	STR	order
Papio_cynocephalus	Pan_paniscus	100100	227900	62.1515760319	0.4659405140527	0.51190191075799	0.951137564244205	0.951137558934455	0.865739151007575	1197.02452062406	1199.02452062406	-1.99999999999977	BM	Cercopithecidae	OWM	Hominidae	APE	order
Gorilla_beringei	Eulemur_mongoz	251206.07	12030	121.413057311	0.872001729302853	0.999999999944816	0.991649192091823	0.99164919056502	0.864719810413565	1197.02452062406	1199.02452062406	-1.99999999999977	BM	Hominidae	APE	Lemuridae	STR	order
Gorilla_beringei	Eulemur_fulvus	251206.07	12207	121.4130573104	0.871356412628461	0.999999999939875	0.991601008876753	0.991601007343208	0.864037897905561	1197.02452062406	1199.02452062406	-1.99999999999977	BM	Hominidae	APE	Lemuridae	STR	order
Pan_troglodytes	Varecia_variegata	253761.83	15293	121.413057313	0.869423233456541	0.999999999961289	0.991455174409876	0.991455172855996	0.861994163596022	1197.02452062406	1199.02452062406	-1.99999999999977	BM	Hominidae	APE	Lemuridae	STR	order
Gorilla_beringei	Propithecus_verreauxi	251206.07	12843.33	121.413057311	0.869036444496167	0.999999999944817	0.991425725615604	0.99142572405763	0.861585087618562	1197.02452062406	1199.02452062406	-1.99999999999977	BM	Hominidae	APE	Indriidae	STR	order
Pan_paniscus	Carlito_syrichta	227900	1718.67	115.745494551	0.824624766583125	0.953319989695427	0.989368465110655	0.989368463276476	0.855806810331582	1197.02452062406	1199.02452062406	-1.99999999999977	BM	Hominidae	APE	Tarsiidae	TAR	order
Papio_anubis	Pongo_pygmaeus	140142	266455.56	62.1515760359	0.460521166496296	0.511901910790935	0.948450812764556	0.948450807275741	0.853252674880281	1197.02452062406	1199.02452062406	-1.99999999999977	BM	Cercopithecidae	OWM	Hominidae	APE	order
Gorilla_beringei	Varecia_variegata	251206.07	15293	121.413057313	0.860105298181148	0.999999999961289	0.99072001741408	0.990720015759248	0.852123536024955	1197.02452062406	1199.02452062406	-1.99999999999977	BM	Hominidae	APE	Lemuridae	STR	order
Pan_troglodytes	Indri_indri	253761.83	20114	121.413057306	0.851846557257417	0.999999999903635	0.990021788874317	0.990021787125872	0.843346652543686	1197.02452062406	1199.02452062406	-1.99999999999977	BM	Hominidae	APE	Indriidae	STR	order
Gorilla_beringei	Indri_indri	251206.07	20114	121.413057306	0.842528621982023	0.999999999903635	0.989178152900653	0.98917815104182	0.833410906138423	1197.02452062406	1199.02452062406	-1.99999999999977	BM	Hominidae	APE	Indriidae	STR	order
Pan_troglodytes	Daubentonia_madagascariensis	253761.83	23098.5	121.413057308	0.840965497287227	0.999999999920108	0.989030580238079	0.989030578360225	0.831740593808641	1197.02452062406	1199.02452062406	-1.99999999999977	BM	Hominidae	APE	Daubentoniidae	STR	order
Gorilla_beringei	Daubentonia_madagascariensis	251206.07	23098.5	121.413057308	0.831647562011833	0.999999999920108	0.988113210476618	0.988113208482341	0.821761942550217	1197.02452062406	1199.02452062406	-1.99999999999977	BM	Hominidae	APE	Daubentoniidae	STR	order
Pan_paniscus	Gorilla_gorilla	227900	275016.8	20.238906202	0.171781111209063	0.16669464264491	0.796845714713046	0.796845704090767	0.82116041741769	1197.02452062406	1199.02452062406	-1.99999999999977	BM	Hominidae	APE	Hominidae	APE	family
Pan_paniscus	Microcebus_murinus	227900	732.86	121.41305731	0.828218888790937	0.99999999993658	0.9877589027529	0.987758900714462	0.818080580883244	1197.02452062406	1199.02452062406	-1.99999999999977	BM	Hominidae	APE	Cheirogaleidae	STR	order
Pan_paniscus	Cheirogaleus_medius	227900	1154	121.41305731	0.826683472608713	0.99999999993658	0.98759722702149	0.987597224963043	0.816430305224639	1197.02452062406	1199.02452062406	-1.99999999999977	BM	Hominidae	APE	Cheirogaleidae	STR	order
Pan_paniscus	Galago_senegalensis	227900	1854.5	121.413057313	0.824129549838026	0.999999999961289	0.987324112975183	0.987324110883134	0.813682976801963	1197.02452062406	1199.02452062406	-1.99999999999977	BM	Hominidae	APE	Galagidae	STR	order
Pan_paniscus	Cheirogaleus_major	227900	2938	121.41305731	0.820179263867946	0.99999999993658	0.986891183586317	0.986891181441505	0.809427684522926	1197.02452062406	1199.02452062406	-1.99999999999977	BM	Hominidae	APE	Cheirogaleidae	STR	order
Pan_paniscus	Lepilemur_ruficaudatus	227900	3282	121.413057307	0.818925089088337	0.999999999911871	0.986751024364157	0.986751022202391	0.80807517060664	1197.02452062406	1199.02452062406	-1.99999999999977	BM	Hominidae	APE	Lepilemuridae	STR	order
Pan_paniscus	Loris_tardigradus	227900	3524	121.4130573117	0.818042791714309	0.999999999950582	0.986651631734208	0.986651629560457	0.807123255313216	1197.02452062406	1199.02452062406	-1.99999999999977	BM	Hominidae	APE	Lorisidae	STR	order
Pan_paniscus	Otolemur_crassicaudatus	227900	4372	121.413057313	0.814951105048294	0.999999999961289	0.98629812632199	0.98629812410586	0.803784747984283	1197.02452062406	1199.02452062406	-1.99999999999977	BM	Hominidae	APE	Galagidae	STR	order
Pan_paniscus	Avahi_laniger	227900	4813	121.413057308	0.81334328214769	0.999999999920108	0.986111038745451	0.986111036507046	0.80204678887937	1197.02452062406	1199.02452062406	-1.99999999999977	BM	Hominidae	APE	Indriidae	STR	order
Pan_paniscus	Nycticebus_coucang	227900	5951.33	121.4130573114	0.809193093842826	0.999999999948111	0.985617656682488	0.985617654385839	0.797555000998403	1197.02452062406	1199.02452062406	-1.99999999999977	BM	Hominidae	APE	Lorisidae	STR	order
Pan_paniscus	Perodicticus_potto	227900	5972	121.413057312	0.809117733980342	0.999999999953053	0.985608556652988	0.985608554355271	0.79747336198814	1197.02452062406	1199.02452062406	-1.99999999999977	BM	Hominidae	APE	Lorisidae	STR	order
Papio_anubis	Erythrocebus_patas	140142	77141	29.8369393139	0.229692631657544	0.245747368306739	0.838928031654203	0.838928021807728	0.784120654840207	1197.02452062406	1199.02452062406	-1.99999999999977	BM	Cercopithecidae	OWM	Cercopithecidae	OWM	family
Pan_paniscus	Lemur_catta	227900	11080	121.413057312	0.790494696845904	0.999999999953053	0.983198008481933	0.983198005909375	0.77721281169091	1197.02452062406	1199.02452062406	-1.99999999999977	BM	Hominidae	APE	Lemuridae	STR	order
Pan_paniscus	Eulemur_mongoz	227900	12030	121.413057311	0.787031132774307	0.999999999944817	0.982712528746137	0.982712526120028	0.773425354733256	1197.02452062406	1199.02452062406	-1.99999999999977	BM	Hominidae	APE	Lemuridae	STR	order
Papio_anubis	Nasalis_larvatus	140142	62685	38.5936741529	0.282397139256495	0.317870869950276	0.870232135008246	0.870232125988266	0.773116031216836	1197.02452062406	1199.02452062406	-1.99999999999977	BM	Cercopithecidae	OWM	Cercopithecidae	OWM	family
Pan_paniscus	Eulemur_fulvus	227900	12207	121.4130573104	0.786385816099915	0.999999999939875	0.982620728897703	0.982620726261531	0.772719003857373	1197.02452062406	1199.02452062406	-1.99999999999977	BM	Hominidae	APE	Lemuridae	STR	order
Pan_paniscus	Propithecus_verreauxi	227900	12843.33	121.413057311	0.784065847967621	0.999999999944817	0.982287160409417	0.982287157736849	0.770177815416617	1197.02452062406	1199.02452062406	-1.99999999999977	BM	Hominidae	APE	Indriidae	STR	order
Pan_paniscus	Varecia_variegata	227900	15293	121.413057313	0.775134701652601	0.999999999961289	0.980950088553163	0.980950085737256	0.760368454256183	1197.02452062406	1199.02452062406	-1.99999999999977	BM	Hominidae	APE	Lemuridae	STR	order
Papio_anubis	Pan_troglodytes	140142	253761.83	62.1515760319	0.414241643167296	0.51190191075799	0.920093724741317	0.920093717652141	0.744558925049513	1197.02452062406	1199.02452062406	-1.99999999999977	BM	Cercopithecidae	OWM	Hominidae	APE	order
Pan_paniscus	Indri_indri	227900	20114	121.413057306	0.757558025453477	0.999999999903635	0.978059051278459	0.978059048165478	0.740936483734811	1197.02452062406	1199.02452062406	-1.99999999999977	BM	Hominidae	APE	Indriidae	STR	order
Cebuella_pygmaea	Papio_anubis	2535	140142	78.0653383526	0.501695432842331	0.642973170079454	0.941570198440187	0.941570192517264	0.734683016710504	1197.02452062406	1199.02452062406	-1.99999999999977	BM	Callitrichidae	PLA	Cercopithecidae	OWM	order
Papio_anubis	Mandrillus_sphinx	140142	99260	18.5708053179	0.14904992250002	0.152955585899678	0.750983496059183	0.750983484931998	0.731807414734309	1197.02452062406	1199.02452062406	-1.99999999999977	BM	Cercopithecidae	OWM	Cercopithecidae	OWM	family
Pan_paniscus	Daubentonia_madagascariensis	227900	23098.5	121.413057308	0.746676965483287	0.999999999920108	0.976084038804966	0.97608403549815	0.72881946820979	1197.02452062406	1199.02452062406	-1.99999999999977	BM	Hominidae	APE	Daubentoniidae	STR	order
Papio_anubis	Gorilla_beringei	140142	251206.07	62.1515760319	0.404923707891902	0.51190191075799	0.913073480461728	0.913073473042855	0.722257705072566	1197.02452062406	1199.02452062406	-1.99999999999977	BM	Cercopithecidae	OWM	Hominidae	APE	order
Callithrix_jacchus	Papio_anubis	4371	140142	78.0653383522	0.495001639541856	0.642973170076159	0.938127666658572	0.938127660530602	0.722230342893723	1197.02452062406	1199.02452062406	-1.99999999999977	BM	Callitrichidae	PLA	Cercopithecidae	OWM	order
Saguinus_midas	Papio_anubis	5883	140142	78.065338353	0.489489103882641	0.642973170082748	0.935168107420586	0.935168101122316	0.711934214645405	1197.02452062406	1199.02452062406	-1.99999999999977	BM	Callitrichidae	PLA	Cercopithecidae	OWM	order
Saguinus_oedipus	Papio_anubis	5894	140142	78.0653383521	0.489448999456549	0.642973170075336	0.93514615562234	0.935146149322826	0.711859174716985	1197.02452062406	1199.02452062406	-1.99999999999977	BM	Callitrichidae	PLA	Cercopithecidae	OWM	order
Callimico_goeldii	Papio_anubis	6476	140142	78.0653383552	0.487327110730581	0.642973170100868	0.933975930845152	0.933975924479776	0.707886134345651	1197.02452062406	1199.02452062406	-1.99999999999977	BM	Callitrichidae	PLA	Cercopithecidae	OWM	order
Papio_hamadryas	Pan_paniscus	118780	227900	62.1515760319	0.397835906834356	0.51190191075799	0.907406716479726	0.907406708810521	0.705211225689221	1197.02452062406	1199.02452062406	-1.99999999999977	BM	Cercopithecidae	OWM	Hominidae	APE	order
Plecturocebus_moloch	Papio_anubis	8016.5	140142	78.0653383541	0.481710668149218	0.642973170091808	0.930794260328436	0.930794253788011	0.69734406645342	1197.02452062406	1199.02452062406	-1.99999999999977	BM	Pitheciidae	PLA	Cercopithecidae	OWM	order
Aotus_trivirgatus	Papio_anubis	9453.33	140142	78.065338356	0.476472191554489	0.642973170107457	0.927714227897588	0.92771422119309	0.687478190153362	1197.02452062406	1199.02452062406	-1.99999999999977	BM	Aotidae	PLA	Cercopithecidae	OWM	order
Papio_hamadryas	Pygathrix_nemaeus	118780	48763	38.5936741527	0.255271963790516	0.317870869948629	0.829155547637882	0.829155537580187	0.665868391675932	1197.02452062406	1199.02452062406	-1.99999999999977	BM	Cercopithecidae	OWM	Cercopithecidae	OWM	family
Macaca_mulatta	Papio_cynocephalus	55528.67	100100	22.4016461426	0.16250069180135	0.18450771801242	0.747490806369208	0.747490795215823	0.658334374619325	1197.02452062406	1199.02452062406	-1.99999999999977	BM	Cercopithecidae	OWM	Cercopithecidae	OWM	family
Saimiri_sciureus	Papio_anubis	15946.83	140142	78.0653383469	0.452797819660896	0.642973170032507	0.912365757998713	0.91236575054783	0.642510831259401	1197.02452062406	1199.02452062406	-1.99999999999977	BM	Cebidae	PLA	Cercopithecidae	OWM	order
Macaca_mulatta	Mandrillus_sphinx	55528.67	99260	22.4016461427	0.159438171990675	0.184507718013244	0.738439639027643	0.738439627813664	0.638105914699841	1197.02452062406	1199.02452062406	-1.99999999999977	BM	Cercopithecidae	OWM	Cercopithecidae	OWM	family
Papio_hamadryas	Piliocolobus_badius	118780	50906	38.5936741539	0.247458892416377	0.317870869958512	0.81568294480132	0.815682934484473	0.634999986346054	1197.02452062406	1199.02452062406	-1.99999999999977	BM	Cercopithecidae	OWM	Cercopithecidae	OWM	family
Papio_cynocephalus	Cercopithecus_ascanius	100100	45166	29.8369393136	0.200281503904312	0.245747368304268	0.778300931641815	0.778300920777405	0.634307020884759	1197.02452062406	1199.02452062406	-1.99999999999977	BM	Cercopithecidae	OWM	Cercopithecidae	OWM	family
Mandrillus_sphinx	Cercopithecus_ascanius	99260	45166	29.8369393137	0.197218984093637	0.245747368305091	0.77115390524226	0.771153894298785	0.618872099508738	1197.02452062406	1199.02452062406	-1.99999999999977	BM	Cercopithecidae	OWM	Cercopithecidae	OWM	family
Cebuella_pygmaea	Papio_hamadryas	2535	118780	78.0653383526	0.423812637371331	0.642973170079454	0.890107276590502	0.89010726823477	0.586709881515923	1197.02452062406	1199.02452062406	-1.99999999999977	BM	Callitrichidae	PLA	Cercopithecidae	OWM	order
Papio_cynocephalus	Cercopithecus_nictitans	100100	47800	29.8369393137	0.190678316783695	0.245747368305091	0.755344326255526	0.755344315163318	0.586080679992104	1197.02452062406	1199.02452062406	-1.99999999999977	BM	Cercopithecidae	OWM	Cercopithecidae	OWM	family
Papio_anubis	Semnopithecus_entellus	140142	76110	38.5936741536	0.233451510139456	0.317870869956041	0.789587518736938	0.789587508013318	0.57989081749421	1197.02452062406	1199.02452062406	-1.99999999999977	BM	Cercopithecidae	OWM	Cercopithecidae	OWM	family
Callithrix_jacchus	Papio_hamadryas	4371	118780	78.0653383522	0.417118844070856	0.642973170076159	0.884379710368579	0.884379701808794	0.573727582544331	1197.02452062406	1199.02452062406	-1.99999999999977	BM	Callitrichidae	PLA	Cercopithecidae	OWM	order
Mandrillus_sphinx	Cercopithecus_nictitans	99260	47800	29.8369393138	0.18761579697302	0.245747368305915	0.747684160777129	0.747684149625154	0.570819377132383	1197.02452062406	1199.02452062406	-1.99999999999977	BM	Cercopithecidae	OWM	Cercopithecidae	OWM	family
Saguinus_midas	Papio_hamadryas	5883	118780	78.065338353	0.411606308411641	0.642973170082748	0.879488844564339	0.879488835838637	0.563014404712654	1197.02452062406	1199.02452062406	-1.99999999999977	BM	Callitrichidae	PLA	Cercopithecidae	OWM	order
Saguinus_oedipus	Papio_hamadryas	5894	118780	78.0653383521	0.411566203985549	0.642973170075336	0.879452678563543	0.879452669836642	0.562936398199805	1197.02452062406	1199.02452062406	-1.99999999999977	BM	Callitrichidae	PLA	Cercopithecidae	OWM	order
Callimico_goeldii	Papio_hamadryas	6476	118780	78.0653383552	0.409444315259581	0.642973170100868	0.87752702458391	0.877527015793729	0.558807845195423	1197.02452062406	1199.02452062406	-1.99999999999977	BM	Callitrichidae	PLA	Cercopithecidae	OWM	order
Alouatta_palliata	Papio_anubis	28560	140142	78.0653383559	0.406812006565167	0.642973170106634	0.875104847404263	0.875104838536061	0.553682759217452	1197.02452062406	1199.02452062406	-1.99999999999977	BM	Atelidae	PLA	Cercopithecidae	OWM	order
Plecturocebus_moloch	Papio_hamadryas	8016.5	118780	78.0653383541	0.403827872678218	0.642973170091808	0.872313935524143	0.872313926568177	0.547868398365643	1197.02452062406	1199.02452062406	-1.99999999999977	BM	Pitheciidae	PLA	Cercopithecidae	OWM	order
Papio_cynocephalus	Cercopithecus_mitis	100100	49933	29.8369393137	0.182901703978731	0.245747368305091	0.735569024473559	0.735569013242511	0.547459893052289	1197.02452062406	1199.02452062406	-1.99999999999977	BM	Cercopithecidae	OWM	Cercopithecidae	OWM	family
Aotus_trivirgatus	Papio_hamadryas	9453.33	118780	78.065338356	0.398589396083489	0.642973170107457	0.867297627164142	0.867297618056004	0.537651730286388	1197.02452062406	1199.02452062406	-1.99999999999977	BM	Aotidae	PLA	Cercopithecidae	OWM	order
Mandrillus_sphinx	Cercopithecus_mitis	99260	49933	29.8369393138	0.179839184168056	0.245747368305915	0.727486803192049	0.727486791918323	0.532378572682099	1197.02452062406	1199.02452062406	-1.99999999999977	BM	Cercopithecidae	OWM	Cercopithecidae	OWM	family
Alouatta_seniculus	Papio_anubis	31660	140142	78.0653383563	0.39550985012101	0.642973170109928	0.864278247136599	0.864278237940215	0.531640472540095	1197.02452062406	1199.02452062406	-1.99999999999977	BM	Atelidae	PLA	Cercopithecidae	OWM	order
Papio_anubis	Pan_paniscus	140142	227900	62.1515760319	0.319953111363356	0.51190191075799	0.823822941452118	0.823822931287557	0.514912540450998	1197.02452062406	1199.02452062406	-1.99999999999977	BM	Cercopithecidae	OWM	Hominidae	APE	order
Saimiri_sciureus	Papio_hamadryas	15946.83	118780	78.0653383469	0.374915024189896	0.642973170032507	0.842704869019518	0.842704859260246	0.491377760501924	1197.02452062406	1199.02452062406	-1.99999999999977	BM	Cebidae	PLA	Cercopithecidae	OWM	order
Papio_hamadryas	Nasalis_larvatus	118780	62685	38.5936741529	0.204514343785495	0.317870869950276	0.727441005346922	0.727440994072978	0.468026906254287	1197.02452062406	1199.02452062406	-1.99999999999977	BM	Cercopithecidae	OWM	Cercopithecidae	OWM	family
Papio_anubis	Carlito_syrichta	140142	1718.67	115.7454945529	0.50467165521977	0.953319989711076	0.88204340546351	0.88204339682354	0.4669390238485	1197.02452062406	1199.02452062406	-1.99999999999977	BM	Cercopithecidae	OWM	Tarsiidae	TAR	order
Cebuella_pygmaea	Papio_cynocephalus	2535	100100	78.0653383526	0.355708030152987	0.642973170079454	0.820331431807759	0.820331421576306	0.453826833310726	1197.02452062406	1199.02452062406	-1.99999999999977	BM	Callitrichidae	PLA	Cercopithecidae	OWM	order
Cebuella_pygmaea	Mandrillus_sphinx	2535	99260	78.0653383527	0.352645510342312	0.642973170080277	0.816555518793344	0.816555508492215	0.447848605582963	1197.02452062406	1199.02452062406	-1.99999999999977	BM	Callitrichidae	PLA	Cercopithecidae	OWM	order
Papio_anubis	Microcebus_murinus	140142	732.86	121.4130573119	0.508265777427581	0.999999999952229	0.875793208202924	0.875793199356722	0.445135715854319	1197.02452062406	1199.02452062406	-1.99999999999977	BM	Cercopithecidae	OWM	Cheirogaleidae	STR	order
Papio_anubis	Cheirogaleus_medius	140142	1154	121.4130573119	0.506730361245358	0.999999999952229	0.874652483311986	0.874652474429409	0.443212968854004	1197.02452062406	1199.02452062406	-1.99999999999977	BM	Cercopithecidae	OWM	Cheirogaleidae	STR	order
Callithrix_jacchus	Papio_cynocephalus	4371	100100	78.0653383522	0.349014236852511	0.642973170076159	0.81200256462794	0.812002554246392	0.440765600502948	1197.02452062406	1199.02452062406	-1.99999999999977	BM	Callitrichidae	PLA	Cercopithecidae	OWM	order
Papio_anubis	Galago_senegalensis	140142	1854.5	121.4130573149	0.50417643847467	0.999999999976938	0.872737001114986	0.872736992172183	0.440013432957365	1197.02452062406	1199.02452062406	-1.99999999999977	BM	Cercopithecidae	OWM	Galagidae	STR	order
Sapajus_apella	Papio_anubis	45000	140142	78.0653383489	0.346874118841956	0.642973170048979	0.809280485659885	0.809280475232092	0.436594353288301	1197.02452062406	1199.02452062406	-1.99999999999977	BM	Cebidae	PLA	Cercopithecidae	OWM	order
Papio_anubis	Cheirogaleus_major	140142	2938	121.4130573119	0.500226152504591	0.999999999952229	0.869729463582998	0.869729454547755	0.435061423308788	1197.02452062406	1199.02452062406	-1.99999999999977	BM	Cercopithecidae	OWM	Cheirogaleidae	STR	order
Callithrix_jacchus	Mandrillus_sphinx	4371	99260	78.0653383523	0.345951717041836	0.642973170076983	0.808098349162298	0.808098338714842	0.434797320388809	1197.02452062406	1199.02452062406	-1.99999999999977	BM	Callitrichidae	PLA	Cercopithecidae	OWM	order
Papio_anubis	Lepilemur_ruficaudatus	140142	3282	121.4130573089	0.498971977724981	0.99999999992752	0.868763153413601	0.868763144349197	0.433488468864795	1197.02452062406	1199.02452062406	-1.99999999999977	BM	Cercopithecidae	OWM	Lepilemuridae	STR	order
Papio_anubis	Loris_tardigradus	140142	3524	121.4130573136	0.498089680350953	0.999999999966231	0.868080041993107	0.868080032908247	0.43238171064999	1197.02452062406	1199.02452062406	-1.99999999999977	BM	Cercopithecidae	OWM	Lorisidae	STR	order
Papio_anubis	Hylobates_lar	140142	61802.5	62.1515760366	0.285614607986162	0.511901910796701	0.772741889531788	0.772741878605229	0.431149732396213	1197.02452062406	1199.02452062406	-1.99999999999977	BM	Cercopithecidae	OWM	Hylobatidae	APE	order
Saguinus_midas	Papio_cynocephalus	5883	100100	78.065338353	0.343501701193296	0.642973170082748	0.804932296521187	0.804932286022304	0.430026673064555	1197.02452062406	1199.02452062406	-1.99999999999977	BM	Callitrichidae	PLA	Cercopithecidae	OWM	order
Saguinus_oedipus	Papio_cynocephalus	5894	100100	78.0653383521	0.343461596767204	0.642973170075336	0.804880154487825	0.804880143988109	0.429948613616695	1197.02452062406	1199.02452062406	-1.99999999999977	BM	Callitrichidae	PLA	Cercopithecidae	OWM	order
Papio_anubis	Otolemur_crassicaudatus	140142	4372	121.4130573149	0.494997993684938	0.999999999976938	0.865664570848459	0.86566456169229	0.428502225784002	1197.02452062406	1199.02452062406	-1.99999999999977	BM	Cercopithecidae	OWM	Galagidae	STR	order
Papio_anubis	Avahi_laniger	140142	4813	121.4130573099	0.493390170784334	0.999999999935757	0.864394967619653	0.864394958426639	0.426483980726378	1197.02452062406	1199.02452062406	-1.99999999999977	BM	Cercopithecidae	OWM	Indriidae	STR	order
Cebus_albifrons	Papio_anubis	46429	140142	78.0653383481	0.341664189306891	0.64297317004239	0.802532737283929	0.80253272674725	0.426451226663589	1197.02452062406	1199.02452062406	-1.99999999999977	BM	Cebidae	PLA	Cercopithecidae	OWM	order
Callimico_goeldii	Papio_cynocephalus	6476	100100	78.0653383552	0.341339708041236	0.642973170100868	0.802106770951602	0.802106760408319	0.425820086663284	1197.02452062406	1199.02452062406	-1.99999999999977	BM	Callitrichidae	PLA	Cercopithecidae	OWM	order
Saguinus_midas	Mandrillus_sphinx	5883	99260	78.0653383531	0.340439181382621	0.642973170083572	0.800921073891789	0.80092106333029	0.42406888410658	1197.02452062406	1199.02452062406	-1.99999999999977	BM	Callitrichidae	PLA	Cercopithecidae	OWM	order
Saguinus_oedipus	Mandrillus_sphinx	5894	99260	78.0653383522	0.340399076956529	0.642973170076159	0.800868149073337	0.80086813851103	0.42399090879042	1197.02452062406	1199.02452062406	-1.99999999999977	BM	Callitrichidae	PLA	Cercopithecidae	OWM	order
Papio_anubis	Nycticebus_coucang	140142	5951.33	121.4130573133	0.48923998247947	0.99999999996376	0.861074974308608	0.861074965021272	0.42127230535952	1197.02452062406	1199.02452062406	-1.99999999999977	BM	Cercopithecidae	OWM	Lorisidae	STR	order
Papio_anubis	Perodicticus_potto	140142	5972	121.4130573139	0.489164622616986	0.999999999968702	0.861014115755936	0.861014106466899	0.421177645014832	1197.02452062406	1199.02452062406	-1.99999999999977	BM	Cercopithecidae	OWM	Lorisidae	STR	order
Callimico_goeldii	Mandrillus_sphinx	6476	99260	78.0653383553	0.338277188230561	0.642973170101692	0.798053262792707	0.798053252188148	0.41986699655453	1197.02452062406	1199.02452062406	-1.99999999999977	BM	Callitrichidae	PLA	Cercopithecidae	OWM	order
Plecturocebus_moloch	Papio_cynocephalus	8016.5	100100	78.0653383541	0.335723265459873	0.642973170091808	0.794626911365465	0.794626900711288	0.414908045801997	1197.02452062406	1199.02452062406	-1.99999999999977	BM	Pitheciidae	PLA	Cercopithecidae	OWM	order
Plecturocebus_moloch	Mandrillus_sphinx	8016.5	99260	78.0653383542	0.332660745649198	0.642973170092632	0.790462753112988	0.790462742401135	0.408968742538046	1197.02452062406	1199.02452062406	-1.99999999999977	BM	Pitheciidae	PLA	Cercopithecidae	OWM	order
Aotus_trivirgatus	Papio_cynocephalus	9453.33	100100	78.065338356	0.330484788865145	0.642973170107457	0.787467139512758	0.78746712876116	0.404753920442154	1197.02452062406	1199.02452062406	-1.99999999999977	BM	Aotidae	PLA	Cercopithecidae	OWM	order
Papio_cynocephalus	Pygathrix_nemaeus	100100	48763	38.5936741527	0.187167356572171	0.317870869948629	0.684681415878727	0.684681404501229	0.403151162372391	1197.02452062406	1199.02452062406	-1.99999999999977	BM	Cercopithecidae	OWM	Cercopithecidae	OWM	family
Alouatta_palliata	Papio_hamadryas	28560	118780	78.0653383559	0.328929211094168	0.642973170106634	0.785306715194334	0.785306704414964	0.401743541263137	1197.02452062406	1199.02452062406	-1.99999999999977	BM	Atelidae	PLA	Cercopithecidae	OWM	order
Papio_hamadryas	Erythrocebus_patas	118780	77141	29.8369393139	0.151809836186545	0.245747368306739	0.645695114076698	0.645695102762286	0.39887657869884	1197.02452062406	1199.02452062406	-1.99999999999977	BM	Cercopithecidae	OWM	Cercopithecidae	OWM	family
Aotus_trivirgatus	Mandrillus_sphinx	9453.33	99260	78.0653383561	0.32742226905447	0.642973170108281	0.783198783872295	0.783198773066538	0.39882958552218	1197.02452062406	1199.02452062406	-1.99999999999977	BM	Aotidae	PLA	Cercopithecidae	OWM	order
Papio_anubis	Lemur_catta	140142	11080	121.4130573139	0.470541585482548	0.999999999968702	0.845335983574385	0.845335973877768	0.39776573398899	1197.02452062406	1199.02452062406	-1.99999999999977	BM	Cercopithecidae	OWM	Lemuridae	STR	order
Papio_anubis	Eulemur_mongoz	140142	12030	121.4130573129	0.467078021410951	0.999999999960466	0.842277414176143	0.842277404406847	0.393409268108078	1197.02452062406	1199.02452062406	-1.99999999999977	BM	Cercopithecidae	OWM	Lemuridae	STR	order
Papio_anubis	Eulemur_fulvus	140142	12207	121.4130573123	0.466432704736559	0.999999999955524	0.841702524493151	0.841702514710431	0.392597585100391	1197.02452062406	1199.02452062406	-1.99999999999977	BM	Cercopithecidae	OWM	Lemuridae	STR	order
Mandrillus_sphinx	Pygathrix_nemaeus	99260	48763	38.5936741528	0.184104836761496	0.317870869949452	0.676697756805326	0.676697745429364	0.391930629168147	1197.02452062406	1199.02452062406	-1.99999999999977	BM	Cercopithecidae	OWM	Cercopithecidae	OWM	family
Semnopithecus_entellus	Pygathrix_nemaeus	76110	48763	17.7111143205	0.0997032491220594	0.145874873030794	0.570233036240491	0.570233025395673	0.389745576388006	1197.02452062406	1199.02452062406	-1.99999999999977	BM	Cercopithecidae	OWM	Cercopithecidae	OWM	family
Papio_anubis	Propithecus_verreauxi	140142	12843.33	121.4130573129	0.464112736604265	0.999999999960466	0.839622637564156	0.83962262773349	0.389679560050197	1197.02452062406	1199.02452062406	-1.99999999999977	BM	Cercopithecidae	OWM	Indriidae	STR	order
Alouatta_seniculus	Papio_hamadryas	31660	118780	78.0653383563	0.31762705465001	0.642973170109928	0.769133548494452	0.769133537530001	0.379949949698579	1197.02452062406	1199.02452062406	-1.99999999999977	BM	Atelidae	PLA	Cercopithecidae	OWM	order
Papio_anubis	Varecia_variegata	140142	15293	121.4130573149	0.455181590289245	0.999999999976938	0.831422649121397	0.83142263911091	0.378448283638303	1197.02452062406	1199.02452062406	-1.99999999999977	BM	Cercopithecidae	OWM	Lemuridae	STR	order
Cebuella_pygmaea	Ateles_geoffroyi	2535	59868	46.5475501497	0.209027914649323	0.383381748042961	0.692796432531231	0.692796421158574	0.377727406971565	1197.02452062406	1199.02452062406	-1.99999999999977	BM	Callitrichidae	PLA	Atelidae	PLA	superfamily
Papio_cynocephalus	Piliocolobus_badius	100100	50906	38.5936741539	0.179354285198032	0.317870869958512	0.66405517148344	0.664055160122197	0.374684036410804	1197.02452062406	1199.02452062406	-1.99999999999977	BM	Cercopithecidae	OWM	Cercopithecidae	OWM	family
Papio_hamadryas	Carlito_syrichta	118780	1718.67	115.7454945529	0.42678885974877	0.953319989711076	0.813877575637161	0.813877565288267	0.364362319294857	1197.02452062406	1199.02452062406	-1.99999999999977	BM	Cercopithecidae	OWM	Tarsiidae	TAR	order
Mandrillus_sphinx	Piliocolobus_badius	99260	50906	38.593674154	0.176291765387357	0.317870869959336	0.655738501470362	0.6557384901267	0.363673771275294	1197.02452062406	1199.02452062406	-1.99999999999977	BM	Cercopithecidae	OWM	Cercopithecidae	OWM	family
Saimiri_sciureus	Papio_cynocephalus	15946.83	100100	78.0653383469	0.306810416971551	0.642973170032507	0.75286168543279	0.752861674320365	0.359246417106116	1197.02452062406	1199.02452062406	-1.99999999999977	BM	Cebidae	PLA	Cercopithecidae	OWM	order
Callithrix_jacchus	Ateles_geoffroyi	4371	59868	46.5475501493	0.202334121348847	0.383381748039666	0.67704713187243	0.677047120496275	0.357319400935571	1197.02452062406	1199.02452062406	-1.99999999999977	BM	Callitrichidae	PLA	Atelidae	PLA	superfamily
Papio_anubis	Indri_indri	140142	20114	121.4130573079	0.437604914090121	0.999999999919284	0.814372455156279	0.814372444816112	0.35637338830479	1197.02452062406	1199.02452062406	-1.99999999999977	BM	Cercopithecidae	OWM	Indriidae	STR	order
Saimiri_sciureus	Mandrillus_sphinx	15946.83	99260	78.065338347	0.303747897160876	0.64297317003333	0.748112126596481	0.748112115447648	0.353416745651227	1197.02452062406	1199.02452062406	-1.99999999999977	BM	Cebidae	PLA	Cercopithecidae	OWM	order
Cercopithecus_ascanius	Erythrocebus_patas	45166	77141	23.4097503937	0.116576274936112	0.192810813852121	0.578037852553262	0.578037841641304	0.349490250450428	1197.02452062406	1199.02452062406	-1.99999999999977	BM	Cercopithecidae	OWM	Cercopithecidae	OWM	family
Papio_hamadryas	Microcebus_murinus	118780	732.86	121.4130573119	0.430382981956581	0.999999999952229	0.807008744553915	0.807008734088563	0.347322829962743	1197.02452062406	1199.02452062406	-1.99999999999977	BM	Cercopithecidae	OWM	Cheirogaleidae	STR	order
Papio_hamadryas	Cheirogaleus_medius	118780	1154	121.4130573119	0.428847565774358	0.999999999952229	0.80541589093151	0.805415880440371	0.345400644278464	1197.02452062406	1199.02452062406	-1.99999999999977	BM	Cercopithecidae	OWM	Cheirogaleidae	STR	order
Papio_anubis	Daubentonia_madagascariensis	140142	23098.5	121.4130573099	0.426723854119931	0.999999999935757	0.803196867303026	0.803196856776712	0.342743262854621	1197.02452062406	1199.02452062406	-1.99999999999977	BM	Cercopithecidae	OWM	Daubentoniidae	STR	order
Papio_hamadryas	Galago_senegalensis	118780	1854.5	121.4130573149	0.42629364300367	0.999999999976938	0.802745100034115	0.802745089500746	0.34220513310478	1197.02452062406	1199.02452062406	-1.99999999999977	BM	Cercopithecidae	OWM	Galagidae	STR	order
Saguinus_midas	Ateles_geoffroyi	5883	59868	46.5475501501	0.196821585689632	0.383381748046255	0.663688676206317	0.66368866484572	0.340726334315268	1197.02452062406	1199.02452062406	-1.99999999999977	BM	Callitrichidae	PLA	Atelidae	PLA	superfamily
Saguinus_oedipus	Ateles_geoffroyi	5894	59868	46.5475501492	0.19678148126354	0.383381748038842	0.66359020702504	0.663590195664618	0.340606365739499	1197.02452062406	1199.02452062406	-1.99999999999977	BM	Callitrichidae	PLA	Atelidae	PLA	superfamily
Papio_hamadryas	Cheirogaleus_major	118780	2938	121.4130573119	0.422343357033591	0.999999999952229	0.798561352496286	0.798561341899259	0.337267082426678	1197.02452062406	1199.02452062406	-1.99999999999977	BM	Cercopithecidae	OWM	Cheirogaleidae	STR	order
Papio_hamadryas	Lepilemur_ruficaudatus	118780	3282	121.4130573089	0.421089182253981	0.99999999992752	0.797219615988648	0.79721960537184	0.335700556197824	1197.02452062406	1199.02452062406	-1.99999999999977	BM	Cercopithecidae	OWM	Lepilemuridae	STR	order
Papio_hamadryas	Loris_tardigradus	118780	3524	121.4130573136	0.420206884879953	0.999999999966231	0.796271826796997	0.7962718161664	0.334598903867335	1197.02452062406	1199.02452062406	-1.99999999999977	BM	Cercopithecidae	OWM	Lorisidae	STR	order
Callimico_goeldii	Ateles_geoffroyi	6476	59868	46.5475501523	0.194659592537573	0.383381748064375	0.658353850153997	0.658353838804148	0.334274891445797	1197.02452062406	1199.02452062406	-1.99999999999977	BM	Callitrichidae	PLA	Atelidae	PLA	superfamily
Ateles_geoffroyi	Papio_anubis	59868	140142	78.0653383529	0.292667518193008	0.642973170081925	0.73039789634733	0.73039788508808	0.33246136785168	1197.02452062406	1199.02452062406	-1.99999999999977	BM	Atelidae	PLA	Cercopithecidae	OWM	order
Papio_hamadryas	Otolemur_crassicaudatus	118780	4372	121.4130573149	0.417115198213938	0.999999999976938	0.792925208073712	0.792925197395625	0.330741155342122	1197.02452062406	1199.02452062406	-1.99999999999977	BM	Cercopithecidae	OWM	Galagidae	STR	order
Papio_hamadryas	Avahi_laniger	118780	4813	121.4130573099	0.415507375313334	0.999999999935757	0.791169121096127	0.791169110393862	0.328736604956728	1197.02452062406	1199.02452062406	-1.99999999999977	BM	Cercopithecidae	OWM	Indriidae	STR	order
Papio_hamadryas	Nycticebus_coucang	118780	5951.33	121.4130573133	0.41135718700847	0.99999999996376	0.786586407235135	0.786586396472131	0.32356797183107	1197.02452062406	1199.02452062406	-1.99999999999977	BM	Cercopithecidae	OWM	Lorisidae	STR	order
Papio_hamadryas	Perodicticus_potto	118780	5972	121.4130573139	0.411281827145986	0.999999999968702	0.786502527859415	0.786502517095331	0.323474196723081	1197.02452062406	1199.02452062406	-1.99999999999977	BM	Cercopithecidae	OWM	Lorisidae	STR	order
Aotus_trivirgatus	Ateles_geoffroyi	9453.33	59868	46.5475501531	0.183804673361481	0.383381748070964	0.630756400338287	0.630756389082935	0.302403478303778	1197.02452062406	1199.02452062406	-1.99999999999977	BM	Aotidae	PLA	Atelidae	PLA	superfamily
Papio_hamadryas	Lemur_catta	118780	11080	121.4130573139	0.392658790011548	0.999999999968702	0.765039118582789	0.765039107577624	0.300399334623621	1197.02452062406	1199.02452062406	-1.99999999999977	BM	Cercopithecidae	OWM	Lemuridae	STR	order
Cercopithecus_nictitans	Erythrocebus_patas	47800	77141	23.4097503938	0.106973087815495	0.192810813852945	0.538799422339072	0.538799411802807	0.298930525570909	1197.02452062406	1199.02452062406	-1.99999999999977	BM	Cercopithecidae	OWM	Cercopithecidae	OWM	family
Papio_hamadryas	Eulemur_mongoz	118780	12030	121.4130573129	0.389195225939951	0.999999999960466	0.760884413322617	0.760884402278562	0.296132581168991	1197.02452062406	1199.02452062406	-1.99999999999977	BM	Cercopithecidae	OWM	Lemuridae	STR	order
Papio_hamadryas	Eulemur_fulvus	118780	12207	121.4130573123	0.388549909265559	0.999999999955524	0.760104633807102	0.760104622756016	0.295338586511216	1197.02452062406	1199.02452062406	-1.99999999999977	BM	Cercopithecidae	OWM	Lemuridae	STR	order
Ateles_geoffroyi	Plecturocebus_moloch	59868	8016.5	49.0936032072	0.18904314995621	0.404351923028652	0.631462387361319	0.631462376102771	0.295222136923516	1197.02452062406	1199.02452062406	-1.99999999999977	BM	Atelidae	PLA	Pitheciidae	PLA	superfamily
Cebuella_pygmaea	Erythrocebus_patas	2535	77141	78.0653383527	0.272002801184787	0.642973170080277	0.695122261612596	0.695122250242551	0.294063906742677	1197.02452062406	1199.02452062406	-1.99999999999977	BM	Callitrichidae	PLA	Cercopithecidae	OWM	order
Papio_hamadryas	Propithecus_verreauxi	118780	12843.33	121.4130573129	0.386229941133265	0.999999999960466	0.757286460294461	0.757286449218664	0.292486704992112	1197.02452062406	1199.02452062406	-1.99999999999977	BM	Cercopithecidae	OWM	Indriidae	STR	order
Papio_hamadryas	Semnopithecus_entellus	118780	76110	38.5936741536	0.155568714668456	0.317870869956041	0.596058511224051	0.596058500172463	0.291716118784785	1197.02452062406	1199.02452062406	-1.99999999999977	BM	Cercopithecidae	OWM	Cercopithecidae	OWM	family
Sapajus_apella	Papio_hamadryas	45000	118780	78.0653383489	0.268991323370956	0.642973170048979	0.689736695154997	0.689736683779748	0.288555098485866	1197.02452062406	1199.02452062406	-1.99999999999977	BM	Cebidae	PLA	Cercopithecidae	OWM	order
Cebuella_pygmaea	Semnopithecus_entellus	2535	76110	78.0653383524	0.268243922702875	0.642973170077807	0.688390413957096	0.688390402581002	0.2871916801265	1197.02452062406	1199.02452062406	-1.99999999999977	BM	Callitrichidae	PLA	Cercopithecidae	OWM	order
Callithrix_jacchus	Erythrocebus_patas	4371	77141	78.0653383523	0.265309007884311	0.642973170076983	0.683066591635728	0.683066580258049	0.281852693362143	1197.02452062406	1199.02452062406	-1.99999999999977	BM	Callitrichidae	PLA	Cercopithecidae	OWM	order
Papio_hamadryas	Varecia_variegata	118780	15293	121.4130573149	0.377298794818246	0.999999999976938	0.74622039992498	0.746220388762473	0.281548057566977	1197.02452062406	1199.02452062406	-1.99999999999977	BM	Cercopithecidae	OWM	Lemuridae	STR	order
Cebus_albifrons	Papio_hamadryas	46429	118780	78.0653383481	0.263781393835891	0.64297317004239	0.680272088169363	0.68027207679196	0.279083370762013	1197.02452062406	1199.02452062406	-1.99999999999977	BM	Cebidae	PLA	Cercopithecidae	OWM	order
Cebuella_pygmaea	Cebus_albifrons	2535	46429	41.3912937969	0.16003124353544	0.34091303449012	0.592907787086783	0.592907776058016	0.278322507120488	1197.02452062406	1199.02452062406	-1.99999999999977	BM	Callitrichidae	PLA	Cebidae	PLA	superfamily
Papio_cynocephalus	Carlito_syrichta	100100	1718.67	115.7454945529	0.358684252530425	0.953319989711076	0.733499638760642	0.733499627517928	0.275977397410847	1197.02452062406	1199.02452062406	-1.99999999999977	BM	Cercopithecidae	OWM	Tarsiidae	TAR	order
Callithrix_jacchus	Semnopithecus_entellus	4371	76110	78.065338352	0.2615501294024	0.642973170074512	0.676161503731231	0.676161492355597	0.275050557362028	1197.02452062406	1199.02452062406	-1.99999999999977	BM	Callitrichidae	PLA	Cercopithecidae	OWM	order
Alouatta_palliata	Papio_cynocephalus	28560	100100	78.0653383559	0.260824603875823	0.642973170106634	0.67481750714818	0.674817495773472	0.273742384866859	1197.02452062406	1199.02452062406	-1.99999999999977	BM	Atelidae	PLA	Cercopithecidae	OWM	order
Mandrillus_sphinx	Carlito_syrichta	99260	1718.67	115.745494553	0.35562173271975	0.953319989711899	0.729395127435982	0.729395116171639	0.272089919287769	1197.02452062406	1199.02452062406	-1.99999999999977	BM	Cercopithecidae	OWM	Tarsiidae	TAR	order
Saguinus_midas	Erythrocebus_patas	5883	77141	78.0653383531	0.259796472225096	0.642973170083572	0.672906743239664	0.672906731866566	0.271891279705218	1197.02452062406	1199.02452062406	-1.99999999999977	BM	Callitrichidae	PLA	Cercopithecidae	OWM	order
Saguinus_oedipus	Erythrocebus_patas	5894	77141	78.0653383522	0.259756367799004	0.642973170076159	0.672832062449512	0.672832051076483	0.271819137740843	1197.02452062406	1199.02452062406	-1.99999999999977	BM	Callitrichidae	PLA	Cercopithecidae	OWM	order
Alouatta_palliata	Mandrillus_sphinx	28560	99260	78.065338356	0.257762084065148	0.642973170107457	0.669104428813561	0.669104417444676	0.26823786752934	1197.02452062406	1199.02452062406	-1.99999999999977	BM	Atelidae	PLA	Cercopithecidae	OWM	order
Callimico_goeldii	Erythrocebus_patas	6476	77141	78.0653383553	0.257634479073036	0.642973170101692	0.668864983151975	0.668864971783401	0.268009132445293	1197.02452062406	1199.02452062406	-1.99999999999977	BM	Callitrichidae	PLA	Cercopithecidae	OWM	order
Saguinus_midas	Semnopithecus_entellus	5883	76110	78.0653383528	0.256037593743185	0.642973170081101	0.665859019008912	0.665859007644676	0.265150940866996	1197.02452062406	1199.02452062406	-1.99999999999977	BM	Callitrichidae	PLA	Cercopithecidae	OWM	order
Saguinus_oedipus	Semnopithecus_entellus	5894	76110	78.0653383519	0.255997489317092	0.642973170073688	0.665783300965082	0.665783289600967	0.265079262104784	1197.02452062406	1199.02452062406	-1.99999999999977	BM	Callitrichidae	PLA	Cercopithecidae	OWM	order
Papio_cynocephalus	Microcebus_murinus	100100	732.86	121.4130573119	0.362278374738237	0.999999999952229	0.726827018470798	0.726827007193945	0.263313710980018	1197.02452062406	1199.02452062406	-1.99999999999977	BM	Cercopithecidae	OWM	Cheirogaleidae	STR	order
Cebuella_pygmaea	Sapajus_apella	2535	45000	41.3912937977	0.154821314000375	0.340913034496709	0.577465651275467	0.5774656403683	0.262248673045128	1197.02452062406	1199.02452062406	-1.99999999999977	BM	Callitrichidae	PLA	Cebidae	PLA	superfamily
Papio_cynocephalus	Cheirogaleus_medius	100100	1154	121.4130573119	0.360742958556013	0.999999999952229	0.724788969129672	0.724788957843444	0.261462517065091	1197.02452062406	1199.02452062406	-1.99999999999977	BM	Cercopithecidae	OWM	Cheirogaleidae	STR	order
Callimico_goeldii	Semnopithecus_entellus	6476	76110	78.065338355	0.253875600591125	0.642973170099221	0.661761355096662	0.66176134373966	0.261294046604209	1197.02452062406	1199.02452062406	-1.99999999999977	BM	Callitrichidae	PLA	Cercopithecidae	OWM	order
Papio_hamadryas	Indri_indri	118780	20114	121.4130573079	0.359722118619121	0.999999999919284	0.723428217617372	0.723428206325155	0.260233131131181	1197.02452062406	1199.02452062406	-1.99999999999977	BM	Cercopithecidae	OWM	Indriidae	STR	order
Cercopithecus_mitis	Erythrocebus_patas	49933	77141	23.4097503938	0.099196475010531	0.192810813852945	0.505584662311217	0.505584652162104	0.260111014099619	1197.02452062406	1199.02452062406	-1.99999999999977	BM	Cercopithecidae	OWM	Cercopithecidae	OWM	family
Mandrillus_sphinx	Microcebus_murinus	99260	732.86	121.413057312	0.359215854927562	0.999999999953053	0.722751683570462	0.722751672275347	0.259623863926287	1197.02452062406	1199.02452062406	-1.99999999999977	BM	Cercopithecidae	OWM	Cheirogaleidae	STR	order
Papio_cynocephalus	Galago_senegalensis	100100	1854.5	121.4130573149	0.358189035785325	0.999999999976938	0.721376057126773	0.721376045825929	0.258388994346817	1197.02452062406	1199.02452062406	-1.99999999999977	BM	Cercopithecidae	OWM	Galagidae	STR	order
Plecturocebus_moloch	Erythrocebus_patas	8016.5	77141	78.0653383542	0.252018036491674	0.642973170092632	0.658215019739207	0.658215008389675	0.25799219093404	1197.02452062406	1199.02452062406	-1.99999999999977	BM	Pitheciidae	PLA	Cercopithecidae	OWM	order
Mandrillus_sphinx	Cheirogaleus_medius	99260	1154	121.413057312	0.357680438745338	0.999999999953053	0.720692974331748	0.720692963028139	0.257777779271764	1197.02452062406	1199.02452062406	-1.99999999999977	BM	Cercopithecidae	OWM	Cheirogaleidae	STR	order
Callithrix_jacchus	Cebus_albifrons	4371	46429	41.3912937965	0.153337450234965	0.340913034486826	0.573005504912535	0.573005494043421	0.257729081043048	1197.02452062406	1199.02452062406	-1.99999999999977	BM	Callitrichidae	PLA	Cebidae	PLA	superfamily
Mandrillus_sphinx	Galago_senegalensis	99260	1854.5	121.413057315	0.35512651597465	0.999999999977762	0.717245662925887	0.717245651609139	0.254712953378463	1197.02452062406	1199.02452062406	-1.99999999999977	BM	Cercopithecidae	OWM	Galagidae	STR	order
Papio_cynocephalus	Cheirogaleus_major	100100	2938	121.4130573119	0.354238749815246	0.999999999952229	0.716040620943597	0.716040609622574	0.253649334392109	1197.02452062406	1199.02452062406	-1.99999999999977	BM	Cercopithecidae	OWM	Cheirogaleidae	STR	order
Alouatta_seniculus	Papio_cynocephalus	31660	100100	78.0653383563	0.249522447431665	0.642973170109928	0.653413302920485	0.653413291582831	0.25357401227372	1197.02452062406	1199.02452062406	-1.99999999999977	BM	Atelidae	PLA	Cercopithecidae	OWM	order
Papio_cynocephalus	Lepilemur_ruficaudatus	100100	3282	121.4130573089	0.352984575035636	0.99999999992752	0.714332303143751	0.714332291816945	0.2521482844777	1197.02452062406	1199.02452062406	-1.99999999999977	BM	Cercopithecidae	OWM	Lepilemuridae	STR	order
Papio_hamadryas	Hylobates_lar	118780	61802.5	62.1515760366	0.207731812515162	0.511901910796701	0.620163760956936	0.620163749754231	0.251664897908473	1197.02452062406	1199.02452062406	-1.99999999999977	BM	Cercopithecidae	OWM	Hylobatidae	APE	order
Plecturocebus_moloch	Semnopithecus_entellus	8016.5	76110	78.0653383539	0.248259158009762	0.642973170090161	0.650966336529571	0.650966325198738	0.251345409291136	1197.02452062406	1199.02452062406	-1.99999999999977	BM	Pitheciidae	PLA	Cercopithecidae	OWM	order
Papio_cynocephalus	Loris_tardigradus	100100	3524	121.4130573136	0.352102277661609	0.999999999966231	0.713126367365904	0.713126356035212	0.251093418218563	1197.02452062406	1199.02452062406	-1.99999999999977	BM	Cercopithecidae	OWM	Lorisidae	STR	order
Mandrillus_sphinx	Cheirogaleus_major	99260	2938	121.413057312	0.351176230004571	0.999999999953053	0.71185694125083	0.711856929916221	0.249987236942788	1197.02452062406	1199.02452062406	-1.99999999999977	BM	Cercopithecidae	OWM	Cheirogaleidae	STR	order
Aotus_trivirgatus	Erythrocebus_patas	9453.33	77141	78.0653383561	0.246779559896945	0.642973170108281	0.648086469682816	0.648086458360666	0.248742095625166	1197.02452062406	1199.02452062406	-1.99999999999977	BM	Aotidae	PLA	Cercopithecidae	OWM	order
Mandrillus_sphinx	Lepilemur_ruficaudatus	99260	3282	121.413057309	0.349922055224961	0.999999999928344	0.710131687934126	0.710131676594477	0.248490739740086	1197.02452062406	1199.02452062406	-1.99999999999977	BM	Cercopithecidae	OWM	Lepilemuridae	STR	order
Alouatta_seniculus	Mandrillus_sphinx	31660	99260	78.0653383564	0.24645992762099	0.642973170110752	0.647462371598785	0.647462360278611	0.248180696581888	1197.02452062406	1199.02452062406	-1.99999999999977	BM	Atelidae	PLA	Cercopithecidae	OWM	order
Mandrillus_sphinx	Loris_tardigradus	99260	3524	121.4130573137	0.349039757850934	0.999999999967054	0.708913833479638	0.708913822136627	0.247439112783062	1197.02452062406	1199.02452062406	-1.99999999999977	BM	Cercopithecidae	OWM	Lorisidae	STR	order
Papio_cynocephalus	Otolemur_crassicaudatus	100100	4372	121.4130573149	0.349010590995594	0.999999999976938	0.708873515159513	0.708873503816393	0.247404364472651	1197.02452062406	1199.02452062406	-1.99999999999977	BM	Cercopithecidae	OWM	Galagidae	STR	order
Papio_hamadryas	Daubentonia_madagascariensis	118780	23098.5	121.4130573099	0.348841058648931	0.999999999935757	0.70863909060071	0.708639079256963	0.247202410581049	1197.02452062406	1199.02452062406	-1.99999999999977	BM	Cercopithecidae	OWM	Daubentoniidae	STR	order
Papio_cynocephalus	Avahi_laniger	100100	4813	121.4130573099	0.347402768094989	0.999999999935757	0.706645158055454	0.706645146706609	0.245490483985157	1197.02452062406	1199.02452062406	-1.99999999999977	BM	Cercopithecidae	OWM	Indriidae	STR	order
Mandrillus_sphinx	Otolemur_crassicaudatus	99260	4372	121.413057315	0.345948071184919	0.999999999977762	0.704619188258203	0.704619176904617	0.243761649103229	1197.02452062406	1199.02452062406	-1.99999999999977	BM	Cercopithecidae	OWM	Galagidae	STR	order
Aotus_trivirgatus	Semnopithecus_entellus	9453.33	76110	78.0653383558	0.243020681415033	0.64297317010581	0.640702812127235	0.640702800830537	0.242162567937423	1197.02452062406	1199.02452062406	-1.99999999999977	BM	Aotidae	PLA	Cercopithecidae	OWM	order
Callithrix_jacchus	Sapajus_apella	4371	45000	41.3912937973	0.1481275206999	0.340913034493415	0.557130014246028	0.557130003522584	0.242074310360104	1197.02452062406	1199.02452062406	-1.99999999999977	BM	Callitrichidae	PLA	Cebidae	PLA	superfamily
Mandrillus_sphinx	Avahi_laniger	99260	4813	121.41305731	0.344340248284314	0.99999999993658	0.702369080991826	0.702369069633487	0.241853943751289	1197.02452062406	1199.02452062406	-1.99999999999977	BM	Cercopithecidae	OWM	Indriidae	STR	order
Saguinus_midas	Cebus_albifrons	5883	46429	41.3912937973	0.14782491457575	0.340913034493415	0.556197670663863	0.556197659949458	0.241175504701052	1197.02452062406	1199.02452062406	-1.99999999999977	BM	Callitrichidae	PLA	Cebidae	PLA	superfamily
Saguinus_oedipus	Cebus_albifrons	5894	46429	41.3912937964	0.147784810149657	0.340913034486002	0.556074022994704	0.556074012281502	0.241056473658542	1197.02452062406	1199.02452062406	-1.99999999999977	BM	Callitrichidae	PLA	Cebidae	PLA	superfamily
Papio_cynocephalus	Nycticebus_coucang	100100	5951.33	121.4130573133	0.343252579790126	0.99999999996376	0.700840437632581	0.700840426271318	0.240565288247342	1197.02452062406	1199.02452062406	-1.99999999999977	BM	Cercopithecidae	OWM	Lorisidae	STR	order
Papio_cynocephalus	Perodicticus_potto	100100	5972	121.4130573139	0.343177219927641	0.999999999968702	0.700734330790987	0.700734319429531	0.240476059556234	1197.02452062406	1199.02452062406	-1.99999999999977	BM	Cercopithecidae	OWM	Lorisidae	STR	order
Pan_paniscus	Gorilla_beringei	227900	251206.07	20.238906202	0.0849705965285463	0.16669464264491	0.470973445309203	0.470973435623188	0.240073069908282	1197.02452062406	1199.02452062406	-1.99999999999977	BM	Hominidae	APE	Hominidae	APE	family
Mandrillus_sphinx	Nycticebus_coucang	99260	5951.33	121.4130573134	0.34019005997945	0.999999999964584	0.696508176279162	0.696508164910939	0.236945158272977	1197.02452062406	1199.02452062406	-1.99999999999977	BM	Cercopithecidae	OWM	Lorisidae	STR	order
Mandrillus_sphinx	Perodicticus_potto	99260	5972	121.413057314	0.340114700116966	0.999999999969525	0.696401048750371	0.696401037382	0.236856233864091	1197.02452062406	1199.02452062406	-1.99999999999977	BM	Cercopithecidae	OWM	Lorisidae	STR	order
Saimiri_sciureus	Ateles_geoffroyi	15946.83	59868	46.547550144	0.160130301467888	0.383381747996013	0.565927123857711	0.565927113051603	0.236375574543868	1197.02452062406	1199.02452062406	-1.99999999999977	BM	Cebidae	PLA	Atelidae	PLA	superfamily
Callimico_goeldii	Cebus_albifrons	6476	46429	41.3912937995	0.14566292142369	0.340913034511535	0.549503942508306	0.549503931860331	0.234788176152551	1197.02452062406	1199.02452062406	-1.99999999999977	BM	Callitrichidae	PLA	Cebidae	PLA	superfamily
Papio_cynocephalus	Nasalis_larvatus	100100	62685	38.5936741529	0.13640973656715	0.317870869950276	0.535720093148756	0.53572008264585	0.229896614281083	1197.02452062406	1199.02452062406	-1.99999999999977	BM	Cercopithecidae	OWM	Cercopithecidae	OWM	family
Saguinus_midas	Sapajus_apella	5883	45000	41.3912937981	0.142614985040684	0.340913034500004	0.539970839542829	0.53997082899402	0.22588732436338	1197.02452062406	1199.02452062406	-1.99999999999977	BM	Callitrichidae	PLA	Cebidae	PLA	superfamily
Saguinus_oedipus	Sapajus_apella	5894	45000	41.3912937972	0.142574880614592	0.340913034492591	0.539844656032811	0.53984464548535	0.225771031309677	1197.02452062406	1199.02452062406	-1.99999999999977	BM	Callitrichidae	PLA	Cebidae	PLA	superfamily
Pan_paniscus	Pongo_pygmaeus	227900	266455.56	40.643277586	0.14056805513294	0.334752113849248	0.537578543777172	0.53757853325407	0.225738291869265	1197.02452062406	1199.02452062406	-1.99999999999977	BM	Hominidae	APE	Hominidae	APE	family
Mandrillus_sphinx	Nasalis_larvatus	99260	62685	38.593674153	0.133347216756475	0.3178708699511	0.525630453382153	0.525630442992255	0.220502614825124	1197.02452062406	1199.02452062406	-1.99999999999977	BM	Cercopithecidae	OWM	Cercopithecidae	OWM	family
Callimico_goeldii	Sapajus_apella	6476	45000	41.3912938003	0.140452991888625	0.340913034518124	0.533140847036799	0.533140836562244	0.219649058506072	1197.02452062406	1199.02452062406	-1.99999999999977	BM	Callitrichidae	PLA	Cebidae	PLA	superfamily
Papio_cynocephalus	Lemur_catta	100100	11080	121.4130573139	0.324554182793203	0.999999999968702	0.673742602057139	0.673742590683301	0.218665979630465	1197.02452062406	1199.02452062406	-1.99999999999977	BM	Cercopithecidae	OWM	Lemuridae	STR	order
Mandrillus_sphinx	Lemur_catta	99260	11080	121.413057314	0.321491662982528	0.999999999969525	0.669156879641583	0.669156868272637	0.215128358038728	1197.02452062406	1199.02452062406	-1.99999999999977	BM	Cercopithecidae	OWM	Lemuridae	STR	order
Papio_cynocephalus	Eulemur_mongoz	100100	12030	121.4130573129	0.321090618721607	0.999999999960466	0.66855329532193	0.668553283953773	0.214666191251774	1197.02452062406	1199.02452062406	-1.99999999999977	BM	Cercopithecidae	OWM	Lemuridae	STR	order
Papio_cynocephalus	Eulemur_fulvus	100100	12207	121.4130573123	0.320445302047214	0.999999999955524	0.667580579751957	0.667580568385141	0.213923060528985	1197.02452062406	1199.02452062406	-1.99999999999977	BM	Cercopithecidae	OWM	Lemuridae	STR	order
Papio_cynocephalus	Propithecus_verreauxi	100100	12843.33	121.4130573129	0.31812533391492	0.999999999960466	0.664068371894101	0.664068360532846	0.2112569725595	1197.02452062406	1199.02452062406	-1.99999999999977	BM	Cercopithecidae	OWM	Indriidae	STR	order
Mandrillus_sphinx	Eulemur_mongoz	99260	12030	121.413057313	0.318028098910931	0.999999999961289	0.663920647834992	0.663920636473996	0.21114542146685	1197.02452062406	1199.02452062406	-1.99999999999977	BM	Cercopithecidae	OWM	Lemuridae	STR	order
Mandrillus_sphinx	Eulemur_fulvus	99260	12207	121.4130573124	0.317382782236539	0.999999999956347	0.662939192759444	0.662939181400214	0.210405485460822	1197.02452062406	1199.02452062406	-1.99999999999977	BM	Cercopithecidae	OWM	Lemuridae	STR	order
Saimiri_sciureus	Erythrocebus_patas	15946.83	77141	78.065338347	0.223105188003352	0.64297317003333	0.59997765101589	0.599977639936885	0.208186177691941	1197.02452062406	1199.02452062406	-1.99999999999977	BM	Cebidae	PLA	Cercopithecidae	OWM	order
Mandrillus_sphinx	Propithecus_verreauxi	99260	12843.33	121.413057313	0.315062814104245	0.999999999961289	0.65939557628469	0.659395564932554	0.207751025880187	1197.02452062406	1199.02452062406	-1.99999999999977	BM	Cercopithecidae	OWM	Indriidae	STR	order
Aotus_trivirgatus	Cebus_albifrons	9453.33	46429	41.3912938003	0.134808002247598	0.340913034518124	0.515045257446301	0.515045247180917	0.203665495869283	1197.02452062406	1199.02452062406	-1.99999999999977	BM	Aotidae	PLA	Cebidae	PLA	superfamily
Saimiri_sciureus	Semnopithecus_entellus	15946.83	76110	78.0653383467	0.21934630952144	0.642973170030859	0.59199095052108	0.591990939499089	0.201954041504805	1197.02452062406	1199.02452062406	-1.99999999999977	BM	Cebidae	PLA	Cercopithecidae	OWM	order
Cebuella_pygmaea	Nasalis_larvatus	2535	62685	78.0653383517	0.219298293585837	0.642973170072041	0.59188831761187	0.59188830659064	0.201874827889213	1197.02452062406	1199.02452062406	-1.99999999999977	BM	Callitrichidae	PLA	Cercopithecidae	OWM	order
Pan_troglodytes	Gorilla_gorilla	253761.83	275016.8	20.238906202	0.077492579405123	0.16669464264491	0.434095029536348	0.434095020403302	0.201800987794024	1197.02452062406	1199.02452062406	-1.99999999999977	BM	Hominidae	APE	Hominidae	APE	family
Papio_cynocephalus	Varecia_variegata	100100	15293	121.4130573149	0.309194187599901	0.999999999976938	0.650325486780025	0.650325475451069	0.201076860565097	1197.02452062406	1199.02452062406	-1.99999999999977	BM	Cercopithecidae	OWM	Lemuridae	STR	order
Mandrillus_sphinx	Varecia_variegata	99260	15293	121.413057315	0.306131667789226	0.999999999977762	0.645531984901808	0.645531973587954	0.197617783153674	1197.02452062406	1199.02452062406	-1.99999999999977	BM	Cercopithecidae	OWM	Lemuridae	STR	order
Cebuella_pygmaea	Hylobates_lar	2535	61802.5	78.0653383554	0.216080824856169	0.642973170102516	0.584976069961823	0.584976058993525	0.196590025207922	1197.02452062406	1199.02452062406	-1.99999999999977	BM	Callitrichidae	PLA	Hylobatidae	APE	order
Ateles_geoffroyi	Papio_hamadryas	59868	118780	78.0653383529	0.214784722722008	0.642973170081925	0.582172153654991	0.58217214270908	0.194474187131836	1197.02452062406	1199.02452062406	-1.99999999999977	BM	Atelidae	PLA	Cercopithecidae	OWM	order
Papio_hamadryas	Mandrillus_sphinx	118780	99260	18.5708053179	0.0711671270290196	0.152955585899678	0.417955977820262	0.417955968946698	0.194466426257763	1197.02452062406	1199.02452062406	-1.99999999999977	BM	Cercopithecidae	OWM	Cercopithecidae	OWM	family
Alouatta_palliata	Ateles_geoffroyi	28560	59868	34.580677997	0.114144488372159	0.28481844342749	0.482319322667728	0.482319312823617	0.193295390759798	1197.02452062406	1199.02452062406	-1.99999999999977	BM	Atelidae	PLA	Atelidae	PLA	family
Callithrix_jacchus	Nasalis_larvatus	4371	62685	78.0653383513	0.212604500285361	0.642973170068747	0.577430487346961	0.577430476440093	0.190932259582164	1197.02452062406	1199.02452062406	-1.99999999999977	BM	Callitrichidae	PLA	Cercopithecidae	OWM	order
Aotus_trivirgatus	Sapajus_apella	9453.33	45000	41.3912938011	0.129598072712533	0.340913034524713	0.498012837063769	0.498012827011003	0.189319554646968	1197.02452062406	1199.02452062406	-1.99999999999977	BM	Aotidae	PLA	Cebidae	PLA	superfamily
Callithrix_jacchus	Hylobates_lar	4371	61802.5	78.065338355	0.209387031555694	0.642973170099221	0.570375676211441	0.570375665365369	0.185745339412927	1197.02452062406	1199.02452062406	-1.99999999999977	BM	Callitrichidae	PLA	Hylobatidae	APE	order
Semnopithecus_entellus	Piliocolobus_badius	76110	50906	27.0170263237	0.0918901777479206	0.222521588044726	0.444275723323236	0.444275714031815	0.183463436262429	1197.02452062406	1199.02452062406	-1.99999999999977	BM	Cercopithecidae	OWM	Cercopithecidae	OWM	family
Saguinus_midas	Nasalis_larvatus	5883	62685	78.0653383521	0.207091964626146	0.642973170075336	0.565301831374071	0.565301820573684	0.182075197402557	1197.02452062406	1199.02452062406	-1.99999999999977	BM	Callitrichidae	PLA	Cercopithecidae	OWM	order
Saguinus_oedipus	Nasalis_larvatus	5894	62685	78.0653383512	0.207051860200054	0.642973170067923	0.565212863562345	0.565212852762773	0.182011287962793	1197.02452062406	1199.02452062406	-1.99999999999977	BM	Callitrichidae	PLA	Cercopithecidae	OWM	order
Papio_cynocephalus	Indri_indri	100100	20114	121.4130573079	0.291617511400777	0.999999999919284	0.62225378761195	0.622253776398179	0.181460101017751	1197.02452062406	1199.02452062406	-1.99999999999977	BM	Cercopithecidae	OWM	Indriidae	STR	order
Callimico_goeldii	Nasalis_larvatus	6476	62685	78.0653383543	0.204929971474086	0.642973170093456	0.560490684964965	0.560490674209384	0.178640953345948	1197.02452062406	1199.02452062406	-1.99999999999977	BM	Callitrichidae	PLA	Cercopithecidae	OWM	order
Mandrillus_sphinx	Indri_indri	99260	20114	121.413057308	0.288554991590102	0.999999999920107	0.617224281806084	0.617224270619525	0.17810314745999	1197.02452062406	1199.02452062406	-1.99999999999977	BM	Cercopithecidae	OWM	Indriidae	STR	order
Saguinus_midas	Hylobates_lar	5883	61802.5	78.0653383558	0.203874495896479	0.64297317010581	0.558130843537491	0.558130832804408	0.176972616682834	1197.02452062406	1199.02452062406	-1.99999999999977	BM	Callitrichidae	PLA	Hylobatidae	APE	order
Saguinus_oedipus	Hylobates_lar	5894	61802.5	78.0653383549	0.203834391470386	0.642973170098397	0.558041034914997	0.558041024182777	0.176909333168592	1197.02452062406	1199.02452062406	-1.99999999999977	BM	Callitrichidae	PLA	Hylobatidae	APE	order
Erythrocebus_patas	Carlito_syrichta	77141	1718.67	115.745494553	0.274979023562225	0.953319989711899	0.605702574146663	0.605702563029563	0.174711014355537	1197.02452062406	1199.02452062406	-1.99999999999977	BM	Cercopithecidae	OWM	Tarsiidae	TAR	order
Callimico_goeldii	Hylobates_lar	6476	61802.5	78.065338358	0.201712502744419	0.64297317012393	0.553274464423214	0.553274453737495	0.173572369904445	1197.02452062406	1199.02452062406	-1.99999999999977	BM	Callitrichidae	PLA	Hylobatidae	APE	order
Sapajus_apella	Papio_cynocephalus	45000	100100	78.0653383489	0.200886716152612	0.642973170048979	0.551411555077492	0.551411544410318	0.172279749308489	1197.02452062406	1199.02452062406	-1.99999999999977	BM	Cebidae	PLA	Cercopithecidae	OWM	order
Cebus_albifrons	Plecturocebus_moloch	46429	8016.5	49.0936032024	0.140046478842327	0.404351922989118	0.494687956494459	0.494687946484903	0.171334183155646	1197.02452062406	1199.02452062406	-1.99999999999977	BM	Cebidae	PLA	Pitheciidae	PLA	superfamily
Semnopithecus_entellus	Carlito_syrichta	76110	1718.67	115.7454945527	0.271220145080314	0.953319989709428	0.599206735225766	0.599206724152075	0.170474698333524	1197.02452062406	1199.02452062406	-1.99999999999977	BM	Cercopithecidae	OWM	Tarsiidae	TAR	order
Plecturocebus_moloch	Nasalis_larvatus	8016.5	62685	78.0653383532	0.199313528892723	0.642973170084396	0.547850392757695	0.547850382126545	0.169826674216388	1197.02452062406	1199.02452062406	-1.99999999999977	BM	Pitheciidae	PLA	Cercopithecidae	OWM	order
Papio_cynocephalus	Daubentonia_madagascariensis	100100	23098.5	121.4130573099	0.280736451430587	0.999999999935757	0.604199161375639	0.604199150268317	0.16962072853283	1197.02452062406	1199.02452062406	-1.99999999999977	BM	Cercopithecidae	OWM	Daubentoniidae	STR	order
Cebus_albifrons	Saimiri_sciureus	46429	15946.83	36.6614225672	0.111133630354005	0.301956176519536	0.459280427352059	0.459280417835069	0.169036122494652	1197.02452062406	1199.02452062406	-1.99999999999977	BM	Cebidae	PLA	Cebidae	PLA	family
Sapajus_apella	Mandrillus_sphinx	45000	99260	78.065338349	0.197824196341937	0.642973170049803	0.54446437482305	0.544464364226844	0.167515897090764	1197.02452062406	1199.02452062406	-1.99999999999977	BM	Cebidae	PLA	Cercopithecidae	OWM	order
Erythrocebus_patas	Microcebus_murinus	77141	732.86	121.413057312	0.278573145770037	0.999999999953053	0.600548500378431	0.600548489295528	0.167296684945752	1197.02452062406	1199.02452062406	-1.99999999999977	BM	Cercopithecidae	OWM	Cheirogaleidae	STR	order
Mandrillus_sphinx	Daubentonia_madagascariensis	99260	23098.5	121.41305731	0.277673931619912	0.99999999993658	0.599025101151114	0.59902509007868	0.166333654986194	1197.02452062406	1199.02452062406	-1.99999999999977	BM	Cercopithecidae	OWM	Daubentoniidae	STR	order
Erythrocebus_patas	Cheirogaleus_medius	77141	1154	121.413057312	0.277037729587813	0.999999999953053	0.597945177957122	0.597945166892209	0.165653374526999	1197.02452062406	1199.02452062406	-1.99999999999977	BM	Cercopithecidae	OWM	Cheirogaleidae	STR	order
Plecturocebus_moloch	Hylobates_lar	8016.5	61802.5	78.0653383569	0.196096060163056	0.64297317011487	0.540517607955917	0.540517597401282	0.164848827751208	1197.02452062406	1199.02452062406	-1.99999999999977	BM	Pitheciidae	PLA	Hylobatidae	APE	order
Cebus_albifrons	Papio_cynocephalus	46429	100100	78.0653383481	0.195676786617547	0.64297317004239	0.539557180527871	0.539557169983488	0.164204076003913	1197.02452062406	1199.02452062406	-1.99999999999977	BM	Cebidae	PLA	Cercopithecidae	OWM	order
Semnopithecus_entellus	Microcebus_murinus	76110	732.86	121.4130573117	0.274814267288125	0.999999999950582	0.594157273719695	0.594157262681807	0.163282895839257	1197.02452062406	1199.02452062406	-1.99999999999977	BM	Cercopithecidae	OWM	Cheirogaleidae	STR	order
Erythrocebus_patas	Galago_senegalensis	77141	1854.5	121.413057315	0.274483806817125	0.999999999977762	0.593592485379884	0.593592474346111	0.162931525088733	1197.02452062406	1199.02452062406	-1.99999999999977	BM	Cercopithecidae	OWM	Galagidae	STR	order
Aotus_trivirgatus	Nasalis_larvatus	9453.33	62685	78.0653383551	0.194075052297995	0.642973170100045	0.535877777548568	0.535877767043945	0.161749373907607	1197.02452062406	1199.02452062406	-1.99999999999977	BM	Aotidae	PLA	Cercopithecidae	OWM	order
Semnopithecus_entellus	Cheirogaleus_medius	76110	1154	121.4130573117	0.273278851105901	0.999999999950582	0.591529131063272	0.591529120044718	0.161652401340632	1197.02452062406	1199.02452062406	-1.99999999999977	BM	Cercopithecidae	OWM	Cheirogaleidae	STR	order
Cercopithecus_ascanius	Semnopithecus_entellus	45166	76110	38.5936741534	0.1128173964542	0.317870869954394	0.454985947384599	0.454985937931192	0.161481704865069	1197.02452062406	1199.02452062406	-1.99999999999977	BM	Cercopithecidae	OWM	Cercopithecidae	OWM	family
Cebuella_pygmaea	Macaca_mulatta	2535	55528.67	78.0653383534	0.193207338351637	0.642973170086043	0.533877704472882	0.533877693990193	0.160425185817137	1197.02452062406	1199.02452062406	-1.99999999999977	BM	Callitrichidae	PLA	Cercopithecidae	OWM	order
Sapajus_apella	Plecturocebus_moloch	45000	8016.5	49.0936032032	0.134836549307262	0.404351922995707	0.478719670684388	0.478719660889793	0.159635468040737	1197.02452062406	1199.02452062406	-1.99999999999977	BM	Cebidae	PLA	Pitheciidae	PLA	superfamily
Cebus_albifrons	Mandrillus_sphinx	46429	99260	78.0653383482	0.192614266806872	0.642973170043214	0.532507930944837	0.532507920477299	0.159522402281405	1197.02452062406	1199.02452062406	-1.99999999999977	BM	Cebidae	PLA	Cercopithecidae	OWM	order
Semnopithecus_entellus	Galago_senegalensis	76110	1854.5	121.4130573147	0.270724928335213	0.999999999975291	0.587135248745917	0.587135237760742	0.158952148143744	1197.02452062406	1199.02452062406	-1.99999999999977	BM	Cercopithecidae	OWM	Galagidae	STR	order
Alouatta_seniculus	Ateles_geoffroyi	31660	59868	34.5806779974	0.102842331928001	0.284818443430785	0.440018280421887	0.440018271196185	0.158881937224452	1197.02452062406	1199.02452062406	-1.99999999999977	BM	Atelidae	PLA	Atelidae	PLA	family
Erythrocebus_patas	Cheirogaleus_major	77141	2938	121.413057312	0.270533520847046	0.999999999953053	0.586804818588379	0.586804807605768	0.158750373630179	1197.02452062406	1199.02452062406	-1.99999999999977	BM	Cercopithecidae	OWM	Cheirogaleidae	STR	order
Erythrocebus_patas	Lepilemur_ruficaudatus	77141	3282	121.413057309	0.269279346067437	0.999999999928344	0.584635841781947	0.584635830816343	0.157430357173909	1197.02452062406	1199.02452062406	-1.99999999999977	BM	Cercopithecidae	OWM	Lepilemuridae	STR	order
Aotus_trivirgatus	Hylobates_lar	9453.33	61802.5	78.0653383588	0.190857583568327	0.642973170130519	0.528437586892006	0.528437576470106	0.156859299246363	1197.02452062406	1199.02452062406	-1.99999999999977	BM	Aotidae	PLA	Hylobatidae	APE	order
Erythrocebus_patas	Loris_tardigradus	77141	3524	121.4130573137	0.268397048693409	0.999999999967054	0.583105969399916	0.583105958446496	0.156503921267603	1197.02452062406	1199.02452062406	-1.99999999999977	BM	Cercopithecidae	OWM	Lorisidae	STR	order
Semnopithecus_entellus	Cheirogaleus_major	76110	2938	121.4130573117	0.266774642365134	0.999999999950582	0.580284116631313	0.580284105700776	0.154805087692137	1197.02452062406	1199.02452062406	-1.99999999999977	BM	Cercopithecidae	OWM	Cheirogaleidae	STR	order
Sapajus_apella	Saimiri_sciureus	45000	15946.83	36.661422568	0.10592370081894	0.301956176526125	0.440138759679001	0.44013875045143	0.154396995071979	1197.02452062406	1199.02452062406	-1.99999999999977	BM	Cebidae	PLA	Cebidae	PLA	family
Semnopithecus_entellus	Lepilemur_ruficaudatus	76110	3282	121.4130573087	0.265520467585525	0.999999999925873	0.578095055375116	0.578095044462693	0.153496069423459	1197.02452062406	1199.02452062406	-1.99999999999977	BM	Cercopithecidae	OWM	Lepilemuridae	STR	order
Erythrocebus_patas	Otolemur_crassicaudatus	77141	4372	121.413057315	0.265305362027394	0.999999999977762	0.577718934547339	0.57771892363806	0.153271931083571	1197.02452062406	1199.02452062406	-1.99999999999977	BM	Cercopithecidae	OWM	Galagidae	STR	order
Semnopithecus_entellus	Loris_tardigradus	76110	3524	121.4130573134	0.264638170211497	0.999999999964584	0.576551073281336	0.576551062381877	0.152577421072051	1197.02452062406	1199.02452062406	-1.99999999999977	BM	Cercopithecidae	OWM	Lorisidae	STR	order
Erythrocebus_patas	Avahi_laniger	77141	4813	121.41305731	0.26369753912679	0.99999999993658	0.574901373469083	0.574901362583647	0.151600077434023	1197.02452062406	1199.02452062406	-1.99999999999977	BM	Cercopithecidae	OWM	Indriidae	STR	order
Callithrix_jacchus	Macaca_mulatta	4371	55528.67	78.065338353	0.186513545051161	0.642973170082748	0.518288785453955	0.518288775149786	0.150345120501431	1197.02452062406	1199.02452062406	-1.99999999999977	BM	Callitrichidae	PLA	Cercopithecidae	OWM	order
Semnopithecus_entellus	Otolemur_crassicaudatus	76110	4372	121.4130573147	0.261546483545482	0.999999999975291	0.57111472668368	0.571114715831095	0.149373048468846	1197.02452062406	1199.02452062406	-1.99999999999977	BM	Cercopithecidae	OWM	Galagidae	STR	order
Semnopithecus_entellus	Avahi_laniger	76110	4813	121.4130573097	0.259938660644878	0.999999999934109	0.568271603878126	0.568271593050807	0.14771575960433	1197.02452062406	1199.02452062406	-1.99999999999977	BM	Cercopithecidae	OWM	Indriidae	STR	order
Erythrocebus_patas	Nycticebus_coucang	77141	5951.33	121.4130573134	0.259547350821926	0.999999999964584	0.567577999400953	0.567577988579876	0.147313366134543	1197.02452062406	1199.02452062406	-1.99999999999977	BM	Cercopithecidae	OWM	Lorisidae	STR	order
Erythrocebus_patas	Perodicticus_potto	77141	5972	121.413057314	0.259471990959442	0.999999999969525	0.567444348483303	0.567444337663433	0.147235914864133	1197.02452062406	1199.02452062406	-1.99999999999977	BM	Cercopithecidae	OWM	Lorisidae	STR	order
Semnopithecus_entellus	Nycticebus_coucang	76110	5951.33	121.4130573131	0.255788472340014	0.999999999962113	0.560882522390497	0.560882511631218	0.143467283569914	1197.02452062406	1199.02452062406	-1.99999999999977	BM	Cercopithecidae	OWM	Lorisidae	STR	order
Semnopithecus_entellus	Perodicticus_potto	76110	5972	121.4130573137	0.25571311247753	0.999999999967055	0.560747682099994	0.560747671341989	0.143390535109074	1197.02452062406	1199.02452062406	-1.99999999999977	BM	Cercopithecidae	OWM	Lorisidae	STR	order
Saguinus_midas	Macaca_mulatta	5883	55528.67	78.0653383538	0.181001009391946	0.642973170089338	0.505240839914018	0.505240829769223	0.142228488317429	1197.02452062406	1199.02452062406	-1.99999999999977	BM	Callitrichidae	PLA	Cercopithecidae	OWM	order
Saguinus_oedipus	Macaca_mulatta	5894	55528.67	78.0653383529	0.180960904965854	0.642973170081925	0.505145227147613	0.505145217004018	0.142170065093333	1197.02452062406	1199.02452062406	-1.99999999999977	BM	Callitrichidae	PLA	Cercopithecidae	OWM	order
Callimico_goeldii	Macaca_mulatta	6476	55528.67	78.065338356	0.178839016239886	0.642973170107457	0.50007238992992	0.500072379850668	0.13909204679388	1197.02452062406	1199.02452062406	-1.99999999999977	BM	Callitrichidae	PLA	Cercopithecidae	OWM	order
Nasalis_larvatus	Pygathrix_nemaeus	62685	48763	14.9942228138	0.0507576200050211	0.123497613395607	0.337796258684376	0.337796251235134	0.138834538303954	1197.02452062406	1199.02452062406	-1.99999999999977	BM	Cercopithecidae	OWM	Cercopithecidae	OWM	family
Erythrocebus_patas	Pygathrix_nemaeus	77141	48763	38.5936741528	0.103462127603971	0.317870869949452	0.421145462305079	0.421145453379439	0.137076434741474	1197.02452062406	1199.02452062406	-1.99999999999977	BM	Cercopithecidae	OWM	Cercopithecidae	OWM	family
Alouatta_palliata	Erythrocebus_patas	28560	77141	78.065338356	0.177119374907623	0.642973170107457	0.495941055799583	0.495941045773682	0.136616539970973	1197.02452062406	1199.02452062406	-1.99999999999977	BM	Atelidae	PLA	Cercopithecidae	OWM	order
Cercopithecus_nictitans	Semnopithecus_entellus	47800	76110	38.5936741535	0.103214209333583	0.317870869955218	0.420235412109918	0.420235403199099	0.136452471410823	1197.02452062406	1199.02452062406	-1.99999999999977	BM	Cercopithecidae	OWM	Cercopithecidae	OWM	family
Cebuella_pygmaea	Piliocolobus_badius	2535	50906	78.0653383527	0.176353744954954	0.642973170080277	0.49409589757653	0.494095887574728	0.13551990341	1197.02452062406	1199.02452062406	-1.99999999999977	BM	Callitrichidae	PLA	Cercopithecidae	OWM	order
Papio_cynocephalus	Erythrocebus_patas	100100	77141	29.8369393139	0.0837052289681999	0.245747368306739	0.390459560593856	0.390459552184733	0.132996365932742	1197.02452062406	1199.02452062406	-1.99999999999977	BM	Cercopithecidae	OWM	Cercopithecidae	OWM	family
Alouatta_palliata	Semnopithecus_entellus	28560	76110	78.0653383557	0.173360496425711	0.642973170104987	0.486848234766004	0.486848224860468	0.13126558865471	1197.02452062406	1199.02452062406	-1.99999999999977	BM	Atelidae	PLA	Cercopithecidae	OWM	order
Plecturocebus_moloch	Macaca_mulatta	8016.5	55528.67	78.0653383549	0.173222573658523	0.642973170098397	0.486512978761683	0.486512968860661	0.131070835018631	1197.02452062406	1199.02452062406	-1.99999999999977	BM	Pitheciidae	PLA	Cercopithecidae	OWM	order
Cebuella_pygmaea	Cercopithecus_mitis	2535	49933	78.0653383525	0.172806326174256	0.64297317007863	0.485500493558441	0.485500483671084	0.130483759745935	1197.02452062406	1199.02452062406	-1.99999999999977	BM	Callitrichidae	PLA	Cercopithecidae	OWM	order
Erythrocebus_patas	Lemur_catta	77141	11080	121.413057314	0.240848953825003	0.999999999969525	0.533690431242949	0.533690420762331	0.128538782035196	1197.02452062406	1199.02452062406	-1.99999999999977	BM	Cercopithecidae	OWM	Lemuridae	STR	order
Saimiri_sciureus	Nasalis_larvatus	15946.83	62685	78.065338346	0.170400680404401	0.642973170025094	0.479628706892666	0.479628697085514	0.127111148343567	1197.02452062406	1199.02452062406	-1.99999999999977	BM	Cebidae	PLA	Cercopithecidae	OWM	order
Callithrix_jacchus	Piliocolobus_badius	4371	50906	78.0653383523	0.169659951654479	0.642973170076983	0.477813779763569	0.477813769981533	0.126079697485394	1197.02452062406	1199.02452062406	-1.99999999999977	BM	Callitrichidae	PLA	Cercopithecidae	OWM	order
Erythrocebus_patas	Eulemur_mongoz	77141	12030	121.413057313	0.237385389753407	0.999999999961289	0.527255338526042	0.527255328117574	0.125162714040414	1197.02452062406	1199.02452062406	-1.99999999999977	BM	Cercopithecidae	OWM	Lemuridae	STR	order
Semnopithecus_entellus	Lemur_catta	76110	11080	121.4130573137	0.237090075343092	0.999999999967055	0.526704409357866	0.526704398955682	0.124876388102309	1197.02452062406	1199.02452062406	-1.99999999999977	BM	Cercopithecidae	OWM	Lemuridae	STR	order
Erythrocebus_patas	Eulemur_fulvus	77141	12207	121.4130573124	0.236740073079014	0.999999999956347	0.52605099915717	0.52605098876246	0.124537351989193	1197.02452062406	1199.02452062406	-1.99999999999977	BM	Cercopithecidae	OWM	Lemuridae	STR	order
Cebuella_pygmaea	Pygathrix_nemaeus	2535	48763	78.0653383515	0.168540673580816	0.642973170070394	0.475065174538578	0.475065164794871	0.124527442572376	1197.02452062406	1199.02452062406	-1.99999999999977	BM	Callitrichidae	PLA	Cercopithecidae	OWM	order
Mandrillus_sphinx	Erythrocebus_patas	99260	77141	29.836939314	0.0806427091575249	0.245747368307562	0.37731142019362	0.377311412015902	0.123815833024123	1197.02452062406	1199.02452062406	-1.99999999999977	BM	Cercopithecidae	OWM	Cercopithecidae	OWM	family
Aotus_trivirgatus	Macaca_mulatta	9453.33	55528.67	78.0653383568	0.167984097063795	0.642973170114047	0.473695640490632	0.473695630766152	0.123758405715063	1197.02452062406	1199.02452062406	-1.99999999999977	BM	Aotidae	PLA	Cercopithecidae	OWM	order
Saimiri_sciureus	Hylobates_lar	15946.83	61802.5	78.0653383497	0.167183211674734	0.642973170055568	0.471721752169381	0.471721742472763	0.122655129665355	1197.02452062406	1199.02452062406	-1.99999999999977	BM	Cebidae	PLA	Hylobatidae	APE	order
Erythrocebus_patas	Propithecus_verreauxi	77141	12843.33	121.413057313	0.234420104946721	0.999999999961289	0.521707399681027	0.521707389336586	0.122298703389441	1197.02452062406	1199.02452062406	-1.99999999999977	BM	Cercopithecidae	OWM	Indriidae	STR	order
Semnopithecus_entellus	Eulemur_mongoz	76110	12030	121.4130573127	0.233626511271495	0.999999999958818	0.520216601988518	0.520216591661564	0.121536389833094	1197.02452062406	1199.02452062406	-1.99999999999977	BM	Cercopithecidae	OWM	Lemuridae	STR	order
Papio_cynocephalus	Hylobates_lar	100100	61802.5	62.1515760366	0.139627205296818	0.511901910796701	0.444998370805022	0.444998361502525	0.121378485929931	1197.02452062406	1199.02452062406	-1.99999999999977	BM	Cercopithecidae	OWM	Hylobatidae	APE	order
Callithrix_jacchus	Cercopithecus_mitis	4371	49933	78.0653383521	0.16611253287378	0.642973170075336	0.469077044226622	0.469077034567612	0.121186356687793	1197.02452062406	1199.02452062406	-1.99999999999977	BM	Callitrichidae	PLA	Cercopithecidae	OWM	order
Semnopithecus_entellus	Eulemur_fulvus	76110	12207	121.4130573121	0.232981194597103	0.999999999953876	0.519002482670172	0.519002472357549	0.120917818416936	1197.02452062406	1199.02452062406	-1.99999999999977	BM	Cercopithecidae	OWM	Lemuridae	STR	order
Alouatta_seniculus	Erythrocebus_patas	31660	77141	78.0653383564	0.165817218463465	0.642973170110752	0.468346401204773	0.468346391556209	0.120782485390133	1197.02452062406	1199.02452062406	-1.99999999999977	BM	Atelidae	PLA	Cercopithecidae	OWM	order
Cebuella_pygmaea	Cercopithecus_nictitans	2535	47800	78.0653383525	0.165029713369292	0.64297317007863	0.466395531617522	0.466395521996965	0.119708137884113	1197.02452062406	1199.02452062406	-1.99999999999977	BM	Callitrichidae	PLA	Cercopithecidae	OWM	order
Semnopithecus_entellus	Propithecus_verreauxi	76110	12843.33	121.4130573127	0.230661226464809	0.999999999958818	0.514623833985455	0.51462382372516	0.118703764719995	1197.02452062406	1199.02452062406	-1.99999999999977	BM	Cercopithecidae	OWM	Indriidae	STR	order
Nasalis_larvatus	Carlito_syrichta	62685	1718.67	115.745494552	0.222274515963275	0.953319989703663	0.508911154216155	0.508911144025643	0.118656885089413	1197.02452062406	1199.02452062406	-1.99999999999977	BM	Cercopithecidae	OWM	Tarsiidae	TAR	order
Saguinus_midas	Piliocolobus_badius	5883	50906	78.0653383531	0.164147415995264	0.642973170083572	0.464205546575298	0.464205536986382	0.118509052175692	1197.02452062406	1199.02452062406	-1.99999999999977	BM	Callitrichidae	PLA	Cercopithecidae	OWM	order
Saguinus_oedipus	Piliocolobus_badius	5894	50906	78.0653383522	0.164107311569172	0.642973170076159	0.464105894349603	0.464105884762132	0.11845466366209	1197.02452062406	1199.02452062406	-1.99999999999977	BM	Callitrichidae	PLA	Cercopithecidae	OWM	order
Macaca_mulatta	Erythrocebus_patas	55528.67	77141	29.8369393147	0.0787954628331502	0.245747368313328	0.369321801362913	0.369321793328592	0.118417879599263	1197.02452062406	1199.02452062406	-1.99999999999977	BM	Cercopithecidae	OWM	Cercopithecidae	OWM	family
Erythrocebus_patas	Piliocolobus_badius	77141	50906	38.593674154	0.0956490562298325	0.317870869959336	0.392148505840064	0.392148497401641	0.117999596787021	1197.02452062406	1199.02452062406	-1.99999999999977	BM	Cercopithecidae	OWM	Cercopithecidae	OWM	family
Cercopithecus_mitis	Semnopithecus_entellus	49933	76110	38.5936741535	0.0954375965286192	0.317870869955218	0.391354775005596	0.391354766580931	0.117500414938288	1197.02452062406	1199.02452062406	-1.99999999999977	BM	Cercopithecidae	OWM	Cercopithecidae	OWM	family
Mandrillus_sphinx	Hylobates_lar	99260	61802.5	62.1515760367	0.136564685486143	0.511901910797525	0.436286816756346	0.436286807588854	0.116392165481967	1197.02452062406	1199.02452062406	-1.99999999999977	BM	Cercopithecidae	OWM	Hylobatidae	APE	order
Alouatta_seniculus	Semnopithecus_entellus	31660	76110	78.0653383561	0.162058339981553	0.642973170108281	0.459002184133357	0.459002174620467	0.115689324946533	1197.02452062406	1199.02452062406	-1.99999999999977	BM	Atelidae	PLA	Cercopithecidae	OWM	order
Callimico_goeldii	Piliocolobus_badius	6476	50906	78.0653383553	0.161985422843204	0.642973170101692	0.458820110913433	0.458820101403225	0.115591401214336	1197.02452062406	1199.02452062406	-1.99999999999977	BM	Callitrichidae	PLA	Cercopithecidae	OWM	order
Hylobates_lar	Carlito_syrichta	61802.5	1718.67	115.7454945557	0.219057047233608	0.953319989734137	0.502615458225838	0.502615448114173	0.115492656567103	1197.02452062406	1199.02452062406	-1.99999999999977	BM	Hylobatidae	APE	Tarsiidae	TAR	order
Callithrix_jacchus	Pygathrix_nemaeus	4371	48763	78.0653383511	0.16184688028034	0.642973170067099	0.458474087498976	0.458474077993869	0.115405438680033	1197.02452062406	1199.02452062406	-1.99999999999977	BM	Callitrichidae	PLA	Cercopithecidae	OWM	order
Nasalis_larvatus	Microcebus_murinus	62685	732.86	121.413057311	0.225868638171086	0.999999999944816	0.505510501756474	0.505510491608302	0.114178968619218	1197.02452062406	1199.02452062406	-1.99999999999977	BM	Cercopithecidae	OWM	Cheirogaleidae	STR	order
Erythrocebus_patas	Varecia_variegata	77141	15293	121.413057315	0.225488958631701	0.999999999977762	0.504784632346119	0.50478462220706	0.113823361083544	1197.02452062406	1199.02452062406	-1.99999999999977	BM	Cercopithecidae	OWM	Lemuridae	STR	order
Saguinus_midas	Cercopithecus_mitis	5883	49933	78.0653383529	0.160599997214565	0.642973170081925	0.455354915046364	0.455354905587467	0.113737246732654	1197.02452062406	1199.02452062406	-1.99999999999977	BM	Callitrichidae	PLA	Cercopithecidae	OWM	order
Saguinus_oedipus	Cercopithecus_mitis	5894	49933	78.065338352	0.160559892788473	0.642973170074512	0.455254442818266	0.455254433360865	0.113683755298695	1197.02452062406	1199.02452062406	-1.99999999999977	BM	Callitrichidae	PLA	Cercopithecidae	OWM	order
Nasalis_larvatus	Cheirogaleus_medius	62685	1154	121.413057311	0.224333221988863	0.999999999944817	0.502571602379703	0.502571592268595	0.112743506848166	1197.02452062406	1199.02452062406	-1.99999999999977	BM	Cercopithecidae	OWM	Cheirogaleidae	STR	order
Hylobates_lar	Microcebus_murinus	61802.5	732.86	121.4130573147	0.222651169441419	0.999999999975291	0.49934138452086	0.499341374450991	0.111178943216814	1197.02452062406	1199.02452062406	-1.99999999999977	BM	Hylobatidae	APE	Cheirogaleidae	STR	order
Callimico_goeldii	Cercopithecus_mitis	6476	49933	78.0653383551	0.158438004062505	0.642973170100045	0.449925455582642	0.449925446205176	0.110868220439642	1197.02452062406	1199.02452062406	-1.99999999999977	BM	Callitrichidae	PLA	Cercopithecidae	OWM	order
Callithrix_jacchus	Cercopithecus_nictitans	4371	47800	78.0653383521	0.158335920068816	0.642973170075336	0.449668432196882	0.449668422823301	0.110733492860135	1197.02452062406	1199.02452062406	-1.99999999999977	BM	Callitrichidae	PLA	Cercopithecidae	OWM	order
Nasalis_larvatus	Galago_senegalensis	62685	1854.5	121.413057314	0.221779299218175	0.999999999969526	0.497662677196912	0.497662667148681	0.110371279799136	1197.02452062406	1199.02452062406	-1.99999999999977	BM	Cercopithecidae	OWM	Galagidae	STR	order
Semnopithecus_entellus	Varecia_variegata	76110	15293	121.4130573147	0.221730080149789	0.999999999975291	0.497567821633373	0.497567811586368	0.11032575297345	1197.02452062406	1199.02452062406	-1.99999999999977	BM	Cercopithecidae	OWM	Lemuridae	STR	order
Hylobates_lar	Cheirogaleus_medius	61802.5	1154	121.4130573147	0.221115753259196	0.999999999975291	0.496383087202194	0.496383077170549	0.10975812023455	1197.02452062406	1199.02452062406	-1.99999999999977	BM	Hylobatidae	APE	Cheirogaleidae	STR	order
Cebuella_pygmaea	Alouatta_seniculus	2535	31660	46.5475501531	0.106185582721322	0.383381748070964	0.396043727648998	0.396043719143374	0.109692582432873	1197.02452062406	1199.02452062406	-1.99999999999977	BM	Callitrichidae	PLA	Atelidae	PLA	superfamily
Ateles_geoffroyi	Carlito_syrichta	59868	1718.67	115.745494546	0.212004137026761	0.953319989654245	0.488665856149242	0.48866584621933	0.108671992879261	1197.02452062406	1199.02452062406	-1.99999999999977	BM	Atelidae	PLA	Tarsiidae	TAR	order
Plecturocebus_moloch	Piliocolobus_badius	8016.5	50906	78.0653383542	0.156368980261841	0.642973170092632	0.444704627783606	0.444704618485612	0.108150716699774	1197.02452062406	1199.02452062406	-1.99999999999977	BM	Pitheciidae	PLA	Cercopithecidae	OWM	order
Saguinus_midas	Pygathrix_nemaeus	5883	48763	78.0653383519	0.156334344621125	0.642973170073688	0.444617025087575	0.444617015790924	0.108105461409057	1197.02452062406	1199.02452062406	-1.99999999999977	BM	Callitrichidae	PLA	Cercopithecidae	OWM	order
Saguinus_oedipus	Pygathrix_nemaeus	5894	48763	78.065338351	0.156294240195033	0.642973170066276	0.44451558195005	0.444515572654955	0.108053070283749	1197.02452062406	1199.02452062406	-1.99999999999977	BM	Callitrichidae	PLA	Cercopithecidae	OWM	order
Hylobates_lar	Galago_senegalensis	61802.5	1854.5	121.4130573177	0.218561830488508	1	0.49144205859553	0.491442048628687	0.107410475905679	1197.02452062406	1199.02452062406	-1.99999999999977	BM	Hylobatidae	APE	Galagidae	STR	order
Cebuella_pygmaea	Cercopithecus_ascanius	2535	45166	78.0653383524	0.155426526248675	0.642973170077807	0.442318508141077	0.442318498879782	0.106922080757343	1197.02452062406	1199.02452062406	-1.99999999999977	BM	Callitrichidae	PLA	Cercopithecidae	OWM	order
Nasalis_larvatus	Cheirogaleus_major	62685	2938	121.413057311	0.217829013248096	0.999999999944817	0.490019612150158	0.490019602202192	0.106740488592774	1197.02452062406	1199.02452062406	-1.99999999999977	BM	Cercopithecidae	OWM	Cheirogaleidae	STR	order
Nasalis_larvatus	Lepilemur_ruficaudatus	62685	3282	121.413057308	0.216574838468486	0.999999999920107	0.487580355105546	0.487580345190176	0.105597636655827	1197.02452062406	1199.02452062406	-1.99999999999977	BM	Cercopithecidae	OWM	Lepilemuridae	STR	order
Callimico_goeldii	Pygathrix_nemaeus	6476	48763	78.0653383541	0.154172351469065	0.642973170091808	0.439135451545678	0.439135442333701	0.105296065726288	1197.02452062406	1199.02452062406	-1.99999999999977	BM	Callitrichidae	PLA	Cercopithecidae	OWM	order
Nasalis_larvatus	Loris_tardigradus	62685	3524	121.4130573127	0.215692541094459	0.999999999958818	0.485860728343301	0.485860718451082	0.104796535118687	1197.02452062406	1199.02452062406	-1.99999999999977	BM	Cercopithecidae	OWM	Lorisidae	STR	order
Ateles_geoffroyi	Microcebus_murinus	59868	732.86	121.413057305	0.215598259234573	0.999999999895398	0.485676792554184	0.485676782664449	0.104711071036266	1197.02452062406	1199.02452062406	-1.99999999999977	BM	Atelidae	PLA	Cheirogaleidae	STR	order
Hylobates_lar	Cheirogaleus_major	61802.5	2938	121.4130573147	0.214611544518429	0.999999999975291	0.483749746130104	0.483749736266496	0.103818280179945	1197.02452062406	1199.02452062406	-1.99999999999977	BM	Hylobatidae	APE	Cheirogaleidae	STR	order
Saguinus_midas	Cercopithecus_nictitans	5883	47800	78.0653383529	0.152823384409601	0.642973170081925	0.435702027582854	0.435702018424537	0.103558688834331	1197.02452062406	1199.02452062406	-1.99999999999977	BM	Callitrichidae	PLA	Cercopithecidae	OWM	order
Plecturocebus_moloch	Cercopithecus_mitis	8016.5	49933	78.065338354	0.152821561481143	0.642973170090985	0.435697380980395	0.435697371822151	0.103556349147891	1197.02452062406	1199.02452062406	-1.99999999999977	BM	Pitheciidae	PLA	Cercopithecidae	OWM	order
Saguinus_oedipus	Cercopithecus_nictitans	5894	47800	78.065338352	0.152783279983509	0.642973170074512	0.435599798136846	0.435599788980133	0.103507220856182	1197.02452062406	1199.02452062406	-1.99999999999977	BM	Callitrichidae	PLA	Cercopithecidae	OWM	order
Ateles_geoffroyi	Cheirogaleus_medius	59868	1154	121.413057305	0.214062843052349	0.999999999895398	0.482676518821468	0.482676508972486	0.103323107904342	1197.02452062406	1199.02452062406	-1.99999999999977	BM	Atelidae	PLA	Cheirogaleidae	STR	order
Hylobates_lar	Lepilemur_ruficaudatus	61802.5	3282	121.4130573117	0.213357369738819	0.999999999950582	0.48129495982043	0.481294949990358	0.102687826700912	1197.02452062406	1199.02452062406	-1.99999999999977	BM	Hylobatidae	APE	Lepilemuridae	STR	order
Nasalis_larvatus	Otolemur_crassicaudatus	62685	4372	121.413057314	0.212600854428444	0.999999999969526	0.479811327767825	0.479811317958159	0.102008298250994	1197.02452062406	1199.02452062406	-1.99999999999977	BM	Cercopithecidae	OWM	Galagidae	STR	order
Hylobates_lar	Loris_tardigradus	61802.5	3524	121.4130573164	0.212475072364791	0.999999999989293	0.479564439651172	0.479564429844911	0.101895489019554	1197.02452062406	1199.02452062406	-1.99999999999977	BM	Hylobatidae	APE	Lorisidae	STR	order
Aotus_trivirgatus	Piliocolobus_badius	9453.33	50906	78.0653383561	0.151130503667112	0.642973170108281	0.431379002118761	0.431378993028677	0.101395406359873	1197.02452062406	1199.02452062406	-1.99999999999977	BM	Aotidae	PLA	Cercopithecidae	OWM	order
Semnopithecus_entellus	Nasalis_larvatus	76110	62685	17.7111143207	0.0489456291170383	0.145874873032441	0.301702955661128	0.301702948916132	0.10123087454561	1197.02452062406	1199.02452062406	-1.99999999999977	BM	Cercopithecidae	OWM	Cercopithecidae	OWM	family
Ateles_geoffroyi	Galago_senegalensis	59868	1854.5	121.413057308	0.211508920281661	0.999999999920108	0.477666041384546	0.477666031604566	0.101030628676532	1197.02452062406	1199.02452062406	-1.99999999999977	BM	Atelidae	PLA	Galagidae	STR	order
Callimico_goeldii	Cercopithecus_nictitans	6476	47800	78.0653383551	0.150661391257541	0.642973170100045	0.430178258152063	0.430178249081063	0.100799314615027	1197.02452062406	1199.02452062406	-1.99999999999977	BM	Callitrichidae	PLA	Cercopithecidae	OWM	order
Nasalis_larvatus	Avahi_laniger	62685	4813	121.413057309	0.210993031527839	0.999999999928344	0.476650912844558	0.4766509030787	0.100570021088792	1197.02452062406	1199.02452062406	-1.99999999999977	BM	Cercopithecidae	OWM	Indriidae	STR	order
Papio_cynocephalus	Semnopithecus_entellus	100100	76110	38.5936741536	0.0874641074501117	0.317870869956041	0.361095972912863	0.361095965028301	0.0993577580072718	1197.02452062406	1199.02452062406	-1.99999999999977	BM	Cercopithecidae	OWM	Cercopithecidae	OWM	family
Hylobates_lar	Otolemur_crassicaudatus	61802.5	4372	121.4130573177	0.209383385698776	1	0.47347707394083	0.473477064219431	0.0991382327924808	1197.02452062406	1199.02452062406	-1.99999999999977	BM	Hylobatidae	APE	Galagidae	STR	order
Callithrix_jacchus	Cercopithecus_ascanius	4371	45166	78.065338352	0.1487327329482	0.642973170074512	0.425228982375536	0.425228973383793	0.0983640867474546	1197.02452062406	1199.02452062406	-1.99999999999977	BM	Callitrichidae	PLA	Cercopithecidae	OWM	order
Plecturocebus_moloch	Pygathrix_nemaeus	8016.5	48763	78.065338353	0.148555908887702	0.642973170082748	0.424774205057999	0.424774196073587	0.0981420703702475	1197.02452062406	1199.02452062406	-1.99999999999977	BM	Pitheciidae	PLA	Cercopithecidae	OWM	order
Erythrocebus_patas	Indri_indri	77141	20114	121.413057308	0.207912282432577	0.999999999920107	0.470567834560366	0.470567824880123	0.0978368325306173	1197.02452062406	1199.02452062406	-1.99999999999977	BM	Cercopithecidae	OWM	Indriidae	STR	order
Hylobates_lar	Avahi_laniger	61802.5	4813	121.4130573127	0.207775562798172	0.999999999958818	0.470297044581509	0.470297034905116	0.097716233124264	1197.02452062406	1199.02452062406	-1.99999999999977	BM	Hylobatidae	APE	Indriidae	STR	order
Ateles_geoffroyi	Cheirogaleus_major	59868	2938	121.413057305	0.207558634311582	0.999999999895398	0.469867246749073	0.469867237078799	0.0975250040531822	1197.02452062406	1199.02452062406	-1.99999999999977	BM	Atelidae	PLA	Cheirogaleidae	STR	order
Aotus_trivirgatus	Cercopithecus_mitis	9453.33	49933	78.0653383559	0.147583084886414	0.642973170106634	0.422269142724036	0.422269133780146	0.0969243906790374	1197.02452062406	1199.02452062406	-1.99999999999977	BM	Aotidae	PLA	Cercopithecidae	OWM	order
Nasalis_larvatus	Nycticebus_coucang	62685	5951.33	121.4130573124	0.206842843222975	0.999999999956347	0.468447802749602	0.468447793099591	0.096895075426513	1197.02452062406	1199.02452062406	-1.99999999999977	BM	Cercopithecidae	OWM	Lorisidae	STR	order
Nasalis_larvatus	Perodicticus_potto	62685	5972	121.413057313	0.206767483360491	0.999999999961289	0.468298248941111	0.468298239293241	0.0968288503994268	1197.02452062406	1199.02452062406	-1.99999999999977	BM	Cercopithecidae	OWM	Lorisidae	STR	order
Callithrix_jacchus	Alouatta_seniculus	4371	31660	46.5475501527	0.0994917894208461	0.38338174806767	0.373047194737502	0.373047186636064	0.0968098589198091	1197.02452062406	1199.02452062406	-1.99999999999977	BM	Callitrichidae	PLA	Atelidae	PLA	superfamily
Ateles_geoffroyi	Lepilemur_ruficaudatus	59868	3282	121.413057302	0.206304459531973	0.99999999987069	0.467378897124276	0.467378887489585	0.0964223507803417	1197.02452062406	1199.02452062406	-1.99999999999977	BM	Atelidae	PLA	Lepilemuridae	STR	order
Ateles_geoffroyi	Papio_cynocephalus	59868	100100	78.0653383529	0.146680115503664	0.642973170081925	0.419939374242785	0.419939365336797	0.0957998852590065	1197.02452062406	1199.02452062406	-1.99999999999977	BM	Atelidae	PLA	Cercopithecidae	OWM	order
Ateles_geoffroyi	Loris_tardigradus	59868	3524	121.4130573067	0.205422162157945	0.9999999999094	0.465624837137722	0.46562482752828	0.0956496608079376	1197.02452062406	1199.02452062406	-1.99999999999977	BM	Atelidae	PLA	Lorisidae	STR	order
Semnopithecus_entellus	Indri_indri	76110	20114	121.4130573077	0.204153403950665	0.999999999917637	0.463097369131174	0.463097359558355	0.0945429042765137	1197.02452062406	1199.02452062406	-1.99999999999977	BM	Cercopithecidae	OWM	Indriidae	STR	order
Hylobates_lar	Nycticebus_coucang	61802.5	5951.33	121.4130573161	0.203625374493308	0.999999999986822	0.462043723678713	0.462043714121244	0.0940838262676003	1197.02452062406	1199.02452062406	-1.99999999999977	BM	Hylobatidae	APE	Lorisidae	STR	order
Hylobates_lar	Perodicticus_potto	61802.5	5972	121.4130573167	0.203550014630824	0.999999999991764	0.461893263804803	0.46189325424953	0.0940183806061211	1197.02452062406	1199.02452062406	-1.99999999999977	BM	Hylobatidae	APE	Lorisidae	STR	order
Macaca_mulatta	Carlito_syrichta	55528.67	1718.67	115.7454945537	0.196183560729075	0.953319989717665	0.456647761384251	0.456647751906154	0.0939734661956007	1197.02452062406	1199.02452062406	-1.99999999999977	BM	Cercopithecidae	OWM	Tarsiidae	TAR	order
Plecturocebus_moloch	Cercopithecus_nictitans	8016.5	47800	78.065338354	0.145044948676178	0.642973170090985	0.415709277051118	0.415709268214474	0.0937776777615127	1197.02452062406	1199.02452062406	-1.99999999999977	BM	Pitheciidae	PLA	Cercopithecidae	OWM	order
Ateles_geoffroyi	Otolemur_crassicaudatus	59868	4372	121.413057308	0.20233047549193	0.999999999920108	0.459455458162759	0.459455448643204	0.0929618413248604	1197.02452062406	1199.02452062406	-1.99999999999977	BM	Atelidae	PLA	Galagidae	STR	order
Saimiri_sciureus	Macaca_mulatta	15946.83	55528.67	78.0653383477	0.144309725170201	0.642973170039096	0.413802622590675	0.413802613785506	0.0928743927793097	1197.02452062406	1199.02452062406	-1.99999999999977	BM	Cebidae	PLA	Cercopithecidae	OWM	order
Mandrillus_sphinx	Semnopithecus_entellus	99260	76110	38.5936741537	0.0844015876394367	0.317870869956865	0.349308494717823	0.349308487051486	0.0927489566254587	1197.02452062406	1199.02452062406	-1.99999999999977	BM	Cercopithecidae	OWM	Cercopithecidae	OWM	family
Ateles_geoffroyi	Mandrillus_sphinx	59868	99260	78.065338353	0.143617595692989	0.642973170082748	0.412005091312841	0.412005082537471	0.0920274490147162	1197.02452062406	1199.02452062406	-1.99999999999977	BM	Atelidae	PLA	Cercopithecidae	OWM	order
Aotus_trivirgatus	Pygathrix_nemaeus	9453.33	48763	78.0653383549	0.143317432292973	0.642973170098397	0.411224744711818	0.411224735949421	0.0916611722669736	1197.02452062406	1199.02452062406	-1.99999999999977	BM	Aotidae	PLA	Cercopithecidae	OWM	order
Ateles_geoffroyi	Avahi_laniger	59868	4813	121.413057303	0.200722652591326	0.999999999878926	0.456233073599785	0.456233064127841	0.0915763127439299	1197.02452062406	1199.02452062406	-1.99999999999977	BM	Atelidae	PLA	Indriidae	STR	order
Saguinus_midas	Cercopithecus_ascanius	5883	45166	78.0653383528	0.143220197288985	0.642973170081101	0.410971856558712	0.410971847800524	0.0915426539013048	1197.02452062406	1199.02452062406	-1.99999999999977	BM	Callitrichidae	PLA	Cercopithecidae	OWM	order
Saguinus_oedipus	Cercopithecus_ascanius	5894	45166	78.0653383519	0.143180092862892	0.642973170073688	0.410867538634506	0.410867529878055	0.0914937902141307	1197.02452062406	1199.02452062406	-1.99999999999977	BM	Callitrichidae	PLA	Cercopithecidae	OWM	order
Macaca_mulatta	Microcebus_murinus	55528.67	732.86	121.4130573127	0.199777682936886	0.999999999958818	0.454334724835324	0.454334715391637	0.0907659386091068	1197.02452062406	1199.02452062406	-1.99999999999977	BM	Cercopithecidae	OWM	Cheirogaleidae	STR	order
Macaca_mulatta	Cheirogaleus_medius	55528.67	1154	121.4130573127	0.198242266754663	0.999999999958818	0.451243235149763	0.451243225752423	0.0894554817974804	1197.02452062406	1199.02452062406	-1.99999999999977	BM	Cercopithecidae	OWM	Cheirogaleidae	STR	order
Callimico_goeldii	Cercopithecus_ascanius	6476	45166	78.065338355	0.141058204136925	0.642973170099221	0.405336057988722	0.405336049324943	0.088924358077035	1197.02452062406	1199.02452062406	-1.99999999999977	BM	Callitrichidae	PLA	Cercopithecidae	OWM	order
Erythrocebus_patas	Daubentonia_madagascariensis	77141	23098.5	121.41305731	0.197031222462387	0.99999999993658	0.448798769678129	0.448798760317722	0.0884273702349051	1197.02452062406	1199.02452062406	-1.99999999999977	BM	Cercopithecidae	OWM	Daubentoniidae	STR	order
Cebuella_pygmaea	Alouatta_palliata	2535	28560	46.5475501527	0.0948834262771637	0.38338174806767	0.356999910266387	0.35699990245718	0.0883541661475649	1197.02452062406	1199.02452062406	-1.99999999999977	BM	Callitrichidae	PLA	Atelidae	PLA	superfamily
Ateles_geoffroyi	Nycticebus_coucang	59868	5951.33	121.4130573064	0.196572464286462	0.999999999906929	0.447871380411961	0.447871371065631	0.0880391809391523	1197.02452062406	1199.02452062406	-1.99999999999977	BM	Atelidae	PLA	Lorisidae	STR	order
Ateles_geoffroyi	Perodicticus_potto	59868	5972	121.413057307	0.196497104423978	0.999999999911871	0.447718965641057	0.447718956297044	0.0879754803519191	1197.02452062406	1199.02452062406	-1.99999999999977	BM	Atelidae	PLA	Lorisidae	STR	order
Aotus_trivirgatus	Cercopithecus_nictitans	9453.33	47800	78.0653383559	0.13980647208145	0.642973170106634	0.402061872173218	0.402061863564815	0.0874233242075685	1197.02452062406	1199.02452062406	-1.99999999999977	BM	Aotidae	PLA	Cercopithecidae	OWM	order
Macaca_mulatta	Galago_senegalensis	55528.67	1854.5	121.4130573157	0.195688343983975	0.999999999983527	0.446081954619653	0.446081945300588	0.0872930389820926	1197.02452062406	1199.02452062406	-1.99999999999977	BM	Cercopithecidae	OWM	Galagidae	STR	order
Saguinus_midas	Alouatta_seniculus	5883	31660	46.5475501535	0.0939792537616311	0.383381748074259	0.353831438670286	0.35383143091972	0.0867355181373866	1197.02452062406	1199.02452062406	-1.99999999999977	BM	Callitrichidae	PLA	Atelidae	PLA	superfamily
Saguinus_oedipus	Alouatta_seniculus	5894	31660	46.5475501526	0.0939391493355389	0.383381748066846	0.353690752307871	0.353690744559916	0.0866640328267664	1197.02452062406	1199.02452062406	-1.99999999999977	BM	Callitrichidae	PLA	Atelidae	PLA	superfamily
Semnopithecus_entellus	Daubentonia_madagascariensis	76110	23098.5	121.4130573097	0.193272343980475	0.999999999934109	0.441177630536145	0.441177621292484	0.0852674347710911	1197.02452062406	1199.02452062406	-1.99999999999977	BM	Cercopithecidae	OWM	Daubentoniidae	STR	order
Macaca_mulatta	Cheirogaleus_major	55528.67	2938	121.4130573127	0.191738058013896	0.999999999958818	0.438052217538185	0.438052208343091	0.0839912815029112	1197.02452062406	1199.02452062406	-1.99999999999977	BM	Cercopithecidae	OWM	Cheirogaleidae	STR	order
Macaca_mulatta	Lepilemur_ruficaudatus	55528.67	3282	121.4130573097	0.190483883234286	0.999999999934109	0.435491145454741	0.435491136299739	0.0829540445058324	1197.02452062406	1199.02452062406	-1.99999999999977	BM	Cercopithecidae	OWM	Lepilemuridae	STR	order
Callimico_goeldii	Alouatta_seniculus	6476	31660	46.5475501557	0.0918172606095712	0.383381748092379	0.34622923144758	0.346229223838935	0.0829194914276774	1197.02452062406	1199.02452062406	-1.99999999999977	BM	Callitrichidae	PLA	Atelidae	PLA	superfamily
Plecturocebus_moloch	Cercopithecus_ascanius	8016.5	45166	78.0653383539	0.135441761555562	0.642973170090161	0.390581479704618	0.390581471293381	0.0822756626606259	1197.02452062406	1199.02452062406	-1.99999999999977	BM	Pitheciidae	PLA	Cercopithecidae	OWM	order
Macaca_mulatta	Loris_tardigradus	55528.67	3524	121.4130573144	0.189601585860259	0.99999999997282	0.433686101834265	0.433686092707679	0.0822275726755652	1197.02452062406	1199.02452062406	-1.99999999999977	BM	Cercopithecidae	OWM	Lorisidae	STR	order
Nasalis_larvatus	Lemur_catta	62685	11080	121.413057313	0.188144446226053	0.999999999961289	0.430698970874335	0.430698961795056	0.0810336193684196	1197.02452062406	1199.02452062406	-1.99999999999977	BM	Cercopithecidae	OWM	Lemuridae	STR	order
Macaca_mulatta	Otolemur_crassicaudatus	55528.67	4372	121.4130573157	0.186509899194244	0.999999999983527	0.427339230050685	0.427339221025036	0.0797029967198118	1197.02452062406	1199.02452062406	-1.99999999999977	BM	Cercopithecidae	OWM	Galagidae	STR	order
Piliocolobus_badius	Carlito_syrichta	50906	1718.67	115.745494553	0.179329967332393	0.953319989711899	0.421475541353421	0.421475532422423	0.0792841814689666	1197.02452062406	1199.02452062406	-1.99999999999977	BM	Cercopithecidae	OWM	Tarsiidae	TAR	order
Hylobates_lar	Lemur_catta	61802.5	11080	121.4130573167	0.184926977496386	0.999999999991764	0.424076658457701	0.424076649484553	0.0784232146759957	1197.02452062406	1199.02452062406	-1.99999999999977	BM	Hylobatidae	APE	Lemuridae	STR	order
Macaca_mulatta	Avahi_laniger	55528.67	4813	121.4130573107	0.184902076293639	0.999999999942346	0.424025264379716	0.424025255407398	0.0784031517892892	1197.02452062406	1199.02452062406	-1.99999999999977	BM	Cercopithecidae	OWM	Indriidae	STR	order
Nasalis_larvatus	Eulemur_mongoz	62685	12030	121.413057312	0.184680882154456	0.999999999953053	0.423568642390247	0.423568633425311	0.0782250305332688	1197.02452062406	1199.02452062406	-1.99999999999977	BM	Cercopithecidae	OWM	Lemuridae	STR	order
Nasalis_larvatus	Eulemur_fulvus	62685	12207	121.4130573114	0.184035565480064	0.999999999948111	0.422235508450176	0.422235499506836	0.0777063505674227	1197.02452062406	1199.02452062406	-1.99999999999977	BM	Cercopithecidae	OWM	Lemuridae	STR	order
Piliocolobus_badius	Microcebus_murinus	50906	732.86	121.413057312	0.182924089540204	0.999999999953053	0.419935958909622	0.419935950003695	0.0768164029523416	1197.02452062406	1199.02452062406	-1.99999999999977	BM	Cercopithecidae	OWM	Cheirogaleidae	STR	order
Callithrix_jacchus	Alouatta_palliata	4371	28560	46.5475501523	0.0881896329766883	0.383381748064375	0.333392668808975	0.333392661443779	0.0766906021161057	1197.02452062406	1199.02452062406	-1.99999999999977	BM	Callitrichidae	PLA	Atelidae	PLA	superfamily
Cercopithecus_mitis	Carlito_syrichta	49933	1718.67	115.7454945528	0.175782548551694	0.953319989710252	0.413938232315664	0.413938223508257	0.0763260166626172	1197.02452062406	1199.02452062406	-1.99999999999977	BM	Cercopithecidae	OWM	Tarsiidae	TAR	order
Aotus_trivirgatus	Cercopithecus_ascanius	9453.33	45166	78.0653383558	0.130203284960833	0.64297317010581	0.376675009957185	0.376675001790819	0.0762774030695698	1197.02452062406	1199.02452062406	-1.99999999999977	BM	Aotidae	PLA	Cercopithecidae	OWM	order
Nasalis_larvatus	Propithecus_verreauxi	62685	12843.33	121.413057312	0.18171559734777	0.999999999953053	0.41743083332372	0.417430824458778	0.0758536932323585	1197.02452062406	1199.02452062406	-1.99999999999977	BM	Cercopithecidae	OWM	Indriidae	STR	order
Hylobates_lar	Eulemur_mongoz	61802.5	12030	121.4130573157	0.181463413424789	0.999999999983527	0.416907436335098	0.416907427478749	0.075653446480791	1197.02452062406	1199.02452062406	-1.99999999999977	BM	Hylobatidae	APE	Lemuridae	STR	order
Piliocolobus_badius	Cheirogaleus_medius	50906	1154	121.413057312	0.181388673357981	0.999999999953053	0.41675227440374	0.41675226554994	0.0755941421765646	1197.02452062406	1199.02452062406	-1.99999999999977	BM	Cercopithecidae	OWM	Cheirogaleidae	STR	order
Hylobates_lar	Eulemur_fulvus	61802.5	12207	121.4130573151	0.180818096750397	0.999999999978585	0.415567111573784	0.415567102739487	0.0751420541884405	1197.02452062406	1199.02452062406	-1.99999999999977	BM	Hylobatidae	APE	Lemuridae	STR	order
Macaca_mulatta	Nycticebus_coucang	55528.67	5951.33	121.4130573141	0.180751887988775	0.999999999970349	0.415429514733365	0.415429505901336	0.0750896691165431	1197.02452062406	1199.02452062406	-1.99999999999977	BM	Cercopithecidae	OWM	Lorisidae	STR	order
Macaca_mulatta	Perodicticus_potto	55528.67	5972	121.4130573147	0.180676528126291	0.999999999975291	0.415272881491601	0.415272872662154	0.0750300624547572	1197.02452062406	1199.02452062406	-1.99999999999977	BM	Cercopithecidae	OWM	Lorisidae	STR	order
Cercopithecus_mitis	Microcebus_murinus	49933	732.86	121.4130573118	0.179376670759506	0.999999999951406	0.412568100388839	0.412568091604127	0.0740050923129196	1197.02452062406	1199.02452062406	-1.99999999999977	BM	Cercopithecidae	OWM	Cheirogaleidae	STR	order
Macaca_mulatta	Semnopithecus_entellus	55528.67	76110	38.5936741544	0.0750365843512384	0.31787086996263	0.312728001582459	0.312727994618724	0.0738225590551758	1197.02452062406	1199.02452062406	-1.99999999999977	BM	Cercopithecidae	OWM	Cercopithecidae	OWM	family
Piliocolobus_badius	Galago_senegalensis	50906	1854.5	121.413057315	0.178834750587293	0.999999999977762	0.411438749415002	0.411438740649049	0.0735795461352158	1197.02452062406	1199.02452062406	-1.99999999999977	BM	Cercopithecidae	OWM	Galagidae	STR	order
Hylobates_lar	Propithecus_verreauxi	61802.5	12843.33	121.4130573157	0.178498128618103	0.999999999983527	0.410736731317113	0.410736722562845	0.0733157378960289	1197.02452062406	1199.02452062406	-1.99999999999977	BM	Hylobatidae	APE	Indriidae	STR	order
Saimiri_sciureus	Piliocolobus_badius	15946.83	50906	78.065338347	0.127456131773519	0.64297317003333	0.369327730634146	0.369327722599723	0.0732115834644862	1197.02452062406	1199.02452062406	-1.99999999999977	BM	Cebidae	PLA	Cercopithecidae	OWM	order
Pygathrix_nemaeus	Carlito_syrichta	48763	1718.67	115.7454945518	0.171516895958254	0.953319989702016	0.404815020469338	0.40481501181435	0.0728324345426564	1197.02452062406	1199.02452062406	-1.99999999999977	BM	Cercopithecidae	OWM	Tarsiidae	TAR	order
Ateles_geoffroyi	Lemur_catta	59868	11080	121.413057307	0.177874067289539	0.999999999911871	0.409434243653215	0.409434234920674	0.0728277342126319	1197.02452062406	1199.02452062406	-1.99999999999977	BM	Atelidae	PLA	Lemuridae	STR	order
Cercopithecus_mitis	Cheirogaleus_medius	49933	1154	121.4130573118	0.177841254577282	0.999999999951406	0.409365723095668	0.409365714364271	0.0728021137798077	1197.02452062406	1199.02452062406	-1.99999999999977	BM	Cercopithecidae	OWM	Cheirogaleidae	STR	order
Cercopithecus_mitis	Galago_senegalensis	49933	1854.5	121.4130573148	0.175287331806594	0.999999999976115	0.40402135486349	0.404021346221904	0.0708198252885978	1197.02452062406	1199.02452062406	-1.99999999999977	BM	Cercopithecidae	OWM	Galagidae	STR	order
Pygathrix_nemaeus	Microcebus_murinus	48763	732.86	121.4130573108	0.175111018166065	0.999999999943169	0.403651586908995	0.403651578273662	0.0706838403719992	1197.02452062406	1199.02452062406	-1.99999999999977	BM	Cercopithecidae	OWM	Cheirogaleidae	STR	order
Piliocolobus_badius	Cheirogaleus_major	50906	2938	121.413057312	0.174884464617214	0.999999999953053	0.403176301617424	0.403176292990134	0.0705092716580217	1197.02452062406	1199.02452062406	-1.99999999999977	BM	Cercopithecidae	OWM	Cheirogaleidae	STR	order
Ateles_geoffroyi	Eulemur_mongoz	59868	12030	121.413057306	0.174410503217943	0.999999999903635	0.402181423799762	0.402181415189336	0.0701446645165847	1197.02452062406	1199.02452062406	-1.99999999999977	BM	Atelidae	PLA	Lemuridae	STR	order
Cercopithecus_nictitans	Carlito_syrichta	47800	1718.67	115.7454945528	0.16800593574673	0.953319989710252	0.397257636006882	0.39725762748043	0.070009694111371	1197.02452062406	1199.02452062406	-1.99999999999977	BM	Cercopithecidae	OWM	Tarsiidae	TAR	order
Alouatta_palliata	Nasalis_larvatus	28560	62685	78.065338355	0.124414867308673	0.642973170099221	0.36115107455718	0.361151066671612	0.0698824851626117	1197.02452062406	1199.02452062406	-1.99999999999977	BM	Atelidae	PLA	Cercopithecidae	OWM	order
Ateles_geoffroyi	Eulemur_fulvus	59868	12207	121.4130573054	0.17376518654355	0.999999999898693	0.400825649592288	0.400825641004899	0.0696495437798997	1197.02452062406	1199.02452062406	-1.99999999999977	BM	Atelidae	PLA	Lemuridae	STR	order
Piliocolobus_badius	Lepilemur_ruficaudatus	50906	3282	121.413057309	0.173630289837604	0.999999999928344	0.400542063181268	0.400542054598705	0.0695462345272989	1197.02452062406	1199.02452062406	-1.99999999999977	BM	Cercopithecidae	OWM	Lepilemuridae	STR	order
Pygathrix_nemaeus	Cheirogaleus_medius	48763	1154	121.4130573108	0.173575601983842	0.999999999943169	0.40042707840137	0.400427069820765	0.0695043711880989	1197.02452062406	1199.02452062406	-1.99999999999977	BM	Cercopithecidae	OWM	Cheirogaleidae	STR	order
Saimiri_sciureus	Cercopithecus_mitis	15946.83	49933	78.0653383468	0.12390871299282	0.642973170031683	0.359785935479364	0.35978592761885	0.0693351049406451	1197.02452062406	1199.02452062406	-1.99999999999977	BM	Cebidae	PLA	Cercopithecidae	OWM	order
Nasalis_larvatus	Varecia_variegata	62685	15293	121.413057314	0.172784451032751	0.999999999969526	0.398762515876648	0.39876250732444	0.068899962400285	1197.02452062406	1199.02452062406	-1.99999999999977	BM	Cercopithecidae	OWM	Lemuridae	STR	order
Piliocolobus_badius	Loris_tardigradus	50906	3524	121.4130573137	0.172747992463576	0.999999999967054	0.398685757665193	0.398685749114297	0.0688721642627511	1197.02452062406	1199.02452062406	-1.99999999999977	BM	Cercopithecidae	OWM	Lorisidae	STR	order
Cercopithecus_nictitans	Microcebus_murinus	47800	732.86	121.4130573118	0.171600057954542	0.999999999951406	0.396266690105387	0.39626668159594	0.0679993869908432	1197.02452062406	1199.02452062406	-1.99999999999977	BM	Cercopithecidae	OWM	Cheirogaleidae	STR	order
Ateles_geoffroyi	Propithecus_verreauxi	59868	12843.33	121.413057306	0.171445218411257	0.999999999903635	0.395940058894116	0.395940050390281	0.0678820298814091	1197.02452062406	1199.02452062406	-1.99999999999977	BM	Atelidae	PLA	Indriidae	STR	order
Alouatta_seniculus	Plecturocebus_moloch	31660	8016.5	49.0936032106	0.0862008180282083	0.404351923056656	0.31821525646758	0.318215249396135	0.0678379744288197	1197.02452062406	1199.02452062406	-1.99999999999977	BM	Atelidae	PLA	Pitheciidae	PLA	superfamily
Cercopithecus_mitis	Cheirogaleus_major	49933	2938	121.4130573118	0.171337045836515	0.999999999951406	0.395711823715551	0.39571181521564	0.0678000948812971	1197.02452062406	1199.02452062406	-1.99999999999977	BM	Cercopithecidae	OWM	Cheirogaleidae	STR	order
Saguinus_midas	Alouatta_palliata	5883	28560	46.5475501531	0.0826770973174733	0.383381748070964	0.313699035762048	0.313699028779196	0.0676498707583117	1197.02452062406	1199.02452062406	-1.99999999999977	BM	Callitrichidae	PLA	Atelidae	PLA	superfamily
Saguinus_oedipus	Alouatta_palliata	5894	28560	46.5475501522	0.0826369928913811	0.383381748063552	0.313554958378915	0.313554951398899	0.0675860001095319	1197.02452062406	1199.02452062406	-1.99999999999977	BM	Callitrichidae	PLA	Atelidae	PLA	superfamily
Pygathrix_nemaeus	Galago_senegalensis	48763	1854.5	121.4130573138	0.171021679213154	0.999999999967878	0.395046205431125	0.395046196942668	0.0675614654217859	1197.02452062406	1199.02452062406	-1.99999999999977	BM	Cercopithecidae	OWM	Galagidae	STR	order
Cercopithecus_mitis	Lepilemur_ruficaudatus	49933	3282	121.4130573088	0.170082871056905	0.999999999926697	0.393062797708914	0.393062789254678	0.0668532491448924	1197.02452062406	1199.02452062406	-1.99999999999977	BM	Cercopithecidae	OWM	Lepilemuridae	STR	order
Cercopithecus_nictitans	Cheirogaleus_medius	47800	1154	121.4130573118	0.170064641772318	0.999999999951406	0.393024256197259	0.393024247743689	0.0668395293412667	1197.02452062406	1199.02452062406	-1.99999999999977	BM	Cercopithecidae	OWM	Cheirogaleidae	STR	order
Piliocolobus_badius	Otolemur_crassicaudatus	50906	4372	121.413057315	0.169656305797561	0.999999999977762	0.392160640096483	0.392160631657858	0.066532525479456	1197.02452062406	1199.02452062406	-1.99999999999977	BM	Cercopithecidae	OWM	Galagidae	STR	order
Hylobates_lar	Varecia_variegata	61802.5	15293	121.4130573177	0.169566982303083	1	0.391971651050978	0.391971642615627	0.0664654500170716	1197.02452062406	1199.02452062406	-1.99999999999977	BM	Hylobatidae	APE	Lemuridae	STR	order
Alouatta_palliata	Hylobates_lar	28560	61802.5	78.0653383587	0.121197398579005	0.642973170129695	0.352452647571126	0.352452639846175	0.0664356554711095	1197.02452062406	1199.02452062406	-1.99999999999977	BM	Atelidae	PLA	Hylobatidae	APE	order
Cercopithecus_mitis	Loris_tardigradus	49933	3524	121.4130573135	0.169200573682878	0.999999999965407	0.391196136340288	0.391196127918383	0.0661906106935916	1197.02452062406	1199.02452062406	-1.99999999999977	BM	Cercopithecidae	OWM	Lorisidae	STR	order
Cebus_albifrons	Carlito_syrichta	46429	1718.67	115.7454945412	0.163007465912878	0.95331998961471	0.386424512727198	0.386424504388481	0.0660744359422665	1197.02452062406	1199.02452062406	-1.99999999999977	BM	Cebidae	PLA	Tarsiidae	TAR	order
Piliocolobus_badius	Avahi_laniger	50906	4813	121.41305731	0.168048482896957	0.99999999993658	0.388754838565109	0.38875483018567	0.0653296608438613	1197.02452062406	1199.02452062406	-1.99999999999977	BM	Cercopithecidae	OWM	Indriidae	STR	order
Aotus_trivirgatus	Alouatta_seniculus	9453.33	31660	46.5475501565	0.0809623414334795	0.383381748098968	0.307528563496526	0.307528556635569	0.0649437086710917	1197.02452062406	1199.02452062406	-1.99999999999977	BM	Aotidae	PLA	Atelidae	PLA	superfamily
Cercopithecus_nictitans	Galago_senegalensis	47800	1854.5	121.4130573148	0.16751071900163	0.999999999976115	0.387613825804475	0.387613817444953	0.0649294706570312	1197.02452062406	1199.02452062406	-1.99999999999977	BM	Cercopithecidae	OWM	Galagidae	STR	order
Saimiri_sciureus	Pygathrix_nemaeus	15946.83	48763	78.0653383458	0.11964306039938	0.642973170023447	0.348233093641516	0.348233085995299	0.0647984628255883	1197.02452062406	1199.02452062406	-1.99999999999977	BM	Cebidae	PLA	Cercopithecidae	OWM	order
Pygathrix_nemaeus	Cheirogaleus_major	48763	2938	121.4130573108	0.167071393243075	0.999999999943169	0.386680978110915	0.386680969767708	0.064603329757257	1197.02452062406	1199.02452062406	-1.99999999999977	BM	Cercopithecidae	OWM	Cheirogaleidae	STR	order
Cebus_albifrons	Microcebus_murinus	46429	732.86	121.4130573002	0.16660158812069	0.999999999855864	0.385682718381193	0.385682710055479	0.064255353402273	1197.02452062406	1199.02452062406	-1.99999999999977	BM	Cebidae	PLA	Cheirogaleidae	STR	order
Callimico_goeldii	Alouatta_palliata	6476	28560	46.5475501553	0.0805151041654134	0.383381748089084	0.305915818623211	0.305915811794272	0.0642462613962839	1197.02452062406	1199.02452062406	-1.99999999999977	BM	Callitrichidae	PLA	Atelidae	PLA	superfamily
Cercopithecus_mitis	Otolemur_crassicaudatus	49933	4372	121.4130573148	0.166108887016863	0.999999999976115	0.38463504017547	0.384635031868152	0.0638912984327597	1197.02452062406	1199.02452062406	-1.99999999999977	BM	Cercopithecidae	OWM	Galagidae	STR	order
Pygathrix_nemaeus	Lepilemur_ruficaudatus	48763	3282	121.4130573078	0.165817218463465	0.99999999991846	0.384014467134149	0.384014458837744	0.0636762107951066	1197.02452062406	1199.02452062406	-1.99999999999977	BM	Cercopithecidae	OWM	Lepilemuridae	STR	order
Cebus_albifrons	Cheirogaleus_medius	46429	1154	121.4130573002	0.165066171938466	0.999999999855864	0.382415228266353	0.382415219998131	0.0631238178300001	1197.02452062406	1199.02452062406	-1.99999999999977	BM	Cebidae	PLA	Cheirogaleidae	STR	order
Pygathrix_nemaeus	Loris_tardigradus	48763	3524	121.4130573125	0.164934921089437	0.999999999957171	0.382135563138462	0.382135554875178	0.0630274989544095	1197.02452062406	1199.02452062406	-1.99999999999977	BM	Cercopithecidae	OWM	Lorisidae	STR	order
Cercopithecus_mitis	Avahi_laniger	49933	4813	121.4130573098	0.164501064116259	0.999999999934933	0.381210720575442	0.381210712328504	0.0627095691912663	1197.02452062406	1199.02452062406	-1.99999999999977	BM	Cercopithecidae	OWM	Indriidae	STR	order
Cercopithecus_ascanius	Carlito_syrichta	45166	1718.67	115.7454945527	0.158402748626114	0.953319989709428	0.376369465071521	0.37636945691061	0.0625371946563718	1197.02452062406	1199.02452062406	-1.99999999999977	BM	Cercopithecidae	OWM	Tarsiidae	TAR	order
Piliocolobus_badius	Nycticebus_coucang	50906	5951.33	121.4130573134	0.163898294592093	0.999999999964584	0.379924808772955	0.379924800548792	0.0622690282333197	1197.02452062406	1199.02452062406	-1.99999999999977	BM	Cercopithecidae	OWM	Lorisidae	STR	order
Sapajus_apella	Erythrocebus_patas	45000	77141	78.065338349	0.117181487184412	0.642973170049803	0.341527846619421	0.341527839099396	0.0622432518897384	1197.02452062406	1199.02452062406	-1.99999999999977	BM	Cebidae	PLA	Cercopithecidae	OWM	order
Piliocolobus_badius	Perodicticus_potto	50906	5972	121.413057314	0.163822934729609	0.999999999969525	0.379763958789653	0.379763950568343	0.0622140462353512	1197.02452062406	1199.02452062406	-1.99999999999977	BM	Cercopithecidae	OWM	Lorisidae	STR	order
Sapajus_apella	Carlito_syrichta	45000	1718.67	115.745494542	0.157797536377813	0.9533199896213	0.375042613835116	0.375042605697917	0.0620786316705539	1197.02452062406	1199.02452062406	-1.99999999999977	BM	Cebidae	PLA	Tarsiidae	TAR	order
Cercopithecus_nictitans	Cheirogaleus_major	47800	2938	121.4130573118	0.163560433031551	0.999999999951406	0.379203526750254	0.37920351853889	0.062022693045377	1197.02452062406	1199.02452062406	-1.99999999999977	BM	Cercopithecidae	OWM	Cheirogaleidae	STR	order
Ateles_geoffroyi	Varecia_variegata	59868	15293	121.413057308	0.162514072096237	0.999999999920107	0.376967396915164	0.376967388743587	0.0612625067250962	1197.02452062406	1199.02452062406	-1.99999999999977	BM	Atelidae	PLA	Lemuridae	STR	order
Cebus_albifrons	Galago_senegalensis	46429	1854.5	121.4130573032	0.162512249167778	0.999999999880573	0.376963498182519	0.376963490011012	0.0612611859511112	1197.02452062406	1199.02452062406	-1.99999999999977	BM	Cebidae	PLA	Galagidae	STR	order
Saimiri_sciureus	Cercopithecus_nictitans	15946.83	47800	78.0653383468	0.116132100187856	0.642973170031683	0.338660938686208	0.338660931220533	0.0611680360772786	1197.02452062406	1199.02452062406	-1.99999999999977	BM	Cebidae	PLA	Cercopithecidae	OWM	order
Cercopithecus_nictitans	Lepilemur_ruficaudatus	47800	3282	121.4130573088	0.162306258251941	0.999999999926697	0.3765228725697	0.376522864406052	0.0611120185975403	1197.02452062406	1199.02452062406	-1.99999999999977	BM	Cercopithecidae	OWM	Lepilemuridae	STR	order
Macaca_mulatta	Lemur_catta	55528.67	11080	121.4130573147	0.162053490991853	0.999999999975291	0.375982005674549	0.375981997520557	0.060929196571185	1197.02452062406	1199.02452062406	-1.99999999999977	BM	Cercopithecidae	OWM	Lemuridae	STR	order
Cercopithecus_ascanius	Microcebus_murinus	45166	732.86	121.4130573117	0.161996870833925	0.999999999950582	0.37586082307165	0.375860814919823	0.0608882772096798	1197.02452062406	1199.02452062406	-1.99999999999977	BM	Cercopithecidae	OWM	Cheirogaleidae	STR	order
Pygathrix_nemaeus	Otolemur_crassicaudatus	48763	4372	121.4130573138	0.161843234423423	0.999999999967878	0.37553194794709	0.375531939801141	0.0607773050870377	1197.02452062406	1199.02452062406	-1.99999999999977	BM	Cercopithecidae	OWM	Galagidae	STR	order
Cercopithecus_nictitans	Loris_tardigradus	47800	3524	121.4130573135	0.161423960877914	0.999999999965407	0.374634067652202	0.374634059522317	0.0604749150823147	1197.02452062406	1199.02452062406	-1.99999999999977	BM	Cercopithecidae	OWM	Lorisidae	STR	order
Sapajus_apella	Microcebus_murinus	45000	732.86	121.413057301	0.161391658585625	0.999999999862453	0.374564868760932	0.374564860632285	0.0604516454255486	1197.02452062406	1199.02452062406	-1.99999999999977	BM	Cebidae	PLA	Cheirogaleidae	STR	order
Cercopithecus_ascanius	Cheirogaleus_medius	45166	1154	121.4130573117	0.160461454651701	0.999999999950582	0.37257074481705	0.372570736724179	0.0597832436769661	1197.02452062406	1199.02452062406	-1.99999999999977	BM	Cercopithecidae	OWM	Cheirogaleidae	STR	order
Cercopithecus_mitis	Nycticebus_coucang	49933	5951.33	121.4130573132	0.160350875811395	0.999999999962937	0.372333510058715	0.372333501970108	0.0597040044340584	1197.02452062406	1199.02452062406	-1.99999999999977	BM	Cercopithecidae	OWM	Lorisidae	STR	order
Cercopithecus_mitis	Perodicticus_potto	49933	5972	121.4130573138	0.16027551594891	0.999999999967878	0.372171811696456	0.372171803610756	0.0596500291432063	1197.02452062406	1199.02452062406	-1.99999999999977	BM	Cercopithecidae	OWM	Lorisidae	STR	order
Pygathrix_nemaeus	Avahi_laniger	48763	4813	121.4130573088	0.160235411522818	0.999999999926697	0.372085753040455	0.372085744956304	0.0596213137645855	1197.02452062406	1199.02452062406	-1.99999999999977	BM	Cercopithecidae	OWM	Indriidae	STR	order
Sapajus_apella	Cheirogaleus_medius	45000	1154	121.413057301	0.159856242403401	0.999999999862453	0.371271857587255	0.371271849517754	0.0593501240721928	1197.02452062406	1199.02452062406	-1.99999999999977	BM	Cebidae	PLA	Cheirogaleidae	STR	order
Macaca_mulatta	Eulemur_mongoz	55528.67	12030	121.4130573137	0.158589926920256	0.999999999967054	0.368550414564803	0.368550406544445	0.058448383314188	1197.02452062406	1199.02452062406	-1.99999999999977	BM	Cercopithecidae	OWM	Lemuridae	STR	order
Sapajus_apella	Semnopithecus_entellus	45000	76110	78.0653383487	0.1134226087025	0.642973170047332	0.331235732778749	0.33123572545492	0.058431086486057	1197.02452062406	1199.02452062406	-1.99999999999977	BM	Cebidae	PLA	Cercopithecidae	OWM	order
Cebus_albifrons	Cheirogaleus_major	46429	2938	121.4130573002	0.158561963197699	0.999999999855864	0.368490261057878	0.368490253038608	0.0584285392209915	1197.02452062406	1199.02452062406	-1.99999999999977	BM	Cebidae	PLA	Cheirogaleidae	STR	order
Cercopithecus_nictitans	Otolemur_crassicaudatus	47800	4372	121.4130573148	0.158332274211899	0.999999999976115	0.367996078489953	0.367996070479634	0.0582656560097664	1197.02452062406	1199.02452062406	-1.99999999999977	BM	Cercopithecidae	OWM	Galagidae	STR	order
Alouatta_seniculus	Nasalis_larvatus	31660	62685	78.0653383554	0.113112710864515	0.642973170102516	0.330384389869944	0.330384382562477	0.0581216693062789	1197.02452062406	1199.02452062406	-1.99999999999977	BM	Atelidae	PLA	Cercopithecidae	OWM	order
Macaca_mulatta	Eulemur_fulvus	55528.67	12207	121.4130573131	0.157944610245864	0.999999999962113	0.36716163526222	0.367161627267029	0.0579912013809225	1197.02452062406	1199.02452062406	-1.99999999999977	BM	Cercopithecidae	OWM	Lemuridae	STR	order
Cercopithecus_ascanius	Galago_senegalensis	45166	1854.5	121.4130573147	0.157907531881014	0.999999999975291	0.367081799897204	0.367081791903462	0.0579649810216398	1197.02452062406	1199.02452062406	-1.99999999999977	BM	Cercopithecidae	OWM	Galagidae	STR	order
Cebus_albifrons	Lepilemur_ruficaudatus	46429	3282	121.4130572972	0.15730778841809	0.999999999831155	0.365789867481283	0.365789859511013	0.0575415950889424	1197.02452062406	1199.02452062406	-1.99999999999977	BM	Cebidae	PLA	Lepilemuridae	STR	order
Sapajus_apella	Galago_senegalensis	45000	1854.5	121.413057304	0.157302319632713	0.999999999887162	0.365778081795117	0.365778073825061	0.0575377407436687	1197.02452062406	1199.02452062406	-1.99999999999977	BM	Cebidae	PLA	Galagidae	STR	order
Cercopithecus_nictitans	Avahi_laniger	47800	4813	121.4130573098	0.156724451311294	0.999999999934933	0.364532206370768	0.364532198423397	0.0571311100324716	1197.02452062406	1199.02452062406	-1.99999999999977	BM	Cercopithecidae	OWM	Indriidae	STR	order
Cebus_albifrons	Erythrocebus_patas	46429	77141	78.0653383482	0.111971557649347	0.642973170043214	0.327245790581819	0.327245783334843	0.05698872458889	1197.02452062406	1199.02452062406	-1.99999999999977	BM	Cebidae	PLA	Cercopithecidae	OWM	order
Cebus_albifrons	Loris_tardigradus	46429	3524	121.4130573019	0.156425491044062	0.999999999869866	0.363887247005886	0.363887239070276	0.0569212413049749	1197.02452062406	1199.02452062406	-1.99999999999977	BM	Cebidae	PLA	Lorisidae	STR	order
Pygathrix_nemaeus	Nycticebus_coucang	48763	5951.33	121.4130573122	0.156085223217954	0.9999999999547	0.363152837290318	0.363152829368118	0.0566827916732605	1197.02452062406	1199.02452062406	-1.99999999999977	BM	Cercopithecidae	OWM	Lorisidae	STR	order
Pygathrix_nemaeus	Perodicticus_potto	48763	5972	121.4130573128	0.15600986335547	0.999999999959642	0.362990137659619	0.362990129740393	0.056630041777946	1197.02452062406	1199.02452062406	-1.99999999999977	BM	Cercopithecidae	OWM	Lorisidae	STR	order
Macaca_mulatta	Propithecus_verreauxi	55528.67	12843.33	121.4130573137	0.15562464211357	0.999999999967055	0.36215818357806	0.362158175674048	0.0563607377096931	1197.02452062406	1199.02452062406	-1.99999999999977	BM	Cercopithecidae	OWM	Indriidae	STR	order
Nasalis_larvatus	Indri_indri	62685	20114	121.413057307	0.155207774833627	0.999999999911871	0.361257370050193	0.36125736216268	0.05606995255268	1197.02452062406	1199.02452062406	-1.99999999999977	BM	Cercopithecidae	OWM	Indriidae	STR	order
Cercopithecus_ascanius	Cheirogaleus_major	45166	2938	121.4130573117	0.153957245910934	0.999999999950582	0.358551891493302	0.35855188365549	0.0552016617331929	1197.02452062406	1199.02452062406	-1.99999999999977	BM	Cercopithecidae	OWM	Cheirogaleidae	STR	order
Alouatta_seniculus	Hylobates_lar	31660	61802.5	78.0653383591	0.109895242134848	0.64297317013299	0.321520527603332	0.321520520467389	0.0549534224343822	1197.02452062406	1199.02452062406	-1.99999999999977	BM	Atelidae	PLA	Hylobatidae	APE	order
Sapajus_apella	Cheirogaleus_major	45000	2938	121.413057301	0.153352033662634	0.999999999862453	0.357240819918978	0.357240812105332	0.0547836062494176	1197.02452062406	1199.02452062406	-1.99999999999977	BM	Cebidae	PLA	Cheirogaleidae	STR	order
Cebus_albifrons	Otolemur_crassicaudatus	46429	4372	121.4130573032	0.153333804378047	0.999999999880573	0.357201312512559	0.357201304699642	0.0547710361829235	1197.02452062406	1199.02452062406	-1.99999999999977	BM	Cebidae	PLA	Galagidae	STR	order
Cercopithecus_ascanius	Lepilemur_ruficaudatus	45166	3282	121.4130573087	0.152703071131325	0.999999999925873	0.355833734764479	0.355833726976827	0.054336904114693	1197.02452062406	1199.02452062406	-1.99999999999977	BM	Cercopithecidae	OWM	Lepilemuridae	STR	order
Cercopithecus_nictitans	Nycticebus_coucang	47800	5951.33	121.4130573132	0.15257426300643	0.999999999962937	0.355554300135174	0.355554292352691	0.054248435303902	1197.02452062406	1199.02452062406	-1.99999999999977	BM	Cercopithecidae	OWM	Lorisidae	STR	order
Cercopithecus_nictitans	Perodicticus_potto	47800	5972	121.4130573138	0.152498903143946	0.999999999967878	0.355390792156468	0.355390784377011	0.0541967059930605	1197.02452062406	1199.02452062406	-1.99999999999977	BM	Cercopithecidae	OWM	Lorisidae	STR	order
Sapajus_apella	Lepilemur_ruficaudatus	45000	3282	121.413057298	0.152097858883025	0.999999999837744	0.354520359091736	0.3545203513284	0.0539217875570432	1197.02452062406	1199.02452062406	-1.99999999999977	BM	Cebidae	PLA	Lepilemuridae	STR	order
Cercopithecus_ascanius	Nasalis_larvatus	45166	62685	38.5936741527	0.0638717673371616	0.317870869948629	0.268147523275249	0.268147517213877	0.0538805465925227	1197.02452062406	1199.02452062406	-1.99999999999977	BM	Cercopithecidae	OWM	Cercopithecidae	OWM	family
Hylobates_lar	Indri_indri	61802.5	20114	121.4130573107	0.151990306103959	0.999999999942346	0.35428684207856	0.354286834319554	0.05384816557923	1197.02452062406	1199.02452062406	-1.99999999999977	BM	Hylobatidae	APE	Indriidae	STR	order
Cercopithecus_ascanius	Loris_tardigradus	45166	3524	121.4130573134	0.151820773757297	0.999999999964584	0.353918685053905	0.353918677301727	0.0537322086139519	1197.02452062406	1199.02452062406	-1.99999999999977	BM	Cercopithecidae	OWM	Lorisidae	STR	order
Cebus_albifrons	Avahi_laniger	46429	4813	121.4130572982	0.151725981477443	0.999999999839391	0.353712796039295	0.353712788290937	0.053667421148812	1197.02452062406	1199.02452062406	-1.99999999999977	BM	Cebidae	PLA	Indriidae	STR	order
Cebus_albifrons	Semnopithecus_entellus	46429	76110	78.0653383479	0.108212679167435	0.642973170040743	0.316867333162893	0.316867326117836	0.0533289173792805	1197.02452062406	1199.02452062406	-1.99999999999977	BM	Cebidae	PLA	Cercopithecidae	OWM	order
Sapajus_apella	Loris_tardigradus	45000	3524	121.4130573027	0.151215561508997	0.999999999876455	0.352603697387792	0.352603689660036	0.0533191660972307	1197.02452062406	1199.02452062406	-1.99999999999977	BM	Cebidae	PLA	Lorisidae	STR	order
Saimiri_sciureus	Cercopithecus_ascanius	15946.83	45166	78.0653383467	0.10652891306724	0.642973170030859	0.312198727715354	0.312198720762053	0.0517256281827367	1197.02452062406	1199.02452062406	-1.99999999999977	BM	Cebidae	PLA	Cercopithecidae	OWM	order
Cercopithecus_ascanius	Otolemur_crassicaudatus	45166	4372	121.4130573147	0.148729087091282	0.999999999975291	0.347189636988611	0.34718962936195	0.0516371977581457	1197.02452062406	1199.02452062406	-1.99999999999977	BM	Cercopithecidae	OWM	Galagidae	STR	order
Alouatta_palliata	Plecturocebus_moloch	28560	8016.5	49.0936032102	0.0748986615840505	0.404351923053362	0.278360330136394	0.278360323864242	0.0515610659345349	1197.02452062406	1199.02452062406	-1.99999999999977	BM	Atelidae	PLA	Pitheciidae	PLA	superfamily
Sapajus_apella	Otolemur_crassicaudatus	45000	4372	121.413057304	0.148123874842982	0.999999999887162	0.345869059277162	0.34586905167529	0.0512314652542112	1197.02452062406	1199.02452062406	-1.99999999999977	BM	Cebidae	PLA	Galagidae	STR	order
Cebus_albifrons	Nycticebus_coucang	46429	5951.33	121.4130573016	0.147575793172579	0.999999999867395	0.344672205881114	0.344672198301753	0.0508652741741928	1197.02452062406	1199.02452062406	-1.99999999999977	BM	Cebidae	PLA	Lorisidae	STR	order
Cebus_albifrons	Perodicticus_potto	46429	5972	121.4130573022	0.147500433310095	0.999999999872337	0.344507572178652	0.344507564602391	0.0508150161814471	1197.02452062406	1199.02452062406	-1.99999999999977	BM	Cebidae	PLA	Lorisidae	STR	order
Cercopithecus_ascanius	Avahi_laniger	45166	4813	121.4130573097	0.147121264190678	0.999999999934109	0.343678972586775	0.343678965026127	0.0505624849260512	1197.02452062406	1199.02452062406	-1.99999999999977	BM	Cercopithecidae	OWM	Indriidae	STR	order
Macaca_mulatta	Varecia_variegata	55528.67	15293	121.4130573157	0.146693495798551	0.999999999983527	0.342743661096032	0.342743653553032	0.050278265809799	1197.02452062406	1199.02452062406	-1.99999999999977	BM	Cercopithecidae	OWM	Lemuridae	STR	order
Sapajus_apella	Avahi_laniger	45000	4813	121.413057299	0.146516051942378	0.99999999984598	0.342355524146681	0.342355516611012	0.0501605797663608	1197.02452062406	1199.02452062406	-1.99999999999977	BM	Cebidae	PLA	Indriidae	STR	order
Piliocolobus_badius	Lemur_catta	50906	11080	121.413057314	0.145199897595171	0.999999999969525	0.339473719420081	0.339473711938978	0.0492915492975497	1197.02452062406	1199.02452062406	-1.99999999999977	BM	Cercopithecidae	OWM	Lemuridae	STR	order
Ateles_geoffroyi	Indri_indri	59868	20114	121.413057301	0.144937395897113	0.999999999862453	0.338898350689397	0.338898343219216	0.049119044429504	1197.02452062406	1199.02452062406	-1.99999999999977	BM	Atelidae	PLA	Indriidae	STR	order
Nasalis_larvatus	Daubentonia_madagascariensis	62685	23098.5	121.413057309	0.144326714863437	0.999999999928344	0.337559044676609	0.33755903723189	0.0487187879941061	1197.02452062406	1199.02452062406	-1.99999999999977	BM	Cercopithecidae	OWM	Daubentoniidae	STR	order
Aotus_trivirgatus	Alouatta_palliata	9453.33	28560	46.5475501561	0.0696601849893216	0.383381748095673	0.266363365258456	0.26636335923414	0.0483980298760907	1197.02452062406	1199.02452062406	-1.99999999999977	BM	Aotidae	PLA	Atelidae	PLA	superfamily
Cercopithecus_ascanius	Nycticebus_coucang	45166	5951.33	121.4130573131	0.142971075885814	0.999999999962113	0.334582089460157	0.334582082072214	0.0478355613040545	1197.02452062406	1199.02452062406	-1.99999999999977	BM	Cercopithecidae	OWM	Lorisidae	STR	order
Cercopithecus_ascanius	Perodicticus_potto	45166	5972	121.4130573137	0.14289571602333	0.999999999967055	0.334416445364953	0.334416437980176	0.047786677411976	1197.02452062406	1199.02452062406	-1.99999999999977	BM	Cercopithecidae	OWM	Lorisidae	STR	order
Sapajus_apella	Nycticebus_coucang	45000	5951.33	121.4130573024	0.142365863637514	0.999999999873984	0.333251347559685	0.333251340197203	0.0474436159096785	1197.02452062406	1199.02452062406	-1.99999999999977	BM	Cebidae	PLA	Lorisidae	STR	order
Sapajus_apella	Perodicticus_potto	45000	5972	121.413057303	0.14229050377503	0.999999999878926	0.333085572596275	0.333085565236968	0.0473949139306565	1197.02452062406	1199.02452062406	-1.99999999999977	BM	Cebidae	PLA	Lorisidae	STR	order
Piliocolobus_badius	Eulemur_mongoz	50906	12030	121.413057313	0.141736333523574	0.999999999961289	0.331866022007778	0.331866014671852	0.0470374731822571	1197.02452062406	1199.02452062406	-1.99999999999977	BM	Cercopithecidae	OWM	Lemuridae	STR	order
Cercopithecus_mitis	Lemur_catta	49933	11080	121.4130573138	0.141652478814472	0.999999999967878	0.331681408314614	0.331681400982231	0.0469834936659494	1197.02452062406	1199.02452062406	-1.99999999999977	BM	Cercopithecidae	OWM	Lemuridae	STR	order
Hylobates_lar	Daubentonia_madagascariensis	61802.5	23098.5	121.4130573127	0.141109246133769	0.999999999958818	0.330484947090131	0.330484939780734	0.0466344817443675	1197.02452062406	1199.02452062406	-1.99999999999977	BM	Hylobatidae	APE	Daubentoniidae	STR	order
Piliocolobus_badius	Eulemur_fulvus	50906	12207	121.4130573124	0.141091016849182	0.999999999956347	0.330444782814049	0.330444775505424	0.0466227904217765	1197.02452062406	1199.02452062406	-1.99999999999977	BM	Cercopithecidae	OWM	Lemuridae	STR	order
Piliocolobus_badius	Propithecus_verreauxi	50906	12843.33	121.413057313	0.138771048716888	0.999999999961289	0.325325556506759	0.325325549296928	0.0451457686525958	1197.02452062406	1199.02452062406	-1.99999999999977	BM	Cercopithecidae	OWM	Indriidae	STR	order
Cercopithecus_mitis	Eulemur_mongoz	49933	12030	121.4130573128	0.138188914742876	0.999999999959642	0.324038645480214	0.324038638295331	0.0447785487554693	1197.02452062406	1199.02452062406	-1.99999999999977	BM	Cercopithecidae	OWM	Lemuridae	STR	order
Cercopithecus_mitis	Eulemur_fulvus	49933	12207	121.4130573122	0.137543598068483	0.9999999999547	0.322610950645078	0.322610943487924	0.044373070930028	1197.02452062406	1199.02452062406	-1.99999999999977	BM	Cercopithecidae	OWM	Lemuridae	STR	order
Pygathrix_nemaeus	Lemur_catta	48763	11080	121.4130573128	0.137386826221032	0.999999999959642	0.322263934246868	0.322263927096462	0.0442748191334675	1197.02452062406	1199.02452062406	-1.99999999999977	BM	Cercopithecidae	OWM	Lemuridae	STR	order
Alouatta_palliata	Macaca_mulatta	28560	55528.67	78.0653383567	0.0983239120744729	0.642973170113223	0.289280818521147	0.289280812026194	0.0442370274331916	1197.02452062406	1199.02452062406	-1.99999999999977	BM	Atelidae	PLA	Cercopithecidae	OWM	order
Cercopithecus_mitis	Propithecus_verreauxi	49933	12843.33	121.4130573128	0.135223629936189	0.999999999959642	0.317468718999561	0.317468711942729	0.0429292725760453	1197.02452062406	1199.02452062406	-1.99999999999977	BM	Cercopithecidae	OWM	Indriidae	STR	order
Cebus_albifrons	Alouatta_palliata	46429	28560	46.5475501482	0.0651478172582762	0.383381748030606	0.249703904681289	0.249703899006168	0.0424320261317082	1197.02452062406	1199.02452062406	-1.99999999999977	BM	Cebidae	PLA	Atelidae	PLA	superfamily
Ateles_geoffroyi	Daubentonia_madagascariensis	59868	23098.5	121.413057303	0.134056335926923	0.999999999878926	0.314875798257717	0.314875791251736	0.0422110957916052	1197.02452062406	1199.02452062406	-1.99999999999977	BM	Atelidae	PLA	Daubentoniidae	STR	order
Pygathrix_nemaeus	Eulemur_mongoz	48763	12030	121.4130573118	0.133923262149435	0.999999999951406	0.314579963867458	0.314579956867289	0.0421295749700287	1197.02452062406	1199.02452062406	-1.99999999999977	BM	Cercopithecidae	OWM	Lemuridae	STR	order
Cercopithecus_nictitans	Lemur_catta	47800	11080	121.4130573138	0.133875866009508	0.999999999967878	0.314474586543395	0.314474579545297	0.0421005576128313	1197.02452062406	1199.02452062406	-1.99999999999977	BM	Cercopithecidae	OWM	Lemuridae	STR	order
Nasalis_larvatus	Piliocolobus_badius	62685	50906	27.017026323	0.0429445486308823	0.222521588038961	0.216962255600847	0.216962250627587	0.0418716503815581	1197.02452062406	1199.02452062406	-1.99999999999977	BM	Cercopithecidae	OWM	Cercopithecidae	OWM	family
Pygathrix_nemaeus	Eulemur_fulvus	48763	12207	121.4130573112	0.133277945475043	0.999999999946464	0.313144686330068	0.313144679358133	0.0417352804327326	1197.02452062406	1199.02452062406	-1.99999999999977	BM	Cercopithecidae	OWM	Lemuridae	STR	order
Pygathrix_nemaeus	Propithecus_verreauxi	48763	12843.33	121.4130573118	0.130957977342749	0.999999999951406	0.307975442727904	0.307975435858092	0.0403318410528439	1197.02452062406	1199.02452062406	-1.99999999999977	BM	Cercopithecidae	OWM	Indriidae	STR	order
Cercopithecus_nictitans	Eulemur_mongoz	47800	12030	121.4130573128	0.130412301937912	0.999999999959642	0.306757496437083	0.306757489591431	0.0400049512486852	1197.02452062406	1199.02452062406	-1.99999999999977	BM	Cercopithecidae	OWM	Lemuridae	STR	order
Piliocolobus_badius	Varecia_variegata	50906	15293	121.413057315	0.129839902401869	0.999999999977762	0.305479049561155	0.305479042740904	0.039663369981718	1197.02452062406	1199.02452062406	-1.99999999999977	BM	Cercopithecidae	OWM	Lemuridae	STR	order
Cercopithecus_nictitans	Eulemur_fulvus	47800	12207	121.4130573122	0.129766985263519	0.9999999999547	0.305316127580393	0.305316120763382	0.0396199534302343	1197.02452062406	1199.02452062406	-1.99999999999977	BM	Cercopithecidae	OWM	Lemuridae	STR	order
Macaca_mulatta	Indri_indri	55528.67	20114	121.4130573087	0.129116819599427	0.999999999925873	0.303862810932211	0.30386280414413	0.0392337997450172	1197.02452062406	1199.02452062406	-1.99999999999977	BM	Cercopithecidae	OWM	Indriidae	STR	order
Cercopithecus_nictitans	Nasalis_larvatus	47800	62685	38.5936741528	0.0542685802165449	0.317870869949452	0.229057832840662	0.22905782760585	0.0391059532372945	1197.02452062406	1199.02452062406	-1.99999999999977	BM	Cercopithecidae	OWM	Cercopithecidae	OWM	family
Cebus_albifrons	Lemur_catta	46429	11080	121.4130573022	0.128877396175657	0.999999999872337	0.303327345708199	0.303327338930792	0.0390920385087365	1197.02452062406	1199.02452062406	-1.99999999999977	BM	Cebidae	PLA	Lemuridae	STR	order
Cercopithecus_nictitans	Propithecus_verreauxi	47800	12843.33	121.4130573128	0.127447017131225	0.999999999959642	0.300125193005707	0.30012518629227	0.0382500606160544	1197.02452062406	1199.02452062406	-1.99999999999977	BM	Cercopithecidae	OWM	Indriidae	STR	order
Gorilla_beringei	Pongo_pygmaeus	251206.07	266455.56	40.643277586	0.0555974586043936	0.334752113849248	0.228683949442642	0.228683944215877	0.0379810787941798	1197.02452062406	1199.02452062406	-1.99999999999977	BM	Hominidae	APE	Hominidae	APE	family
Cercopithecus_mitis	Varecia_variegata	49933	15293	121.4130573148	0.12629248362117	0.999999999976115	0.297536667947874	0.297536661286332	0.0375766447644019	1197.02452062406	1199.02452062406	-1.99999999999977	BM	Cercopithecidae	OWM	Lemuridae	STR	order
Cebus_albifrons	Eulemur_mongoz	46429	12030	121.4130573012	0.12541383210406	0.9999999998641	0.295564367969341	0.29556436134745	0.037067860025487	1197.02452062406	1199.02452062406	-1.99999999999977	BM	Cebidae	PLA	Lemuridae	STR	order
Erythrocebus_patas	Nasalis_larvatus	77141	62685	38.593674153	0.0527045075989502	0.3178708699511	0.222632825017419	0.222632819921224	0.0369135851288022	1197.02452062406	1199.02452062406	-1.99999999999977	BM	Cercopithecidae	OWM	Cercopithecidae	OWM	family
Cebus_albifrons	Eulemur_fulvus	46429	12207	121.4130573006	0.124768515429668	0.999999999859159	0.294114564533798	0.294114557941113	0.0366962375882935	1197.02452062406	1199.02452062406	-1.99999999999977	BM	Cebidae	PLA	Lemuridae	STR	order
Cercopithecus_ascanius	Lemur_catta	45166	11080	121.4130573137	0.124272678888892	0.999999999967055	0.29299986520447	0.292999858634274	0.0364118781642432	1197.02452062406	1199.02452062406	-1.99999999999977	BM	Cercopithecidae	OWM	Lemuridae	STR	order
Sapajus_apella	Lemur_catta	45000	11080	121.413057303	0.123667466640592	0.999999999878926	0.29163842470473	0.291638418162042	0.0360661851626536	1197.02452062406	1199.02452062406	-1.99999999999977	BM	Cebidae	PLA	Lemuridae	STR	order
Sapajus_apella	Alouatta_palliata	45000	28560	46.547550149	0.0599378877232112	0.383381748037195	0.230323677280034	0.230323672017999	0.0360087948356593	1197.02452062406	1199.02452062406	-1.99999999999977	BM	Cebidae	PLA	Atelidae	PLA	superfamily
Cebus_albifrons	Propithecus_verreauxi	46429	12843.33	121.4130573012	0.122448547297374	0.9999999998641	0.288893607847133	0.288893601360036	0.035374602609186	1197.02452062406	1199.02452062406	-1.99999999999977	BM	Cebidae	PLA	Indriidae	STR	order
Pygathrix_nemaeus	Varecia_variegata	48763	15293	121.4130573138	0.12202683102773	0.999999999967878	0.287943093435007	0.287943086967202	0.0351367832093241	1197.02452062406	1199.02452062406	-1.99999999999977	BM	Cercopithecidae	OWM	Lemuridae	STR	order
Alouatta_seniculus	Macaca_mulatta	31660	55528.67	78.0653383571	0.0870217556303151	0.642973170116517	0.257282796539696	0.257282790705014	0.0348213606553819	1197.02452062406	1199.02452062406	-1.99999999999977	BM	Atelidae	PLA	Cercopithecidae	OWM	order
Cercopithecus_ascanius	Eulemur_mongoz	45166	12030	121.4130573127	0.120809114817295	0.999999999958818	0.28519595191308	0.285195945501151	0.0344542705015139	1197.02452062406	1199.02452062406	-1.99999999999977	BM	Cercopithecidae	OWM	Lemuridae	STR	order
Sapajus_apella	Eulemur_mongoz	45000	12030	121.413057302	0.120203902568995	0.999999999870689	0.283829227737916	0.283829221353849	0.0341173808416532	1197.02452062406	1199.02452062406	-1.99999999999977	BM	Cebidae	PLA	Lemuridae	STR	order
Cercopithecus_ascanius	Eulemur_fulvus	45166	12207	121.4130573121	0.120163798142903	0.999999999953876	0.283738629475562	0.283738623093344	0.0340951113992178	1197.02452062406	1199.02452062406	-1.99999999999977	BM	Cercopithecidae	OWM	Lemuridae	STR	order
Sapajus_apella	Eulemur_fulvus	45000	12207	121.4130573014	0.119558585894602	0.999999999865748	0.282370935193575	0.282370928839285	0.0337598697140126	1197.02452062406	1199.02452062406	-1.99999999999977	BM	Cebidae	PLA	Lemuridae	STR	order
Cercopithecus_nictitans	Varecia_variegata	47800	15293	121.4130573148	0.118515870816206	0.999999999976115	0.280012424025826	0.280012417719798	0.0331859162735701	1197.02452062406	1199.02452062406	-1.99999999999977	BM	Cercopithecidae	OWM	Lemuridae	STR	order
Macaca_mulatta	Daubentonia_madagascariensis	55528.67	23098.5	121.4130573107	0.118235759629237	0.999999999942346	0.279378386685563	0.279378380392531	0.0330325157756627	1197.02452062406	1199.02452062406	-1.99999999999977	BM	Cercopithecidae	OWM	Daubentoniidae	STR	order
Saimiri_sciureus	Alouatta_seniculus	15946.83	31660	46.5475501474	0.0572879695398863	0.383381748024017	0.220410004081624	0.220409999033554	0.0329354270650445	1197.02452062406	1199.02452062406	-1.99999999999977	BM	Cebidae	PLA	Atelidae	PLA	superfamily
Cercopithecus_ascanius	Propithecus_verreauxi	45166	12843.33	121.4130573127	0.117843830010609	0.999999999958818	0.278490923636089	0.278490917361262	0.0328184370658202	1197.02452062406	1199.02452062406	-1.99999999999977	BM	Cercopithecidae	OWM	Indriidae	STR	order
Cercopithecus_mitis	Cercopithecus_ascanius	49933	45166	9.5808815419	0.0173797999255808	0.0789114593896588	0.148446076942848	0.14844607349336	0.0326944037907651	1197.02452062406	1199.02452062406	-1.99999999999977	BM	Cercopithecidae	OWM	Cercopithecidae	OWM	family
Indri_indri	Avahi_laniger	20114	4813	45.340161082	0.0557852566942126	0.373437273417463	0.217541943182596	0.217541938196745	0.0324971126506502	1197.02452062406	1199.02452062406	-1.99999999999977	BM	Indriidae	STR	Indriidae	STR	family
Sapajus_apella	Propithecus_verreauxi	45000	12843.33	121.413057302	0.117238617762309	0.99999999987069	0.277119779196086	0.27711977294942	0.0324891398717465	1197.02452062406	1199.02452062406	-1.99999999999977	BM	Cebidae	PLA	Indriidae	STR	order
Alouatta_palliata	Piliocolobus_badius	28560	50906	78.065338356	0.0814703186777906	0.642973170107457	0.241397497695425	0.241397492196487	0.0305871721863304	1197.02452062406	1199.02452062406	-1.99999999999977	BM	Atelidae	PLA	Cercopithecidae	OWM	order
Cebus_albifrons	Varecia_variegata	46429	15293	121.4130573032	0.113517400982354	0.999999999880573	0.268669725060312	0.268669718988113	0.0304986889151327	1197.02452062406	1199.02452062406	-1.99999999999977	BM	Cebidae	PLA	Lemuridae	STR	order
Alouatta_seniculus	Carlito_syrichta	31660	1718.67	115.7454945494	0.10916180509876	0.953319989682248	0.264764404354378	0.264764398363334	0.0303173757164741	1197.02452062406	1199.02452062406	-1.99999999999977	BM	Atelidae	PLA	Tarsiidae	TAR	order
Alouatta_seniculus	Microcebus_murinus	31660	732.86	121.4130573084	0.112755927306571	0.999999999923402	0.266936524325109	0.266936518288887	0.0300986753345763	1197.02452062406	1199.02452062406	-1.99999999999977	BM	Atelidae	PLA	Cheirogaleidae	STR	order
Piliocolobus_badius	Indri_indri	50906	20114	121.413057308	0.112263226202744	0.999999999920107	0.265814354301939	0.265814348289045	0.0298411769873192	1197.02452062406	1199.02452062406	-1.99999999999977	BM	Cercopithecidae	OWM	Indriidae	STR	order
Sapajus_apella	Ateles_geoffroyi	45000	59868	46.547550146	0.0542066006489479	0.383381748012486	0.208837082714329	0.208837077918161	0.0295276141915296	1197.02452062406	1199.02452062406	-1.99999999999977	BM	Cebidae	PLA	Atelidae	PLA	superfamily
Alouatta_seniculus	Cheirogaleus_medius	31660	1154	121.4130573084	0.111220511124348	0.999999999923402	0.263437608815305	0.263437602851906	0.0292996655040586	1197.02452062406	1199.02452062406	-1.99999999999977	BM	Atelidae	PLA	Cheirogaleidae	STR	order
Cebus_albifrons	Alouatta_seniculus	46429	31660	46.5475501486	0.0538456608141184	0.383381748033901	0.207478403532413	0.207478398765963	0.0291401763389978	1197.02452062406	1199.02452062406	-1.99999999999977	BM	Cebidae	PLA	Atelidae	PLA	superfamily
Cercopithecus_mitis	Nasalis_larvatus	49933	62685	38.5936741528	0.0464919674115809	0.317870869949452	0.19696591748912	0.196965912953593	0.0288083428926736	1197.02452062406	1199.02452062406	-1.99999999999977	BM	Cercopithecidae	OWM	Cercopithecidae	OWM	family
Cebuella_pygmaea	Saimiri_sciureus	2535	15946.83	41.3912937957	0.0488976131814353	0.340913034480237	0.199969692975861	0.199969688374177	0.0286819209187817	1197.02452062406	1199.02452062406	-1.99999999999977	BM	Callitrichidae	PLA	Cebidae	PLA	superfamily
Cercopithecus_ascanius	Varecia_variegata	45166	15293	121.4130573147	0.108912683695589	0.999999999975291	0.258168247894012	0.258168242040767	0.0281177967238198	1197.02452062406	1199.02452062406	-1.99999999999977	BM	Cercopithecidae	OWM	Lemuridae	STR	order
Macaca_mulatta	Cercopithecus_ascanius	55528.67	45166	29.8369393144	0.0377808121029616	0.245747368310857	0.182312722670707	0.182312718459836	0.0280284699142271	1197.02452062406	1199.02452062406	-1.99999999999977	BM	Cercopithecidae	OWM	Cercopithecidae	OWM	family
Alouatta_palliata	Cercopithecus_mitis	28560	49933	78.0653383558	0.077922899897092	0.64297317010581	0.231192542072289	0.231192536791587	0.0280185770580265	1197.02452062406	1199.02452062406	-1.99999999999977	BM	Atelidae	PLA	Cercopithecidae	OWM	order
Cercopithecus_mitis	Indri_indri	49933	20114	121.4130573078	0.108715807422046	0.99999999991846	0.25771816413959	0.25771815829578	0.0280180383040475	1197.02452062406	1199.02452062406	-1.99999999999977	BM	Cercopithecidae	OWM	Indriidae	STR	order
Alouatta_seniculus	Galago_senegalensis	31660	1854.5	121.4130573114	0.10866658835366	0.999999999948111	0.257605629417634	0.257605623576184	0.0279931248909641	1197.02452062406	1199.02452062406	-1.99999999999977	BM	Atelidae	PLA	Galagidae	STR	order
Sapajus_apella	Varecia_variegata	45000	15293	121.413057304	0.108307471447289	0.999999999887162	0.256784376251662	0.256784370427441	0.0278116665021251	1197.02452062406	1199.02452062406	-1.99999999999977	BM	Cebidae	PLA	Lemuridae	STR	order
Indri_indri	Microcebus_murinus	20114	732.86	69.529333384	0.0706608633374597	0.572667676113809	0.222385997055355	0.222385991964502	0.0274399747035316	1197.02452062406	1199.02452062406	-1.99999999999977	BM	Indriidae	STR	Cheirogaleidae	STR	superfamily
Pan_troglodytes	Pongo_pygmaeus	253761.83	266455.56	40.643277586	0.0462795233289999	0.334752113849248	0.191174372288072	0.191174367880489	0.0264298818623655	1197.02452062406	1199.02452062406	-1.99999999999977	BM	Hominidae	APE	Hominidae	APE	family
Indri_indri	Cheirogaleus_medius	20114	1154	69.529333384	0.0691254471552363	0.572667676113809	0.217676762773546	0.217676757784768	0.0262752800439802	1197.02452062406	1199.02452062406	-1.99999999999977	BM	Indriidae	STR	Cheirogaleidae	STR	superfamily
Alouatta_seniculus	Cheirogaleus_major	31660	2938	121.4130573084	0.104716302383581	0.999999999923402	0.248555911708859	0.248555906058012	0.0260278560117253	1197.02452062406	1199.02452062406	-1.99999999999977	BM	Atelidae	PLA	Cheirogaleidae	STR	order
Pygathrix_nemaeus	Indri_indri	48763	20114	121.4130573068	0.104450154828606	0.999999999910224	0.247944946955851	0.247944941317931	0.0258978881008341	1197.02452062406	1199.02452062406	-1.99999999999977	BM	Cercopithecidae	OWM	Indriidae	STR	order
Alouatta_seniculus	Lepilemur_ruficaudatus	31660	3282	121.4130573054	0.103462127603971	0.999999999898693	0.245675488427501	0.245675482837662	0.0254181087354292	1197.02452062406	1199.02452062406	-1.99999999999977	BM	Atelidae	PLA	Lepilemuridae	STR	order
Alouatta_palliata	Pygathrix_nemaeus	28560	48763	78.0653383548	0.0736572473036518	0.642973170097574	0.218868318679381	0.21886831366474	0.0250729558022696	1197.02452062406	1199.02452062406	-1.99999999999977	BM	Atelidae	PLA	Cercopithecidae	OWM	order
Alouatta_seniculus	Loris_tardigradus	31660	3524	121.4130573101	0.102579830229943	0.999999999937404	0.243647091772137	0.243647086225355	0.0249932773115698	1197.02452062406	1199.02452062406	-1.99999999999977	BM	Atelidae	PLA	Lorisidae	STR	order
Alouatta_palliata	Microcebus_murinus	28560	732.86	121.413057308	0.101453770862414	0.999999999920107	0.241055848717638	0.241055843225977	0.0244560248427978	1197.02452062406	1199.02452062406	-1.99999999999977	BM	Atelidae	PLA	Cheirogaleidae	STR	order
Alouatta_palliata	Carlito_syrichta	28560	1718.67	115.745494549	0.0978596486546022	0.953319989678954	0.2382295410407	0.238229535609304	0.0244546001739049	1197.02452062406	1199.02452062406	-1.99999999999977	BM	Atelidae	PLA	Tarsiidae	TAR	order
Piliocolobus_badius	Daubentonia_madagascariensis	50906	23098.5	121.41305731	0.101382166232554	0.99999999993658	0.240890983066815	0.240890977578665	0.0244220496907521	1197.02452062406	1199.02452062406	-1.99999999999977	BM	Cercopithecidae	OWM	Daubentoniidae	STR	order
Cercopithecus_nictitans	Indri_indri	47800	20114	121.4130573078	0.100939194617082	0.99999999991846	0.239870822606018	0.239870817139607	0.0242123676479626	1197.02452062406	1199.02452062406	-1.99999999999977	BM	Cercopithecidae	OWM	Indriidae	STR	order
Cebus_albifrons	Ateles_geoffroyi	46429	59868	46.5475501452	0.0489966711138829	0.383381748005897	0.189165917704073	0.189165913340974	0.0241756429561684	1197.02452062406	1199.02452062406	-1.99999999999977	BM	Cebidae	PLA	Atelidae	PLA	superfamily
Cercopithecus_ascanius	Hylobates_lar	45166	61802.5	62.1515760364	0.0606542986074941	0.511901910795054	0.202373069581252	0.202373064926735	0.0239788059658383	1197.02452062406	1199.02452062406	-1.99999999999977	BM	Cercopithecidae	OWM	Hylobatidae	APE	order
Sapajus_apella	Alouatta_seniculus	45000	31660	46.5475501494	0.0486357312790534	0.38338174804049	0.187798524594812	0.187798520262034	0.0238240829759881	1197.02452062406	1199.02452062406	-1.99999999999977	BM	Cebidae	PLA	Atelidae	PLA	superfamily
Daubentonia_madagascariensis	Microcebus_murinus	23098.5	732.86	92.496943882	0.0815419233076497	0.76183687261877	0.22249688623213	0.222496881138879	0.0238145785343341	1197.02452062406	1199.02452062406	-1.99999999999977	BM	Daubentoniidae	STR	Cheirogaleidae	STR	superfamily
Alouatta_palliata	Cheirogaleus_medius	28560	1154	121.413057308	0.0999183546801902	0.999999999920108	0.237518248932546	0.237518243516342	0.0237324326417559	1197.02452062406	1199.02452062406	-1.99999999999977	BM	Atelidae	PLA	Cheirogaleidae	STR	order
Alouatta_seniculus	Otolemur_crassicaudatus	31660	4372	121.4130573114	0.0994881435639287	0.999999999948111	0.236526148129281	0.23652614273428	0.02353154738293	1197.02452062406	1199.02452062406	-1.99999999999977	BM	Atelidae	PLA	Galagidae	STR	order
Daubentonia_madagascariensis	Cheirogaleus_medius	23098.5	1154	92.496943882	0.0800065071254263	0.76183687261877	0.218414597988546	0.218414592983752	0.0229374420145876	1197.02452062406	1199.02452062406	-1.99999999999977	BM	Daubentoniidae	STR	Cheirogaleidae	STR	superfamily
Alouatta_seniculus	Avahi_laniger	31660	4813	121.4130573064	0.0978803206633243	0.999999999906929	0.232814954279265	0.232814948963742	0.0227880023821926	1197.02452062406	1199.02452062406	-1.99999999999977	BM	Atelidae	PLA	Indriidae	STR	order
Alouatta_seniculus	Piliocolobus_badius	31660	50906	78.0653383564	0.0701681622336328	0.642973170110752	0.208746546780179	0.208746541985992	0.0227806730375066	1197.02452062406	1199.02452062406	-1.99999999999977	BM	Atelidae	PLA	Cercopithecidae	OWM	order
Cercopithecus_mitis	Daubentonia_madagascariensis	49933	23098.5	121.4130573098	0.0978347474518559	0.999999999934933	0.232709683398204	0.232709678084939	0.0227670931063461	1197.02452062406	1199.02452062406	-1.99999999999977	BM	Cercopithecidae	OWM	Daubentoniidae	STR	order
Alouatta_palliata	Cercopithecus_nictitans	28560	47800	78.0653383558	0.070146287092128	0.64297317010581	0.208682974271441	0.208682969478644	0.0227666355379568	1197.02452062406	1199.02452062406	-1.99999999999977	BM	Atelidae	PLA	Cercopithecidae	OWM	order
Alouatta_palliata	Galago_senegalensis	28560	1854.5	121.413057311	0.0973644319095023	0.999999999944817	0.231623037437257	0.231623032147313	0.0225518454584764	1197.02452062406	1199.02452062406	-1.99999999999977	BM	Atelidae	PLA	Galagidae	STR	order
Cebus_albifrons	Indri_indri	46429	20114	121.4130572962	0.0959407247832301	0.999999999822919	0.228330849772868	0.22833084455371	0.021906227221459	1197.02452062406	1199.02452062406	-1.99999999999977	BM	Cebidae	PLA	Indriidae	STR	order
Indri_indri	Cheirogaleus_major	20114	2938	69.529333384	0.0626212384144693	0.572667676113809	0.197641216670867	0.197641212120457	0.0216120767172696	1197.02452062406	1199.02452062406	-1.99999999999977	BM	Indriidae	STR	Cheirogaleidae	STR	superfamily
Callithrix_jacchus	Saimiri_sciureus	4371	15946.83	41.3912937953	0.0422038198809599	0.340913034476942	0.173062913210682	0.173062909206309	0.0214245724820235	1197.02452062406	1199.02452062406	-1.99999999999977	BM	Callitrichidae	PLA	Cebidae	PLA	superfamily
Saimiri_sciureus	Alouatta_palliata	15946.83	28560	46.547550147	0.0459858130957285	0.383381748020723	0.17774222736992	0.177742223260938	0.0213197964933109	1197.02452062406	1199.02452062406	-1.99999999999977	BM	Cebidae	PLA	Atelidae	PLA	superfamily
Alouatta_seniculus	Nycticebus_coucang	31660	5951.33	121.4130573098	0.0937301323584604	0.999999999934933	0.223210926573123	0.223210921464431	0.0209215896929147	1197.02452062406	1199.02452062406	-1.99999999999977	BM	Atelidae	PLA	Lorisidae	STR	order
Alouatta_seniculus	Perodicticus_potto	31660	5972	121.4130573104	0.0936547724959762	0.999999999939875	0.223036214186684	0.22303620908177	0.0208884058992737	1197.02452062406	1199.02452062406	-1.99999999999977	BM	Atelidae	PLA	Lorisidae	STR	order
Pygathrix_nemaeus	Daubentonia_madagascariensis	48763	23098.5	121.4130573088	0.0935690948584157	0.999999999926697	0.222837567631386	0.222837562530768	0.0208507095052482	1197.02452062406	1199.02452062406	-1.99999999999977	BM	Cercopithecidae	OWM	Daubentoniidae	STR	order
Alouatta_palliata	Cheirogaleus_major	28560	2938	121.413057308	0.0934141459394232	0.999999999920108	0.22247827622701	0.222478271134164	0.0207826181654816	1197.02452062406	1199.02452062406	-1.99999999999977	BM	Atelidae	PLA	Cheirogaleidae	STR	order
Indri_indri	Lepilemur_ruficaudatus	20114	3282	69.529333381	0.0613670636348596	0.5726676760891	0.193762424722514	0.193762420257697	0.0207635798988962	1197.02452062406	1199.02452062406	-1.99999999999977	BM	Indriidae	STR	Lepilemuridae	STR	superfamily
Alouatta_seniculus	Cercopithecus_mitis	31660	49933	78.0653383562	0.0666207434529342	0.642973170109105	0.198419347615218	0.198419343047664	0.0205589363104045	1197.02452062406	1199.02452062406	-1.99999999999977	BM	Atelidae	PLA	Cercopithecidae	OWM	order
Erythrocebus_patas	Hylobates_lar	77141	61802.5	62.1515760367	0.0559219763286177	0.511901910797525	0.186888054569799	0.186888050257224	0.0204163124678929	1197.02452062406	1199.02452062406	-1.99999999999977	BM	Cercopithecidae	OWM	Hylobatidae	APE	order
Alouatta_palliata	Lepilemur_ruficaudatus	28560	3282	121.413057305	0.0921599711598134	0.999999999895398	0.219568384425873	0.219568379396051	0.020235415978412	1197.02452062406	1199.02452062406	-1.99999999999977	BM	Atelidae	PLA	Lepilemuridae	STR	order
Cercopithecus_ascanius	Indri_indri	45166	20114	121.4130573077	0.0913360074964652	0.999999999917637	0.217654975027053	0.217654970038751	0.0198797364323512	1197.02452062406	1199.02452062406	-1.99999999999977	BM	Cercopithecidae	OWM	Indriidae	STR	order
Alouatta_palliata	Loris_tardigradus	28560	3524	121.4130573097	0.0912776737857856	0.999999999934109	0.217519462331254	0.217519457345896	0.01985467052604	1197.02452062406	1199.02452062406	-1.99999999999977	BM	Atelidae	PLA	Lorisidae	STR	order
Sapajus_apella	Indri_indri	45000	20114	121.413057297	0.0907307952481651	0.999999999829508	0.216248710316993	0.216248705359247	0.019620417461796	1197.02452062406	1199.02452062406	-1.99999999999977	BM	Cebidae	PLA	Indriidae	STR	order
Daubentonia_madagascariensis	Cheirogaleus_major	23098.5	2938	92.496943882	0.0735022983846593	0.76183687261877	0.201055976126219	0.201055971500646	0.0193979536569942	1197.02452062406	1199.02452062406	-1.99999999999977	BM	Daubentoniidae	STR	Cheirogaleidae	STR	superfamily
Daubentonia_madagascariensis	Galago_senegalensis	23098.5	1854.5	99.360634015	0.0774525843547384	0.81836860227483	0.204339229430347	0.204339224732675	0.0193392089584605	1197.02452062406	1199.02452062406	-1.99999999999977	BM	Daubentoniidae	STR	Galagidae	STR	superfamily
Cercopithecus_nictitans	Daubentonia_madagascariensis	47800	23098.5	121.4130573098	0.0900581346468918	0.999999999934933	0.21468489433595	0.214684889412222	0.0193341211220188	1197.02452062406	1199.02452062406	-1.99999999999977	BM	Cercopithecidae	OWM	Daubentoniidae	STR	order
Sapajus_apella	Nasalis_larvatus	45000	62685	78.065338348	0.0644769795854617	0.642973170041567	0.192161476511783	0.19216147208236	0.019269842312956	1197.02452062406	1199.02452062406	-1.99999999999977	BM	Cebidae	PLA	Cercopithecidae	OWM	order
Daubentonia_madagascariensis	Lepilemur_ruficaudatus	23098.5	3282	92.496943879	0.0722481236050496	0.761836872594061	0.197697048260182	0.197697043708543	0.0187484240955948	1197.02452062406	1199.02452062406	-1.99999999999977	BM	Daubentoniidae	STR	Lepilemuridae	STR	superfamily
Alouatta_palliata	Otolemur_crassicaudatus	28560	4372	121.413057311	0.0881859871197709	0.999999999944817	0.21032793971169	0.210327934882951	0.0185479769833665	1197.02452062406	1199.02452062406	-1.99999999999977	BM	Atelidae	PLA	Galagidae	STR	order
Ateles_geoffroyi	Erythrocebus_patas	59868	77141	78.065338353	0.062974886535464	0.642973170082748	0.18776934635843	0.1877693420263	0.0183907413745406	1197.02452062406	1199.02452062406	-1.99999999999977	BM	Atelidae	PLA	Cercopithecidae	OWM	order
Alouatta_seniculus	Pygathrix_nemaeus	31660	48763	78.0653383552	0.062355090859494	0.642973170100869	0.18595532799001	0.185955323698146	0.0180338183797078	1197.02452062406	1199.02452062406	-1.99999999999977	BM	Atelidae	PLA	Cercopithecidae	OWM	order
Alouatta_palliata	Avahi_laniger	28560	4813	121.413057306	0.0865781642191665	0.999999999903635	0.206580872827348	0.206580868080551	0.0178853927339084	1197.02452062406	1199.02452062406	-1.99999999999977	BM	Atelidae	PLA	Indriidae	STR	order
Semnopithecus_entellus	Hylobates_lar	76110	61802.5	62.1515760364	0.0521630978467059	0.511901910795054	0.174535723496765	0.174535719459436	0.0177852901708593	1197.02452062406	1199.02452062406	-1.99999999999977	BM	Cercopithecidae	OWM	Hylobatidae	APE	order
Sapajus_apella	Hylobates_lar	45000	61802.5	78.0653383517	0.0612595108557942	0.642973170072041	0.182746348843709	0.182746344623189	0.0174112271894543	1197.02452062406	1199.02452062406	-1.99999999999977	BM	Cebidae	PLA	Hylobatidae	APE	order
Cebus_albifrons	Daubentonia_madagascariensis	46429	23098.5	121.4130572982	0.0850596648130401	0.999999999839391	0.203037590408765	0.203037585739658	0.0172703093873906	1197.02452062406	1199.02452062406	-1.99999999999977	BM	Cebidae	PLA	Daubentoniidae	STR	order
Cercopithecus_nictitans	Hylobates_lar	47800	61802.5	62.1515760365	0.0510511114868774	0.511901910795877	0.170873097152322	0.170873093197004	0.0170408848821619	1197.02452062406	1199.02452062406	-1.99999999999977	BM	Cercopithecidae	OWM	Hylobatidae	APE	order
Alouatta_palliata	Cercopithecus_ascanius	28560	45166	78.0653383557	0.0605430999715113	0.642973170104986	0.180646303640777	0.180646299467024	0.0170098656200876	1197.02452062406	1199.02452062406	-1.99999999999977	BM	Atelidae	PLA	Cercopithecidae	OWM	order
Cercopithecus_nictitans	Cercopithecus_mitis	47800	49933	5.193516448	0.00777661280496408	0.042775600604556	0.0905482158928229	0.0905482137731535	0.0164616838858314	1197.02452062406	1199.02452062406	-1.99999999999977	BM	Cercopithecidae	OWM	Cercopithecidae	OWM	family
Daubentonia_madagascariensis	Loris_tardigradus	23098.5	3524	99.3606340137	0.0713658262310218	0.818368602264123	0.188596259657721	0.188596255307253	0.0164465350421761	1197.02452062406	1199.02452062406	-1.99999999999977	BM	Daubentoniidae	STR	Lorisidae	STR	superfamily
Cebus_albifrons	Nasalis_larvatus	46429	62685	78.0653383472	0.0592670500503967	0.642973170034978	0.176902563331493	0.176902559241263	0.0163062683851034	1197.02452062406	1199.02452062406	-1.99999999999977	BM	Cebidae	PLA	Cercopithecidae	OWM	order
Ateles_geoffroyi	Semnopithecus_entellus	59868	76110	78.0653383527	0.0592160080535521	0.642973170080278	0.17675272932296	0.176752725236077	0.0162784258039398	1197.02452062406	1199.02452062406	-1.99999999999977	BM	Atelidae	PLA	Cercopithecidae	OWM	order
Alouatta_palliata	Nycticebus_coucang	28560	5951.33	121.4130573094	0.0824279759143025	0.999999999931638	0.196886898216055	0.196886893682275	0.0162289885051041	1197.02452062406	1199.02452062406	-1.99999999999977	BM	Atelidae	PLA	Lorisidae	STR	order
Saguinus_midas	Saimiri_sciureus	5883	15946.83	41.3912937961	0.0366912842217448	0.340913034483531	0.150749281097806	0.150749277596096	0.016224620825551	1197.02452062406	1199.02452062406	-1.99999999999977	BM	Callitrichidae	PLA	Cebidae	PLA	superfamily
Alouatta_palliata	Perodicticus_potto	28560	5972	121.41305731	0.0823526160518184	0.99999999993658	0.196710588053907	0.196710583524014	0.0161996315323582	1197.02452062406	1199.02452062406	-1.99999999999977	BM	Atelidae	PLA	Lorisidae	STR	order
Saguinus_oedipus	Saimiri_sciureus	5894	15946.83	41.3912937952	0.0366511797956526	0.340913034476118	0.150586480195535	0.150586476697514	0.016189384395121	1197.02452062406	1199.02452062406	-1.99999999999977	BM	Callitrichidae	PLA	Cebidae	PLA	superfamily
Alouatta_seniculus	Cercopithecus_nictitans	31660	47800	78.0653383562	0.0588441306479701	0.642973170109105	0.175660887415823	0.175660883353336	0.0160762729914236	1197.02452062406	1199.02452062406	-1.99999999999977	BM	Atelidae	PLA	Cercopithecidae	OWM	order
Daubentonia_madagascariensis	Avahi_laniger	23098.5	4813	92.49694388	0.0666663166644026	0.761836872602297	0.182704343418795	0.18270433919921	0.0159879707222803	1197.02452062406	1199.02452062406	-1.99999999999977	BM	Daubentoniidae	STR	Indriidae	STR	superfamily
Macaca_mulatta	Cercopithecus_nictitans	55528.67	47800	29.8369393145	0.0281776249823449	0.245747368311681	0.136504677303402	0.136504674125609	0.0156517550190525	1197.02452062406	1199.02452062406	-1.99999999999977	BM	Cercopithecidae	OWM	Cercopithecidae	OWM	family
Cercopithecus_ascanius	Daubentonia_madagascariensis	45166	23098.5	121.4130573097	0.0804549475262751	0.999999999934109	0.192267570246169	0.192267565814401	0.0154688772761792	1197.02452062406	1199.02452062406	-1.99999999999977	BM	Cercopithecidae	OWM	Daubentoniidae	STR	order
Sapajus_apella	Daubentonia_madagascariensis	45000	23098.5	121.413057299	0.0798497352779751	0.99999999984598	0.190849272006243	0.19084926760586	0.0152392638500399	1197.02452062406	1199.02452062406	-1.99999999999977	BM	Cebidae	PLA	Daubentoniidae	STR	order
Daubentonia_madagascariensis	Otolemur_crassicaudatus	23098.5	4372	99.360634015	0.068274139565007	0.81836860227483	0.180570094380105	0.180570090208051	0.0150644438101666	1197.02452062406	1199.02452062406	-1.99999999999977	BM	Daubentoniidae	STR	Galagidae	STR	superfamily
Pygathrix_nemaeus	Hylobates_lar	48763	61802.5	62.1515760355	0.0475401512753536	0.511901910787641	0.159284768878162	0.159284765183454	0.0147927207317437	1197.02452062406	1199.02452062406	-1.99999999999977	BM	Cercopithecidae	OWM	Hylobatidae	APE	order
Varecia_variegata	Microcebus_murinus	15293	732.86	71.983496227	0.0530841871383355	0.592881011460256	0.165183227615682	0.165183223788113	0.0147898434886086	1197.02452062406	1199.02452062406	-1.99999999999977	BM	Lemuridae	STR	Cheirogaleidae	STR	superfamily
Cebus_albifrons	Hylobates_lar	46429	61802.5	78.0653383509	0.0560495813207292	0.642973170065452	0.167445280694654	0.167445276816248	0.0145966244223098	1197.02452062406	1199.02452062406	-1.99999999999977	BM	Cebidae	PLA	Hylobatidae	APE	order
Carlito_syrichta	Daubentonia_madagascariensis	1718.67	23098.5	121.413057303	0.0779478010998384	0.999999999878926	0.186388079801281	0.186388075499809	0.0145285409734901	1197.02452062406	1199.02452062406	-1.99999999999977	BM	Tarsiidae	TAR	Daubentoniidae	STR	order
Callimico_goeldii	Saimiri_sciureus	6476	15946.83	41.3912937983	0.0345292910696849	0.340913034501651	0.141963841163552	0.141963837861361	0.0143787719940731	1197.02452062406	1199.02452062406	-1.99999999999977	BM	Callitrichidae	PLA	Cebidae	PLA	superfamily
Indri_indri	Galago_senegalensis	20114	1854.5	99.360634013	0.0665715243845484	0.818368602258358	0.176141875823647	0.176141871750411	0.0143285472453061	1197.02452062406	1199.02452062406	-1.99999999999977	BM	Indriidae	STR	Galagidae	STR	superfamily
Varecia_variegata	Cheirogaleus_medius	15293	1154	71.983496227	0.0515487709561121	0.592881011460256	0.160471357100755	0.160471353379286	0.0139523801105204	1197.02452062406	1199.02452062406	-1.99999999999977	BM	Lemuridae	STR	Cheirogaleidae	STR	superfamily
Alouatta_seniculus	Lemur_catta	31660	11080	121.4130573104	0.0750317353615381	0.999999999939875	0.179536422121107	0.179536417972097	0.0134709293131582	1197.02452062406	1199.02452062406	-1.99999999999977	BM	Atelidae	PLA	Lemuridae	STR	order
Cebuella_pygmaea	Daubentonia_madagascariensis	2535	23098.5	121.4130573027	0.0749715787223999	0.999999999876455	0.179394930381253	0.179394926235398	0.0134495211471392	1197.02452062406	1199.02452062406	-1.99999999999977	BM	Callitrichidae	PLA	Daubentoniidae	STR	order
Ateles_geoffroyi	Cercopithecus_ascanius	59868	45166	78.0653383527	0.0536013884006479	0.642973170080277	0.160232822923464	0.160232819207373	0.0133577918577544	1197.02452062406	1199.02452062406	-1.99999999999977	BM	Atelidae	PLA	Cercopithecidae	OWM	order
Daubentonia_madagascariensis	Nycticebus_coucang	23098.5	5951.33	99.3606340134	0.0625161283595387	0.818368602261652	0.165572106385658	0.165572102549346	0.0126482455790203	1197.02452062406	1199.02452062406	-1.99999999999977	BM	Daubentoniidae	STR	Lorisidae	STR	superfamily
Daubentonia_madagascariensis	Perodicticus_potto	23098.5	5972	99.360634014	0.0624407684970546	0.818368602266594	0.165375402752408	0.165375398920519	0.0126179904871355	1197.02452062406	1199.02452062406	-1.99999999999977	BM	Daubentoniidae	STR	Lorisidae	STR	superfamily
Cercopithecus_mitis	Hylobates_lar	49933	61802.5	62.1515760365	0.0432744986819133	0.511901910795877	0.145159146495914	0.145159143121059	0.0122712753385481	1197.02452062406	1199.02452062406	-1.99999999999977	BM	Cercopithecidae	OWM	Hylobatidae	APE	order
Alouatta_seniculus	Eulemur_mongoz	31660	12030	121.4130573094	0.0715681712899414	0.999999999931638	0.171380553197209	0.171380549230521	0.0122653927878213	1197.02452062406	1199.02452062406	-1.99999999999977	BM	Atelidae	PLA	Lemuridae	STR	order
Gorilla_gorilla	Pongo_pygmaeus	275016.8	266455.56	40.643277586	0.0312130560761231	0.334752113849248	0.129620489583764	0.129620486563277	0.0120861122084342	1197.02452062406	1199.02452062406	-1.99999999999977	BM	Hominidae	APE	Hominidae	APE	family
Alouatta_seniculus	Eulemur_fulvus	31660	12207	121.4130573088	0.0709228546155491	0.999999999926696	0.169858914042674	0.169858910110098	0.0120468790666867	1197.02452062406	1199.02452062406	-1.99999999999977	BM	Atelidae	PLA	Lemuridae	STR	order
Indri_indri	Loris_tardigradus	20114	3524	99.3606340117	0.0604847662608317	0.81836860224765	0.160266278279498	0.160266274562653	0.0118451127702177	1197.02452062406	1199.02452062406	-1.99999999999977	BM	Indriidae	STR	Lorisidae	STR	superfamily
Avahi_laniger	Propithecus_verreauxi	4813	12843.33	38.068820955	0.029277434180069	0.31354799719264	0.125659861373577	0.125659858443802	0.0117334454481658	1197.02452062406	1199.02452062406	-1.99999999999977	BM	Indriidae	STR	Indriidae	STR	family
Alouatta_seniculus	Cercopithecus_ascanius	31660	45166	78.0653383561	0.0492409435273534	0.642973170108281	0.147353804144086	0.147353800719389	0.0112848260016475	1197.02452062406	1199.02452062406	-1.99999999999977	BM	Atelidae	PLA	Cercopithecidae	OWM	order
Alouatta_seniculus	Propithecus_verreauxi	31660	12843.33	121.4130573094	0.0686028864832553	0.999999999931638	0.16438326809075	0.164383264281177	0.0112771666813472	1197.02452062406	1199.02452062406	-1.99999999999977	BM	Atelidae	PLA	Indriidae	STR	order
Callithrix_jacchus	Daubentonia_madagascariensis	4371	23098.5	121.4130573023	0.0682777854219244	0.99999999987316	0.1636153132626	0.163615309470308	0.0111712912521017	1197.02452062406	1199.02452062406	-1.99999999999977	BM	Callitrichidae	PLA	Daubentoniidae	STR	order
Alouatta_palliata	Alouatta_seniculus	28560	31660	11.2380789204	0.0113021564441578	0.0925607110855751	0.089465945384358	0.0894659432898085	0.0109242690478431	1197.02452062406	1199.02452062406	-1.99999999999977	BM	Atelidae	PLA	Atelidae	PLA	family
Propithecus_verreauxi	Microcebus_murinus	12843.33	732.86	69.529333389	0.0441530408233162	0.572667676154991	0.140082065084998	0.140082061825653	0.010800416010626	1197.02452062406	1199.02452062406	-1.99999999999977	BM	Indriidae	STR	Cheirogaleidae	STR	superfamily
Carlito_syrichta	Indri_indri	1718.67	20114	121.413057301	0.0670667411296484	0.999999999862453	0.160753213325687	0.160753209597865	0.0107811941453559	1197.02452062406	1199.02452062406	-1.99999999999977	BM	Tarsiidae	TAR	Indriidae	STR	order
Indri_indri	Otolemur_crassicaudatus	20114	4372	99.360634013	0.057393079594817	0.818368602258358	0.152177011297563	0.152177007763513	0.0106723392097405	1197.02452062406	1199.02452062406	-1.99999999999977	BM	Indriidae	STR	Galagidae	STR	superfamily
Varecia_variegata	Cheirogaleus_major	15293	2938	71.983496227	0.0450445622153452	0.592881011460256	0.140449416102217	0.140449412834505	0.0106707456292844	1197.02452062406	1199.02452062406	-1.99999999999977	BM	Lemuridae	STR	Cheirogaleidae	STR	superfamily
Piliocolobus_badius	Hylobates_lar	50906	61802.5	62.1515760367	0.0397270799012148	0.511901910797525	0.133376200171179	0.133376197064815	0.0103509028768143	1197.02452062406	1199.02452062406	-1.99999999999977	BM	Cercopithecidae	OWM	Hylobatidae	APE	order
Varecia_variegata	Lepilemur_ruficaudatus	15293	3282	71.983496224	0.0437903874357354	0.592881011435547	0.136577857143668	0.136577853964207	0.0100876856639116	1197.02452062406	1199.02452062406	-1.99999999999977	BM	Lemuridae	STR	Lepilemuridae	STR	superfamily
Propithecus_verreauxi	Cheirogaleus_medius	12843.33	1154	69.529333389	0.0426176246410927	0.572667676154991	0.135258510781078	0.135258507631727	0.0100658666133988	1197.02452062406	1199.02452062406	-1.99999999999977	BM	Indriidae	STR	Cheirogaleidae	STR	superfamily
Cercopithecus_nictitans	Cercopithecus_ascanius	47800	45166	9.5808815419	0.00960318712061669	0.0789114593896588	0.0823559349138993	0.0823559329845627	0.010022365060646	1197.02452062406	1199.02452062406	-1.99999999999977	BM	Cercopithecidae	OWM	Cercopithecidae	OWM	family
Cebuella_pygmaea	Indri_indri	2535	20114	121.4130573007	0.0640905187522098	0.999999999859982	0.153710448288547	0.153710444719788	0.00985138236982707	1197.02452062406	1199.02452062406	-1.99999999999977	BM	Callitrichidae	PLA	Indriidae	STR	order
Alouatta_palliata	Lemur_catta	28560	11080	121.41305731	0.0637295789173803	0.99999999993658	0.15285549326789	0.15285548971848	0.00974141622178889	1197.02452062406	1199.02452062406	-1.99999999999977	BM	Atelidae	PLA	Lemuridae	STR	order
Saguinus_midas	Daubentonia_madagascariensis	5883	23098.5	121.4130573031	0.0627652497627094	0.999999999879749	0.150570415368635	0.150570411870982	0.0094505897286237	1197.02452062406	1199.02452062406	-1.99999999999977	BM	Callitrichidae	PLA	Daubentoniidae	STR	order
Saguinus_oedipus	Daubentonia_madagascariensis	5894	23098.5	121.4130573022	0.0627251453366172	0.999999999872337	0.150475356230767	0.150475352735269	0.00943858859035909	1197.02452062406	1199.02452062406	-1.99999999999977	BM	Callitrichidae	PLA	Daubentoniidae	STR	order
Eulemur_fulvus	Microcebus_murinus	12207	732.86	71.9834962244	0.0418330726910223	0.592881011438841	0.130529224456104	0.130529221414826	0.00921000745448604	1197.02452062406	1199.02452062406	-1.99999999999977	BM	Lemuridae	STR	Cheirogaleidae	STR	superfamily
Macaca_mulatta	Nasalis_larvatus	55528.67	62685	38.5936741537	0.0260909552342	0.317870869956865	0.111319488339381	0.111319485739256	0.00913714360598999	1197.02452062406	1199.02452062406	-1.99999999999977	BM	Cercopithecidae	OWM	Cercopithecidae	OWM	family
Ateles_geoffroyi	Cercopithecus_nictitans	59868	47800	78.0653383528	0.0439982012800312	0.642973170081101	0.131816958403315	0.131816955332588	0.00902014164482012	1197.02452062406	1199.02452062406	-1.99999999999977	BM	Atelidae	PLA	Cercopithecidae	OWM	order
Eulemur_mongoz	Microcebus_murinus	12030	732.86	71.983496225	0.0411877560166301	0.592881011443783	0.128533327832096	0.128533324836496	0.00892927795724469	1197.02452062406	1199.02452062406	-1.99999999999977	BM	Lemuridae	STR	Cheirogaleidae	STR	superfamily
Callimico_goeldii	Daubentonia_madagascariensis	6476	23098.5	121.4130573053	0.0606032566106495	0.99999999989787	0.145442776893159	0.145442773511862	0.00881430593112174	1197.02452062406	1199.02452062406	-1.99999999999977	BM	Callitrichidae	PLA	Daubentoniidae	STR	order
Alouatta_palliata	Eulemur_mongoz	28560	12030	121.413057309	0.0602660148457835	0.999999999928344	0.144642374584982	0.144642371221874	0.00871701949469252	1197.02452062406	1199.02452062406	-1.99999999999977	BM	Atelidae	PLA	Lemuridae	STR	order
Indri_indri	Nycticebus_coucang	20114	5951.33	99.3606340114	0.0516350683893486	0.818368602245179	0.137069245472746	0.137069242282076	0.00864840103181435	1197.02452062406	1199.02452062406	-1.99999999999977	BM	Indriidae	STR	Lorisidae	STR	superfamily
Indri_indri	Perodicticus_potto	20114	5972	99.360634012	0.0515597085268645	0.818368602250121	0.136871172309809	0.136871169123658	0.00862329973391031	1197.02452062406	1199.02452062406	-1.99999999999977	BM	Indriidae	STR	Lorisidae	STR	superfamily
Eulemur_fulvus	Cheirogaleus_medius	12207	1154	71.9834962244	0.0402976565087989	0.592881011438841	0.125779002682108	0.125778999749604	0.00854909998517595	1197.02452062406	1199.02452062406	-1.99999999999977	BM	Lemuridae	STR	Cheirogaleidae	STR	superfamily
Alouatta_seniculus	Varecia_variegata	31660	15293	121.4130573114	0.0596717401682359	0.999999999948111	0.143231574186102	0.143231570855072	0.008546877279164	1197.02452062406	1199.02452062406	-1.99999999999977	BM	Atelidae	PLA	Lemuridae	STR	order
Alouatta_palliata	Eulemur_fulvus	28560	12207	121.4130573084	0.0596206981713913	0.999999999923402	0.143110379737082	0.143110376408808	0.0085323407561513	1197.02452062406	1199.02452062406	-1.99999999999977	BM	Atelidae	PLA	Lemuridae	STR	order
Eulemur_mongoz	Cheirogaleus_medius	12030	1154	71.983496225	0.0396523398344066	0.592881011443783	0.123781178437438	0.123781175550745	0.0082785807906921	1197.02452062406	1199.02452062406	-1.99999999999977	BM	Lemuridae	STR	Cheirogaleidae	STR	superfamily
Macaca_mulatta	Cercopithecus_mitis	55528.67	49933	29.8369393145	0.0204010121773808	0.245747368311681	0.099062618589071	0.0990626162720663	0.0082238019558186	1197.02452062406	1199.02452062406	-1.99999999999977	BM	Cercopithecidae	OWM	Cercopithecidae	OWM	family
Macaca_mulatta	Pygathrix_nemaeus	55528.67	48763	38.5936741535	0.0246666647708211	0.317870869955218	0.105279033473658	0.105279031012914	0.00816961499635572	1197.02452062406	1199.02452062406	-1.99999999999977	BM	Cercopithecidae	OWM	Cercopithecidae	OWM	family
Aotus_trivirgatus	Cebuella_pygmaea	9453.33	2535	40.5102348762	0.0252232412878421	0.333656328002658	0.105078262044275	0.105078259588168	0.007943545904002	1197.02452062406	1199.02452062406	-1.99999999999977	BM	Aotidae	PLA	Callitrichidae	PLA	superfamily
Callithrix_jacchus	Indri_indri	4371	20114	121.4130573003	0.0573967254517344	0.999999999856688	0.137826526452339	0.1378265232444	0.00791079129988483	1197.02452062406	1199.02452062406	-1.99999999999977	BM	Callitrichidae	PLA	Indriidae	STR	order
Alouatta_palliata	Propithecus_verreauxi	28560	12843.33	121.413057309	0.0573007300390974	0.999999999928344	0.13759831387999	0.137598310677254	0.00788448383803725	1197.02452062406	1199.02452062406	-1.99999999999977	BM	Atelidae	PLA	Indriidae	STR	order
Saimiri_sciureus	Plecturocebus_moloch	15946.83	8016.5	49.0936032012	0.028912848488322	0.404351922979234	0.109387248609045	0.109387246053473	0.00782164437919625	1197.02452062406	1199.02452062406	-1.99999999999977	BM	Cebidae	PLA	Pitheciidae	PLA	superfamily
Varecia_variegata	Galago_senegalensis	15293	1854.5	99.36063402	0.0489948481854242	0.818368602316012	0.130124735727573	0.13012473269555	0.00779042799796836	1197.02452062406	1199.02452062406	-1.99999999999977	BM	Lemuridae	STR	Galagidae	STR	superfamily
Varecia_variegata	Avahi_laniger	15293	4813	71.983496225	0.0382085804950884	0.592881011443783	0.119308631383951	0.119308628599951	0.00768891794137817	1197.02452062406	1199.02452062406	-1.99999999999977	BM	Lemuridae	STR	Indriidae	STR	superfamily
Ateles_geoffroyi	Pygathrix_nemaeus	59868	48763	78.0653383518	0.0404872410685073	0.642973170072865	0.12138332078536	0.121383317953701	0.00764336056164815	1197.02452062406	1199.02452062406	-1.99999999999977	BM	Atelidae	PLA	Cercopithecidae	OWM	order
Lemur_catta	Microcebus_murinus	11080	732.86	71.983496226	0.0377241919450333	0.59288101145202	0.117807208965107	0.11780720621562	0.00749590841613248	1197.02452062406	1199.02452062406	-1.99999999999977	BM	Lemuridae	STR	Cheirogaleidae	STR	superfamily
Indri_indri	Propithecus_verreauxi	20114	12843.33	45.340161085	0.0265078225141436	0.373437273442172	0.104386304857136	0.104386302417016	0.00740968788828934	1197.02452062406	1199.02452062406	-1.99999999999977	BM	Indriidae	STR	Indriidae	STR	family
Saimiri_sciureus	Microcebus_murinus	15946.83	732.86	121.413057299	0.0554679577666851	0.99999999984598	0.133239032085072	0.133239028981844	0.00739049700570708	1197.02452062406	1199.02452062406	-1.99999999999977	BM	Cebidae	PLA	Cheirogaleidae	STR	order
Plecturocebus_moloch	Daubentonia_madagascariensis	8016.5	23098.5	121.4130573042	0.0549868140292866	0.99999999988881	0.132093945531102	0.132093942454044	0.00726342521812103	1197.02452062406	1199.02452062406	-1.99999999999977	BM	Pitheciidae	PLA	Daubentoniidae	STR	order
Propithecus_verreauxi	Cheirogaleus_major	12843.33	2938	69.529333389	0.0361134159003258	0.572667676154991	0.114771516966338	0.114771514286695	0.00723769072063861	1197.02452062406	1199.02452062406	-1.99999999999977	BM	Indriidae	STR	Cheirogaleidae	STR	superfamily
Saimiri_sciureus	Cheirogaleus_medius	15946.83	1154	121.413057299	0.0539325415844617	0.99999999984598	0.129583889127557	0.129583886107911	0.00698878849012468	1197.02452062406	1199.02452062406	-1.99999999999977	BM	Cebidae	PLA	Cheirogaleidae	STR	order
Callimico_goeldii	Cebuella_pygmaea	6476	2535	20.8919895174	0.0143683221117503	0.172073663071775	0.0834406800339835	0.0834406780794206	0.00696737982181321	1197.02452062406	1199.02452062406	-1.99999999999977	BM	Callitrichidae	PLA	Callitrichidae	PLA	family
Saimiri_sciureus	Carlito_syrichta	15946.83	1718.67	115.74549454	0.0518738355588738	0.953319989604827	0.127669138294766	0.127669135318956	0.00694697264093986	1197.02452062406	1199.02452062406	-1.99999999999977	BM	Cebidae	PLA	Tarsiidae	TAR	order
Daubentonia_madagascariensis	Lemur_catta	23098.5	11080	92.496943884	0.0438177313626164	0.761836872635242	0.120691153653546	0.120691150837783	0.00694166000438173	1197.02452062406	1199.02452062406	-1.99999999999977	BM	Daubentoniidae	STR	Lemuridae	STR	superfamily
Lemur_catta	Cheirogaleus_medius	11080	1154	71.983496226	0.0361887757628099	0.59288101145202	0.11304522311821	0.11304522047832	0.00690015053857526	1197.02452062406	1199.02452062406	-1.99999999999977	BM	Lemuridae	STR	Cheirogaleidae	STR	superfamily
Sapajus_apella	Macaca_mulatta	45000	55528.67	78.0653383497	0.0383860243512617	0.642973170055568	0.115128846011109	0.115128843323241	0.00687328630856113	1197.02452062406	1199.02452062406	-1.99999999999977	BM	Cebidae	PLA	Cercopithecidae	OWM	order
Aotus_trivirgatus	Saimiri_sciureus	9453.33	15946.83	41.3912937991	0.0236743718935932	0.34091303450824	0.0976094686600247	0.0976094663766628	0.00677839398169916	1197.02452062406	1199.02452062406	-1.99999999999977	BM	Aotidae	PLA	Cebidae	PLA	superfamily
Propithecus_verreauxi	Lepilemur_ruficaudatus	12843.33	3282	69.529333386	0.034859241120716	0.572667676130282	0.110811832176507	0.110811829588085	0.00674530192269904	1197.02452062406	1199.02452062406	-1.99999999999977	BM	Indriidae	STR	Lepilemuridae	STR	superfamily
Saguinus_midas	Indri_indri	5883	20114	121.4130573011	0.0518841897925194	0.999999999863277	0.124703375025885	0.124703372118043	0.00647013357849537	1197.02452062406	1199.02452062406	-1.99999999999977	BM	Callitrichidae	PLA	Indriidae	STR	order
Saguinus_oedipus	Indri_indri	5894	20114	121.4130573002	0.0518440853664272	0.999999999855864	0.124607772061766	0.124607769156116	0.00646017597302165	1197.02452062406	1199.02452062406	-1.99999999999977	BM	Callitrichidae	PLA	Indriidae	STR	order
Saimiri_sciureus	Galago_senegalensis	15946.83	1854.5	121.413057302	0.0513786188137738	0.999999999870689	0.12349803660224	0.123498033722045	0.00634515854765649	1197.02452062406	1199.02452062406	-1.99999999999977	BM	Cebidae	PLA	Galagidae	STR	order
Cebuella_pygmaea	Callithrix_jacchus	2535	4371	8.0860732424	0.00669379330047541	0.0665997004032381	0.0625336420603388	0.0625336405931569	0.00628512248168419	1197.02452062406	1199.02452062406	-1.99999999999977	BM	Callitrichidae	PLA	Callitrichidae	PLA	family
Ateles_geoffroyi	Cercopithecus_mitis	59868	49933	78.0653383528	0.0362215884750671	0.642973170081101	0.108678687795409	0.108678685256183	0.00612236231387239	1197.02452062406	1199.02452062406	-1.99999999999977	BM	Atelidae	PLA	Cercopithecidae	OWM	order
Eulemur_fulvus	Cheirogaleus_major	12207	2938	71.9834962244	0.0337934477680319	0.592881011438841	0.105608187358739	0.105608184890393	0.0060195295422313	1197.02452062406	1199.02452062406	-1.99999999999977	BM	Lemuridae	STR	Cheirogaleidae	STR	superfamily
Varecia_variegata	Loris_tardigradus	15293	3524	99.3606340187	0.0429080900617076	0.818368602305305	0.114077462211552	0.11407745954789	0.00598122411929756	1197.02452062406	1199.02452062406	-1.99999999999977	BM	Lemuridae	STR	Lorisidae	STR	superfamily
Aotus_trivirgatus	Daubentonia_madagascariensis	9453.33	23098.5	121.4130573061	0.0497483374345578	0.999999999904458	0.119609323886036	0.119609321095127	0.00595036500557032	1197.02452062406	1199.02452062406	-1.99999999999977	BM	Aotidae	PLA	Daubentoniidae	STR	order
Callimico_goeldii	Indri_indri	6476	20114	121.4130573033	0.0497221966404595	0.999999999881397	0.119546946450525	0.11954694366105	0.00594413677988448	1197.02452062406	1199.02452062406	-1.99999999999977	BM	Callitrichidae	PLA	Indriidae	STR	order
Daubentonia_madagascariensis	Eulemur_mongoz	23098.5	12030	92.496943883	0.0403541672910197	0.761836872627006	0.111215836574961	0.111215833977226	0.00589105441835711	1197.02452062406	1199.02452062406	-1.99999999999977	BM	Daubentoniidae	STR	Lemuridae	STR	superfamily
Carlito_syrichta	Varecia_variegata	1718.67	15293	121.413057308	0.0494900649305242	0.999999999920108	0.118992998833327	0.118992996056582	0.00588897123900962	1197.02452062406	1199.02452062406	-1.99999999999977	BM	Tarsiidae	TAR	Lemuridae	STR	order
Cercopithecus_ascanius	Piliocolobus_badius	45166	50906	38.5936741537	0.0209272187062793	0.317870869956865	0.0893917519539752	0.0893917498611486	0.00588515941687947	1197.02452062406	1199.02452062406	-1.99999999999977	BM	Cercopithecidae	OWM	Cercopithecidae	OWM	family
Eulemur_mongoz	Cheirogaleus_major	12030	2938	71.983496225	0.0331481310936397	0.592881011443783	0.103602985988815	0.103602983566797	0.00579246981259645	1197.02452062406	1199.02452062406	-1.99999999999977	BM	Lemuridae	STR	Cheirogaleidae	STR	superfamily
Lemur_catta	Indri_indri	11080	20114	71.983496222	0.0329366713924264	0.592881011419074	0.10294576973266	0.102945767325833	0.00571900756411363	1197.02452062406	1199.02452062406	-1.99999999999977	BM	Lemuridae	STR	Indriidae	STR	superfamily
Daubentonia_madagascariensis	Eulemur_fulvus	23098.5	12207	92.4969438824	0.0397088506166274	0.761836872622064	0.109448636142359	0.109448633585372	0.00570473771873544	1197.02452062406	1199.02452062406	-1.99999999999977	BM	Daubentoniidae	STR	Lemuridae	STR	superfamily
Alouatta_palliata	Varecia_variegata	28560	15293	121.413057311	0.048369583724078	0.999999999944817	0.116318323949835	0.116318321234596	0.00562626890924646	1197.02452062406	1199.02452062406	-1.99999999999977	BM	Atelidae	PLA	Lemuridae	STR	order
Eulemur_fulvus	Lepilemur_ruficaudatus	12207	3282	71.9834962214	0.0325392729884221	0.592881011414132	0.101710465659048	0.101710463280783	0.00558220712781021	1197.02452062406	1199.02452062406	-1.99999999999977	BM	Lemuridae	STR	Lepilemuridae	STR	superfamily
Saimiri_sciureus	Cheirogaleus_major	15946.83	2938	121.413057299	0.0474283328436947	0.99999999984598	0.114070459191913	0.114070456528412	0.00541017170702041	1197.02452062406	1199.02452062406	-1.99999999999977	BM	Cebidae	PLA	Cheirogaleidae	STR	order
Eulemur_mongoz	Lepilemur_ruficaudatus	12030	3282	71.983496222	0.0318939563140299	0.592881011419074	0.0997039893069447	0.0997039869750973	0.00536356303886155	1197.02452062406	1199.02452062406	-1.99999999999977	BM	Lemuridae	STR	Lepilemuridae	STR	superfamily
Propithecus_verreauxi	Galago_senegalensis	12843.33	1854.5	99.360634018	0.0400637018704048	0.818368602299539	0.106561966125259	0.106561963634888	0.00521680185379828	1197.02452062406	1199.02452062406	-1.99999999999977	BM	Indriidae	STR	Galagidae	STR	superfamily
Cebuella_pygmaea	Varecia_variegata	2535	15293	121.4130573077	0.0465138425530857	0.999999999917637	0.111885623558613	0.111885620945442	0.0052042302785878	1197.02452062406	1199.02452062406	-1.99999999999977	BM	Callitrichidae	PLA	Lemuridae	STR	order
Varecia_variegata	Otolemur_crassicaudatus	15293	4372	99.36063402	0.0398164033956928	0.818368602316012	0.105908087140694	0.105908084665422	0.00515278703083933	1197.02452062406	1199.02452062406	-1.99999999999977	BM	Lemuridae	STR	Galagidae	STR	superfamily
Cebus_albifrons	Macaca_mulatta	46429	55528.67	78.0653383489	0.0331760948161967	0.642973170048979	0.0995908260765632	0.0995908237473349	0.00513868205183075	1197.02452062406	1199.02452062406	-1.99999999999977	BM	Cebidae	PLA	Cercopithecidae	OWM	order
Saimiri_sciureus	Lepilemur_ruficaudatus	15946.83	3282	121.413057296	0.046174158064085	0.999999999821271	0.111073855885028	0.111073853290567	0.00512874177933934	1197.02452062406	1199.02452062406	-1.99999999999977	BM	Cebidae	PLA	Lepilemuridae	STR	order
Daubentonia_madagascariensis	Propithecus_verreauxi	23098.5	12843.33	92.496943883	0.0373888824843336	0.761836872627006	0.103090970323395	0.103090967913212	0.00505942454757564	1197.02452062406	1199.02452062406	-1.99999999999977	BM	Daubentoniidae	STR	Indriidae	STR	superfamily
Ateles_geoffroyi	Piliocolobus_badius	59868	50906	78.065338353	0.0326741696943685	0.642973170082748	0.0980917770660267	0.0980917747714979	0.00498476066904167	1197.02452062406	1199.02452062406	-1.99999999999977	BM	Atelidae	PLA	Cercopithecidae	OWM	order
Saimiri_sciureus	Loris_tardigradus	15946.83	3524	121.4130573007	0.0452918606900572	0.999999999859982	0.108964826242149	0.108964823696323	0.00493521973096671	1197.02452062406	1199.02452062406	-1.99999999999977	BM	Cebidae	PLA	Lorisidae	STR	order
Plecturocebus_moloch	Indri_indri	8016.5	20114	121.4130573022	0.0441057540590966	0.999999999872337	0.106128363202407	0.106128360722049	0.00468087148669744	1197.02452062406	1199.02452062406	-1.99999999999977	BM	Pitheciidae	PLA	Indriidae	STR	order
Lemur_catta	Cheirogaleus_major	11080	2938	71.983496226	0.0296845670220429	0.59288101145202	0.0928296095421835	0.0928296073695909	0.00464782428996384	1197.02452062406	1199.02452062406	-1.99999999999977	BM	Lemuridae	STR	Cheirogaleidae	STR	superfamily
Eulemur_fulvus	Galago_senegalensis	12207	1854.5	99.3606340174	0.037743733738111	0.818368602294598	0.100424978394111	0.100424976045582	0.00463167041664973	1197.02452062406	1199.02452062406	-1.99999999999977	BM	Lemuridae	STR	Galagidae	STR	superfamily
Eulemur_mongoz	Indri_indri	12030	20114	71.983496221	0.0294731073208296	0.592881011410838	0.092171292547115	0.0921712903897906	0.00458198921007145	1197.02452062406	1199.02452062406	-1.99999999999977	BM	Lemuridae	STR	Indriidae	STR	superfamily
Eulemur_mongoz	Galago_senegalensis	12030	1854.5	99.360634018	0.0370984170637187	0.818368602299539	0.0987168448576998	0.0987168425487008	0.00447504788362459	1197.02452062406	1199.02452062406	-1.99999999999977	BM	Lemuridae	STR	Galagidae	STR	superfamily
Galago_senegalensis	Otolemur_crassicaudatus	1854.5	4372	15.608317406	0.0091784447897314	0.128555509191717	0.0617181465216239	0.0617181450734985	0.00440647471224655	1197.02452062406	1199.02452062406	-1.99999999999977	BM	Galagidae	STR	Galagidae	STR	family
Eulemur_fulvus	Indri_indri	12207	20114	71.9834962204	0.0288277906464374	0.592881011405896	0.0901619011310211	0.090161899020319	0.00438396298765998	1197.02452062406	1199.02452062406	-1.99999999999977	BM	Lemuridae	STR	Indriidae	STR	superfamily
Aotus_trivirgatus	Callithrix_jacchus	9453.33	4371	40.5102348758	0.0185294479873667	0.333656327999363	0.0772955863447682	0.0772955845332084	0.00429257420477014	1197.02452062406	1199.02452062406	-1.99999999999977	BM	Aotidae	PLA	Callitrichidae	PLA	superfamily
Saimiri_sciureus	Otolemur_crassicaudatus	15946.83	4372	121.413057302	0.0422001740240424	0.999999999870689	0.101568518803068	0.101568516428087	0.00428620916940794	1197.02452062406	1199.02452062406	-1.99999999999977	BM	Cebidae	PLA	Galagidae	STR	order
Alouatta_seniculus	Indri_indri	31660	20114	121.4130573044	0.0420950639691117	0.999999999890457	0.101316902920938	0.101316900551777	0.00426494151007637	1197.02452062406	1199.02452062406	-1.99999999999977	BM	Atelidae	PLA	Indriidae	STR	order
Lemur_catta	Lepilemur_ruficaudatus	11080	3282	71.983496223	0.0284303922424332	0.59288101142731	0.088924191455793	0.0889241893738219	0.0042641771185134	1197.02452062406	1199.02452062406	-1.99999999999977	BM	Lemuridae	STR	Lepilemuridae	STR	superfamily
Saimiri_sciureus	Avahi_laniger	15946.83	4813	121.413057297	0.040592351123438	0.999999999829508	0.0977185582449842	0.0977185559590984	0.0039666260282328	1197.02452062406	1199.02452062406	-1.99999999999977	BM	Cebidae	PLA	Indriidae	STR	order
Carlito_syrichta	Propithecus_verreauxi	1718.67	12843.33	121.413057306	0.0405589186155048	0.999999999903635	0.0976384787905529	0.0976384765065214	0.00396011111538934	1197.02452062406	1199.02452062406	-1.99999999999977	BM	Tarsiidae	TAR	Indriidae	STR	order
Eulemur_fulvus	Avahi_laniger	12207	4813	71.9834962224	0.0269574660477752	0.592881011422369	0.0843348582611618	0.0843348562858108	0.00383458743730888	1197.02452062406	1199.02452062406	-1.99999999999977	BM	Lemuridae	STR	Indriidae	STR	superfamily
Macaca_mulatta	Piliocolobus_badius	55528.67	50906	38.5936741547	0.0168535933966823	0.317870869965101	0.0720441349766993	0.0720441332875184	0.00381979813893073	1197.02452062406	1199.02452062406	-1.99999999999977	BM	Cercopithecidae	OWM	Cercopithecidae	OWM	family
Callithrix_jacchus	Varecia_variegata	4371	15293	121.4130573073	0.0398200492526103	0.999999999914342	0.0958684445871372	0.0958684423441051	0.00381748618555794	1197.02452062406	1199.02452062406	-1.99999999999977	BM	Callitrichidae	PLA	Lemuridae	STR	order
Varecia_variegata	Nycticebus_coucang	15293	5951.33	99.3606340184	0.0340583921902245	0.818368602302834	0.0906639718426686	0.0906639697203156	0.003773200855766	1197.02452062406	1199.02452062406	-1.99999999999977	BM	Lemuridae	STR	Lorisidae	STR	superfamily
Varecia_variegata	Perodicticus_potto	15293	5972	99.360634019	0.0339830323277404	0.818368602307776	0.0904642255001726	0.0904642233824548	0.00375655748645179	1197.02452062406	1199.02452062406	-1.99999999999977	BM	Lemuridae	STR	Lorisidae	STR	superfamily
Propithecus_verreauxi	Loris_tardigradus	12843.33	3524	99.3606340167	0.0339769437466882	0.818368602288832	0.0904480870611587	0.0904480849438153	0.00375521440763672	1197.02452062406	1199.02452062406	-1.99999999999977	BM	Indriidae	STR	Lorisidae	STR	superfamily
Cebuella_pygmaea	Plecturocebus_moloch	2535	8016.5	49.0936032069	0.0199847646931133	0.404351923026182	0.0757335808555373	0.0757335790803623	0.00374307059414376	1197.02452062406	1199.02452062406	-1.99999999999977	BM	Callitrichidae	PLA	Pitheciidae	PLA	superfamily
Lemur_catta	Galago_senegalensis	11080	1854.5	99.360634019	0.033634852992122	0.818368602307776	0.0895412788937806	0.0895412767974843	0.0036801359971851	1197.02452062406	1199.02452062406	-1.99999999999977	BM	Lemuridae	STR	Galagidae	STR	superfamily
Eulemur_mongoz	Avahi_laniger	12030	4813	71.983496223	0.0263121493733829	0.59288101142731	0.0823232899580574	0.0823232880294816	0.00365352011708051	1197.02452062406	1199.02452062406	-1.99999999999977	BM	Lemuridae	STR	Indriidae	STR	superfamily
Aotus_trivirgatus	Indri_indri	9453.33	20114	121.4130573041	0.0388672774643678	0.999999999887986	0.0935852839293472	0.0935852817392331	0.00363740519747101	1197.02452062406	1199.02452062406	-1.99999999999977	BM	Aotidae	PLA	Indriidae	STR	order
Cebuella_pygmaea	Saguinus_oedipus	2535	5894	26.3249190823	0.0122464333857826	0.216821153044651	0.0634050492284529	0.063405047740912	0.00358122674284742	1197.02452062406	1199.02452062406	-1.99999999999977	BM	Callitrichidae	PLA	Callitrichidae	PLA	family
Cebuella_pygmaea	Saguinus_midas	2535	5883	26.3249190832	0.0122063289596905	0.216821153052064	0.063197846856677	0.0631978453739768	0.00355783417539296	1197.02452062406	1199.02452062406	-1.99999999999977	BM	Callitrichidae	PLA	Callitrichidae	PLA	family
Carlito_syrichta	Eulemur_fulvus	1718.67	12207	121.4130573054	0.0382389504832109	0.999999999898693	0.0920791773125185	0.092079175157332	0.0035210111021449	1197.02452062406	1199.02452062406	-1.99999999999977	BM	Tarsiidae	TAR	Lemuridae	STR	order
Macaca_mulatta	Hylobates_lar	55528.67	61802.5	62.1515760374	0.0228734865045325	0.51190191080329	0.0770345398979326	0.077034538092453	0.00344216044431868	1197.02452062406	1199.02452062406	-1.99999999999977	BM	Cercopithecidae	OWM	Hylobatidae	APE	order
Carlito_syrichta	Eulemur_mongoz	1718.67	12030	121.413057306	0.0375936338088187	0.999999999903635	0.0905320016151985	0.0905319994959084	0.00340342691702913	1197.02452062406	1199.02452062406	-1.99999999999977	BM	Tarsiidae	TAR	Lemuridae	STR	order
Cebuella_pygmaea	Propithecus_verreauxi	2535	12843.33	121.4130573057	0.0375826962380663	0.999999999901164	0.0905057753222079	0.0905057732035264	0.0034014510620614	1197.02452062406	1199.02452062406	-1.99999999999977	BM	Callitrichidae	PLA	Indriidae	STR	order
Eulemur_fulvus	Loris_tardigradus	12207	3524	99.3606340161	0.0316569756143943	0.81836860228389	0.0842961059269074	0.0842961039524579	0.00326082863182817	1197.02452062406	1199.02452062406	-1.99999999999977	BM	Lemuridae	STR	Lorisidae	STR	superfamily
Saimiri_sciureus	Nycticebus_coucang	15946.83	5951.33	121.4130573004	0.0364421628185741	0.999999999857511	0.0877704488767448	0.087770446821566	0.00319854498908142	1197.02452062406	1199.02452062406	-1.99999999999977	BM	Cebidae	PLA	Lorisidae	STR	order
Saimiri_sciureus	Perodicticus_potto	15946.83	5972	121.413057301	0.03636680295609	0.999999999862453	0.0875896773067741	0.0875896752557937	0.0031853565360411	1197.02452062406	1199.02452062406	-1.99999999999977	BM	Cebidae	PLA	Lorisidae	STR	order
Eulemur_mongoz	Loris_tardigradus	12030	3524	99.3606340167	0.0310116589400021	0.818368602288832	0.0825839719367458	0.0825839700021076	0.00312947730943027	1197.02452062406	1199.02452062406	-1.99999999999977	BM	Lemuridae	STR	Lorisidae	STR	superfamily
Propithecus_verreauxi	Otolemur_crassicaudatus	12843.33	4372	99.360634018	0.0308852570806734	0.818368602299539	0.0822485613661559	0.0822485594393189	0.0031040633220426	1197.02452062406	1199.02452062406	-1.99999999999977	BM	Indriidae	STR	Galagidae	STR	superfamily
Pan_troglodytes	Gorilla_beringei	253761.83	251206.07	20.238906202	0.00931793527539374	0.16669464264491	0.0550347457073012	0.0550347444154621	0.00307634480785783	1197.02452062406	1199.02452062406	-1.99999999999977	BM	Hominidae	APE	Hominidae	APE	family
Cebuella_pygmaea	Eulemur_fulvus	2535	12207	121.4130573051	0.0352627281057724	0.999999999896222	0.0849407321917227	0.0849407302022894	0.00299524194469279	1197.02452062406	1199.02452062406	-1.99999999999977	BM	Callitrichidae	PLA	Lemuridae	STR	order
Daubentonia_madagascariensis	Varecia_variegata	23098.5	15293	92.496943885	0.0284577361693142	0.761836872643479	0.0785577023266042	0.0785577004856563	0.0029344528299357	1197.02452062406	1199.02452062406	-1.99999999999977	BM	Daubentoniidae	STR	Lemuridae	STR	superfamily
Cebuella_pygmaea	Eulemur_mongoz	2535	12030	121.4130573057	0.0346174114313802	0.999999999901164	0.0833920210876412	0.0833920191342122	0.00288681590437053	1197.02452062406	1199.02452062406	-1.99999999999977	BM	Callitrichidae	PLA	Lemuridae	STR	order
Saguinus_midas	Varecia_variegata	5883	15293	121.4130573081	0.0343075135933952	0.999999999920931	0.0826481768962351	0.082648174960104	0.00283545345256112	1197.02452062406	1199.02452062406	-1.99999999999977	BM	Callitrichidae	PLA	Lemuridae	STR	order
Saguinus_oedipus	Varecia_variegata	5894	15293	121.4130573072	0.034267409167303	0.999999999913518	0.0825519094056876	0.0825519074717956	0.00282884005739147	1197.02452062406	1199.02452062406	-1.99999999999977	BM	Callitrichidae	PLA	Lemuridae	STR	order
Carlito_syrichta	Lemur_catta	1718.67	11080	121.413057307	0.0341300697372219	0.999999999911871	0.0822222278462439	0.0822222259200198	0.00280625037058937	1197.02452062406	1199.02452062406	-1.99999999999977	BM	Tarsiidae	TAR	Lemuridae	STR	order
Lemur_catta	Avahi_laniger	11080	4813	71.983496224	0.0228485853017862	0.592881011435547	0.07151804819585	0.071518046518938	0.00275617905330365	1197.02452062406	1199.02452062406	-1.99999999999977	BM	Lemuridae	STR	Indriidae	STR	superfamily
Eulemur_fulvus	Otolemur_crassicaudatus	12207	4372	99.3606340174	0.0285652889483795	0.818368602294598	0.076089927452536	0.0760899256690603	0.00265593127308237	1197.02452062406	1199.02452062406	-1.99999999999977	BM	Lemuridae	STR	Galagidae	STR	superfamily
Perodicticus_potto	Galago_senegalensis	5972	1854.5	43.154528579	0.0150118158576838	0.355435646975581	0.0607094006317111	0.0607093992071621	0.00256406005100612	1197.02452062406	1199.02452062406	-1.99999999999977	BM	Lorisidae	STR	Galagidae	STR	superfamily
Nycticebus_coucang	Galago_senegalensis	5951.33	1854.5	43.1545285784	0.0149364559951997	0.355435646970639	0.0604052216202408	0.060405220202802	0.00253840587543979	1197.02452062406	1199.02452062406	-1.99999999999977	BM	Lorisidae	STR	Galagidae	STR	superfamily
Eulemur_mongoz	Otolemur_crassicaudatus	12030	4372	99.360634018	0.0279199722739873	0.818368602299539	0.0743760297749534	0.0743760280314129	0.00253745889484392	1197.02452062406	1199.02452062406	-1.99999999999977	BM	Lemuridae	STR	Galagidae	STR	superfamily
Callimico_goeldii	Varecia_variegata	6476	15293	121.4130573103	0.0321455204413354	0.999999999939051	0.0774567924052938	0.0774567905899813	0.0024898889037364	1197.02452062406	1199.02452062406	-1.99999999999977	BM	Callitrichidae	PLA	Lemuridae	STR	order
Lemur_catta	Loris_tardigradus	11080	3524	99.3606340177	0.0275480948684053	0.818368602297068	0.0733882026142531	0.0733882008937372	0.00247040900905105	1197.02452062406	1199.02452062406	-1.99999999999977	BM	Lemuridae	STR	Lorisidae	STR	superfamily
Aotus_trivirgatus	Microcebus_murinus	9453.33	732.86	121.4130573081	0.031793585873092	0.999999999920931	0.076611407756789	0.076611405961166	0.00243575137156653	1197.02452062406	1199.02452062406	-1.99999999999977	BM	Aotidae	PLA	Cheirogaleidae	STR	order
Nycticebus_coucang	Loris_tardigradus	5951.33	3524	22.2897034071	0.00884969787148311	0.183585718863621	0.0498137774772476	0.0498137763076249	0.00240125911339766	1197.02452062406	1199.02452062406	-1.99999999999977	BM	Lorisidae	STR	Lorisidae	STR	family
Alouatta_seniculus	Daubentonia_madagascariensis	31660	23098.5	121.4130573064	0.0312140039989217	0.999999999906929	0.0752190016408482	0.075218999877664	0.00234788621823085	1197.02452062406	1199.02452062406	-1.99999999999977	BM	Atelidae	PLA	Daubentoniidae	STR	order
Cebuella_pygmaea	Lemur_catta	2535	11080	121.4130573067	0.0311538473597834	0.9999999999094	0.0750744661229138	0.0750744643630975	0.00233885845842239	1197.02452062406	1199.02452062406	-1.99999999999977	BM	Callitrichidae	PLA	Lemuridae	STR	order
Cercopithecus_ascanius	Pygathrix_nemaeus	45166	48763	38.5936741525	0.0131141473321406	0.317870869946981	0.0560892240193077	0.056089222702798	0.00231402879935908	1197.02452062406	1199.02452062406	-1.99999999999977	BM	Cercopithecidae	OWM	Cercopithecidae	OWM	family
Callithrix_jacchus	Propithecus_verreauxi	4371	12843.33	121.4130573053	0.0308889029375909	0.99999999989787	0.0744378672351545	0.0744378654901732	0.00229930405614279	1197.02452062406	1199.02452062406	-1.99999999999977	BM	Callitrichidae	PLA	Indriidae	STR	order
Alouatta_palliata	Indri_indri	28560	20114	121.413057304	0.0307929075249539	0.999999999887162	0.0742072011401511	0.0742071994005457	0.00228505548265217	1197.02452062406	1199.02452062406	-1.99999999999977	BM	Atelidae	PLA	Indriidae	STR	order
Aotus_trivirgatus	Cheirogaleus_medius	9453.33	1154	121.4130573081	0.0302581696908685	0.999999999920931	0.0729221731146418	0.0729221714049905	0.00220649148850419	1197.02452062406	1199.02452062406	-1.99999999999977	BM	Aotidae	PLA	Cheirogaleidae	STR	order
Sapajus_apella	Piliocolobus_badius	45000	50906	78.065338349	0.0215324309545794	0.642973170049803	0.0647354590585271	0.0647354575399106	0.00216791596822425	1197.02452062406	1199.02452062406	-1.99999999999977	BM	Cebidae	PLA	Cercopithecidae	OWM	order
Aotus_trivirgatus	Saguinus_midas	9453.33	5883	40.5102348766	0.0130169123281516	0.333656328005952	0.0543431757821233	0.0543431745064671	0.00212008673420578	1197.02452062406	1199.02452062406	-1.99999999999977	BM	Aotidae	PLA	Callitrichidae	PLA	superfamily
Aotus_trivirgatus	Saguinus_oedipus	9453.33	5894	40.5102348757	0.0129768079020595	0.33365632799854	0.0541760052372474	0.0541760039655034	0.00210705313782571	1197.02452062406	1199.02452062406	-1.99999999999977	BM	Aotidae	PLA	Callitrichidae	PLA	superfamily
Aotus_trivirgatus	Carlito_syrichta	9453.33	1718.67	115.7454945491	0.0281994636652806	0.953319989679778	0.0696133124565528	0.0696133108240717	0.00205918064919396	1197.02452062406	1199.02452062406	-1.99999999999977	BM	Aotidae	PLA	Tarsiidae	TAR	order
Propithecus_verreauxi	Nycticebus_coucang	12843.33	5951.33	99.3606340164	0.0251272458752051	0.818368602286361	0.0669549439676808	0.0669549423972399	0.00205578920664383	1197.02452062406	1199.02452062406	-1.99999999999977	BM	Indriidae	STR	Lorisidae	STR	superfamily
Propithecus_verreauxi	Perodicticus_potto	12843.33	5972	99.360634017	0.025051886012721	0.818368602291303	0.0667546073199111	0.0667546057541471	0.00204349092660704	1197.02452062406	1199.02452062406	-1.99999999999977	BM	Indriidae	STR	Lorisidae	STR	superfamily
Cebus_albifrons	Sapajus_apella	46429	45000	12.3841499492	0.00520992953506501	0.102000149100888	0.0393530282187906	0.0393530272943328	0.00201006082656344	1197.02452062406	1199.02452062406	-1.99999999999977	BM	Cebidae	PLA	Cebidae	PLA	family
Lemur_catta	Varecia_variegata	11080	15293	52.643253141	0.0153599951933022	0.433588069553747	0.0562490393402946	0.0562490380200465	0.00199264009912453	1197.02452062406	1199.02452062406	-1.99999999999977	BM	Lemuridae	STR	Lemuridae	STR	family
Callimico_goeldii	Callithrix_jacchus	6476	4371	20.891989517	0.00767452881127491	0.17207366306848	0.0446262921511821	0.0446262911030915	0.00199034389544157	1197.02452062406	1199.02452062406	-1.99999999999977	BM	Callitrichidae	PLA	Callitrichidae	PLA	family
Callithrix_jacchus	Eulemur_fulvus	4371	12207	121.4130573047	0.028568934805297	0.999999999892928	0.068861540308815	0.068861538693875	0.00196730085588551	1197.02452062406	1199.02452062406	-1.99999999999977	BM	Callitrichidae	PLA	Lemuridae	STR	order
Lemur_catta	Otolemur_crassicaudatus	11080	4372	99.360634019	0.0244564082023906	0.818368602307776	0.0651714415078824	0.0651714399790842	0.00194760572700413	1197.02452062406	1199.02452062406	-1.99999999999977	BM	Lemuridae	STR	Galagidae	STR	superfamily
Callithrix_jacchus	Eulemur_mongoz	4371	12030	121.4130573053	0.0279236181309048	0.999999999897869	0.0673098298923553	0.0673098283136304	0.00187953398656225	1197.02452062406	1199.02452062406	-1.99999999999977	BM	Callitrichidae	PLA	Lemuridae	STR	order
Aotus_trivirgatus	Galago_senegalensis	9453.33	1854.5	121.4130573111	0.0277042469201806	0.99999999994564	0.0667822774556944	0.0667822758892847	0.00185015270462514	1197.02452062406	1199.02452062406	-1.99999999999977	BM	Aotidae	PLA	Galagidae	STR	order
Cercopithecus_nictitans	Piliocolobus_badius	47800	50906	38.5936741538	0.0113240315856627	0.317870869957688	0.0484430557679566	0.048443054630438	0.00172576585484344	1197.02452062406	1199.02452062406	-1.99999999999977	BM	Cercopithecidae	OWM	Cercopithecidae	OWM	family
Plecturocebus_moloch	Microcebus_murinus	8016.5	732.86	121.4130573062	0.0265551092783631	0.999999999905282	0.0640183125150373	0.0640183110131722	0.00170001328481424	1197.02452062406	1199.02452062406	-1.99999999999977	BM	Pitheciidae	PLA	Cheirogaleidae	STR	order
Plecturocebus_moloch	Varecia_variegata	8016.5	15293	121.4130573092	0.0265290778599724	0.999999999929991	0.0639556913437686	0.0639556898433661	0.00169668551536598	1197.02452062406	1199.02452062406	-1.99999999999977	BM	Pitheciidae	PLA	Lemuridae	STR	order
Eulemur_fulvus	Nycticebus_coucang	12207	5951.33	99.3606340158	0.0228072777429112	0.818368602281419	0.0607856580660515	0.0607856566397212	0.00169404762405747	1197.02452062406	1199.02452062406	-1.99999999999977	BM	Lemuridae	STR	Lorisidae	STR	superfamily
Eulemur_fulvus	Perodicticus_potto	12207	5972	99.3606340164	0.0227319178804271	0.818368602286361	0.0605851970444629	0.060585195622818	0.00168288191914566	1197.02452062406	1199.02452062406	-1.99999999999977	BM	Lemuridae	STR	Lorisidae	STR	superfamily
Callithrix_jacchus	Plecturocebus_moloch	4371	8016.5	49.0936032065	0.0132909713926379	0.404351923022887	0.0504092975808121	0.0504092963972442	0.00165694409726257	1197.02452062406	1199.02452062406	-1.99999999999977	BM	Callitrichidae	PLA	Pitheciidae	PLA	superfamily
Saimiri_sciureus	Daubentonia_madagascariensis	15946.83	23098.5	121.413057297	0.0260739655409646	0.999999999829508	0.0628608097368545	0.0628608082620304	0.00163903058723532	1197.02452062406	1199.02452062406	-1.99999999999977	BM	Cebidae	PLA	Daubentoniidae	STR	order
Varecia_variegata	Indri_indri	15293	20114	71.983496223	0.0175766761991242	0.59288101142731	0.055046654309246	0.055046653017129	0.00163192478758845	1197.02452062406	1199.02452062406	-1.99999999999977	BM	Lemuridae	STR	Indriidae	STR	superfamily
Eulemur_mongoz	Nycticebus_coucang	12030	5951.33	99.3606340164	0.022161961068519	0.818368602286361	0.059068959860891	0.0590689584746929	0.001599626360466	1197.02452062406	1199.02452062406	-1.99999999999977	BM	Lemuridae	STR	Lorisidae	STR	superfamily
Eulemur_mongoz	Perodicticus_potto	12030	5972	99.360634017	0.0220866012060349	0.818368602291303	0.0588684663745738	0.0588684649930636	0.00158877593395656	1197.02452062406	1199.02452062406	-1.99999999999977	BM	Lemuridae	STR	Lorisidae	STR	superfamily
Saguinus_midas	Propithecus_verreauxi	5883	12843.33	121.4130573061	0.0253763672783758	0.999999999904458	0.0611823401120747	0.0611823386764732	0.00155258553378285	1197.02452062406	1199.02452062406	-1.99999999999977	BM	Callitrichidae	PLA	Indriidae	STR	order
Saguinus_oedipus	Propithecus_verreauxi	5894	12843.33	121.4130573052	0.0253362628522837	0.999999999897046	0.0610858377571959	0.06108583632385	0.00154768684212761	1197.02452062406	1199.02452062406	-1.99999999999977	BM	Callitrichidae	PLA	Indriidae	STR	order
Sapajus_apella	Cercopithecus_mitis	45000	49933	78.0653383488	0.0179850121738808	0.642973170048156	0.0540884052926485	0.0540884040229549	0.00151294124384883	1197.02452062406	1199.02452062406	-1.99999999999977	BM	Cebidae	PLA	Cercopithecidae	OWM	order
Plecturocebus_moloch	Cheirogaleus_medius	8016.5	1154	121.4130573062	0.0250196930961397	0.999999999905282	0.060324051881797	0.0603240504662569	0.00150928926454113	1197.02452062406	1199.02452062406	-1.99999999999977	BM	Pitheciidae	PLA	Cheirogaleidae	STR	order
Aotus_trivirgatus	Callimico_goeldii	9453.33	6476	40.5102348788	0.0108549191760918	0.333656328024072	0.0453279426984066	0.0453279416338726	0.00147466453678116	1197.02452062406	1199.02452062406	-1.99999999999977	BM	Aotidae	PLA	Callitrichidae	PLA	superfamily
Callithrix_jacchus	Lemur_catta	4371	11080	121.4130573063	0.024460054059308	0.999999999906106	0.0589772152936408	0.0589772139095882	0.00144258587448535	1197.02452062406	1199.02452062406	-1.99999999999977	BM	Callitrichidae	PLA	Lemuridae	STR	order
Cheirogaleus_major	Cheirogaleus_medius	2938	1154	21.154435	0.00650420874076696	0.174235254982876	0.0375914081537087	0.037591407270571	0.00140328870592304	1197.02452062406	1199.02452062406	-1.99999999999977	BM	Cheirogaleidae	STR	Cheirogaleidae	STR	family
Pygathrix_nemaeus	Piliocolobus_badius	48763	50906	27.0170263228	0.00781307137413879	0.222521588037314	0.0399555383923136	0.0399555374537256	0.00140289971865085	1197.02452062406	1199.02452062406	-1.99999999999977	BM	Cercopithecidae	OWM	Cercopithecidae	OWM	family
Plecturocebus_moloch	Carlito_syrichta	8016.5	1718.67	115.7454945472	0.0229609870705518	0.953319989664128	0.0567058694007076	0.0567058680697741	0.00136577722931497	1197.02452062406	1199.02452062406	-1.99999999999977	BM	Pitheciidae	PLA	Tarsiidae	TAR	order
Aotus_trivirgatus	Cheirogaleus_major	9453.33	2938	121.4130573081	0.0237539609501016	0.999999999920931	0.0572776797082689	0.0572776783639606	0.00136057176721022	1197.02452062406	1199.02452062406	-1.99999999999977	BM	Aotidae	PLA	Cheirogaleidae	STR	order
Callimico_goeldii	Propithecus_verreauxi	6476	12843.33	121.4130573083	0.023214374126316	0.999999999922578	0.0559787413355131	0.0559787400215893	0.00129951144458348	1197.02452062406	1199.02452062406	-1.99999999999977	BM	Callitrichidae	PLA	Indriidae	STR	order
Saguinus_midas	Eulemur_fulvus	5883	12207	121.4130573055	0.023056399146082	0.999999999899516	0.0555984224722294	0.0555984211672034	0.00128189942054103	1197.02452062406	1199.02452062406	-1.99999999999977	BM	Callitrichidae	PLA	Lemuridae	STR	order
Saguinus_oedipus	Eulemur_fulvus	5894	12207	121.4130573046	0.0230162947199898	0.999999999892104	0.0555018705441635	0.0555018692413964	0.00127744741009302	1197.02452062406	1199.02452062406	-1.99999999999977	BM	Callitrichidae	PLA	Lemuridae	STR	order
Cebus_albifrons	Piliocolobus_badius	46429	50906	78.0653383482	0.0163225014195144	0.642973170043214	0.0490951811376433	0.0490951799848509	0.00124632908672789	1197.02452062406	1199.02452062406	-1.99999999999977	BM	Cebidae	PLA	Cercopithecidae	OWM	order
Avahi_laniger	Microcebus_murinus	4813	732.86	69.529333386	0.0148756066432471	0.572667676130282	0.0474122352230753	0.0474122341097048	0.00123157948432054	1197.02452062406	1199.02452062406	-1.99999999999977	BM	Indriidae	STR	Cheirogaleidae	STR	superfamily
Aotus_trivirgatus	Lepilemur_ruficaudatus	9453.33	3282	121.4130573051	0.0224997861704918	0.999999999896222	0.0542582971088238	0.0542582958351552	0.00122080008305024	1197.02452062406	1199.02452062406	-1.99999999999977	BM	Aotidae	PLA	Lepilemuridae	STR	order
Plecturocebus_moloch	Galago_senegalensis	8016.5	1854.5	121.4130573092	0.0224657703254518	0.999999999929991	0.054176394077738	0.054176392805986	0.00121711442649684	1197.02452062406	1199.02452062406	-1.99999999999977	BM	Pitheciidae	PLA	Galagidae	STR	order
Saguinus_midas	Eulemur_mongoz	5883	12030	121.4130573061	0.0224110824716897	0.999999999904458	0.0540447159810569	0.0540447147123864	0.00121120058712623	1197.02452062406	1199.02452062406	-1.99999999999977	BM	Callitrichidae	PLA	Lemuridae	STR	order
Saguinus_oedipus	Eulemur_mongoz	5894	12030	121.4130573052	0.0223709780455976	0.999999999897046	0.0539481511045793	0.0539481498381686	0.00120687290408538	1197.02452062406	1199.02452062406	-1.99999999999977	BM	Callitrichidae	PLA	Lemuridae	STR	order
Eulemur_mongoz	Varecia_variegata	12030	15293	52.64325314	0.0118964311217055	0.433588069545511	0.0435797596420909	0.0435797586185299	0.00119570542940919	1197.02452062406	1199.02452062406	-1.99999999999977	BM	Lemuridae	STR	Lemuridae	STR	family
Microcebus_murinus	Perodicticus_potto	732.86	5972	99.360634016	0.0191011548105952	0.818368602283067	0.0509228725755549	0.050922871379962	0.0011885667042361	1197.02452062406	1199.02452062406	-1.99999999999977	BM	Cheirogaleidae	STR	Lorisidae	STR	superfamily
Microcebus_murinus	Nycticebus_coucang	732.86	5951.33	99.3606340154	0.0190257949481111	0.818368602278125	0.0507222377564312	0.0507222365655361	0.00117921300032382	1197.02452062406	1199.02452062406	-1.99999999999977	BM	Cheirogaleidae	STR	Lorisidae	STR	superfamily
Ateles_geoffroyi	Macaca_mulatta	59868	55528.67	78.0653383537	0.0158205762976863	0.642973170088514	0.0475872994179207	0.047587298300449	0.00117090189181364	1197.02452062406	1199.02452062406	-1.99999999999977	BM	Atelidae	PLA	Cercopithecidae	OWM	order
Lemur_catta	Nycticebus_coucang	11080	5951.33	99.3606340174	0.0186983969969222	0.818368602294598	0.0498505505233802	0.0498505493528974	0.00113900433324023	1197.02452062406	1199.02452062406	-1.99999999999977	BM	Lemuridae	STR	Lorisidae	STR	superfamily
Lemur_catta	Perodicticus_potto	11080	5972	99.360634018	0.0186230371344381	0.818368602299539	0.0496498986637274	0.0496498974979436	0.00112984772868553	1197.02452062406	1199.02452062406	-1.99999999999977	BM	Lemuridae	STR	Lorisidae	STR	superfamily
Aotus_trivirgatus	Loris_tardigradus	9453.33	3524	121.4130573098	0.021617488796464	0.999999999934933	0.0521337268611856	0.0521337256372441	0.00112700025641292	1197.02452062406	1199.02452062406	-1.99999999999977	BM	Aotidae	PLA	Lorisidae	STR	order
Aotus_trivirgatus	Varecia_variegata	9453.33	15293	121.4130573111	0.0212906012652436	0.99999999994564	0.0513464874315289	0.0513464862260178	0.00109319759033495	1197.02452062406	1199.02452062406	-1.99999999999977	BM	Aotidae	PLA	Lemuridae	STR	order
Eulemur_fulvus	Varecia_variegata	12207	15293	52.6432531394	0.0112511144473132	0.433588069540569	0.0412179590897043	0.0412179581215133	0.00106955889144811	1197.02452062406	1199.02452062406	-1.99999999999977	BM	Lemuridae	STR	Lemuridae	STR	family
Callimico_goeldii	Microcebus_murinus	6476	732.86	121.4130573073	0.0209386666970002	0.999999999914342	0.0504988715020829	0.0504988703164183	0.00105737903904733	1197.02452062406	1199.02452062406	-1.99999999999977	BM	Callitrichidae	PLA	Cheirogaleidae	STR	order
Callimico_goeldii	Eulemur_fulvus	6476	12207	121.4130573077	0.0208944059940221	0.999999999917637	0.0503922678575053	0.0503922666743371	0.00105291650366095	1197.02452062406	1199.02452062406	-1.99999999999977	BM	Callitrichidae	PLA	Lemuridae	STR	order
Loris_tardigradus	Perodicticus_potto	3524	5972	39.9170348617	0.00892505773396722	0.328770527186789	0.0375514817014596	0.0375514808192586	0.00101940141973592	1197.02452062406	1199.02452062406	-1.99999999999977	BM	Lorisidae	STR	Lorisidae	STR	family
Cheirogaleus_medius	Perodicticus_potto	1154	5972	99.360634016	0.0175657386283718	0.818368602283067	0.0468344279330147	0.0468344268331814	0.00100526989621248	1197.02452062406	1199.02452062406	-1.99999999999977	BM	Cheirogaleidae	STR	Lorisidae	STR	superfamily
Cheirogaleus_medius	Nycticebus_coucang	1154	5951.33	99.3606340154	0.0174903787658876	0.818368602278125	0.0466337300953939	0.046633729000263	0.000996667761158089	1197.02452062406	1199.02452062406	-1.99999999999977	BM	Cheirogaleidae	STR	Lorisidae	STR	superfamily
Avahi_laniger	Cheirogaleus_medius	4813	1154	69.529333386	0.0133401904610237	0.572667676130282	0.0425233871835678	0.0425233861847704	0.000990574652143619	1197.02452062406	1199.02452062406	-1.99999999999977	BM	Indriidae	STR	Cheirogaleidae	STR	superfamily
Callimico_goeldii	Eulemur_mongoz	6476	12030	121.4130573083	0.0202490893196299	0.999999999922578	0.0488378957947427	0.0488378946479771	0.000988922914207085	1197.02452062406	1199.02452062406	-1.99999999999977	BM	Callitrichidae	PLA	Lemuridae	STR	order
Alouatta_palliata	Daubentonia_madagascariensis	28560	23098.5	121.413057306	0.0199118475547639	0.999999999903635	0.048025508403259	0.0480255072755223	0.000956276602157876	1197.02452062406	1199.02452062406	-1.99999999999977	BM	Atelidae	PLA	Daubentoniidae	STR	order
Callimico_goeldii	Cheirogaleus_medius	6476	1154	121.4130573073	0.0194032505147768	0.999999999914342	0.0468002462662284	0.0468002451671964	0.00090807690253466	1197.02452062406	1199.02452062406	-1.99999999999977	BM	Callitrichidae	PLA	Cheirogaleidae	STR	order
Sapajus_apella	Pygathrix_nemaeus	45000	48763	78.0653383478	0.0137193595804406	0.64297317003992	0.0412730439009075	0.0412730429314252	0.000880658411020021	1197.02452062406	1199.02452062406	-1.99999999999977	BM	Cebidae	PLA	Cercopithecidae	OWM	order
Saguinus_midas	Lemur_catta	5883	11080	121.4130573071	0.018947518400093	0.999999999912695	0.0457022470641097	0.0457022459908052	0.000865944167248416	1197.02452062406	1199.02452062406	-1.99999999999977	BM	Callitrichidae	PLA	Lemuridae	STR	order
Saguinus_oedipus	Lemur_catta	5894	11080	121.4130573062	0.0189074139740008	0.999999999905282	0.0456056189515454	0.0456056178805054	0.000862284317139079	1197.02452062406	1199.02452062406	-1.99999999999977	BM	Callitrichidae	PLA	Lemuridae	STR	order
Saguinus_oedipus	Microcebus_murinus	5894	732.86	121.4130573042	0.0188167779710325	0.999999999888809	0.0453872369499355	0.045387235884013	0.00085404156050054	1197.02452062406	1199.02452062406	-1.99999999999977	BM	Callitrichidae	PLA	Cheirogaleidae	STR	order
Saguinus_midas	Microcebus_murinus	5883	732.86	121.4130573051	0.0187766735449403	0.999999999896222	0.0452906066569461	0.045290605593288	0.000850406935938031	1197.02452062406	1199.02452062406	-1.99999999999977	BM	Callitrichidae	PLA	Cheirogaleidae	STR	order
Aotus_trivirgatus	Otolemur_crassicaudatus	9453.33	4372	121.4130573111	0.0185258021304492	0.99999999994564	0.0446861252004964	0.0446861241510048	0.000827846313485878	1197.02452062406	1199.02452062406	-1.99999999999977	BM	Aotidae	PLA	Galagidae	STR	order
Plecturocebus_moloch	Cheirogaleus_major	8016.5	2938	121.4130573062	0.0185154843553728	0.999999999905282	0.0446612636907484	0.0446612626418393	0.000826924929235553	1197.02452062406	1199.02452062406	-1.99999999999977	BM	Pitheciidae	PLA	Cheirogaleidae	STR	order
Callimico_goeldii	Carlito_syrichta	6476	1718.67	115.7454945483	0.0173445444891888	0.953319989673189	0.0428506607451825	0.0428506597387134	0.000779617756615744	1197.02452062406	1199.02452062406	-1.99999999999977	BM	Callitrichidae	PLA	Tarsiidae	TAR	order
Cebus_albifrons	Cercopithecus_mitis	46429	49933	78.065338348	0.0127750826388158	0.642973170041567	0.038434579750072	0.0384345788471567	0.000763647622285056	1197.02452062406	1199.02452062406	-1.99999999999977	BM	Cebidae	PLA	Cercopithecidae	OWM	order
Saimiri_sciureus	Lemur_catta	15946.83	11080	121.413057301	0.0177437658216518	0.999999999862453	0.0428016241999643	0.0428016231946447	0.000759461996694973	1197.02452062406	1199.02452062406	-1.99999999999977	BM	Cebidae	PLA	Lemuridae	STR	order
Plecturocebus_moloch	Propithecus_verreauxi	8016.5	12843.33	121.4130573072	0.017597931544953	0.999999999913519	0.0424501753168436	0.0424501743197633	0.000747035279361672	1197.02452062406	1199.02452062406	-1.99999999999977	BM	Pitheciidae	PLA	Indriidae	STR	order
Callithrix_jacchus	Saguinus_oedipus	4371	5894	26.3249190819	0.00555264008530722	0.216821153041356	0.0287724898641887	0.0287724891880271	0.000736843607429376	1197.02452062406	1199.02452062406	-1.99999999999977	BM	Callitrichidae	PLA	Callitrichidae	PLA	family
Callithrix_jacchus	Saguinus_midas	4371	5883	26.3249190828	0.00551253565921505	0.216821153048769	0.0285647671813853	0.028564766510101	0.000726240477326232	1197.02452062406	1199.02452062406	-1.99999999999977	BM	Callitrichidae	PLA	Callitrichidae	PLA	family
Saguinus_oedipus	Cheirogaleus_medius	5894	1154	121.4130573042	0.0172813617888091	0.999999999888809	0.0416872393497398	0.0416872383705465	0.000720412265259634	1197.02452062406	1199.02452062406	-1.99999999999977	BM	Callitrichidae	PLA	Cheirogaleidae	STR	order
Plecturocebus_moloch	Lepilemur_ruficaudatus	8016.5	3282	121.4130573032	0.017261309575763	0.999999999880573	0.0416389120422521	0.0416389110641918	0.000718742151245116	1197.02452062406	1199.02452062406	-1.99999999999977	BM	Pitheciidae	PLA	Lepilemuridae	STR	order
Saguinus_midas	Cheirogaleus_medius	5883	1154	121.4130573051	0.0172412573627169	0.999999999896222	0.0415905845812311	0.041590583604304	0.000717073972705268	1197.02452062406	1199.02452062406	-1.99999999999977	BM	Callitrichidae	PLA	Cheirogaleidae	STR	order
Aotus_trivirgatus	Avahi_laniger	9453.33	4813	121.4130573061	0.0169179792298448	0.999999999904458	0.0408114370726592	0.0408114361140013	0.000690447044801334	1197.02452062406	1199.02452062406	-1.99999999999977	BM	Aotidae	PLA	Indriidae	STR	order
Callimico_goeldii	Galago_senegalensis	6476	1854.5	121.4130573103	0.0168493277440888	0.999999999939051	0.040645971922263	0.0406459709674851	0.000684857302436983	1197.02452062406	1199.02452062406	-1.99999999999977	BM	Callitrichidae	PLA	Galagidae	STR	order
Callimico_goeldii	Lemur_catta	6476	11080	121.4130573093	0.0167855252480331	0.999999999930815	0.0404921923321921	0.0404921913810202	0.000679682716787247	1197.02452062406	1199.02452062406	-1.99999999999977	BM	Callitrichidae	PLA	Lemuridae	STR	order
Plecturocebus_moloch	Loris_tardigradus	8016.5	3524	121.4130573079	0.0163790122017352	0.999999999919284	0.0395123615144308	0.0395123605862372	0.00064717345141647	1197.02452062406	1199.02452062406	-1.99999999999977	BM	Pitheciidae	PLA	Lorisidae	STR	order
Saguinus_oedipus	Carlito_syrichta	5894	1718.67	115.7454945452	0.0152226557632211	0.953319989647656	0.0376125724238945	0.0376125715402614	0.000600599220194458	1197.02452062406	1199.02452062406	-1.99999999999977	BM	Callitrichidae	PLA	Tarsiidae	TAR	order
Cheirogaleus_major	Microcebus_murinus	2938	732.86	49.55786972	0.00803962492299039	0.408175782859356	0.0303619892683356	0.0303619885548558	0.0005980242235914	1197.02452062406	1199.02452062406	-1.99999999999977	BM	Cheirogaleidae	STR	Cheirogaleidae	STR	family
Saguinus_midas	Carlito_syrichta	5883	1718.67	115.7454945461	0.015182551337129	0.953319989655069	0.0375135544063276	0.0375135535250173	0.000597439969572362	1197.02452062406	1199.02452062406	-1.99999999999977	BM	Callitrichidae	PLA	Tarsiidae	TAR	order
Carlito_syrichta	Perodicticus_potto	1718.67	5972	121.413057307	0.0155070326027838	0.999999999911871	0.0374104030090942	0.0374104021302037	0.00058012433919643	1197.02452062406	1199.02452062406	-1.99999999999977	BM	Tarsiidae	TAR	Lorisidae	STR	order
Carlito_syrichta	Nycticebus_coucang	1718.67	5951.33	121.4130573064	0.0154316727402997	0.999999999906929	0.0372287311772146	0.0372287303025859	0.000574501596116837	1197.02452062406	1199.02452062406	-1.99999999999977	BM	Tarsiidae	TAR	Lorisidae	STR	order
Microcebus_murinus	Otolemur_crassicaudatus	732.86	4372	99.360634017	0.0132677837426428	0.818368602291303	0.0353837928216587	0.0353837919903153	0.000573658996493531	1197.02452062406	1199.02452062406	-1.99999999999977	BM	Cheirogaleidae	STR	Galagidae	STR	superfamily
Microcebus_murinus	Lepilemur_ruficaudatus	732.86	3282	61.947397719	0.00929379970260016	0.510220227441461	0.0313924552007483	0.0313924544630782	0.000571822078226167	1197.02452062406	1199.02452062406	-1.99999999999977	BM	Cheirogaleidae	STR	Lepilemuridae	STR	superfamily
Saguinus_midas	Plecturocebus_moloch	5883	8016.5	49.0936032073	0.00777843573342282	0.404351923029476	0.0295145615965257	0.0295145609029413	0.000567765620746137	1197.02452062406	1199.02452062406	-1.99999999999977	BM	Callitrichidae	PLA	Pitheciidae	PLA	superfamily
Plecturocebus_moloch	Eulemur_fulvus	8016.5	12207	121.4130573066	0.0152779634126592	0.999999999908577	0.0368581744244219	0.0368581735584864	0.000563117840365209	1197.02452062406	1199.02452062406	-1.99999999999977	BM	Pitheciidae	PLA	Lemuridae	STR	order
Saguinus_oedipus	Plecturocebus_moloch	5894	8016.5	49.0936032064	0.00773833130733064	0.404351923022063	0.0293624579178882	0.0293624572278748	0.000561927406374113	1197.02452062406	1199.02452062406	-1.99999999999977	BM	Callitrichidae	PLA	Pitheciidae	PLA	superfamily
Saimiri_sciureus	Indri_indri	15946.83	20114	121.413057295	0.0151929055707746	0.999999999813035	0.0366531167051356	0.0366531158440109	0.00055686734107982	1197.02452062406	1199.02452062406	-1.99999999999977	BM	Cebidae	PLA	Indriidae	STR	order
Saguinus_oedipus	Galago_senegalensis	5894	1854.5	121.4130573072	0.0147274390181211	0.999999999913518	0.0355309258519226	0.0355309250171271	0.000523279543786829	1197.02452062406	1199.02452062406	-1.99999999999977	BM	Callitrichidae	PLA	Galagidae	STR	order
Saguinus_midas	Galago_senegalensis	5883	1854.5	121.4130573081	0.014687334592029	0.999999999920931	0.0354342349779878	0.0354342341454609	0.000520434465175433	1197.02452062406	1199.02452062406	-1.99999999999977	BM	Callitrichidae	PLA	Galagidae	STR	order
Plecturocebus_moloch	Eulemur_mongoz	8016.5	12030	121.4130573072	0.0146326467382669	0.999999999913518	0.0353023829471213	0.0353023821176882	0.000516567298728918	1197.02452062406	1199.02452062406	-1.99999999999977	BM	Pitheciidae	PLA	Lemuridae	STR	order
Ateles_geoffroyi	Nasalis_larvatus	59868	62685	78.065338352	0.0102703789365137	0.642973170074512	0.0309032617618768	0.0309032610356903	0.000493625898312319	1197.02452062406	1199.02452062406	-1.99999999999977	BM	Atelidae	PLA	Cercopithecidae	OWM	order
Saimiri_sciureus	Eulemur_mongoz	15946.83	12030	121.4130573	0.0142802017500551	0.999999999854217	0.0344526175587411	0.0344526167492482	0.000491990329628037	1197.02452062406	1199.02452062406	-1.99999999999977	BM	Cebidae	PLA	Lemuridae	STR	order
Sapajus_apella	Cercopithecus_nictitans	45000	47800	78.0653383488	0.0102083993689168	0.642973170048156	0.0307168595459385	0.0307168588241278	0.000487687487147213	1197.02452062406	1199.02452062406	-1.99999999999977	BM	Cebidae	PLA	Cercopithecidae	OWM	order
Cheirogaleus_medius	Otolemur_crassicaudatus	1154	4372	99.360634017	0.0117323675604193	0.818368602291303	0.0312912356879819	0.0312912349526881	0.000448600150938386	1197.02452062406	1199.02452062406	-1.99999999999977	BM	Cheirogaleidae	STR	Galagidae	STR	superfamily
Saimiri_sciureus	Eulemur_fulvus	15946.83	12207	121.4130572994	0.0136348850756628	0.999999999849275	0.0328966207606047	0.0328966199876289	0.000448541643516116	1197.02452062406	1199.02452062406	-1.99999999999977	BM	Cebidae	PLA	Lemuridae	STR	order
Daubentonia_madagascariensis	Indri_indri	23098.5	20114	92.496943878	0.01088105997019	0.761836872585824	0.0300787794383678	0.0300787787315371	0.000429605096151509	1197.02452062406	1199.02452062406	-1.99999999999977	BM	Daubentoniidae	STR	Indriidae	STR	superfamily
Plecturocebus_moloch	Otolemur_crassicaudatus	8016.5	4372	121.4130573092	0.0132873255357204	0.999999999929991	0.0320585279470237	0.032058527193719	0.000425972097057916	1197.02452062406	1199.02452062406	-1.99999999999977	BM	Pitheciidae	PLA	Galagidae	STR	order
Callithrix_jacchus	Microcebus_murinus	4371	732.86	121.4130573043	0.0132641378857253	0.999999999889633	0.0320026127962982	0.032002612044306	0.000424487068880425	1197.02452062406	1199.02452062406	-1.99999999999977	BM	Callitrichidae	PLA	Cheirogaleidae	STR	order
Loris_tardigradus	Galago_senegalensis	3524	1854.5	43.1545285787	0.00608675812371661	0.35543564697311	0.0246353897207001	0.0246353891416946	0.000421875689144764	1197.02452062406	1199.02452062406	-1.99999999999977	BM	Lorisidae	STR	Galagidae	STR	superfamily
Varecia_variegata	Propithecus_verreauxi	15293	12843.33	71.983496228	0.00893114631501939	0.592881011468492	0.0279870582965617	0.0279870576388431	0.000421596421100516	1197.02452062406	1199.02452062406	-1.99999999999977	BM	Lemuridae	STR	Indriidae	STR	superfamily
Callimico_goeldii	Cheirogaleus_major	6476	2938	121.4130573073	0.0128990417740098	0.999999999914342	0.031122192348746	0.0311221916174204	0.00040144645923963	1197.02452062406	1199.02452062406	-1.99999999999977	BM	Callitrichidae	PLA	Cheirogaleidae	STR	order
Cheirogaleus_major	Perodicticus_potto	2938	5972	99.360634016	0.0110615298876048	0.818368602283067	0.0295028941644336	0.0295028934711234	0.000398777695845475	1197.02452062406	1199.02452062406	-1.99999999999977	BM	Cheirogaleidae	STR	Lorisidae	STR	superfamily
Cheirogaleus_medius	Lepilemur_ruficaudatus	1154	3282	61.947397719	0.00775838352037673	0.510220227441461	0.0262082000374303	0.026208199421485	0.000398520592350418	1197.02452062406	1199.02452062406	-1.99999999999977	BM	Cheirogaleidae	STR	Lepilemuridae	STR	superfamily
Cheirogaleus_major	Nycticebus_coucang	2938	5951.33	99.3606340154	0.0109861700251207	0.818368602278125	0.0293019878851271	0.0293019871965338	0.00039336384617384	1197.02452062406	1199.02452062406	-1.99999999999977	BM	Cheirogaleidae	STR	Lorisidae	STR	superfamily
Aotus_trivirgatus	Nycticebus_coucang	9453.33	5951.33	121.4130573095	0.0127677909249809	0.999999999932462	0.0308056747732538	0.0308056740493587	0.000393320414834426	1197.02452062406	1199.02452062406	-1.99999999999977	BM	Aotidae	PLA	Lorisidae	STR	order
Aotus_trivirgatus	Perodicticus_potto	9453.33	5972	121.4130573101	0.0126924310624968	0.999999999937404	0.0306239387358589	0.03062393801623	0.000388692231291344	1197.02452062406	1199.02452062406	-1.99999999999977	BM	Aotidae	PLA	Lorisidae	STR	order
Perodicticus_potto	Otolemur_crassicaudatus	5972	4372	43.154528579	0.00583337106795243	0.355435646975581	0.0236101432956618	0.0236101427407384	0.000387487096421105	1197.02452062406	1199.02452062406	-1.99999999999977	BM	Lorisidae	STR	Galagidae	STR	superfamily
Avahi_laniger	Galago_senegalensis	4813	1854.5	99.360634015	0.0107862676903358	0.81836860227483	0.0287690475464119	0.0287690468703317	0.000379182005723364	1197.02452062406	1199.02452062406	-1.99999999999977	BM	Indriidae	STR	Galagidae	STR	superfamily
Cebuella_pygmaea	Perodicticus_potto	2535	5972	121.4130573067	0.0125308102253453	0.9999999999094	0.0302341724502054	0.0302341717397269	0.000378858677328212	1197.02452062406	1199.02452062406	-1.99999999999977	BM	Callitrichidae	PLA	Lorisidae	STR	order
Papio_cynocephalus	Mandrillus_sphinx	100100	99260	18.5708053179	0.00306251981067503	0.152955585899678	0.0188963766124039	0.0188963761682242	0.000378348573444188	1197.02452062406	1199.02452062406	-1.99999999999977	BM	Cercopithecidae	OWM	Cercopithecidae	OWM	family
Nycticebus_coucang	Otolemur_crassicaudatus	5951.33	4372	43.1545285784	0.00575801120546832	0.355435646970639	0.0233052170806064	0.0233052165328456	0.000377541482515084	1197.02452062406	1199.02452062406	-1.99999999999977	BM	Lorisidae	STR	Galagidae	STR	superfamily
Cebuella_pygmaea	Nycticebus_coucang	2535	5951.33	121.4130573061	0.0124554503628612	0.999999999904458	0.030052431443643	0.0300524307374312	0.000374316568165348	1197.02452062406	1199.02452062406	-1.99999999999977	BM	Callitrichidae	PLA	Lorisidae	STR	order
Aotus_trivirgatus	Propithecus_verreauxi	9453.33	12843.33	121.4130573091	0.0123594549502242	0.999999999929167	0.0298209226189642	0.0298209219181876	0.000368570349709317	1197.02452062406	1199.02452062406	-1.99999999999977	BM	Aotidae	PLA	Indriidae	STR	order
Cebus_albifrons	Pygathrix_nemaeus	46429	48763	78.065338347	0.00850943004537561	0.64297317003333	0.0256066272423659	0.0256066266405491	0.00033889097301778	1197.02452062406	1199.02452062406	-1.99999999999977	BM	Cebidae	PLA	Cercopithecidae	OWM	order
Microcebus_murinus	Loris_tardigradus	732.86	3524	99.3606340157	0.010176097076628	0.818368602280596	0.0271422520651686	0.0271422514272881	0.000337503407540016	1197.02452062406	1199.02452062406	-1.99999999999977	BM	Cheirogaleidae	STR	Lorisidae	STR	superfamily
Callithrix_jacchus	Cheirogaleus_medius	4371	1154	121.4130573043	0.0117287217035019	0.999999999889633	0.0282997434132588	0.0282997427481983	0.000331919814811256	1197.02452062406	1199.02452062406	-1.99999999999977	BM	Callitrichidae	PLA	Cheirogaleidae	STR	order
Plecturocebus_moloch	Avahi_laniger	8016.5	4813	121.4130573042	0.011679502635116	0.99999999988881	0.0281810342754444	0.0281810336131713	0.000329140464116945	1197.02452062406	1199.02452062406	-1.99999999999977	BM	Pitheciidae	PLA	Indriidae	STR	order
Callimico_goeldii	Lepilemur_ruficaudatus	6476	3282	121.4130573043	0.0116448669944	0.999999999889633	0.0280974978410749	0.0280974971807633	0.00032719162527087	1197.02452062406	1199.02452062406	-1.99999999999977	BM	Callitrichidae	PLA	Lepilemuridae	STR	order
Lepilemur_ruficaudatus	Perodicticus_potto	3282	5972	99.360634013	0.00980735510799502	0.818368602258358	0.0261590820776149	0.0261590814628235	0.000313491263626662	1197.02452062406	1199.02452062406	-1.99999999999977	BM	Lepilemuridae	STR	Lorisidae	STR	superfamily
Saimiri_sciureus	Propithecus_verreauxi	15946.83	12843.33	121.4130573	0.011314916943369	0.999999999854217	0.027301688063336	0.0273016874217117	0.00030891633289545	1197.02452062406	1199.02452062406	-1.99999999999977	BM	Cebidae	PLA	Indriidae	STR	order
Lepilemur_ruficaudatus	Nycticebus_coucang	3282	5951.33	99.3606340124	0.00973199524551091	0.818368602253416	0.0259581465097312	0.0259581458996589	0.000308692877169732	1197.02452062406	1199.02452062406	-1.99999999999977	BM	Lepilemuridae	STR	Lorisidae	STR	superfamily
Carlito_syrichta	Avahi_laniger	1718.67	4813	121.413057303	0.0112814844354358	0.999999999878926	0.0272210503378966	0.0272210496981659	0.000307093855740375	1197.02452062406	1199.02452062406	-1.99999999999977	BM	Tarsiidae	TAR	Indriidae	STR	order
Plecturocebus_moloch	Lemur_catta	8016.5	11080	121.4130573082	0.0111690826666702	0.999999999921755	0.0269499402248541	0.02694993959149	0.000301006110256768	1197.02452062406	1199.02452062406	-1.99999999999977	BM	Pitheciidae	PLA	Lemuridae	STR	order
Callimico_goeldii	Plecturocebus_moloch	6476	8016.5	49.0936032095	0.00561644258136295	0.404351923047596	0.0213134038089842	0.0213134033080155	0.000296042882161517	1197.02452062406	1199.02452062406	-1.99999999999977	BM	Callitrichidae	PLA	Pitheciidae	PLA	superfamily
Saguinus_oedipus	Cheirogaleus_major	5894	2938	121.4130573042	0.0107771530480421	0.999999999888809	0.0260045921290387	0.0260045915178757	0.000280255469357723	1197.02452062406	1199.02452062406	-1.99999999999977	BM	Callitrichidae	PLA	Cheirogaleidae	STR	order
Callimico_goeldii	Loris_tardigradus	6476	3524	121.413057309	0.0107625696203722	0.999999999928344	0.0259694156722277	0.0259694150618908	0.000279497644192764	1197.02452062406	1199.02452062406	-1.99999999999977	BM	Callitrichidae	PLA	Lorisidae	STR	order
Saguinus_midas	Cheirogaleus_major	5883	2938	121.4130573051	0.0107370486219499	0.999999999896222	0.0259078567526205	0.0259078561437293	0.000278173917672269	1197.02452062406	1199.02452062406	-1.99999999999977	BM	Callitrichidae	PLA	Cheirogaleidae	STR	order
Avahi_laniger	Cheirogaleus_major	4813	2938	69.529333386	0.00683598172025675	0.572667676130282	0.021798089292367	0.0217980887800115	0.000260205606410454	1197.02452062406	1199.02452062406	-1.99999999999977	BM	Indriidae	STR	Cheirogaleidae	STR	superfamily
Aotus_trivirgatus	Plecturocebus_moloch	9453.33	8016.5	49.0936032103	0.00523847659472881	0.404351923054185	0.0198793974380177	0.0198793969707405	0.000257542383896151	1197.02452062406	1199.02452062406	-1.99999999999977	BM	Aotidae	PLA	Pitheciidae	PLA	superfamily
Cercopithecus_mitis	Pygathrix_nemaeus	49933	48763	38.5936741526	0.00426565259344021	0.317870869947805	0.0182576600469536	0.0182576596177823	0.000245007776089157	1197.02452062406	1199.02452062406	-1.99999999999977	BM	Cercopithecidae	OWM	Cercopithecidae	OWM	family
Cheirogaleus_medius	Loris_tardigradus	1154	3524	99.3606340157	0.00864068089440454	0.818368602280596	0.0230481451510716	0.02304814460935	0.000243352038315423	1197.02452062406	1199.02452062406	-1.99999999999977	BM	Cheirogaleidae	STR	Lorisidae	STR	superfamily
Aotus_trivirgatus	Eulemur_fulvus	9453.33	12207	121.4130573085	0.0100394868179303	0.999999999924226	0.0242252170743697	0.024225216504999	0.000243208747498064	1197.02452062406	1199.02452062406	-1.99999999999977	BM	Aotidae	PLA	Lemuridae	STR	order
Callithrix_jacchus	Carlito_syrichta	4371	1718.67	115.7454945453	0.00967001567791392	0.95331998964848	0.0238982324943059	0.0238982319326158	0.000242412081361666	1197.02452062406	1199.02452062406	-1.99999999999977	BM	Callitrichidae	PLA	Tarsiidae	TAR	order
Ateles_geoffroyi	Hylobates_lar	59868	61802.5	78.0653383557	0.00705291020684623	0.642973170104986	0.0212247998855122	0.0212247993866252	0.000232819369004705	1197.02452062406	1199.02452062406	-1.99999999999977	BM	Atelidae	PLA	Hylobatidae	APE	order
Carlito_syrichta	Otolemur_crassicaudatus	1718.67	4372	121.413057308	0.00967366153483139	0.999999999920108	0.0233427396713555	0.0233427391227139	0.000225809762894415	1197.02452062406	1199.02452062406	-1.99999999999977	BM	Tarsiidae	TAR	Galagidae	STR	order
Saguinus_oedipus	Lepilemur_ruficaudatus	5894	3282	121.4130573012	0.00952297826843234	0.9999999998641	0.0229792392645201	0.0229792387244173	0.000218830796170871	1197.02452062406	1199.02452062406	-1.99999999999977	BM	Callitrichidae	PLA	Lepilemuridae	STR	order
Lemur_catta	Propithecus_verreauxi	11080	12843.33	71.983496227	0.00642884887828285	0.592881011460256	0.0201477331360403	0.0201477326624584	0.000218470028669922	1197.02452062406	1199.02452062406	-1.99999999999977	BM	Lemuridae	STR	Indriidae	STR	superfamily
Saguinus_midas	Lepilemur_ruficaudatus	5883	3282	121.4130573021	0.00948287384234017	0.999999999871513	0.0228824926435034	0.0228824921056733	0.000216991790964501	1197.02452062406	1199.02452062406	-1.99999999999977	BM	Callitrichidae	PLA	Lepilemuridae	STR	order
Aotus_trivirgatus	Eulemur_mongoz	9453.33	12030	121.4130573091	0.00939417014353811	0.999999999929167	0.022668505514033	0.0226685049812296	0.000212951797713641	1197.02452062406	1199.02452062406	-1.99999999999977	BM	Aotidae	PLA	Lemuridae	STR	order
Callithrix_jacchus	Galago_senegalensis	4371	1854.5	121.4130573073	0.00917479893281393	0.999999999914342	0.0221392915721589	0.0221392910517879	0.000203123548706899	1197.02452062406	1199.02452062406	-1.99999999999977	BM	Callitrichidae	PLA	Galagidae	STR	order
Erythrocebus_patas	Semnopithecus_entellus	77141	76110	38.5936741537	0.00375887848191185	0.317870869956865	0.016088901442749	0.0160889010645427	0.00019025406586944	1197.02452062406	1199.02452062406	-1.99999999999977	BM	Cercopithecidae	OWM	Cercopithecidae	OWM	family
Saguinus_oedipus	Loris_tardigradus	5894	3524	121.4130573059	0.00864068089440454	0.999999999902811	0.0208507380360134	0.0208507375459149	0.000180164573799525	1197.02452062406	1199.02452062406	-1.99999999999977	BM	Callitrichidae	PLA	Lorisidae	STR	order
Saguinus_midas	Loris_tardigradus	5883	3524	121.4130573068	0.00860057646831236	0.999999999910224	0.0207539843380627	0.0207539838502373	0.00017849622933769	1197.02452062406	1199.02452062406	-1.99999999999977	BM	Callitrichidae	PLA	Lorisidae	STR	order
Avahi_laniger	Lepilemur_ruficaudatus	4813	3282	69.529333383	0.00558180694064698	0.572667676105573	0.017799604549756	0.0177996041313485	0.000173493214934456	1197.02452062406	1199.02452062406	-1.99999999999977	BM	Indriidae	STR	Lepilemuridae	STR	superfamily
Cercopithecus_mitis	Piliocolobus_badius	49933	50906	38.5936741538	0.00354741878069857	0.317870869957688	0.0151839157293206	0.0151839153723827	0.000169451538072382	1197.02452062406	1199.02452062406	-1.99999999999977	BM	Cercopithecidae	OWM	Cercopithecidae	OWM	family
Cebuella_pygmaea	Avahi_laniger	2535	4813	121.4130573027	0.00830526205799727	0.999999999876455	0.0200415159815512	0.0200415155104652	0.000166450042286887	1197.02452062406	1199.02452062406	-1.99999999999977	BM	Callitrichidae	PLA	Indriidae	STR	order
Cercopithecus_nictitans	Pygathrix_nemaeus	47800	48763	38.5936741526	0.00351096021152387	0.317870869947805	0.0150278817027337	0.015027881349463	0.000165986567848917	1197.02452062406	1199.02452062406	-1.99999999999977	BM	Cercopithecidae	OWM	Cercopithecidae	OWM	family
Eulemur_fulvus	Lemur_catta	12207	11080	47.7997285384	0.00410888074598899	0.393695123032139	0.015802944940071	0.0158029445685849	0.000164930710073544	1197.02452062406	1199.02452062406	-1.99999999999977	BM	Lemuridae	STR	Lemuridae	STR	family
Callimico_goeldii	Otolemur_crassicaudatus	6476	4372	121.4130573103	0.00767088295435744	0.999999999939051	0.0185109750763401	0.018510974641217	0.000141995523190288	1197.02452062406	1199.02452062406	-1.99999999999977	BM	Callitrichidae	PLA	Galagidae	STR	order
Plecturocebus_moloch	Nycticebus_coucang	8016.5	5951.33	121.4130573076	0.00752931433025207	0.999999999916813	0.01816940866176	0.018169408234663	0.000136803189020576	1197.02452062406	1199.02452062406	-1.99999999999977	BM	Pitheciidae	PLA	Lorisidae	STR	order
Plecturocebus_moloch	Perodicticus_potto	8016.5	5972	121.4130573082	0.00745395446776796	0.999999999921755	0.0179875845386528	0.0179875841158283	0.000134078636146736	1197.02452062406	1199.02452062406	-1.99999999999977	BM	Pitheciidae	PLA	Lorisidae	STR	order
Eulemur_mongoz	Lemur_catta	12030	11080	47.799728539	0.00346356407159675	0.39369512303708	0.0133212793417467	0.0133212790285864	0.000117195011611644	1197.02452062406	1199.02452062406	-1.99999999999977	BM	Lemuridae	STR	Lemuridae	STR	family
Cebus_albifrons	Cercopithecus_nictitans	46429	47800	78.065338348	0.00499846983385174	0.642973170041567	0.0150431166421633	0.0150431162885345	0.000116945104782685	1197.02452062406	1199.02452062406	-1.99999999999977	BM	Cebidae	PLA	Cercopithecidae	OWM	order
Callimico_goeldii	Saguinus_midas	6476	5883	26.3249190858	0.00216199315205987	0.216821153073478	0.0112050066399064	0.0112050063764888	0.000111728709495671	1197.02452062406	1199.02452062406	-1.99999999999977	BM	Callitrichidae	PLA	Callitrichidae	PLA	family
Loris_tardigradus	Otolemur_crassicaudatus	3524	4372	43.1545285787	0.00309168666601479	0.35543564697311	0.012514689497181	0.0125146892029788	0.000108856551044462	1197.02452062406	1199.02452062406	-1.99999999999977	BM	Lorisidae	STR	Galagidae	STR	superfamily
Cebuella_pygmaea	Otolemur_crassicaudatus	2535	4372	121.4130573077	0.00669743915739288	0.999999999917637	0.0161622558923744	0.0161622555124446	0.000108245725494308	1197.02452062406	1199.02452062406	-1.99999999999977	BM	Callitrichidae	PLA	Galagidae	STR	order
Callimico_goeldii	Saguinus_oedipus	6476	5894	26.3249190849	0.0021218887259677	0.216821153066065	0.0109971698877873	0.0109971696292549	0.000107622206009287	1197.02452062406	1199.02452062406	-1.99999999999977	BM	Callitrichidae	PLA	Callitrichidae	PLA	family
Carlito_syrichta	Loris_tardigradus	1718.67	3524	121.4130573067	0.0065819748688166	0.9999999999094	0.0158836546787206	0.0158836543053381	0.000104545815929772	1197.02452062406	1199.02452062406	-1.99999999999977	BM	Tarsiidae	TAR	Lorisidae	STR	order
Cebuella_pygmaea	Microcebus_murinus	2535	732.86	121.4130573047	0.00657034458524987	0.999999999892928	0.0158555921183666	0.0158555917456437	0.000104176703831995	1197.02452062406	1199.02452062406	-1.99999999999977	BM	Callitrichidae	PLA	Cheirogaleidae	STR	order
Cebus_albifrons	Cercopithecus_ascanius	46429	45166	78.0653383479	0.00460471728676495	0.642973170040743	0.0138582251536543	0.0138582248278737	9.92470788864628e-05	1197.02452062406	1199.02452062406	-1.99999999999977	BM	Cebidae	PLA	Cercopithecidae	OWM	order
Cheirogaleus_major	Otolemur_crassicaudatus	2938	4372	99.360634017	0.00522815881965236	0.818368602291303	0.0139468162733251	0.0139468159454625	8.90994232932469e-05	1197.02452062406	1199.02452062406	-1.99999999999977	BM	Cheirogaleidae	STR	Galagidae	STR	superfamily
Callimico_goeldii	Avahi_laniger	6476	4813	121.4130573053	0.00606306005375306	0.99999999989787	0.0146315532366441	0.0146315528926883	8.8711985962518e-05	1197.02452062406	1199.02452062406	-1.99999999999977	BM	Callitrichidae	PLA	Indriidae	STR	order
Lepilemur_ruficaudatus	Galago_senegalensis	3282	1854.5	99.360634014	0.00520446074968881	0.818368602266594	0.0138836048823122	0.0138836045559355	8.82935592519753e-05	1197.02452062406	1199.02452062406	-1.99999999999977	BM	Lepilemuridae	STR	Galagidae	STR	superfamily
Aotus_trivirgatus	Lemur_catta	9453.33	11080	121.4130573101	0.00593060607194135	0.999999999937404	0.0143119460934699	0.0143119457570258	8.48785144085428e-05	1197.02452062406	1199.02452062406	-1.99999999999977	BM	Aotidae	PLA	Lemuridae	STR	order
Callithrix_jacchus	Perodicticus_potto	4371	5972	121.4130573063	0.0058370169248699	0.999999999906106	0.0140861171429736	0.0140861168118371	8.2220904176957e-05	1197.02452062406	1199.02452062406	-1.99999999999977	BM	Callitrichidae	PLA	Lorisidae	STR	order
Callithrix_jacchus	Nycticebus_coucang	4371	5951.33	121.4130573057	0.00576165706238579	0.999999999901164	0.013904274311273	0.0139042739844103	8.01116602908133e-05	1197.02452062406	1199.02452062406	-1.99999999999977	BM	Callitrichidae	PLA	Lorisidae	STR	order
Carlito_syrichta	Lepilemur_ruficaudatus	1718.67	3282	121.413057302	0.00569967749478879	0.99999999987069	0.0137547174978389	0.0137547171744913	7.83974537797476e-05	1197.02452062406	1199.02452062406	-1.99999999999977	BM	Tarsiidae	TAR	Lepilemuridae	STR	order
Saguinus_oedipus	Otolemur_crassicaudatus	5894	4372	121.4130573072	0.00554899422838975	0.999999999913518	0.0133911164856072	0.0133911161708055	7.43072280967551e-05	1197.02452062406	1199.02452062406	-1.99999999999977	BM	Callitrichidae	PLA	Galagidae	STR	order
Saguinus_midas	Otolemur_crassicaudatus	5883	4372	121.4130573081	0.00550888980229758	0.999999999920931	0.0132943434241134	0.0132943431115864	7.32370729231311e-05	1197.02452062406	1199.02452062406	-1.99999999999977	BM	Callitrichidae	PLA	Galagidae	STR	order
Avahi_laniger	Loris_tardigradus	4813	3524	99.3606340137	0.00469950956661918	0.818368602264123	0.0125366959321788	0.0125366956374596	7.19924033058825e-05	1197.02452062406	1199.02452062406	-1.99999999999977	BM	Indriidae	STR	Lorisidae	STR	superfamily
Nasalis_larvatus	Hylobates_lar	62685	61802.5	62.1515760357	0.00321746872966751	0.511901910789288	0.0108525169433093	0.0108525166881773	6.82115717236645e-05	1197.02452062406	1199.02452062406	-1.99999999999977	BM	Cercopithecidae	OWM	Hylobatidae	APE	order
Callithrix_jacchus	Cheirogaleus_major	4371	2938	121.4130573043	0.00522451296273489	0.999999999889633	0.0126081289149972	0.0126081286185992	6.58713329595056e-05	1197.02452062406	1199.02452062406	-1.99999999999977	BM	Callitrichidae	PLA	Cheirogaleidae	STR	order
Cebuella_pygmaea	Cheirogaleus_medius	2535	1154	121.4130573047	0.00503492840302644	0.999999999892928	0.0121506473621116	0.0121506470764665	6.11776395252045e-05	1197.02452062406	1199.02452062406	-1.99999999999977	BM	Callitrichidae	PLA	Cheirogaleidae	STR	order
Avahi_laniger	Perodicticus_potto	4813	5972	99.360634014	0.00422554816734804	0.818368602266594	0.0112724166824267	0.0112724164174247	5.82037721414133e-05	1197.02452062406	1199.02452062406	-1.99999999999977	BM	Indriidae	STR	Lorisidae	STR	superfamily
Avahi_laniger	Nycticebus_coucang	4813	5951.33	99.3606340134	0.00415018830486393	0.818368602261652	0.0110713935915557	0.0110713933312789	5.61462989601954e-05	1197.02452062406	1199.02452062406	-1.99999999999977	BM	Indriidae	STR	Lorisidae	STR	superfamily
Microcebus_murinus	Galago_senegalensis	732.86	1854.5	99.360634017	0.00408933895291135	0.818368602291303	0.0109090769004546	0.0109090766439931	5.45120047182049e-05	1197.02452062406	1199.02452062406	-1.99999999999977	BM	Cheirogaleidae	STR	Galagidae	STR	superfamily
Lepilemur_ruficaudatus	Otolemur_crassicaudatus	3282	4372	99.360634014	0.00397398404004259	0.818368602266594	0.0106013644564408	0.0106013642072126	5.14800458325088e-05	1197.02452062406	1199.02452062406	-1.99999999999977	BM	Lepilemuridae	STR	Galagidae	STR	superfamily
Cheirogaleus_major	Galago_senegalensis	2938	1854.5	99.360634017	0.00395028597007904	0.818368602291303	0.0105381489975991	0.0105381487498568	5.08679121110761e-05	1197.02452062406	1199.02452062406	-1.99999999999977	BM	Cheirogaleidae	STR	Galagidae	STR	superfamily
Carlito_syrichta	Cheirogaleus_major	1718.67	2938	121.413057305	0.00444550271517902	0.999999999895399	0.0107282947745947	0.0107282945223829	4.76926635546903e-05	1197.02452062406	1199.02452062406	-1.99999999999977	BM	Tarsiidae	TAR	Cheirogaleidae	STR	order
Eulemur_mongoz	Propithecus_verreauxi	12030	12843.33	71.983496226	0.00296528480668609	0.59288101145202	0.00929385142793002	0.00929385120943713	4.64830478671335e-05	1197.02452062406	1199.02452062406	-1.99999999999977	BM	Lemuridae	STR	Indriidae	STR	superfamily
Callithrix_jacchus	Lepilemur_ruficaudatus	4371	3282	121.4130573013	0.00397033818312512	0.999999999864924	0.00958164257981782	0.00958164235455997	3.80423613968468e-05	1197.02452062406	1199.02452062406	-1.99999999999977	BM	Callitrichidae	PLA	Lepilemuridae	STR	order
Saguinus_oedipus	Avahi_laniger	5894	4813	121.4130573022	0.00394117132778536	0.999999999872337	0.00951125736740223	0.00951125714379898	3.74854948323784e-05	1197.02452062406	1199.02452062406	-1.99999999999977	BM	Callitrichidae	PLA	Indriidae	STR	order
Saguinus_midas	Avahi_laniger	5883	4813	121.4130573031	0.00390106690169319	0.999999999879749	0.0094144775795922	0.00941447735826386	3.67265068868961e-05	1197.02452062406	1199.02452062406	-1.99999999999977	BM	Callitrichidae	PLA	Indriidae	STR	order
Cebuella_pygmaea	Loris_tardigradus	2535	3524	121.4130573064	0.0036057524913781	0.999999999906929	0.00870182224232162	0.00870182203774606	3.13766172327008e-05	1197.02452062406	1199.02452062406	-1.99999999999977	BM	Callitrichidae	PLA	Lorisidae	STR	order
Carlito_syrichta	Microcebus_murinus	1718.67	732.86	121.413057305	0.00359412220781137	0.999999999895398	0.00867375579376687	0.00867375558985094	3.11745383267709e-05	1197.02452062406	1199.02452062406	-1.99999999999977	BM	Tarsiidae	TAR	Cheirogaleidae	STR	order
Eulemur_fulvus	Propithecus_verreauxi	12207	12843.33	71.9834962254	0.00231996813229386	0.592881011447078	0.00727135154770646	0.00727135137675844	2.84531019608989e-05	1197.02452062406	1199.02452062406	-1.99999999999977	BM	Lemuridae	STR	Indriidae	STR	superfamily
Callithrix_jacchus	Loris_tardigradus	4371	3524	121.413057306	0.00308804080909732	0.999999999903635	0.0074524594391461	0.0074524592639406	2.30134988784434e-05	1197.02452062406	1199.02452062406	-1.99999999999977	BM	Callitrichidae	PLA	Lorisidae	STR	order
Cebuella_pygmaea	Carlito_syrichta	2535	1718.67	115.7454945457	0.0029762223774385	0.953319989651774	0.00735635670483201	0.00735635653188561	2.29662166733105e-05	1197.02452062406	1199.02452062406	-1.99999999999977	BM	Callitrichidae	PLA	Tarsiidae	TAR	order
Cheirogaleus_medius	Microcebus_murinus	1154	732.86	49.55786972	0.00153541618222343	0.408175782859356	0.00579991429901646	0.0057999141626602	2.1817272469806e-05	1197.02452062406	1199.02452062406	-1.99999999999977	BM	Cheirogaleidae	STR	Cheirogaleidae	STR	family
Eulemur_mongoz	Eulemur_fulvus	12030	12207	15.6477288174	0.000645316674392237	0.128880115228915	0.00433811134060495	0.00433811123861482	2.17213926173956e-05	1197.02452062406	1199.02452062406	-1.99999999999977	BM	Lemuridae	STR	Lemuridae	STR	family
Cheirogaleus_medius	Galago_senegalensis	1154	1854.5	99.360634017	0.00255392277068792	0.818368602291303	0.0068131963926921	0.0068131962325147	2.12622739432413e-05	1197.02452062406	1199.02452062406	-1.99999999999977	BM	Cheirogaleidae	STR	Galagidae	STR	superfamily
Cebuella_pygmaea	Lepilemur_ruficaudatus	2535	3282	121.4130573017	0.00272345511735029	0.999999999868219	0.00657261533231581	0.00657261517779423	1.79002228635294e-05	1197.02452062406	1199.02452062406	-1.99999999999977	BM	Callitrichidae	PLA	Lepilemuridae	STR	order
Cheirogaleus_major	Loris_tardigradus	2938	3524	99.3606340157	0.00213647215363758	0.818368602280596	0.00569956838209072	0.00569956824809363	1.48795653965166e-05	1197.02452062406	1199.02452062406	-1.99999999999977	BM	Cheirogaleidae	STR	Lorisidae	STR	superfamily
Cebuella_pygmaea	Galago_senegalensis	2535	1854.5	121.4130573077	0.00248100563233852	0.999999999917637	0.005987514510041	0.00598751436927453	1.48550572243438e-05	1197.02452062406	1199.02452062406	-1.99999999999977	BM	Callitrichidae	PLA	Galagidae	STR	order
Saimiri_sciureus	Varecia_variegata	15946.83	15293	121.413057302	0.00238377062834959	0.999999999870689	0.00575285736344733	0.00575285722819739	1.37134924138437e-05	1197.02452062406	1199.02452062406	-1.99999999999977	BM	Cebidae	PLA	Lemuridae	STR	order
Cheirogaleus_major	Lepilemur_ruficaudatus	2938	3282	61.947397719	0.00125417477960977	0.510220227441461	0.00423740613011006	0.00423740603048747	1.04159882605941e-05	1197.02452062406	1199.02452062406	-1.99999999999977	BM	Cheirogaleidae	STR	Lepilemuridae	STR	superfamily
Carlito_syrichta	Cheirogaleus_medius	1718.67	1154	121.413057305	0.00205870602558794	0.999999999895399	0.00496837575567326	0.00496837563886596	1.02284251066595e-05	1197.02452062406	1199.02452062406	-1.99999999999977	BM	Tarsiidae	TAR	Cheirogaleidae	STR	order
Callimico_goeldii	Nycticebus_coucang	6476	5951.33	121.4130573087	0.00191287174888913	0.999999999925873	0.00461643085315564	0.00461643074462255	8.83064016035614e-06	1197.02452062406	1199.02452062406	-1.99999999999977	BM	Callitrichidae	PLA	Lorisidae	STR	order
Avahi_laniger	Otolemur_crassicaudatus	4813	4372	99.360634015	0.00160782290060439	0.81836860227483	0.00428928144464809	0.00428928134380606	8.42701554613978e-06	1197.02452062406	1199.02452062406	-1.99999999999977	BM	Indriidae	STR	Galagidae	STR	superfamily
Callimico_goeldii	Perodicticus_potto	6476	5972	121.4130573093	0.00183751188640502	0.999999999930815	0.00443456296847851	0.00443456286422101	8.14856216615453e-06	1197.02452062406	1199.02452062406	-1.99999999999977	BM	Callitrichidae	PLA	Lorisidae	STR	order
Callithrix_jacchus	Avahi_laniger	4371	4813	121.4130573023	0.00161146875752186	0.99999999987316	0.00388904595672665	0.00388904586529416	6.26707605662661e-06	1197.02452062406	1199.02452062406	-1.99999999999977	BM	Callitrichidae	PLA	Indriidae	STR	order
Cebuella_pygmaea	Cheirogaleus_major	2535	2938	121.4130573047	0.00146928033774052	0.999999999892928	0.00354589721128827	0.00354589712792318	5.20991705275263e-06	1197.02452062406	1199.02452062406	-1.99999999999977	BM	Callitrichidae	PLA	Cheirogaleidae	STR	order
Lepilemur_ruficaudatus	Loris_tardigradus	3282	3524	99.3606340127	0.000882297374027805	0.818368602255887	0.00235376327378391	0.00235376321844607	2.53763298080843e-06	1197.02452062406	1199.02452062406	-1.99999999999977	BM	Lepilemuridae	STR	Lorisidae	STR	superfamily
Sapajus_apella	Cercopithecus_ascanius	45000	45166	78.0653383487	0.000605212248300064	0.642973170047332	0.00182151944078008	0.00182151939795543	1.71454413252676e-06	1197.02452062406	1199.02452062406	-1.99999999999977	BM	Cebidae	PLA	Cercopithecidae	OWM	order
Carlito_syrichta	Galago_senegalensis	1718.67	1854.5	121.413057308	0.000495216745099986	0.999999999920108	0.00119513802362758	0.00119513799552937	5.91852362053365e-07	1197.02452062406	1199.02452062406	-1.99999999999977	BM	Tarsiidae	TAR	Galagidae	STR	order
Saguinus_oedipus	Saguinus_midas	5894	5883	6.5019007411	4.0104426092173e-05	0.0535519068932311	0.000418242075246651	0.000418242065413634	3.13216827718351e-07	1197.02452062406	1199.02452062406	-1.99999999999977	BM	Callitrichidae	PLA	Callitrichidae	PLA	family
Saguinus_midas	Perodicticus_potto	5883	5972	121.4130573071	0.000324481265654854	0.999999999912695	0.000783091414281946	0.000783091395871114	2.5409849325184e-07	1197.02452062406	1199.02452062406	-1.99999999999977	BM	Callitrichidae	PLA	Lorisidae	STR	order
Saguinus_oedipus	Perodicticus_potto	5894	5972	121.4130573062	0.000284376839562681	0.999999999905282	0.000686304860544069	0.000686304844408733	1.95169207236515e-07	1197.02452062406	1199.02452062406	-1.99999999999977	BM	Callitrichidae	PLA	Lorisidae	STR	order
Saguinus_midas	Nycticebus_coucang	5883	5951.33	121.4130573065	0.000249121403170743	0.999999999907753	0.0006012206726392	0.000601220658504239	1.49776937596952e-07	1197.02452062406	1199.02452062406	-1.99999999999977	BM	Callitrichidae	PLA	Lorisidae	STR	order
Saguinus_oedipus	Nycticebus_coucang	5894	5951.33	121.4130573056	0.00020901697707857	0.99999999990034	0.000504434101100276	0.000504434089240752	1.05435290957833e-07	1197.02452062406	1199.02452062406	-1.99999999999977	BM	Callitrichidae	PLA	Lorisidae	STR	order
Nycticebus_coucang	Perodicticus_potto	5951.33	5972	39.9170348614	7.53598624841107e-05	0.328770527184318	0.000317187856220722	0.0003171878487635	7.27049149786553e-08	1197.02452062406	1199.02452062406	-1.99999999999977	BM	Lorisidae	STR	Lorisidae	STR	family
Callithrix_jacchus	Otolemur_crassicaudatus	4371	4372	121.4130573073	3.64585691747027e-06	0.999999999914342	8.7987813481613e-06	8.79878114121755e-06	3.20790978462501e-11	1197.02452062406	1199.02452062406	-1.99999999999977	BM	Callitrichidae	PLA	Galagidae	STR	order
