Species1	Species2	TraitValue1	TraitValue2	PatristicDistance	NormalizedTraitDifference	NormalizedPatristicDistance	Sbm	Sou	FinalScore	AIC_BM	AIC_OU	delta_AIC	SelectedModel	family_1	superfamily_1	family_2	superfamily_2	taxonomic_level
Gorilla_beringei	Gorilla_gorilla	1.67	2.383	2.069936054	0.426946107784431	0.0170487104082223	0.999998562095112	0.999923838236152	25.0408142665091	55.9417082901988	40.7532714892304	15.1884368009684	OU	Hominidae	APE	Hominidae	APE	family
Mandrillus_sphinx	Mandrillus_leucophaeus	2.45	1.4	5.449018498	0.62874251497006	0.0448800039991228	0.999987833747025	0.999840034928581	14.0071720613268	55.9417082901988	40.7532714892304	15.1884368009684	OU	Cercopithecidae	OWM	Cercopithecidae	OWM	family
Nasalis_larvatus	Presbytis_comata	2.077	0.996	17.957258552	0.647305389221557	0.147902202189779	0.986895585767505	0.988819696603798	4.32764562733669	55.9417082901988	40.7532714892304	15.1884368009684	OU	Cercopithecidae	OWM	Cercopithecidae	OWM	family
Trachypithecus_francoisi	Nasalis_larvatus	1.048	2.077	17.7111143212	0.616167664670659	0.145874873035598	0.982589941074827	0.984655496713257	4.15913217464722	55.9417082901988	40.7532714892304	15.1884368009684	OU	Cercopithecidae	OWM	Cercopithecidae	OWM	family
Cercopithecus_mitis	Cercopithecus_ascanius	1.866	1.267	9.5808815419	0.358682634730539	0.0789114593891388	0.940170679716622	0.915001281523348	4.15902928394942	55.9417082901988	40.7532714892304	15.1884368009684	OU	Cercopithecidae	OWM	Cercopithecidae	OWM	family
Colobus_polykomos	Colobus_guereza	1.193	1.467	3.839420472	0.164071856287425	0.0316227970598594	0.82615593287209	0.748285394064804	3.88240715723474	55.9417082901988	40.7532714892304	15.1884368009684	OU	Cercopithecidae	OWM	Cercopithecidae	OWM	family
Macaca_mulatta	Mandrillus_sphinx	1.25	2.45	22.4016461427	0.718562874251497	0.184507718012028	0.986327143174492	0.992256699611258	3.86433062936419	55.9417082901988	40.7532714892304	15.1884368009684	OU	Cercopithecidae	OWM	Cercopithecidae	OWM	family
Pan_troglodytes	Gorilla_gorilla	1.303	2.383	20.238906202	0.646706586826347	0.166694642643812	0.980442606149094	0.985962796957653	3.82512974049627	55.9417082901988	40.7532714892304	15.1884368009684	OU	Hominidae	APE	Hominidae	APE	family
Trachypithecus_cristatus	Nasalis_larvatus	1.148	2.077	17.7111143211	0.556287425149701	0.145874873034775	0.968193979943577	0.971371298266803	3.70428180765817	55.9417082901988	40.7532714892304	15.1884368009684	OU	Cercopithecidae	OWM	Cercopithecidae	OWM	family
Pan_paniscus	Gorilla_gorilla	1.355	2.383	20.238906202	0.615568862275449	0.166694642643812	0.973738282386881	0.98061499118577	3.62120848565185	55.9417082901988	40.7532714892304	15.1884368009684	OU	Hominidae	APE	Hominidae	APE	family
Nasalis_larvatus	Pygathrix_nemaeus	2.077	1.303	14.9942228138	0.463473053892216	0.123497613394793	0.948098952045908	0.944340814502483	3.54400793004297	55.9417082901988	40.7532714892304	15.1884368009684	OU	Cercopithecidae	OWM	Cercopithecidae	OWM	family
Macaca_fuscata	Mandrillus_sphinx	1.37	2.45	22.4016461426	0.646706586826347	0.184507718011204	0.973524883287718	0.983459081594719	3.44706157984607	55.9417082901988	40.7532714892304	15.1884368009684	OU	Cercopithecidae	OWM	Cercopithecidae	OWM	family
Trachypithecus_pileatus	Nasalis_larvatus	1.217	2.077	17.7111143211	0.514970059880239	0.145874873034775	0.953120460210477	0.957236228514064	3.37925228424987	55.9417082901988	40.7532714892304	15.1884368009684	OU	Cercopithecidae	OWM	Cercopithecidae	OWM	family
Macaca_mulatta	Macaca_nigra	1.25	1.808	10.9824679327	0.334131736526946	0.0904554104414812	0.898481698990679	0.873452921989503	3.22643322466261	55.9417082901988	40.7532714892304	15.1884368009684	OU	Cercopithecidae	OWM	Cercopithecidae	OWM	family
Papio_cynocephalus	Papio_ursinus	1.772	2.014	3.7904618637	0.144910179640718	0.031219557001654	0.773283582938946	0.691374984227346	3.20911898776064	55.9417082901988	40.7532714892304	15.1884368009684	OU	Cercopithecidae	OWM	Cercopithecidae	OWM	family
Trachypithecus_obscurus	Nasalis_larvatus	1.262	2.077	17.7111143203	0.488023952095808	0.145874873028186	0.940353238955966	0.94514181533717	3.16196912077333	55.9417082901988	40.7532714892304	15.1884368009684	OU	Cercopithecidae	OWM	Cercopithecidae	OWM	family
Macaca_silenus	Mandrillus_sphinx	1.459	2.45	22.401646143	0.593413173652695	0.184507718014499	0.958279213643823	0.972139556131884	3.12659234770987	55.9417082901988	40.7532714892304	15.1884368009684	OU	Cercopithecidae	OWM	Cercopithecidae	OWM	family
Cercopithecus_nictitans	Cercopithecus_mitis	1.566	1.866	5.193516448	0.179640718562874	0.0427756006042741	0.799545495627975	0.728972914723925	3.06139987198202	55.9417082901988	40.7532714892304	15.1884368009684	OU	Cercopithecidae	OWM	Cercopithecidae	OWM	family
Theropithecus_gelada	Mandrillus_sphinx	1.624	2.45	18.570805318	0.494610778443114	0.152955585899494	0.937693774146741	0.945270695757721	3.05671134479135	55.9417082901988	40.7532714892304	15.1884368009684	OU	Cercopithecidae	OWM	Cercopithecidae	OWM	family
Mandrillus_sphinx	Cercocebus_torquatus	2.45	1.722	16.146299604	0.435928143712575	0.13298651694145	0.92192788073048	0.921707934867751	3.02134711347428	55.9417082901988	40.7532714892304	15.1884368009684	OU	Cercopithecidae	OWM	Cercopithecidae	OWM	family
Macaca_fascicularis	Mandrillus_sphinx	1.493	2.45	22.4016461426	0.573053892215569	0.184507718011204	0.950751243910731	0.96631249620678	3.00122478895008	55.9417082901988	40.7532714892304	15.1884368009684	OU	Cercopithecidae	OWM	Cercopithecidae	OWM	family
Semnopithecus_entellus	Nasalis_larvatus	1.314	2.077	17.7111143207	0.45688622754491	0.14587487303148	0.922137979260395	0.927742899985511	2.90572971819816	55.9417082901988	40.7532714892304	15.1884368009684	OU	Cercopithecidae	OWM	Cercopithecidae	OWM	family
Mandrillus_sphinx	Cercopithecus_ascanius	2.45	1.267	29.8369393137	0.708383233532934	0.245747368303472	0.964819295909141	0.986744333719645	2.84435657079933	55.9417082901988	40.7532714892304	15.1884368009684	OU	Cercopithecidae	OWM	Cercopithecidae	OWM	family
Cercopithecus_mitis	Cercopithecus_mona	1.866	1.289	12.9463432658	0.345508982035928	0.106630568010804	0.881142115337006	0.86490366493069	2.80249829297606	55.9417082901988	40.7532714892304	15.1884368009684	OU	Cercopithecidae	OWM	Cercopithecidae	OWM	family
Mandrillus_sphinx	Cercopithecus_mona	2.45	1.289	29.8369393136	0.695209580838323	0.245747368302649	0.961275496119791	0.984932999204402	2.78633648148551	55.9417082901988	40.7532714892304	15.1884368009684	OU	Cercopithecidae	OWM	Cercopithecidae	OWM	family
Nasalis_larvatus	Piliocolobus_badius	2.077	1.018	27.017026323	0.634131736526946	0.222521588037495	0.952459670218677	0.976061338227463	2.7815344876233	55.9417082901988	40.7532714892304	15.1884368009684	OU	Cercopithecidae	OWM	Cercopithecidae	OWM	family
Mandrillus_sphinx	Presbytis_comata	2.45	0.996	38.593674153	0.870658682634731	0.317870869949005	0.977166847399659	0.99661908596264	2.72977218897745	55.9417082901988	40.7532714892304	15.1884368009684	OU	Cercopithecidae	OWM	Cercopithecidae	OWM	family
Mandrillus_sphinx	Piliocolobus_badius	2.45	1.018	38.593674154	0.85748502994012	0.317870869957241	0.975024030538647	0.996103904105038	2.68707914679277	55.9417082901988	40.7532714892304	15.1884368009684	OU	Cercopithecidae	OWM	Cercopithecidae	OWM	family
Mandrillus_sphinx	Cercopithecus_diana	2.45	1.333	29.8369393147	0.668862275449102	0.245747368311709	0.953272589912195	0.980646060950425	2.66907092533145	55.9417082901988	40.7532714892304	15.1884368009684	OU	Cercopithecidae	OWM	Cercopithecidae	OWM	family
Mandrillus_sphinx	Trachypithecus_francoisi	2.45	1.048	38.5936741542	0.839520958083832	0.317870869958889	0.971822745545888	0.995286433434295	2.62862658749657	55.9417082901988	40.7532714892304	15.1884368009684	OU	Cercopithecidae	OWM	Cercopithecidae	OWM	family
Semnopithecus_vetulus	Nasalis_larvatus	1.385	2.077	17.711114321	0.41437125748503	0.145874873033951	0.890213426866575	0.896947360248437	2.54786309550049	55.9417082901988	40.7532714892304	15.1884368009684	OU	Cercopithecidae	OWM	Cercopithecidae	OWM	family
Macaca_mulatta	Macaca_nemestrina	1.25	1.723	10.9824679332	0.283233532934132	0.0904554104455994	0.834890801525142	0.804721933295816	2.51974132972438	55.9417082901988	40.7532714892304	15.1884368009684	OU	Cercopithecidae	OWM	Cercopithecidae	OWM	family
Mandrillus_sphinx	Trachypithecus_cristatus	2.45	1.148	38.5936741541	0.779640718562874	0.317870869958065	0.958476180012183	0.991320221269077	2.43140747605495	55.9417082901988	40.7532714892304	15.1884368009684	OU	Cercopithecidae	OWM	Cercopithecidae	OWM	family
Cercopithecus_neglectus	Cercopithecus_mona	1.78	1.289	11.975021079	0.294011976047904	0.0986304219947794	0.832385152211848	0.808102532656002	2.40891012803416	55.9417082901988	40.7532714892304	15.1884368009684	OU	Cercopithecidae	OWM	Cercopithecidae	OWM	family
Macaca_silenus	Macaca_nigra	1.459	1.808	7.658282337	0.208982035928144	0.0630762663105518	0.779988468186223	0.725407221598123	2.40339333498555	55.9417082901988	40.7532714892304	15.1884368009684	OU	Cercopithecidae	OWM	Cercopithecidae	OWM	family
Macaca_nemestrina	Macaca_silenus	1.723	1.459	5.3135039895	0.158083832335329	0.0437638595621656	0.73464944070405	0.662588980888476	2.39340420177574	55.9417082901988	40.7532714892304	15.1884368009684	OU	Cercopithecidae	OWM	Cercopithecidae	OWM	family
Macaca_tonkeana	Mandrillus_sphinx	1.656	2.45	22.401646142	0.475449101796407	0.184507718006263	0.897215432892623	0.92194079950176	2.37570509119675	55.9417082901988	40.7532714892304	15.1884368009684	OU	Cercopithecidae	OWM	Cercopithecidae	OWM	family
Cercopithecus_mitis	Cercopithecus_diana	1.866	1.333	13.5928258671	0.319161676646707	0.111955222669686	0.840270033501477	0.825784941908156	2.35414570507905	55.9417082901988	40.7532714892304	15.1884368009684	OU	Cercopithecidae	OWM	Cercopithecidae	OWM	family
Cercopithecus_ascanius	Cercopithecus_neglectus	1.267	1.78	12.9463432667	0.307185628742515	0.106630568018217	0.834435766028686	0.816005981558639	2.3507828492475	55.9417082901988	40.7532714892304	15.1884368009684	OU	Cercopithecidae	OWM	Cercopithecidae	OWM	family
Papio_cynocephalus	Mandrillus_sphinx	1.772	2.45	18.5708053179	0.405988023952096	0.15295558589867	0.874009261487031	0.885162384214218	2.34947501349789	55.9417082901988	40.7532714892304	15.1884368009684	OU	Cercopithecidae	OWM	Cercopithecidae	OWM	family
Mandrillus_sphinx	Colobus_polykomos	2.45	1.193	38.593674154	0.752694610778443	0.317870869957241	0.950910599222662	0.988713792295325	2.34120082523798	55.9417082901988	40.7532714892304	15.1884368009684	OU	Cercopithecidae	OWM	Cercopithecidae	OWM	family
Mandrillus_sphinx	Cercopithecus_pogonias	2.45	1.469	29.8369393136	0.587425149700599	0.245747368302649	0.919296972061784	0.960014808345829	2.29478283491861	55.9417082901988	40.7532714892304	15.1884368009684	OU	Cercopithecidae	OWM	Cercopithecidae	OWM	family
Mandrillus_sphinx	Trachypithecus_pileatus	2.45	1.217	38.5936741541	0.738323353293413	0.317870869958065	0.946423230625817	0.987056996285773	2.29265182898193	55.9417082901988	40.7532714892304	15.1884368009684	OU	Cercopithecidae	OWM	Cercopithecidae	OWM	family
Macaca_mulatta	Papio_ursinus	1.25	2.014	22.4016461423	0.45748502994012	0.184507718008734	0.883551793413378	0.910016205145817	2.25637602237009	55.9417082901988	40.7532714892304	15.1884368009684	OU	Cercopithecidae	OWM	Cercopithecidae	OWM	family
Gorilla_gorilla	Hylobates_klossii	2.383	0.958	45.7765141043	0.853293413173653	0.377031228068127	0.959472551557902	0.995215999114857	2.25236318243723	55.9417082901988	40.7532714892304	15.1884368009684	OU	Hominidae	APE	Hylobatidae	APE	superfamily
Nasalis_larvatus	Colobus_polykomos	2.077	1.193	27.017026323	0.529341317365269	0.222521588037495	0.901876277835179	0.940564582269039	2.23744446296831	55.9417082901988	40.7532714892304	15.1884368009684	OU	Cercopithecidae	OWM	Cercopithecidae	OWM	family
Mandrillus_sphinx	Cercopithecus_cephus	2.45	1.49	29.8369393137	0.574850299401198	0.245747368303472	0.912592012250147	0.955561882299651	2.23524279396552	55.9417082901988	40.7532714892304	15.1884368009684	OU	Cercopithecidae	OWM	Cercopithecidae	OWM	family
Macaca_fuscata	Macaca_nigra	1.37	1.808	10.9824679326	0.262275449101796	0.0904554104406576	0.801339968992041	0.769584278204422	2.23140950004493	55.9417082901988	40.7532714892304	15.1884368009684	OU	Cercopithecidae	OWM	Cercopithecidae	OWM	family
Mandrillus_sphinx	Trachypithecus_obscurus	2.45	1.262	38.5936741533	0.711377245508982	0.317870869951476	0.937085594458959	0.983362769750911	2.20071093204695	55.9417082901988	40.7532714892304	15.1884368009684	OU	Cercopithecidae	OWM	Cercopithecidae	OWM	family
Mandrillus_sphinx	Colobus_angolensis	2.45	1.279	38.593674154	0.701197604790419	0.317870869957241	0.933224590371623	0.981742868032726	2.1656459041913	55.9417082901988	40.7532714892304	15.1884368009684	OU	Cercopithecidae	OWM	Cercopithecidae	OWM	family
Mandrillus_sphinx	Cercopithecus_petaurista	2.45	1.517	29.8369393137	0.558682634730539	0.245747368303472	0.903318648718267	0.949228391063833	2.15797801678058	55.9417082901988	40.7532714892304	15.1884368009684	OU	Cercopithecidae	OWM	Cercopithecidae	OWM	family
Gorilla_gorilla	Nomascus_concolor	2.383	1.022	45.776514104	0.814970059880239	0.377031228065657	0.949574536584438	0.992951019234789	2.14630855845978	55.9417082901988	40.7532714892304	15.1884368009684	OU	Hominidae	APE	Hylobatidae	APE	superfamily
Mandrillus_sphinx	Pygathrix_nemaeus	2.45	1.303	38.5936741528	0.686826347305389	0.317870869947358	0.927443601023732	0.979221502228252	2.11581239793916	55.9417082901988	40.7532714892304	15.1884368009684	OU	Cercopithecidae	OWM	Cercopithecidae	OWM	family
Macaca_nemestrina	Mandrillus_sphinx	1.723	2.45	22.4016461425	0.435329341317365	0.184507718010381	0.864780102941944	0.893336309427162	2.1077465558158	55.9417082901988	40.7532714892304	15.1884368009684	OU	Cercopithecidae	OWM	Cercopithecidae	OWM	family
Nasalis_larvatus	Rhinopithecus_roxellana	2.077	1.543	14.9942228144	0.319760479041916	0.123497613399735	0.820137099801718	0.813265440422471	2.10570989721071	55.9417082901988	40.7532714892304	15.1884368009684	OU	Cercopithecidae	OWM	Cercopithecidae	OWM	family
Mandrillus_sphinx	Semnopithecus_entellus	2.45	1.314	38.5936741537	0.680239520958084	0.31787086995477	0.924660292046648	0.977967825594481	2.09283840727358	55.9417082901988	40.7532714892304	15.1884368009684	OU	Cercopithecidae	OWM	Cercopithecidae	OWM	family
Gorilla_gorilla	Hylobates_muelleri	2.383	1.067	45.7765141044	0.788023952095808	0.377031228068951	0.941462752384074	0.990824095609499	2.07089774407536	55.9417082901988	40.7532714892304	15.1884368009684	OU	Hominidae	APE	Hylobatidae	APE	superfamily
Cercopithecus_mitis	Cercopithecus_cephus	1.866	1.49	9.5808815419	0.225149700598802	0.0789114593891388	0.762550800489178	0.720377144448982	2.05537572928517	55.9417082901988	40.7532714892304	15.1884368009684	OU	Cercopithecidae	OWM	Cercopithecidae	OWM	family
Papio_ursinus	Mandrillus_leucophaeus	2.014	1.4	18.5708053176	0.367664670658683	0.152955585896199	0.834152404446381	0.846700372240931	2.03524318306234	55.9417082901988	40.7532714892304	15.1884368009684	OU	Cercopithecidae	OWM	Cercopithecidae	OWM	family
Mandrillus_sphinx	Cercopithecus_nictitans	2.45	1.566	29.8369393138	0.529341317365269	0.245747368304296	0.884493540958569	0.935803787408199	2.01572701689601	55.9417082901988	40.7532714892304	15.1884368009684	OU	Cercopithecidae	OWM	Cercopithecidae	OWM	family
Gorilla_gorilla	Hylobates_lar	2.383	1.105	45.7765141047	0.765269461077844	0.377031228071422	0.933794631831244	0.988600154423427	2.00658579732758	55.9417082901988	40.7532714892304	15.1884368009684	OU	Hominidae	APE	Hylobatidae	APE	superfamily
Papio_hamadryas	Mandrillus_sphinx	1.842	2.45	18.5708053179	0.364071856287425	0.15295558589867	0.829976893070806	0.84264363925569	2.00569879243147	55.9417082901988	40.7532714892304	15.1884368009684	OU	Cercopithecidae	OWM	Cercopithecidae	OWM	family
Mandrillus_sphinx	Chlorocebus_pygerythrus	2.45	1.571	29.8369393139	0.526347305389222	0.24574736830512	0.882420731879181	0.934282589724806	2.00106771016628	55.9417082901988	40.7532714892304	15.1884368009684	OU	Cercopithecidae	OWM	Cercopithecidae	OWM	family
Macaca_mulatta	Macaca_tonkeana	1.25	1.656	10.9824679327	0.24311377245509	0.0904554104414812	0.766530724021183	0.733719678789624	1.97199214689851	55.9417082901988	40.7532714892304	15.1884368009684	OU	Cercopithecidae	OWM	Cercopithecidae	OWM	family
Nasalis_larvatus	Colobus_angolensis	2.077	1.279	27.017026323	0.477844311377245	0.222521588037495	0.864590908193331	0.911165934398724	1.95664367809472	55.9417082901988	40.7532714892304	15.1884368009684	OU	Cercopithecidae	OWM	Cercopithecidae	OWM	family
Mandrillus_sphinx	Semnopithecus_vetulus	2.45	1.385	38.593674154	0.637724550898204	0.317870869957241	0.904533563988614	0.968182782787374	1.94240488417044	55.9417082901988	40.7532714892304	15.1884368009684	OU	Cercopithecidae	OWM	Cercopithecidae	OWM	family
Pongo_pygmaeus	Hylobates_klossii	2.193	0.958	45.7765141083	0.739520958083832	0.377031228101073	0.924138652792063	0.985517408568186	1.93302496947883	55.9417082901988	40.7532714892304	15.1884368009684	OU	Hominidae	APE	Hylobatidae	APE	superfamily
Pongo_abelii	Hylobates_klossii	2.188	0.958	45.7765141083	0.736526946107784	0.377031228101073	0.922944815399272	0.985115051303327	1.92441295633673	55.9417082901988	40.7532714892304	15.1884368009684	OU	Hominidae	APE	Hylobatidae	APE	superfamily
Trachypithecus_francoisi	Semnopithecus_vetulus	1.048	1.385	9.0158535422	0.201796407185629	0.0742576930465471	0.724957732414327	0.678358911649503	1.84345063167281	55.9417082901988	40.7532714892304	15.1884368009684	OU	Cercopithecidae	OWM	Cercopithecidae	OWM	family
Papio_ursinus	Presbytis_comata	2.014	0.996	38.5936741526	0.609580838323353	0.31787086994571	0.888988577094087	0.959826690258317	1.84065925447249	55.9417082901988	40.7532714892304	15.1884368009684	OU	Cercopithecidae	OWM	Cercopithecidae	OWM	family
Pongo_pygmaeus	Nomascus_concolor	2.193	1.022	45.776514108	0.701197604790419	0.377031228098602	0.907668663284381	0.979570098560961	1.82179128848083	55.9417082901988	40.7532714892304	15.1884368009684	OU	Hominidae	APE	Hylobatidae	APE	superfamily
Pongo_abelii	Nomascus_concolor	2.188	1.022	45.776514108	0.698203592814371	0.377031228098602	0.906269433464989	0.979026347077769	1.81300556040642	55.9417082901988	40.7532714892304	15.1884368009684	OU	Hominidae	APE	Hylobatidae	APE	superfamily
Cercopithecus_mitis	Cercopithecus_petaurista	1.866	1.517	9.5808815419	0.208982035928144	0.0789114593891388	0.727163130735881	0.684394772825395	1.81248977158463	55.9417082901988	40.7532714892304	15.1884368009684	OU	Cercopithecidae	OWM	Cercopithecidae	OWM	family
Papio_ursinus	Piliocolobus_badius	2.014	1.018	38.5936741536	0.596407185628742	0.317870869953947	0.881056352704077	0.955316047215698	1.79241764175634	55.9417082901988	40.7532714892304	15.1884368009684	OU	Cercopithecidae	OWM	Cercopithecidae	OWM	family
Papio_anubis	Mandrillus_sphinx	1.887	2.45	18.5708053179	0.337125748502994	0.15295558589867	0.796119731381818	0.809588538264508	1.78439473353186	55.9417082901988	40.7532714892304	15.1884368009684	OU	Cercopithecidae	OWM	Cercopithecidae	OWM	family
Cercopithecus_neglectus	Cercopithecus_diana	1.78	1.333	13.5928258679	0.267664670658683	0.111955222676275	0.76165128224839	0.74552326402398	1.78241116549226	55.9417082901988	40.7532714892304	15.1884368009684	OU	Cercopithecidae	OWM	Cercopithecidae	OWM	family
Rhinopithecus_roxellana	Presbytis_comata	1.543	0.996	17.9572585524	0.327544910179641	0.147902202193073	0.790658120448938	0.800774430334111	1.77339880656776	55.9417082901988	40.7532714892304	15.1884368009684	OU	Cercopithecidae	OWM	Cercopithecidae	OWM	family
Macaca_fuscata	Papio_ursinus	1.37	2.014	22.4016461422	0.38562874251497	0.18450771800791	0.814258797537446	0.847046615311495	1.77036237096667	55.9417082901988	40.7532714892304	15.1884368009684	OU	Cercopithecidae	OWM	Cercopithecidae	OWM	family
Mandrillus_sphinx	Colobus_guereza	2.45	1.467	38.593674154	0.588622754491018	0.317870869957241	0.876164338599462	0.952455097282361	1.76372481997727	55.9417082901988	40.7532714892304	15.1884368009684	OU	Cercopithecidae	OWM	Cercopithecidae	OWM	family
Macaca_nigra	Mandrillus_sphinx	1.808	2.45	22.401646142	0.384431137724551	0.184507718006263	0.812888940280171	0.845767194127057	1.76219861262026	55.9417082901988	40.7532714892304	15.1884368009684	OU	Cercopithecidae	OWM	Cercopithecidae	OWM	family
Cercopithecus_ascanius	Allenopithecus_nigroviridis	1.267	1.928	23.4097503897	0.395808383233533	0.192810813817906	0.816035913893513	0.853576492996424	1.7522499125912	55.9417082901988	40.7532714892304	15.1884368009684	OU	Cercopithecidae	OWM	Cercopithecidae	OWM	family
Cercopithecus_cephus	Cercopithecus_ascanius	1.49	1.267	5.374956004	0.133532934131737	0.0442699996418013	0.650447708712208	0.579980689684741	1.74941323379239	55.9417082901988	40.7532714892304	15.1884368009684	OU	Cercopithecidae	OWM	Cercopithecidae	OWM	family
Pongo_pygmaeus	Hylobates_muelleri	2.193	1.067	45.7765141084	0.674251497005988	0.377031228101896	0.894454132623848	0.974203789983442	1.74218556667598	55.9417082901988	40.7532714892304	15.1884368009684	OU	Hominidae	APE	Hylobatidae	APE	superfamily
Macaca_mulatta	Papio_anubis	1.25	1.887	22.4016461426	0.381437125748503	0.184507718011204	0.80943168140681	0.842533076100162	1.74178835638829	55.9417082901988	40.7532714892304	15.1884368009684	OU	Cercopithecidae	OWM	Cercopithecidae	OWM	family
Mandrillus_sphinx	Hylobates_klossii	2.45	0.958	62.1515760363	0.893413173652695	0.511901910790857	0.934313738557393	0.996222237433138	1.73868870587624	55.9417082901988	40.7532714892304	15.1884368009684	OU	Cercopithecidae	OWM	Hylobatidae	APE	order
Pongo_abelii	Hylobates_muelleri	2.188	1.067	45.7765141084	0.67125748502994	0.377031228101896	0.89289757750166	0.973538231254943	1.73326445128327	55.9417082901988	40.7532714892304	15.1884368009684	OU	Hominidae	APE	Hylobatidae	APE	superfamily
Papio_ursinus	Trachypithecus_francoisi	2.014	1.048	38.5936741538	0.578443113772455	0.317870869955594	0.8695318337185	0.948482898320507	1.72599458749108	55.9417082901988	40.7532714892304	15.1884368009684	OU	Cercopithecidae	OWM	Cercopithecidae	OWM	family
Trachypithecus_francoisi	Trachypithecus_obscurus	1.048	1.262	5.1737784207	0.12814371257485	0.0426130313737817	0.639803590016435	0.56838798274355	1.70922705903766	55.9417082901988	40.7532714892304	15.1884368009684	OU	Cercopithecidae	OWM	Cercopithecidae	OWM	family
Cercopithecus_ascanius	Erythrocebus_patas	1.267	1.908	23.4097503937	0.383832335329341	0.192810813850851	0.802409583834281	0.840969286881244	1.67413434380073	55.9417082901988	40.7532714892304	15.1884368009684	OU	Cercopithecidae	OWM	Cercopithecidae	OWM	family
Pongo_pygmaeus	Hylobates_lar	2.193	1.105	45.7765141087	0.651497005988024	0.377031228104367	0.882163570658267	0.968762434964102	1.67398819738632	55.9417082901988	40.7532714892304	15.1884368009684	OU	Hominidae	APE	Hylobatidae	APE	superfamily
Cercopithecus_mona	Allenopithecus_nigroviridis	1.289	1.928	23.4097503896	0.382634730538922	0.192810813817082	0.801007359634113	0.839664713737055	1.66632189929254	55.9417082901988	40.7532714892304	15.1884368009684	OU	Cercopithecidae	OWM	Cercopithecidae	OWM	family
Pongo_abelii	Hylobates_lar	2.188	1.105	45.7765141087	0.648502994011976	0.377031228104367	0.880466005471365	0.967977863970828	1.66494575549756	55.9417082901988	40.7532714892304	15.1884368009684	OU	Hominidae	APE	Hylobatidae	APE	superfamily
Mandrillus_sphinx	Nomascus_concolor	2.45	1.022	62.151576036	0.855089820359281	0.511901910788386	0.921864292488381	0.994427238061451	1.66110848667228	55.9417082901988	40.7532714892304	15.1884368009684	OU	Cercopithecidae	OWM	Hylobatidae	APE	order
Allenopithecus_nigroviridis	Presbytis_comata	1.928	0.996	38.593674149	0.558083832335329	0.31787086991606	0.855443647928836	0.93970277803591	1.64983009534948	55.9417082901988	40.7532714892304	15.1884368009684	OU	Cercopithecidae	OWM	Cercopithecidae	OWM	family
Presbytis_comata	Gorilla_gorilla	0.996	2.383	62.151576031	0.830538922155689	0.511901910747204	0.912924189186719	0.992904509209426	1.61094503374409	55.9417082901988	40.7532714892304	15.1884368009684	OU	Cercopithecidae	OWM	Hominidae	APE	order
Mandrillus_sphinx	Hylobates_muelleri	2.45	1.067	62.1515760364	0.82814371257485	0.511901910791681	0.912009466709762	0.99273756421865	1.60602911361101	55.9417082901988	40.7532714892304	15.1884368009684	OU	Cercopithecidae	OWM	Hylobatidae	APE	order
Papio_ursinus	Cercopithecus_ascanius	2.014	1.267	29.8369393133	0.447305389221557	0.245747368300178	0.816480454399228	0.882177808036351	1.6057257927756	55.9417082901988	40.7532714892304	15.1884368009684	OU	Cercopithecidae	OWM	Cercopithecidae	OWM	family
Erythrocebus_patas	Presbytis_comata	1.908	0.996	38.593674153	0.546107784431138	0.317870869949005	0.846628142281049	0.93398184299779	1.60459734816298	55.9417082901988	40.7532714892304	15.1884368009684	OU	Cercopithecidae	OWM	Cercopithecidae	OWM	family
Allenopithecus_nigroviridis	Piliocolobus_badius	1.928	1.018	38.59367415	0.544910179640718	0.317870869924296	0.845724579422486	0.933385927602475	1.6000569464107	55.9417082901988	40.7532714892304	15.1884368009684	OU	Cercopithecidae	OWM	Cercopithecidae	OWM	family
Mandrillus_sphinx	Rhinopithecus_roxellana	2.45	1.543	38.5936741534	0.54311377245509	0.3178708699523	0.844361658729503	0.932483754412631	1.59324058127166	55.9417082901988	40.7532714892304	15.1884368009684	OU	Cercopithecidae	OWM	Cercopithecidae	OWM	family
Cercopithecus_mona	Erythrocebus_patas	1.289	1.908	23.4097503936	0.37065868263473	0.192810813850027	0.786583494051831	0.826170984399988	1.58822756148381	55.9417082901988	40.7532714892304	15.1884368009684	OU	Cercopithecidae	OWM	Cercopithecidae	OWM	family
Piliocolobus_badius	Gorilla_gorilla	1.018	2.383	62.151576032	0.817365269461078	0.511901910755441	0.907796900055059	0.991941871113158	1.58385584764789	55.9417082901988	40.7532714892304	15.1884368009684	OU	Cercopithecidae	OWM	Hominidae	APE	order
Theropithecus_gelada	Papio_ursinus	1.624	2.014	12.5784127636	0.233532934131736	0.10360016493616	0.71513095955524	0.692100245614771	1.56011528718425	55.9417082901988	40.7532714892304	15.1884368009684	OU	Cercopithecidae	OWM	Cercopithecidae	OWM	family
Mandrillus_sphinx	Hylobates_lar	2.45	1.105	62.1515760367	0.805389221556886	0.511901910794152	0.902927876272053	0.990966985325276	1.5591153540754	55.9417082901988	40.7532714892304	15.1884368009684	OU	Cercopithecidae	OWM	Hylobatidae	APE	order
Macaca_mulatta	Papio_hamadryas	1.25	1.842	22.4016461426	0.354491017964072	0.184507718011204	0.776180469708559	0.811078927685098	1.55830985187752	55.9417082901988	40.7532714892304	15.1884368009684	OU	Cercopithecidae	OWM	Cercopithecidae	OWM	family
Macaca_fuscata	Macaca_nemestrina	1.37	1.723	10.9824679331	0.211377245508982	0.0904554104447757	0.699766573797919	0.666230957612537	1.55685617919921	55.9417082901988	40.7532714892304	15.1884368009684	OU	Cercopithecidae	OWM	Cercopithecidae	OWM	family
Papio_anubis	Presbytis_comata	1.887	0.996	38.5936741529	0.533532934131737	0.317870869948181	0.836937998430253	0.927500883835967	1.55677136455899	55.9417082901988	40.7532714892304	15.1884368009684	OU	Cercopithecidae	OWM	Cercopithecidae	OWM	family
Erythrocebus_patas	Piliocolobus_badius	1.908	1.018	38.593674154	0.532934131736527	0.317870869957241	0.836465302615103	0.927179712574776	1.55448567888976	55.9417082901988	40.7532714892304	15.1884368009684	OU	Cercopithecidae	OWM	Cercopithecidae	OWM	family
Cercopithecus_mitis	Cercopithecus_pogonias	1.866	1.469	12.9463432658	0.237724550898204	0.106630568010804	0.716755640953344	0.696117386156187	1.55193952431767	55.9417082901988	40.7532714892304	15.1884368009684	OU	Cercopithecidae	OWM	Cercopithecidae	OWM	family
Trachypithecus_francoisi	Gorilla_gorilla	1.048	2.383	62.1515760322	0.79940119760479	0.511901910757088	0.900417402648201	0.99044111668563	1.54670220641398	55.9417082901988	40.7532714892304	15.1884368009684	OU	Cercopithecidae	OWM	Hominidae	APE	order
Papio_ursinus	Cercopithecus_mona	2.014	1.289	29.8369393132	0.434131736526946	0.245747368299354	0.803236060823192	0.870965259291454	1.53862750631879	55.9417082901988	40.7532714892304	15.1884368009684	OU	Cercopithecidae	OWM	Cercopithecidae	OWM	family
Trachypithecus_francoisi	Rhinopithecus_roxellana	1.048	1.543	17.7111143216	0.296407185628742	0.145874873038893	0.747336098823032	0.756439565414462	1.5370304563895	55.9417082901988	40.7532714892304	15.1884368009684	OU	Cercopithecidae	OWM	Cercopithecidae	OWM	family
Allenopithecus_nigroviridis	Trachypithecus_francoisi	1.928	1.048	38.5936741502	0.526946107784431	0.317870869925943	0.831681397267011	0.92390353023629	1.53158850114115	55.9417082901988	40.7532714892304	15.1884368009684	OU	Cercopithecidae	OWM	Cercopithecidae	OWM	family
Mandrillus_sphinx	Allochrocebus_lhoesti	2.45	1.73	29.8369393133	0.431137724550898	0.245747368300178	0.800130686102824	0.868304880616098	1.52334892957221	55.9417082901988	40.7532714892304	15.1884368009684	OU	Cercopithecidae	OWM	Cercopithecidae	OWM	family
Cercopithecus_mitis	Presbytis_comata	1.866	0.996	38.5936741528	0.520958083832335	0.317870869947358	0.826793201199995	0.920508095780159	1.50861931390316	55.9417082901988	40.7532714892304	15.1884368009684	OU	Cercopithecidae	OWM	Cercopithecidae	OWM	family
Papio_anubis	Piliocolobus_badius	1.887	1.018	38.5936741539	0.520359281437126	0.317870869956418	0.826298604937648	0.920161881425488	1.50631851068973	55.9417082901988	40.7532714892304	15.1884368009684	OU	Cercopithecidae	OWM	Cercopithecidae	OWM	family
Papio_ursinus	Trachypithecus_cristatus	2.014	1.148	38.5936741537	0.518562874251497	0.31787086995477	0.824808485280669	0.919115879434091	1.49941192244937	55.9417082901988	40.7532714892304	15.1884368009684	OU	Cercopithecidae	OWM	Cercopithecidae	OWM	family
Cercopithecus_diana	Allenopithecus_nigroviridis	1.333	1.928	23.4097503907	0.356287425149701	0.192810813826142	0.768297322037084	0.808879836240656	1.49469683982331	55.9417082901988	40.7532714892304	15.1884368009684	OU	Cercopithecidae	OWM	Cercopithecidae	OWM	family
Erythrocebus_patas	Trachypithecus_francoisi	1.908	1.048	38.5936741542	0.514970059880239	0.317870869958889	0.821799664797316	0.916990497900443	1.48558014037108	55.9417082901988	40.7532714892304	15.1884368009684	OU	Cercopithecidae	OWM	Cercopithecidae	OWM	family
Pan_troglodytes	Pongo_pygmaeus	1.303	2.193	40.643277586	0.532934131736527	0.334752113847042	0.825439851452798	0.925441892060228	1.47332772764232	55.9417082901988	40.7532714892304	15.1884368009684	OU	Hominidae	APE	Hominidae	APE	family
Pan_troglodytes	Pongo_abelii	1.303	2.188	40.643277586	0.529940119760479	0.334752113847042	0.82300600493174	0.923797041175619	1.46244667138585	55.9417082901988	40.7532714892304	15.1884368009684	OU	Hominidae	APE	Hominidae	APE	family
Cercopithecus_mitis	Piliocolobus_badius	1.866	1.018	38.5936741538	0.507784431137725	0.317870869955594	0.815666937740643	0.912604020311442	1.45784391433094	55.9417082901988	40.7532714892304	15.1884368009684	OU	Cercopithecidae	OWM	Cercopithecidae	OWM	family
Papio_hamadryas	Presbytis_comata	1.842	0.996	38.5936741529	0.506586826347305	0.317870869948181	0.814629805673596	0.911855075981041	1.45321202004204	55.9417082901988	40.7532714892304	15.1884368009684	OU	Cercopithecidae	OWM	Cercopithecidae	OWM	family
Saguinus_midas	Mandrillus_sphinx	0.897	2.45	78.0653383531	0.929940119760479	0.642973170079335	0.912627158785836	0.997245168153457	1.44232813165246	55.9417082901988	40.7532714892304	15.1884368009684	OU	Callitrichidae	PLA	Cercopithecidae	OWM	order
Cebuella_pygmaea	Mandrillus_sphinx	0.902	2.45	78.0653383527	0.926946107784431	0.642973170076041	0.911603631943109	0.9971568754189	1.43755716029445	55.9417082901988	40.7532714892304	15.1884368009684	OU	Callitrichidae	PLA	Cercopithecidae	OWM	order
Papio_anubis	Trachypithecus_francoisi	1.887	1.048	38.5936741541	0.502395209580838	0.317870869958065	0.810965855551844	0.909192932714433	1.43698028712334	55.9417082901988	40.7532714892304	15.1884368009684	OU	Cercopithecidae	OWM	Cercopithecidae	OWM	family
Trachypithecus_cristatus	Gorilla_gorilla	1.148	2.383	62.1515760321	0.739520958083832	0.511901910756264	0.872371020386391	0.983482670276241	1.42079181831347	55.9417082901988	40.7532714892304	15.1884368009684	OU	Cercopithecidae	OWM	Hominidae	APE	order
Cercopithecus_diana	Erythrocebus_patas	1.333	1.908	23.4097503947	0.344311377245509	0.192810813859087	0.752230139838407	0.793529611623304	1.41704330786547	55.9417082901988	40.7532714892304	15.1884368009684	OU	Cercopithecidae	OWM	Cercopithecidae	OWM	family
Papio_anubis	Mandrillus_leucophaeus	1.887	1.4	18.5708053179	0.291616766467066	0.15295558589867	0.728257113296858	0.742622148163365	1.4158428296806	55.9417082901988	40.7532714892304	15.1884368009684	OU	Cercopithecidae	OWM	Cercopithecidae	OWM	family
Macaca_mulatta	Nasalis_larvatus	1.25	2.077	38.5936741537	0.495209580838323	0.31787086995477	0.804561044250425	0.904479142094915	1.40908393681233	55.9417082901988	40.7532714892304	15.1884368009684	OU	Cercopithecidae	OWM	Cercopithecidae	OWM	family
Macaca_silenus	Papio_ursinus	1.459	2.014	22.4016461426	0.332335329341317	0.184507718011204	0.745883281142743	0.781926296285448	1.40840576208785	55.9417082901988	40.7532714892304	15.1884368009684	OU	Cercopithecidae	OWM	Cercopithecidae	OWM	family
Papio_ursinus	Cercopithecus_diana	2.014	1.333	29.8369393143	0.407784431137724	0.245747368308414	0.774673767527525	0.846073143228931	1.40394364256027	55.9417082901988	40.7532714892304	15.1884368009684	OU	Cercopithecidae	OWM	Cercopithecidae	OWM	family
Papio_hamadryas	Piliocolobus_badius	1.842	1.018	38.5936741539	0.493413173652695	0.317870869956418	0.802935264550682	0.903270587026679	1.40209641441216	55.9417082901988	40.7532714892304	15.1884368009684	OU	Cercopithecidae	OWM	Cercopithecidae	OWM	family
Papio_ursinus	Colobus_polykomos	2.014	1.193	38.5936741536	0.491616766467066	0.317870869953947	0.801299605620285	0.902049832526458	1.3951036844712	55.9417082901988	40.7532714892304	15.1884368009684	OU	Cercopithecidae	OWM	Cercopithecidae	OWM	family
Macaca_mulatta	Allenopithecus_nigroviridis	1.25	1.928	29.8369393107	0.405988023952096	0.245747368278763	0.772623725044667	0.844251442391099	1.39474932006704	55.9417082901988	40.7532714892304	15.1884368009684	OU	Cercopithecidae	OWM	Cercopithecidae	OWM	family
Callithrix_jacchus	Mandrillus_sphinx	0.947	2.45	78.0653383523	0.9	0.642973170072746	0.901950831124179	0.996238008280553	1.3944815261126	55.9417082901988	40.7532714892304	15.1884368009684	OU	Callitrichidae	PLA	Cercopithecidae	OWM	order
Cercopithecus_mitis	Trachypithecus_francoisi	1.866	1.048	38.593674154	0.489820359281437	0.317870869957241	0.799654043715952	0.900816800537712	1.38810583349613	55.9417082901988	40.7532714892304	15.1884368009684	OU	Cercopithecidae	OWM	Cercopithecidae	OWM	family
Cercopithecus_nictitans	Cercopithecus_ascanius	1.566	1.267	9.5808815419	0.179041916167665	0.0789114593891388	0.652502128561745	0.610077413535136	1.38420237029576	55.9417082901988	40.7532714892304	15.1884368009684	OU	Cercopithecidae	OWM	Cercopithecidae	OWM	family
Leontocebus_fuscicolis	Mandrillus_sphinx	0.958	2.45	78.0653383523	0.893413173652695	0.642973170072746	0.899467546046751	0.995975731890713	1.38391130598633	55.9417082901988	40.7532714892304	15.1884368009684	OU	Callitrichidae	PLA	Cercopithecidae	OWM	order
Saguinus_midas	Gorilla_gorilla	0.897	2.383	78.0653383511	0.889820359281437	0.642973170062863	0.898092045998431	0.99582577674051	1.37813845382432	55.9417082901988	40.7532714892304	15.1884368009684	OU	Callitrichidae	PLA	Hominidae	APE	order
Macaca_nigra	Presbytis_comata	1.808	0.996	38.593674153	0.48622754491018	0.317870869949005	0.796333117538629	0.898313592474283	1.3740951245337	55.9417082901988	40.7532714892304	15.1884368009684	OU	Cercopithecidae	OWM	Cercopithecidae	OWM	family
Cebuella_pygmaea	Gorilla_gorilla	0.902	2.383	78.0653383507	0.886826347305389	0.642973170059568	0.896934388219098	0.995696961264266	1.37332370975799	55.9417082901988	40.7532714892304	15.1884368009684	OU	Callitrichidae	PLA	Hominidae	APE	order
Saimiri_oerstedii	Saimiri_sciureus	1.319	1.177	3.4920815264	0.0850299401197604	0.0287619931787016	0.54010192036272	0.464515916008475	1.37326228670844	55.9417082901988	40.7532714892304	15.1884368009684	OU	Cebidae	PLA	Cebidae	PLA	family
Presbytis_comata	Pongo_pygmaeus	0.996	2.193	62.151576035	0.716766467065868	0.51190191078015	0.860228165319687	0.979848595028014	1.37198670473281	55.9417082901988	40.7532714892304	15.1884368009684	OU	Cercopithecidae	OWM	Hominidae	APE	order
Mandrillus_sphinx	Cercopithecus_neglectus	2.45	1.78	29.8369393146	0.401197604790419	0.245747368310885	0.767092042088398	0.839313613676412	1.3702307934748	55.9417082901988	40.7532714892304	15.1884368009684	OU	Cercopithecidae	OWM	Cercopithecidae	OWM	family
Cercopithecus_ascanius	Nasalis_larvatus	1.267	2.077	38.5936741527	0.48502994011976	0.317870869946534	0.795217286803495	0.897468099657331	1.3694205408297	55.9417082901988	40.7532714892304	15.1884368009684	OU	Cercopithecidae	OWM	Cercopithecidae	OWM	family
Presbytis_comata	Pongo_abelii	0.996	2.188	62.151576035	0.71377245508982	0.51190191078015	0.858566343178625	0.979321921400661	1.36552139665999	55.9417082901988	40.7532714892304	15.1884368009684	OU	Cercopithecidae	OWM	Hominidae	APE	order
Colobus_polykomos	Gorilla_gorilla	1.193	2.383	62.151576032	0.712574850299401	0.511901910755441	0.857897378909253	0.97910791507229	1.36293235354402	55.9417082901988	40.7532714892304	15.1884368009684	OU	Cercopithecidae	OWM	Hominidae	APE	order
Pan_paniscus	Pongo_pygmaeus	1.355	2.193	40.643277586	0.501796407185629	0.334752113847042	0.798881001528657	0.906845584860416	1.35936962764941	55.9417082901988	40.7532714892304	15.1884368009684	OU	Hominidae	APE	Hominidae	APE	family
Macaca_fascicularis	Macaca_mulatta	1.493	1.25	7.3270128521	0.145508982035928	0.0603478160745036	0.617375780175902	0.561107393492271	1.3529266003445	55.9417082901988	40.7532714892304	15.1884368009684	OU	Cercopithecidae	OWM	Cercopithecidae	OWM	family
Pan_paniscus	Pongo_abelii	1.355	2.188	40.643277586	0.498802395209581	0.334752113847042	0.796179725485156	0.904876675638413	1.3483250277068	55.9417082901988	40.7532714892304	15.1884368009684	OU	Hominidae	APE	Hominidae	APE	family
Piliocolobus_badius	Pongo_pygmaeus	1.018	2.193	62.151576036	0.703592814371257	0.511901910788386	0.85280245201213	0.977440441003992	1.34346064406581	55.9417082901988	40.7532714892304	15.1884368009684	OU	Cercopithecidae	OWM	Hominidae	APE	order
Papio_ursinus	Trachypithecus_pileatus	2.014	1.217	38.5936741537	0.477245508982036	0.31787086995477	0.787855896073788	0.891835277444123	1.33898517021241	55.9417082901988	40.7532714892304	15.1884368009684	OU	Cercopithecidae	OWM	Cercopithecidae	OWM	family
Piliocolobus_badius	Pongo_abelii	1.018	2.188	62.151576036	0.70059880239521	0.511901910788386	0.851073460961675	0.976859478630234	1.33694867398076	55.9417082901988	40.7532714892304	15.1884368009684	OU	Cercopithecidae	OWM	Hominidae	APE	order
Macaca_mulatta	Erythrocebus_patas	1.25	1.908	29.8369393147	0.394011976047904	0.245747368311709	0.758616637755246	0.831686348206469	1.33346038966832	55.9417082901988	40.7532714892304	15.1884368009684	OU	Cercopithecidae	OWM	Cercopithecidae	OWM	family
Papio_hamadryas	Trachypithecus_francoisi	1.842	1.048	38.5936741541	0.475449101796407	0.317870869958065	0.786130291937564	0.890501231718594	1.3319497027993	55.9417082901988	40.7532714892304	15.1884368009684	OU	Cercopithecidae	OWM	Cercopithecidae	OWM	family
Trachypithecus_pileatus	Gorilla_gorilla	1.217	2.383	62.1515760321	0.698203592814371	0.511901910756264	0.849679139492127	0.976385397319038	1.33173129081018	55.9417082901988	40.7532714892304	15.1884368009684	OU	Cercopithecidae	OWM	Hominidae	APE	order
Callithrix_jacchus	Gorilla_gorilla	0.947	2.383	78.0653383503	0.859880239520958	0.642973170056274	0.88603900970765	0.994364996978607	1.32981413780981	55.9417082901988	40.7532714892304	15.1884368009684	OU	Callitrichidae	PLA	Hominidae	APE	order
Nasalis_larvatus	Colobus_guereza	2.077	1.467	27.017026323	0.365269461077844	0.222521588037495	0.746274746742954	0.806641157967197	1.32410245519297	55.9417082901988	40.7532714892304	15.1884368009684	OU	Cercopithecidae	OWM	Cercopithecidae	OWM	family
Macaca_nigra	Piliocolobus_badius	1.808	1.018	38.593674154	0.473053892215569	0.317870869957241	0.783813767153702	0.888702309845201	1.32256248189647	55.9417082901988	40.7532714892304	15.1884368009684	OU	Cercopithecidae	OWM	Cercopithecidae	OWM	family
Cercopithecus_petaurista	Cercopithecus_ascanius	1.517	1.267	7.762733782	0.149700598802395	0.063936564595653	0.617145552953624	0.563723540958778	1.31989812362038	55.9417082901988	40.7532714892304	15.1884368009684	OU	Cercopithecidae	OWM	Cercopithecidae	OWM	family
Leontocebus_fuscicolis	Gorilla_gorilla	0.958	2.383	78.0653383503	0.853293413173653	0.642973170056274	0.883242356913447	0.993987367114953	1.31912638448472	55.9417082901988	40.7532714892304	15.1884368009684	OU	Callitrichidae	PLA	Hominidae	APE	order
Cercopithecus_mona	Nasalis_larvatus	1.289	2.077	38.5936741526	0.47185628742515	0.31787086994571	0.782648754195184	0.88779414329256	1.31786611501509	55.9417082901988	40.7532714892304	15.1884368009684	OU	Cercopithecidae	OWM	Cercopithecidae	OWM	family
Saguinus_oedipus	Mandrillus_sphinx	1.035	2.45	78.0653383522	0.847305389221557	0.642973170071923	0.880653431390691	0.993624441905367	1.30939109697922	55.9417082901988	40.7532714892304	15.1884368009684	OU	Callitrichidae	PLA	Cercopithecidae	OWM	order
Cercopithecus_neglectus	Presbytis_comata	1.78	0.996	38.5936741536	0.469461077844311	0.317870869953947	0.780305197091436	0.885960286093963	1.30846802947746	55.9417082901988	40.7532714892304	15.1884368009684	OU	Cercopithecidae	OWM	Cercopithecidae	OWM	family
Mandrillus_sphinx	Pan_troglodytes	2.45	1.303	62.151576032	0.686826347305389	0.511901910755441	0.842919865333584	0.974016680339036	1.30685255263949	55.9417082901988	40.7532714892304	15.1884368009684	OU	Cercopithecidae	OWM	Hominidae	APE	order
Trachypithecus_francoisi	Pongo_pygmaeus	1.048	2.193	62.1515760362	0.68562874251497	0.511901910790033	0.842195169920741	0.97375578149669	1.30422437953763	55.9417082901988	40.7532714892304	15.1884368009684	OU	Cercopithecidae	OWM	Hominidae	APE	order
Allenopithecus_nigroviridis	Trachypithecus_cristatus	1.928	1.148	38.5936741501	0.467065868263473	0.31787086992512	0.777943559206946	0.884102913510658	1.29906302842534	55.9417082901988	40.7532714892304	15.1884368009684	OU	Cercopithecidae	OWM	Cercopithecidae	OWM	family
Trachypithecus_francoisi	Pongo_abelii	1.048	2.188	62.1515760362	0.682634730538922	0.511901910790033	0.840372353358321	0.973093608735039	1.29764605168753	55.9417082901988	40.7532714892304	15.1884368009684	OU	Cercopithecidae	OWM	Hominidae	APE	order
Papio_cynocephalus	Presbytis_comata	1.772	0.996	38.5936741529	0.464670658682635	0.317870869948181	0.775563794298184	0.882221846281221	1.28965138102316	55.9417082901988	40.7532714892304	15.1884368009684	OU	Cercopithecidae	OWM	Cercopithecidae	OWM	family
Macaca_mulatta	Gorilla_gorilla	1.25	2.383	62.1515760327	0.678443113772455	0.511901910761206	0.837793715803496	0.972142361062342	1.28841732489041	55.9417082901988	40.7532714892304	15.1884368009684	OU	Cercopithecidae	OWM	Hominidae	APE	order
Cheracebus_torquatus	Mandrillus_sphinx	1.058	2.45	78.0653383533	0.833532934131737	0.642973170080983	0.874528274213619	0.992713853334892	1.2869272458433	55.9417082901988	40.7532714892304	15.1884368009684	OU	Pitheciidae	PLA	Cercopithecidae	OWM	order
Plecturocebus_moloch	Mandrillus_sphinx	1.063	2.45	78.0653383542	0.830538922155689	0.642973170088395	0.873164848325056	0.992501085947233	1.28202982722847	55.9417082901988	40.7532714892304	15.1884368009684	OU	Pitheciidae	PLA	Cercopithecidae	OWM	order
Ateles_geoffroyi	Mandrillus_sphinx	1.067	2.45	78.065338353	0.82814371257485	0.642973170078512	0.872065827205873	0.992326878468144	1.27810817537235	55.9417082901988	40.7532714892304	15.1884368009684	OU	Atelidae	PLA	Cercopithecidae	OWM	order
Macaca_mulatta	Papio_cynocephalus	1.25	1.772	22.4016461426	0.312574850299401	0.184507718011204	0.716548993530813	0.753312310323093	1.27618771272017	55.9417082901988	40.7532714892304	15.1884368009684	OU	Cercopithecidae	OWM	Cercopithecidae	OWM	family
Macaca_fascicularis	Macaca_nigra	1.493	1.808	10.9824679326	0.188622754491018	0.0904554104406576	0.644730276649	0.611588733396602	1.27531952977672	55.9417082901988	40.7532714892304	15.1884368009684	OU	Cercopithecidae	OWM	Cercopithecidae	OWM	family
Trachypithecus_obscurus	Gorilla_gorilla	1.262	2.383	62.1515760313	0.67125748502994	0.511901910749675	0.833300246039343	0.970444137162851	1.27254436288388	55.9417082901988	40.7532714892304	15.1884368009684	OU	Cercopithecidae	OWM	Hominidae	APE	order
Macaca_fascicularis	Papio_ursinus	1.493	2.014	22.4016461422	0.311976047904191	0.18450771800791	0.715625648074787	0.75240596405833	1.27221040735216	55.9417082901988	40.7532714892304	15.1884368009684	OU	Cercopithecidae	OWM	Cercopithecidae	OWM	family
Nasalis_larvatus	Hylobates_klossii	2.077	0.958	62.1515760353	0.670059880239521	0.511901910782621	0.832542323621208	0.970152611386282	1.26989239326282	55.9417082901988	40.7532714892304	15.1884368009684	OU	Cercopithecidae	OWM	Hylobatidae	APE	order
Ateles_paniscus	Mandrillus_sphinx	1.079	2.45	78.065338353	0.820958083832335	0.642973170078512	0.868724305887668	0.991782286324098	1.26632295599529	55.9417082901988	40.7532714892304	15.1884368009684	OU	Atelidae	PLA	Cercopithecidae	OWM	order
Cercopithecus_ascanius	Gorilla_gorilla	1.267	2.383	62.1515760317	0.668263473053892	0.51190191075297	0.831400590445051	0.969710688733937	1.26591094719227	55.9417082901988	40.7532714892304	15.1884368009684	OU	Cercopithecidae	OWM	Hominidae	APE	order
Cercopithecus_neglectus	Piliocolobus_badius	1.78	1.018	38.5936741546	0.456287425149701	0.317870869962183	0.767091225760948	0.875448947416511	1.25666232364802	55.9417082901988	40.7532714892304	15.1884368009684	OU	Cercopithecidae	OWM	Cercopithecidae	OWM	family
Macaca_fuscata	Papio_anubis	1.37	1.887	22.4016461425	0.309580838323353	0.184507718010381	0.711911927128545	0.748757278429377	1.25632091956087	55.9417082901988	40.7532714892304	15.1884368009684	OU	Cercopithecidae	OWM	Cercopithecidae	OWM	family
Erythrocebus_patas	Trachypithecus_cristatus	1.908	1.148	38.5936741541	0.455089820359281	0.317870869958065	0.765862579103008	0.874457075432432	1.25194395265898	55.9417082901988	40.7532714892304	15.1884368009684	OU	Cercopithecidae	OWM	Cercopithecidae	OWM	family
Macaca_nigra	Trachypithecus_francoisi	1.808	1.048	38.5936741542	0.455089820359281	0.317870869958889	0.765862579102402	0.874457075432313	1.25194395265556	55.9417082901988	40.7532714892304	15.1884368009684	OU	Cercopithecidae	OWM	Cercopithecidae	OWM	family
Colobus_angolensis	Gorilla_gorilla	1.279	2.383	62.151576032	0.661077844311377	0.511901910755441	0.826775198134454	0.967886336304594	1.24994300528869	55.9417082901988	40.7532714892304	15.1884368009684	OU	Cercopithecidae	OWM	Hominidae	APE	order
Saguinus_oedipus	Gorilla_gorilla	1.035	2.383	78.0653383502	0.807185628742515	0.64297317005545	0.862131044174154	0.990640948703989	1.24364619595053	55.9417082901988	40.7532714892304	15.1884368009684	OU	Callitrichidae	PLA	Hominidae	APE	order
Aotus_trivirgatus	Mandrillus_sphinx	1.105	2.45	78.0653383561	0.805389221556886	0.642973170104044	0.861252558460475	0.990482097408813	1.24067945987393	55.9417082901988	40.7532714892304	15.1884368009684	OU	Aotidae	PLA	Cercopithecidae	OWM	order
Papio_hamadryas	Papio_ursinus	1.842	2.014	4.8778566851	0.102994011976048	0.0401757174461395	0.551185085035566	0.483126148810878	1.23853669628371	55.9417082901988	40.7532714892304	15.1884368009684	OU	Cercopithecidae	OWM	Cercopithecidae	OWM	family
Mandrillus_sphinx	Pan_paniscus	2.45	1.355	62.151576032	0.655688622754491	0.511901910755441	0.823244384632575	0.966456995372654	1.23792242797485	55.9417082901988	40.7532714892304	15.1884368009684	OU	Cercopithecidae	OWM	Hominidae	APE	order
Papio_cynocephalus	Piliocolobus_badius	1.772	1.018	38.5936741539	0.451497005988024	0.317870869956418	0.762149106887164	0.871444505818623	1.23778119497319	55.9417082901988	40.7532714892304	15.1884368009684	OU	Cercopithecidae	OWM	Cercopithecidae	OWM	family
Cercopithecus_mona	Gorilla_gorilla	1.289	2.383	62.1515760316	0.655089820359281	0.511901910752146	0.822848785309985	0.966294870538906	1.23658443123475	55.9417082901988	40.7532714892304	15.1884368009684	OU	Cercopithecidae	OWM	Hominidae	APE	order
Papio_ursinus	Trachypithecus_obscurus	2.014	1.262	38.5936741529	0.450299401197605	0.317870869948181	0.760902089053187	0.870427925806268	1.23305785723659	55.9417082901988	40.7532714892304	15.1884368009684	OU	Cercopithecidae	OWM	Cercopithecidae	OWM	family
Cheracebus_torquatus	Gorilla_gorilla	1.058	2.383	78.0653383513	0.793413173652694	0.64297317006451	0.855285415507836	0.989360252601921	1.22084636567956	55.9417082901988	40.7532714892304	15.1884368009684	OU	Pitheciidae	PLA	Hominidae	APE	order
Macaca_nigra	Macaca_tonkeana	1.808	1.656	4.1677209	0.0910179640718564	0.0343267931147382	0.530998355730217	0.460291915333265	1.2204703443265	55.9417082901988	40.7532714892304	15.1884368009684	OU	Cercopithecidae	OWM	Cercopithecidae	OWM	family
Pygathrix_nemaeus	Gorilla_gorilla	1.303	2.383	62.1515760308	0.646706586826347	0.511901910745557	0.817240958870917	0.963953823237282	1.21780222694627	55.9417082901988	40.7532714892304	15.1884368009684	OU	Cercopithecidae	OWM	Hominidae	APE	order
Papio_anubis	Cercopithecus_ascanius	1.887	1.267	29.8369393136	0.37125748502994	0.245747368302649	0.730354364114522	0.80574108934374	1.21725580412581	55.9417082901988	40.7532714892304	15.1884368009684	OU	Cercopithecidae	OWM	Cercopithecidae	OWM	family
Plecturocebus_moloch	Gorilla_gorilla	1.063	2.383	78.0653383522	0.790419161676647	0.642973170071923	0.853763338828813	0.989062031644577	1.21587278954619	55.9417082901988	40.7532714892304	15.1884368009684	OU	Pitheciidae	PLA	Hominidae	APE	order
Cercopithecus_diana	Nasalis_larvatus	1.333	2.077	38.5936741537	0.445508982035928	0.31787086995477	0.755867922341244	0.86629908115696	1.21415347634658	55.9417082901988	40.7532714892304	15.1884368009684	OU	Cercopithecidae	OWM	Cercopithecidae	OWM	family
Trachypithecus_francoisi	Semnopithecus_entellus	1.048	1.314	9.0158535419	0.159281437125748	0.0742576930440762	0.611069869011986	0.56595323645153	1.21395967411028	55.9417082901988	40.7532714892304	15.1884368009684	OU	Cercopithecidae	OWM	Cercopithecidae	OWM	family
Ateles_geoffroyi	Gorilla_gorilla	1.067	2.383	78.065338351	0.788023952095808	0.642973170062039	0.852536881529437	0.988818130584462	1.21188940293103	55.9417082901988	40.7532714892304	15.1884368009684	OU	Atelidae	PLA	Hominidae	APE	order
Macaca_mulatta	Cercopithecus_mitis	1.25	1.866	29.8369393145	0.368862275449102	0.245747368310061	0.727252449186119	0.802847937452993	1.20505997311388	55.9417082901988	40.7532714892304	15.1884368009684	OU	Cercopithecidae	OWM	Cercopithecidae	OWM	family
Papio_hamadryas	Mandrillus_leucophaeus	1.842	1.4	18.5708053179	0.264670658682635	0.15295558589867	0.68147913810173	0.696028773899988	1.20439141184564	55.9417082901988	40.7532714892304	15.1884368009684	OU	Cercopithecidae	OWM	Cercopithecidae	OWM	family
Semnopithecus_entellus	Gorilla_gorilla	1.314	2.383	62.1515760317	0.640119760479042	0.51190191075297	0.812743305468019	0.962018457732569	1.20297856250308	55.9417082901988	40.7532714892304	15.1884368009684	OU	Cercopithecidae	OWM	Hominidae	APE	order
Papio_anubis	Trachypithecus_cristatus	1.887	1.148	38.593674154	0.44251497005988	0.317870869957241	0.752684023223297	0.863667318761103	1.20233010893599	55.9417082901988	40.7532714892304	15.1884368009684	OU	Cercopithecidae	OWM	Cercopithecidae	OWM	family
Ateles_paniscus	Gorilla_gorilla	1.079	2.383	78.065338351	0.780838323353293	0.642973170062039	0.848810322691409	0.988057195846516	1.19991464668348	55.9417082901988	40.7532714892304	15.1884368009684	OU	Atelidae	PLA	Hominidae	APE	order
Erythrocebus_patas	Chlorocebus_pygerythrus	1.908	1.571	12.6967639239	0.201796407185629	0.104574946091613	0.642319268451	0.620246648344412	1.19687888813427	55.9417082901988	40.7532714892304	15.1884368009684	OU	Cercopithecidae	OWM	Cercopithecidae	OWM	family
Allenopithecus_nigroviridis	Colobus_polykomos	1.928	1.193	38.59367415	0.440119760479042	0.317870869924296	0.750116054060352	0.861533263188323	1.19286744812281	55.9417082901988	40.7532714892304	15.1884368009684	OU	Cercopithecidae	OWM	Cercopithecidae	OWM	family
Papio_ursinus	Colobus_angolensis	2.014	1.279	38.5936741536	0.440119760479042	0.317870869953947	0.750116054038265	0.86153326318385	1.19286744800534	55.9417082901988	40.7532714892304	15.1884368009684	OU	Cercopithecidae	OWM	Cercopithecidae	OWM	family
Saguinus_midas	Pongo_pygmaeus	0.897	2.193	78.0653383551	0.776047904191617	0.642973170095808	0.846286368171124	0.987524732917632	1.19191054146772	55.9417082901988	40.7532714892304	15.1884368009684	OU	Callitrichidae	PLA	Hominidae	APE	order
Allochrocebus_lhoesti	Presbytis_comata	1.73	0.996	38.5936741523	0.439520958083832	0.31787086994324	0.749471161549334	0.860995748884204	1.19050127658211	55.9417082901988	40.7532714892304	15.1884368009684	OU	Cercopithecidae	OWM	Cercopithecidae	OWM	family
Cebuella_pygmaea	Pongo_pygmaeus	0.902	2.193	78.0653383547	0.773053892215569	0.642973170092514	0.844692707719065	0.987181365121726	1.18689928620229	55.9417082901988	40.7532714892304	15.1884368009684	OU	Callitrichidae	PLA	Hominidae	APE	order
Saguinus_midas	Pongo_abelii	0.897	2.188	78.0653383551	0.773053892215569	0.642973170095808	0.844692707718007	0.987181365121717	1.1868992861962	55.9417082901988	40.7532714892304	15.1884368009684	OU	Callitrichidae	PLA	Hominidae	APE	order
Cercopithecus_neglectus	Trachypithecus_francoisi	1.78	1.048	38.5936741548	0.438323353293413	0.31787086996383	0.748177892719426	0.859915901550768	1.18576836424473	55.9417082901988	40.7532714892304	15.1884368009684	OU	Cercopithecidae	OWM	Cercopithecidae	OWM	family
Papio_ursinus	Hylobates_klossii	2.014	0.958	62.1515760359	0.632335329341317	0.511901910787562	0.807323150152931	0.959617937633175	1.18538398050038	55.9417082901988	40.7532714892304	15.1884368009684	OU	Cercopithecidae	OWM	Hylobatidae	APE	order
Nasalis_larvatus	Nomascus_concolor	2.077	1.022	62.151576035	0.631736526946108	0.51190191078015	0.806901488196382	0.959428068090258	1.1840271404071	55.9417082901988	40.7532714892304	15.1884368009684	OU	Cercopithecidae	OWM	Hylobatidae	APE	order
Cebuella_pygmaea	Pongo_abelii	0.902	2.188	78.0653383547	0.770059880239521	0.642973170092514	0.843086534714012	0.986829660733907	1.18188124436393	55.9417082901988	40.7532714892304	15.1884368009684	OU	Callitrichidae	PLA	Hominidae	APE	order
Cercopithecus_diana	Gorilla_gorilla	1.333	2.383	62.1515760327	0.62874251497006	0.511901910761206	0.804783006609571	0.958467330514952	1.17723561337853	55.9417082901988	40.7532714892304	15.1884368009684	OU	Cercopithecidae	OWM	Hominidae	APE	order
Papio_ursinus	Mandrillus_sphinx	2.014	2.45	18.5708053176	0.261077844311377	0.152955585896199	0.674865475024212	0.689417427646158	1.1767573886625	55.9417082901988	40.7532714892304	15.1884368009684	OU	Cercopithecidae	OWM	Cercopithecidae	OWM	family
Macaca_nemestrina	Presbytis_comata	1.723	0.996	38.5936741535	0.435329341317365	0.317870869953123	0.744924375202315	0.857188053128419	1.17393302069026	55.9417082901988	40.7532714892304	15.1884368009684	OU	Cercopithecidae	OWM	Cercopithecidae	OWM	family
Aotus_trivirgatus	Gorilla_gorilla	1.105	2.383	78.0653383541	0.765269461077844	0.642973170087572	0.840490509112915	0.986249171009282	1.17383804908057	55.9417082901988	40.7532714892304	15.1884368009684	OU	Aotidae	PLA	Hominidae	APE	order
Cercocebus_torquatus	Presbytis_comata	1.722	0.996	38.593674153	0.434730538922156	0.317870869949005	0.744270180011721	0.856637623379208	1.17156547164068	55.9417082901988	40.7532714892304	15.1884368009684	OU	Cercopithecidae	OWM	Cercopithecidae	OWM	family
Trachypithecus_cristatus	Pongo_pygmaeus	1.148	2.193	62.1515760361	0.625748502994012	0.51190191078921	0.802647531599446	0.957487398890163	1.17043186177491	55.9417082901988	40.7532714892304	15.1884368009684	OU	Cercopithecidae	OWM	Hominidae	APE	order
Saimiri_sciureus	Mandrillus_sphinx	1.177	2.45	78.065338347	0.762275449101796	0.642973170029094	0.838851574137796	0.985874994655963	1.16880196459146	55.9417082901988	40.7532714892304	15.1884368009684	OU	Cebidae	PLA	Cercopithecidae	OWM	order
Papio_cynocephalus	Trachypithecus_francoisi	1.772	1.048	38.5936741541	0.433532934131736	0.317870869958065	0.742958294135268	0.855531883304393	1.16682993839962	55.9417082901988	40.7532714892304	15.1884368009684	OU	Cercopithecidae	OWM	Cercopithecidae	OWM	family
Trachypithecus_cristatus	Pongo_abelii	1.148	2.188	62.1515760361	0.622754491017964	0.51190191078921	0.800495008780917	0.956487983896749	1.16361587058365	55.9417082901988	40.7532714892304	15.1884368009684	OU	Cercopithecidae	OWM	Hominidae	APE	order
Cercopithecus_mitis	Trachypithecus_cristatus	1.866	1.148	38.5936741539	0.429940119760479	0.317870869956418	0.738994639756671	0.852175435352653	1.15262027244803	55.9417082901988	40.7532714892304	15.1884368009684	OU	Cercopithecidae	OWM	Cercopithecidae	OWM	family
Papio_anubis	Cercopithecus_mona	1.887	1.289	29.8369393135	0.358083832335329	0.245747368301825	0.712992402842183	0.789438051361537	1.15030734520698	55.9417082901988	40.7532714892304	15.1884368009684	OU	Cercopithecidae	OWM	Cercopithecidae	OWM	family
Cacajao_calvus	Mandrillus_sphinx	1.198	2.45	78.065338353	0.749700598802395	0.642973170078512	0.831828940821669	0.984203561031534	1.14757198804842	55.9417082901988	40.7532714892304	15.1884368009684	OU	Pitheciidae	PLA	Cercopithecidae	OWM	order
Erythrocebus_patas	Colobus_polykomos	1.908	1.193	38.593674154	0.42814371257485	0.317870869957241	0.736997042486893	0.85047502073824	1.14551400346947	55.9417082901988	40.7532714892304	15.1884368009684	OU	Cercopithecidae	OWM	Cercopithecidae	OWM	family
Callithrix_jacchus	Pongo_pygmaeus	0.947	2.193	78.0653383543	0.746107784431138	0.642973170089219	0.829780875075844	0.983695111231559	1.14148243525446	55.9417082901988	40.7532714892304	15.1884368009684	OU	Callitrichidae	PLA	Hominidae	APE	order
Allochrocebus_lhoesti	Piliocolobus_badius	1.73	1.018	38.5936741533	0.426347305389221	0.317870869951476	0.734988916536924	0.848759722185427	1.1384069906497	55.9417082901988	40.7532714892304	15.1884368009684	OU	Cercopithecidae	OWM	Cercopithecidae	OWM	family
Callithrix_jacchus	Pongo_abelii	0.947	2.188	78.0653383543	0.74311377245509	0.642973170089219	0.828059921699917	0.983260474832404	1.13639951828364	55.9417082901988	40.7532714892304	15.1884368009684	OU	Callitrichidae	PLA	Hominidae	APE	order
Allenopithecus_nigroviridis	Trachypithecus_pileatus	1.928	1.217	38.5936741501	0.425748502994012	0.31787086992512	0.734317199623421	0.848184636866133	1.13603784924785	55.9417082901988	40.7532714892304	15.1884368009684	OU	Cercopithecidae	OWM	Cercopithecidae	OWM	family
Papio_ursinus	Pygathrix_nemaeus	2.014	1.303	38.5936741524	0.425748502994012	0.317870869944063	0.734317199609178	0.848184636863167	1.13603784917617	55.9417082901988	40.7532714892304	15.1884368009684	OU	Cercopithecidae	OWM	Cercopithecidae	OWM	family
Leontocebus_fuscicolis	Pongo_pygmaeus	0.958	2.193	78.0653383543	0.739520958083832	0.642973170089219	0.825977631226427	0.982725510534844	1.13028994815337	55.9417082901988	40.7532714892304	15.1884368009684	OU	Callitrichidae	PLA	Hominidae	APE	order
Macaca_fuscata	Gorilla_gorilla	1.37	2.383	62.1515760326	0.606586826347305	0.511901910760383	0.788574558441863	0.950741958654657	1.12659776268251	55.9417082901988	40.7532714892304	15.1884368009684	OU	Cercopithecidae	OWM	Hominidae	APE	order
Macaca_fuscata	Nasalis_larvatus	1.37	2.077	38.5936741536	0.423353293413174	0.317870869953947	0.731618613262269	0.845867634069801	1.12656075948998	55.9417082901988	40.7532714892304	15.1884368009684	OU	Cercopithecidae	OWM	Cercopithecidae	OWM	family
Leontocebus_fuscicolis	Pongo_abelii	0.958	2.188	78.0653383543	0.736526946107784	0.642973170089219	0.82422804763363	0.982268311566402	1.12519015323153	55.9417082901988	40.7532714892304	15.1884368009684	OU	Callitrichidae	PLA	Hominidae	APE	order
Nasalis_larvatus	Hylobates_muelleri	2.077	1.067	62.1515760354	0.604790419161677	0.511901910783444	0.787218931239722	0.950065889010584	1.12246259516112	55.9417082901988	40.7532714892304	15.1884368009684	OU	Cercopithecidae	OWM	Hylobatidae	APE	order
Macaca_nemestrina	Piliocolobus_badius	1.723	1.018	38.5936741545	0.422155688622754	0.317870869961359	0.730262283572302	0.844699101452331	1.12182198669535	55.9417082901988	40.7532714892304	15.1884368009684	OU	Cercopithecidae	OWM	Cercopithecidae	OWM	family
Cercocebus_torquatus	Piliocolobus_badius	1.722	1.018	38.593674154	0.421556886227545	0.317870869957241	0.729582358302472	0.84411231880521	1.11945256509256	55.9417082901988	40.7532714892304	15.1884368009684	OU	Cercopithecidae	OWM	Cercopithecidae	OWM	family
Cercopithecus_neglectus	Cercopithecus_pogonias	1.78	1.469	11.975021079	0.18622754491018	0.0986304219947794	0.617901172019946	0.591524843857532	1.11687871953743	55.9417082901988	40.7532714892304	15.1884368009684	OU	Cercopithecidae	OWM	Cercopithecidae	OWM	family
Papio_ursinus	Semnopithecus_entellus	2.014	1.314	38.5936741533	0.419161676646706	0.317870869951476	0.726850912658245	0.841748356148576	1.10997479049183	55.9417082901988	40.7532714892304	15.1884368009684	OU	Cercopithecidae	OWM	Cercopithecidae	OWM	family
Colobus_polykomos	Pongo_pygmaeus	1.193	2.193	62.151576036	0.598802395209581	0.511901910788386	0.782654866975997	0.947755889616698	1.10864695914579	55.9417082901988	40.7532714892304	15.1884368009684	OU	Cercopithecidae	OWM	Hominidae	APE	order
Mandrillus_sphinx	Cercopithecus_mitis	2.45	1.866	29.8369393138	0.349700598802395	0.245747368304296	0.701559171721324	0.778560818375634	1.10789867768966	55.9417082901988	40.7532714892304	15.1884368009684	OU	Cercopithecidae	OWM	Cercopithecidae	OWM	family
Semnopithecus_vetulus	Gorilla_gorilla	1.385	2.383	62.151576032	0.597604790419162	0.511901910755441	0.781733667373442	0.947283324696206	1.10587798331758	55.9417082901988	40.7532714892304	15.1884368009684	OU	Cercopithecidae	OWM	Hominidae	APE	order
Alouatta_palliata	Mandrillus_sphinx	1.24	2.45	78.065338356	0.724550898203593	0.642973170103221	0.81709842195651	0.98033180602694	1.10471217715094	55.9417082901988	40.7532714892304	15.1884368009684	OU	Atelidae	PLA	Cercopithecidae	OWM	order
Colobus_polykomos	Pongo_abelii	1.193	2.188	62.151576036	0.595808383233533	0.511901910788386	0.780346612465336	0.946567782173767	1.10172087275338	55.9417082901988	40.7532714892304	15.1884368009684	OU	Cercopithecidae	OWM	Hominidae	APE	order
Saimiri_sciureus	Gorilla_gorilla	1.177	2.383	78.065338345	0.722155688622754	0.642973170012621	0.815647127862341	0.97992306876684	1.10060116273397	55.9417082901988	40.7532714892304	15.1884368009684	OU	Cebidae	PLA	Hominidae	APE	order
Papio_ursinus	Nomascus_concolor	2.014	1.022	62.1515760356	0.594011976047904	0.511901910785092	0.778953242390314	0.945844146336069	1.09755939284686	55.9417082901988	40.7532714892304	15.1884368009684	OU	Cercopithecidae	OWM	Hylobatidae	APE	order
Papio_anubis	Colobus_polykomos	1.887	1.193	38.5936741539	0.415568862275449	0.317870869956418	0.722718472982533	0.838151652193984	1.09575856562225	55.9417082901988	40.7532714892304	15.1884368009684	OU	Cercopithecidae	OWM	Cercopithecidae	OWM	family
Papio_hamadryas	Trachypithecus_cristatus	1.842	1.148	38.593674154	0.415568862275449	0.317870869957241	0.722718472981911	0.838151652193852	1.09575856561924	55.9417082901988	40.7532714892304	15.1884368009684	OU	Cercopithecidae	OWM	Cercopithecidae	OWM	family
Erythrocebus_patas	Trachypithecus_pileatus	1.908	1.217	38.5936741541	0.41377245508982	0.317870869958065	0.720636362211309	0.836330319385928	1.08865102852621	55.9417082901988	40.7532714892304	15.1884368009684	OU	Cercopithecidae	OWM	Cercopithecidae	OWM	family
Mandrillus_leucophaeus	Gorilla_gorilla	1.4	2.383	62.151576032	0.588622754491018	0.511901910755441	0.774735145907814	0.943624010704646	1.08504882032017	55.9417082901988	40.7532714892304	15.1884368009684	OU	Cercopithecidae	OWM	Hominidae	APE	order
Papio_hamadryas	Cercopithecus_ascanius	1.842	1.267	29.8369393136	0.344311377245509	0.245747368302649	0.694050755222895	0.771359027472465	1.08073462163273	55.9417082901988	40.7532714892304	15.1884368009684	OU	Cercopithecidae	OWM	Cercopithecidae	OWM	family
Macaca_fuscata	Papio_hamadryas	1.37	1.842	22.4016461425	0.282634730538922	0.184507718010381	0.66788360347109	0.705117735645343	1.08012154375636	55.9417082901988	40.7532714892304	15.1884368009684	OU	Cercopithecidae	OWM	Cercopithecidae	OWM	family
Macaca_mulatta	Cercocebus_torquatus	1.25	1.722	22.4016461427	0.282634730538922	0.184507718012028	0.667883603468932	0.705117735644343	1.08012154374519	55.9417082901988	40.7532714892304	15.1884368009684	OU	Cercopithecidae	OWM	Cercopithecidae	OWM	family
Cacajao_calvus	Gorilla_gorilla	1.198	2.383	78.065338351	0.709580838323353	0.642973170062039	0.807887768662162	0.977653351408366	1.07893162107378	55.9417082901988	40.7532714892304	15.1884368009684	OU	Pitheciidae	PLA	Hominidae	APE	order
Trachypithecus_pileatus	Pongo_pygmaeus	1.217	2.193	62.1515760361	0.584431137724551	0.51190191078921	0.771414889158064	0.941845304801967	1.07529140142749	55.9417082901988	40.7532714892304	15.1884368009684	OU	Cercopithecidae	OWM	Hominidae	APE	order
Saguinus_midas	Nasalis_larvatus	0.897	2.077	78.0653383521	0.706586826347305	0.642973170071099	0.806005406686051	0.977081149708974	1.07375035350277	55.9417082901988	40.7532714892304	15.1884368009684	OU	Callitrichidae	PLA	Cercopithecidae	OWM	order
Macaca_fuscata	Macaca_tonkeana	1.37	1.656	10.9824679326	0.17125748502994	0.0904554104406576	0.598705250707071	0.566429943293206	1.07241089351627	55.9417082901988	40.7532714892304	15.1884368009684	OU	Cercopithecidae	OWM	Cercopithecidae	OWM	family
Nasalis_larvatus	Hylobates_lar	2.077	1.105	62.1515760357	0.582035928143713	0.511901910785915	0.769502026835302	0.940808132099491	1.0697051970972	55.9417082901988	40.7532714892304	15.1884368009684	OU	Cercopithecidae	OWM	Hylobatidae	APE	order
Cebuella_pygmaea	Nasalis_larvatus	0.902	2.077	78.0653383517	0.703592814371257	0.642973170067805	0.804109540702542	0.976496263189971	1.06856053413301	55.9417082901988	40.7532714892304	15.1884368009684	OU	Callitrichidae	PLA	Cercopithecidae	OWM	order
Trachypithecus_pileatus	Pongo_abelii	1.217	2.188	62.1515760361	0.581437125748503	0.51190191078921	0.769022038366561	0.940546453651073	1.06830745327891	55.9417082901988	40.7532714892304	15.1884368009684	OU	Cercopithecidae	OWM	Hominidae	APE	order
Allochrocebus_lhoesti	Trachypithecus_francoisi	1.73	1.048	38.5936741535	0.408383233532934	0.317870869953123	0.714326370875784	0.830773641506241	1.06733286413531	55.9417082901988	40.7532714892304	15.1884368009684	OU	Cercopithecidae	OWM	Cercopithecidae	OWM	family
Allenopithecus_nigroviridis	Hylobates_klossii	1.928	0.958	62.1515760323	0.580838323353293	0.511901910757912	0.768541340119185	0.940283816056545	1.06690923342305	55.9417082901988	40.7532714892304	15.1884368009684	OU	Cercopithecidae	OWM	Hylobatidae	APE	order
Alouatta_seniculus	Mandrillus_sphinx	1.284	2.45	78.0653383564	0.698203592814371	0.642973170106515	0.800662827535225	0.975410779771631	1.05919709028232	55.9417082901988	40.7532714892304	15.1884368009684	OU	Atelidae	PLA	Cercopithecidae	OWM	order
Alouatta_caraya	Alouatta_seniculus	1.483	1.284	6.6926645562	0.119161676646707	0.0551231037584639	0.545600993556771	0.488998015418051	1.05708531307401	55.9417082901988	40.7532714892304	15.1884368009684	OU	Atelidae	PLA	Atelidae	PLA	family
Mandrillus_leucophaeus	Nasalis_larvatus	1.4	2.077	38.593674153	0.405389221556886	0.317870869949005	0.71077950737354	0.827626073892139	1.05549366599444	55.9417082901988	40.7532714892304	15.1884368009684	OU	Cercopithecidae	OWM	Cercopithecidae	OWM	family
Saguinus_oedipus	Pongo_pygmaeus	1.035	2.193	78.0653383542	0.693413173652695	0.642973170088395	0.797562065105041	0.974409707660269	1.05085026756841	55.9417082901988	40.7532714892304	15.1884368009684	OU	Callitrichidae	PLA	Hominidae	APE	order
Macaca_nemestrina	Trachypithecus_francoisi	1.723	1.048	38.5936741547	0.404191616766467	0.317870869963007	0.70935249051869	0.826354857823549	1.05075908983228	55.9417082901988	40.7532714892304	15.1884368009684	OU	Cercopithecidae	OWM	Cercopithecidae	OWM	family
Trachypithecus_cristatus	Rhinopithecus_roxellana	1.148	1.543	17.7111143215	0.236526946107784	0.145874873038069	0.638658268205929	0.647914156048548	1.05055211688288	55.9417082901988	40.7532714892304	15.1884368009684	OU	Cercopithecidae	OWM	Cercopithecidae	OWM	family
Cercocebus_torquatus	Trachypithecus_francoisi	1.722	1.048	38.5936741542	0.403592814371257	0.317870869958889	0.708637208787248	0.825716628976666	1.04839206626559	55.9417082901988	40.7532714892304	15.1884368009684	OU	Cercopithecidae	OWM	Cercopithecidae	OWM	family
Cercopithecus_mitis	Colobus_polykomos	1.866	1.193	38.5936741538	0.402994011976048	0.317870869955594	0.707920744576354	0.825076649983845	1.04602522845581	55.9417082901988	40.7532714892304	15.1884368009684	OU	Cercopithecidae	OWM	Cercopithecidae	OWM	family
Saguinus_oedipus	Pongo_abelii	1.035	2.188	78.0653383542	0.690419161676647	0.642973170088395	0.795606325050269	0.973766292750922	1.04562202403817	55.9417082901988	40.7532714892304	15.1884368009684	OU	Callitrichidae	PLA	Hominidae	APE	order
Rhinopithecus_roxellana	Piliocolobus_badius	1.543	1.018	27.0170263234	0.31437125748503	0.222521588040789	0.674051599430685	0.737056373365544	1.04128925634761	55.9417082901988	40.7532714892304	15.1884368009684	OU	Cercopithecidae	OWM	Cercopithecidae	OWM	family
Papio_anubis	Trachypithecus_pileatus	1.887	1.217	38.593674154	0.401197604790419	0.317870869957241	0.705764255128715	0.823146190251015	1.03892590083982	55.9417082901988	40.7532714892304	15.1884368009684	OU	Cercopithecidae	OWM	Cercopithecidae	OWM	family
Erythrocebus_patas	Hylobates_klossii	1.908	0.958	62.1515760363	0.568862275449102	0.511901910790857	0.758777842350167	0.934825744942709	1.0388457030663	55.9417082901988	40.7532714892304	15.1884368009684	OU	Cercopithecidae	OWM	Hylobatidae	APE	order
Cebus_olivaceus	Mandrillus_sphinx	1.306	2.45	78.065338348	0.68502994011976	0.64297317003733	0.792051423917821	0.972572872410258	1.03618870521552	55.9417082901988	40.7532714892304	15.1884368009684	OU	Cebidae	PLA	Cercopithecidae	OWM	order
Alouatta_palliata	Gorilla_gorilla	1.24	2.383	78.065338354	0.684431137724551	0.642973170086748	0.791653684128677	0.972437422695293	1.03513876246418	55.9417082901988	40.7532714892304	15.1884368009684	OU	Atelidae	PLA	Hominidae	APE	order
Papio_ursinus	Hylobates_muelleri	2.014	1.067	62.151576036	0.567065868263473	0.511901910788386	0.757288669353654	0.933972601487267	1.03462005715312	55.9417082901988	40.7532714892304	15.1884368009684	OU	Cercopithecidae	OWM	Hylobatidae	APE	order
Macaca_fuscata	Allenopithecus_nigroviridis	1.37	1.928	29.8369393106	0.334131736526946	0.24574736827794	0.679529308049214	0.757303922125084	1.02967236781203	55.9417082901988	40.7532714892304	15.1884368009684	OU	Cercopithecidae	OWM	Cercopithecidae	OWM	family
Allenopithecus_nigroviridis	Trachypithecus_obscurus	1.928	1.262	38.5936741493	0.398802395209581	0.31787086991853	0.702872369925784	0.820547609881155	1.02946316624726	55.9417082901988	40.7532714892304	15.1884368009684	OU	Cercopithecidae	OWM	Cercopithecidae	OWM	family
Macaca_mulatta	Pongo_pygmaeus	1.25	2.193	62.1515760367	0.564670658682635	0.511901910794152	0.755293067112165	0.93282078230508	1.02897940888694	55.9417082901988	40.7532714892304	15.1884368009684	OU	Cercopithecidae	OWM	Hominidae	APE	order
Cheracebus_torquatus	Pongo_pygmaeus	1.058	2.193	78.0653383553	0.679640718562874	0.642973170097455	0.788451899650828	0.971332903884074	1.02672618930503	55.9417082901988	40.7532714892304	15.1884368009684	OU	Pitheciidae	PLA	Hominidae	APE	order
Saimiri_oerstedii	Mandrillus_sphinx	1.319	2.45	78.0653383474	0.677245508982036	0.642973170032388	0.786837734474825	0.970766492871629	1.02251116875442	55.9417082901988	40.7532714892304	15.1884368009684	OU	Cebidae	PLA	Cercopithecidae	OWM	order
Macaca_mulatta	Pongo_abelii	1.25	2.188	62.1515760367	0.561676646706587	0.511901910794152	0.75278240697402	0.931357803918992	1.02191829559236	55.9417082901988	40.7532714892304	15.1884368009684	OU	Cercopithecidae	OWM	Hominidae	APE	order
Callithrix_jacchus	Nasalis_larvatus	0.947	2.077	78.0653383513	0.676646706586826	0.64297317006451	0.786432807603827	0.970623394570988	1.02145649904286	55.9417082901988	40.7532714892304	15.1884368009684	OU	Callitrichidae	PLA	Cercopithecidae	OWM	order
Cheracebus_torquatus	Pongo_abelii	1.058	2.188	78.0653383553	0.676646706586826	0.642973170097455	0.786432807592097	0.970623394570824	1.02145649899035	55.9417082901988	40.7532714892304	15.1884368009684	OU	Pitheciidae	PLA	Hominidae	APE	order
Plecturocebus_moloch	Pongo_pygmaeus	1.063	2.193	78.0653383562	0.676646706586826	0.642973170104868	0.786432807589457	0.970623394570787	1.02145649897854	55.9417082901988	40.7532714892304	15.1884368009684	OU	Pitheciidae	PLA	Hominidae	APE	order
Papio_anubis	Cercopithecus_diana	1.887	1.333	29.8369393146	0.331736526946108	0.245747368310885	0.676048069219171	0.753910364477314	1.01771021052802	55.9417082901988	40.7532714892304	15.1884368009684	OU	Cercopithecidae	OWM	Cercopithecidae	OWM	family
Ateles_geoffroyi	Pongo_pygmaeus	1.067	2.193	78.065338355	0.674251497005988	0.642973170094985	0.784807549843489	0.97004495935835	1.0172341497762	55.9417082901988	40.7532714892304	15.1884368009684	OU	Atelidae	PLA	Hominidae	APE	order
Plecturocebus_moloch	Pongo_abelii	1.063	2.188	78.0653383562	0.673652694610778	0.642973170104868	0.784399846491668	0.969898830033525	1.01617764275508	55.9417082901988	40.7532714892304	15.1884368009684	OU	Pitheciidae	PLA	Hominidae	APE	order
Macaca_tonkeana	Presbytis_comata	1.656	0.996	38.593674153	0.395209580838323	0.317870869949005	0.698499022533704	0.816596673908518	1.01527651546406	55.9417082901988	40.7532714892304	15.1884368009684	OU	Cercopithecidae	OWM	Cercopithecidae	OWM	family
Macaca_nigra	Trachypithecus_cristatus	1.808	1.148	38.5936741541	0.395209580838323	0.317870869958065	0.698499022526815	0.816596673907	1.01527651543323	55.9417082901988	40.7532714892304	15.1884368009684	OU	Cercopithecidae	OWM	Cercopithecidae	OWM	family
Papio_hamadryas	Cercopithecus_mona	1.842	1.289	29.8369393135	0.331137724550898	0.245747368301825	0.675173924845172	0.753056802519552	1.01472303759376	55.9417082901988	40.7532714892304	15.1884368009684	OU	Cercopithecidae	OWM	Cercopithecidae	OWM	family
Trachypithecus_obscurus	Pongo_pygmaeus	1.262	2.193	62.1515760353	0.55748502994012	0.511901910782621	0.749237263482925	0.929265742970117	1.01201368783719	55.9417082901988	40.7532714892304	15.1884368009684	OU	Cercopithecidae	OWM	Hominidae	APE	order
Ateles_geoffroyi	Pongo_abelii	1.067	2.188	78.065338355	0.67125748502994	0.642973170094985	0.782763469533433	0.969308170242335	1.01194792386084	55.9417082901988	40.7532714892304	15.1884368009684	OU	Atelidae	PLA	Hominidae	APE	order
Leontocebus_fuscicolis	Nasalis_larvatus	0.958	2.077	78.0653383513	0.670059880239521	0.64297317006451	0.781941939262136	0.969009126513322	1.00983084441513	55.9417082901988	40.7532714892304	15.1884368009684	OU	Callitrichidae	PLA	Cercopithecidae	OWM	order
Papio_anubis	Hylobates_klossii	1.887	0.958	62.1515760362	0.556287425149701	0.511901910790033	0.748217879066214	0.928658497720327	1.00917975426766	55.9417082901988	40.7532714892304	15.1884368009684	OU	Cercopithecidae	OWM	Hylobatidae	APE	order
Saguinus_midas	Papio_ursinus	0.897	2.014	78.0653383527	0.668862275449102	0.642973170076041	0.781118178343461	0.968707585211503	1.00771228076709	55.9417082901988	40.7532714892304	15.1884368009684	OU	Callitrichidae	PLA	Cercopithecidae	OWM	order
Semnopithecus_vetulus	Presbytis_comata	1.385	0.996	17.957258553	0.232934131736527	0.147902202198015	0.628016239322027	0.638730589300085	1.00594956005443	55.9417082901988	40.7532714892304	15.1884368009684	OU	Cercopithecidae	OWM	Cercopithecidae	OWM	family
Trachypithecus_obscurus	Pongo_abelii	1.262	2.188	62.1515760353	0.554491017964072	0.511901910782621	0.746683389810067	0.927739624393948	1.00492550994649	55.9417082901988	40.7532714892304	15.1884368009684	OU	Cercopithecidae	OWM	Hominidae	APE	order
Cercopithecus_ascanius	Pongo_pygmaeus	1.267	2.193	62.1515760357	0.554491017964072	0.511901910785915	0.746683389808539	0.92773962439387	1.00492550993993	55.9417082901988	40.7532714892304	15.1884368009684	OU	Cercopithecidae	OWM	Hominidae	APE	order
Ateles_paniscus	Pongo_pygmaeus	1.079	2.193	78.065338355	0.667065868263473	0.642973170094985	0.779878350041387	0.968250554550861	1.00453164596688	55.9417082901988	40.7532714892304	15.1884368009684	OU	Atelidae	PLA	Hominidae	APE	order
Cebuella_pygmaea	Papio_ursinus	0.902	2.014	78.0653383523	0.665868263473054	0.642973170072746	0.779049003604783	0.967942697698871	1.00240935898655	55.9417082901988	40.7532714892304	15.1884368009684	OU	Callitrichidae	PLA	Cercopithecidae	OWM	order
Macaca_silenus	Gorilla_gorilla	1.459	2.383	62.151576033	0.553293413173653	0.511901910763677	0.745656785745218	0.927121675030136	1.00208712883964	55.9417082901988	40.7532714892304	15.1884368009684	OU	Cercopithecidae	OWM	Hominidae	APE	order
Piliocolobus_badius	Colobus_guereza	1.018	1.467	22.216371838	0.268862275449102	0.182981734655774	0.645781955970014	0.68189377291087	1.00193339922305	55.9417082901988	40.7532714892304	15.1884368009684	OU	Cercopithecidae	OWM	Cercopithecidae	OWM	family
Ateles_paniscus	Pongo_abelii	1.079	2.188	78.065338355	0.664071856287425	0.642973170094985	0.777800787525382	0.96747611657314	0.999223125517918	55.9417082901988	40.7532714892304	15.1884368009684	OU	Atelidae	PLA	Hominidae	APE	order
Mandrillus_sphinx	Avahi_laniger	2.45	0.78	121.41305731	1	0.999999999929991	0.859512196339176	0.99865944377595	0.998659443845865	55.9417082901988	40.7532714892304	15.1884368009684	OU	Cercopithecidae	OWM	Indriidae	STR	order
Cercopithecus_ascanius	Pongo_abelii	1.267	2.188	62.1515760357	0.551497005988024	0.511901910785915	0.744111458053885	0.926186648481855	0.997826249250797	55.9417082901988	40.7532714892304	15.1884368009684	OU	Cercopithecidae	OWM	Hominidae	APE	order
Cercopithecus_ascanius	Allochrocebus_lhoesti	1.267	1.73	23.409750393	0.277245508982036	0.192810813845085	0.647968828641425	0.690968234064226	0.993553400471981	55.9417082901988	40.7532714892304	15.1884368009684	OU	Cercopithecidae	OWM	Cercopithecidae	OWM	family
Papio_ursinus	Cercopithecus_pogonias	2.014	1.469	29.8369393132	0.326347305389221	0.245747368299354	0.668125564350587	0.746153624290356	0.990876225363832	55.9417082901988	40.7532714892304	15.1884368009684	OU	Cercopithecidae	OWM	Cercopithecidae	OWM	family
Colobus_guereza	Gorilla_gorilla	1.467	2.383	62.151576032	0.548502994011976	0.511901910755441	0.741521439085215	0.924606491441047	0.990716030127521	55.9417082901988	40.7532714892304	15.1884368009684	OU	Cercopithecidae	OWM	Hominidae	APE	order
Allenopithecus_nigroviridis	Colobus_angolensis	1.928	1.279	38.59367415	0.388622754491018	0.317870869924296	0.690370432639936	0.809186538156437	0.989295752172256	55.9417082901988	40.7532714892304	15.1884368009684	OU	Cercopithecidae	OWM	Cercopithecidae	OWM	family
Papio_hamadryas	Colobus_polykomos	1.842	1.193	38.5936741539	0.388622754491018	0.317870869956418	0.69037043261549	0.809186538150987	0.989295752065622	55.9417082901988	40.7532714892304	15.1884368009684	OU	Cercopithecidae	OWM	Cercopithecidae	OWM	family
Cercopithecus_mitis	Trachypithecus_pileatus	1.866	1.217	38.5936741539	0.388622754491018	0.317870869956418	0.69037043261549	0.809186538150987	0.989295752065622	55.9417082901988	40.7532714892304	15.1884368009684	OU	Cercopithecidae	OWM	Cercopithecidae	OWM	family
Alouatta_seniculus	Gorilla_gorilla	1.284	2.383	78.0653383544	0.658083832335329	0.642973170090043	0.773603618159301	0.965878606639471	0.988577944767114	55.9417082901988	40.7532714892304	15.1884368009684	OU	Atelidae	PLA	Hominidae	APE	order
Cercopithecus_pogonias	Gorilla_gorilla	1.469	2.383	62.1515760316	0.547305389221557	0.511901910752146	0.740480360764603	0.923966745280999	0.987868903264632	55.9417082901988	40.7532714892304	15.1884368009684	OU	Cercopithecidae	OWM	Hominidae	APE	order
Colobus_angolensis	Pongo_pygmaeus	1.279	2.193	62.151576036	0.547305389221557	0.511901910788386	0.740480360747738	0.923966745280115	0.987868903193752	55.9417082901988	40.7532714892304	15.1884368009684	OU	Cercopithecidae	OWM	Hominidae	APE	order
Trachypithecus_cristatus	Semnopithecus_vetulus	1.148	1.385	9.0158535421	0.141916167664671	0.0742576930457234	0.557292855036793	0.514196455203489	0.982696705973689	55.9417082901988	40.7532714892304	15.1884368009684	OU	Cercopithecidae	OWM	Cercopithecidae	OWM	family
Erythrocebus_patas	Trachypithecus_obscurus	1.908	1.262	38.5936741533	0.386826347305389	0.317870869951476	0.688128648735506	0.807127854817892	0.982217464391439	55.9417082901988	40.7532714892304	15.1884368009684	OU	Cercopithecidae	OWM	Cercopithecidae	OWM	family
Mandrillus_sphinx	Erythrocebus_patas	2.45	1.908	29.836939314	0.324550898203593	0.245747368305943	0.665457135211673	0.743530623282497	0.981957745027766	55.9417082901988	40.7532714892304	15.1884368009684	OU	Cercopithecidae	OWM	Cercopithecidae	OWM	family
Colobus_angolensis	Pongo_abelii	1.279	2.188	62.151576036	0.544311377245509	0.511901910788386	0.737864972920977	0.922347989744163	0.98074356437558	55.9417082901988	40.7532714892304	15.1884368009684	OU	Cercopithecidae	OWM	Hominidae	APE	order
Papio_ursinus	Hylobates_lar	2.014	1.105	62.1515760363	0.544311377245509	0.511901910790857	0.737864972919825	0.922347989744102	0.980743564370781	55.9417082901988	40.7532714892304	15.1884368009684	OU	Cercopithecidae	OWM	Hylobatidae	APE	order
Cercopithecus_mitis	Hylobates_klossii	1.866	0.958	62.1515760361	0.543712574850299	0.51190191078921	0.737339717892768	0.922020893823499	0.979317216209766	55.9417082901988	40.7532714892304	15.1884368009684	OU	Cercopithecidae	OWM	Hylobatidae	APE	order
Macaca_nigra	Cercopithecus_ascanius	1.808	1.267	29.8369393137	0.323952095808383	0.245747368303472	0.664564594198661	0.742652121670643	0.978987945761647	55.9417082901988	40.7532714892304	15.1884368009684	OU	Cercopithecidae	OWM	Cercopithecidae	OWM	family
Cercopithecus_pogonias	Allenopithecus_nigroviridis	1.469	1.928	23.4097503896	0.274850299401197	0.192810813817082	0.643792893362055	0.686769867207666	0.978985046973671	55.9417082901988	40.7532714892304	15.1884368009684	OU	Cercopithecidae	OWM	Cercopithecidae	OWM	family
Aotus_trivirgatus	Pongo_pygmaeus	1.105	2.193	78.0653383581	0.651497005988024	0.642973170120517	0.768921742489119	0.9640443464437	0.97682459320974	55.9417082901988	40.7532714892304	15.1884368009684	OU	Aotidae	PLA	Hominidae	APE	order
Allenopithecus_nigroviridis	Nomascus_concolor	1.928	1.022	62.151576032	0.54251497005988	0.511901910755441	0.73628702874141	0.921363336368953	0.976463248802517	55.9417082901988	40.7532714892304	15.1884368009684	OU	Cercopithecidae	OWM	Hylobatidae	APE	order
Cercopithecus_mona	Pongo_pygmaeus	1.289	2.193	62.1515760356	0.541317365269461	0.511901910785092	0.735231432736514	0.920701274085913	0.973607594322224	55.9417082901988	40.7532714892304	15.1884368009684	OU	Cercopithecidae	OWM	Hominidae	APE	order
Aotus_trivirgatus	Pongo_abelii	1.105	2.188	78.0653383581	0.648502994011976	0.642973170120517	0.766771029380296	0.963183187218662	0.971466944065834	55.9417082901988	40.7532714892304	15.1884368009684	OU	Aotidae	PLA	Hominidae	APE	order
Macaca_fuscata	Erythrocebus_patas	1.37	1.908	29.8369393146	0.322155688622754	0.245747368310885	0.661877780023267	0.740004097614602	0.970087823480194	55.9417082901988	40.7532714892304	15.1884368009684	OU	Cercopithecidae	OWM	Cercopithecidae	OWM	family
Cercopithecus_mona	Pongo_abelii	1.289	2.188	62.1515760356	0.538323353293413	0.511901910785092	0.732579715090173	0.919026273149635	0.966461141682202	55.9417082901988	40.7532714892304	15.1884368009684	OU	Cercopithecidae	OWM	Hominidae	APE	order
Cebus_olivaceus	Gorilla_gorilla	1.306	2.383	78.065338346	0.644910179640719	0.642973170020857	0.764171484488935	0.962126665061011	0.965025150865151	55.9417082901988	40.7532714892304	15.1884368009684	OU	Cebidae	PLA	Hominidae	APE	order
Macaca_tonkeana	Piliocolobus_badius	1.656	1.018	38.593674154	0.382035928143712	0.317870869957241	0.682098378290423	0.801558329112885	0.963359996671467	55.9417082901988	40.7532714892304	15.1884368009684	OU	Cercopithecidae	OWM	Cercopithecidae	OWM	family
Gorilla_gorilla	Avahi_laniger	2.383	0.78	121.413057308	0.959880239520958	0.999999999913519	0.842884975540973	0.997919425331615	0.957883137092766	55.9417082901988	40.7532714892304	15.1884368009684	OU	Hominidae	APE	Indriidae	STR	order
Cercopithecus_cephus	Gorilla_gorilla	1.49	2.383	62.1515760317	0.534730538922156	0.51190191075297	0.729373626135944	0.916978477334602	0.957871781810505	55.9417082901988	40.7532714892304	15.1884368009684	OU	Cercopithecidae	OWM	Hominidae	APE	order
Callithrix_jacchus	Papio_ursinus	0.947	2.014	78.0653383519	0.638922155688623	0.642973170069452	0.75979348175486	0.960308494972848	0.954258128170222	55.9417082901988	40.7532714892304	15.1884368009684	OU	Callitrichidae	PLA	Cercopithecidae	OWM	order
Macaca_fascicularis	Gorilla_gorilla	1.493	2.383	62.1515760326	0.532934131736527	0.511901910760383	0.727760740674835	0.9159389539151	0.953571613755705	55.9417082901988	40.7532714892304	15.1884368009684	OU	Cercopithecidae	OWM	Hominidae	APE	order
Pygathrix_nemaeus	Pongo_pygmaeus	1.303	2.193	62.1515760348	0.532934131736527	0.511901910778503	0.727760740666349	0.915938953914634	0.953571613721465	55.9417082901988	40.7532714892304	15.1884368009684	OU	Cercopithecidae	OWM	Hominidae	APE	order
Gorilla_beringei	Hylobates_klossii	1.67	0.958	45.7765141043	0.426347305389221	0.377031228068127	0.693903663737936	0.841349469039405	0.951398855881471	55.9417082901988	40.7532714892304	15.1884368009684	OU	Hominidae	APE	Hylobatidae	APE	superfamily
Saimiri_oerstedii	Gorilla_gorilla	1.319	2.383	78.0653383454	0.637125748502994	0.642973170015916	0.758468982121765	0.959748804513067	0.95102051526521	55.9417082901988	40.7532714892304	15.1884368009684	OU	Cebidae	PLA	Hominidae	APE	order
Cercopithecus_neglectus	Trachypithecus_cristatus	1.78	1.148	38.5936741547	0.378443113772455	0.317870869963007	0.6775258637922	0.79730465189201	0.94923594326964	55.9417082901988	40.7532714892304	15.1884368009684	OU	Cercopithecidae	OWM	Cercopithecidae	OWM	family
Erythrocebus_patas	Nomascus_concolor	1.908	1.022	62.151576036	0.530538922155689	0.511901910788386	0.725600010806436	0.914536560467277	0.947832447655884	55.9417082901988	40.7532714892304	15.1884368009684	OU	Cercopithecidae	OWM	Hylobatidae	APE	order
Macaca_mulatta	Cercopithecus_neglectus	1.25	1.78	29.8369393153	0.317365269461078	0.24574736831665	0.654645582436914	0.732850709591488	0.946424633221541	55.9417082901988	40.7532714892304	15.1884368009684	OU	Cercopithecidae	OWM	Cercopithecidae	OWM	family
Pygathrix_nemaeus	Pongo_abelii	1.303	2.188	62.1515760348	0.529940119760479	0.511901910778503	0.725058002974481	0.914183022920449	0.946396663987223	55.9417082901988	40.7532714892304	15.1884368009684	OU	Cercopithecidae	OWM	Hominidae	APE	order
Papio_hamadryas	Hylobates_klossii	1.842	0.958	62.1515760362	0.529341317365269	0.511901910790033	0.72451526466154	0.913828304491545	0.944960486274948	55.9417082901988	40.7532714892304	15.1884368009684	OU	Cercopithecidae	OWM	Hylobatidae	APE	order
Leontocebus_fuscicolis	Papio_ursinus	0.958	2.014	78.0653383519	0.632335329341317	0.642973170069452	0.754911877461818	0.958223479716392	0.942369896342018	55.9417082901988	40.7532714892304	15.1884368009684	OU	Callitrichidae	PLA	Cercopithecidae	OWM	order
Papio_ursinus	Semnopithecus_vetulus	2.014	1.385	38.5936741536	0.376646706586826	0.317870869953947	0.675223596790542	0.79515307181217	0.942180659001066	55.9417082901988	40.7532714892304	15.1884368009684	OU	Cercopithecidae	OWM	Cercopithecidae	OWM	family
Erythrocebus_patas	Colobus_angolensis	1.908	1.279	38.593674154	0.376646706586826	0.317870869957241	0.675223596788035	0.795153071811599	0.942180658990625	55.9417082901988	40.7532714892304	15.1884368009684	OU	Cercopithecidae	OWM	Cercopithecidae	OWM	family
Mandrillus_leucophaeus	Allenopithecus_nigroviridis	1.4	1.928	29.83693931	0.316167664670659	0.245747368272998	0.652822235859422	0.731041413032097	0.940525458971082	55.9417082901988	40.7532714892304	15.1884368009684	OU	Cercopithecidae	OWM	Cercopithecidae	OWM	family
Theropithecus_gelada	Presbytis_comata	1.624	0.996	38.593674153	0.376047904191617	0.317870869949005	0.67445380291559	0.794432201013905	0.939829951267755	55.9417082901988	40.7532714892304	15.1884368009684	OU	Cercopithecidae	OWM	Cercopithecidae	OWM	family
Semnopithecus_entellus	Pongo_pygmaeus	1.314	2.193	62.1515760357	0.526347305389221	0.511901910785915	0.721790610622946	0.912036908017997	0.937773739140335	55.9417082901988	40.7532714892304	15.1884368009684	OU	Cercopithecidae	OWM	Hominidae	APE	order
Colobus_angolensis	Colobus_guereza	1.279	1.467	6.780108392	0.112574850299401	0.055843321482416	0.517431054039932	0.463228990179743	0.933825797597799	55.9417082901988	40.7532714892304	15.1884368009684	OU	Cercopithecidae	OWM	Cercopithecidae	OWM	family
Allenopithecus_nigroviridis	Pygathrix_nemaeus	1.928	1.303	38.5936741488	0.374251497005988	0.317870869914412	0.672137307521505	0.792258531502672	0.932781105454788	55.9417082901988	40.7532714892304	15.1884368009684	OU	Cercopithecidae	OWM	Cercopithecidae	OWM	family
Papio_anubis	Trachypithecus_obscurus	1.887	1.262	38.5936741532	0.374251497005988	0.317870869950652	0.672137307493931	0.792258531496372	0.932781105341026	55.9417082901988	40.7532714892304	15.1884368009684	OU	Cercopithecidae	OWM	Cercopithecidae	OWM	family
Papio_hamadryas	Trachypithecus_pileatus	1.842	1.217	38.593674154	0.374251497005988	0.317870869957241	0.672137307488917	0.792258531495227	0.932781105320342	55.9417082901988	40.7532714892304	15.1884368009684	OU	Cercopithecidae	OWM	Cercopithecidae	OWM	family
Semnopithecus_entellus	Pongo_abelii	1.314	2.188	62.1515760357	0.523353293413174	0.511901910785915	0.719047672056143	0.910215599132265	0.930577365477228	55.9417082901988	40.7532714892304	15.1884368009684	OU	Cercopithecidae	OWM	Hominidae	APE	order
Papio_cynocephalus	Trachypithecus_cristatus	1.772	1.148	38.593674154	0.373652694610778	0.317870869957241	0.671362771327566	0.791530283447	0.930432610310561	55.9417082901988	40.7532714892304	15.1884368009684	OU	Cercopithecidae	OWM	Cercopithecidae	OWM	family
Papio_ursinus	Cercopithecus_cephus	2.014	1.49	29.8369393133	0.31377245508982	0.245747368300178	0.6491572036233	0.727397629147728	0.928747849887075	55.9417082901988	40.7532714892304	15.1884368009684	OU	Cercopithecidae	OWM	Cercopithecidae	OWM	family
Saguinus_oedipus	Nasalis_larvatus	1.035	2.077	78.0653383512	0.623952095808383	0.642973170063686	0.748598829082275	0.955436403086065	0.927171729511086	55.9417082901988	40.7532714892304	15.1884368009684	OU	Callitrichidae	PLA	Cercopithecidae	OWM	order
Mandrillus_sphinx	Allenopithecus_nigroviridis	2.45	1.928	29.83693931	0.312574850299401	0.245747368272998	0.647315523774197	0.72556312826029	0.922869643701673	55.9417082901988	40.7532714892304	15.1884368009684	OU	Cercopithecidae	OWM	Cercopithecidae	OWM	family
Cercopithecus_petaurista	Gorilla_gorilla	1.517	2.383	62.1515760317	0.518562874251497	0.51190191075297	0.714620894976449	0.90723847589476	0.91904363279192	55.9417082901988	40.7532714892304	15.1884368009684	OU	Cercopithecidae	OWM	Hominidae	APE	order
Papio_anubis	Nomascus_concolor	1.887	1.022	62.1515760359	0.517964071856287	0.511901910787563	0.714064250109242	0.906860826510858	0.917600259752605	55.9417082901988	40.7532714892304	15.1884368009684	OU	Cercopithecidae	OWM	Hylobatidae	APE	order
Macaca_silenus	Nasalis_larvatus	1.459	2.077	38.593674154	0.370059880239521	0.317870869957241	0.666690664823709	0.787121913451639	0.916353993258325	55.9417082901988	40.7532714892304	15.1884368009684	OU	Cercopithecidae	OWM	Cercopithecidae	OWM	family
Saguinus_midas	Allenopithecus_nigroviridis	0.897	1.928	78.0653383491	0.617365269461078	0.64297317004639	0.743559628448104	0.953137955825654	0.915177021911241	55.9417082901988	40.7532714892304	15.1884368009684	OU	Callitrichidae	PLA	Cercopithecidae	OWM	order
Cercopithecus_mona	Allochrocebus_lhoesti	1.289	1.73	23.4097503929	0.264071856287425	0.192810813844262	0.624617069656143	0.6674147214991	0.914084852949069	55.9417082901988	40.7532714892304	15.1884368009684	OU	Cercopithecidae	OWM	Cercopithecidae	OWM	family
Macaca_nigra	Cercopithecus_mona	1.808	1.289	29.8369393136	0.310778443113773	0.245747368302649	0.644541557889633	0.722795597609789	0.914065904616395	55.9417082901988	40.7532714892304	15.1884368009684	OU	Cercopithecidae	OWM	Cercopithecidae	OWM	family
Macaca_silenus	Papio_anubis	1.459	1.887	22.4016461429	0.256287425149701	0.184507718013675	0.62084218624183	0.65779915788713	0.913705151499617	55.9417082901988	40.7532714892304	15.1884368009684	OU	Cercopithecidae	OWM	Cercopithecidae	OWM	family
Allenopithecus_nigroviridis	Hylobates_muelleri	1.928	1.067	62.1515760324	0.515568862275449	0.511901910758735	0.711830337237886	0.905337874394673	0.911823159997005	55.9417082901988	40.7532714892304	15.1884368009684	OU	Cercopithecidae	OWM	Hylobatidae	APE	order
Cercopithecus_diana	Pongo_pygmaeus	1.333	2.193	62.1515760367	0.51497005988024	0.511901910794152	0.711270025062799	0.904954034762212	0.910377991649577	55.9417082901988	40.7532714892304	15.1884368009684	OU	Cercopithecidae	OWM	Hominidae	APE	order
Cebuella_pygmaea	Allenopithecus_nigroviridis	0.902	1.928	78.0653383487	0.61437125748503	0.642973170043095	0.741246047890455	0.952060687232663	0.909709376486096	55.9417082901988	40.7532714892304	15.1884368009684	OU	Callitrichidae	PLA	Cercopithecidae	OWM	order
Macaca_nigra	Colobus_polykomos	1.808	1.193	38.593674154	0.368263473053892	0.317870869957241	0.664338616004921	0.784892657172471	0.909323008880032	55.9417082901988	40.7532714892304	15.1884368009684	OU	Cercopithecidae	OWM	Cercopithecidae	OWM	family
Allenopithecus_nigroviridis	Semnopithecus_entellus	1.928	1.314	38.5936741497	0.367664670658683	0.317870869921825	0.663552230873356	0.784145846443544	0.906980637929932	55.9417082901988	40.7532714892304	15.1884368009684	OU	Cercopithecidae	OWM	Cercopithecidae	OWM	family
Cercopithecus_pogonias	Erythrocebus_patas	1.469	1.908	23.4097503936	0.262874251497006	0.192810813850027	0.622447747003603	0.665217450046181	0.906943629207714	55.9417082901988	40.7532714892304	15.1884368009684	OU	Cercopithecidae	OWM	Cercopithecidae	OWM	family
Cercopithecus_cephus	Allenopithecus_nigroviridis	1.49	1.928	23.4097503897	0.262275449101796	0.192810813817906	0.621360194306909	0.66411531447543	0.90337849268104	55.9417082901988	40.7532714892304	15.1884368009684	OU	Cercopithecidae	OWM	Cercopithecidae	OWM	family
Cercopithecus_diana	Pongo_abelii	1.333	2.188	62.1515760367	0.511976047904192	0.511901910794152	0.708457455266157	0.903016097563042	0.903146878484897	55.9417082901988	40.7532714892304	15.1884368009684	OU	Cercopithecidae	OWM	Hominidae	APE	order
Cheracebus_torquatus	Nasalis_larvatus	1.058	2.077	78.0653383523	0.610179640718563	0.642973170072746	0.737982797320976	0.950517610595897	0.902038407083847	55.9417082901988	40.7532714892304	15.1884368009684	OU	Pitheciidae	PLA	Cercopithecidae	OWM	order
Saimiri_sciureus	Pongo_pygmaeus	1.177	2.193	78.065338349	0.608383233532934	0.642973170045566	0.736575593685109	0.949843650357141	0.89874504610208	55.9417082901988	40.7532714892304	15.1884368009684	OU	Cebidae	PLA	Hominidae	APE	order
Plecturocebus_moloch	Nasalis_larvatus	1.063	2.077	78.0653383532	0.607185628742515	0.642973170080159	0.735634565755841	0.949390082157443	0.896547540054911	55.9417082901988	40.7532714892304	15.1884368009684	OU	Pitheciidae	PLA	Cercopithecidae	OWM	order
Macaca_nigra	Hylobates_klossii	1.808	0.958	62.1515760363	0.508982035928144	0.511901910790857	0.705626527985444	0.901046691706958	0.895907145380238	55.9417082901988	40.7532714892304	15.1884368009684	OU	Cercopithecidae	OWM	Hylobatidae	APE	order
Saimiri_sciureus	Pongo_abelii	1.177	2.188	78.065338349	0.605389221556886	0.642973170045566	0.734218682835481	0.948703290117964	0.893248385857638	55.9417082901988	40.7532714892304	15.1884368009684	OU	Cebidae	PLA	Hominidae	APE	order
Saguinus_midas	Erythrocebus_patas	0.897	1.908	78.0653383531	0.605389221556886	0.642973170079335	0.734218682822928	0.948703290117722	0.893248385810497	55.9417082901988	40.7532714892304	15.1884368009684	OU	Callitrichidae	PLA	Cercopithecidae	OWM	order
Cercopithecus_pogonias	Nasalis_larvatus	1.469	2.077	38.5936741526	0.364071856287425	0.31787086994571	0.658809056983515	0.779625753407643	0.892940568291395	55.9417082901988	40.7532714892304	15.1884368009684	OU	Cercopithecidae	OWM	Cercopithecidae	OWM	family
Papio_anubis	Colobus_angolensis	1.887	1.279	38.5936741539	0.364071856287425	0.317870869956418	0.658809056975384	0.779625753405753	0.892940568259153	55.9417082901988	40.7532714892304	15.1884368009684	OU	Cercopithecidae	OWM	Cercopithecidae	OWM	family
Macaca_tonkeana	Trachypithecus_francoisi	1.656	1.048	38.5936741542	0.364071856287425	0.317870869958889	0.658809056973507	0.779625753405317	0.892940568251712	55.9417082901988	40.7532714892304	15.1884368009684	OU	Cercopithecidae	OWM	Cercopithecidae	OWM	family
Papio_cynocephalus	Mandrillus_leucophaeus	1.772	1.4	18.5708053179	0.222754491017964	0.15295558589867	0.598826154916096	0.613046984713203	0.892801451137289	55.9417082901988	40.7532714892304	15.1884368009684	OU	Cercopithecidae	OWM	Cercopithecidae	OWM	family
Ateles_geoffroyi	Nasalis_larvatus	1.067	2.077	78.065338352	0.604790419161677	0.642973170070276	0.733745563678025	0.948472632614111	0.892147896279049	55.9417082901988	40.7532714892304	15.1884368009684	OU	Atelidae	PLA	Cercopithecidae	OWM	order
Cercopithecus_cephus	Cercopithecus_neglectus	1.49	1.78	12.9463432667	0.173652694610778	0.106630568018217	0.566870161308168	0.547369234840923	0.891415513803953	55.9417082901988	40.7532714892304	15.1884368009684	OU	Cercopithecidae	OWM	Cercopithecidae	OWM	family
Theropithecus_gelada	Piliocolobus_badius	1.624	1.018	38.593674154	0.362874251497006	0.317870869957241	0.657218531421517	0.77810407359787	0.888266148236796	55.9417082901988	40.7532714892304	15.1884368009684	OU	Cercopithecidae	OWM	Cercopithecidae	OWM	family
Cebuella_pygmaea	Erythrocebus_patas	0.902	1.908	78.0653383527	0.602395209580838	0.642973170076041	0.73184729261309	0.947541304578131	0.887742085241814	55.9417082901988	40.7532714892304	15.1884368009684	OU	Callitrichidae	PLA	Cercopithecidae	OWM	order
Cercopithecus_mitis	Nomascus_concolor	1.866	1.022	62.1515760358	0.505389221556886	0.511901910786739	0.70220516739003	0.898641412060484	0.887208416553921	55.9417082901988	40.7532714892304	15.1884368009684	OU	Cercopithecidae	OWM	Hylobatidae	APE	order
Mandrillus_sphinx	Eulemur_macaco	2.45	0.964	121.4130573131	0.889820359281437	0.999999999955524	0.810336318663864	0.995679894108091	0.88597624114397	55.9417082901988	40.7532714892304	15.1884368009684	OU	Cercopithecidae	OWM	Lemuridae	STR	order
Erythrocebus_patas	Pygathrix_nemaeus	1.908	1.303	38.5936741528	0.362275449101796	0.317870869947358	0.656421494294977	0.777340417568687	0.885930028524827	55.9417082901988	40.7532714892304	15.1884368009684	OU	Cercopithecidae	OWM	Cercopithecidae	OWM	family
Papio_hamadryas	Cercopithecus_diana	1.842	1.333	29.8369393146	0.304790419161677	0.245747368310885	0.635195947247352	0.713433506005069	0.884842425104571	55.9417082901988	40.7532714892304	15.1884368009684	OU	Cercopithecidae	OWM	Cercopithecidae	OWM	family
Cercopithecus_mitis	Trachypithecus_obscurus	1.866	1.262	38.5936741531	0.361676646706587	0.317870869949829	0.655623274516393	0.776574882089978	0.883594647459194	55.9417082901988	40.7532714892304	15.1884368009684	OU	Cercopithecidae	OWM	Cercopithecidae	OWM	family
Sapajus_apella	Mandrillus_sphinx	1.448	2.45	78.065338349	0.6	0.642973170045566	0.729939744078142	0.946595944320415	0.883330118661093	55.9417082901988	40.7532714892304	15.1884368009684	OU	Cebidae	PLA	Cercopithecidae	OWM	order
Erythrocebus_patas	Hylobates_muelleri	1.908	1.067	62.1515760364	0.503592814371257	0.511901910791681	0.70048456242714	0.897421431328055	0.882854653893826	55.9417082901988	40.7532714892304	15.1884368009684	OU	Cercopithecidae	OWM	Hylobatidae	APE	order
Mandrillus_leucophaeus	Erythrocebus_patas	1.4	1.908	29.836939314	0.304191616766467	0.245747368305943	0.634253016599885	0.712485688562689	0.881930801623207	55.9417082901988	40.7532714892304	15.1884368009684	OU	Cercopithecidae	OWM	Cercopithecidae	OWM	family
Rhinopithecus_roxellana	Gorilla_gorilla	1.543	2.383	62.1515760314	0.502994011976048	0.511901910750499	0.699909556654969	0.897012184943683	0.881402761389837	55.9417082901988	40.7532714892304	15.1884368009684	OU	Cercopithecidae	OWM	Hominidae	APE	order
Ateles_paniscus	Nasalis_larvatus	1.079	2.077	78.065338352	0.597604790419162	0.642973170070276	0.728022909855943	0.945636397475874	0.878912009757009	55.9417082901988	40.7532714892304	15.1884368009684	OU	Atelidae	PLA	Cercopithecidae	OWM	order
Cacajao_calvus	Pongo_pygmaeus	1.198	2.193	78.065338355	0.595808383233533	0.642973170094985	0.726579185726513	0.94490733418688	0.875594406224174	55.9417082901988	40.7532714892304	15.1884368009684	OU	Pitheciidae	PLA	Hominidae	APE	order
Papio_cynocephalus	Cercopithecus_ascanius	1.772	1.267	29.8369393136	0.302395209580838	0.245747368302649	0.631415108764588	0.709629556282793	0.87320804238529	55.9417082901988	40.7532714892304	15.1884368009684	OU	Cercopithecidae	OWM	Cercopithecidae	OWM	family
Saguinus_midas	Papio_anubis	0.897	1.887	78.065338353	0.592814371257485	0.642973170078512	0.724161353301301	0.943674123504955	0.87005742732506	55.9417082901988	40.7532714892304	15.1884368009684	OU	Callitrichidae	PLA	Cercopithecidae	OWM	order
Cacajao_calvus	Pongo_abelii	1.198	2.188	78.065338355	0.592814371257485	0.642973170094985	0.724161353295151	0.94367412350483	0.870057427302654	55.9417082901988	40.7532714892304	15.1884368009684	OU	Pitheciidae	PLA	Hominidae	APE	order
Presbytis_comata	Colobus_guereza	0.996	1.467	27.017026323	0.282035928143713	0.222521588037495	0.621828365956082	0.684773779914285	0.867919424312491	55.9417082901988	40.7532714892304	15.1884368009684	OU	Cercopithecidae	OWM	Cercopithecidae	OWM	family
Macaca_silenus	Macaca_tonkeana	1.459	1.656	7.658282337	0.117964071856287	0.0630762663105518	0.511264180931658	0.462573887974402	0.865097168104356	55.9417082901988	40.7532714892304	15.1884368009684	OU	Cercopithecidae	OWM	Cercopithecidae	OWM	family
Cebuella_pygmaea	Papio_anubis	0.902	1.887	78.0653383526	0.589820359281437	0.642973170075217	0.72172897670466	0.942418016992297	0.864510930231614	55.9417082901988	40.7532714892304	15.1884368009684	OU	Callitrichidae	PLA	Cercopithecidae	OWM	order
Mandrillus_sphinx	Cheirogaleus_medius	2.45	1	121.413057312	0.868263473053892	0.999999999946464	0.799384630653725	0.994641511582158	0.863610893336132	55.9417082901988	40.7532714892304	15.1884368009684	OU	Cercopithecidae	OWM	Cheirogaleidae	STR	order
Mandrillus_sphinx	Eulemur_fulvus	2.45	1	121.4130573124	0.868263473053892	0.999999999949758	0.799384630652983	0.994641511582157	0.863610893333286	55.9417082901988	40.7532714892304	15.1884368009684	OU	Cercopithecidae	OWM	Lemuridae	STR	order
Mandrillus_sphinx	Lemur_catta	2.45	1	121.413057314	0.868263473053892	0.999999999962937	0.799384630650017	0.994641511582156	0.863610893321904	55.9417082901988	40.7532714892304	15.1884368009684	OU	Cercopithecidae	OWM	Lemuridae	STR	order
Erythrocebus_patas	Semnopithecus_entellus	1.908	1.314	38.5936741537	0.355688622754491	0.31787086995477	0.64757607937764	0.768815831820373	0.860283436512906	55.9417082901988	40.7532714892304	15.1884368009684	OU	Cercopithecidae	OWM	Cercopithecidae	OWM	family
Callithrix_jacchus	Allenopithecus_nigroviridis	0.947	1.928	78.0653383483	0.587425149700599	0.642973170039801	0.71977259462765	0.94139644104808	0.860066906487012	55.9417082901988	40.7532714892304	15.1884368009684	OU	Callitrichidae	PLA	Cercopithecidae	OWM	order
Cercopithecus_pogonias	Cercopithecus_mona	1.469	1.289	6.78289012	0.107784431137725	0.0558662327578706	0.498517528508448	0.445694126496383	0.859891306686862	55.9417082901988	40.7532714892304	15.1884368009684	OU	Cercopithecidae	OWM	Cercopithecidae	OWM	family
Saguinus_oedipus	Papio_ursinus	1.035	2.014	78.0653383518	0.58622754491018	0.642973170068628	0.718790907720556	0.940880035428637	0.85784262687891	55.9417082901988	40.7532714892304	15.1884368009684	OU	Callitrichidae	PLA	Cercopithecidae	OWM	order
Allenopithecus_nigroviridis	Hylobates_lar	1.928	1.105	62.1515760327	0.492814371257485	0.511901910761206	0.690021879391315	0.88985441874307	0.856673977308378	55.9417082901988	40.7532714892304	15.1884368009684	OU	Cercopithecidae	OWM	Hylobatidae	APE	order
Macaca_fuscata	Pongo_pygmaeus	1.37	2.193	62.1515760366	0.492814371257485	0.511901910793328	0.690021879376135	0.889854418742121	0.856673977253708	55.9417082901988	40.7532714892304	15.1884368009684	OU	Cercopithecidae	OWM	Hominidae	APE	order
Mandrillus_sphinx	Eulemur_mongoz	2.45	1.012	121.413057313	0.861077844311377	0.9999999999547	0.795633423327588	0.994248259700518	0.856125148212042	55.9417082901988	40.7532714892304	15.1884368009684	OU	Cercopithecidae	OWM	Lemuridae	STR	order
Cercopithecus_neglectus	Hylobates_klossii	1.78	0.958	62.1515760369	0.492215568862275	0.511901910795799	0.68943362638775	0.889421429863985	0.855216723802064	55.9417082901988	40.7532714892304	15.1884368009684	OU	Cercopithecidae	OWM	Hylobatidae	APE	order
Macaca_nigra	Trachypithecus_pileatus	1.808	1.217	38.5936741541	0.353892215568862	0.317870869958065	0.645138898251639	0.766451221201019	0.853306000741975	55.9417082901988	40.7532714892304	15.1884368009684	OU	Cercopithecidae	OWM	Cercopithecidae	OWM	family
Papio_hamadryas	Nomascus_concolor	1.842	1.022	62.1515760359	0.491017964071856	0.511901910787563	0.688254911419523	0.888551420133402	0.852301388396498	55.9417082901988	40.7532714892304	15.1884368009684	OU	Cercopithecidae	OWM	Hylobatidae	APE	order
Papio_anubis	Hylobates_muelleri	1.887	1.067	62.1515760363	0.491017964071856	0.511901910790857	0.688254911417966	0.888551420133304	0.852301388390919	55.9417082901988	40.7532714892304	15.1884368009684	OU	Cercopithecidae	OWM	Hylobatidae	APE	order
Mandrillus_sphinx	Eulemur_rubriventer	2.45	1.021	121.413057314	0.855688622754491	0.999999999962937	0.79278671633861	0.993936442147583	0.850500105318286	55.9417082901988	40.7532714892304	15.1884368009684	OU	Cercopithecidae	OWM	Lemuridae	STR	order
Aotus_trivirgatus	Nasalis_larvatus	1.105	2.077	78.0653383551	0.582035928143713	0.642973170095808	0.715336637206579	0.93904278640286	0.850045795331095	55.9417082901988	40.7532714892304	15.1884368009684	OU	Aotidae	PLA	Cercopithecidae	OWM	order
Papio_ursinus	Cercopithecus_petaurista	2.014	1.517	29.8369393133	0.297604790419162	0.245747368300178	0.623780606550315	0.701920131140215	0.850038781549886	55.9417082901988	40.7532714892304	15.1884368009684	OU	Cercopithecidae	OWM	Cercopithecidae	OWM	family
Macaca_fuscata	Pongo_abelii	1.37	2.188	62.1515760366	0.489820359281437	0.511901910793328	0.687073250964067	0.887676017615169	0.849384963615269	55.9417082901988	40.7532714892304	15.1884368009684	OU	Cercopithecidae	OWM	Hominidae	APE	order
Cercopithecus_nictitans	Gorilla_gorilla	1.566	2.383	62.1515760318	0.489221556886227	0.511901910753794	0.686481316153078	0.88723628776313	0.847926348597281	55.9417082901988	40.7532714892304	15.1884368009684	OU	Cercopithecidae	OWM	Hominidae	APE	order
Leontocebus_fuscicolis	Allenopithecus_nigroviridis	0.958	1.928	78.0653383483	0.580838323353293	0.642973170039801	0.714344452247002	0.938509253794096	0.847814756238692	55.9417082901988	40.7532714892304	15.1884368009684	OU	Callitrichidae	PLA	Cercopithecidae	OWM	order
Macaca_fuscata	Cercopithecus_mitis	1.37	1.866	29.8369393144	0.297005988023952	0.245747368309238	0.622819478297867	0.700946926446435	0.847152243679797	55.9417082901988	40.7532714892304	15.1884368009684	OU	Cercopithecidae	OWM	Cercopithecidae	OWM	family
Saguinus_midas	Cercopithecus_mitis	0.897	1.866	78.0653383529	0.580239520958084	0.642973170077688	0.71384748421312	0.938241041038382	0.846698676601928	55.9417082901988	40.7532714892304	15.1884368009684	OU	Callitrichidae	PLA	Cercopithecidae	OWM	order
Alouatta_caraya	Mandrillus_sphinx	1.483	2.45	78.0653383562	0.579041916167665	0.642973170104868	0.712851796686842	0.937701710200455	0.844465399667626	55.9417082901988	40.7532714892304	15.1884368009684	OU	Atelidae	PLA	Cercopithecidae	OWM	order
Gorilla_gorilla	Eulemur_macaco	2.383	0.964	121.4130573111	0.849700598802395	0.999999999939051	0.789590085377823	0.993572186514206	0.844238881885981	55.9417082901988	40.7532714892304	15.1884368009684	OU	Hominidae	APE	Lemuridae	STR	order
Cercopithecus_cephus	Nasalis_larvatus	1.49	2.077	38.5936741527	0.351497005988024	0.317870869946534	0.641872815719756	0.763271808201682	0.844014915185787	55.9417082901988	40.7532714892304	15.1884368009684	OU	Cercopithecidae	OWM	Cercopithecidae	OWM	family
Cercopithecus_mitis	Colobus_angolensis	1.866	1.279	38.5936741538	0.351497005988024	0.317870869955594	0.641872815712905	0.763271808200057	0.844014915159935	55.9417082901988	40.7532714892304	15.1884368009684	OU	Cercopithecidae	OWM	Cercopithecidae	OWM	family
Cercopithecus_neglectus	Colobus_polykomos	1.78	1.193	38.5936741546	0.351497005988024	0.317870869962183	0.641872815707923	0.763271808198876	0.844014915141133	55.9417082901988	40.7532714892304	15.1884368009684	OU	Cercopithecidae	OWM	Cercopithecidae	OWM	family
Papio_cynocephalus	Hylobates_klossii	1.772	0.958	62.1515760362	0.487425149700599	0.511901910790033	0.684701093056195	0.885908953648956	0.843548920704381	55.9417082901988	40.7532714892304	15.1884368009684	OU	Cercopithecidae	OWM	Hylobatidae	APE	order
Cebuella_pygmaea	Cercopithecus_mitis	0.902	1.866	78.0653383525	0.577245508982036	0.642973170074393	0.711353885518196	0.93688541329868	0.841112697120579	55.9417082901988	40.7532714892304	15.1884368009684	OU	Callitrichidae	PLA	Cercopithecidae	OWM	order
Chlorocebus_pygerythrus	Gorilla_gorilla	1.571	2.383	62.1515760319	0.48622754491018	0.511901910754617	0.6835105954241	0.885017252016338	0.840629340524837	55.9417082901988	40.7532714892304	15.1884368009684	OU	Cercopithecidae	OWM	Hominidae	APE	order
Macaca_nigra	Mandrillus_leucophaeus	1.808	1.4	22.401646142	0.244311377245509	0.184507718006263	0.598167723490626	0.634768349930064	0.840512968666218	55.9417082901988	40.7532714892304	15.1884368009684	OU	Cercopithecidae	OWM	Cercopithecidae	OWM	family
Pongo_pygmaeus	Avahi_laniger	2.193	0.78	121.413057312	0.846107784431138	0.999999999946464	0.787655060374698	0.993344296461589	0.840476341901418	55.9417082901988	40.7532714892304	15.1884368009684	OU	Hominidae	APE	Indriidae	STR	order
Callithrix_jacchus	Erythrocebus_patas	0.947	1.908	78.0653383523	0.575449101796407	0.642973170072746	0.709850716580407	0.93606029580514	0.837756661584189	55.9417082901988	40.7532714892304	15.1884368009684	OU	Callitrichidae	PLA	Cercopithecidae	OWM	order
Pongo_abelii	Avahi_laniger	2.188	0.78	121.413057312	0.84311377245509	0.999999999946464	0.786032746087188	0.993148867276537	0.837337488143848	55.9417082901988	40.7532714892304	15.1884368009684	OU	Hominidae	APE	Indriidae	STR	order
Papio_anubis	Pygathrix_nemaeus	1.887	1.303	38.5936741527	0.349700598802395	0.317870869946534	0.639410883523384	0.760867253031217	0.837056047441227	55.9417082901988	40.7532714892304	15.1884368009684	OU	Cercopithecidae	OWM	Cercopithecidae	OWM	family
Macaca_fascicularis	Nasalis_larvatus	1.493	2.077	38.5936741536	0.349700598802395	0.317870869953947	0.639410883517784	0.760867253029885	0.837056047420241	55.9417082901988	40.7532714892304	15.1884368009684	OU	Cercopithecidae	OWM	Cercopithecidae	OWM	family
Mandrillus_sphinx	Eulemur_coronatus	2.45	1.043	121.4130573131	0.84251497005988	0.999999999955524	0.785707213177074	0.993109168255361	0.836709341196072	55.9417082901988	40.7532714892304	15.1884368009684	OU	Cercopithecidae	OWM	Lemuridae	STR	order
Semnopithecus_vetulus	Pongo_pygmaeus	1.385	2.193	62.151576036	0.483832335329341	0.511901910788386	0.681120762509597	0.88321740929186	0.834787158897447	55.9417082901988	40.7532714892304	15.1884368009684	OU	Cercopithecidae	OWM	Hominidae	APE	order
Cercopithecus_cephus	Erythrocebus_patas	1.49	1.908	23.4097503937	0.250299401197605	0.192810813850851	0.599206045972812	0.641583407153351	0.832878298792026	55.9417082901988	40.7532714892304	15.1884368009684	OU	Cercopithecidae	OWM	Cercopithecidae	OWM	family
Allochrocebus_lhoesti	Trachypithecus_cristatus	1.73	1.148	38.5936741534	0.348502994011976	0.3178708699523	0.637763709549411	0.759254675340224	0.832421440861711	55.9417082901988	40.7532714892304	15.1884368009684	OU	Cercopithecidae	OWM	Cercopithecidae	OWM	family
Cheracebus_torquatus	Papio_ursinus	1.058	2.014	78.0653383529	0.572455089820359	0.642973170077688	0.707333745705916	0.934665315503308	0.832155900181297	55.9417082901988	40.7532714892304	15.1884368009684	OU	Pitheciidae	PLA	Cercopithecidae	OWM	order
Alouatta_palliata	Pongo_pygmaeus	1.24	2.193	78.065338358	0.57065868263473	0.642973170119694	0.705816546546004	0.933816346494088	0.828791045843938	55.9417082901988	40.7532714892304	15.1884368009684	OU	Atelidae	PLA	Hominidae	APE	order
Papio_hamadryas	Trachypithecus_obscurus	1.842	1.262	38.5936741532	0.347305389221557	0.317870869950652	0.636111830041914	0.757634453245933	0.827790633074021	55.9417082901988	40.7532714892304	15.1884368009684	OU	Cercopithecidae	OWM	Cercopithecidae	OWM	family
Semnopithecus_vetulus	Pongo_abelii	1.385	2.188	62.151576036	0.480838323353293	0.511901910788386	0.678116901139392	0.880936576171404	0.827478970755307	55.9417082901988	40.7532714892304	15.1884368009684	OU	Cercopithecidae	OWM	Hominidae	APE	order
Erythrocebus_patas	Hylobates_lar	1.908	1.105	62.1515760367	0.480838323353293	0.511901910794152	0.678116901136667	0.880936576171227	0.827478970745821	55.9417082901988	40.7532714892304	15.1884368009684	OU	Cercopithecidae	OWM	Hylobatidae	APE	order
Plecturocebus_moloch	Papio_ursinus	1.063	2.014	78.0653383538	0.569461077844311	0.642973170085101	0.704802155793767	0.933245333342708	0.826545986900468	55.9417082901988	40.7532714892304	15.1884368009684	OU	Pitheciidae	PLA	Cercopithecidae	OWM	order
Papio_cynocephalus	Colobus_polykomos	1.772	1.193	38.5936741539	0.346706586826347	0.317870869956418	0.635284126576175	0.756821472481071	0.825476677358887	55.9417082901988	40.7532714892304	15.1884368009684	OU	Cercopithecidae	OWM	Cercopithecidae	OWM	family
Leontocebus_fuscicolis	Erythrocebus_patas	0.958	1.908	78.0653383523	0.568862275449102	0.642973170072746	0.704294082832244	0.932958309087282	0.82542291235339	55.9417082901988	40.7532714892304	15.1884368009684	OU	Callitrichidae	PLA	Cercopithecidae	OWM	order
Gorilla_beringei	Nomascus_concolor	1.67	1.022	45.776514104	0.388023952095808	0.377031228065657	0.648380284667931	0.800478793915819	0.823817556910732	55.9417082901988	40.7532714892304	15.1884368009684	OU	Hominidae	APE	Hylobatidae	APE	superfamily
Alouatta_palliata	Pongo_abelii	1.24	2.188	78.065338358	0.567664670658683	0.642973170119694	0.703276181423985	0.93238121264276	0.823175676062295	55.9417082901988	40.7532714892304	15.1884368009684	OU	Atelidae	PLA	Hominidae	APE	order
Ateles_geoffroyi	Papio_ursinus	1.067	2.014	78.0653383526	0.567065868263473	0.642973170075217	0.702766352903806	0.932091135421077	0.822051515689849	55.9417082901988	40.7532714892304	15.1884368009684	OU	Atelidae	PLA	Cercopithecidae	OWM	order
Cercopithecus_mitis	Hylobates_muelleri	1.866	1.067	62.1515760362	0.478443113772455	0.511901910790033	0.675700556743936	0.879086892217068	0.821628247762879	55.9417082901988	40.7532714892304	15.1884368009684	OU	Cercopithecidae	OWM	Hylobatidae	APE	order
Gorilla_gorilla	Cheirogaleus_medius	2.383	1	121.41305731	0.82814371257485	0.999999999929991	0.777787010842302	0.99209225613471	0.821594964269677	55.9417082901988	40.7532714892304	15.1884368009684	OU	Hominidae	APE	Cheirogaleidae	STR	order
Gorilla_gorilla	Eulemur_fulvus	2.383	1	121.4130573104	0.82814371257485	0.999999999933286	0.77778701084154	0.992092256134709	0.82159496426697	55.9417082901988	40.7532714892304	15.1884368009684	OU	Hominidae	APE	Lemuridae	STR	order
Gorilla_gorilla	Lemur_catta	2.383	1	121.413057312	0.82814371257485	0.999999999946464	0.777787010838494	0.992092256134708	0.821594964256141	55.9417082901988	40.7532714892304	15.1884368009684	OU	Hominidae	APE	Lemuridae	STR	order
Saguinus_midas	Papio_hamadryas	0.897	1.842	78.065338353	0.565868263473054	0.642973170078512	0.701744939874752	0.931507910383585	0.819802113353825	55.9417082901988	40.7532714892304	15.1884368009684	OU	Callitrichidae	PLA	Cercopithecidae	OWM	order
Cercopithecus_nictitans	Cercopithecus_mona	1.566	1.289	12.9463432658	0.165868263473054	0.106630568010804	0.545967452874553	0.5268536974506	0.819542740235935	55.9417082901988	40.7532714892304	15.1884368009684	OU	Cercopithecidae	OWM	Cercopithecidae	OWM	family
Macaca_fuscata	Papio_cynocephalus	1.37	1.772	22.4016461425	0.240718562874251	0.184507718010381	0.591209881176663	0.627674586904965	0.818897584023839	55.9417082901988	40.7532714892304	15.1884368009684	OU	Cercopithecidae	OWM	Cercopithecidae	OWM	family
Theropithecus_gelada	Trachypithecus_francoisi	1.624	1.048	38.5936741542	0.344910179640719	0.317870869958889	0.632793965689213	0.754371036916555	0.818540717154408	55.9417082901988	40.7532714892304	15.1884368009684	OU	Cercopithecidae	OWM	Cercopithecidae	OWM	family
Mandrillus_leucophaeus	Cercocebus_torquatus	1.4	1.722	16.146299604	0.192814371257485	0.13298651694145	0.564219815991509	0.563881046925603	0.817559343815586	55.9417082901988	40.7532714892304	15.1884368009684	OU	Cercopithecidae	OWM	Cercopithecidae	OWM	family
Chlorocebus_pygerythrus	Presbytis_comata	1.571	0.996	38.5936741529	0.344311377245509	0.317870869948181	0.631961563140544	0.75355039004562	0.816230731248805	55.9417082901988	40.7532714892304	15.1884368009684	OU	Cercopithecidae	OWM	Cercopithecidae	OWM	family
Macaca_nemestrina	Trachypithecus_cristatus	1.723	1.148	38.5936741546	0.344311377245509	0.317870869962183	0.631961563129995	0.75355039004309	0.816230731210111	55.9417082901988	40.7532714892304	15.1884368009684	OU	Cercopithecidae	OWM	Cercopithecidae	OWM	family
Callithrix_jacchus	Papio_anubis	0.947	1.887	78.0653383522	0.562874251497006	0.642973170071923	0.69918116187256	0.930031818312643	0.814172329371956	55.9417082901988	40.7532714892304	15.1884368009684	OU	Callitrichidae	PLA	Cercopithecidae	OWM	order
Cebuella_pygmaea	Papio_hamadryas	0.902	1.842	78.0653383526	0.562874251497006	0.642973170075217	0.699181161871322	0.930031818312614	0.81417232936776	55.9417082901988	40.7532714892304	15.1884368009684	OU	Callitrichidae	PLA	Cercopithecidae	OWM	order
Gorilla_gorilla	Eulemur_mongoz	2.383	1.012	121.413057311	0.820958083832335	0.999999999938228	0.773749222347892	0.991535027139456	0.814008695983334	55.9417082901988	40.7532714892304	15.1884368009684	OU	Hominidae	APE	Lemuridae	STR	order
Cercocebus_torquatus	Trachypithecus_cristatus	1.722	1.148	38.5936741541	0.343712574850299	0.317870869958065	0.631127986747202	0.752727823730319	0.813921761657311	55.9417082901988	40.7532714892304	15.1884368009684	OU	Cercopithecidae	OWM	Cercopithecidae	OWM	family
Mandrillus_leucophaeus	Pongo_pygmaeus	1.4	2.193	62.151576036	0.474850299401198	0.511901910788386	0.67205395132944	0.876270300181094	0.812845597228839	55.9417082901988	40.7532714892304	15.1884368009684	OU	Cercopithecidae	OWM	Hominidae	APE	order
Papio_anubis	Semnopithecus_entellus	1.887	1.314	38.5936741536	0.34311377245509	0.317870869953947	0.630293236925707	0.751903336837321	0.811613818092865	55.9417082901988	40.7532714892304	15.1884368009684	OU	Cercopithecidae	OWM	Cercopithecidae	OWM	family
Papio_cynocephalus	Cercopithecus_mona	1.772	1.289	29.8369393135	0.289221556886228	0.245747368301825	0.610187440551417	0.688102403148916	0.809831859893842	55.9417082901988	40.7532714892304	15.1884368009684	OU	Cercopithecidae	OWM	Cercopithecidae	OWM	family
Cercopithecus_petaurista	Allenopithecus_nigroviridis	1.517	1.928	23.4097503897	0.246107784431138	0.192810813817906	0.591271751220391	0.633477688746943	0.808584266499216	55.9417082901988	40.7532714892304	15.1884368009684	OU	Cercopithecidae	OWM	Cercopithecidae	OWM	family
Sapajus_apella	Gorilla_gorilla	1.448	2.383	78.065338347	0.559880239520958	0.642973170029094	0.696602742913061	0.92852971728828	0.808533644559642	55.9417082901988	40.7532714892304	15.1884368009684	OU	Cebidae	PLA	Hominidae	APE	order
Ateles_paniscus	Papio_ursinus	1.079	2.014	78.0653383526	0.559880239520958	0.642973170075217	0.696602742895718	0.928529717287878	0.808533644501292	55.9417082901988	40.7532714892304	15.1884368009684	OU	Atelidae	PLA	Cercopithecidae	OWM	order
Gorilla_gorilla	Eulemur_rubriventer	2.383	1.021	121.413057312	0.815568862275449	0.999999999946464	0.770686713253948	0.991094330646756	0.808305675696497	55.9417082901988	40.7532714892304	15.1884368009684	OU	Hominidae	APE	Lemuridae	STR	order
Mandrillus_leucophaeus	Pongo_abelii	1.4	2.188	62.151576036	0.47185628742515	0.511901910788386	0.668994870022006	0.873884242253372	0.805521068585102	55.9417082901988	40.7532714892304	15.1884368009684	OU	Cercopithecidae	OWM	Hominidae	APE	order
Cercopithecus_nictitans	Presbytis_comata	1.566	0.996	38.5936741528	0.341317365269461	0.317870869947358	0.627781950823896	0.749418341474847	0.80469623982583	55.9417082901988	40.7532714892304	15.1884368009684	OU	Cercopithecidae	OWM	Cercopithecidae	OWM	family
Macaca_nigra	Nomascus_concolor	1.808	1.022	62.151576036	0.470658682634731	0.511901910788386	0.667766085933389	0.872919843818031	0.802589900679133	55.9417082901988	40.7532714892304	15.1884368009684	OU	Cercopithecidae	OWM	Hylobatidae	APE	order
Leontocebus_fuscicolis	Papio_anubis	0.958	1.887	78.0653383522	0.556287425149701	0.642973170071923	0.69348930697229	0.926692418884827	0.801755599770242	55.9417082901988	40.7532714892304	15.1884368009684	OU	Callitrichidae	PLA	Cercopithecidae	OWM	order
Macaca_mulatta	Allochrocebus_lhoesti	1.25	1.73	29.836939314	0.287425149700599	0.245747368305943	0.607236226765614	0.68508738921622	0.80127549996108	55.9417082901988	40.7532714892304	15.1884368009684	OU	Cercopithecidae	OWM	Cercopithecidae	OWM	family
Mandrillus_sphinx	Propithecus_verreauxi	2.45	1.102	121.413057313	0.807185628742515	0.9999999999547	0.765864372584461	0.990368001045946	0.799410817646952	55.9417082901988	40.7532714892304	15.1884368009684	OU	Cercopithecidae	OWM	Indriidae	STR	order
Papio_anubis	Hylobates_lar	1.887	1.105	62.1515760366	0.468263473053892	0.511901910793328	0.665299688836135	0.870973839833638	0.796725361988821	55.9417082901988	40.7532714892304	15.1884368009684	OU	Cercopithecidae	OWM	Hylobatidae	APE	order
Gorilla_gorilla	Eulemur_coronatus	2.383	1.043	121.4130573111	0.802395209580838	0.999999999939051	0.763076703194722	0.989929650705303	0.79431480959638	55.9417082901988	40.7532714892304	15.1884368009684	OU	Hominidae	APE	Lemuridae	STR	order
Mandrillus_sphinx	Gorilla_beringei	2.45	1.67	62.151576032	0.467065868263473	0.511901910755441	0.664062076817748	0.869992195689337	0.793792036568925	55.9417082901988	40.7532714892304	15.1884368009684	OU	Cercopithecidae	OWM	Hominidae	APE	order
Callithrix_jacchus	Cercopithecus_mitis	0.947	1.866	78.0653383521	0.550299401197605	0.642973170071099	0.688253361366293	0.923544526127289	0.79043111495768	55.9417082901988	40.7532714892304	15.1884368009684	OU	Callitrichidae	PLA	Cercopithecidae	OWM	order
Macaca_fascicularis	Papio_anubis	1.493	1.887	22.4016461425	0.235928143712575	0.184507718010381	0.58182203340359	0.618084422067285	0.79033826838501	55.9417082901988	40.7532714892304	15.1884368009684	OU	Cercopithecidae	OWM	Cercopithecidae	OWM	family
Cercopithecus_mitis	Pygathrix_nemaeus	1.866	1.303	38.5936741526	0.337125748502994	0.31787086994571	0.621881289974563	0.743552594606835	0.788592943577954	55.9417082901988	40.7532714892304	15.1884368009684	OU	Cercopithecidae	OWM	Cercopithecidae	OWM	family
Papio_hamadryas	Colobus_angolensis	1.842	1.279	38.5936741539	0.337125748502994	0.317870869956418	0.621881289966532	0.743552594604888	0.788592943549325	55.9417082901988	40.7532714892304	15.1884368009684	OU	Cercopithecidae	OWM	Cercopithecidae	OWM	family
Cercopithecus_neglectus	Trachypithecus_pileatus	1.78	1.217	38.5936741547	0.337125748502994	0.317870869963007	0.621881289961589	0.743552594603689	0.788592943531707	55.9417082901988	40.7532714892304	15.1884368009684	OU	Cercopithecidae	OWM	Cercopithecidae	OWM	family
Mandrillus_sphinx	Hapalemur_griseus	2.45	1.119	121.4130573158	0.797005988023952	0.999999999977762	0.759912629000443	0.98941534634987	0.788569955701175	55.9417082901988	40.7532714892304	15.1884368009684	OU	Cercopithecidae	OWM	Lemuridae	STR	order
Macaca_nigra	Cercopithecus_diana	1.808	1.333	29.8369393147	0.284431137724551	0.245747368311709	0.602287543046796	0.680019939859621	0.787063749648453	55.9417082901988	40.7532714892304	15.1884368009684	OU	Cercopithecidae	OWM	Cercopithecidae	OWM	family
Papio_hamadryas	Hylobates_muelleri	1.842	1.067	62.1515760363	0.464071856287425	0.511901910790857	0.660955178407845	0.867512725042033	0.786455827135407	55.9417082901988	40.7532714892304	15.1884368009684	OU	Cercopithecidae	OWM	Hylobatidae	APE	order
Pan_troglodytes	Gorilla_beringei	1.303	1.67	20.238906202	0.219760479041916	0.166694642643812	0.57244163453584	0.596108013187862	0.785873981678034	55.9417082901988	40.7532714892304	15.1884368009684	OU	Hominidae	APE	Hominidae	APE	family
Nasalis_larvatus	Pan_troglodytes	2.077	1.303	62.151576031	0.463473053892216	0.511901910747204	0.660331593356058	0.867012464330143	0.784988112310736	55.9417082901988	40.7532714892304	15.1884368009684	OU	Cercopithecidae	OWM	Hominidae	APE	order
Allochrocebus_lhoesti	Hylobates_klossii	1.73	0.958	62.1515760356	0.462275449101796	0.511901910785092	0.659082218447248	0.866007557290957	0.7820522331285	55.9417082901988	40.7532714892304	15.1884368009684	OU	Cercopithecidae	OWM	Hylobatidae	APE	order
Cercopithecus_petaurista	Nasalis_larvatus	1.517	2.077	38.5936741527	0.335329341317365	0.317870869946534	0.619334895450474	0.741009739695834	0.781708333210121	55.9417082901988	40.7532714892304	15.1884368009684	OU	Cercopithecidae	OWM	Cercopithecidae	OWM	family
Saguinus_midas	Macaca_nigra	0.897	1.808	78.0653383531	0.545508982035928	0.642973170079336	0.68402239555015	0.920947591807409	0.781347040115702	55.9417082901988	40.7532714892304	15.1884368009684	OU	Callitrichidae	PLA	Cercopithecidae	OWM	order
Aotus_trivirgatus	Papio_ursinus	1.105	2.014	78.0653383557	0.544311377245509	0.64297317010075	0.682958790880975	0.920287269033011	0.779072680109459	55.9417082901988	40.7532714892304	15.1884368009684	OU	Aotidae	PLA	Cercopithecidae	OWM	order
Alouatta_seniculus	Pongo_pygmaeus	1.284	2.193	78.0653383584	0.544311377245509	0.642973170122988	0.682958790872606	0.920287269032805	0.779072680082339	55.9417082901988	40.7532714892304	15.1884368009684	OU	Atelidae	PLA	Hominidae	APE	order
Leontocebus_fuscicolis	Cercopithecus_mitis	0.958	1.866	78.0653383521	0.543712574850299	0.642973170071099	0.682426109055018	0.919955430250656	0.777935004152333	55.9417082901988	40.7532714892304	15.1884368009684	OU	Callitrichidae	PLA	Cercopithecidae	OWM	order
Cebuella_pygmaea	Macaca_nigra	0.902	1.808	78.0653383527	0.54251497005988	0.642973170076041	0.681358986365774	0.919288385146623	0.775658665018999	55.9417082901988	40.7532714892304	15.1884368009684	OU	Callitrichidae	PLA	Cercopithecidae	OWM	order
Alouatta_seniculus	Pongo_abelii	1.284	2.188	78.0653383584	0.541317365269461	0.642973170122988	0.680289518326393	0.91861683299069	0.773381016242995	55.9417082901988	40.7532714892304	15.1884368009684	OU	Atelidae	PLA	Hominidae	APE	order
Theropithecus_gelada	Papio_anubis	1.624	1.887	12.5784127639	0.15748502994012	0.103600164938631	0.529207420370961	0.508296951659385	0.772674065702197	55.9417082901988	40.7532714892304	15.1884368009684	OU	Cercopithecidae	OWM	Cercopithecidae	OWM	family
Macaca_nemestrina	Hylobates_klossii	1.723	0.958	62.1515760368	0.458083832335329	0.511901910794975	0.654686265909098	0.862444085627125	0.771772254777234	55.9417082901988	40.7532714892304	15.1884368009684	OU	Cercopithecidae	OWM	Hylobatidae	APE	order
Alouatta_palliata	Alouatta_caraya	1.24	1.483	11.2380789202	0.145508982035928	0.0925607110833179	0.519167569017859	0.490777483615746	0.771520996449564	55.9417082901988	40.7532714892304	15.1884368009684	OU	Atelidae	PLA	Atelidae	PLA	family
Cercocebus_torquatus	Hylobates_klossii	1.722	0.958	62.1515760363	0.45748502994012	0.511901910790857	0.654055335508678	0.861929107908182	0.770303168293386	55.9417082901988	40.7532714892304	15.1884368009684	OU	Cercopithecidae	OWM	Hylobatidae	APE	order
Papio_cynocephalus	Trachypithecus_pileatus	1.772	1.217	38.593674154	0.332335329341317	0.317870869957241	0.615067565042934	0.73673293288692	0.770257375016794	55.9417082901988	40.7532714892304	15.1884368009684	OU	Cercopithecidae	OWM	Cercopithecidae	OWM	family
Macaca_silenus	Allenopithecus_nigroviridis	1.459	1.928	29.836939311	0.280838323353293	0.245747368281234	0.596299767590435	0.67386900005273	0.770092642123405	55.9417082901988	40.7532714892304	15.1884368009684	OU	Cercopithecidae	OWM	Cercopithecidae	OWM	family
Saimiri_sciureus	Nasalis_larvatus	1.177	2.077	78.065338346	0.538922155688623	0.642973170020858	0.678143546500456	0.917260125912742	0.768821822484563	55.9417082901988	40.7532714892304	15.1884368009684	OU	Cebidae	PLA	Cercopithecidae	OWM	order
Alouatta_caraya	Gorilla_gorilla	1.483	2.383	78.0653383542	0.538922155688623	0.642973170088395	0.678143546475042	0.917260125912104	0.768821822403271	55.9417082901988	40.7532714892304	15.1884368009684	OU	Atelidae	PLA	Hominidae	APE	order
Nasalis_larvatus	Avahi_laniger	2.077	0.78	121.413057309	0.776646706586826	0.999999999921755	0.747691131389638	0.987255309085167	0.766748584421349	55.9417082901988	40.7532714892304	15.1884368009684	OU	Cercopithecidae	OWM	Indriidae	STR	order
Cercopithecus_mitis	Hylobates_lar	1.866	1.105	62.1515760365	0.455688622754491	0.511901910792504	0.652158140809538	0.860375257825894	0.765895199890437	55.9417082901988	40.7532714892304	15.1884368009684	OU	Cercopithecidae	OWM	Hylobatidae	APE	order
Chlorocebus_pygerythrus	Piliocolobus_badius	1.571	1.018	38.5936741539	0.331137724550898	0.317870869956418	0.613352475641984	0.735008638424803	0.765685412087662	55.9417082901988	40.7532714892304	15.1884368009684	OU	Cercopithecidae	OWM	Cercopithecidae	OWM	family
Cercopithecus_mitis	Semnopithecus_entellus	1.866	1.314	38.5936741535	0.330538922155689	0.317870869953123	0.61249318502102	0.734143579448645	0.763401275160131	55.9417082901988	40.7532714892304	15.1884368009684	OU	Cercopithecidae	OWM	Cercopithecidae	OWM	family
Callithrix_jacchus	Papio_hamadryas	0.947	1.842	78.0653383522	0.535928143712575	0.642973170071923	0.675447890339244	0.915538526432957	0.763115610117411	55.9417082901988	40.7532714892304	15.1884368009684	OU	Callitrichidae	PLA	Cercopithecidae	OWM	order
Theropithecus_gelada	Gorilla_gorilla	1.624	2.383	62.151576032	0.454491017964072	0.511901910755441	0.650889675900009	0.859331903775343	0.762955995103616	55.9417082901988	40.7532714892304	15.1884368009684	OU	Cercopithecidae	OWM	Hominidae	APE	order
Mandrillus_leucophaeus	Cercopithecus_mitis	1.4	1.866	29.8369393138	0.279041916167665	0.245747368304296	0.593285747341351	0.670764899577034	0.761642023544368	55.9417082901988	40.7532714892304	15.1884368009684	OU	Cercopithecidae	OWM	Cercopithecidae	OWM	family
Cercopithecus_neglectus	Nomascus_concolor	1.78	1.022	62.1515760366	0.453892215568862	0.511901910793328	0.65025434322708	0.858807983605338	0.761486234389603	55.9417082901988	40.7532714892304	15.1884368009684	OU	Cercopithecidae	OWM	Hylobatidae	APE	order
Saguinus_oedipus	Allenopithecus_nigroviridis	1.035	1.928	78.0653383482	0.534730538922156	0.642973170038977	0.674365524316207	0.914841820749985	0.760830906534576	55.9417082901988	40.7532714892304	15.1884368009684	OU	Callitrichidae	PLA	Cercopithecidae	OWM	order
Cercopithecus_diana	Allochrocebus_lhoesti	1.333	1.73	23.409750394	0.237724550898204	0.192810813853322	0.575125389286912	0.616926572945775	0.760634684122389	55.9417082901988	40.7532714892304	15.1884368009684	OU	Cercopithecidae	OWM	Cercopithecidae	OWM	family
Gorilla_gorilla	Propithecus_verreauxi	2.383	1.102	121.413057311	0.767065868263473	0.999999999938228	0.741792256992848	0.986110079877519	0.756411384671337	55.9417082901988	40.7532714892304	15.1884368009684	OU	Hominidae	APE	Indriidae	STR	order
Cercopithecus_nictitans	Piliocolobus_badius	1.566	1.018	38.5936741538	0.32814371257485	0.317870869955594	0.609044395493754	0.73066391236384	0.754277260074287	55.9417082901988	40.7532714892304	15.1884368009684	OU	Cercopithecidae	OWM	Cercopithecidae	OWM	family
Cebus_olivaceus	Pongo_pygmaeus	1.306	2.193	78.06533835	0.531137724550898	0.642973170053803	0.67110435898827	0.912723783954641	0.753969304368622	55.9417082901988	40.7532714892304	15.1884368009684	OU	Cebidae	PLA	Hominidae	APE	order
Papio_ursinus	Colobus_guereza	2.014	1.467	38.5936741536	0.32754491017964	0.317870869953947	0.608179294088383	0.729789133751085	0.75199944021045	55.9417082901988	40.7532714892304	15.1884368009684	OU	Cercopithecidae	OWM	Cercopithecidae	OWM	family
Macaca_silenus	Papio_hamadryas	1.459	1.842	22.4016461429	0.229341317365269	0.184507718013675	0.568708572734776	0.604653129450846	0.751578019337986	55.9417082901988	40.7532714892304	15.1884368009684	OU	Cercopithecidae	OWM	Cercopithecidae	OWM	family
Leontocebus_fuscicolis	Papio_hamadryas	0.958	1.842	78.0653383522	0.529341317365269	0.642973170071923	0.669465864842982	0.911648934484586	0.750534346403186	55.9417082901988	40.7532714892304	15.1884368009684	OU	Callitrichidae	PLA	Cercopithecidae	OWM	order
Papio_cynocephalus	Nomascus_concolor	1.772	1.022	62.1515760359	0.449101796407186	0.511901910787563	0.645145293745838	0.854562483471233	0.749724778090125	55.9417082901988	40.7532714892304	15.1884368009684	OU	Cercopithecidae	OWM	Hylobatidae	APE	order
Macaca_nigra	Trachypithecus_obscurus	1.808	1.262	38.5936741533	0.326946107784431	0.317870869951476	0.607313032189132	0.72891240883171	0.749722914275477	55.9417082901988	40.7532714892304	15.1884368009684	OU	Cercopithecidae	OWM	Cercopithecidae	OWM	family
Saguinus_midas	Cercopithecus_neglectus	0.897	1.78	78.0653383537	0.52874251497006	0.642973170084277	0.668918528263185	0.911288288990899	0.749388752443052	55.9417082901988	40.7532714892304	15.1884368009684	OU	Callitrichidae	PLA	Cercopithecidae	OWM	order
Cebus_olivaceus	Pongo_abelii	1.306	2.188	78.06533835	0.52814371257485	0.642973170053803	0.668370605827091	0.910926458082624	0.748242856562986	55.9417082901988	40.7532714892304	15.1884368009684	OU	Cebidae	PLA	Hominidae	APE	order
Trachypithecus_pileatus	Rhinopithecus_roxellana	1.217	1.543	17.7111143215	0.195209580838323	0.145874873038069	0.548765356893426	0.557512278429144	0.746062264993162	55.9417082901988	40.7532714892304	15.1884368009684	OU	Cercopithecidae	OWM	Cercopithecidae	OWM	family
Gorilla_gorilla	Hapalemur_griseus	2.383	1.119	121.4130573138	0.75688622754491	0.999999999961289	0.735420669089414	0.984794618469415	0.745377483708699	55.9417082901988	40.7532714892304	15.1884368009684	OU	Hominidae	APE	Lemuridae	STR	order
Cacajao_calvus	Nasalis_larvatus	1.198	2.077	78.065338352	0.526347305389221	0.642973170070276	0.666723323625603	0.909833827396487	0.744803369244414	55.9417082901988	40.7532714892304	15.1884368009684	OU	Pitheciidae	PLA	Cercopithecidae	OWM	order
Cercopithecus_petaurista	Cercopithecus_neglectus	1.517	1.78	12.9463432667	0.15748502994012	0.106630568018217	0.522834101034041	0.504199564060106	0.744663419857574	55.9417082901988	40.7532714892304	15.1884368009684	OU	Cercopithecidae	OWM	Cercopithecidae	OWM	family
Cebuella_pygmaea	Cercopithecus_neglectus	0.902	1.78	78.0653383533	0.525748502994012	0.642973170080983	0.666173058073496	0.909467229360094	0.743656277754106	55.9417082901988	40.7532714892304	15.1884368009684	OU	Callitrichidae	PLA	Cercopithecidae	OWM	order
Allenopithecus_nigroviridis	Semnopithecus_vetulus	1.928	1.385	38.59367415	0.325149700598802	0.317870869924296	0.604707289262148	0.726270548703939	0.742901202368919	55.9417082901988	40.7532714892304	15.1884368009684	OU	Cercopithecidae	OWM	Cercopithecidae	OWM	family
Cercopithecus_petaurista	Erythrocebus_patas	1.517	1.908	23.4097503937	0.234131736526946	0.192810813850851	0.568092998049474	0.60969524370961	0.740357884036391	55.9417082901988	40.7532714892304	15.1884368009684	OU	Cercopithecidae	OWM	Cercopithecidae	OWM	family
Saguinus_midas	Papio_cynocephalus	0.897	1.772	78.065338353	0.523952095808383	0.642973170078512	0.664518747587379	0.908360236196357	0.740213233852299	55.9417082901988	40.7532714892304	15.1884368009684	OU	Callitrichidae	PLA	Cercopithecidae	OWM	order
Saimiri_oerstedii	Pongo_pygmaeus	1.319	2.193	78.0653383494	0.523353293413174	0.642973170048861	0.663966139642673	0.907988830310711	0.739064967033344	55.9417082901988	40.7532714892304	15.1884368009684	OU	Cebidae	PLA	Hominidae	APE	order
Saguinus_oedipus	Erythrocebus_patas	1.035	1.908	78.0653383522	0.522754491017964	0.642973170071923	0.663412946195464	0.907616216104004	0.73791640953856	55.9417082901988	40.7532714892304	15.1884368009684	OU	Callitrichidae	PLA	Cercopithecidae	OWM	order
Macaca_nigra	Hylobates_muelleri	1.808	1.067	62.1515760364	0.443712574850299	0.511901910791681	0.639341600394203	0.849670207257132	0.736487493966543	55.9417082901988	40.7532714892304	15.1884368009684	OU	Cercopithecidae	OWM	Hylobatidae	APE	order
Gorilla_beringei	Hylobates_muelleri	1.67	1.067	45.7765141044	0.361077844311377	0.377031228068951	0.61393085647149	0.767453729980952	0.734980335314746	55.9417082901988	40.7532714892304	15.1884368009684	OU	Hominidae	APE	Hylobatidae	APE	superfamily
Cheracebus_torquatus	Allenopithecus_nigroviridis	1.058	1.928	78.0653383493	0.520958083832335	0.642973170048037	0.661749853506405	0.906491098146957	0.734469006640551	55.9417082901988	40.7532714892304	15.1884368009684	OU	Pitheciidae	PLA	Cercopithecidae	OWM	order
Cebuella_pygmaea	Papio_cynocephalus	0.902	1.772	78.0653383526	0.520958083832335	0.642973170075217	0.661749853496195	0.906491098146683	0.734469006609281	55.9417082901988	40.7532714892304	15.1884368009684	OU	Callitrichidae	PLA	Cercopithecidae	OWM	order
Papio_hamadryas	Pygathrix_nemaeus	1.842	1.303	38.5936741527	0.322754491017964	0.317870869946534	0.601216753655356	0.72272077572344	0.733824323556171	55.9417082901988	40.7532714892304	15.1884368009684	OU	Cercopithecidae	OWM	Cercopithecidae	OWM	family
Macaca_nemestrina	Cercopithecus_ascanius	1.723	1.267	29.8369393142	0.273053892215569	0.24574736830759	0.583142486295548	0.660280133409256	0.733647980125465	55.9417082901988	40.7532714892304	15.1884368009684	OU	Cercopithecidae	OWM	Cercopithecidae	OWM	family
Saimiri_oerstedii	Pongo_abelii	1.319	2.188	78.0653383494	0.520359281437126	0.642973170048861	0.66119431865791	0.906113625247577	0.733319299930334	55.9417082901988	40.7532714892304	15.1884368009684	OU	Cebidae	PLA	Hominidae	APE	order
Cercocebus_torquatus	Cercopithecus_ascanius	1.722	1.267	29.8369393137	0.272455089820359	0.245747368303472	0.582120019320269	0.659220007616005	0.730863763165918	55.9417082901988	40.7532714892304	15.1884368009684	OU	Cercopithecidae	OWM	Cercopithecidae	OWM	family
Papio_hamadryas	Hylobates_lar	1.842	1.105	62.1515760366	0.441317365269461	0.511901910793328	0.636743171248397	0.847455998593631	0.730602954580759	55.9417082901988	40.7532714892304	15.1884368009684	OU	Cercopithecidae	OWM	Hylobatidae	APE	order
Allochrocebus_lhoesti	Colobus_polykomos	1.73	1.193	38.5936741533	0.321556886227545	0.317870869951476	0.599464548855993	0.720934179980238	0.729294100226429	55.9417082901988	40.7532714892304	15.1884368009684	OU	Cercopithecidae	OWM	Cercopithecidae	OWM	family
Plecturocebus_moloch	Allenopithecus_nigroviridis	1.063	1.928	78.0653383502	0.517964071856287	0.64297317005545	0.65896632770276	0.904591498057845	0.728717647207912	55.9417082901988	40.7532714892304	15.1884368009684	OU	Pitheciidae	PLA	Cercopithecidae	OWM	order
Macaca_silenus	Pongo_pygmaeus	1.459	2.193	62.151576037	0.439520958083832	0.511901910796623	0.634786681470424	0.845779119306631	0.726189219076076	55.9417082901988	40.7532714892304	15.1884368009684	OU	Cercopithecidae	OWM	Hominidae	APE	order
Papio_ursinus	Avahi_laniger	2.014	0.78	121.4130573096	0.738922155688623	0.999999999926697	0.723914111574573	0.982204046873447	0.725772331695018	55.9417082901988	40.7532714892304	15.1884368009684	OU	Cercopithecidae	OWM	Indriidae	STR	order
Ateles_geoffroyi	Allenopithecus_nigroviridis	1.067	1.928	78.065338349	0.515568862275449	0.642973170045566	0.656728977202758	0.903049672210164	0.724111539594438	55.9417082901988	40.7532714892304	15.1884368009684	OU	Atelidae	PLA	Cercopithecidae	OWM	order
Callithrix_jacchus	Macaca_nigra	0.947	1.808	78.0653383523	0.515568862275449	0.642973170072746	0.656728977192558	0.903049672209885	0.724111539563604	55.9417082901988	40.7532714892304	15.1884368009684	OU	Callitrichidae	PLA	Cercopithecidae	OWM	order
Pongo_pygmaeus	Eulemur_macaco	2.193	0.964	121.4130573151	0.735928143712575	0.999999999971996	0.72196366253446	0.981736601087765	0.722487594473443	55.9417082901988	40.7532714892304	15.1884368009684	OU	Hominidae	APE	Lemuridae	STR	order
Macaca_mulatta	Theropithecus_gelada	1.25	1.624	22.4016461427	0.223952095808383	0.184507718012028	0.557804214103438	0.593454345988112	0.720324038379613	55.9417082901988	40.7532714892304	15.1884368009684	OU	Cercopithecidae	OWM	Cercopithecidae	OWM	family
Pongo_abelii	Eulemur_macaco	2.188	0.964	121.4130573151	0.732934131736527	0.999999999971996	0.720003854188822	0.98125844043385	0.719197803068663	55.9417082901988	40.7532714892304	15.1884368009684	OU	Hominidae	APE	Lemuridae	STR	order
Macaca_silenus	Pongo_abelii	1.459	2.188	62.151576037	0.436526946107784	0.511901910796623	0.631511273701853	0.842953245119371	0.718832647510472	55.9417082901988	40.7532714892304	15.1884368009684	OU	Cercopithecidae	OWM	Hominidae	APE	order
Macaca_fascicularis	Macaca_nemestrina	1.493	1.723	10.9824679331	0.137724550898204	0.0904554104447757	0.500305476365605	0.47115063971325	0.717359082677805	55.9417082901988	40.7532714892304	15.1884368009684	OU	Cercopithecidae	OWM	Cercopithecidae	OWM	family
Macaca_tonkeana	Gorilla_gorilla	1.656	2.383	62.151576032	0.435329341317365	0.511901910755441	0.63019600790288	0.841811968538487	0.715889982196241	55.9417082901988	40.7532714892304	15.1884368009684	OU	Cercopithecidae	OWM	Hominidae	APE	order
Colobus_guereza	Pongo_pygmaeus	1.467	2.193	62.151576036	0.434730538922156	0.511901910788386	0.629537282305084	0.841238980168378	0.714418656198579	55.9417082901988	40.7532714892304	15.1884368009684	OU	Cercopithecidae	OWM	Hominidae	APE	order
Macaca_silenus	Erythrocebus_patas	1.459	1.908	29.836939315	0.268862275449102	0.245747368314179	0.575954264814771	0.652814821925247	0.71421834412212	55.9417082901988	40.7532714892304	15.1884368009684	OU	Cercopithecidae	OWM	Cercopithecidae	OWM	family
Saguinus_oedipus	Papio_anubis	1.035	1.887	78.0653383521	0.510179640718563	0.642973170071099	0.65166074025574	0.899507701842358	0.713731983713673	55.9417082901988	40.7532714892304	15.1884368009684	OU	Callitrichidae	PLA	Cercopithecidae	OWM	order
Trachypithecus_francoisi	Trachypithecus_pileatus	1.048	1.217	7.1253052129	0.101197604790419	0.0586864820824696	0.461928731847629	0.413792204332645	0.713533653296283	55.9417082901988	40.7532714892304	15.1884368009684	OU	Cercopithecidae	OWM	Cercopithecidae	OWM	family
Macaca_nemestrina	Colobus_polykomos	1.723	1.193	38.5936741545	0.317365269461078	0.31787086996136	0.593295498658702	0.714619535596979	0.713482872791882	55.9417082901988	40.7532714892304	15.1884368009684	OU	Cercopithecidae	OWM	Cercopithecidae	OWM	family
Cercopithecus_pogonias	Pongo_pygmaeus	1.469	2.193	62.1515760356	0.433532934131736	0.511901910785092	0.628217646781615	0.84008829260179	0.711476036224989	55.9417082901988	40.7532714892304	15.1884368009684	OU	Cercopithecidae	OWM	Hominidae	APE	order
Papio_ursinus	Cercopithecus_nictitans	2.014	1.566	29.8369393134	0.268263473053892	0.245747368301001	0.574921491021025	0.651739890390237	0.71145423746593	55.9417082901988	40.7532714892304	15.1884368009684	OU	Cercopithecidae	OWM	Cercopithecidae	OWM	family
Leontocebus_fuscicolis	Macaca_nigra	0.958	1.808	78.0653383523	0.508982035928144	0.642973170072746	0.650528039061383	0.898706757839249	0.711422523673342	55.9417082901988	40.7532714892304	15.1884368009684	OU	Callitrichidae	PLA	Cercopithecidae	OWM	order
Cheracebus_torquatus	Erythrocebus_patas	1.058	1.908	78.0653383533	0.508982035928144	0.642973170080983	0.650528039058296	0.898706757839163	0.71142252366416	55.9417082901988	40.7532714892304	15.1884368009684	OU	Pitheciidae	PLA	Cercopithecidae	OWM	order
Macaca_nigra	Colobus_angolensis	1.808	1.279	38.593674154	0.316766467065868	0.317870869957241	0.59240960070042	0.713709618799929	0.711229923297445	55.9417082901988	40.7532714892304	15.1884368009684	OU	Cercopithecidae	OWM	Cercopithecidae	OWM	family
Cercocebus_torquatus	Colobus_polykomos	1.722	1.193	38.593674154	0.316766467065868	0.317870869957241	0.59240960070042	0.713709618799929	0.711229923297445	55.9417082901988	40.7532714892304	15.1884368009684	OU	Cercopithecidae	OWM	Cercopithecidae	OWM	family
Ateles_paniscus	Allenopithecus_nigroviridis	1.079	1.928	78.065338349	0.508383233532934	0.642973170045566	0.649960812645131	0.898304383516336	0.71026740844642	55.9417082901988	40.7532714892304	15.1884368009684	OU	Atelidae	PLA	Cercopithecidae	OWM	order
Papio_hamadryas	Semnopithecus_entellus	1.842	1.314	38.5936741536	0.316167664670659	0.317870869953947	0.591522553480889	0.712797744207439	0.708978454682652	55.9417082901988	40.7532714892304	15.1884368009684	OU	Cercopithecidae	OWM	Cercopithecidae	OWM	family
Nasalis_larvatus	Pan_paniscus	2.077	1.355	62.151576031	0.432335329341317	0.511901910747204	0.626895100137535	0.838931309770712	0.708533483641512	55.9417082901988	40.7532714892304	15.1884368009684	OU	Cercopithecidae	OWM	Hominidae	APE	order
Trachypithecus_francoisi	Colobus_guereza	1.048	1.467	27.0170263242	0.250898203592814	0.222521588047378	0.566945165090684	0.628376426074927	0.708508859143609	55.9417082901988	40.7532714892304	15.1884368009684	OU	Cercopithecidae	OWM	Cercopithecidae	OWM	family
Colobus_guereza	Pongo_abelii	1.467	2.188	62.151576036	0.431736526946108	0.511901910788386	0.626232735624116	0.838350452340981	0.707062241865743	55.9417082901988	40.7532714892304	15.1884368009684	OU	Cercopithecidae	OWM	Hominidae	APE	order
Saguinus_midas	Sapajus_apella	0.897	1.448	41.3912937981	0.329940119760479	0.340913034497757	0.595110928840185	0.729432908599567	0.705954765194403	55.9417082901988	40.7532714892304	15.1884368009684	OU	Callitrichidae	PLA	Cebidae	PLA	superfamily
Plecturocebus_moloch	Erythrocebus_patas	1.063	1.908	78.0653383542	0.505988023952096	0.642973170088395	0.647686070092111	0.896682145412154	0.705644415625998	55.9417082901988	40.7532714892304	15.1884368009684	OU	Pitheciidae	PLA	Cercopithecidae	OWM	order
Cercopithecus_pogonias	Pongo_abelii	1.469	2.188	62.1515760356	0.430538922155689	0.511901910785092	0.62490582535796	0.837183994939127	0.704119846464896	55.9417082901988	40.7532714892304	15.1884368009684	OU	Cercopithecidae	OWM	Hominidae	APE	order
Allenopithecus_nigroviridis	Chlorocebus_pygerythrus	1.928	1.571	21.3196101639	0.21377245508982	0.175595694851607	0.547915263638976	0.577216477327329	0.702710755983158	55.9417082901988	40.7532714892304	15.1884368009684	OU	Cercopithecidae	OWM	Cercopithecidae	OWM	family
Semnopithecus_entellus	Presbytis_comata	1.314	0.996	17.9572585527	0.190419161676647	0.147902202195544	0.53449798776981	0.54452474069012	0.701057476462171	55.9417082901988	40.7532714892304	15.1884368009684	OU	Cercopithecidae	OWM	Cercopithecidae	OWM	family
Ateles_geoffroyi	Erythrocebus_patas	1.067	1.908	78.065338353	0.503592814371257	0.642973170078512	0.645401993008926	0.89503940153283	0.701017448575725	55.9417082901988	40.7532714892304	15.1884368009684	OU	Atelidae	PLA	Cercopithecidae	OWM	order
Pongo_pygmaeus	Cheirogaleus_medius	2.193	1	121.413057314	0.71437125748503	0.999999999962937	0.707643768929965	0.97804225408789	0.698685274952155	55.9417082901988	40.7532714892304	15.1884368009684	OU	Hominidae	APE	Cheirogaleidae	STR	order
Pongo_pygmaeus	Eulemur_fulvus	2.193	1	121.4130573144	0.71437125748503	0.999999999966231	0.70764376892917	0.978042254087889	0.698685274949853	55.9417082901988	40.7532714892304	15.1884368009684	OU	Hominidae	APE	Lemuridae	STR	order
Pongo_pygmaeus	Lemur_catta	2.193	1	121.413057316	0.71437125748503	0.999999999979409	0.70764376892599	0.978042254087885	0.698685274940642	55.9417082901988	40.7532714892304	15.1884368009684	OU	Hominidae	APE	Lemuridae	STR	order
Erythrocebus_patas	Semnopithecus_vetulus	1.908	1.385	38.593674154	0.313173652694611	0.317870869957241	0.587070102691272	0.708208987348472	0.697743695321647	55.9417082901988	40.7532714892304	15.1884368009684	OU	Cercopithecidae	OWM	Cercopithecidae	OWM	family
Chlorocebus_pygerythrus	Trachypithecus_francoisi	1.571	1.048	38.5936741541	0.313173652694611	0.317870869958065	0.587070102690667	0.70820898734832	0.69774369531969	55.9417082901988	40.7532714892304	15.1884368009684	OU	Cercopithecidae	OWM	Cercopithecidae	OWM	family
Papio_ursinus	Chlorocebus_pygerythrus	2.014	1.571	29.8369393135	0.265269461077844	0.245747368301825	0.569735629900963	0.64633354901113	0.69767808057312	55.9417082901988	40.7532714892304	15.1884368009684	OU	Cercopithecidae	OWM	Cercopithecidae	OWM	family
Saimiri_sciureus	Papio_ursinus	1.177	2.014	78.0653383466	0.501197604790419	0.642973170025799	0.643108587545947	0.893375991588054	0.696386611502362	55.9417082901988	40.7532714892304	15.1884368009684	OU	Cebidae	PLA	Cercopithecidae	OWM	order
Alouatta_palliata	Nasalis_larvatus	1.24	2.077	78.065338355	0.501197604790419	0.642973170094985	0.643108587520076	0.893375991587309	0.696386611426849	55.9417082901988	40.7532714892304	15.1884368009684	OU	Atelidae	PLA	Cercopithecidae	OWM	order
Papio_anubis	Papio_ursinus	1.887	2.014	4.8778566851	0.0760479041916166	0.0401757174461395	0.424000206158896	0.367771057083156	0.696147322098336	55.9417082901988	40.7532714892304	15.1884368009684	OU	Cercopithecidae	OWM	Cercopithecidae	OWM	family
Pongo_abelii	Cheirogaleus_medius	2.188	1	121.413057314	0.711377245508982	0.999999999962937	0.705616400401518	0.977480872196742	0.695357650426808	55.9417082901988	40.7532714892304	15.1884368009684	OU	Hominidae	APE	Cheirogaleidae	STR	order
Pongo_abelii	Eulemur_fulvus	2.188	1	121.4130573144	0.711377245508982	0.999999999966231	0.705616400400722	0.977480872196741	0.695357650424516	55.9417082901988	40.7532714892304	15.1884368009684	OU	Hominidae	APE	Lemuridae	STR	order
Pongo_abelii	Lemur_catta	2.188	1	121.413057316	0.711377245508982	0.999999999979409	0.705616400397541	0.977480872196737	0.69535765041535	55.9417082901988	40.7532714892304	15.1884368009684	OU	Hominidae	APE	Lemuridae	STR	order
Cebuella_pygmaea	Sapajus_apella	0.902	1.448	41.3912937977	0.326946107784431	0.340913034494463	0.59083452757143	0.725061283639813	0.695356119025336	55.9417082901988	40.7532714892304	15.1884368009684	OU	Callitrichidae	PLA	Cebidae	PLA	superfamily
Cercopithecus_neglectus	Hylobates_muelleri	1.78	1.067	62.151576037	0.426946107784431	0.511901910796622	0.620907659880797	0.833646532102063	0.695293638570479	55.9417082901988	40.7532714892304	15.1884368009684	OU	Cercopithecidae	OWM	Hylobatidae	APE	order
Cercopithecus_petaurista	Presbytis_comata	1.517	0.996	38.5936741527	0.311976047904192	0.317870869946534	0.585281102066122	0.706359763703386	0.693260529081469	55.9417082901988	40.7532714892304	15.1884368009684	OU	Cercopithecidae	OWM	Cercopithecidae	OWM	family
Papio_ursinus	Pan_troglodytes	2.014	1.303	62.1515760316	0.425748502994012	0.511901910752146	0.619569132466134	0.832454625759064	0.69235199807442	55.9417082901988	40.7532714892304	15.1884368009684	OU	Cercopithecidae	OWM	Hominidae	APE	order
Saguinus_midas	Allochrocebus_lhoesti	0.897	1.73	78.0653383524	0.498802395209581	0.64297317007357	0.640805860191233	0.891691755742626	0.691752011210929	55.9417082901988	40.7532714892304	15.1884368009684	OU	Callitrichidae	PLA	Cercopithecidae	OWM	order
Callithrix_jacchus	Cercopithecus_neglectus	0.947	1.78	78.0653383529	0.498802395209581	0.642973170077688	0.640805860189694	0.891691755742582	0.691752011206464	55.9417082901988	40.7532714892304	15.1884368009684	OU	Callitrichidae	PLA	Cercopithecidae	OWM	order
Pongo_pygmaeus	Eulemur_mongoz	2.193	1.012	121.413057315	0.707185628742515	0.999999999971173	0.702762286360127	0.976673998797586	0.690689815936048	55.9417082901988	40.7532714892304	15.1884368009684	OU	Hominidae	APE	Lemuridae	STR	order
Saguinus_midas	Alouatta_caraya	0.897	1.483	46.5475501533	0.350898203592814	0.383381748070085	0.596465941430619	0.753326481687834	0.689497897262528	55.9417082901988	40.7532714892304	15.1884368009684	OU	Callitrichidae	PLA	Atelidae	PLA	superfamily
Saguinus_oedipus	Cercopithecus_mitis	1.035	1.866	78.065338352	0.497604790419162	0.642973170070275	0.639651002979255	0.890841778293155	0.689433334109025	55.9417082901988	40.7532714892304	15.1884368009684	OU	Callitrichidae	PLA	Cercopithecidae	OWM	order
Allochrocebus_lhoesti	Nomascus_concolor	1.73	1.022	62.1515760353	0.423952095808383	0.511901910782621	0.617555904888239	0.830654754844216	0.687940046308887	55.9417082901988	40.7532714892304	15.1884368009684	OU	Cercopithecidae	OWM	Hylobatidae	APE	order
Pongo_abelii	Eulemur_mongoz	2.188	1.012	121.413057315	0.704191616766467	0.999999999971173	0.700712344096906	0.976082402713735	0.687349045284098	55.9417082901988	40.7532714892304	15.1884368009684	OU	Hominidae	APE	Lemuridae	STR	order
Ateles_paniscus	Erythrocebus_patas	1.079	1.908	78.065338353	0.496407185628742	0.642973170078512	0.638493817928759	0.889986534655416	0.687113757580002	55.9417082901988	40.7532714892304	15.1884368009684	OU	Atelidae	PLA	Cercopithecidae	OWM	order
Cheracebus_torquatus	Papio_anubis	1.058	1.887	78.0653383532	0.496407185628742	0.642973170080159	0.638493817928144	0.889986534655398	0.687113757578228	55.9417082901988	40.7532714892304	15.1884368009684	OU	Pitheciidae	PLA	Cercopithecidae	OWM	order
Papio_cynocephalus	Cercopithecus_diana	1.772	1.333	29.8369393146	0.262874251497006	0.245747368310885	0.565560624144306	0.641970493349493	0.686711373889154	55.9417082901988	40.7532714892304	15.1884368009684	OU	Cercopithecidae	OWM	Cercopithecidae	OWM	family
Cercopithecus_neglectus	Trachypithecus_obscurus	1.78	1.262	38.5936741539	0.310179640718563	0.317870869956418	0.582589026036496	0.703571217017657	0.686547551036621	55.9417082901988	40.7532714892304	15.1884368009684	OU	Cercopithecidae	OWM	Cercopithecidae	OWM	family
Cercopithecus_nictitans	Trachypithecus_francoisi	1.566	1.048	38.593674154	0.310179640718563	0.317870869957241	0.582589026035893	0.703571217017505	0.686547551034694	55.9417082901988	40.7532714892304	15.1884368009684	OU	Cercopithecidae	OWM	Cercopithecidae	OWM	family
Cebuella_pygmaea	Allochrocebus_lhoesti	0.902	1.73	78.065338352	0.495808383233533	0.642973170070275	0.637914352759099	0.889556931816203	0.685953636463195	55.9417082901988	40.7532714892304	15.1884368009684	OU	Callitrichidae	PLA	Cercopithecidae	OWM	order
Pongo_pygmaeus	Eulemur_rubriventer	2.193	1.021	121.413057316	0.701796407185629	0.999999999979409	0.699065614104571	0.975599798682679	0.684672433580625	55.9417082901988	40.7532714892304	15.1884368009684	OU	Hominidae	APE	Lemuridae	STR	order
Saguinus_midas	Macaca_nemestrina	0.897	1.723	78.0653383536	0.494610778443114	0.642973170083454	0.636753677701634	0.888693751715693	0.683632737391792	55.9417082901988	40.7532714892304	15.1884368009684	OU	Callitrichidae	PLA	Cercopithecidae	OWM	order
Papio_cynocephalus	Hylobates_muelleri	1.772	1.067	62.1515760363	0.422155688622754	0.511901910790857	0.615536159376432	0.828840421642702	0.683528800305464	55.9417082901988	40.7532714892304	15.1884368009684	OU	Cercopithecidae	OWM	Hylobatidae	APE	order
Callithrix_jacchus	Papio_cynocephalus	0.947	1.772	78.0653383522	0.494011976047904	0.642973170071923	0.636172468067101	0.888260169509129	0.682471963075482	55.9417082901988	40.7532714892304	15.1884368009684	OU	Callitrichidae	PLA	Cercopithecidae	OWM	order
Saguinus_midas	Cercocebus_torquatus	0.897	1.722	78.0653383531	0.494011976047904	0.642973170079336	0.636172468064336	0.888260169509047	0.682471963067551	55.9417082901988	40.7532714892304	15.1884368009684	OU	Callitrichidae	PLA	Cercopithecidae	OWM	order
Pongo_abelii	Eulemur_rubriventer	2.188	1.021	121.413057316	0.698802395209581	0.999999999979409	0.696998728910143	0.974984693911004	0.681321639411718	55.9417082901988	40.7532714892304	15.1884368009684	OU	Hominidae	APE	Lemuridae	STR	order
Plecturocebus_moloch	Papio_anubis	1.063	1.887	78.0653383541	0.493413173652695	0.642973170087572	0.635590677177254	0.887825255904643	0.681310974616969	55.9417082901988	40.7532714892304	15.1884368009684	OU	Pitheciidae	PLA	Cercopithecidae	OWM	order
Cercopithecus_cephus	Pongo_pygmaeus	1.49	2.193	62.1515760357	0.420958083832335	0.511901910785915	0.614186044569079	0.827622804789351	0.68058841488828	55.9417082901988	40.7532714892304	15.1884368009684	OU	Cercopithecidae	OWM	Hominidae	APE	order
Macaca_nigra	Hylobates_lar	1.808	1.105	62.1515760367	0.420958083832335	0.511901910794152	0.614186044565257	0.827622804789057	0.680588414877088	55.9417082901988	40.7532714892304	15.1884368009684	OU	Cercopithecidae	OWM	Hylobatidae	APE	order
Aotus_trivirgatus	Allenopithecus_nigroviridis	1.105	1.928	78.0653383521	0.492814371257485	0.642973170071099	0.635008305178531	0.887389008435825	0.680149773908523	55.9417082901988	40.7532714892304	15.1884368009684	OU	Aotidae	PLA	Cercopithecidae	OWM	order
Cebuella_pygmaea	Alouatta_caraya	0.902	1.483	46.5475501529	0.347904191616767	0.383381748066791	0.592442112234202	0.749271803499183	0.679935344893379	55.9417082901988	40.7532714892304	15.1884368009684	OU	Callitrichidae	PLA	Atelidae	PLA	superfamily
Leontocebus_fuscicolis	Cercopithecus_neglectus	0.958	1.78	78.0653383529	0.492215568862275	0.642973170077688	0.634425352176197	0.886951424637369	0.678988362731121	55.9417082901988	40.7532714892304	15.1884368009684	OU	Callitrichidae	PLA	Cercopithecidae	OWM	order
Cebuella_pygmaea	Macaca_nemestrina	0.902	1.723	78.0653383532	0.491616766467066	0.642973170080159	0.633841818307772	0.886512502047272	0.677826742964677	55.9417082901988	40.7532714892304	15.1884368009684	OU	Callitrichidae	PLA	Cercopithecidae	OWM	order
Macaca_nemestrina	Nomascus_concolor	1.723	1.022	62.1515760365	0.419760479041916	0.511901910792504	0.612833037863607	0.826398720238697	0.677648423210577	55.9417082901988	40.7532714892304	15.1884368009684	OU	Cercopithecidae	OWM	Hylobatidae	APE	order
Cebuella_pygmaea	Cercocebus_torquatus	0.902	1.722	78.0653383527	0.491017964071856	0.642973170076041	0.633257703703093	0.886072238205694	0.676664916473728	55.9417082901988	40.7532714892304	15.1884368009684	OU	Callitrichidae	PLA	Cercopithecidae	OWM	order
Ateles_geoffroyi	Papio_anubis	1.067	1.887	78.0653383529	0.491017964071856	0.642973170077688	0.63325770370248	0.886072238205675	0.676664916471981	55.9417082901988	40.7532714892304	15.1884368009684	OU	Atelidae	PLA	Cercopithecidae	OWM	order
Cercocebus_torquatus	Nomascus_concolor	1.722	1.022	62.151576036	0.419161676646707	0.511901910788386	0.612155450696534	0.825784247632938	0.676178585176936	55.9417082901988	40.7532714892304	15.1884368009684	OU	Cercopithecidae	OWM	Hylobatidae	APE	order
Macaca_fascicularis	Pongo_pygmaeus	1.493	2.193	62.1515760366	0.419161676646707	0.511901910793328	0.612155450694243	0.825784247632761	0.676178585170264	55.9417082901988	40.7532714892304	15.1884368009684	OU	Cercopithecidae	OWM	Hominidae	APE	order
Macaca_fascicularis	Allenopithecus_nigroviridis	1.493	1.928	29.8369393106	0.260479041916168	0.24574736827794	0.561362313453145	0.637573723986056	0.675793982814827	55.9417082901988	40.7532714892304	15.1884368009684	OU	Cercopithecidae	OWM	Cercopithecidae	OWM	family
Allochrocebus_lhoesti	Trachypithecus_pileatus	1.73	1.217	38.5936741534	0.307185628742515	0.3178708699523	0.578079415777796	0.698884385772821	0.675391360945301	55.9417082901988	40.7532714892304	15.1884368009684	OU	Cercopithecidae	OWM	Cercopithecidae	OWM	family
Cercopithecus_cephus	Pongo_abelii	1.49	2.188	62.1515760357	0.417964071856287	0.511901910785915	0.610798110029848	0.824550431932323	0.673239245097142	55.9417082901988	40.7532714892304	15.1884368009684	OU	Cercopithecidae	OWM	Hominidae	APE	order
Macaca_tonkeana	Hylobates_klossii	1.656	0.958	62.1515760363	0.417964071856287	0.511901910790857	0.610798110027559	0.824550431932145	0.673239245090498	55.9417082901988	40.7532714892304	15.1884368009684	OU	Cercopithecidae	OWM	Hylobatidae	APE	order
Macaca_nemestrina	Cercopithecus_mona	1.723	1.289	29.8369393141	0.259880239520958	0.245747368306767	0.560309104129082	0.636469269638802	0.673072462102564	55.9417082901988	40.7532714892304	15.1884368009684	OU	Cercopithecidae	OWM	Cercopithecidae	OWM	family
Cacajao_calvus	Papio_ursinus	1.198	2.014	78.0653383526	0.488622754491018	0.642973170075217	0.630915440523605	0.88429772121339	0.672015580803892	55.9417082901988	40.7532714892304	15.1884368009684	OU	Pitheciidae	PLA	Cercopithecidae	OWM	order
Cercopithecus_nictitans	Nasalis_larvatus	1.566	2.077	38.5936741528	0.305988023952096	0.317870869947358	0.576267603713078	0.696995907401834	0.670940374133386	55.9417082901988	40.7532714892304	15.1884368009684	OU	Cercopithecidae	OWM	Cercopithecidae	OWM	family
Cercocebus_torquatus	Cercopithecus_mona	1.722	1.289	29.8369393136	0.259281437125749	0.245747368302649	0.559254444853627	0.635362712144878	0.670354104863314	55.9417082901988	40.7532714892304	15.1884368009684	OU	Cercopithecidae	OWM	Cercopithecidae	OWM	family
Pongo_pygmaeus	Eulemur_coronatus	2.193	1.043	121.4130573151	0.688622754491018	0.999999999971996	0.689900870470321	0.972791858368906	0.669886609075191	55.9417082901988	40.7532714892304	15.1884368009684	OU	Hominidae	APE	Lemuridae	STR	order
Leontocebus_fuscicolis	Papio_cynocephalus	0.958	1.772	78.0653383522	0.487425149700599	0.642973170071923	0.629740827967556	0.883402351436032	0.669689721806592	55.9417082901988	40.7532714892304	15.1884368009684	OU	Callitrichidae	PLA	Cercopithecidae	OWM	order
Macaca_fascicularis	Pongo_abelii	1.493	2.188	62.1515760366	0.416167664670659	0.511901910793328	0.608756687191428	0.822687502888656	0.66883113661425	55.9417082901988	40.7532714892304	15.1884368009684	OU	Cercopithecidae	OWM	Hominidae	APE	order
Papio_cynocephalus	Trachypithecus_obscurus	1.772	1.262	38.5936741532	0.305389221556886	0.317870869950652	0.575359993404751	0.696048721610624	0.668717386060993	55.9417082901988	40.7532714892304	15.1884368009684	OU	Cercopithecidae	OWM	Cercopithecidae	OWM	family
Allenopithecus_nigroviridis	Avahi_laniger	1.928	0.78	121.413057306	0.687425149700599	0.999999999897046	0.689058668105459	0.97252328186753	0.668536962693933	55.9417082901988	40.7532714892304	15.1884368009684	OU	Cercopithecidae	OWM	Indriidae	STR	order
Pongo_abelii	Eulemur_coronatus	2.188	1.043	121.4130573151	0.68562874251497	0.999999999971996	0.687792537488236	0.972116129908259	0.666510759746184	55.9417082901988	40.7532714892304	15.1884368009684	OU	Hominidae	APE	Lemuridae	STR	order
Macaca_tonkeana	Papio_ursinus	1.656	2.014	22.4016461416	0.21437125748503	0.184507718002968	0.538034345395482	0.573084154283462	0.665840822965001	55.9417082901988	40.7532714892304	15.1884368009684	OU	Cercopithecidae	OWM	Cercopithecidae	OWM	family
Macaca_fuscata	Macaca_mulatta	1.37	1.25	4.6628169341	0.0718562874251498	0.0384045755628091	0.411120519662191	0.355250366240022	0.664685706073863	55.9417082901988	40.7532714892304	15.1884368009684	OU	Cercopithecidae	OWM	Cercopithecidae	OWM	family
Macaca_tonkeana	Trachypithecus_cristatus	1.656	1.148	38.5936741541	0.304191616766467	0.317870869958065	0.573541368262342	0.694148455686405	0.664276475032299	55.9417082901988	40.7532714892304	15.1884368009684	OU	Cercopithecidae	OWM	Cercopithecidae	OWM	family
Ateles_paniscus	Papio_anubis	1.079	1.887	78.0653383529	0.483832335329341	0.642973170077688	0.626203079834821	0.880683562566292	0.662707566337688	55.9417082901988	40.7532714892304	15.1884368009684	OU	Atelidae	PLA	Cercopithecidae	OWM	order
Cheracebus_torquatus	Cercopithecus_mitis	1.058	1.866	78.0653383531	0.483832335329341	0.642973170079335	0.626203079834209	0.880683562566273	0.662707566335976	55.9417082901988	40.7532714892304	15.1884368009684	OU	Pitheciidae	PLA	Cercopithecidae	OWM	order
Saguinus_oedipus	Papio_hamadryas	1.035	1.842	78.0653383521	0.483233532934132	0.642973170071099	0.625611428059771	0.880225639777154	0.661543226821868	55.9417082901988	40.7532714892304	15.1884368009684	OU	Callitrichidae	PLA	Cercopithecidae	OWM	order
Gorilla_beringei	Hylobates_lar	1.67	1.105	45.7765141047	0.338323353293413	0.377031228071422	0.58329202221816	0.736686031254119	0.661054230688541	55.9417082901988	40.7532714892304	15.1884368009684	OU	Hominidae	APE	Hylobatidae	APE	superfamily
Chlorocebus_pygerythrus	Nasalis_larvatus	1.571	2.077	38.5936741529	0.302994011976048	0.317870869948181	0.571718209200132	0.69224032931453	0.659842390291448	55.9417082901988	40.7532714892304	15.1884368009684	OU	Cercopithecidae	OWM	Cercopithecidae	OWM	family
Macaca_nemestrina	Trachypithecus_pileatus	1.723	1.217	38.5936741546	0.302994011976048	0.317870869962183	0.57171820918996	0.69224032931194	0.659842390259914	55.9417082901988	40.7532714892304	15.1884368009684	OU	Cercopithecidae	OWM	Cercopithecidae	OWM	family
Gorilla_beringei	Pongo_pygmaeus	1.67	2.193	40.643277586	0.313173652694611	0.334752113847042	0.575034983485048	0.705299061713862	0.659834768063448	55.9417082901988	40.7532714892304	15.1884368009684	OU	Hominidae	APE	Hominidae	APE	family
Macaca_nigra	Pygathrix_nemaeus	1.808	1.303	38.5936741528	0.302395209580838	0.317870869947358	0.570804931503988	0.691283318018941	0.657627935100483	55.9417082901988	40.7532714892304	15.1884368009684	OU	Cercopithecidae	OWM	Cercopithecidae	OWM	family
Cercocebus_torquatus	Trachypithecus_pileatus	1.722	1.217	38.5936741541	0.302395209580838	0.317870869958065	0.570804931496215	0.69128331801696	0.657627935076446	55.9417082901988	40.7532714892304	15.1884368009684	OU	Cercopithecidae	OWM	Cercopithecidae	OWM	family
Pygathrix_nemaeus	Presbytis_comata	1.303	0.996	17.9572585518	0.183832335329341	0.147902202188132	0.518923259580686	0.528784091795866	0.657242509183134	55.9417082901988	40.7532714892304	15.1884368009684	OU	Cercopithecidae	OWM	Cercopithecidae	OWM	family
Plecturocebus_moloch	Cercopithecus_mitis	1.063	1.866	78.065338354	0.480838323353293	0.642973170086748	0.623239034751586	0.878380170297431	0.656884094083761	55.9417082901988	40.7532714892304	15.1884368009684	OU	Pitheciidae	PLA	Cercopithecidae	OWM	order
Aotus_trivirgatus	Erythrocebus_patas	1.105	1.908	78.0653383561	0.480838323353293	0.642973170104044	0.623239034745168	0.878380170297233	0.656884094065942	55.9417082901988	40.7532714892304	15.1884368009684	OU	Aotidae	PLA	Cercopithecidae	OWM	order
Erythrocebus_patas	Avahi_laniger	1.908	0.78	121.41305731	0.675449101796407	0.999999999929991	0.68055371110124	0.969709339459485	0.654989302387351	55.9417082901988	40.7532714892304	15.1884368009684	OU	Cercopithecidae	OWM	Indriidae	STR	order
Ateles_geoffroyi	Cercopithecus_mitis	1.067	1.866	78.0653383528	0.478443113772455	0.642973170076864	0.62085739101204	0.87651253971069	0.652222220578275	55.9417082901988	40.7532714892304	15.1884368009684	OU	Atelidae	PLA	Cercopithecidae	OWM	order
Papio_anubis	Semnopithecus_vetulus	1.887	1.385	38.5936741539	0.30059880239521	0.317870869956418	0.568058315817456	0.688400489958779	0.650995049902673	55.9417082901988	40.7532714892304	15.1884368009684	OU	Cercopithecidae	OWM	Cercopithecidae	OWM	family
Gorilla_beringei	Pongo_abelii	1.67	2.188	40.643277586	0.310179640718563	0.334752113847042	0.570594638321089	0.700658659169244	0.649226822408567	55.9417082901988	40.7532714892304	15.1884368009684	OU	Hominidae	APE	Hominidae	APE	family
Cercopithecus_neglectus	Colobus_angolensis	1.78	1.279	38.5936741546	0.3	0.317870869962183	0.567140519222465	0.687435615490594	0.648787618292023	55.9417082901988	40.7532714892304	15.1884368009684	OU	Cercopithecidae	OWM	Cercopithecidae	OWM	family
Macaca_fuscata	Cercocebus_torquatus	1.37	1.722	22.4016461426	0.210778443113772	0.184507718011204	0.530495347325106	0.565294563854201	0.645782785425983	55.9417082901988	40.7532714892304	15.1884368009684	OU	Cercopithecidae	OWM	Cercopithecidae	OWM	family
Alouatta_seniculus	Nasalis_larvatus	1.284	2.077	78.0653383554	0.474850299401197	0.642973170098279	0.617267603407857	0.873669205680597	0.645224564862677	55.9417082901988	40.7532714892304	15.1884368009684	OU	Atelidae	PLA	Cercopithecidae	OWM	order
Cercopithecus_nictitans	Allenopithecus_nigroviridis	1.566	1.928	23.4097503898	0.216766467065868	0.192810813818729	0.533166551200292	0.573589489856467	0.64485474024913	55.9417082901988	40.7532714892304	15.1884368009684	OU	Cercopithecidae	OWM	Cercopithecidae	OWM	family
Nasalis_larvatus	Eulemur_macaco	2.077	0.964	121.4130573121	0.666467065868263	0.999999999947287	0.674076035696991	0.967439560962247	0.644766605633377	55.9417082901988	40.7532714892304	15.1884368009684	OU	Cercopithecidae	OWM	Lemuridae	STR	order
Cercopithecus_petaurista	Piliocolobus_badius	1.517	1.018	38.5936741537	0.298802395209581	0.31787086995477	0.565301544167452	0.685499968348861	0.644378116459292	55.9417082901988	40.7532714892304	15.1884368009684	OU	Cercopithecidae	OWM	Cercopithecidae	OWM	family
Cercopithecus_petaurista	Pongo_pygmaeus	1.517	2.193	62.1515760357	0.404790419161677	0.511901910785915	0.595677337040929	0.810545639530071	0.640945271470697	55.9417082901988	40.7532714892304	15.1884368009684	OU	Cercopithecidae	OWM	Hominidae	APE	order
Papio_anubis	Avahi_laniger	1.887	0.78	121.4130573099	0.662874251497006	0.999999999929168	0.671461220279657	0.966491679582757	0.640662448726884	55.9417082901988	40.7532714892304	15.1884368009684	OU	Cercopithecidae	OWM	Indriidae	STR	order
Macaca_fascicularis	Presbytis_comata	1.493	0.996	38.5936741536	0.297604790419162	0.317870869953947	0.563458065765575	0.683556456541256	0.639975836785856	55.9417082901988	40.7532714892304	15.1884368009684	OU	Cercopithecidae	OWM	Cercopithecidae	OWM	family
Cercopithecus_neglectus	Hylobates_lar	1.78	1.105	62.1515760373	0.404191616766467	0.511901910799093	0.594981779723688	0.809890025136202	0.639479462289626	55.9417082901988	40.7532714892304	15.1884368009684	OU	Cercopithecidae	OWM	Hylobatidae	APE	order
Ateles_paniscus	Cercopithecus_mitis	1.079	1.866	78.0653383528	0.47125748502994	0.642973170076864	0.613657061926019	0.870775148135312	0.638221508197246	55.9417082901988	40.7532714892304	15.1884368009684	OU	Atelidae	PLA	Cercopithecidae	OWM	order
Presbytis_comata	Gorilla_beringei	0.996	1.67	62.151576031	0.403592814371257	0.511901910747204	0.59428550757564	0.809232741162333	0.638013870685395	55.9417082901988	40.7532714892304	15.1884368009684	OU	Cercopithecidae	OWM	Hominidae	APE	order
Macaca_fascicularis	Papio_hamadryas	1.493	1.842	22.4016461425	0.208982035928144	0.184507718010381	0.526700491386236	0.561369192779937	0.635832896745757	55.9417082901988	40.7532714892304	15.1884368009684	OU	Cercopithecidae	OWM	Cercopithecidae	OWM	family
Cheracebus_torquatus	Papio_hamadryas	1.058	1.842	78.0653383532	0.469461077844311	0.642973170080159	0.611844020391254	0.869308938232025	0.634718103511569	55.9417082901988	40.7532714892304	15.1884368009684	OU	Pitheciidae	PLA	Cercopithecidae	OWM	order
Cercopithecus_petaurista	Pongo_abelii	1.517	2.188	62.1515760357	0.401796407185629	0.511901910785915	0.592192405150837	0.807250854091378	0.633618445325738	55.9417082901988	40.7532714892304	15.1884368009684	OU	Cercopithecidae	OWM	Hominidae	APE	order
Callithrix_jacchus	Allochrocebus_lhoesti	0.947	1.73	78.0653383516	0.468862275449102	0.642973170066981	0.61123852320951	0.868817344261205	0.633550039012543	55.9417082901988	40.7532714892304	15.1884368009684	OU	Callitrichidae	PLA	Cercopithecidae	OWM	order
Cercopithecus_cephus	Presbytis_comata	1.49	0.996	38.5936741527	0.295808383233533	0.317870869946534	0.560684419934163	0.680626442127473	0.633386152891531	55.9417082901988	40.7532714892304	15.1884368009684	OU	Cercopithecidae	OWM	Cercopithecidae	OWM	family
Macaca_nigra	Semnopithecus_entellus	1.808	1.314	38.5936741537	0.295808383233533	0.31787086995477	0.560684419928235	0.680626442125948	0.633386152873701	55.9417082901988	40.7532714892304	15.1884368009684	OU	Cercopithecidae	OWM	Cercopithecidae	OWM	family
Aotus_trivirgatus	Papio_anubis	1.105	1.887	78.065338356	0.468263473053892	0.642973170103221	0.610632451317154	0.86832431771675	0.632381846797622	55.9417082901988	40.7532714892304	15.1884368009684	OU	Aotidae	PLA	Cercopithecidae	OWM	order
Papio_cynocephalus	Colobus_angolensis	1.772	1.279	38.5936741539	0.295209580838323	0.317870869956418	0.559757627389256	0.679645838222771	0.631193298863039	55.9417082901988	40.7532714892304	15.1884368009684	OU	Cercopithecidae	OWM	Cercopithecidae	OWM	family
Papio_anubis	Cercopithecus_pogonias	1.887	1.469	29.8369393135	0.250299401197605	0.245747368301825	0.543261503234799	0.61851260002631	0.629969445815666	55.9417082901988	40.7532714892304	15.1884368009684	OU	Cercopithecidae	OWM	Cercopithecidae	OWM	family
Pongo_pygmaeus	Propithecus_verreauxi	2.193	1.102	121.413057315	0.653293413173653	0.999999999971173	0.664422073122051	0.963847849687198	0.629675451520387	55.9417082901988	40.7532714892304	15.1884368009684	OU	Hominidae	APE	Indriidae	STR	order
Plecturocebus_moloch	Papio_hamadryas	1.063	1.842	78.0653383541	0.466467065868264	0.642973170087572	0.608810789435024	0.866836619294767	0.628876527358868	55.9417082901988	40.7532714892304	15.1884368009684	OU	Pitheciidae	PLA	Cercopithecidae	OWM	order
Papio_cynocephalus	Hylobates_lar	1.772	1.105	62.1515760366	0.39940119760479	0.511901910793328	0.589391613952513	0.804584857467778	0.627761195790986	55.9417082901988	40.7532714892304	15.1884368009684	OU	Cercopithecidae	OWM	Hylobatidae	APE	order
Theropithecus_gelada	Hylobates_klossii	1.624	0.958	62.1515760363	0.398802395209581	0.511901910790857	0.588689634843057	0.803914153841256	0.626297506097339	55.9417082901988	40.7532714892304	15.1884368009684	OU	Cercopithecidae	OWM	Hylobatidae	APE	order
Cercopithecus_mitis	Avahi_laniger	1.866	0.78	121.4130573098	0.650299401197605	0.999999999928344	0.662202570365414	0.962986012824093	0.62622922754605	55.9417082901988	40.7532714892304	15.1884368009684	OU	Cercopithecidae	OWM	Indriidae	STR	order
Pongo_abelii	Propithecus_verreauxi	2.188	1.102	121.413057315	0.650299401197605	0.999999999971173	0.662202570355069	0.962986012824075	0.626229227519218	55.9417082901988	40.7532714892304	15.1884368009684	OU	Hominidae	APE	Indriidae	STR	order
Callithrix_jacchus	Macaca_nemestrina	0.947	1.723	78.0653383528	0.464670658682635	0.642973170076865	0.606983962237856	0.865335943813623	0.625370142498429	55.9417082901988	40.7532714892304	15.1884368009684	OU	Callitrichidae	PLA	Cercopithecidae	OWM	order
Callithrix_jacchus	Cercocebus_torquatus	0.947	1.722	78.0653383523	0.464071856287425	0.642973170072746	0.60637387290925	0.864832824038703	0.624201121773913	55.9417082901988	40.7532714892304	15.1884368009684	OU	Callitrichidae	PLA	Cercopithecidae	OWM	order
Ateles_geoffroyi	Papio_hamadryas	1.067	1.842	78.0653383529	0.464071856287425	0.642973170077688	0.606373872907433	0.864832824038644	0.624201121769073	55.9417082901988	40.7532714892304	15.1884368009684	OU	Atelidae	PLA	Cercopithecidae	OWM	order
Hylobates_lar	Hylobates_klossii	1.105	0.958	6.4663244216	0.0880239520958084	0.0532588880011237	0.426024348443329	0.377526801552485	0.623959724694939	55.9417082901988	40.7532714892304	15.1884368009684	OU	Hylobatidae	APE	Hylobatidae	APE	family
Alouatta_palliata	Papio_ursinus	1.24	2.014	78.0653383556	0.463473053892215	0.642973170099926	0.605763210437238	0.86432825310408	0.623031992095742	55.9417082901988	40.7532714892304	15.1884368009684	OU	Atelidae	PLA	Cercopithecidae	OWM	order
Macaca_fascicularis	Erythrocebus_patas	1.493	1.908	29.8369393146	0.248502994011976	0.245747368310885	0.540024225304789	0.615086109451161	0.62198322132356	55.9417082901988	40.7532714892304	15.1884368009684	OU	Cercopithecidae	OWM	Cercopithecidae	OWM	family
Allochrocebus_lhoesti	Hylobates_muelleri	1.73	1.067	62.1515760357	0.397005988023952	0.511901910785915	0.586579427892618	0.801891924953704	0.621908004730647	55.9417082901988	40.7532714892304	15.1884368009684	OU	Cercopithecidae	OWM	Hylobatidae	APE	order
Saguinus_midas	Gorilla_beringei	0.897	1.67	78.0653383511	0.462874251497006	0.642973170062863	0.605151975059106	0.863822228705857	0.621862755952332	55.9417082901988	40.7532714892304	15.1884368009684	OU	Callitrichidae	PLA	Hominidae	APE	order
Saguinus_oedipus	Macaca_nigra	1.035	1.808	78.0653383522	0.462874251497006	0.642973170071923	0.605151975055776	0.863822228705748	0.621862755943491	55.9417082901988	40.7532714892304	15.1884368009684	OU	Callitrichidae	PLA	Cercopithecidae	OWM	order
Leontocebus_fuscicolis	Allochrocebus_lhoesti	0.958	1.73	78.0653383516	0.462275449101796	0.642973170066981	0.604540166939822	0.863314748541903	0.620693415647247	55.9417082901988	40.7532714892304	15.1884368009684	OU	Callitrichidae	PLA	Cercopithecidae	OWM	order
Nasalis_larvatus	Cheirogaleus_medius	2.077	1	121.413057311	0.644910179640719	0.999999999938228	0.658183758348211	0.9613905927867	0.620010579937267	55.9417082901988	40.7532714892304	15.1884368009684	OU	Cercopithecidae	OWM	Cheirogaleidae	STR	order
Nasalis_larvatus	Eulemur_fulvus	2.077	1	121.4130573114	0.644910179640719	0.999999999941522	0.658183758347415	0.961390592786699	0.620010579935224	55.9417082901988	40.7532714892304	15.1884368009684	OU	Cercopithecidae	OWM	Lemuridae	STR	order
Nasalis_larvatus	Lemur_catta	2.077	1	121.413057313	0.644910179640719	0.9999999999547	0.658183758344235	0.961390592786694	0.62001057992705	55.9417082901988	40.7532714892304	15.1884368009684	OU	Cercopithecidae	OWM	Lemuridae	STR	order
Cebus_olivaceus	Nasalis_larvatus	1.306	2.077	78.065338347	0.461676646706587	0.642973170029094	0.60392778631527	0.86280581031657	0.619523973679787	55.9417082901988	40.7532714892304	15.1884368009684	OU	Cebidae	PLA	Cercopithecidae	OWM	order
Cercocebus_torquatus	Gorilla_gorilla	1.722	2.383	62.151576032	0.395808383233533	0.511901910755441	0.585169068771593	0.800535323852343	0.618983023110274	55.9417082901988	40.7532714892304	15.1884368009684	OU	Cercopithecidae	OWM	Hominidae	APE	order
Pongo_pygmaeus	Hapalemur_griseus	2.193	1.119	121.4130573178	0.64311377245509	0.999999999994235	0.656837384012079	0.960845961400722	0.617933270988218	55.9417082901988	40.7532714892304	15.1884368009684	OU	Hominidae	APE	Lemuridae	STR	order
Macaca_nemestrina	Gorilla_gorilla	1.723	2.383	62.1515760325	0.395209580838323	0.511901910759559	0.584462823920855	0.799854483741354	0.617520951976972	55.9417082901988	40.7532714892304	15.1884368009684	OU	Cercopithecidae	OWM	Hominidae	APE	order
Papio_ursinus	Pan_paniscus	2.014	1.355	62.1515760316	0.394610778443114	0.511901910752146	0.58375586936856	0.799171948386092	0.616059166880563	55.9417082901988	40.7532714892304	15.1884368009684	OU	Cercopithecidae	OWM	Hominidae	APE	order
Cebuella_pygmaea	Gorilla_beringei	0.902	1.67	78.0653383507	0.459880239520958	0.642973170059568	0.602087211341295	0.861270224365075	0.616015061774016	55.9417082901988	40.7532714892304	15.1884368009684	OU	Callitrichidae	PLA	Hominidae	APE	order
Pongo_abelii	Hapalemur_griseus	2.188	1.119	121.4130573178	0.640119760479042	0.999999999994235	0.654585908082111	0.959923745298091	0.614466157921902	55.9417082901988	40.7532714892304	15.1884368009684	OU	Hominidae	APE	Lemuridae	STR	order
Leontocebus_fuscicolis	Macaca_nemestrina	0.958	1.723	78.0653383528	0.458083832335329	0.642973170076865	0.600241491228878	0.859721433590143	0.612505322722434	55.9417082901988	40.7532714892304	15.1884368009684	OU	Callitrichidae	PLA	Cercopithecidae	OWM	order
Nasalis_larvatus	Eulemur_mongoz	2.077	1.012	121.413057312	0.637724550898203	0.999999999946464	0.652777963174834	0.959172766532411	0.611688021803417	55.9417082901988	40.7532714892304	15.1884368009684	OU	Cercopithecidae	OWM	Lemuridae	STR	order
Macaca_nemestrina	Hylobates_muelleri	1.723	1.067	62.1515760369	0.392814371257485	0.511901910795799	0.581630751090958	0.797114154464296	0.611675574563814	55.9417082901988	40.7532714892304	15.1884368009684	OU	Cercopithecidae	OWM	Hylobatidae	APE	order
Leontocebus_fuscicolis	Cercocebus_torquatus	0.958	1.722	78.0653383523	0.45748502994012	0.642973170072746	0.599625108828573	0.859202224987174	0.611335237484952	55.9417082901988	40.7532714892304	15.1884368009684	OU	Callitrichidae	PLA	Cercopithecidae	OWM	order
Cercocebus_torquatus	Hylobates_muelleri	1.722	1.067	62.1515760364	0.392215568862275	0.511901910791681	0.580920961372669	0.796424821788531	0.610214980543303	55.9417082901988	40.7532714892304	15.1884368009684	OU	Cercopithecidae	OWM	Hylobatidae	APE	order
Ateles_paniscus	Papio_hamadryas	1.079	1.842	78.0653383529	0.45688622754491	0.642973170077688	0.599008155603687	0.858681540105356	0.610165070299569	55.9417082901988	40.7532714892304	15.1884368009684	OU	Atelidae	PLA	Cercopithecidae	OWM	order
Papio_hamadryas	Avahi_laniger	1.842	0.78	121.4130573099	0.635928143712575	0.999999999929168	0.651418060380804	0.958601736066274	0.609601822619456	55.9417082901988	40.7532714892304	15.1884368009684	OU	Cercopithecidae	OWM	Indriidae	STR	order
Macaca_fuscata	Cercopithecus_neglectus	1.37	1.78	29.8369393152	0.245508982035928	0.245747368315827	0.534600334973585	0.609333639686111	0.608742557956214	55.9417082901988	40.7532714892304	15.1884368009684	OU	Cercopithecidae	OWM	Cercopithecidae	OWM	family
Aotus_trivirgatus	Cercopithecus_mitis	1.105	1.866	78.0653383559	0.455688622754491	0.642973170102397	0.597772537564526	0.857635732481937	0.607824500200364	55.9417082901988	40.7532714892304	15.1884368009684	OU	Aotidae	PLA	Cercopithecidae	OWM	order
Allochrocebus_lhoesti	Gorilla_gorilla	1.73	2.383	62.1515760313	0.391017964071856	0.511901910749675	0.579499258739364	0.795041044724601	0.60729472606676	55.9417082901988	40.7532714892304	15.1884368009684	OU	Cercopithecidae	OWM	Hominidae	APE	order
Piliocolobus_badius	Gorilla_beringei	1.018	1.67	62.151576032	0.390419161676647	0.511901910755441	0.578787346559824	0.794346597145913	0.605835075084466	55.9417082901988	40.7532714892304	15.1884368009684	OU	Cercopithecidae	OWM	Hominidae	APE	order
Saguinus_midas	Macaca_tonkeana	0.897	1.656	78.0653383531	0.454491017964072	0.642973170079336	0.596534638913122	0.856583992720187	0.605483632816421	55.9417082901988	40.7532714892304	15.1884368009684	OU	Callitrichidae	PLA	Cercopithecidae	OWM	order
Nasalis_larvatus	Eulemur_rubriventer	2.077	1.021	121.413057313	0.632335329341317	0.9999999999547	0.648688117732462	0.957439366601094	0.605422737231471	55.9417082901988	40.7532714892304	15.1884368009684	OU	Cercopithecidae	OWM	Lemuridae	STR	order
Cercopithecus_mitis	Semnopithecus_vetulus	1.866	1.385	38.5936741538	0.288023952095808	0.317870869955594	0.548548990938793	0.667725259083887	0.60502828731178	55.9417082901988	40.7532714892304	15.1884368009684	OU	Cercopithecidae	OWM	Cercopithecidae	OWM	family
Saimiri_oerstedii	Nasalis_larvatus	1.319	2.077	78.0653383464	0.453892215568862	0.642973170024152	0.595914834929015	0.856055892682984	0.604313094069018	55.9417082901988	40.7532714892304	15.1884368009684	OU	Cebidae	PLA	Cercopithecidae	OWM	order
Rhinopithecus_roxellana	Pongo_pygmaeus	1.543	2.193	62.1515760354	0.389221556886228	0.511901910783444	0.57736140239903	0.792952575991417	0.602916749601447	55.9417082901988	40.7532714892304	15.1884368009684	OU	Cercopithecidae	OWM	Hominidae	APE	order
Callithrix_jacchus	Sapajus_apella	0.947	1.448	41.3912937973	0.3	0.340913034491168	0.551153015238407	0.683549922751818	0.601516973769032	55.9417082901988	40.7532714892304	15.1884368009684	OU	Callitrichidae	PLA	Cebidae	PLA	superfamily
Papio_ursinus	Eulemur_macaco	2.014	0.964	121.4130573127	0.62874251497006	0.999999999952229	0.645944667174823	0.956249515338988	0.601234725241858	55.9417082901988	40.7532714892304	15.1884368009684	OU	Cercopithecidae	OWM	Lemuridae	STR	order
Macaca_silenus	Cercopithecus_mitis	1.459	1.866	29.8369393148	0.243712574850299	0.245747368312532	0.531329014198003	0.60585722293419	0.600840712178701	55.9417082901988	40.7532714892304	15.1884368009684	OU	Cercopithecidae	OWM	Cercopithecidae	OWM	family
Cebuella_pygmaea	Macaca_tonkeana	0.902	1.656	78.0653383527	0.451497005988024	0.642973170076041	0.593429926390697	0.853928572756502	0.599630298541992	55.9417082901988	40.7532714892304	15.1884368009684	OU	Callitrichidae	PLA	Cercopithecidae	OWM	order
Macaca_mulatta	Macaca_silenus	1.25	1.459	10.9824679337	0.125149700598802	0.0904554104497176	0.460350258470297	0.432856398944493	0.598879032894248	55.9417082901988	40.7532714892304	15.1884368009684	OU	Cercopithecidae	OWM	Cercopithecidae	OWM	family
Cercopithecus_neglectus	Pygathrix_nemaeus	1.78	1.303	38.5936741534	0.28562874251497	0.3178708699523	0.54477720951728	0.66368885602034	0.596369882508378	55.9417082901988	40.7532714892304	15.1884368009684	OU	Cercopithecidae	OWM	Cercopithecidae	OWM	family
Saimiri_sciureus	Allenopithecus_nigroviridis	1.177	1.928	78.065338343	0.449700598802395	0.642973169996148	0.591560274406446	0.852317354914724	0.596117602974197	55.9417082901988	40.7532714892304	15.1884368009684	OU	Cebidae	PLA	Cercopithecidae	OWM	order
Rhinopithecus_roxellana	Pongo_abelii	1.543	2.188	62.1515760354	0.38622754491018	0.511901910783444	0.573784194658222	0.789437548735526	0.595626857187136	55.9417082901988	40.7532714892304	15.1884368009684	OU	Cercopithecidae	OWM	Hominidae	APE	order
Pan_paniscus	Gorilla_beringei	1.355	1.67	20.238906202	0.188622754491018	0.166694642643812	0.504105525392043	0.526270255803383	0.595499313486856	55.9417082901988	40.7532714892304	15.1884368009684	OU	Hominidae	APE	Hominidae	APE	family
Callithrix_jacchus	Alouatta_caraya	0.947	1.483	46.5475501525	0.320958083832335	0.383381748063496	0.555164133086828	0.710683251937304	0.5949671206459	55.9417082901988	40.7532714892304	15.1884368009684	OU	Callitrichidae	PLA	Atelidae	PLA	superfamily
Cheracebus_torquatus	Macaca_nigra	1.058	1.808	78.0653383533	0.449101796407186	0.642973170080983	0.590935921033914	0.851777274733044	0.594946604340033	55.9417082901988	40.7532714892304	15.1884368009684	OU	Pitheciidae	PLA	Cercopithecidae	OWM	order
Theropithecus_gelada	Trachypithecus_cristatus	1.624	1.148	38.5936741541	0.285029940119761	0.317870869958065	0.543831499379561	0.662674846310283	0.594210384196607	55.9417082901988	40.7532714892304	15.1884368009684	OU	Cercopithecidae	OWM	Cercopithecidae	OWM	family
Macaca_fascicularis	Piliocolobus_badius	1.493	1.018	38.5936741546	0.284431137724551	0.317870869962183	0.542884685378068	0.661658873637073	0.592052949792245	55.9417082901988	40.7532714892304	15.1884368009684	OU	Cercopithecidae	OWM	Cercopithecidae	OWM	family
Nasalis_larvatus	Eulemur_coronatus	2.077	1.043	121.4130573121	0.619161676646707	0.999999999947287	0.63856284259494	0.952938499119979	0.590022998887424	55.9417082901988	40.7532714892304	15.1884368009684	OU	Cercopithecidae	OWM	Lemuridae	STR	order
Sapajus_apella	Pongo_pygmaeus	1.448	2.193	78.065338351	0.446107784431138	0.642973170062039	0.587805645150323	0.849054218456939	0.589090982165227	55.9417082901988	40.7532714892304	15.1884368009684	OU	Cebidae	PLA	Hominidae	APE	order
Saguinus_oedipus	Cercopithecus_neglectus	1.035	1.78	78.0653383528	0.446107784431138	0.642973170076864	0.587805645144933	0.849054218456753	0.589090982151515	55.9417082901988	40.7532714892304	15.1884368009684	OU	Callitrichidae	PLA	Cercopithecidae	OWM	order
Plecturocebus_moloch	Macaca_nigra	1.063	1.808	78.0653383542	0.446107784431138	0.642973170088395	0.587805645140742	0.849054218456608	0.58909098214085	55.9417082901988	40.7532714892304	15.1884368009684	OU	Pitheciidae	PLA	Cercopithecidae	OWM	order
Cercopithecus_pogonias	Presbytis_comata	1.469	0.996	38.5936741526	0.283233532934132	0.31787086994571	0.540987749942863	0.659621040764882	0.58774431833101	55.9417082901988	40.7532714892304	15.1884368009684	OU	Cercopithecidae	OWM	Cercopithecidae	OWM	family
Macaca_nigra	Avahi_laniger	1.808	0.78	121.41305731	0.615568862275449	0.999999999929991	0.635769958857141	0.951643675985257	0.585802214958882	55.9417082901988	40.7532714892304	15.1884368009684	OU	Cercopithecidae	OWM	Indriidae	STR	order
Cercopithecus_cephus	Piliocolobus_badius	1.49	1.018	38.5936741537	0.282634730538922	0.31787086995477	0.540037630577299	0.658599181282001	0.585593144037638	55.9417082901988	40.7532714892304	15.1884368009684	OU	Cercopithecidae	OWM	Cercopithecidae	OWM	family
Hylobates_klossii	Hylobates_muelleri	0.958	1.067	4.4746984421	0.0652694610778443	0.0368551664946681	0.383721275445037	0.330137979323282	0.58466505625138	55.9417082901988	40.7532714892304	15.1884368009684	OU	Hylobatidae	APE	Hylobatidae	APE	family
Ateles_geoffroyi	Macaca_nigra	1.067	1.808	78.065338353	0.443712574850299	0.642973170078512	0.585291228185851	0.846848456494364	0.584405892229116	55.9417082901988	40.7532714892304	15.1884368009684	OU	Atelidae	PLA	Cercopithecidae	OWM	order
Papio_ursinus	Rhinopithecus_roxellana	2.014	1.543	38.593674153	0.282035928143712	0.317870869949005	0.539086411535472	0.657575360281608	0.583444079324451	55.9417082901988	40.7532714892304	15.1884368009684	OU	Cercopithecidae	OWM	Cercopithecidae	OWM	family
Sapajus_apella	Pongo_abelii	1.448	2.188	78.065338351	0.44311377245509	0.642973170062039	0.584661209895288	0.846293203981123	0.583234560445185	55.9417082901988	40.7532714892304	15.1884368009684	OU	Cebidae	PLA	Hominidae	APE	order
Cercopithecus_nictitans	Erythrocebus_patas	1.566	1.908	23.4097503938	0.204790419161677	0.192810813851675	0.508194329576829	0.547592296016092	0.581614970605895	55.9417082901988	40.7532714892304	15.1884368009684	OU	Cercopithecidae	OWM	Cercopithecidae	OWM	family
Saguinus_oedipus	Papio_cynocephalus	1.035	1.772	78.0653383521	0.441317365269461	0.642973170071099	0.582767765358583	0.84461826329947	0.579720467304371	55.9417082901988	40.7532714892304	15.1884368009684	OU	Callitrichidae	PLA	Cercopithecidae	OWM	order
Aotus_trivirgatus	Papio_hamadryas	1.105	1.842	78.065338356	0.441317365269461	0.642973170103221	0.582767765346948	0.844618263299063	0.579720467275129	55.9417082901988	40.7532714892304	15.1884368009684	OU	Aotidae	PLA	Cercopithecidae	OWM	order
Macaca_tonkeana	Nomascus_concolor	1.656	1.022	62.151576036	0.379640718562874	0.511901910788386	0.565852459090096	0.781552960746223	0.579621449655603	55.9417082901988	40.7532714892304	15.1884368009684	OU	Cercopithecidae	OWM	Hylobatidae	APE	order
Papio_cynocephalus	Pygathrix_nemaeus	1.772	1.303	38.5936741527	0.280838323353293	0.317870869946534	0.537180678636199	0.655521835345004	0.579152324309332	55.9417082901988	40.7532714892304	15.1884368009684	OU	Cercopithecidae	OWM	Cercopithecidae	OWM	family
Cercopithecus_petaurista	Trachypithecus_francoisi	1.517	1.048	38.5936741539	0.280838323353293	0.317870869956418	0.537180678629243	0.65552183534318	0.579152324289713	55.9417082901988	40.7532714892304	15.1884368009684	OU	Cercopithecidae	OWM	Cercopithecidae	OWM	family
Leontocebus_fuscicolis	Sapajus_apella	0.958	1.448	41.3912937973	0.293413173652695	0.340913034491168	0.541130997980719	0.672807439902005	0.579064295659561	55.9417082901988	40.7532714892304	15.1884368009684	OU	Callitrichidae	PLA	Cebidae	PLA	superfamily
Allochrocebus_lhoesti	Trachypithecus_obscurus	1.73	1.262	38.5936741526	0.280239520958084	0.31787086994571	0.536226166923679	0.654492132264688	0.577009656934014	55.9417082901988	40.7532714892304	15.1884368009684	OU	Cercopithecidae	OWM	Cercopithecidae	OWM	family
Papio_ursinus	Cheirogaleus_medius	2.014	1	121.4130573116	0.607185628742515	0.999999999943169	0.629200941413015	0.948505688318928	0.57591902276051	55.9417082901988	40.7532714892304	15.1884368009684	OU	Cercopithecidae	OWM	Cheirogaleidae	STR	order
Papio_ursinus	Eulemur_fulvus	2.014	1	121.413057312	0.607185628742515	0.999999999946464	0.629200941412226	0.948505688318926	0.575919022758611	55.9417082901988	40.7532714892304	15.1884368009684	OU	Cercopithecidae	OWM	Lemuridae	STR	order
Papio_ursinus	Lemur_catta	2.014	1	121.4130573136	0.607185628742515	0.999999999959642	0.629200941409074	0.94850568831892	0.575919022751018	55.9417082901988	40.7532714892304	15.1884368009684	OU	Cercopithecidae	OWM	Lemuridae	STR	order
Papio_ursinus	Cercocebus_torquatus	2.014	1.722	18.5708053176	0.174850299401197	0.152955585896199	0.490093493472183	0.502926238791554	0.574917240937498	55.9417082901988	40.7532714892304	15.1884368009684	OU	Cercopithecidae	OWM	Cercopithecidae	OWM	family
Papio_anubis	Cercopithecus_cephus	1.887	1.49	29.8369393136	0.237724550898204	0.245747368302649	0.520333241326477	0.59413464511859	0.574738165700056	55.9417082901988	40.7532714892304	15.1884368009684	OU	Cercopithecidae	OWM	Cercopithecidae	OWM	family
Papio_anubis	Papio_cynocephalus	1.887	1.772	4.8778566854	0.0688622754491018	0.0401757174486104	0.387421291247008	0.335254493472973	0.574635345457495	55.9417082901988	40.7532714892304	15.1884368009684	OU	Cercopithecidae	OWM	Cercopithecidae	OWM	family
Leontocebus_fuscicolis	Alouatta_caraya	0.958	1.483	46.5475501525	0.31437125748503	0.383381748063496	0.545764474593882	0.700672076320074	0.574547856881562	55.9417082901988	40.7532714892304	15.1884368009684	OU	Callitrichidae	PLA	Atelidae	PLA	superfamily
Cercopithecus_neglectus	Semnopithecus_entellus	1.78	1.314	38.5936741543	0.279041916167665	0.317870869959712	0.534313858367119	0.652426847140908	0.572730799800878	55.9417082901988	40.7532714892304	15.1884368009684	OU	Cercopithecidae	OWM	Cercopithecidae	OWM	family
Saimiri_sciureus	Erythrocebus_patas	1.177	1.908	78.065338347	0.437724550898204	0.642973170029094	0.578965646435913	0.841226866682975	0.572692096010237	55.9417082901988	40.7532714892304	15.1884368009684	OU	Cebidae	PLA	Cercopithecidae	OWM	order
Cacajao_calvus	Allenopithecus_nigroviridis	1.198	1.928	78.065338349	0.437125748502994	0.642973170045566	0.578329988798854	0.840656227712808	0.57152071018239	55.9417082901988	40.7532714892304	15.1884368009684	OU	Pitheciidae	PLA	Cercopithecidae	OWM	order
Alouatta_seniculus	Papio_ursinus	1.284	2.014	78.065338356	0.437125748502994	0.642973170103221	0.57832998877804	0.840656227712068	0.571520710130639	55.9417082901988	40.7532714892304	15.1884368009684	OU	Atelidae	PLA	Cercopithecidae	OWM	order
Ateles_paniscus	Macaca_nigra	1.079	1.808	78.065338353	0.436526946107784	0.642973170078512	0.577693768693152	0.840084038534466	0.570349334748393	55.9417082901988	40.7532714892304	15.1884368009684	OU	Atelidae	PLA	Cercopithecidae	OWM	order
Cercopithecus_petaurista	Cercopithecus_mona	1.517	1.289	12.9463432657	0.136526946107784	0.106630568009981	0.462281017464663	0.44512439185348	0.569925444382441	55.9417082901988	40.7532714892304	15.1884368009684	OU	Cercopithecidae	OWM	Cercopithecidae	OWM	family
Cercopithecus_nictitans	Pongo_pygmaeus	1.566	2.193	62.1515760358	0.375449101796407	0.511901910786739	0.560760892365233	0.776426312190101	0.569461756989445	55.9417082901988	40.7532714892304	15.1884368009684	OU	Cercopithecidae	OWM	Hominidae	APE	order
Saguinus_midas	Theropithecus_gelada	0.897	1.624	78.0653383531	0.435329341317365	0.642973170079336	0.576419642214023	0.838935001244262	0.568006626862338	55.9417082901988	40.7532714892304	15.1884368009684	OU	Callitrichidae	PLA	Cercopithecidae	OWM	order
Trachypithecus_obscurus	Rhinopithecus_roxellana	1.262	1.543	17.7111143207	0.168263473053892	0.14587487303148	0.483898882679329	0.492020415704974	0.567534779907384	55.9417082901988	40.7532714892304	15.1884368009684	OU	Cercopithecidae	OWM	Cercopithecidae	OWM	family
Papio_ursinus	Eulemur_mongoz	2.014	1.012	121.4130573126	0.6	0.999999999951406	0.623512206367078	0.945681991118732	0.567409194698812	55.9417082901988	40.7532714892304	15.1884368009684	OU	Cercopithecidae	OWM	Lemuridae	STR	order
Allenopithecus_nigroviridis	Pan_troglodytes	1.928	1.303	62.151576028	0.374251497005988	0.511901910722495	0.559299885131262	0.774945874080897	0.566562943795327	55.9417082901988	40.7532714892304	15.1884368009684	OU	Cercopithecidae	OWM	Hominidae	APE	order
Allochrocebus_lhoesti	Hylobates_lar	1.73	1.105	62.151576036	0.374251497005988	0.511901910788386	0.55929988510185	0.774945874078358	0.566562943720544	55.9417082901988	40.7532714892304	15.1884368009684	OU	Cercopithecidae	OWM	Hylobatidae	APE	order
Macaca_silenus	Presbytis_comata	1.459	0.996	38.593674154	0.277245508982036	0.317870869957241	0.531437199159728	0.649314229354277	0.566328880752175	55.9417082901988	40.7532714892304	15.1884368009684	OU	Cercopithecidae	OWM	Cercopithecidae	OWM	family
Macaca_tonkeana	Colobus_polykomos	1.656	1.193	38.593674154	0.277245508982036	0.317870869957241	0.531437199159727	0.649314229354276	0.566328880752175	55.9417082901988	40.7532714892304	15.1884368009684	OU	Cercopithecidae	OWM	Cercopithecidae	OWM	family
Cercopithecus_neglectus	Avahi_laniger	1.78	0.78	121.4130573106	0.598802395209581	0.999999999934933	0.622558875202996	0.94519903931525	0.565987448728593	55.9417082901988	40.7532714892304	15.1884368009684	OU	Cercopithecidae	OWM	Indriidae	STR	order
Callithrix_jacchus	Gorilla_beringei	0.947	1.67	78.0653383503	0.432934131736527	0.642973170056274	0.573864651867972	0.836618233086794	0.56332146534929	55.9417082901988	40.7532714892304	15.1884368009684	OU	Callitrichidae	PLA	Hominidae	APE	order
Trachypithecus_francoisi	Gorilla_beringei	1.048	1.67	62.1515760322	0.372455089820359	0.511901910757088	0.557103159346694	0.772712108921035	0.562218174782381	55.9417082901988	40.7532714892304	15.1884368009684	OU	Cercopithecidae	OWM	Hominidae	APE	order
Cercopithecus_nictitans	Pongo_abelii	1.566	2.188	62.1515760358	0.372455089820359	0.511901910786739	0.557103159333485	0.772712108919891	0.562218174748983	55.9417082901988	40.7532714892304	15.1884368009684	OU	Cercopithecidae	OWM	Hominidae	APE	order
Chlorocebus_pygerythrus	Pongo_pygmaeus	1.571	2.193	62.1515760359	0.372455089820359	0.511901910787563	0.557103159333118	0.772712108919859	0.562218174748055	55.9417082901988	40.7532714892304	15.1884368009684	OU	Cercopithecidae	OWM	Hominidae	APE	order
Cebuella_pygmaea	Theropithecus_gelada	0.902	1.624	78.0653383527	0.432335329341317	0.642973170076041	0.57322450228507	0.836035134572083	0.562150245248006	55.9417082901988	40.7532714892304	15.1884368009684	OU	Callitrichidae	PLA	Cercopithecidae	OWM	order
Cheracebus_torquatus	Cercopithecus_neglectus	1.058	1.78	78.0653383539	0.432335329341317	0.642973170085924	0.573224502281516	0.836035134571955	0.562150245239279	55.9417082901988	40.7532714892304	15.1884368009684	OU	Pitheciidae	PLA	Cercopithecidae	OWM	order
Allenopithecus_nigroviridis	Colobus_guereza	1.928	1.467	38.59367415	0.276047904191617	0.317870869924296	0.52951397503667	0.647229363499891	0.562071980260318	55.9417082901988	40.7532714892304	15.1884368009684	OU	Cercopithecidae	OWM	Cercopithecidae	OWM	family
Macaca_nemestrina	Trachypithecus_obscurus	1.723	1.262	38.5936741538	0.276047904191617	0.317870869955594	0.529513975014821	0.647229363494128	0.562071980199971	55.9417082901988	40.7532714892304	15.1884368009684	OU	Cercopithecidae	OWM	Cercopithecidae	OWM	family
Papio_ursinus	Eulemur_rubriventer	2.014	1.021	121.4130573136	0.594610778443114	0.999999999959642	0.619210514411786	0.943480424217801	0.561003629512627	55.9417082901988	40.7532714892304	15.1884368009684	OU	Cercopithecidae	OWM	Lemuridae	STR	order
Papio_cynocephalus	Avahi_laniger	1.772	0.78	121.4130573099	0.594011976047904	0.999999999929167	0.618730692357021	0.943231284048557	0.560290678947572	55.9417082901988	40.7532714892304	15.1884368009684	OU	Cercopithecidae	OWM	Indriidae	STR	order
Cercocebus_torquatus	Trachypithecus_obscurus	1.722	1.262	38.5936741533	0.275449101796407	0.317870869951476	0.528550730904461	0.646183996025727	0.559946878201423	55.9417082901988	40.7532714892304	15.1884368009684	OU	Cercopithecidae	OWM	Cercopithecidae	OWM	family
Semnopithecus_vetulus	Piliocolobus_badius	1.385	1.018	27.017026324	0.219760479041916	0.222521588045731	0.507715402258617	0.566112330161309	0.559087852825394	55.9417082901988	40.7532714892304	15.1884368009684	OU	Cercopithecidae	OWM	Cercopithecidae	OWM	family
Cercopithecus_nictitans	Cercopithecus_diana	1.566	1.333	13.5928258671	0.139520958083832	0.111955222669686	0.461195481989904	0.447481188894339	0.557660488811976	55.9417082901988	40.7532714892304	15.1884368009684	OU	Cercopithecidae	OWM	Cercopithecidae	OWM	family
Macaca_nemestrina	Cercopithecus_diana	1.723	1.333	29.8369393152	0.233532934131737	0.245747368315827	0.51255324006389	0.585806303961365	0.556689847523201	55.9417082901988	40.7532714892304	15.1884368009684	OU	Cercopithecidae	OWM	Cercopithecidae	OWM	family
Macaca_nemestrina	Hylobates_lar	1.723	1.105	62.1515760372	0.370059880239521	0.51190191079827	0.554164476369726	0.769709232571235	0.556431809329218	55.9417082901988	40.7532714892304	15.1884368009684	OU	Cercopithecidae	OWM	Hylobatidae	APE	order
Plecturocebus_moloch	Cercopithecus_neglectus	1.063	1.78	78.0653383548	0.42934131736527	0.642973170093337	0.570015356750097	0.833096101384838	0.556294716945208	55.9417082901988	40.7532714892304	15.1884368009684	OU	Pitheciidae	PLA	Cercopithecidae	OWM	order
Papio_cynocephalus	Semnopithecus_entellus	1.772	1.314	38.5936741536	0.274251497005988	0.317870869953947	0.526620984264941	0.644087394948386	0.555703428542773	55.9417082901988	40.7532714892304	15.1884368009684	OU	Cercopithecidae	OWM	Cercopithecidae	OWM	family
Chlorocebus_pygerythrus	Pongo_abelii	1.571	2.188	62.1515760359	0.369461077844311	0.511901910787563	0.55342807385065	0.768954125922975	0.554986442108111	55.9417082901988	40.7532714892304	15.1884368009684	OU	Cercopithecidae	OWM	Hominidae	APE	order
Cercocebus_torquatus	Hylobates_lar	1.722	1.105	62.1515760367	0.369461077844311	0.511901910794152	0.553428073847724	0.768954125922719	0.554986442100782	55.9417082901988	40.7532714892304	15.1884368009684	OU	Cercopithecidae	OWM	Hylobatidae	APE	order
Macaca_tonkeana	Cercopithecus_ascanius	1.656	1.267	29.8369393137	0.232934131736527	0.245747368303472	0.51143627662264	0.584608342268843	0.554126937563625	55.9417082901988	40.7532714892304	15.1884368009684	OU	Cercopithecidae	OWM	Cercopithecidae	OWM	family
Cercocebus_torquatus	Cercopithecus_diana	1.722	1.333	29.8369393147	0.232934131736527	0.245747368311709	0.511436276615354	0.584608342266125	0.554126937542477	55.9417082901988	40.7532714892304	15.1884368009684	OU	Cercopithecidae	OWM	Cercopithecidae	OWM	family
Papio_hamadryas	Semnopithecus_vetulus	1.842	1.385	38.5936741539	0.273652694610778	0.317870869956418	0.52565448402611	0.643036162566957	0.553585104047907	55.9417082901988	40.7532714892304	15.1884368009684	OU	Cercopithecidae	OWM	Cercopithecidae	OWM	family
Cheracebus_torquatus	Papio_cynocephalus	1.058	1.772	78.0653383532	0.427544910179641	0.642973170080159	0.568083161782697	0.831313776440823	0.552781967302273	55.9417082901988	40.7532714892304	15.1884368009684	OU	Pitheciidae	PLA	Cercopithecidae	OWM	order
Macaca_nemestrina	Mandrillus_leucophaeus	1.723	1.4	22.4016461425	0.193413173652695	0.184507718010381	0.493115361603119	0.52650723227206	0.551919647822571	55.9417082901988	40.7532714892304	15.1884368009684	OU	Cercopithecidae	OWM	Cercopithecidae	OWM	family
Ateles_geoffroyi	Cercopithecus_neglectus	1.067	1.78	78.0653383536	0.426946107784431	0.642973170083454	0.567437980616633	0.830716505292647	0.551611163745677	55.9417082901988	40.7532714892304	15.1884368009684	OU	Atelidae	PLA	Cercopithecidae	OWM	order
Leontocebus_fuscicolis	Gorilla_beringei	0.958	1.67	78.0653383503	0.426347305389221	0.642973170056274	0.566792241872285	0.830117649423127	0.55044042188667	55.9417082901988	40.7532714892304	15.1884368009684	OU	Callitrichidae	PLA	Hominidae	APE	order
Chlorocebus_pygerythrus	Hylobates_klossii	1.571	0.958	62.1515760362	0.367065868263473	0.511901910790033	0.550475550728625	0.765916111804839	0.549210027684273	55.9417082901988	40.7532714892304	15.1884368009684	OU	Cercopithecidae	OWM	Hylobatidae	APE	order
Saguinus_oedipus	Saguinus_midas	1.035	0.897	6.5019007411	0.0826347305389221	0.0535519068928782	0.401347544979053	0.355326264695723	0.548295884127286	55.9417082901988	40.7532714892304	15.1884368009684	OU	Callitrichidae	PLA	Callitrichidae	PLA	family
Nasalis_larvatus	Propithecus_verreauxi	2.077	1.102	121.413057312	0.583832335329341	0.999999999946464	0.610517036356424	0.938854202412376	0.548133441557529	55.9417082901988	40.7532714892304	15.1884368009684	OU	Cercopithecidae	OWM	Indriidae	STR	order
Saimiri_sciureus	Papio_anubis	1.177	1.887	78.0653383469	0.425149700598802	0.64297317002827	0.56549909281282	0.828915175632144	0.548099135654937	55.9417082901988	40.7532714892304	15.1884368009684	OU	Cebidae	PLA	Cercopithecidae	OWM	order
Cacajao_calvus	Erythrocebus_patas	1.198	1.908	78.065338353	0.425149700598802	0.642973170078512	0.565499092794869	0.828915175631483	0.548099135611672	55.9417082901988	40.7532714892304	15.1884368009684	OU	Pitheciidae	PLA	Cercopithecidae	OWM	order
Alouatta_caraya	Pongo_pygmaeus	1.483	2.193	78.0653383582	0.425149700598802	0.642973170121341	0.565499092779566	0.828915175630919	0.548099135574789	55.9417082901988	40.7532714892304	15.1884368009684	OU	Atelidae	PLA	Hominidae	APE	order
Callithrix_jacchus	Macaca_tonkeana	0.947	1.656	78.0653383523	0.424550898203593	0.642973170072746	0.564851683088684	0.82831155378339	0.546928597520429	55.9417082901988	40.7532714892304	15.1884368009684	OU	Callitrichidae	PLA	Cercopithecidae	OWM	order
Plecturocebus_moloch	Papio_cynocephalus	1.063	1.772	78.0653383541	0.424550898203593	0.642973170087572	0.56485168308339	0.828311553783195	0.54692859750769	55.9417082901988	40.7532714892304	15.1884368009684	OU	Pitheciidae	PLA	Cercopithecidae	OWM	order
Papio_cynocephalus	Gorilla_gorilla	1.772	2.383	62.1515760319	0.365868263473054	0.511901910754617	0.54899514805176	0.764386535237659	0.546324927479408	55.9417082901988	40.7532714892304	15.1884368009684	OU	Cercopithecidae	OWM	Hominidae	APE	order
Cebus_olivaceus	Papio_ursinus	1.306	2.014	78.0653383476	0.423952095808383	0.642973170034036	0.564203717019364	0.827706339360682	0.545758133682733	55.9417082901988	40.7532714892304	15.1884368009684	OU	Cebidae	PLA	Cercopithecidae	OWM	order
Papio_ursinus	Eulemur_coronatus	2.014	1.043	121.4130573127	0.581437125748503	0.999999999952229	0.608568880664323	0.937784651932538	0.545262812616763	55.9417082901988	40.7532714892304	15.1884368009684	OU	Cercopithecidae	OWM	Lemuridae	STR	order
Theropithecus_gelada	Nasalis_larvatus	1.624	2.077	38.593674153	0.27125748502994	0.317870869949005	0.521777663956527	0.638811702535699	0.545134745644755	55.9417082901988	40.7532714892304	15.1884368009684	OU	Cercopithecidae	OWM	Cercopithecidae	OWM	family
Theropithecus_gelada	Papio_hamadryas	1.624	1.842	12.5784127639	0.130538922155689	0.103600164938631	0.450021624789745	0.431289741553408	0.543436374184711	55.9417082901988	40.7532714892304	15.1884368009684	OU	Cercopithecidae	OWM	Cercopithecidae	OWM	family
Pygathrix_nemaeus	Rhinopithecus_roxellana	1.303	1.543	14.5090833354	0.143712574850299	0.119501836588619	0.459972196048297	0.451101186722222	0.542493026990435	55.9417082901988	40.7532714892304	15.1884368009684	OU	Cercopithecidae	OWM	Cercopithecidae	OWM	family
Ateles_geoffroyi	Papio_cynocephalus	1.067	1.772	78.0653383529	0.422155688622754	0.642973170077688	0.562256483589115	0.825881121207112	0.542247219120503	55.9417082901988	40.7532714892304	15.1884368009684	OU	Atelidae	PLA	Cercopithecidae	OWM	order
Alouatta_caraya	Pongo_abelii	1.483	2.188	78.0653383582	0.422155688622754	0.642973170121341	0.562256483573562	0.825881121206534	0.54224721908331	55.9417082901988	40.7532714892304	15.1884368009684	OU	Atelidae	PLA	Hominidae	APE	order
Cercopithecus_nictitans	Hylobates_klossii	1.566	0.958	62.1515760361	0.364071856287425	0.51190191078921	0.546769378467006	0.762078931773168	0.542001280871256	55.9417082901988	40.7532714892304	15.1884368009684	OU	Cercopithecidae	OWM	Hylobatidae	APE	order
Allochrocebus_lhoesti	Colobus_angolensis	1.73	1.279	38.5936741533	0.270059880239521	0.317870869951476	0.519832778846788	0.63668776381745	0.540923492840841	55.9417082901988	40.7532714892304	15.1884368009684	OU	Cercopithecidae	OWM	Cercopithecidae	OWM	family
Cercopithecus_pogonias	Piliocolobus_badius	1.469	1.018	38.5936741536	0.270059880239521	0.317870869953947	0.519832778845082	0.636687763816997	0.540923492836251	55.9417082901988	40.7532714892304	15.1884368009684	OU	Cercopithecidae	OWM	Cercopithecidae	OWM	family
Allenopithecus_nigroviridis	Eulemur_macaco	1.928	0.964	121.4130573091	0.577245508982036	0.999999999922578	0.605145406893484	0.93587571247528	0.540230052033544	55.9417082901988	40.7532714892304	15.1884368009684	OU	Cercopithecidae	OWM	Lemuridae	STR	order
Aotus_trivirgatus	Macaca_nigra	1.105	1.808	78.0653383561	0.420958083832335	0.642973170104045	0.560955551777866	0.824656310720885	0.53990703892844	55.9417082901988	40.7532714892304	15.1884368009684	OU	Aotidae	PLA	Cercopithecidae	OWM	order
Erythrocebus_patas	Pan_troglodytes	1.908	1.303	62.151576032	0.362275449101796	0.511901910755441	0.544537422069204	0.7597554142374	0.537682567924367	55.9417082901988	40.7532714892304	15.1884368009684	OU	Cercopithecidae	OWM	Hominidae	APE	order
Ateles_paniscus	Cercopithecus_neglectus	1.079	1.78	78.0653383536	0.419760479041916	0.642973170083454	0.559652401964572	0.823425083629218	0.537567232415729	55.9417082901988	40.7532714892304	15.1884368009684	OU	Atelidae	PLA	Cercopithecidae	OWM	order
Nasalis_larvatus	Hapalemur_griseus	2.077	1.119	121.4130573148	0.573652694610778	0.999999999969526	0.602196637908333	0.934201223845113	0.535907049383767	55.9417082901988	40.7532714892304	15.1884368009684	OU	Cercopithecidae	OWM	Lemuridae	STR	order
Cercopithecus_neglectus	Gorilla_gorilla	1.78	2.383	62.1515760326	0.361077844311377	0.511901910760383	0.543046020627109	0.758197546338566	0.534806238928562	55.9417082901988	40.7532714892304	15.1884368009684	OU	Cercopithecidae	OWM	Hominidae	APE	order
Leontocebus_fuscicolis	Macaca_tonkeana	0.958	1.656	78.0653383523	0.417964071856287	0.642973170072746	0.557693524025814	0.821566178597956	0.534058280017128	55.9417082901988	40.7532714892304	15.1884368009684	OU	Callitrichidae	PLA	Cercopithecidae	OWM	order
Theropithecus_gelada	Nomascus_concolor	1.624	1.022	62.151576036	0.360479041916168	0.511901910788386	0.542299292255948	0.757415952211415	0.533368934616188	55.9417082901988	40.7532714892304	15.1884368009684	OU	Cercopithecidae	OWM	Hylobatidae	APE	order
Mandrillus_leucophaeus	Cercopithecus_neglectus	1.4	1.78	29.8369393146	0.227544910179641	0.245747368310885	0.501321810223242	0.57373490314673	0.531238474294844	55.9417082901988	40.7532714892304	15.1884368009684	OU	Cercopithecidae	OWM	Cercopithecidae	OWM	family
Saimiri_oerstedii	Papio_ursinus	1.319	2.014	78.065338347	0.416167664670659	0.642973170029094	0.55572966998531	0.819692751107445	0.530550315124995	55.9417082901988	40.7532714892304	15.1884368009684	OU	Cebidae	PLA	Cercopithecidae	OWM	order
Saguinus_oedipus	Allochrocebus_lhoesti	1.035	1.73	78.0653383515	0.416167664670659	0.642973170066157	0.555729669972181	0.819692751106949	0.530550315094091	55.9417082901988	40.7532714892304	15.1884368009684	OU	Callitrichidae	PLA	Cercopithecidae	OWM	order
Allochrocebus_lhoesti	Avahi_laniger	1.73	0.78	121.4130573093	0.568862275449102	0.999999999924226	0.598244364503832	0.931912671471881	0.530129962853516	55.9417082901988	40.7532714892304	15.1884368009684	OU	Cercopithecidae	OWM	Indriidae	STR	order
Alouatta_caraya	Ateles_geoffroyi	1.483	1.067	34.5806779972	0.249101796407186	0.284818443427261	0.508542282646094	0.605126331374371	0.529242609378779	55.9417082901988	40.7532714892304	15.1884368009684	OU	Atelidae	PLA	Atelidae	PLA	family
Macaca_fascicularis	Trachypithecus_francoisi	1.493	1.048	38.5936741548	0.266467065868263	0.31787086996383	0.51397233778257	0.630269184068873	0.52834655847869	55.9417082901988	40.7532714892304	15.1884368009684	OU	Cercopithecidae	OWM	Cercopithecidae	OWM	family
Ateles_paniscus	Papio_cynocephalus	1.079	1.772	78.0653383529	0.41497005988024	0.642973170077688	0.55441767377745	0.818435706546482	0.528212264459936	55.9417082901988	40.7532714892304	15.1884368009684	OU	Atelidae	PLA	Cercopithecidae	OWM	order
Macaca_nemestrina	Colobus_angolensis	1.723	1.279	38.5936741545	0.265868263473054	0.31787086996136	0.512991849943183	0.629192609464825	0.526258812230348	55.9417082901988	40.7532714892304	15.1884368009684	OU	Cercopithecidae	OWM	Cercopithecidae	OWM	family
Erythrocebus_patas	Eulemur_macaco	1.908	0.964	121.4130573131	0.565269461077844	0.999999999955524	0.595264754706926	0.930153635407644	0.525787444229862	55.9417082901988	40.7532714892304	15.1884368009684	OU	Cercopithecidae	OWM	Lemuridae	STR	order
Macaca_nemestrina	Avahi_laniger	1.723	0.78	121.4130573105	0.564670658682635	0.999999999934109	0.594766871373213	0.929856867289589	0.52506288976758	55.9417082901988	40.7532714892304	15.1884368009684	OU	Cercopithecidae	OWM	Indriidae	STR	order
Cercocebus_torquatus	Avahi_laniger	1.722	0.78	121.41305731	0.564071856287425	0.999999999929991	0.594268622148237	0.929559065242596	0.524338107496903	55.9417082901988	40.7532714892304	15.1884368009684	OU	Cercopithecidae	OWM	Indriidae	STR	order
Cercocebus_torquatus	Colobus_angolensis	1.722	1.279	38.593674154	0.265269461077844	0.317870869957241	0.512010294626516	0.628114091014392	0.524173499890697	55.9417082901988	40.7532714892304	15.1884368009684	OU	Cercopithecidae	OWM	Cercopithecidae	OWM	family
Saimiri_sciureus	Cercopithecus_mitis	1.177	1.866	78.0653383468	0.412574850299401	0.642973170027446	0.551787068976368	0.815902128110415	0.523537705857537	55.9417082901988	40.7532714892304	15.1884368009684	OU	Cebidae	PLA	Cercopithecidae	OWM	order
Cacajao_calvus	Papio_anubis	1.198	1.887	78.0653383529	0.412574850299401	0.642973170077688	0.551787068958636	0.815902128109737	0.523537705816193	55.9417082901988	40.7532714892304	15.1884368009684	OU	Pitheciidae	PLA	Cercopithecidae	OWM	order
Alouatta_palliata	Allenopithecus_nigroviridis	1.24	1.928	78.065338352	0.411976047904192	0.642973170070275	0.551128042122131	0.815264662581263	0.522369407186094	55.9417082901988	40.7532714892304	15.1884368009684	OU	Atelidae	PLA	Cercopithecidae	OWM	order
Saguinus_oedipus	Macaca_nemestrina	1.035	1.723	78.0653383527	0.411976047904192	0.642973170076041	0.551128042120097	0.815264662581186	0.52236940718136	55.9417082901988	40.7532714892304	15.1884368009684	OU	Callitrichidae	PLA	Cercopithecidae	OWM	order
Cercopithecus_cephus	Trachypithecus_francoisi	1.49	1.048	38.5936741539	0.264670658682635	0.317870869956418	0.511027673075156	0.627033629596776	0.522090633169046	55.9417082901988	40.7532714892304	15.1884368009684	OU	Cercopithecidae	OWM	Cercopithecidae	OWM	family
Saguinus_oedipus	Cercocebus_torquatus	1.035	1.722	78.0653383522	0.411377245508982	0.642973170071923	0.550468465706005	0.814625565064857	0.521201251741333	55.9417082901988	40.7532714892304	15.1884368009684	OU	Callitrichidae	PLA	Cercopithecidae	OWM	order
Macaca_silenus	Papio_cynocephalus	1.459	1.772	22.4016461429	0.187425149700599	0.184507718013675	0.47987227430483	0.512703703379545	0.520810562248894	55.9417082901988	40.7532714892304	15.1884368009684	OU	Cercopithecidae	OWM	Cercopithecidae	OWM	family
Trachypithecus_cristatus	Trachypithecus_obscurus	1.148	1.262	5.1737784206	0.0682634730538923	0.0426130313729581	0.374042859329312	0.324741929897001	0.520216733397206	55.9417082901988	40.7532714892304	15.1884368009684	OU	Cercopithecidae	OWM	Cercopithecidae	OWM	family
Erythrocebus_patas	Colobus_guereza	1.908	1.467	38.593674154	0.264071856287425	0.317870869957241	0.510043986542785	0.625951226109774	0.520010223794438	55.9417082901988	40.7532714892304	15.1884368009684	OU	Cercopithecidae	OWM	Cercopithecidae	OWM	family
Macaca_silenus	Piliocolobus_badius	1.459	1.018	38.593674155	0.264071856287425	0.317870869965478	0.510043986537162	0.625951226108269	0.520010223779714	55.9417082901988	40.7532714892304	15.1884368009684	OU	Cercopithecidae	OWM	Cercopithecidae	OWM	family
Macaca_tonkeana	Trachypithecus_pileatus	1.656	1.217	38.5936741541	0.262874251497006	0.317870869958065	0.508073423582056	0.623780596605706	0.515856824038998	55.9417082901988	40.7532714892304	15.1884368009684	OU	Cercopithecidae	OWM	Cercopithecidae	OWM	family
Macaca_tonkeana	Hylobates_muelleri	1.656	1.067	62.1515760364	0.352694610778443	0.511901910791681	0.532529730413147	0.747093333545469	0.514738833622402	55.9417082901988	40.7532714892304	15.1884368009684	OU	Cercopithecidae	OWM	Hylobatidae	APE	order
Allenopithecus_nigroviridis	Cheirogaleus_medius	1.928	1	121.413057308	0.555688622754491	0.999999999913518	0.587254782976825	0.925279872249357	0.514167497917162	55.9417082901988	40.7532714892304	15.1884368009684	OU	Cercopithecidae	OWM	Cheirogaleidae	STR	order
Allenopithecus_nigroviridis	Eulemur_fulvus	1.928	1	121.4130573084	0.555688622754491	0.999999999916813	0.587254782976055	0.925279872249355	0.514167497915467	55.9417082901988	40.7532714892304	15.1884368009684	OU	Cercopithecidae	OWM	Lemuridae	STR	order
Allenopithecus_nigroviridis	Lemur_catta	1.928	1	121.41305731	0.555688622754491	0.999999999929991	0.587254782972977	0.925279872249346	0.514167497908687	55.9417082901988	40.7532714892304	15.1884368009684	OU	Cercopithecidae	OWM	Lemuridae	STR	order
Papio_hamadryas	Cercopithecus_pogonias	1.842	1.469	29.8369393135	0.223353293413174	0.245747368301825	0.493378708110271	0.565164165416953	0.513662785230513	55.9417082901988	40.7532714892304	15.1884368009684	OU	Cercopithecidae	OWM	Cercopithecidae	OWM	family
Macaca_fascicularis	Cercopithecus_mitis	1.493	1.866	29.8369393144	0.223353293413174	0.245747368309238	0.493378708103861	0.565164165414544	0.51366278521283	55.9417082901988	40.7532714892304	15.1884368009684	OU	Cercopithecidae	OWM	Cercopithecidae	OWM	family
Trachypithecus_pileatus	Semnopithecus_vetulus	1.217	1.385	9.0158535421	0.10059880239521	0.0742576930457235	0.413656688607531	0.378746856768683	0.513098086395154	55.9417082901988	40.7532714892304	15.1884368009684	OU	Cercopithecidae	OWM	Cercopithecidae	OWM	family
Rhinopithecus_roxellana	Colobus_polykomos	1.543	1.193	27.0170263234	0.209580838323353	0.222521588040789	0.487449598974642	0.54451811673566	0.512851649102892	55.9417082901988	40.7532714892304	15.1884368009684	OU	Cercopithecidae	OWM	Cercopithecidae	OWM	family
Papio_anubis	Eulemur_macaco	1.887	0.964	121.413057313	0.552694610778443	0.9999999999547	0.58473253121897	0.923701049094156	0.510524591827861	55.9417082901988	40.7532714892304	15.1884368009684	OU	Cercopithecidae	OWM	Lemuridae	STR	order
Callithrix_jacchus	Theropithecus_gelada	0.947	1.624	78.0653383523	0.405389221556886	0.642973170072746	0.543842550776498	0.808144439029791	0.509528329163015	55.9417082901988	40.7532714892304	15.1884368009684	OU	Callitrichidae	PLA	Cercopithecidae	OWM	order
Rhinopithecus_roxellana	Hylobates_klossii	1.543	0.958	62.1515760357	0.350299401197605	0.511901910785915	0.529500619527844	0.74385645150253	0.509028124427702	55.9417082901988	40.7532714892304	15.1884368009684	OU	Cercopithecidae	OWM	Hylobatidae	APE	order
Papio_anubis	Pan_troglodytes	1.887	1.303	62.1515760319	0.349700598802395	0.511901910754617	0.528741651995875	0.743042754214138	0.507602121862408	55.9417082901988	40.7532714892304	15.1884368009684	OU	Cercopithecidae	OWM	Hominidae	APE	order
Aotus_trivirgatus	Cercopithecus_neglectus	1.105	1.78	78.0653383567	0.404191616766467	0.642973170108986	0.542510807668457	0.806828453399135	0.507195808772716	55.9417082901988	40.7532714892304	15.1884368009684	OU	Aotidae	PLA	Cercopithecidae	OWM	order
Papio_anubis	Cercopithecus_petaurista	1.887	1.517	29.8369393136	0.221556886227545	0.245747368302649	0.489954271950716	0.561460748655372	0.506192583343851	55.9417082901988	40.7532714892304	15.1884368009684	OU	Cercopithecidae	OWM	Cercopithecidae	OWM	family
Saguinus_midas	Chlorocebus_pygerythrus	0.897	1.571	78.065338353	0.403592814371257	0.642973170078512	0.541844118434657	0.806167979316992	0.506029829500981	55.9417082901988	40.7532714892304	15.1884368009684	OU	Callitrichidae	PLA	Cercopithecidae	OWM	order
Cercopithecus_nictitans	Cercopithecus_neglectus	1.566	1.78	12.9463432668	0.12814371257485	0.106630568019041	0.437022844219386	0.42056695082603	0.50541801911351	55.9417082901988	40.7532714892304	15.1884368009684	OU	Cercopithecidae	OWM	Cercopithecidae	OWM	family
Allenopithecus_nigroviridis	Eulemur_mongoz	1.928	1.012	121.413057309	0.548502994011976	0.999999999921755	0.581186120989572	0.921445093989144	0.505415392910239	55.9417082901988	40.7532714892304	15.1884368009684	OU	Cercopithecidae	OWM	Lemuridae	STR	order
Cheracebus_torquatus	Allochrocebus_lhoesti	1.058	1.73	78.0653383526	0.402395209580838	0.642973170075217	0.540509106365875	0.804842060139562	0.503698450483472	55.9417082901988	40.7532714892304	15.1884368009684	OU	Pitheciidae	PLA	Cercopithecidae	OWM	order
Trachypithecus_obscurus	Presbytis_comata	1.262	0.996	17.9572585523	0.159281437125748	0.14790220219225	0.45845340300293	0.467555424363368	0.503527999074235	55.9417082901988	40.7532714892304	15.1884368009684	OU	Cercopithecidae	OWM	Cercopithecidae	OWM	family
Papio_ursinus	Propithecus_verreauxi	2.014	1.102	121.4130573126	0.546107784431137	0.999999999951406	0.579151624460011	0.920131794277265	0.502491135581823	55.9417082901988	40.7532714892304	15.1884368009684	OU	Cercopithecidae	OWM	Indriidae	STR	order
Alouatta_caraya	Ateles_paniscus	1.483	1.079	34.5806779972	0.241916167664671	0.284818443427261	0.495959748192408	0.591348806626521	0.50227378301328	55.9417082901988	40.7532714892304	15.1884368009684	OU	Atelidae	PLA	Atelidae	PLA	family
Trachypithecus_cristatus	Semnopithecus_entellus	1.148	1.314	9.0158535418	0.0994011976047905	0.0742576930432525	0.409191490238653	0.374587036403684	0.501421448738889	55.9417082901988	40.7532714892304	15.1884368009684	OU	Cercopithecidae	OWM	Cercopithecidae	OWM	family
Cebuella_pygmaea	Chlorocebus_pygerythrus	0.902	1.571	78.0653383526	0.40059880239521	0.642973170075217	0.538502509794581	0.802840728653215	0.500202884631954	55.9417082901988	40.7532714892304	15.1884368009684	OU	Callitrichidae	PLA	Cercopithecidae	OWM	order
Saguinus_midas	Cercopithecus_nictitans	0.897	1.566	78.0653383529	0.40059880239521	0.642973170077688	0.538502509793721	0.802840728653181	0.50020288463001	55.9417082901988	40.7532714892304	15.1884368009684	OU	Callitrichidae	PLA	Cercopithecidae	OWM	order
Erythrocebus_patas	Cheirogaleus_medius	1.908	1	121.413057312	0.543712574850299	0.999999999946464	0.577111337959247	0.9188007057177	0.499563497506787	55.9417082901988	40.7532714892304	15.1884368009684	OU	Cercopithecidae	OWM	Cheirogaleidae	STR	order
Erythrocebus_patas	Eulemur_fulvus	1.908	1	121.4130573124	0.543712574850299	0.999999999949758	0.577111337958483	0.918800705717698	0.49956349750514	55.9417082901988	40.7532714892304	15.1884368009684	OU	Cercopithecidae	OWM	Lemuridae	STR	order
Erythrocebus_patas	Lemur_catta	1.908	1	121.413057314	0.543712574850299	0.999999999962936	0.577111337955427	0.918800705717689	0.499563497498553	55.9417082901988	40.7532714892304	15.1884368009684	OU	Cercopithecidae	OWM	Lemuridae	STR	order
Theropithecus_gelada	Colobus_polykomos	1.624	1.193	38.593674154	0.258083832335329	0.317870869957241	0.50014882759423	0.615020587362857	0.499343869329966	55.9417082901988	40.7532714892304	15.1884368009684	OU	Cercopithecidae	OWM	Cercopithecidae	OWM	family
Cacajao_calvus	Cercopithecus_mitis	1.198	1.866	78.0653383528	0.4	0.642973170076864	0.537832558153489	0.802170290772425	0.499038111140177	55.9417082901988	40.7532714892304	15.1884368009684	OU	Pitheciidae	PLA	Cercopithecidae	OWM	order
Alouatta_palliata	Erythrocebus_patas	1.24	1.908	78.065338356	0.4	0.642973170103221	0.537832558144313	0.802170290772061	0.499038111119494	55.9417082901988	40.7532714892304	15.1884368009684	OU	Atelidae	PLA	Cercopithecidae	OWM	order
Allenopithecus_nigroviridis	Eulemur_rubriventer	1.928	1.021	121.41305731	0.54311377245509	0.999999999929991	0.576600362707244	0.918465135164048	0.498831064462342	55.9417082901988	40.7532714892304	15.1884368009684	OU	Cercopithecidae	OWM	Lemuridae	STR	order
Macaca_tonkeana	Cercopithecus_mona	1.656	1.289	29.8369393136	0.219760479041916	0.245747368302649	0.486517765024742	0.557739268369466	0.498760371856404	55.9417082901988	40.7532714892304	15.1884368009684	OU	Cercopithecidae	OWM	Cercopithecidae	OWM	family
Plecturocebus_moloch	Allochrocebus_lhoesti	1.063	1.73	78.0653383535	0.39940119760479	0.64297317008263	0.537162064071588	0.801498186447947	0.497873551246685	55.9417082901988	40.7532714892304	15.1884368009684	OU	Pitheciidae	PLA	Cercopithecidae	OWM	order
Aotus_trivirgatus	Papio_cynocephalus	1.105	1.772	78.065338356	0.39940119760479	0.642973170103221	0.537162064064424	0.801498186447662	0.497873551230564	55.9417082901988	40.7532714892304	15.1884368009684	OU	Aotidae	PLA	Cercopithecidae	OWM	order
Leontocebus_fuscicolis	Theropithecus_gelada	0.958	1.624	78.0653383523	0.398802395209581	0.642973170072746	0.536491027929577	0.800824414041911	0.496709208606775	55.9417082901988	40.7532714892304	15.1884368009684	OU	Callitrichidae	PLA	Cercopithecidae	OWM	order
Saimiri_sciureus	Papio_hamadryas	1.177	1.842	78.0653383469	0.398203592814371	0.64297317002827	0.535819450109467	0.800148971924786	0.495545086886232	55.9417082901988	40.7532714892304	15.1884368009684	OU	Cebidae	PLA	Cercopithecidae	OWM	order
Cheracebus_torquatus	Macaca_nemestrina	1.058	1.723	78.0653383538	0.398203592814371	0.642973170085101	0.535819450089722	0.800148971924	0.495545086841946	55.9417082901988	40.7532714892304	15.1884368009684	OU	Pitheciidae	PLA	Cercopithecidae	OWM	order
Cercopithecus_mitis	Eulemur_macaco	1.866	0.964	121.4130573129	0.540119760479042	0.999999999953877	0.574040071782748	0.916770365836755	0.495165790432871	55.9417082901988	40.7532714892304	15.1884368009684	OU	Cercopithecidae	OWM	Lemuridae	STR	order
Macaca_nigra	Gorilla_gorilla	1.808	2.383	62.151576032	0.344311377245509	0.511901910755441	0.521880644375885	0.735638714685015	0.494799440452414	55.9417082901988	40.7532714892304	15.1884368009684	OU	Cercopithecidae	OWM	Hominidae	APE	order
Cebuella_pygmaea	Cercopithecus_nictitans	0.902	1.566	78.0653383525	0.397604790419162	0.642973170074393	0.535147330944825	0.799471858473433	0.494381189649901	55.9417082901988	40.7532714892304	15.1884368009684	OU	Callitrichidae	PLA	Cercopithecidae	OWM	order
Cheracebus_torquatus	Cercocebus_torquatus	1.058	1.722	78.0653383533	0.397604790419162	0.642973170080983	0.535147330942537	0.799471858473341	0.494381189644778	55.9417082901988	40.7532714892304	15.1884368009684	OU	Pitheciidae	PLA	Cercopithecidae	OWM	order
Ateles_geoffroyi	Allochrocebus_lhoesti	1.067	1.73	78.0653383523	0.397005988023952	0.642973170072746	0.534474670862396	0.798793072076783	0.493217520679209	55.9417082901988	40.7532714892304	15.1884368009684	OU	Atelidae	PLA	Cercopithecidae	OWM	order
Allenopithecus_nigroviridis	Pan_paniscus	1.928	1.355	62.151576028	0.34311377245509	0.511901910722495	0.520348594420922	0.733973594219363	0.491962314498077	55.9417082901988	40.7532714892304	15.1884368009684	OU	Cercopithecidae	OWM	Hominidae	APE	order
Allochrocebus_lhoesti	Pygathrix_nemaeus	1.73	1.303	38.5936741521	0.255688622754491	0.317870869941592	0.49616126929549	0.610594204193083	0.491149098250779	55.9417082901988	40.7532714892304	15.1884368009684	OU	Cercopithecidae	OWM	Cercopithecidae	OWM	family
Erythrocebus_patas	Eulemur_mongoz	1.908	1.012	121.413057313	0.536526946107784	0.9999999999547	0.570955829678139	0.914699093327412	0.490760711172747	55.9417082901988	40.7532714892304	15.1884368009684	OU	Cercopithecidae	OWM	Lemuridae	STR	order
Papio_ursinus	Hapalemur_griseus	2.014	1.119	121.4130573154	0.535928143712575	0.999999999974467	0.570440530011112	0.914349863433435	0.490025825026239	55.9417082901988	40.7532714892304	15.1884368009684	OU	Cercopithecidae	OWM	Lemuridae	STR	order
Plecturocebus_moloch	Macaca_nemestrina	1.063	1.723	78.0653383547	0.395209580838323	0.642973170092514	0.532453448811224	0.796746659208129	0.489727920022966	55.9417082901988	40.7532714892304	15.1884368009684	OU	Pitheciidae	PLA	Cercopithecidae	OWM	order
Plecturocebus_moloch	Cercocebus_torquatus	1.063	1.722	78.0653383542	0.394610778443114	0.642973170088395	0.531778628811172	0.79606116506774	0.488565200928253	55.9417082901988	40.7532714892304	15.1884368009684	OU	Pitheciidae	PLA	Cercopithecidae	OWM	order
Gorilla_beringei	Avahi_laniger	1.67	0.78	121.413057308	0.532934131736527	0.999999999913519	0.56785864369167	0.912586343499343	0.486348410649494	55.9417082901988	40.7532714892304	15.1884368009684	OU	Hominidae	APE	Indriidae	STR	order
Theropithecus_gelada	Pongo_pygmaeus	1.624	2.193	62.151576036	0.340718562874251	0.511901910788386	0.517276476473443	0.73062173056964	0.486297044019618	55.9417082901988	40.7532714892304	15.1884368009684	OU	Cercopithecidae	OWM	Hominidae	APE	order
Ateles_geoffroyi	Macaca_nemestrina	1.067	1.723	78.0653383535	0.392814371257485	0.64297317008263	0.529750936263142	0.793994591110002	0.48507853920038	55.9417082901988	40.7532714892304	15.1884368009684	OU	Atelidae	PLA	Cercopithecidae	OWM	order
Papio_anubis	Cheirogaleus_medius	1.887	1	121.4130573119	0.531137724550898	0.99999999994564	0.566305206974559	0.911514244428014	0.484139601707544	55.9417082901988	40.7532714892304	15.1884368009684	OU	Cercopithecidae	OWM	Cheirogaleidae	STR	order
Papio_anubis	Eulemur_fulvus	1.887	1	121.4130573123	0.531137724550898	0.999999999948935	0.566305206973801	0.911514244428012	0.484139601705948	55.9417082901988	40.7532714892304	15.1884368009684	OU	Cercopithecidae	OWM	Lemuridae	STR	order
Papio_anubis	Lemur_catta	1.887	1	121.4130573139	0.531137724550898	0.999999999962113	0.566305206970772	0.911514244428003	0.484139601699564	55.9417082901988	40.7532714892304	15.1884368009684	OU	Cercopithecidae	OWM	Lemuridae	STR	order
Erythrocebus_patas	Eulemur_rubriventer	1.908	1.021	121.413057314	0.531137724550898	0.999999999962936	0.566305206970583	0.911514244428003	0.484139601699164	55.9417082901988	40.7532714892304	15.1884368009684	OU	Cercopithecidae	OWM	Lemuridae	STR	order
Ateles_geoffroyi	Cercocebus_torquatus	1.067	1.722	78.065338353	0.392215568862275	0.642973170078512	0.529073962532638	0.793302364102281	0.483916829652738	55.9417082901988	40.7532714892304	15.1884368009684	OU	Atelidae	PLA	Cercopithecidae	OWM	order
Macaca_nigra	Semnopithecus_vetulus	1.808	1.385	38.593674154	0.253293413173653	0.317870869957241	0.492156984653663	0.606136997261644	0.482996472460288	55.9417082901988	40.7532714892304	15.1884368009684	OU	Cercopithecidae	OWM	Cercopithecidae	OWM	family
Chlorocebus_pygerythrus	Trachypithecus_cristatus	1.571	1.148	38.593674154	0.253293413173653	0.317870869957241	0.492156984653663	0.606136997261644	0.482996472460288	55.9417082901988	40.7532714892304	15.1884368009684	OU	Cercopithecidae	OWM	Cercopithecidae	OWM	family
Allenopithecus_nigroviridis	Eulemur_coronatus	1.928	1.043	121.4130573091	0.529940119760479	0.999999999922578	0.565267791374553	0.910793641756735	0.482666091627016	55.9417082901988	40.7532714892304	15.1884368009684	OU	Cercopithecidae	OWM	Lemuridae	STR	order
Macaca_fuscata	Allochrocebus_lhoesti	1.37	1.73	29.8369393139	0.215568862275449	0.245747368305119	0.478452622306957	0.548985904342449	0.481568806293072	55.9417082901988	40.7532714892304	15.1884368009684	OU	Cercopithecidae	OWM	Cercopithecidae	OWM	family
Ateles_paniscus	Allochrocebus_lhoesti	1.079	1.73	78.0653383523	0.389820359281437	0.642973170072746	0.526360697027132	0.790516570077267	0.479272647302817	55.9417082901988	40.7532714892304	15.1884368009684	OU	Atelidae	PLA	Cercopithecidae	OWM	order
Theropithecus_gelada	Pongo_abelii	1.624	2.188	62.151576036	0.337724550898204	0.511901910788386	0.513421344099113	0.726391299652682	0.479232779330212	55.9417082901988	40.7532714892304	15.1884368009684	OU	Cercopithecidae	OWM	Hominidae	APE	order
Macaca_tonkeana	Nasalis_larvatus	1.656	2.077	38.593674153	0.252095808383234	0.317870869949005	0.490148597254209	0.603896858810786	0.47893620081143	55.9417082901988	40.7532714892304	15.1884368009684	OU	Cercopithecidae	OWM	Cercopithecidae	OWM	family
Cercopithecus_pogonias	Trachypithecus_francoisi	1.469	1.048	38.5936741538	0.252095808383234	0.317870869955594	0.490148597249822	0.603896858809596	0.478936200800558	55.9417082901988	40.7532714892304	15.1884368009684	OU	Cercopithecidae	OWM	Cercopithecidae	OWM	family
Cercopithecus_mitis	Pan_troglodytes	1.866	1.303	62.1515760318	0.337125748502994	0.511901910753794	0.512648325626281	0.725539793195772	0.477822295075345	55.9417082901988	40.7532714892304	15.1884368009684	OU	Cercopithecidae	OWM	Hominidae	APE	order
Papio_hamadryas	Eulemur_macaco	1.842	0.964	121.413057313	0.525748502994012	0.9999999999547	0.561625572478887	0.908234234429211	0.477502789140701	55.9417082901988	40.7532714892304	15.1884368009684	OU	Cercopithecidae	OWM	Lemuridae	STR	order
Macaca_nemestrina	Pygathrix_nemaeus	1.723	1.303	38.5936741533	0.251497005988024	0.317870869951476	0.489142847114914	0.602773910193838	0.476910116754599	55.9417082901988	40.7532714892304	15.1884368009684	OU	Cercopithecidae	OWM	Cercopithecidae	OWM	family
Papio_anubis	Colobus_guereza	1.887	1.467	38.5936741539	0.251497005988024	0.317870869956418	0.489142847111629	0.602773910192946	0.476910116746478	55.9417082901988	40.7532714892304	15.1884368009684	OU	Cercopithecidae	OWM	Cercopithecidae	OWM	family
Macaca_tonkeana	Avahi_laniger	1.656	0.78	121.41305731	0.524550898203593	0.999999999929991	0.560581725432825	0.907492235600955	0.476025867330593	55.9417082901988	40.7532714892304	15.1884368009684	OU	Cercopithecidae	OWM	Indriidae	STR	order
Papio_anubis	Eulemur_mongoz	1.887	1.012	121.4130573129	0.523952095808383	0.999999999953876	0.560059267197436	0.907119433684431	0.475287128449393	55.9417082901988	40.7532714892304	15.1884368009684	OU	Cercopithecidae	OWM	Lemuridae	STR	order
Cercocebus_torquatus	Pygathrix_nemaeus	1.722	1.303	38.5936741528	0.250898203592814	0.317870869947358	0.488136061216668	0.60164904369158	0.474886749706103	55.9417082901988	40.7532714892304	15.1884368009684	OU	Cercopithecidae	OWM	Cercopithecidae	OWM	family
Alouatta_palliata	Papio_anubis	1.24	1.887	78.0653383559	0.387425149700599	0.642973170102397	0.523638857707994	0.787703686145569	0.474632897164371	55.9417082901988	40.7532714892304	15.1884368009684	OU	Atelidae	PLA	Cercopithecidae	OWM	order
Theropithecus_gelada	Cercopithecus_ascanius	1.624	1.267	29.8369393137	0.21377245508982	0.245747368303472	0.474976287727622	0.54520465110782	0.474266469660749	55.9417082901988	40.7532714892304	15.1884368009684	OU	Cercopithecidae	OWM	Cercopithecidae	OWM	family
Saguinus_midas	Rhinopithecus_roxellana	0.897	1.543	78.0653383525	0.386826347305389	0.642973170074394	0.522957061252608	0.786996221234075	0.47347368097474	55.9417082901988	40.7532714892304	15.1884368009684	OU	Callitrichidae	PLA	Cercopithecidae	OWM	order
Trachypithecus_francoisi	Pygathrix_nemaeus	1.048	1.303	17.711114321	0.152694610778443	0.145874873033951	0.444328768350115	0.451983822860143	0.473114337475513	55.9417082901988	40.7532714892304	15.1884368009684	OU	Cercopithecidae	OWM	Cercopithecidae	OWM	family
Cercopithecus_nictitans	Trachypithecus_cristatus	1.566	1.148	38.5936741539	0.250299401197605	0.317870869956418	0.487128240949585	0.600522260602976	0.472866111497934	55.9417082901988	40.7532714892304	15.1884368009684	OU	Cercopithecidae	OWM	Cercopithecidae	OWM	family
Cercopithecus_petaurista	Hylobates_klossii	1.517	0.958	62.151576036	0.334730538922156	0.511901910788386	0.509549631862255	0.722115678668482	0.472188450933055	55.9417082901988	40.7532714892304	15.1884368009684	OU	Cercopithecidae	OWM	Hylobatidae	APE	order
Alouatta_seniculus	Allenopithecus_nigroviridis	1.284	1.928	78.0653383524	0.38562874251497	0.64297317007357	0.521591867206169	0.785576188480661	0.471156141210119	55.9417082901988	40.7532714892304	15.1884368009684	OU	Atelidae	PLA	Cercopithecidae	OWM	order
Cacajao_calvus	Papio_hamadryas	1.198	1.842	78.0653383529	0.38562874251497	0.642973170077688	0.521591867204761	0.785576188480604	0.471156141207066	55.9417082901988	40.7532714892304	15.1884368009684	OU	Pitheciidae	PLA	Cercopithecidae	OWM	order
Ateles_paniscus	Macaca_nemestrina	1.079	1.723	78.0653383535	0.38562874251497	0.64297317008263	0.52159186720307	0.785576188480534	0.471156141203403	55.9417082901988	40.7532714892304	15.1884368009684	OU	Atelidae	PLA	Cercopithecidae	OWM	order
Ateles_paniscus	Cercocebus_torquatus	1.079	1.722	78.065338353	0.38502994011976	0.642973170078512	0.520908470443074	0.78486361775715	0.469997825430746	55.9417082901988	40.7532714892304	15.1884368009684	OU	Atelidae	PLA	Cercopithecidae	OWM	order
Theropithecus_gelada	Hylobates_muelleri	1.624	1.067	62.1515760364	0.333532934131737	0.511901910791681	0.507996321715439	0.720392759841193	0.469376468131358	55.9417082901988	40.7532714892304	15.1884368009684	OU	Cercopithecidae	OWM	Hylobatidae	APE	order
Allochrocebus_lhoesti	Semnopithecus_entellus	1.73	1.314	38.593674153	0.249101796407186	0.317870869949005	0.485109502997596	0.598262949977612	0.468833069186848	55.9417082901988	40.7532714892304	15.1884368009684	OU	Cercopithecidae	OWM	Cercopithecidae	OWM	family
Cercopithecus_mitis	Cheirogaleus_medius	1.866	1	121.4130573118	0.518562874251497	0.999999999944817	0.555341131733756	0.903709689474559	0.468630294088716	55.9417082901988	40.7532714892304	15.1884368009684	OU	Cercopithecidae	OWM	Cheirogaleidae	STR	order
Cercopithecus_mitis	Eulemur_fulvus	1.866	1	121.4130573122	0.518562874251497	0.999999999948111	0.555341131733006	0.903709689474556	0.46863029408717	55.9417082901988	40.7532714892304	15.1884368009684	OU	Cercopithecidae	OWM	Lemuridae	STR	order
Cercopithecus_mitis	Lemur_catta	1.866	1	121.4130573138	0.518562874251497	0.999999999961289	0.555341131730005	0.903709689474547	0.46863029408099	55.9417082901988	40.7532714892304	15.1884368009684	OU	Cercopithecidae	OWM	Lemuridae	STR	order
Papio_anubis	Eulemur_rubriventer	1.887	1.021	121.4130573139	0.518562874251497	0.999999999962113	0.555341131729818	0.903709689474547	0.468630294080604	55.9417082901988	40.7532714892304	15.1884368009684	OU	Cercopithecidae	OWM	Lemuridae	STR	order
Cercopithecus_ascanius	Chlorocebus_pygerythrus	1.267	1.571	23.4097503936	0.182035928143713	0.192810813850027	0.458838508631184	0.495813682202825	0.468106025922105	55.9417082901988	40.7532714892304	15.1884368009684	OU	Cercopithecidae	OWM	Cercopithecidae	OWM	family
Erythrocebus_patas	Eulemur_coronatus	1.908	1.043	121.4130573131	0.517964071856287	0.999999999955524	0.554815118480666	0.903324724481813	0.467889752521869	55.9417082901988	40.7532714892304	15.1884368009684	OU	Cercopithecidae	OWM	Lemuridae	STR	order
Cebuella_pygmaea	Rhinopithecus_roxellana	0.902	1.543	78.0653383521	0.383832335329341	0.642973170071099	0.519540079509617	0.783433360481348	0.467682121627591	55.9417082901988	40.7532714892304	15.1884368009684	OU	Callitrichidae	PLA	Cercopithecidae	OWM	order
Erythrocebus_patas	Pan_paniscus	1.908	1.355	62.151576032	0.331137724550898	0.511901910755441	0.504881799773648	0.716925176573974	0.463762620642715	55.9417082901988	40.7532714892304	15.1884368009684	OU	Cercopithecidae	OWM	Hominidae	APE	order
Papio_hamadryas	Cercopithecus_cephus	1.842	1.49	29.8369393136	0.210778443113773	0.245747368302649	0.469156154098655	0.53886305388201	0.462184870313254	55.9417082901988	40.7532714892304	15.1884368009684	OU	Cercopithecidae	OWM	Cercopithecidae	OWM	family
Macaca_tonkeana	Hylobates_lar	1.656	1.105	62.1515760367	0.329940119760479	0.511901910794152	0.503320598017482	0.715180503737135	0.460960852221312	55.9417082901988	40.7532714892304	15.1884368009684	OU	Cercopithecidae	OWM	Hylobatidae	APE	order
Saguinus_oedipus	Gorilla_beringei	1.035	1.67	78.0653383502	0.380239520958084	0.64297317005545	0.515422157426705	0.779101561114442	0.460742715516889	55.9417082901988	40.7532714892304	15.1884368009684	OU	Callitrichidae	PLA	Hominidae	APE	order
Cercopithecus_mitis	Eulemur_mongoz	1.866	1.012	121.4130573128	0.511377245508982	0.999999999953053	0.549005608825686	0.89900837389365	0.459732425952827	55.9417082901988	40.7532714892304	15.1884368009684	OU	Cercopithecidae	OWM	Lemuridae	STR	order
Macaca_silenus	Trachypithecus_francoisi	1.459	1.048	38.5936741552	0.246107784431138	0.317870869967125	0.480044656271566	0.592581227796267	0.458799049700608	55.9417082901988	40.7532714892304	15.1884368009684	OU	Cercopithecidae	OWM	Cercopithecidae	OWM	family
Chlorocebus_pygerythrus	Nomascus_concolor	1.571	1.022	62.1515760359	0.32874251497006	0.511901910787563	0.501756775888216	0.713428571508355	0.458162585266232	55.9417082901988	40.7532714892304	15.1884368009684	OU	Cercopithecidae	OWM	Hylobatidae	APE	order
Saimiri_sciureus	Macaca_nigra	1.177	1.808	78.065338347	0.377844311377246	0.642973170029094	0.512666285423553	0.776179395586868	0.456123183518616	55.9417082901988	40.7532714892304	15.1884368009684	OU	Cebidae	PLA	Cercopithecidae	OWM	order
Macaca_nemestrina	Papio_ursinus	1.723	2.014	22.4016461421	0.174251497005988	0.184507718007086	0.450122169321406	0.481586373540413	0.454816456642095	55.9417082901988	40.7532714892304	15.1884368009684	OU	Cercopithecidae	OWM	Cercopithecidae	OWM	family
Macaca_nemestrina	Semnopithecus_entellus	1.723	1.314	38.5936741542	0.244910179640719	0.317870869958889	0.478011547150089	0.590295190283353	0.454805126094272	55.9417082901988	40.7532714892304	15.1884368009684	OU	Cercopithecidae	OWM	Cercopithecidae	OWM	family
Sapajus_apella	Nasalis_larvatus	1.448	2.077	78.065338348	0.376646706586826	0.64297317003733	0.511285182498132	0.77470799093944	0.453815535315254	55.9417082901988	40.7532714892304	15.1884368009684	OU	Cebidae	PLA	Cercopithecidae	OWM	order
Cercopithecus_mitis	Eulemur_rubriventer	1.866	1.021	121.4130573138	0.505988023952096	0.999999999961289	0.544220624664013	0.895363786062614	0.453043352845627	55.9417082901988	40.7532714892304	15.1884368009684	OU	Cercopithecidae	OWM	Lemuridae	STR	order
Cercocebus_torquatus	Semnopithecus_entellus	1.722	1.314	38.5936741537	0.244311377245509	0.31787086995477	0.476993461900147	0.589149316920669	0.452812429904697	55.9417082901988	40.7532714892304	15.1884368009684	OU	Cercopithecidae	OWM	Cercopithecidae	OWM	family
Cercopithecus_ascanius	Cercopithecus_pogonias	1.267	1.469	12.9463432657	0.120958083832335	0.106630568009981	0.414927217944136	0.399120163514192	0.452748316908584	55.9417082901988	40.7532714892304	15.1884368009684	OU	Cercopithecidae	OWM	Cercopithecidae	OWM	family
Theropithecus_gelada	Avahi_laniger	1.624	0.78	121.41305731	0.505389221556886	0.999999999929991	0.543687202220082	0.89495246553194	0.452299329917268	55.9417082901988	40.7532714892304	15.1884368009684	OU	Cercopithecidae	OWM	Indriidae	STR	order
Papio_anubis	Eulemur_coronatus	1.887	1.043	121.413057313	0.505389221556886	0.9999999999547	0.543687202214518	0.894952465531921	0.452299329906083	55.9417082901988	40.7532714892304	15.1884368009684	OU	Cercopithecidae	OWM	Lemuridae	STR	order
Macaca_nigra	Eulemur_macaco	1.808	0.964	121.4130573131	0.505389221556886	0.999999999955524	0.543687202214332	0.894952465531921	0.45229932990571	55.9417082901988	40.7532714892304	15.1884368009684	OU	Cercopithecidae	OWM	Lemuridae	STR	order
Cercopithecus_nictitans	Nomascus_concolor	1.566	1.022	62.1515760358	0.325748502994012	0.511901910786739	0.497835790154791	0.709016957366763	0.451182555862371	55.9417082901988	40.7532714892304	15.1884368009684	OU	Cercopithecidae	OWM	Hylobatidae	APE	order
Theropithecus_gelada	Trachypithecus_pileatus	1.624	1.217	38.5936741541	0.243712574850299	0.317870869958065	0.47597435814998	0.588001542478712	0.450822593313882	55.9417082901988	40.7532714892304	15.1884368009684	OU	Cercopithecidae	OWM	Cercopithecidae	OWM	family
Papio_hamadryas	Cheirogaleus_medius	1.842	1	121.4130573119	0.504191616766467	0.99999999994564	0.542619304990083	0.894125974960821	0.450810820932896	55.9417082901988	40.7532714892304	15.1884368009684	OU	Cercopithecidae	OWM	Cheirogaleidae	STR	order
Papio_hamadryas	Eulemur_fulvus	1.842	1	121.4130573123	0.504191616766467	0.999999999948935	0.542619304989342	0.894125974960819	0.45081082093141	55.9417082901988	40.7532714892304	15.1884368009684	OU	Cercopithecidae	OWM	Lemuridae	STR	order
Papio_hamadryas	Lemur_catta	1.842	1	121.4130573139	0.504191616766467	0.999999999962113	0.542619304986378	0.894125974960809	0.450810820925464	55.9417082901988	40.7532714892304	15.1884368009684	OU	Cercopithecidae	OWM	Lemuridae	STR	order
Alouatta_palliata	Cercopithecus_mitis	1.24	1.866	78.0653383558	0.374850299401198	0.642973170101573	0.50920957921015	0.772487952337243	0.450356801313637	55.9417082901988	40.7532714892304	15.1884368009684	OU	Atelidae	PLA	Cercopithecidae	OWM	order
Aotus_trivirgatus	Allochrocebus_lhoesti	1.105	1.73	78.0653383554	0.374251497005988	0.642973170098279	0.508516660172332	0.771744485928718	0.44920463651818	55.9417082901988	40.7532714892304	15.1884368009684	OU	Aotidae	PLA	Cercopithecidae	OWM	order
Cercopithecus_cephus	Cercopithecus_mona	1.49	1.289	12.9463432657	0.120359281437126	0.106630568009981	0.413067869957357	0.397316855614262	0.448471504344934	55.9417082901988	40.7532714892304	15.1884368009684	OU	Cercopithecidae	OWM	Cercopithecidae	OWM	family
Callithrix_jacchus	Chlorocebus_pygerythrus	0.947	1.571	78.0653383522	0.373652694610778	0.642973170071923	0.507823216235125	0.770999290650777	0.448052851820297	55.9417082901988	40.7532714892304	15.1884368009684	OU	Callitrichidae	PLA	Cercopithecidae	OWM	order
Alouatta_seniculus	Erythrocebus_patas	1.284	1.908	78.0653383564	0.373652694610778	0.642973170106515	0.50782321622348	0.770999290650282	0.448052851795903	55.9417082901988	40.7532714892304	15.1884368009684	OU	Atelidae	PLA	Cercopithecidae	OWM	order
Papio_hamadryas	Gorilla_gorilla	1.842	2.383	62.1515760319	0.323952095808383	0.511901910754617	0.495475386801674	0.706348177898228	0.447005505924456	55.9417082901988	40.7532714892304	15.1884368009684	OU	Cercopithecidae	OWM	Hominidae	APE	order
Cebus_olivaceus	Allenopithecus_nigroviridis	1.306	1.928	78.065338344	0.372455089820359	0.642973170004385	0.506434755418493	0.769503708517845	0.445750439121992	55.9417082901988	40.7532714892304	15.1884368009684	OU	Cebidae	PLA	Cercopithecidae	OWM	order
Saguinus_midas	Saimiri_oerstedii	0.897	1.319	41.3912937965	0.252694610778443	0.340913034484579	0.476472945030044	0.601226822038785	0.445646726339891	55.9417082901988	40.7532714892304	15.1884368009684	OU	Callitrichidae	PLA	Cebidae	PLA	superfamily
Mandrillus_leucophaeus	Presbytis_comata	1.4	0.996	38.593674153	0.241916167664671	0.317870869949005	0.472910950783381	0.584546827949189	0.444870360284016	55.9417082901988	40.7532714892304	15.1884368009684	OU	Cercopithecidae	OWM	Cercopithecidae	OWM	family
Saguinus_oedipus	Macaca_tonkeana	1.035	1.656	78.0653383522	0.37185628742515	0.642973170071923	0.505739739393721	0.76875331920228	0.44459981929315	55.9417082901988	40.7532714892304	15.1884368009684	OU	Callitrichidae	PLA	Cercopithecidae	OWM	order
Trachypithecus_cristatus	Trachypithecus_francoisi	1.148	1.048	4.8259563197	0.059880239520958	0.0397482480573748	0.342021458114593	0.294998244508138	0.444411172887707	55.9417082901988	40.7532714892304	15.1884368009684	OU	Cercopithecidae	OWM	Cercopithecidae	OWM	family
Papio_hamadryas	Pan_troglodytes	1.842	1.303	62.1515760319	0.322754491017964	0.511901910754617	0.493898540574666	0.704559897428327	0.44422547817985	55.9417082901988	40.7532714892304	15.1884368009684	OU	Cercopithecidae	OWM	Hominidae	APE	order
Saguinus_midas	Cercopithecus_petaurista	0.897	1.517	78.0653383528	0.37125748502994	0.642973170076864	0.505044200265163	0.768001196099909	0.443449596084938	55.9417082901988	40.7532714892304	15.1884368009684	OU	Callitrichidae	PLA	Cercopithecidae	OWM	order
Cercopithecus_mitis	Chlorocebus_pygerythrus	1.866	1.571	23.4097503937	0.176646706586826	0.192810813850851	0.446796773307163	0.48310788000053	0.442607000218628	55.9417082901988	40.7532714892304	15.1884368009684	OU	Cercopithecidae	OWM	Cercopithecidae	OWM	family
Callithrix_jacchus	Cercopithecus_nictitans	0.947	1.566	78.0653383521	0.370658682634731	0.642973170071099	0.50434813846497	0.767247338005648	0.442299773610663	55.9417082901988	40.7532714892304	15.1884368009684	OU	Callitrichidae	PLA	Cercopithecidae	OWM	order
Papio_hamadryas	Eulemur_mongoz	1.842	1.012	121.4130573129	0.497005988023952	0.999999999953876	0.536182535300043	0.889058209821618	0.44186725400358	55.9417082901988	40.7532714892304	15.1884368009684	OU	Cercopithecidae	OWM	Lemuridae	STR	order
Macaca_tonkeana	Pongo_pygmaeus	1.656	2.193	62.151576036	0.321556886227545	0.511901910788386	0.492319105370662	0.702764338496996	0.44144924579559	55.9417082901988	40.7532714892304	15.1884368009684	OU	Cercopithecidae	OWM	Hominidae	APE	order
Aotus_trivirgatus	Macaca_nemestrina	1.105	1.723	78.0653383566	0.370059880239521	0.642973170108163	0.503651554426404	0.766491743724517	0.441150355993175	55.9417082901988	40.7532714892304	15.1884368009684	OU	Aotidae	PLA	Cercopithecidae	OWM	order
Aotus_trivirgatus	Cercocebus_torquatus	1.105	1.722	78.0653383561	0.369461077844311	0.642973170104045	0.502954448630418	0.765734412073682	0.440001347461268	55.9417082901988	40.7532714892304	15.1884368009684	OU	Aotidae	PLA	Cercopithecidae	OWM	order
Allenopithecus_nigroviridis	Propithecus_verreauxi	1.928	1.102	121.413057309	0.494610778443114	0.999999999921755	0.534025787231669	0.887327027348024	0.43888151176456	55.9417082901988	40.7532714892304	15.1884368009684	OU	Cercopithecidae	OWM	Indriidae	STR	order
Macaca_fascicularis	Hylobates_klossii	1.493	0.958	62.1515760369	0.320359281437126	0.511901910795799	0.490737086594084	0.70096149865477	0.438676858375142	55.9417082901988	40.7532714892304	15.1884368009684	OU	Cercopithecidae	OWM	Hylobatidae	APE	order
Cebuella_pygmaea	Cercopithecus_petaurista	0.902	1.517	78.0653383524	0.368263473053892	0.64297317007357	0.501558673551445	0.764214531976348	0.437704574316317	55.9417082901988	40.7532714892304	15.1884368009684	OU	Callitrichidae	PLA	Cercopithecidae	OWM	order
Saguinus_oedipus	Alouatta_caraya	1.035	1.483	46.5475501524	0.268263473053892	0.383381748062673	0.476924087915795	0.624195963646485	0.436768254931775	55.9417082901988	40.7532714892304	15.1884368009684	OU	Callitrichidae	PLA	Atelidae	PLA	superfamily
Cercopithecus_mitis	Eulemur_coronatus	1.866	1.043	121.4130573129	0.492814371257485	0.999999999953877	0.532404577804447	0.886014720480458	0.436640787418593	55.9417082901988	40.7532714892304	15.1884368009684	OU	Cercopithecidae	OWM	Lemuridae	STR	order
Cebuella_pygmaea	Saimiri_oerstedii	0.902	1.319	41.3912937961	0.249700598802395	0.340913034481285	0.471540752962271	0.59561560956405	0.43625663826697	55.9417082901988	40.7532714892304	15.1884368009684	OU	Callitrichidae	PLA	Cebidae	PLA	superfamily
Leontocebus_fuscicolis	Chlorocebus_pygerythrus	0.958	1.571	78.0653383522	0.367065868263473	0.642973170071923	0.500160816851696	0.762687688444762	0.435409487679746	55.9417082901988	40.7532714892304	15.1884368009684	OU	Callitrichidae	PLA	Cercopithecidae	OWM	order
Papio_hamadryas	Eulemur_rubriventer	1.842	1.021	121.4130573139	0.491616766467066	0.999999999962113	0.531322037172266	0.885133184166947	0.435146313909339	55.9417082901988	40.7532714892304	15.1884368009684	OU	Cercopithecidae	OWM	Lemuridae	STR	order
Cercopithecus_mitis	Colobus_guereza	1.866	1.467	38.5936741538	0.238922155688623	0.317870869955594	0.467785041428466	0.578751093966333	0.435008275520503	55.9417082901988	40.7532714892304	15.1884368009684	OU	Cercopithecidae	OWM	Cercopithecidae	OWM	family
Papio_anubis	Pan_paniscus	1.887	1.355	62.1515760319	0.318562874251497	0.511901910754617	0.488359226098367	0.698243582337103	0.434525595321707	55.9417082901988	40.7532714892304	15.1884368009684	OU	Cercopithecidae	OWM	Hominidae	APE	order
Macaca_tonkeana	Pongo_abelii	1.656	2.188	62.151576036	0.318562874251497	0.511901910788386	0.488359226084442	0.698243582335747	0.434525595292199	55.9417082901988	40.7532714892304	15.1884368009684	OU	Cercopithecidae	OWM	Hominidae	APE	order
Cercopithecus_cephus	Hylobates_klossii	1.49	0.958	62.151576036	0.318562874251497	0.511901910788386	0.488359226084442	0.698243582335747	0.434525595292198	55.9417082901988	40.7532714892304	15.1884368009684	OU	Cercopithecidae	OWM	Hylobatidae	APE	order
Cheracebus_torquatus	Gorilla_beringei	1.058	1.67	78.0653383513	0.366467065868263	0.64297317006451	0.49946110904889	0.761921652540361	0.434262587348629	55.9417082901988	40.7532714892304	15.1884368009684	OU	Pitheciidae	PLA	Hominidae	APE	order
Trachypithecus_cristatus	Colobus_guereza	1.148	1.467	27.0170263241	0.191017964071856	0.222521588046555	0.449404969394819	0.50362576025486	0.432324648689355	55.9417082901988	40.7532714892304	15.1884368009684	OU	Cercopithecidae	OWM	Cercopithecidae	OWM	family
Cacajao_calvus	Macaca_nigra	1.198	1.808	78.065338353	0.365269461077844	0.642973170078512	0.498060136835538	0.760384346842469	0.431970093789858	55.9417082901988	40.7532714892304	15.1884368009684	OU	Pitheciidae	PLA	Cercopithecidae	OWM	order
Cercopithecus_neglectus	Eulemur_macaco	1.78	0.964	121.4130573137	0.488622754491018	0.999999999960466	0.52860962703993	0.882905874236114	0.431407900242606	55.9417082901988	40.7532714892304	15.1884368009684	OU	Cercopithecidae	OWM	Lemuridae	STR	order
Macaca_nigra	Cercopithecus_pogonias	1.808	1.469	29.8369393136	0.202994011976048	0.245747368302649	0.453872127269991	0.522145864717858	0.431306689662069	55.9417082901988	40.7532714892304	15.1884368009684	OU	Cercopithecidae	OWM	Cercopithecidae	OWM	family
Saimiri_oerstedii	Allenopithecus_nigroviridis	1.319	1.928	78.0653383434	0.364670658682635	0.642973169999443	0.49735887338804	0.759613074837218	0.430824509123872	55.9417082901988	40.7532714892304	15.1884368009684	OU	Cebidae	PLA	Cercopithecidae	OWM	order
Leontocebus_fuscicolis	Cercopithecus_nictitans	0.958	1.566	78.0653383521	0.364071856287425	0.642973170071099	0.496657092266616	0.75884005526675	0.42967937140467	55.9417082901988	40.7532714892304	15.1884368009684	OU	Callitrichidae	PLA	Cercopithecidae	OWM	order
Saguinus_oedipus	Sapajus_apella	1.035	1.448	41.3912937972	0.247305389221557	0.340913034490345	0.46757803147101	0.591092811366357	0.428790990639465	55.9417082901988	40.7532714892304	15.1884368009684	OU	Callitrichidae	PLA	Cebidae	PLA	superfamily
Plecturocebus_moloch	Gorilla_beringei	1.063	1.67	78.0653383522	0.363473053892216	0.642973170071923	0.495954794013699	0.75806528705392	0.428534685054348	55.9417082901988	40.7532714892304	15.1884368009684	OU	Pitheciidae	PLA	Hominidae	APE	order
Cercopithecus_neglectus	Semnopithecus_vetulus	1.78	1.385	38.5936741546	0.236526946107784	0.317870869962183	0.463666216133065	0.574080535318563	0.427171938891337	55.9417082901988	40.7532714892304	15.1884368009684	OU	Cercopithecidae	OWM	Cercopithecidae	OWM	family
Allenopithecus_nigroviridis	Hapalemur_griseus	1.928	1.119	121.4130573118	0.484431137724551	0.999999999944817	0.524797752086158	0.879730841422978	0.426169012425427	55.9417082901988	40.7532714892304	15.1884368009684	OU	Cercopithecidae	OWM	Lemuridae	STR	order
Macaca_nigra	Cheirogaleus_medius	1.808	1	121.413057312	0.483832335329341	0.999999999946464	0.524251821054646	0.879271814238288	0.425420135294953	55.9417082901988	40.7532714892304	15.1884368009684	OU	Cercopithecidae	OWM	Cheirogaleidae	STR	order
Macaca_nigra	Eulemur_fulvus	1.808	1	121.4130573124	0.483832335329341	0.999999999949758	0.524251821053919	0.879271814238285	0.42542013529355	55.9417082901988	40.7532714892304	15.1884368009684	OU	Cercopithecidae	OWM	Lemuridae	STR	order
Papio_cynocephalus	Eulemur_macaco	1.772	0.964	121.413057313	0.483832335329341	0.9999999999547	0.524251821052829	0.879271814238281	0.425420135291446	55.9417082901988	40.7532714892304	15.1884368009684	OU	Cercopithecidae	OWM	Lemuridae	STR	order
Macaca_nigra	Lemur_catta	1.808	1	121.413057314	0.483832335329341	0.999999999962936	0.524251821051011	0.879271814238275	0.425420135287939	55.9417082901988	40.7532714892304	15.1884368009684	OU	Cercopithecidae	OWM	Lemuridae	STR	order
Macaca_tonkeana	Trachypithecus_obscurus	1.656	1.262	38.5936741533	0.235928143712575	0.317870869951476	0.462634009085453	0.572908191467995	0.42522036118442	55.9417082901988	40.7532714892304	15.1884368009684	OU	Cercopithecidae	OWM	Cercopithecidae	OWM	family
Saimiri_sciureus	Cercopithecus_neglectus	1.177	1.78	78.0653383476	0.361077844311377	0.642973170034036	0.493140438897822	0.754948706533005	0.423960538674064	55.9417082901988	40.7532714892304	15.1884368009684	OU	Cebidae	PLA	Cercopithecidae	OWM	order
Ateles_geoffroyi	Gorilla_beringei	1.067	1.67	78.065338351	0.361077844311377	0.642973170062039	0.49314043888857	0.754948706532599	0.42396053865537	55.9417082901988	40.7532714892304	15.1884368009684	OU	Atelidae	PLA	Hominidae	APE	order
Alouatta_seniculus	Papio_anubis	1.284	1.887	78.0653383563	0.361077844311377	0.642973170105692	0.493140438874147	0.754948706531965	0.423960538626231	55.9417082901988	40.7532714892304	15.1884368009684	OU	Atelidae	PLA	Cercopithecidae	OWM	order
Erythrocebus_patas	Propithecus_verreauxi	1.908	1.102	121.413057313	0.482634730538922	0.9999999999547	0.523158927970047	0.878349647646434	0.423922045529997	55.9417082901988	40.7532714892304	15.1884368009684	OU	Cercopithecidae	OWM	Indriidae	STR	order
Cebus_olivaceus	Erythrocebus_patas	1.306	1.908	78.065338348	0.360479041916168	0.64297317003733	0.49243556195726	0.754165179269118	0.422818173351903	55.9417082901988	40.7532714892304	15.1884368009684	OU	Cebidae	PLA	Cercopithecidae	OWM	order
Alouatta_palliata	Papio_hamadryas	1.24	1.842	78.0653383559	0.360479041916168	0.642973170102397	0.492435561935781	0.754165179268174	0.422818173308586	55.9417082901988	40.7532714892304	15.1884368009684	OU	Atelidae	PLA	Cercopithecidae	OWM	order
Theropithecus_gelada	Cercopithecus_mona	1.624	1.289	29.8369393136	0.20059880239521	0.245747368302649	0.449125848952804	0.51693622535558	0.421964997783099	55.9417082901988	40.7532714892304	15.1884368009684	OU	Cercopithecidae	OWM	Cercopithecidae	OWM	family
Saguinus_midas	Cebus_olivaceus	0.897	1.306	41.3912937971	0.244910179640719	0.340913034489521	0.463600322558973	0.58654004095318	0.421367364293997	55.9417082901988	40.7532714892304	15.1884368009684	OU	Callitrichidae	PLA	Cebidae	PLA	superfamily
Trachypithecus_cristatus	Gorilla_beringei	1.148	1.67	62.1515760321	0.312574850299401	0.511901910756264	0.480391367853357	0.689065432733097	0.420753507571087	55.9417082901988	40.7532714892304	15.1884368009684	OU	Cercopithecidae	OWM	Hominidae	APE	order
Macaca_fascicularis	Papio_cynocephalus	1.493	1.772	22.4016461425	0.167065868263473	0.184507718010381	0.43354876933669	0.464190395737826	0.420309634414003	55.9417082901988	40.7532714892304	15.1884368009684	OU	Cercopithecidae	OWM	Cercopithecidae	OWM	family
Rhinopithecus_roxellana	Nomascus_concolor	1.543	1.022	62.1515760354	0.311976047904192	0.511901910783444	0.479591075170332	0.688137592601544	0.419381998839527	55.9417082901988	40.7532714892304	15.1884368009684	OU	Cercopithecidae	OWM	Hylobatidae	APE	order
Papio_hamadryas	Eulemur_coronatus	1.842	1.043	121.413057313	0.478443113772455	0.9999999999547	0.519322998591237	0.875078636409253	0.418675347618363	55.9417082901988	40.7532714892304	15.1884368009684	OU	Cercopithecidae	OWM	Lemuridae	STR	order
Cheracebus_torquatus	Macaca_tonkeana	1.058	1.656	78.0653383533	0.358083832335329	0.642973170080983	0.489610915907846	0.751013511188057	0.418253527107453	55.9417082901988	40.7532714892304	15.1884368009684	OU	Pitheciidae	PLA	Cercopithecidae	OWM	order
Theropithecus_gelada	Hylobates_lar	1.624	1.105	62.1515760367	0.310778443113773	0.511901910794152	0.477988586211021	0.686276442590238	0.416642172800206	55.9417082901988	40.7532714892304	15.1884368009684	OU	Cercopithecidae	OWM	Hylobatidae	APE	order
Macaca_nigra	Eulemur_mongoz	1.808	1.012	121.413057313	0.476646706586826	0.9999999999547	0.517673897064703	0.87365595222553	0.416425232337141	55.9417082901988	40.7532714892304	15.1884368009684	OU	Cercopithecidae	OWM	Lemuridae	STR	order
Callithrix_jacchus	Rhinopithecus_roxellana	0.947	1.543	78.0653383517	0.35688622754491	0.642973170067805	0.48819551668753	0.749427127919961	0.415974154061462	55.9417082901988	40.7532714892304	15.1884368009684	OU	Callitrichidae	PLA	Cercopithecidae	OWM	order
Saguinus_midas	Macaca_fascicularis	0.897	1.493	78.0653383537	0.35688622754491	0.642973170084277	0.488195516682123	0.749427127919722	0.415974154050672	55.9417082901988	40.7532714892304	15.1884368009684	OU	Callitrichidae	PLA	Cercopithecidae	OWM	order
Saimiri_sciureus	Papio_cynocephalus	1.177	1.772	78.0653383469	0.356287425149701	0.64297317002827	0.48748704973733	0.748631295602379	0.414835220394855	55.9417082901988	40.7532714892304	15.1884368009684	OU	Cebidae	PLA	Cercopithecidae	OWM	order
Cercopithecus_mitis	Gorilla_gorilla	1.866	2.383	62.1515760318	0.309580838323353	0.511901910753794	0.476383563912402	0.684407999163182	0.413906644388466	55.9417082901988	40.7532714892304	15.1884368009684	OU	Cercopithecidae	OWM	Hominidae	APE	order
Alouatta_caraya	Nasalis_larvatus	1.483	2.077	78.0653383552	0.355688622754491	0.642973170096632	0.48677807183676	0.747833701569958	0.41369679441031	55.9417082901988	40.7532714892304	15.1884368009684	OU	Atelidae	PLA	Cercopithecidae	OWM	order
Chlorocebus_pygerythrus	Avahi_laniger	1.571	0.78	121.4130573099	0.473652694610778	0.999999999929168	0.514918573708101	0.871256813435291	0.412673137410857	55.9417082901988	40.7532714892304	15.1884368009684	OU	Cercopithecidae	OWM	Indriidae	STR	order
Saguinus_midas	Cercopithecus_cephus	0.897	1.49	78.0653383528	0.355089820359281	0.642973170076864	0.486068583541238	0.747034344896393	0.412558880644682	55.9417082901988	40.7532714892304	15.1884368009684	OU	Callitrichidae	PLA	Cercopithecidae	OWM	order
Plecturocebus_moloch	Macaca_tonkeana	1.063	1.656	78.0653383542	0.355089820359281	0.642973170088395	0.486068583537464	0.747034344896225	0.41255888063719	55.9417082901988	40.7532714892304	15.1884368009684	OU	Pitheciidae	PLA	Cercopithecidae	OWM	order
Cebuella_pygmaea	Cebus_olivaceus	0.902	1.306	41.3912937967	0.241916167664671	0.340913034486227	0.458607246521332	0.580807073964128	0.412147988702407	55.9417082901988	40.7532714892304	15.1884368009684	OU	Callitrichidae	PLA	Cebidae	PLA	superfamily
Papio_cynocephalus	Semnopithecus_vetulus	1.772	1.385	38.5936741539	0.231736526946108	0.317870869956418	0.455380727304052	0.564649295231812	0.411644724279164	55.9417082901988	40.7532714892304	15.1884368009684	OU	Cercopithecidae	OWM	Cercopithecidae	OWM	family
Erythrocebus_patas	Hapalemur_griseus	1.908	1.119	121.4130573158	0.472455089820359	0.999999999977762	0.513814062165969	0.870287303834108	0.411171666311605	55.9417082901988	40.7532714892304	15.1884368009684	OU	Cercopithecidae	OWM	Lemuridae	STR	order
Mandrillus_leucophaeus	Allochrocebus_lhoesti	1.4	1.73	29.8369393133	0.197604790419162	0.245747368300178	0.44316460742527	0.510381039312836	0.410396005478826	55.9417082901988	40.7532714892304	15.1884368009684	OU	Cercopithecidae	OWM	Cercopithecidae	OWM	family
Ateles_paniscus	Gorilla_beringei	1.079	1.67	78.065338351	0.353892215568862	0.642973170062039	0.484648077643162	0.745430339960299	0.410284607264945	55.9417082901988	40.7532714892304	15.1884368009684	OU	Atelidae	PLA	Hominidae	APE	order
Cebuella_pygmaea	Macaca_fascicularis	0.902	1.493	78.0653383533	0.353892215568862	0.642973170080983	0.484648077636974	0.745430339960022	0.410284607252705	55.9417082901988	40.7532714892304	15.1884368009684	OU	Callitrichidae	PLA	Cercopithecidae	OWM	order
Macaca_nigra	Eulemur_rubriventer	1.808	1.021	121.413057314	0.47125748502994	0.999999999962936	0.512708192034784	0.86931213536701	0.409669850634248	55.9417082901988	40.7532714892304	15.1884368009684	OU	Cercopithecidae	OWM	Lemuridae	STR	order
Cercopithecus_nictitans	Avahi_laniger	1.566	0.78	121.4130573098	0.470658682634731	0.999999999928344	0.51215474805456	0.868822423256477	0.408918817202709	55.9417082901988	40.7532714892304	15.1884368009684	OU	Cercopithecidae	OWM	Indriidae	STR	order
Papio_anubis	Propithecus_verreauxi	1.887	1.102	121.4130573129	0.470059880239521	0.999999999953877	0.511600965078511	0.86833128947413	0.408167701957265	55.9417082901988	40.7532714892304	15.1884368009684	OU	Cercopithecidae	OWM	Indriidae	STR	order
Saimiri_oerstedii	Erythrocebus_patas	1.319	1.908	78.0653383474	0.352694610778443	0.642973170032388	0.483225535988224	0.743819273581933	0.408012435685721	55.9417082901988	40.7532714892304	15.1884368009684	OU	Cebidae	PLA	Cercopithecidae	OWM	order
Saguinus_oedipus	Theropithecus_gelada	1.035	1.624	78.0653383522	0.352694610778443	0.642973170071923	0.483225535975336	0.743819273581355	0.408012435660317	55.9417082901988	40.7532714892304	15.1884368009684	OU	Callitrichidae	PLA	Cercopithecidae	OWM	order
Ateles_geoffroyi	Macaca_tonkeana	1.067	1.656	78.065338353	0.352694610778443	0.642973170078512	0.483225535973187	0.743819273581259	0.408012435656083	55.9417082901988	40.7532714892304	15.1884368009684	OU	Atelidae	PLA	Cercopithecidae	OWM	order
Allenopithecus_nigroviridis	Rhinopithecus_roxellana	1.928	1.543	38.5936741494	0.230538922155689	0.317870869919354	0.453299462737221	0.562272793896114	0.407793780836742	55.9417082901988	40.7532714892304	15.1884368009684	OU	Cercopithecidae	OWM	Cercopithecidae	OWM	family
Cebuella_pygmaea	Cercopithecus_cephus	0.902	1.49	78.0653383524	0.352095808383233	0.64297317007357	0.482513502976663	0.74301109014624	0.406877149155095	55.9417082901988	40.7532714892304	15.1884368009684	OU	Callitrichidae	PLA	Cercopithecidae	OWM	order
Cercopithecus_mona	Chlorocebus_pygerythrus	1.289	1.571	23.4097503935	0.168862275449102	0.192810813849204	0.429174571317172	0.46446650237903	0.406776305207388	55.9417082901988	40.7532714892304	15.1884368009684	OU	Cercopithecidae	OWM	Cercopithecidae	OWM	family
Cercopithecus_mitis	Pan_paniscus	1.866	1.355	62.1515760318	0.305988023952096	0.511901910753794	0.471553354812838	0.678758906362296	0.40572635525398	55.9417082901988	40.7532714892304	15.1884368009684	OU	Cercopithecidae	OWM	Hominidae	APE	order
Cercopithecus_pogonias	Hylobates_klossii	1.469	0.958	62.1515760359	0.305988023952096	0.511901910787562	0.471553354799238	0.678758906360939	0.405726355226404	55.9417082901988	40.7532714892304	15.1884368009684	OU	Cercopithecidae	OWM	Hylobatidae	APE	order
Cercopithecus_neglectus	Cheirogaleus_medius	1.78	1	121.4130573126	0.467065868263473	0.999999999951406	0.508826973350335	0.865854214749436	0.404410950621185	55.9417082901988	40.7532714892304	15.1884368009684	OU	Cercopithecidae	OWM	Cheirogaleidae	STR	order
Cercopithecus_neglectus	Eulemur_fulvus	1.78	1	121.413057313	0.467065868263473	0.9999999999547	0.508826973349621	0.865854214749433	0.404410950619851	55.9417082901988	40.7532714892304	15.1884368009684	OU	Cercopithecidae	OWM	Lemuridae	STR	order
Cercopithecus_neglectus	Lemur_catta	1.78	1	121.4130573146	0.467065868263473	0.999999999967878	0.508826973346766	0.865854214749422	0.404410950614517	55.9417082901988	40.7532714892304	15.1884368009684	OU	Cercopithecidae	OWM	Lemuridae	STR	order
Leontocebus_fuscicolis	Rhinopithecus_roxellana	0.958	1.543	78.0653383517	0.350299401197605	0.642973170067805	0.480374361333884	0.740575928544914	0.403474540443556	55.9417082901988	40.7532714892304	15.1884368009684	OU	Callitrichidae	PLA	Cercopithecidae	OWM	order
Colobus_guereza	Hylobates_klossii	1.467	0.958	62.1515760363	0.304790419161677	0.511901910790857	0.469938257247833	0.67686128835167	0.403008528474324	55.9417082901988	40.7532714892304	15.1884368009684	OU	Cercopithecidae	OWM	Hylobatidae	APE	order
Mandrillus_leucophaeus	Piliocolobus_badius	1.4	1.018	38.593674154	0.22874251497006	0.317870869957241	0.450170198902433	0.55869408456979	0.402040897992885	55.9417082901988	40.7532714892304	15.1884368009684	OU	Cercopithecidae	OWM	Cercopithecidae	OWM	family
Cacajao_calvus	Cercopithecus_neglectus	1.198	1.78	78.0653383536	0.348502994011976	0.642973170083454	0.478230666306673	0.738124832484731	0.400076902185715	55.9417082901988	40.7532714892304	15.1884368009684	OU	Pitheciidae	PLA	Cercopithecidae	OWM	order
Alouatta_seniculus	Cercopithecus_mitis	1.284	1.866	78.0653383562	0.348502994011976	0.642973170104868	0.47823066629974	0.738124832484417	0.40007690217222	55.9417082901988	40.7532714892304	15.1884368009684	OU	Atelidae	PLA	Cercopithecidae	OWM	order
Papio_hamadryas	Cercopithecus_petaurista	1.842	1.517	29.8369393136	0.194610778443114	0.245747368302649	0.437172104119432	0.503778269605608	0.398949058489737	55.9417082901988	40.7532714892304	15.1884368009684	OU	Cercopithecidae	OWM	Cercopithecidae	OWM	family
Cebus_olivaceus	Papio_anubis	1.306	1.887	78.0653383479	0.347904191616766	0.642973170036506	0.477515091822691	0.737304255688701	0.398945481716469	55.9417082901988	40.7532714892304	15.1884368009684	OU	Cebidae	PLA	Cercopithecidae	OWM	order
Papio_cynocephalus	Cheirogaleus_medius	1.772	1	121.4130573119	0.462275449101796	0.99999999994564	0.50437104188267	0.861816132173659	0.398396439565408	55.9417082901988	40.7532714892304	15.1884368009684	OU	Cercopithecidae	OWM	Cheirogaleidae	STR	order
Papio_cynocephalus	Eulemur_fulvus	1.772	1	121.4130573123	0.462275449101796	0.999999999948935	0.50437104188196	0.861816132173656	0.398396439564094	55.9417082901988	40.7532714892304	15.1884368009684	OU	Cercopithecidae	OWM	Lemuridae	STR	order
Papio_cynocephalus	Lemur_catta	1.772	1	121.4130573139	0.462275449101796	0.999999999962113	0.504371041879119	0.861816132173645	0.398396439558839	55.9417082901988	40.7532714892304	15.1884368009684	OU	Cercopithecidae	OWM	Lemuridae	STR	order
Macaca_nigra	Pan_troglodytes	1.808	1.303	62.151576032	0.302395209580838	0.511901910755441	0.466700555966501	0.673044174816226	0.397586588415664	55.9417082901988	40.7532714892304	15.1884368009684	OU	Cercopithecidae	OWM	Hominidae	APE	order
Chlorocebus_pygerythrus	Hylobates_muelleri	1.571	1.067	62.1515760363	0.301796407185629	0.511901910790857	0.465889571208801	0.672085339253773	0.396233998024267	55.9417082901988	40.7532714892304	15.1884368009684	OU	Cercopithecidae	OWM	Hylobatidae	APE	order
Cercopithecus_neglectus	Eulemur_mongoz	1.78	1.012	121.4130573136	0.459880239520958	0.999999999959642	0.502135009896105	0.859762275653786	0.395387681274704	55.9417082901988	40.7532714892304	15.1884368009684	OU	Cercopithecidae	OWM	Lemuridae	STR	order
Papio_anubis	Hapalemur_griseus	1.887	1.119	121.4130573157	0.459880239520958	0.999999999976938	0.502135009892388	0.859762275653772	0.395387681267859	55.9417082901988	40.7532714892304	15.1884368009684	OU	Cercopithecidae	OWM	Lemuridae	STR	order
Ateles_paniscus	Macaca_tonkeana	1.079	1.656	78.065338353	0.345508982035928	0.642973170078512	0.47464776001173	0.734004203823386	0.394425548490838	55.9417082901988	40.7532714892304	15.1884368009684	OU	Atelidae	PLA	Cercopithecidae	OWM	order
Chlorocebus_pygerythrus	Colobus_polykomos	1.571	1.193	38.5936741539	0.226347305389221	0.317870869956418	0.445984164361166	0.553896500810156	0.394414815173492	55.9417082901988	40.7532714892304	15.1884368009684	OU	Cercopithecidae	OWM	Cercopithecidae	OWM	family
Macaca_tonkeana	Cercopithecus_diana	1.656	1.333	29.8369393147	0.193413173652695	0.245747368311709	0.434766419482714	0.501123923730653	0.394404909187459	55.9417082901988	40.7532714892304	15.1884368009684	OU	Cercopithecidae	OWM	Cercopithecidae	OWM	family
Allochrocebus_lhoesti	Eulemur_macaco	1.73	0.964	121.4130573124	0.458682634730539	0.999999999949758	0.501014983877815	0.858726580482985	0.393882970468871	55.9417082901988	40.7532714892304	15.1884368009684	OU	Cercopithecidae	OWM	Lemuridae	STR	order
Macaca_nigra	Eulemur_coronatus	1.808	1.043	121.4130573131	0.458083832335329	0.999999999955524	0.500454469184619	0.858206533339306	0.393130537744772	55.9417082901988	40.7532714892304	15.1884368009684	OU	Cercopithecidae	OWM	Lemuridae	STR	order
Macaca_tonkeana	Colobus_angolensis	1.656	1.279	38.593674154	0.225748502994012	0.317870869957241	0.444935223395382	0.552692480498735	0.392516307346502	55.9417082901988	40.7532714892304	15.1884368009684	OU	Cercopithecidae	OWM	Cercopithecidae	OWM	family
Cercopithecus_mitis	Propithecus_verreauxi	1.866	1.102	121.4130573128	0.45748502994012	0.999999999953053	0.499893620354896	0.857685016852349	0.39237805563231	55.9417082901988	40.7532714892304	15.1884368009684	OU	Cercopithecidae	OWM	Indriidae	STR	order
Macaca_silenus	Hylobates_klossii	1.459	0.958	62.1515760373	0.3	0.511901910799093	0.463452886455951	0.669197897659386	0.392183277816691	55.9417082901988	40.7532714892304	15.1884368009684	OU	Cercopithecidae	OWM	Hylobatidae	APE	order
Rhinopithecus_roxellana	Avahi_laniger	1.543	0.78	121.4130573094	0.45688622754491	0.999999999925049	0.499332437630329	0.857162028799493	0.391625525762295	55.9417082901988	40.7532714892304	15.1884368009684	OU	Cercopithecidae	OWM	Indriidae	STR	order
Cacajao_calvus	Papio_cynocephalus	1.198	1.772	78.0653383529	0.343712574850299	0.642973170077688	0.472491990136096	0.731510512068318	0.391041762446609	55.9417082901988	40.7532714892304	15.1884368009684	OU	Pitheciidae	PLA	Cercopithecidae	OWM	order
Papio_anubis	Cercopithecus_nictitans	1.887	1.566	29.8369393137	0.192215568862275	0.245747368303472	0.43235580340486	0.498462050793543	0.389880743427614	55.9417082901988	40.7532714892304	15.1884368009684	OU	Cercopithecidae	OWM	Cercopithecidae	OWM	family
Macaca_mulatta	Chlorocebus_pygerythrus	1.25	1.571	29.8369393146	0.192215568862275	0.245747368310885	0.432355803399018	0.498462050791299	0.389880743414098	55.9417082901988	40.7532714892304	15.1884368009684	OU	Cercopithecidae	OWM	Cercopithecidae	OWM	family
Macaca_silenus	Cercopithecus_neglectus	1.459	1.78	29.8369393156	0.192215568862275	0.245747368319121	0.432355803392528	0.498462050788806	0.389880743399081	55.9417082901988	40.7532714892304	15.1884368009684	OU	Cercopithecidae	OWM	Cercopithecidae	OWM	family
Cercopithecus_nictitans	Hylobates_muelleri	1.566	1.067	62.1515760362	0.298802395209581	0.511901910790033	0.461825328811039	0.667263825968085	0.389488738434798	55.9417082901988	40.7532714892304	15.1884368009684	OU	Cercopithecidae	OWM	Hylobatidae	APE	order
Papio_cynocephalus	Eulemur_mongoz	1.772	1.012	121.4130573129	0.455089820359281	0.999999999953876	0.497646888420366	0.855584213088141	0.389367665854478	55.9417082901988	40.7532714892304	15.1884368009684	OU	Cercopithecidae	OWM	Lemuridae	STR	order
Saguinus_midas	Cercopithecus_pogonias	0.897	1.469	78.0653383527	0.34251497005988	0.642973170076041	0.471052308013268	0.729839157801405	0.388788908957605	55.9417082901988	40.7532714892304	15.1884368009684	OU	Callitrichidae	PLA	Cercopithecidae	OWM	order
Papio_hamadryas	Colobus_guereza	1.842	1.467	38.5936741539	0.224550898203593	0.317870869956418	0.442834434357639	0.550278904983638	0.388728990465554	55.9417082901988	40.7532714892304	15.1884368009684	OU	Cercopithecidae	OWM	Cercopithecidae	OWM	family
Macaca_nemestrina	Eulemur_macaco	1.723	0.964	121.4130573136	0.454491017964072	0.999999999959642	0.497084372480402	0.855055316637738	0.388614961289961	55.9417082901988	40.7532714892304	15.1884368009684	OU	Cercopithecidae	OWM	Lemuridae	STR	order
Cercopithecus_neglectus	Eulemur_rubriventer	1.78	1.021	121.4130573146	0.454491017964072	0.999999999967878	0.497084372478643	0.855055316637731	0.388614961286757	55.9417082901988	40.7532714892304	15.1884368009684	OU	Cercopithecidae	OWM	Lemuridae	STR	order
Cercocebus_torquatus	Eulemur_macaco	1.722	0.964	121.4130573131	0.453892215568862	0.999999999955524	0.496521523842083	0.854524937577967	0.387862217193358	55.9417082901988	40.7532714892304	15.1884368009684	OU	Cercopithecidae	OWM	Lemuridae	STR	order
Macaca_fuscata	Presbytis_comata	1.37	0.996	38.5936741536	0.223952095808383	0.317870869953947	0.441782589650847	0.5490693539536	0.386840205206217	55.9417082901988	40.7532714892304	15.1884368009684	OU	Cercopithecidae	OWM	Cercopithecidae	OWM	family
Callithrix_jacchus	Cercopithecus_petaurista	0.947	1.517	78.065338352	0.341317365269461	0.642973170070275	0.46961062902516	0.72816068264745	0.386538501547235	55.9417082901988	40.7532714892304	15.1884368009684	OU	Callitrichidae	PLA	Cercopithecidae	OWM	order
Saguinus_midas	Colobus_guereza	0.897	1.467	78.0653383531	0.341317365269461	0.642973170079336	0.469610629022264	0.728160682647317	0.386538501541718	55.9417082901988	40.7532714892304	15.1884368009684	OU	Callitrichidae	PLA	Cercopithecidae	OWM	order
Semnopithecus_entellus	Rhinopithecus_roxellana	1.314	1.543	17.7111143211	0.137125748502994	0.145874873034775	0.403332958218075	0.410447085157858	0.385829736144663	55.9417082901988	40.7532714892304	15.1884368009684	OU	Cercopithecidae	OWM	Cercopithecidae	OWM	family
Papio_anubis	Gorilla_gorilla	1.887	2.383	62.1515760319	0.297005988023952	0.511901910754617	0.459379355974217	0.664349056716898	0.385455970836505	55.9417082901988	40.7532714892304	15.1884368009684	OU	Cercopithecidae	OWM	Hominidae	APE	order
Mandrillus_sphinx	Nasalis_larvatus	2.45	2.077	38.593674153	0.223353293413174	0.317870869949005	0.44072978040637	0.547857963554702	0.384954684593175	55.9417082901988	40.7532714892304	15.1884368009684	OU	Cercopithecidae	OWM	Cercopithecidae	OWM	family
Cercopithecus_nictitans	Colobus_polykomos	1.566	1.193	38.5936741538	0.223353293413174	0.317870869955594	0.440729780402298	0.547857963553563	0.384954684584394	55.9417082901988	40.7532714892304	15.1884368009684	OU	Cercopithecidae	OWM	Cercopithecidae	OWM	family
Saimiri_oerstedii	Papio_anubis	1.319	1.887	78.0653383473	0.340119760479042	0.642973170031565	0.468166957407835	0.72647508132528	0.384290577229244	55.9417082901988	40.7532714892304	15.1884368009684	OU	Cebidae	PLA	Cercopithecidae	OWM	order
Alouatta_palliata	Macaca_nigra	1.24	1.808	78.065338356	0.340119760479042	0.642973170103221	0.468166957384973	0.726475081324223	0.384290577185858	55.9417082901988	40.7532714892304	15.1884368009684	OU	Atelidae	PLA	Cercopithecidae	OWM	order
Cercopithecus_petaurista	Nomascus_concolor	1.517	1.022	62.1515760357	0.296407185628742	0.511901910785915	0.458562798401981	0.663373824813772	0.384114152125245	55.9417082901988	40.7532714892304	15.1884368009684	OU	Cercopithecidae	OWM	Hylobatidae	APE	order
Cebuella_pygmaea	Cercopithecus_pogonias	0.902	1.469	78.0653383523	0.339520958083832	0.642973170072746	0.467444375667745	0.725629606751434	0.383167557785292	55.9417082901988	40.7532714892304	15.1884368009684	OU	Callitrichidae	PLA	Cercopithecidae	OWM	order
Macaca_nigra	Cercopithecus_cephus	1.808	1.49	29.8369393137	0.190419161676647	0.245747368303472	0.428730677733514	0.49445518391879	0.383132247797739	55.9417082901988	40.7532714892304	15.1884368009684	OU	Cercopithecidae	OWM	Cercopithecidae	OWM	family
Papio_cynocephalus	Eulemur_rubriventer	1.772	1.021	121.4130573139	0.449700598802395	0.999999999962113	0.492572288160613	0.850770587373038	0.382592042599616	55.9417082901988	40.7532714892304	15.1884368009684	OU	Cercopithecidae	OWM	Lemuridae	STR	order
Sapajus_apella	Papio_ursinus	1.448	2.014	78.0653383486	0.338922155688623	0.642973170042272	0.466721297387046	0.724782348741972	0.382045173089481	55.9417082901988	40.7532714892304	15.1884368009684	OU	Cebidae	PLA	Cercopithecidae	OWM	order
Cheracebus_torquatus	Theropithecus_gelada	1.058	1.624	78.0653383533	0.338922155688623	0.642973170080983	0.466721297374721	0.7247823487414	0.382045173066179	55.9417082901988	40.7532714892304	15.1884368009684	OU	Pitheciidae	PLA	Cercopithecidae	OWM	order
Cebuella_pygmaea	Colobus_guereza	0.902	1.467	78.0653383527	0.338323353293413	0.642973170076041	0.465997723057879	0.723933306688263	0.380923427723425	55.9417082901988	40.7532714892304	15.1884368009684	OU	Callitrichidae	PLA	Cercopithecidae	OWM	order
Aotus_trivirgatus	Gorilla_beringei	1.105	1.67	78.0653383541	0.338323353293413	0.642973170087572	0.465997723054212	0.723933306688093	0.380923427716504	55.9417082901988	40.7532714892304	15.1884368009684	OU	Aotidae	PLA	Hominidae	APE	order
Cercopithecus_mitis	Hapalemur_griseus	1.866	1.119	121.4130573156	0.447305389221557	0.999999999976115	0.490308300246897	0.848592291577399	0.379579905283508	55.9417082901988	40.7532714892304	15.1884368009684	OU	Cercopithecidae	OWM	Lemuridae	STR	order
Papio_anubis	Chlorocebus_pygerythrus	1.887	1.571	29.8369393138	0.189221556886228	0.245747368304296	0.426307823150424	0.4917746054323	0.378658608306177	55.9417082901988	40.7532714892304	15.1884368009684	OU	Cercopithecidae	OWM	Cercopithecidae	OWM	family
Macaca_mulatta	Cercopithecus_nictitans	1.25	1.566	29.8369393145	0.189221556886228	0.245747368310061	0.426307823145929	0.49177460543057	0.378658608295961	55.9417082901988	40.7532714892304	15.1884368009684	OU	Cercopithecidae	OWM	Cercopithecidae	OWM	family
Saguinus_midas	Macaca_silenus	0.897	1.459	78.0653383541	0.336526946107784	0.642973170087572	0.463824029308758	0.721375470382582	0.37756207465368	55.9417082901988	40.7532714892304	15.1884368009684	OU	Callitrichidae	PLA	Cercopithecidae	OWM	order
Cercopithecus_petaurista	Trachypithecus_cristatus	1.517	1.148	38.5936741538	0.220958083832335	0.317870869955594	0.436508932075133	0.542994051177841	0.377445486267344	55.9417082901988	40.7532714892304	15.1884368009684	OU	Cercopithecidae	OWM	Cercopithecidae	OWM	family
Plecturocebus_moloch	Theropithecus_gelada	1.063	1.624	78.0653383542	0.335928143712575	0.642973170088395	0.463098476263739	0.720519286330346	0.376442933587395	55.9417082901988	40.7532714892304	15.1884368009684	OU	Pitheciidae	PLA	Cercopithecidae	OWM	order
Macaca_silenus	Cercocebus_torquatus	1.459	1.722	22.401646143	0.15748502994012	0.184507718014499	0.4110851010243	0.440547253010922	0.376025448024947	55.9417082901988	40.7532714892304	15.1884368009684	OU	Cercopithecidae	OWM	Cercopithecidae	OWM	family
Semnopithecus_entellus	Piliocolobus_badius	1.314	1.018	27.0170263237	0.177245508982036	0.22252158804326	0.420307748908436	0.472065807801245	0.376015401977453	55.9417082901988	40.7532714892304	15.1884368009684	OU	Cercopithecidae	OWM	Cercopithecidae	OWM	family
Alouatta_caraya	Cheracebus_torquatus	1.483	1.058	49.0936032095	0.254491017964072	0.404351923044932	0.444746851609895	0.597145594812341	0.375831501312452	55.9417082901988	40.7532714892304	15.1884368009684	OU	Atelidae	PLA	Pitheciidae	PLA	superfamily
Cebus_olivaceus	Cercopithecus_mitis	1.306	1.866	78.0653383478	0.335329341317365	0.642973170035683	0.462372429908333	0.719661315383074	0.375324455366625	55.9417082901988	40.7532714892304	15.1884368009684	OU	Cebidae	PLA	Cercopithecidae	OWM	order
Piliocolobus_badius	Colobus_angolensis	1.018	1.279	22.216371838	0.156287425149701	0.182981734655774	0.409789613234518	0.438312455285465	0.374369196884467	55.9417082901988	40.7532714892304	15.1884368009684	OU	Cercopithecidae	OWM	Cercopithecidae	OWM	family
Papio_hamadryas	Propithecus_verreauxi	1.842	1.102	121.4130573129	0.44311377245509	0.999999999953877	0.486333635584041	0.844722110547837	0.374308001098342	55.9417082901988	40.7532714892304	15.1884368009684	OU	Cercopithecidae	OWM	Indriidae	STR	order
Leontocebus_fuscicolis	Cercopithecus_petaurista	0.958	1.517	78.065338352	0.334730538922156	0.642973170070275	0.461645890742826	0.718801557004516	0.37420664462237	55.9417082901988	40.7532714892304	15.1884368009684	OU	Callitrichidae	PLA	Cercopithecidae	OWM	order
Papio_hamadryas	Pan_paniscus	1.842	1.355	62.1515760319	0.291616766467066	0.511901910754617	0.452008251487615	0.655506453084217	0.373424416339689	55.9417082901988	40.7532714892304	15.1884368009684	OU	Cercopithecidae	OWM	Hominidae	APE	order
Alouatta_seniculus	Papio_hamadryas	1.284	1.842	78.0653383563	0.334131736526946	0.642973170105692	0.460918859341003	0.717940010673971	0.373089506128593	55.9417082901988	40.7532714892304	15.1884368009684	OU	Atelidae	PLA	Cercopithecidae	OWM	order
Cercopithecus_petaurista	Avahi_laniger	1.517	0.78	121.4130573097	0.441317365269461	0.99999999992752	0.484625282964085	0.843040652119188	0.372048479435254	55.9417082901988	40.7532714892304	15.1884368009684	OU	Cercopithecidae	OWM	Indriidae	STR	order
Cercopithecus_neglectus	Eulemur_coronatus	1.78	1.043	121.4130573137	0.441317365269461	0.999999999960466	0.484625282957166	0.84304065211916	0.372048479422985	55.9417082901988	40.7532714892304	15.1884368009684	OU	Cercopithecidae	OWM	Lemuridae	STR	order
Macaca_fascicularis	Macaca_fuscata	1.493	1.37	7.327012852	0.0736526946107784	0.06034781607368	0.341456503084089	0.304801736171175	0.372001352354517	55.9417082901988	40.7532714892304	15.1884368009684	OU	Cercopithecidae	OWM	Cercopithecidae	OWM	family
Ateles_geoffroyi	Theropithecus_gelada	1.067	1.624	78.065338353	0.333532934131737	0.642973170078512	0.460191336270825	0.717076675882614	0.371973044653413	55.9417082901988	40.7532714892304	15.1884368009684	OU	Atelidae	PLA	Cercopithecidae	OWM	order
Cebuella_pygmaea	Macaca_silenus	0.902	1.459	78.0653383537	0.333532934131737	0.642973170084277	0.460191336269008	0.717076675882529	0.371973044650033	55.9417082901988	40.7532714892304	15.1884368009684	OU	Callitrichidae	PLA	Cercopithecidae	OWM	order
Macaca_fascicularis	Macaca_tonkeana	1.493	1.656	10.9824679326	0.0976047904191615	0.0904554104406576	0.367597918110066	0.344627114872593	0.37186562037621	55.9417082901988	40.7532714892304	15.1884368009684	OU	Cercopithecidae	OWM	Cercopithecidae	OWM	family
Erythrocebus_patas	Rhinopithecus_roxellana	1.908	1.543	38.5936741534	0.218562874251497	0.3178708699523	0.43227278809416	0.538100882739785	0.369989472726846	55.9417082901988	40.7532714892304	15.1884368009684	OU	Cercopithecidae	OWM	Cercopithecidae	OWM	family
Alouatta_caraya	Plecturocebus_moloch	1.483	1.063	49.0936032104	0.251497005988024	0.404351923052344	0.440084282654316	0.591588735124245	0.367953723422083	55.9417082901988	40.7532714892304	15.1884368009684	OU	Atelidae	PLA	Pitheciidae	PLA	superfamily
Saimiri_sciureus	Allochrocebus_lhoesti	1.177	1.73	78.0653383463	0.331137724550898	0.642973170023328	0.457276338105975	0.713605442333118	0.367514063444906	55.9417082901988	40.7532714892304	15.1884368009684	OU	Cebidae	PLA	Cercopithecidae	OWM	order
Allochrocebus_lhoesti	Cheirogaleus_medius	1.73	1	121.4130573113	0.437125748502994	0.999999999940698	0.480627685978845	0.839063612502128	0.366776309678369	55.9417082901988	40.7532714892304	15.1884368009684	OU	Cercopithecidae	OWM	Cheirogaleidae	STR	order
Allochrocebus_lhoesti	Eulemur_fulvus	1.73	1	121.4130573117	0.437125748502994	0.999999999943993	0.480627685978157	0.839063612502125	0.36677630967716	55.9417082901988	40.7532714892304	15.1884368009684	OU	Cercopithecidae	OWM	Lemuridae	STR	order
Allochrocebus_lhoesti	Lemur_catta	1.73	1	121.4130573133	0.437125748502994	0.999999999957171	0.480627685975405	0.839063612502113	0.366776309672321	55.9417082901988	40.7532714892304	15.1884368009684	OU	Cercopithecidae	OWM	Lemuridae	STR	order
Papio_cynocephalus	Eulemur_coronatus	1.772	1.043	121.413057313	0.436526946107784	0.9999999999547	0.480055296951642	0.838489303795575	0.366023175146505	55.9417082901988	40.7532714892304	15.1884368009684	OU	Cercopithecidae	OWM	Lemuridae	STR	order
Aotus_trivirgatus	Macaca_tonkeana	1.105	1.656	78.0653383561	0.329940119760479	0.642973170104045	0.455815903222768	0.711859082435701	0.365288758274958	55.9417082901988	40.7532714892304	15.1884368009684	OU	Aotidae	PLA	Cercopithecidae	OWM	order
Theropithecus_gelada	Trachypithecus_obscurus	1.624	1.262	38.5936741533	0.216766467065868	0.317870869951476	0.429085709213065	0.534411893582162	0.364432821879746	55.9417082901988	40.7532714892304	15.1884368009684	OU	Cercopithecidae	OWM	Cercopithecidae	OWM	family
Erythrocebus_patas	Allochrocebus_lhoesti	1.908	1.73	12.6967639233	0.106586826347305	0.104574946086671	0.372909174764148	0.357306439289618	0.364180531021003	55.9417082901988	40.7532714892304	15.1884368009684	OU	Cercopithecidae	OWM	Cercopithecidae	OWM	family
Macaca_nemestrina	Cheirogaleus_medius	1.723	1	121.4130573125	0.432934131736527	0.999999999950582	0.476614143732412	0.835010910587703	0.361504723583679	55.9417082901988	40.7532714892304	15.1884368009684	OU	Cercopithecidae	OWM	Cheirogaleidae	STR	order
Macaca_nemestrina	Eulemur_fulvus	1.723	1	121.4130573129	0.432934131736527	0.999999999953877	0.476614143731728	0.8350109105877	0.361504723582486	55.9417082901988	40.7532714892304	15.1884368009684	OU	Cercopithecidae	OWM	Lemuridae	STR	order
Macaca_nemestrina	Lemur_catta	1.723	1	121.4130573145	0.432934131736527	0.999999999967055	0.476614143728991	0.835010910587688	0.361504723577717	55.9417082901988	40.7532714892304	15.1884368009684	OU	Cercopithecidae	OWM	Lemuridae	STR	order
Papio_hamadryas	Hapalemur_griseus	1.842	1.119	121.4130573157	0.432934131736527	0.999999999976938	0.476614143726938	0.835010910587679	0.361504723574141	55.9417082901988	40.7532714892304	15.1884368009684	OU	Cercopithecidae	OWM	Lemuridae	STR	order
Saimiri_oerstedii	Cercopithecus_mitis	1.319	1.866	78.0653383472	0.327544910179641	0.642973170030741	0.452889184320381	0.70834485921979	0.360846710412914	55.9417082901988	40.7532714892304	15.1884368009684	OU	Cebidae	PLA	Cercopithecidae	OWM	order
Cercocebus_torquatus	Cheirogaleus_medius	1.722	1	121.413057312	0.432335329341317	0.999999999946464	0.47603948414198	0.83442573605531	0.360751725427657	55.9417082901988	40.7532714892304	15.1884368009684	OU	Cercopithecidae	OWM	Cheirogaleidae	STR	order
Cercocebus_torquatus	Eulemur_fulvus	1.722	1	121.4130573124	0.432335329341317	0.999999999949758	0.476039484141296	0.834425736055307	0.360751725426467	55.9417082901988	40.7532714892304	15.1884368009684	OU	Cercopithecidae	OWM	Lemuridae	STR	order
Cercocebus_torquatus	Lemur_catta	1.722	1	121.413057314	0.432335329341317	0.999999999962936	0.476039484138562	0.834425736055295	0.360751725421708	55.9417082901988	40.7532714892304	15.1884368009684	OU	Cercopithecidae	OWM	Lemuridae	STR	order
Colobus_polykomos	Gorilla_beringei	1.193	1.67	62.151576032	0.28562874251497	0.511901910755441	0.443760304809354	0.645508659144456	0.360178039425292	55.9417082901988	40.7532714892304	15.1884368009684	OU	Cercopithecidae	OWM	Hominidae	APE	order
Cercopithecus_neglectus	Pan_troglodytes	1.78	1.303	62.1515760326	0.28562874251497	0.511901910760383	0.443760304807448	0.645508659144259	0.360178039421705	55.9417082901988	40.7532714892304	15.1884368009684	OU	Cercopithecidae	OWM	Hominidae	APE	order
Saimiri_sciureus	Macaca_nemestrina	1.177	1.723	78.0653383475	0.326946107784431	0.642973170033212	0.452156289283527	0.707461821229636	0.359738010289242	55.9417082901988	40.7532714892304	15.1884368009684	OU	Cebidae	PLA	Cercopithecidae	OWM	order
Callithrix_jacchus	Macaca_fascicularis	0.947	1.493	78.0653383529	0.326946107784431	0.642973170077688	0.452156289269682	0.707461821228976	0.359738010264023	55.9417082901988	40.7532714892304	15.1884368009684	OU	Callitrichidae	PLA	Cercopithecidae	OWM	order
Rhinopithecus_roxellana	Hylobates_muelleri	1.543	1.067	62.1515760358	0.28502994011976	0.511901910786739	0.442932191615697	0.644498898710049	0.358860708732748	55.9417082901988	40.7532714892304	15.1884368009684	OU	Cercopithecidae	OWM	Hylobatidae	APE	order
Saimiri_sciureus	Cercocebus_torquatus	1.177	1.722	78.065338347	0.326347305389221	0.642973170029094	0.451422909257797	0.706576989624853	0.358630044553282	55.9417082901988	40.7532714892304	15.1884368009684	OU	Cebidae	PLA	Cercopithecidae	OWM	order
Ateles_paniscus	Theropithecus_gelada	1.079	1.624	78.065338353	0.326347305389222	0.642973170078512	0.451422909242432	0.70657698962412	0.358630044525346	55.9417082901988	40.7532714892304	15.1884368009684	OU	Atelidae	PLA	Cercopithecidae	OWM	order
Pan_paniscus	Hylobates_klossii	1.355	0.958	45.7765141043	0.237724550898204	0.377031228068127	0.43176863900159	0.56812346518559	0.35821143067643	55.9417082901988	40.7532714892304	15.1884368009684	OU	Hominidae	APE	Hylobatidae	APE	superfamily
Allochrocebus_lhoesti	Eulemur_mongoz	1.73	1.012	121.4130573123	0.429940119760479	0.999999999948935	0.473737615347868	0.832069415080385	0.357740023986961	55.9417082901988	40.7532714892304	15.1884368009684	OU	Cercopithecidae	OWM	Lemuridae	STR	order
Erythrocebus_patas	Gorilla_gorilla	1.908	2.383	62.151576032	0.284431137724551	0.511901910755441	0.442103478357268	0.64348732561115	0.357544733257206	55.9417082901988	40.7532714892304	15.1884368009684	OU	Cercopithecidae	OWM	Hominidae	APE	order
Macaca_tonkeana	Mandrillus_leucophaeus	1.656	1.4	22.401646142	0.153293413173653	0.184507718006263	0.401129605249752	0.43004652853104	0.35729291378351	55.9417082901988	40.7532714892304	15.1884368009684	OU	Cercopithecidae	OWM	Cercopithecidae	OWM	family
Callithrix_jacchus	Cercopithecus_cephus	0.947	1.49	78.065338352	0.325149700598802	0.642973170070275	0.449954696492579	0.704801944190412	0.356416335552414	55.9417082901988	40.7532714892304	15.1884368009684	OU	Callitrichidae	PLA	Cercopithecidae	OWM	order
Cercopithecus_petaurista	Cercopithecus_diana	1.517	1.333	13.592825867	0.110179640718563	0.111955222668862	0.372583656349986	0.360982997503733	0.355257897062207	55.9417082901988	40.7532714892304	15.1884368009684	OU	Cercopithecidae	OWM	Cercopithecidae	OWM	family
Callithrix_jacchus	Saimiri_oerstedii	0.947	1.319	41.3912937957	0.222754491017964	0.34091303447799	0.426112411761075	0.543024490155984	0.35481525105135	55.9417082901988	40.7532714892304	15.1884368009684	OU	Callitrichidae	PLA	Cebidae	PLA	superfamily
Trachypithecus_pileatus	Presbytis_comata	1.217	0.996	17.9572585531	0.132335329341317	0.147902202198839	0.38798544158856	0.396007464491852	0.35432723418611	55.9417082901988	40.7532714892304	15.1884368009684	OU	Cercopithecidae	OWM	Cercopithecidae	OWM	family
Macaca_fascicularis	Avahi_laniger	1.493	0.78	121.4130573106	0.426946107784431	0.999999999934933	0.470853030987935	0.829088714342378	0.353976199619509	55.9417082901988	40.7532714892304	15.1884368009684	OU	Cercopithecidae	OWM	Indriidae	STR	order
Alouatta_palliata	Cercopithecus_neglectus	1.24	1.78	78.0653383566	0.323353293413174	0.642973170108163	0.447748754175691	0.702125915636368	0.353101401064009	55.9417082901988	40.7532714892304	15.1884368009684	OU	Atelidae	PLA	Cercopithecidae	OWM	order
Macaca_nemestrina	Eulemur_mongoz	1.723	1.012	121.4130573135	0.425748502994012	0.999999999958818	0.469696949115746	0.827885401776491	0.352470970471452	55.9417082901988	40.7532714892304	15.1884368009684	OU	Cercopithecidae	OWM	Lemuridae	STR	order
Cercocebus_torquatus	Pongo_pygmaeus	1.722	2.193	62.151576036	0.282035928143713	0.511901910788386	0.438782640954417	0.639422918047079	0.352294516521778	55.9417082901988	40.7532714892304	15.1884368009684	OU	Cercopithecidae	OWM	Hominidae	APE	order
Macaca_fascicularis	Nomascus_concolor	1.493	1.022	62.1515760366	0.282035928143713	0.511901910793328	0.438782640952527	0.639422918046881	0.352294516518268	55.9417082901988	40.7532714892304	15.1884368009684	OU	Cercopithecidae	OWM	Hylobatidae	APE	order
Theropithecus_gelada	Allenopithecus_nigroviridis	1.624	1.928	29.83693931	0.182035928143712	0.245747368272998	0.411669402903767	0.475535911986649	0.352250450177733	55.9417082901988	40.7532714892304	15.1884368009684	OU	Cercopithecidae	OWM	Cercopithecidae	OWM	family
Macaca_fuscata	Theropithecus_gelada	1.37	1.624	22.4016461426	0.152095808383234	0.184507718011204	0.398271225052763	0.427029149232629	0.352014237430421	55.9417082901988	40.7532714892304	15.1884368009684	OU	Cercopithecidae	OWM	Cercopithecidae	OWM	family
Cercopithecus_cephus	Avahi_laniger	1.49	0.78	121.4130573097	0.425149700598802	0.99999999992752	0.46911842753536	0.827281373690267	0.351718428360875	55.9417082901988	40.7532714892304	15.1884368009684	OU	Cercopithecidae	OWM	Indriidae	STR	order
Cercocebus_torquatus	Eulemur_mongoz	1.722	1.012	121.413057313	0.425149700598802	0.9999999999547	0.469118427529777	0.827281373690242	0.351718428351305	55.9417082901988	40.7532714892304	15.1884368009684	OU	Cercopithecidae	OWM	Lemuridae	STR	order
Cercocebus_torquatus	Nasalis_larvatus	1.722	2.077	38.593674153	0.212574850299401	0.317870869949005	0.421616243811135	0.525740922954546	0.351587102055815	55.9417082901988	40.7532714892304	15.1884368009684	OU	Cercopithecidae	OWM	Cercopithecidae	OWM	family
Cercopithecus_pogonias	Allochrocebus_lhoesti	1.469	1.73	23.4097503929	0.156287425149701	0.192810813844262	0.400156134013835	0.433654705752193	0.35150921265653	55.9417082901988	40.7532714892304	15.1884368009684	OU	Cercopithecidae	OWM	Cercopithecidae	OWM	family
Macaca_nemestrina	Pongo_pygmaeus	1.723	2.193	62.1515760365	0.281437125748503	0.511901910792504	0.437950939694523	0.638402290371278	0.35098541709914	55.9417082901988	40.7532714892304	15.1884368009684	OU	Cercopithecidae	OWM	Hominidae	APE	order
Allochrocebus_lhoesti	Eulemur_rubriventer	1.73	1.021	121.4130573133	0.424550898203593	0.999999999957171	0.468539585871379	0.826675761839736	0.350965937227231	55.9417082901988	40.7532714892304	15.1884368009684	OU	Cercopithecidae	OWM	Lemuridae	STR	order
Pygathrix_nemaeus	Piliocolobus_badius	1.303	1.018	27.0170263228	0.17065868263473	0.222521588035848	0.40614127997782	0.456618355697982	0.350194728242281	55.9417082901988	40.7532714892304	15.1884368009684	OU	Cercopithecidae	OWM	Cercopithecidae	OWM	family
Papio_cynocephalus	Cercopithecus_pogonias	1.772	1.469	29.8369393135	0.181437125748503	0.245747368301825	0.410441783701281	0.474170787659865	0.350083850018062	55.9417082901988	40.7532714892304	15.1884368009684	OU	Cercopithecidae	OWM	Cercopithecidae	OWM	family
Macaca_nemestrina	Nasalis_larvatus	1.723	2.077	38.5936741535	0.211976047904192	0.317870869953123	0.420545438063917	0.524495010371414	0.34976586391951	55.9417082901988	40.7532714892304	15.1884368009684	OU	Cercopithecidae	OWM	Cercopithecidae	OWM	family
Chlorocebus_pygerythrus	Trachypithecus_pileatus	1.571	1.217	38.593674154	0.211976047904192	0.317870869957241	0.420545438061461	0.524495010370719	0.349765863914515	55.9417082901988	40.7532714892304	15.1884368009684	OU	Cercopithecidae	OWM	Cercopithecidae	OWM	family
Papio_cynocephalus	Pan_troglodytes	1.772	1.303	62.1515760319	0.280838323353293	0.511901910754617	0.437118643361325	0.637379853636979	0.349677713003071	55.9417082901988	40.7532714892304	15.1884368009684	OU	Cercopithecidae	OWM	Hominidae	APE	order
Gorilla_beringei	Eulemur_macaco	1.67	0.964	121.4130573111	0.422754491017964	0.999999999939051	0.466801143219188	0.824849404604197	0.348708790231171	55.9417082901988	40.7532714892304	15.1884368009684	OU	Hominidae	APE	Lemuridae	STR	order
Macaca_nigra	Propithecus_verreauxi	1.808	1.102	121.413057313	0.422754491017964	0.9999999999547	0.466801143215984	0.824849404604182	0.348708790225708	55.9417082901988	40.7532714892304	15.1884368009684	OU	Cercopithecidae	OWM	Indriidae	STR	order
Cebus_olivaceus	Papio_hamadryas	1.306	1.842	78.0653383479	0.320958083832335	0.642973170036506	0.444800758684923	0.698532739258892	0.348692200444315	55.9417082901988	40.7532714892304	15.1884368009684	OU	Cebidae	PLA	Cercopithecidae	OWM	order
Saguinus_oedipus	Chlorocebus_pygerythrus	1.035	1.571	78.0653383521	0.320958083832335	0.642973170071099	0.444800758674282	0.698532739258378	0.348692200425299	55.9417082901988	40.7532714892304	15.1884368009684	OU	Callitrichidae	PLA	Cercopithecidae	OWM	order
Theropithecus_gelada	Mandrillus_leucophaeus	1.624	1.4	18.570805318	0.134131736526946	0.152955585899494	0.386807341609772	0.397601408060198	0.348669628474483	55.9417082901988	40.7532714892304	15.1884368009684	OU	Cercopithecidae	OWM	Cercopithecidae	OWM	family
Cercopithecus_cephus	Nomascus_concolor	1.49	1.022	62.1515760357	0.280239520958084	0.511901910785915	0.43628575275412	0.636355608492486	0.348371410860986	55.9417082901988	40.7532714892304	15.1884368009684	OU	Cercopithecidae	OWM	Hylobatidae	APE	order
Macaca_tonkeana	Pygathrix_nemaeus	1.656	1.303	38.5936741528	0.211377245508982	0.317870869947358	0.419473702928376	0.523247304517336	0.347948127386416	55.9417082901988	40.7532714892304	15.1884368009684	OU	Cercopithecidae	OWM	Cercopithecidae	OWM	family
Leontocebus_fuscicolis	Macaca_fascicularis	0.958	1.493	78.0653383529	0.320359281437126	0.642973170077688	0.444062560242433	0.697629954453403	0.347591845691949	55.9417082901988	40.7532714892304	15.1884368009684	OU	Callitrichidae	PLA	Cercopithecidae	OWM	order
Alouatta_caraya	Avahi_laniger	1.483	0.78	121.4130573062	0.420958083832335	0.999999999898693	0.465059829838305	0.823008725019129	0.346452175896444	55.9417082901988	40.7532714892304	15.1884368009684	OU	Atelidae	PLA	Indriidae	STR	order
Mandrillus_leucophaeus	Trachypithecus_francoisi	1.4	1.048	38.5936741542	0.210778443113772	0.317870869958889	0.418401040210492	0.521997807883301	0.346133904212972	55.9417082901988	40.7532714892304	15.1884368009684	OU	Cercopithecidae	OWM	Cercopithecidae	OWM	family
Macaca_fuscata	Piliocolobus_badius	1.37	1.018	38.5936741546	0.210778443113773	0.317870869962183	0.418401040208535	0.521997807882746	0.346133904209018	55.9417082901988	40.7532714892304	15.1884368009684	OU	Cercopithecidae	OWM	Cercopithecidae	OWM	family
Cercocebus_torquatus	Pongo_abelii	1.722	2.188	62.151576036	0.279041916167665	0.511901910788386	0.434618192198705	0.634301695668543	0.34576303947597	55.9417082901988	40.7532714892304	15.1884368009684	OU	Cercopithecidae	OWM	Hominidae	APE	order
Chlorocebus_pygerythrus	Hylobates_lar	1.571	1.105	62.1515760366	0.279041916167665	0.511901910793328	0.434618192196828	0.634301695668346	0.345763039472524	55.9417082901988	40.7532714892304	15.1884368009684	OU	Cercopithecidae	OWM	Hylobatidae	APE	order
Macaca_nemestrina	Eulemur_rubriventer	1.723	1.021	121.4130573145	0.420359281437126	0.999999999967055	0.464478755380016	0.822391973626996	0.345700099104893	55.9417082901988	40.7532714892304	15.1884368009684	OU	Cercopithecidae	OWM	Lemuridae	STR	order
Presbytis_comata	Colobus_angolensis	0.996	1.279	27.017026323	0.169461077844311	0.222521588037495	0.403548635674899	0.453785744571704	0.345580049395238	55.9417082901988	40.7532714892304	15.1884368009684	OU	Cercopithecidae	OWM	Cercopithecidae	OWM	family
Cercocebus_torquatus	Eulemur_rubriventer	1.722	1.021	121.413057314	0.419760479041916	0.999999999962936	0.463897363076404	0.821773623354837	0.344948089816222	55.9417082901988	40.7532714892304	15.1884368009684	OU	Cercopithecidae	OWM	Lemuridae	STR	order
Macaca_nemestrina	Pongo_abelii	1.723	2.188	62.1515760365	0.278443113772455	0.511901910792504	0.433783523933407	0.633272029367305	0.344460983646354	55.9417082901988	40.7532714892304	15.1884368009684	OU	Cercopithecidae	OWM	Hominidae	APE	order
Leontocebus_fuscicolis	Cercopithecus_cephus	0.958	1.49	78.065338352	0.318562874251497	0.642973170070275	0.441845095363588	0.694910818756107	0.344295529076604	55.9417082901988	40.7532714892304	15.1884368009684	OU	Callitrichidae	PLA	Cercopithecidae	OWM	order
Cacajao_calvus	Allochrocebus_lhoesti	1.198	1.73	78.0653383523	0.318562874251497	0.642973170072746	0.441845095362832	0.69491081875607	0.344295529075262	55.9417082901988	40.7532714892304	15.1884368009684	OU	Pitheciidae	PLA	Cercopithecidae	OWM	order
Alouatta_palliata	Papio_cynocephalus	1.24	1.772	78.0653383559	0.318562874251497	0.642973170102397	0.441845095353756	0.694910818755629	0.344295529059167	55.9417082901988	40.7532714892304	15.1884368009684	OU	Atelidae	PLA	Cercopithecidae	OWM	order
Saguinus_oedipus	Cercopithecus_nictitans	1.035	1.566	78.065338352	0.317964071856288	0.642973170070275	0.441104985828416	0.694000845780934	0.343198355807124	55.9417082901988	40.7532714892304	15.1884368009684	OU	Callitrichidae	PLA	Cercopithecidae	OWM	order
Alouatta_caraya	Papio_ursinus	1.483	2.014	78.0653383558	0.317964071856287	0.642973170101574	0.441104985818847	0.694000845780468	0.343198355790188	55.9417082901988	40.7532714892304	15.1884368009684	OU	Atelidae	PLA	Cercopithecidae	OWM	order
Allochrocebus_lhoesti	Pongo_pygmaeus	1.73	2.193	62.1515760353	0.277245508982036	0.511901910782621	0.432112415693388	0.631207280547409	0.341861165356827	55.9417082901988	40.7532714892304	15.1884368009684	OU	Cercopithecidae	OWM	Hominidae	APE	order
Cercopithecus_nictitans	Trachypithecus_pileatus	1.566	1.217	38.5936741539	0.208982035928144	0.317870869956418	0.41517750496007	0.518238598553015	0.340712432809606	55.9417082901988	40.7532714892304	15.1884368009684	OU	Cercopithecidae	OWM	Cercopithecidae	OWM	family
Cercopithecus_nictitans	Hylobates_lar	1.566	1.105	62.1515760365	0.276047904191617	0.511901910792504	0.430438950861132	0.629135315022953	0.33926711642109	55.9417082901988	40.7532714892304	15.1884368009684	OU	Cercopithecidae	OWM	Hylobatidae	APE	order
Macaca_tonkeana	Eulemur_macaco	1.656	0.964	121.4130573131	0.41437125748503	0.999999999955524	0.458650574928314	0.816136216979136	0.338183390523761	55.9417082901988	40.7532714892304	15.1884368009684	OU	Cercopithecidae	OWM	Lemuridae	STR	order
Allochrocebus_lhoesti	Nasalis_larvatus	1.73	2.077	38.5936741523	0.207784431137725	0.31787086994324	0.413023877287936	0.515723551684579	0.337115901278535	55.9417082901988	40.7532714892304	15.1884368009684	OU	Cercopithecidae	OWM	Cercopithecidae	OWM	family
Cacajao_calvus	Macaca_nemestrina	1.198	1.723	78.0653383535	0.31437125748503	0.64297317008263	0.4366543469445	0.68850325551995	0.336632451074945	55.9417082901988	40.7532714892304	15.1884368009684	OU	Pitheciidae	PLA	Cercopithecidae	OWM	order
Alouatta_caraya	Hylobates_klossii	1.483	0.958	78.0653383585	0.31437125748503	0.642973170123812	0.436654346932005	0.688503255519337	0.336632451053085	55.9417082901988	40.7532714892304	15.1884368009684	OU	Atelidae	PLA	Hylobatidae	APE	order
Saguinus_midas	Alouatta_seniculus	0.897	1.284	46.5475501535	0.231736526946108	0.383381748071733	0.418816910603055	0.55576577002117	0.335934691695698	55.9417082901988	40.7532714892304	15.1884368009684	OU	Callitrichidae	PLA	Atelidae	PLA	superfamily
Cercopithecus_pogonias	Avahi_laniger	1.469	0.78	121.4130573096	0.412574850299401	0.999999999926697	0.456895964648942	0.81422803804086	0.335930010928908	55.9417082901988	40.7532714892304	15.1884368009684	OU	Cercopithecidae	OWM	Indriidae	STR	order
Macaca_nigra	Hapalemur_griseus	1.808	1.119	121.4130573158	0.412574850299401	0.999999999977762	0.456895964638645	0.814228038040813	0.335930010911734	55.9417082901988	40.7532714892304	15.1884368009684	OU	Cercopithecidae	OWM	Lemuridae	STR	order
Leontocebus_fuscicolis	Saimiri_oerstedii	0.958	1.319	41.3912937957	0.216167664670659	0.34091303447799	0.414732716698822	0.529607854157529	0.33581612155068	55.9417082901988	40.7532714892304	15.1884368009684	OU	Callitrichidae	PLA	Cebidae	PLA	superfamily
Cacajao_calvus	Cercocebus_torquatus	1.198	1.722	78.065338353	0.31377245508982	0.642973170078512	0.435910915742363	0.687580697262564	0.335541035757528	55.9417082901988	40.7532714892304	15.1884368009684	OU	Pitheciidae	PLA	Cercopithecidae	OWM	order
Alouatta_seniculus	Macaca_nigra	1.284	1.808	78.0653383564	0.31377245508982	0.642973170106516	0.435910915733877	0.687580697262147	0.335541035742711	55.9417082901988	40.7532714892304	15.1884368009684	OU	Atelidae	PLA	Cercopithecidae	OWM	order
Allochrocebus_lhoesti	Pongo_abelii	1.73	2.188	62.1515760353	0.274251497005988	0.511901910782621	0.427924350081515	0.626013848855626	0.335386978596456	55.9417082901988	40.7532714892304	15.1884368009684	OU	Cercopithecidae	OWM	Hominidae	APE	order
Saimiri_oerstedii	Papio_hamadryas	1.319	1.842	78.0653383473	0.313173652694611	0.642973170031565	0.435167012418971	0.686656340696235	0.334450462919313	55.9417082901988	40.7532714892304	15.1884368009684	OU	Cebidae	PLA	Cercopithecidae	OWM	order
Colobus_guereza	Avahi_laniger	1.467	0.78	121.41305731	0.411377245508982	0.999999999929991	0.455724653085978	0.812947809300411	0.334428230555977	55.9417082901988	40.7532714892304	15.1884368009684	OU	Cercopithecidae	OWM	Indriidae	STR	order
Allochrocebus_lhoesti	Eulemur_coronatus	1.73	1.043	121.4130573124	0.411377245508982	0.999999999949758	0.455724653082	0.812947809300393	0.334428230549359	55.9417082901988	40.7532714892304	15.1884368009684	OU	Cercopithecidae	OWM	Lemuridae	STR	order
Allochrocebus_lhoesti	Semnopithecus_vetulus	1.73	1.385	38.5936741533	0.206586826347305	0.317870869951476	0.410866583566418	0.513201403139589	0.33353370558232	55.9417082901988	40.7532714892304	15.1884368009684	OU	Cercopithecidae	OWM	Cercopithecidae	OWM	family
Theropithecus_gelada	Colobus_angolensis	1.624	1.279	38.593674154	0.206586826347305	0.317870869957241	0.41086658356304	0.513201403138628	0.333533705575647	55.9417082901988	40.7532714892304	15.1884368009684	OU	Cercopithecidae	OWM	Cercopithecidae	OWM	family
Macaca_fascicularis	Trachypithecus_cristatus	1.493	1.148	38.5936741547	0.206586826347305	0.317870869963007	0.410866583559663	0.513201403137667	0.333533705568973	55.9417082901988	40.7532714892304	15.1884368009684	OU	Cercopithecidae	OWM	Cercopithecidae	OWM	family
Callithrix_jacchus	Cercopithecus_pogonias	0.947	1.469	78.0653383519	0.312574850299401	0.642973170069452	0.434422637537723	0.685730185755605	0.333360737486428	55.9417082901988	40.7532714892304	15.1884368009684	OU	Callitrichidae	PLA	Cercopithecidae	OWM	order
Callithrix_jacchus	Cebus_olivaceus	0.947	1.306	41.3912937963	0.21497005988024	0.340913034482932	0.41265247173085	0.527145305894655	0.33240283154804	55.9417082901988	40.7532714892304	15.1884368009684	OU	Callitrichidae	PLA	Cebidae	PLA	superfamily
Papio_anubis	Rhinopithecus_roxellana	1.887	1.543	38.5936741533	0.205988023952096	0.317870869951476	0.409786566610255	0.511937672307903	0.331748013026291	55.9417082901988	40.7532714892304	15.1884368009684	OU	Cercopithecidae	OWM	Cercopithecidae	OWM	family
Allenopithecus_nigroviridis	Gorilla_gorilla	1.928	2.383	62.151576028	0.272455089820359	0.511901910722495	0.425404485863525	0.622876180558394	0.331520125567568	55.9417082901988	40.7532714892304	15.1884368009684	OU	Cercopithecidae	OWM	Hominidae	APE	order
Callithrix_jacchus	Colobus_guereza	0.947	1.467	78.0653383523	0.311377245508982	0.642973170072746	0.432932475616404	0.683872480568775	0.331183849016293	55.9417082901988	40.7532714892304	15.1884368009684	OU	Callitrichidae	PLA	Cercopithecidae	OWM	order
Aotus_trivirgatus	Theropithecus_gelada	1.105	1.624	78.0653383561	0.310778443113773	0.642973170104045	0.432186689768129	0.682940930261064	0.330096695964561	55.9417082901988	40.7532714892304	15.1884368009684	OU	Aotidae	PLA	Cercopithecidae	OWM	order
Macaca_nemestrina	Eulemur_coronatus	1.723	1.043	121.4130573136	0.407185628742515	0.999999999959642	0.451615199336631	0.808415698308204	0.32917525441423	55.9417082901988	40.7532714892304	15.1884368009684	OU	Cercopithecidae	OWM	Lemuridae	STR	order
Macaca_nigra	Pan_paniscus	1.808	1.355	62.151576032	0.27125748502994	0.511901910755441	0.423721663845093	0.620775411742594	0.328949694110771	55.9417082901988	40.7532714892304	15.1884368009684	OU	Cercopithecidae	OWM	Hominidae	APE	order
Trachypithecus_pileatus	Gorilla_beringei	1.217	1.67	62.1515760321	0.27125748502994	0.511901910756264	0.423721663844786	0.620775411742561	0.328949694110225	55.9417082901988	40.7532714892304	15.1884368009684	OU	Cercopithecidae	OWM	Hominidae	APE	order
Macaca_silenus	Avahi_laniger	1.459	0.78	121.413057311	0.406586826347305	0.999999999938228	0.451026885917459	0.807761715231071	0.328425272260945	55.9417082901988	40.7532714892304	15.1884368009684	OU	Cercopithecidae	OWM	Indriidae	STR	order
Cercocebus_torquatus	Eulemur_coronatus	1.722	1.043	121.4130573131	0.406586826347305	0.999999999955524	0.451026885914004	0.807761715231055	0.328425272255258	55.9417082901988	40.7532714892304	15.1884368009684	OU	Cercopithecidae	OWM	Lemuridae	STR	order
Macaca_tonkeana	Semnopithecus_entellus	1.656	1.314	38.5936741537	0.204790419161677	0.31787086995477	0.407623801885327	0.509404910817587	0.328187497093376	55.9417082901988	40.7532714892304	15.1884368009684	OU	Cercopithecidae	OWM	Cercopithecidae	OWM	family
Cercopithecus_cephus	Trachypithecus_cristatus	1.49	1.148	38.5936741538	0.204790419161677	0.317870869955594	0.407623801884848	0.509404910817451	0.328187497092438	55.9417082901988	40.7532714892304	15.1884368009684	OU	Cercopithecidae	OWM	Cercopithecidae	OWM	family
Cebuella_pygmaea	Alouatta_seniculus	0.902	1.284	46.5475501531	0.22874251497006	0.383381748068438	0.41392323222089	0.549857893981392	0.328069549943707	55.9417082901988	40.7532714892304	15.1884368009684	OU	Callitrichidae	PLA	Atelidae	PLA	superfamily
Cercopithecus_neglectus	Propithecus_verreauxi	1.78	1.102	121.4130573136	0.405988023952096	0.999999999959642	0.450438261216482	0.807106092370439	0.327675407574397	55.9417082901988	40.7532714892304	15.1884368009684	OU	Cercopithecidae	OWM	Indriidae	STR	order
Chlorocebus_pygerythrus	Allochrocebus_lhoesti	1.571	1.73	11.6758573154	0.0952095808383234	0.0961664056014256	0.349121994929619	0.330067707465961	0.326783640082672	55.9417082901988	40.7532714892304	15.1884368009684	OU	Cercopithecidae	OWM	Cercopithecidae	OWM	family
Sapajus_apella	Ateles_geoffroyi	1.448	1.067	46.547550146	0.22814371257485	0.38338174800996	0.412942207423414	0.548670999059975	0.326504428960042	55.9417082901988	40.7532714892304	15.1884368009684	OU	Cebidae	PLA	Atelidae	PLA	superfamily
Macaca_nigra	Colobus_guereza	1.808	1.467	38.593674154	0.204191616766467	0.317870869957241	0.406541057889181	0.508135885530707	0.326412697135577	55.9417082901988	40.7532714892304	15.1884368009684	OU	Cercopithecidae	OWM	Cercopithecidae	OWM	family
Cercopithecus_petaurista	Hylobates_muelleri	1.517	1.067	62.1515760361	0.269461077844311	0.51190191078921	0.421193079631183	0.617610791278522	0.32510538835382	55.9417082901988	40.7532714892304	15.1884368009684	OU	Cercopithecidae	OWM	Hylobatidae	APE	order
Macaca_nigra	Cercopithecus_petaurista	1.808	1.517	29.8369393137	0.174251497005988	0.245747368303472	0.395619134456314	0.457648816465691	0.324503948598495	55.9417082901988	40.7532714892304	15.1884368009684	OU	Cercopithecidae	OWM	Cercopithecidae	OWM	family
Theropithecus_gelada	Cercopithecus_diana	1.624	1.333	29.8369393147	0.174251497005988	0.245747368311709	0.395619134450256	0.457648816463337	0.32450394858595	55.9417082901988	40.7532714892304	15.1884368009684	OU	Cercopithecidae	OWM	Cercopithecidae	OWM	family
Cheracebus_torquatus	Chlorocebus_pygerythrus	1.058	1.571	78.0653383532	0.307185628742515	0.642973170080159	0.427702144848293	0.677313860619885	0.323592171201484	55.9417082901988	40.7532714892304	15.1884368009684	OU	Pitheciidae	PLA	Cercopithecidae	OWM	order
Callithrix_jacchus	Macaca_silenus	0.947	1.459	78.0653383533	0.306586826347305	0.642973170080983	0.426953088103322	0.676369721388455	0.322511196371973	55.9417082901988	40.7532714892304	15.1884368009684	OU	Callitrichidae	PLA	Cercopithecidae	OWM	order
Sapajus_apella	Cheracebus_torquatus	1.448	1.058	49.0936032023	0.233532934131736	0.40435192298563	0.411717250083523	0.557300818292014	0.321868372304927	55.9417082901988	40.7532714892304	15.1884368009684	OU	Cebidae	PLA	Pitheciidae	PLA	superfamily
Aotus_trivirgatus	Alouatta_caraya	1.105	1.483	46.5475501563	0.226347305389222	0.383381748094794	0.409994579837882	0.545099710681757	0.32182505112568	55.9417082901988	40.7532714892304	15.1884368009684	OU	Aotidae	PLA	Atelidae	PLA	superfamily
Gorilla_beringei	Cheirogaleus_medius	1.67	1	121.41305731	0.401197604790419	0.999999999929991	0.445718093238108	0.801801876452023	0.321680992371536	55.9417082901988	40.7532714892304	15.1884368009684	OU	Hominidae	APE	Cheirogaleidae	STR	order
Gorilla_beringei	Eulemur_fulvus	1.67	1	121.4130573104	0.401197604790419	0.999999999933286	0.445718093237456	0.80180187645202	0.321680992370475	55.9417082901988	40.7532714892304	15.1884368009684	OU	Hominidae	APE	Lemuridae	STR	order
Gorilla_beringei	Lemur_catta	1.67	1	121.413057312	0.401197604790419	0.999999999946464	0.445718093234846	0.801801876452008	0.321680992366231	55.9417082901988	40.7532714892304	15.1884368009684	OU	Hominidae	APE	Lemuridae	STR	order
Papio_cynocephalus	Propithecus_verreauxi	1.772	1.102	121.4130573129	0.401197604790419	0.999999999953876	0.445718093233377	0.801801876452001	0.321680992363843	55.9417082901988	40.7532714892304	15.1884368009684	OU	Cercopithecidae	OWM	Indriidae	STR	order
Leontocebus_fuscicolis	Cercopithecus_pogonias	0.958	1.469	78.0653383519	0.305988023952096	0.642973170069452	0.42620356655261	0.675423783966752	0.321431124356106	55.9417082901988	40.7532714892304	15.1884368009684	OU	Callitrichidae	PLA	Cercopithecidae	OWM	order
Cercopithecus_pogonias	Nomascus_concolor	1.469	1.022	62.1515760356	0.267664670658683	0.511901910785092	0.418659295249127	0.614430032339035	0.321274855170205	55.9417082901988	40.7532714892304	15.1884368009684	OU	Cercopithecidae	OWM	Hylobatidae	APE	order
Macaca_nemestrina	Semnopithecus_vetulus	1.723	1.385	38.5936741545	0.202395209580838	0.31787086996136	0.403287402129303	0.504318264113529	0.321110269629646	55.9417082901988	40.7532714892304	15.1884368009684	OU	Cercopithecidae	OWM	Cercopithecidae	OWM	family
Sapajus_apella	Avahi_laniger	1.448	0.78	121.413057299	0.4	0.999999999839391	0.444534959263079	0.800459308369095	0.320183723399062	55.9417082901988	40.7532714892304	15.1884368009684	OU	Cebidae	PLA	Indriidae	STR	order
Cercopithecus_diana	Presbytis_comata	1.333	0.996	38.5936741537	0.201796407185629	0.31787086995477	0.402201048646655	0.503042217620249	0.319350156851119	55.9417082901988	40.7532714892304	15.1884368009684	OU	Cercopithecidae	OWM	Cercopithecidae	OWM	family
Cercocebus_torquatus	Semnopithecus_vetulus	1.722	1.385	38.593674154	0.201796407185629	0.317870869957241	0.402201048645231	0.503042217619843	0.319350156848378	55.9417082901988	40.7532714892304	15.1884368009684	OU	Cercopithecidae	OWM	Cercopithecidae	OWM	family
Leontocebus_fuscicolis	Colobus_guereza	0.958	1.467	78.0653383523	0.304790419161677	0.642973170072746	0.424703131497562	0.67352651495443	0.319273709019986	55.9417082901988	40.7532714892304	15.1884368009684	OU	Callitrichidae	PLA	Cercopithecidae	OWM	order
Colobus_guereza	Nomascus_concolor	1.467	1.022	62.151576036	0.266467065868263	0.511901910788386	0.416967228552285	0.61230057340259	0.318728908381611	55.9417082901988	40.7532714892304	15.1884368009684	OU	Cercopithecidae	OWM	Hylobatidae	APE	order
Saguinus_oedipus	Rhinopithecus_roxellana	1.035	1.543	78.0653383516	0.304191616766467	0.642973170066981	0.423952219244383	0.67257518359947	0.318196375868706	55.9417082901988	40.7532714892304	15.1884368009684	OU	Callitrichidae	PLA	Cercopithecidae	OWM	order
Cheracebus_torquatus	Cercopithecus_nictitans	1.058	1.566	78.0653383531	0.304191616766467	0.642973170079335	0.423952219240717	0.672575183599286	0.318196375862505	55.9417082901988	40.7532714892304	15.1884368009684	OU	Pitheciidae	PLA	Cercopithecidae	OWM	order
Plecturocebus_moloch	Chlorocebus_pygerythrus	1.063	1.571	78.0653383541	0.304191616766467	0.642973170087571	0.423952219238273	0.672575183599164	0.318196375858371	55.9417082901988	40.7532714892304	15.1884368009684	OU	Pitheciidae	PLA	Cercopithecidae	OWM	order
Macaca_fascicularis	Cercopithecus_neglectus	1.493	1.78	29.8369393152	0.17185628742515	0.245747368315827	0.390641341003391	0.452084534187521	0.316152193939047	55.9417082901988	40.7532714892304	15.1884368009684	OU	Cercopithecidae	OWM	Cercopithecidae	OWM	family
Cercopithecus_neglectus	Hapalemur_griseus	1.78	1.119	121.4130573164	0.395808383233533	0.999999999982704	0.440384304020306	0.795708012763884	0.314947902063488	55.9417082901988	40.7532714892304	15.1884368009684	OU	Cercopithecidae	OWM	Lemuridae	STR	order
Mandrillus_leucophaeus	Hylobates_klossii	1.4	0.958	62.1515760363	0.264670658682635	0.511901910790857	0.414424830803255	0.609092975632517	0.314921737272998	55.9417082901988	40.7532714892304	15.1884368009684	OU	Cercopithecidae	OWM	Hylobatidae	APE	order
Sapajus_apella	Plecturocebus_moloch	1.448	1.063	49.0936032032	0.230538922155689	0.404351922993043	0.406925595129747	0.551430255856613	0.314394787313541	55.9417082901988	40.7532714892304	15.1884368009684	OU	Cebidae	PLA	Pitheciidae	PLA	superfamily
Theropithecus_gelada	Eulemur_macaco	1.624	0.964	121.4130573131	0.395209580838323	0.999999999955524	0.439790127320322	0.795022593044144	0.314200545767948	55.9417082901988	40.7532714892304	15.1884368009684	OU	Cercopithecidae	OWM	Lemuridae	STR	order
Ateles_geoffroyi	Chlorocebus_pygerythrus	1.067	1.571	78.0653383529	0.301796407185629	0.642973170077688	0.420943953298186	0.668751882567616	0.31389632546121	55.9417082901988	40.7532714892304	15.1884368009684	OU	Atelidae	PLA	Cercopithecidae	OWM	order
Leontocebus_fuscicolis	Cebus_olivaceus	0.958	1.306	41.3912937963	0.208383233532934	0.340913034482932	0.40115042904534	0.513475267783825	0.313861970112908	55.9417082901988	40.7532714892304	15.1884368009684	OU	Callitrichidae	PLA	Cebidae	PLA	superfamily
Saguinus_midas	Mandrillus_leucophaeus	0.897	1.4	78.0653383531	0.301197604790419	0.642973170079335	0.420190735723743	0.667791564267927	0.312823658927991	55.9417082901988	40.7532714892304	15.1884368009684	OU	Callitrichidae	PLA	Cercopithecidae	OWM	order
Plecturocebus_moloch	Cercopithecus_nictitans	1.063	1.566	78.065338354	0.301197604790419	0.642973170086748	0.420190735721559	0.667791564267817	0.312823658924333	55.9417082901988	40.7532714892304	15.1884368009684	OU	Pitheciidae	PLA	Cercopithecidae	OWM	order
Gorilla_beringei	Eulemur_mongoz	1.67	1.012	121.413057311	0.394011976047904	0.999999999938228	0.438600857490492	0.79364674070017	0.312706320606569	55.9417082901988	40.7532714892304	15.1884368009684	OU	Hominidae	APE	Lemuridae	STR	order
Cebus_olivaceus	Macaca_nigra	1.306	1.808	78.065338348	0.30059880239521	0.64297317003733	0.419437058989189	0.666829449144605	0.311751941069466	55.9417082901988	40.7532714892304	15.1884368009684	OU	Cebidae	PLA	Cercopithecidae	OWM	order
Macaca_tonkeana	Cheirogaleus_medius	1.656	1	121.413057312	0.392814371257485	0.999999999946464	0.437410367803378	0.792264194320877	0.311212761378634	55.9417082901988	40.7532714892304	15.1884368009684	OU	Cercopithecidae	OWM	Cheirogaleidae	STR	order
Macaca_tonkeana	Eulemur_fulvus	1.656	1	121.4130573124	0.392814371257485	0.999999999949758	0.437410367802734	0.792264194320874	0.311212761377608	55.9417082901988	40.7532714892304	15.1884368009684	OU	Cercopithecidae	OWM	Lemuridae	STR	order
Macaca_tonkeana	Lemur_catta	1.656	1	121.413057314	0.392814371257485	0.999999999962936	0.43741036780016	0.792264194320861	0.311212761373502	55.9417082901988	40.7532714892304	15.1884368009684	OU	Cercopithecidae	OWM	Lemuridae	STR	order
Leontocebus_fuscicolis	Macaca_silenus	0.958	1.459	78.0653383533	0.3	0.642973170080983	0.41868292369025	0.665865537415979	0.310681176944963	55.9417082901988	40.7532714892304	15.1884368009684	OU	Callitrichidae	PLA	Cercopithecidae	OWM	order
Papio_ursinus	Allochrocebus_lhoesti	2.014	1.73	29.8369393129	0.170059880239521	0.245747368296883	0.386896076112809	0.447892886949781	0.309946801232048	55.9417082901988	40.7532714892304	15.1884368009684	OU	Cercopithecidae	OWM	Cercopithecidae	OWM	family
Theropithecus_gelada	Erythrocebus_patas	1.624	1.908	29.836939314	0.170059880239521	0.245747368305943	0.386896076106265	0.447892886947232	0.309946801218858	55.9417082901988	40.7532714892304	15.1884368009684	OU	Cercopithecidae	OWM	Cercopithecidae	OWM	family
Rhinopithecus_roxellana	Hylobates_lar	1.543	1.105	62.1515760361	0.262275449101796	0.51190191078921	0.411026982759962	0.604791191913438	0.309867726860712	55.9417082901988	40.7532714892304	15.1884368009684	OU	Cercopithecidae	OWM	Hylobatidae	APE	order
Papio_cynocephalus	Hapalemur_griseus	1.772	1.119	121.4130573157	0.391017964071856	0.999999999976938	0.435622351435065	0.79017779706234	0.308973713469226	55.9417082901988	40.7532714892304	15.1884368009684	OU	Cercopithecidae	OWM	Lemuridae	STR	order
Macaca_silenus	Nomascus_concolor	1.459	1.022	62.151576037	0.261676646706587	0.511901910796623	0.410176101035426	0.603711291331482	0.308608237169268	55.9417082901988	40.7532714892304	15.1884368009684	OU	Cercopithecidae	OWM	Hylobatidae	APE	order
Ateles_geoffroyi	Cercopithecus_nictitans	1.067	1.566	78.0653383528	0.298802395209581	0.642973170076864	0.417173280044367	0.663932325097909	0.30854253058896	55.9417082901988	40.7532714892304	15.1884368009684	OU	Atelidae	PLA	Cercopithecidae	OWM	order
Sapajus_apella	Ateles_paniscus	1.448	1.079	46.547550146	0.220958083832335	0.38338174800996	0.401111052056778	0.534290897068743	0.307933002648582	55.9417082901988	40.7532714892304	15.1884368009684	OU	Cebidae	PLA	Atelidae	PLA	superfamily
Cebuella_pygmaea	Mandrillus_leucophaeus	0.902	1.4	78.0653383527	0.298203592814371	0.642973170076041	0.416417772958655	0.66296302501725	0.30747465860799	55.9417082901988	40.7532714892304	15.1884368009684	OU	Callitrichidae	PLA	Cercopithecidae	OWM	order
Gorilla_beringei	Eulemur_rubriventer	1.67	1.021	121.413057312	0.388622754491018	0.999999999946464	0.433234083207108	0.787372393413484	0.305990828354915	55.9417082901988	40.7532714892304	15.1884368009684	OU	Hominidae	APE	Lemuridae	STR	order
Papio_cynocephalus	Cercopithecus_cephus	1.772	1.49	29.8369393136	0.168862275449102	0.245747368302649	0.384393600683646	0.445089735518346	0.305837926313438	55.9417082901988	40.7532714892304	15.1884368009684	OU	Cercopithecidae	OWM	Cercopithecidae	OWM	family
Aotus_trivirgatus	Sapajus_apella	1.105	1.448	41.3912938011	0.205389221556886	0.340913034522467	0.395888682987447	0.507191711749242	0.305566817068757	55.9417082901988	40.7532714892304	15.1884368009684	OU	Aotidae	PLA	Cebidae	PLA	superfamily
Alouatta_seniculus	Cercopithecus_neglectus	1.284	1.78	78.065338357	0.297005988023952	0.642973170111457	0.414905391450419	0.661019038389688	0.305341842748337	55.9417082901988	40.7532714892304	15.1884368009684	OU	Atelidae	PLA	Cercopithecidae	OWM	order
Rhinopithecus_roxellana	Colobus_angolensis	1.543	1.279	27.0170263234	0.158083832335329	0.222521588040789	0.378665798755334	0.426516655191358	0.30300604989003	55.9417082901988	40.7532714892304	15.1884368009684	OU	Cercopithecidae	OWM	Cercopithecidae	OWM	family
Macaca_tonkeana	Eulemur_mongoz	1.656	1.012	121.413057313	0.38562874251497	0.9999999999547	0.430241951382959	0.783827675019202	0.30226648067978	55.9417082901988	40.7532714892304	15.1884368009684	OU	Cercopithecidae	OWM	Lemuridae	STR	order
Saimiri_sciureus	Gorilla_beringei	1.177	1.67	78.065338345	0.295209580838323	0.642973170012621	0.412633410558525	0.658089596835384	0.302150016667136	55.9417082901988	40.7532714892304	15.1884368009684	OU	Cebidae	PLA	Hominidae	APE	order
Ateles_paniscus	Chlorocebus_pygerythrus	1.079	1.571	78.0653383529	0.294610778443114	0.642973170077688	0.411875177167775	0.657109527862296	0.301088067955475	55.9417082901988	40.7532714892304	15.1884368009684	OU	Atelidae	PLA	Cercopithecidae	OWM	order
Cercopithecus_cephus	Allochrocebus_lhoesti	1.49	1.73	23.409750393	0.143712574850299	0.192810813845085	0.37048801105497	0.402016956621837	0.299645496108038	55.9417082901988	40.7532714892304	15.1884368009684	OU	Cercopithecidae	OWM	Cercopithecidae	OWM	family
Sapajus_apella	Hylobates_klossii	1.448	0.958	78.0653383513	0.293413173652695	0.64297317006451	0.41035735472039	0.655144009371282	0.298967191694627	55.9417082901988	40.7532714892304	15.1884368009684	OU	Cebidae	PLA	Hylobatidae	APE	order
Alouatta_palliata	Allochrocebus_lhoesti	1.24	1.73	78.0653383553	0.293413173652695	0.642973170097455	0.410357354710857	0.655144009370794	0.298967191679086	55.9417082901988	40.7532714892304	15.1884368009684	OU	Atelidae	PLA	Cercopithecidae	OWM	order
Saimiri_oerstedii	Macaca_nigra	1.319	1.808	78.0653383474	0.292814371257485	0.642973170032388	0.409597766952136	0.654158560612784	0.297908274491274	55.9417082901988	40.7532714892304	15.1884368009684	OU	Cebidae	PLA	Cercopithecidae	OWM	order
Avahi_laniger	Propithecus_verreauxi	0.78	1.102	38.068820955	0.192814371257485	0.313547997190574	0.388230412378632	0.484399708722287	0.297878558024496	55.9417082901988	40.7532714892304	15.1884368009684	OU	Indriidae	STR	Indriidae	STR	family
Saguinus_midas	Semnopithecus_vetulus	0.897	1.385	78.0653383531	0.292215568862275	0.642973170079336	0.408837728996775	0.653171319374333	0.296850378114444	55.9417082901988	40.7532714892304	15.1884368009684	OU	Callitrichidae	PLA	Cercopithecidae	OWM	order
Alouatta_seniculus	Papio_cynocephalus	1.284	1.772	78.0653383563	0.292215568862275	0.642973170105692	0.408837728989171	0.653171319373943	0.296850378102099	55.9417082901988	40.7532714892304	15.1884368009684	OU	Atelidae	PLA	Cercopithecidae	OWM	order
Cercopithecus_petaurista	Colobus_polykomos	1.517	1.193	38.5936741537	0.194011976047904	0.31787086995477	0.38799747934636	0.486295548606524	0.296809708740773	55.9417082901988	40.7532714892304	15.1884368009684	OU	Cercopithecidae	OWM	Cercopithecidae	OWM	family
Allochrocebus_lhoesti	Pan_troglodytes	1.73	1.303	62.1515760313	0.255688622754491	0.511901910749675	0.40163630352354	0.592814601457207	0.296103503058553	55.9417082901988	40.7532714892304	15.1884368009684	OU	Cercopithecidae	OWM	Hominidae	APE	order
Semnopithecus_vetulus	Hylobates_klossii	1.385	0.958	62.1515760363	0.255688622754491	0.511901910790857	0.401636303508824	0.592814601455602	0.296103503033931	55.9417082901988	40.7532714892304	15.1884368009684	OU	Cercopithecidae	OWM	Hylobatidae	APE	order
Ateles_paniscus	Cercopithecus_nictitans	1.079	1.566	78.0653383528	0.291616766467066	0.642973170076864	0.408077241546035	0.652182286073013	0.295793507820824	55.9417082901988	40.7532714892304	15.1884368009684	OU	Atelidae	PLA	Cercopithecidae	OWM	order
Alouatta_caraya	Presbytis_comata	1.483	0.996	78.0653383552	0.291616766467066	0.642973170096632	0.408077241540341	0.65218228607272	0.295793507811597	55.9417082901988	40.7532714892304	15.1884368009684	OU	Atelidae	PLA	Cercopithecidae	OWM	order
Macaca_tonkeana	Eulemur_rubriventer	1.656	1.021	121.413057314	0.380239520958084	0.999999999962936	0.42483720295362	0.777340352358319	0.29557552321307	55.9417082901988	40.7532714892304	15.1884368009684	OU	Cercopithecidae	OWM	Lemuridae	STR	order
Cercopithecus_mitis	Rhinopithecus_roxellana	1.866	1.543	38.5936741532	0.193413173652695	0.317870869950652	0.386898736956228	0.484995286372945	0.295102465848952	55.9417082901988	40.7532714892304	15.1884368009684	OU	Cercopithecidae	OWM	Cercopithecidae	OWM	family
Cercopithecus_diana	Chlorocebus_pygerythrus	1.333	1.571	23.4097503946	0.14251497005988	0.192810813858264	0.367630003182669	0.398962432388023	0.294890716806957	55.9417082901988	40.7532714892304	15.1884368009684	OU	Cercopithecidae	OWM	Cercopithecidae	OWM	family
Macaca_fascicularis	Hylobates_muelleri	1.493	1.067	62.151576037	0.255089820359282	0.511901910796622	0.400779246193856	0.591715190873114	0.294862196370369	55.9417082901988	40.7532714892304	15.1884368009684	OU	Cercopithecidae	OWM	Hylobatidae	APE	order
Macaca_tonkeana	Papio_anubis	1.656	1.887	22.4016461419	0.138323353293413	0.184507718005439	0.36496777678153	0.391796520231377	0.293725428252802	55.9417082901988	40.7532714892304	15.1884368009684	OU	Cercopithecidae	OWM	Cercopithecidae	OWM	family
Cheracebus_torquatus	Rhinopithecus_roxellana	1.058	1.543	78.0653383527	0.290419161676647	0.642973170076041	0.406554920740235	0.650198845010651	0.293682866220974	55.9417082901988	40.7532714892304	15.1884368009684	OU	Pitheciidae	PLA	Cercopithecidae	OWM	order
Papio_hamadryas	Cercopithecus_nictitans	1.842	1.566	29.8369393137	0.165269461077844	0.245747368303472	0.37685940113275	0.436638777718807	0.293647317476711	55.9417082901988	40.7532714892304	15.1884368009684	OU	Cercopithecidae	OWM	Cercopithecidae	OWM	family
Cercopithecus_neglectus	Pan_paniscus	1.78	1.355	62.1515760326	0.254491017964072	0.511901910760383	0.399921633089597	0.590614014167758	0.293622583799568	55.9417082901988	40.7532714892304	15.1884368009684	OU	Cercopithecidae	OWM	Hominidae	APE	order
Macaca_fuscata	Trachypithecus_francoisi	1.37	1.048	38.5936741548	0.192814371257485	0.31787086996383	0.385799124458959	0.48369331663311	0.293399086046082	55.9417082901988	40.7532714892304	15.1884368009684	OU	Cercopithecidae	OWM	Cercopithecidae	OWM	family
Theropithecus_gelada	Pygathrix_nemaeus	1.624	1.303	38.5936741528	0.192215568862276	0.317870869947358	0.384698643888683	0.482389642449053	0.291699580876883	55.9417082901988	40.7532714892304	15.1884368009684	OU	Cercopithecidae	OWM	Cercopithecidae	OWM	family
Cercopithecus_pogonias	Trachypithecus_cristatus	1.469	1.148	38.5936741537	0.192215568862276	0.31787086995477	0.384698643884563	0.482389642447866	0.291699580869363	55.9417082901988	40.7532714892304	15.1884368009684	OU	Cercopithecidae	OWM	Cercopithecidae	OWM	family
Cebuella_pygmaea	Semnopithecus_vetulus	0.902	1.385	78.0653383527	0.289221556886228	0.642973170076041	0.405030809787818	0.648208241028507	0.291576391336167	55.9417082901988	40.7532714892304	15.1884368009684	OU	Callitrichidae	PLA	Cercopithecidae	OWM	order
Alouatta_palliata	Macaca_nemestrina	1.24	1.723	78.0653383565	0.289221556886228	0.642973170107339	0.405030809778855	0.648208241028044	0.291576391321766	55.9417082901988	40.7532714892304	15.1884368009684	OU	Atelidae	PLA	Cercopithecidae	OWM	order
Cercopithecus_cephus	Hylobates_muelleri	1.49	1.067	62.1515760361	0.253293413173653	0.51190191078921	0.398204743216651	0.588406367669682	0.291148468210224	55.9417082901988	40.7532714892304	15.1884368009684	OU	Cercopithecidae	OWM	Hylobatidae	APE	order
Saguinus_oedipus	Cercopithecus_petaurista	1.035	1.517	78.0653383519	0.288622754491018	0.642973170069452	0.404268084660797	0.647210254130585	0.290524729456167	55.9417082901988	40.7532714892304	15.1884368009684	OU	Callitrichidae	PLA	Cercopithecidae	OWM	order
Alouatta_palliata	Cercocebus_torquatus	1.24	1.722	78.065338356	0.288622754491018	0.642973170103221	0.40426808465114	0.647210254130086	0.290524729440684	55.9417082901988	40.7532714892304	15.1884368009684	OU	Atelidae	PLA	Cercopithecidae	OWM	order
Allochrocebus_lhoesti	Propithecus_verreauxi	1.73	1.102	121.4130573123	0.376047904191617	0.999999999948935	0.420616824909444	0.772199169581484	0.290383879354452	55.9417082901988	40.7532714892304	15.1884368009684	OU	Cercopithecidae	OWM	Indriidae	STR	order
Gorilla_beringei	Eulemur_coronatus	1.67	1.043	121.4130573111	0.375449101796407	0.999999999939051	0.420012729298994	0.771457865034228	0.289643162518528	55.9417082901988	40.7532714892304	15.1884368009684	OU	Hominidae	APE	Lemuridae	STR	order
Macaca_fascicularis	Cercocebus_torquatus	1.493	1.722	22.4016461426	0.137125748502994	0.184507718011204	0.362035286868492	0.388687691549324	0.288871875995806	55.9417082901988	40.7532714892304	15.1884368009684	OU	Cercopithecidae	OWM	Cercopithecidae	OWM	family
Papio_cynocephalus	Pongo_pygmaeus	1.772	2.193	62.1515760359	0.252095808383234	0.511901910787563	0.39648564151381	0.586191672699327	0.288681211150984	55.9417082901988	40.7532714892304	15.1884368009684	OU	Cercopithecidae	OWM	Hominidae	APE	order
Sapajus_apella	Allenopithecus_nigroviridis	1.448	1.928	78.065338345	0.287425149700599	0.642973170012621	0.402741298431036	0.6452089130215	0.288424582956899	55.9417082901988	40.7532714892304	15.1884368009684	OU	Cebidae	PLA	Cercopithecidae	OWM	order
Plecturocebus_moloch	Rhinopithecus_roxellana	1.063	1.543	78.0653383536	0.287425149700599	0.642973170083454	0.40274129841084	0.645208913020452	0.288424582924656	55.9417082901988	40.7532714892304	15.1884368009684	OU	Pitheciidae	PLA	Cercopithecidae	OWM	order
Macaca_nemestrina	Pan_troglodytes	1.723	1.303	62.1515760325	0.251497005988024	0.511901910759559	0.395625263614206	0.585081685459723	0.287450171719836	55.9417082901988	40.7532714892304	15.1884368009684	OU	Cercopithecidae	OWM	Hominidae	APE	order
Macaca_mulatta	Gorilla_beringei	1.25	1.67	62.1515760327	0.251497005988024	0.511901910761206	0.395625263613624	0.585081685459659	0.287450171718879	55.9417082901988	40.7532714892304	15.1884368009684	OU	Cercopithecidae	OWM	Hominidae	APE	order
Theropithecus_gelada	Cheirogaleus_medius	1.624	1	121.413057312	0.373652694610778	0.999999999946464	0.418198672930266	0.769223649180667	0.28742248929008	55.9417082901988	40.7532714892304	15.1884368009684	OU	Cercopithecidae	OWM	Cheirogaleidae	STR	order
Theropithecus_gelada	Eulemur_fulvus	1.624	1	121.4130573124	0.373652694610778	0.999999999949758	0.418198672929644	0.769223649180664	0.287422489289132	55.9417082901988	40.7532714892304	15.1884368009684	OU	Cercopithecidae	OWM	Lemuridae	STR	order
Theropithecus_gelada	Lemur_catta	1.624	1	121.413057314	0.373652694610778	0.999999999962936	0.418198672927156	0.769223649180651	0.287422489285339	55.9417082901988	40.7532714892304	15.1884368009684	OU	Cercopithecidae	OWM	Lemuridae	STR	order
Saimiri_sciureus	Macaca_tonkeana	1.177	1.656	78.065338347	0.286826347305389	0.642973170029094	0.401977238640567	0.644205559851985	0.287376108769527	55.9417082901988	40.7532714892304	15.1884368009684	OU	Cebidae	PLA	Cercopithecidae	OWM	order
Cercocebus_torquatus	Pan_troglodytes	1.722	1.303	62.151576032	0.250898203592814	0.511901910755441	0.394764335609544	0.58396994023822	0.286220867473907	55.9417082901988	40.7532714892304	15.1884368009684	OU	Cercopithecidae	OWM	Hominidae	APE	order
Macaca_tonkeana	Allenopithecus_nigroviridis	1.656	1.928	29.83693931	0.162874251497006	0.245747368272998	0.371814530643106	0.43097054579508	0.285634819029485	55.9417082901988	40.7532714892304	15.1884368009684	OU	Cercopithecidae	OWM	Cercopithecidae	OWM	family
Macaca_nemestrina	Propithecus_verreauxi	1.723	1.102	121.4130573135	0.37185628742515	0.999999999958818	0.416381969148783	0.766973954562251	0.285204087307049	55.9417082901988	40.7532714892304	15.1884368009684	OU	Cercopithecidae	OWM	Indriidae	STR	order
Mandrillus_leucophaeus	Avahi_laniger	1.4	0.78	121.41305731	0.37125748502994	0.999999999929991	0.415775814449555	0.766220611068274	0.284465137063226	55.9417082901988	40.7532714892304	15.1884368009684	OU	Cercopithecidae	OWM	Indriidae	STR	order
Cercocebus_torquatus	Propithecus_verreauxi	1.722	1.102	121.413057313	0.37125748502994	0.9999999999547	0.415775814444911	0.766220611068249	0.284465137056188	55.9417082901988	40.7532714892304	15.1884368009684	OU	Cercopithecidae	OWM	Indriidae	STR	order
Ateles_geoffroyi	Rhinopithecus_roxellana	1.067	1.543	78.0653383524	0.28502994011976	0.64297317007357	0.399682400638119	0.641184776441285	0.284237145406627	55.9417082901988	40.7532714892304	15.1884368009684	OU	Atelidae	PLA	Cercopithecidae	OWM	order
Papio_cynocephalus	Pan_paniscus	1.772	1.355	62.1515760319	0.249700598802395	0.511901910754617	0.393040833147259	0.581741181512867	0.283767492013538	55.9417082901988	40.7532714892304	15.1884368009684	OU	Cercopithecidae	OWM	Hominidae	APE	order
Papio_hamadryas	Chlorocebus_pygerythrus	1.842	1.571	29.8369393138	0.162275449101796	0.245747368304296	0.370550581958582	0.429549243267823	0.283646155983695	55.9417082901988	40.7532714892304	15.1884368009684	OU	Cercopithecidae	OWM	Cercopithecidae	OWM	family
Macaca_silenus	Allochrocebus_lhoesti	1.459	1.73	29.8369393143	0.162275449101796	0.245747368308414	0.370550581955711	0.429549243266699	0.283646155978199	55.9417082901988	40.7532714892304	15.1884368009684	OU	Cercopithecidae	OWM	Cercopithecidae	OWM	family
Papio_cynocephalus	Pongo_abelii	1.772	2.188	62.1515760359	0.249101796407186	0.511901910787563	0.392178260604689	0.580624170877002	0.28254343450364	55.9417082901988	40.7532714892304	15.1884368009684	OU	Cercopithecidae	OWM	Hominidae	APE	order
Cebus_olivaceus	Cercopithecus_neglectus	1.306	1.78	78.0653383486	0.283832335329341	0.642973170042272	0.398150299838026	0.639161989997983	0.282149938329386	55.9417082901988	40.7532714892304	15.1884368009684	OU	Cebidae	PLA	Cercopithecidae	OWM	order
Cercopithecus_diana	Piliocolobus_badius	1.333	1.018	38.5936741547	0.188622754491018	0.317870869963007	0.378077643704154	0.474531977198246	0.28158455867195	55.9417082901988	40.7532714892304	15.1884368009684	OU	Cercopithecidae	OWM	Cercopithecidae	OWM	family
Saguinus_midas	Macaca_fuscata	0.897	1.37	78.0653383537	0.283233532934132	0.642973170084277	0.39738358879804	0.638147919323955	0.281107981070187	55.9417082901988	40.7532714892304	15.1884368009684	OU	Callitrichidae	PLA	Cercopithecidae	OWM	order
Trachypithecus_obscurus	Semnopithecus_vetulus	1.262	1.385	9.0158535413	0.0736526946107784	0.0742576930391344	0.309657387180409	0.28244885012477	0.280147659454513	55.9417082901988	40.7532714892304	15.1884368009684	OU	Cercopithecidae	OWM	Cercopithecidae	OWM	family
Cacajao_calvus	Gorilla_beringei	1.198	1.67	78.065338351	0.282634730538922	0.642973170062039	0.396616438262063	0.637132064516482	0.280067128391917	55.9417082901988	40.7532714892304	15.1884368009684	OU	Pitheciidae	PLA	Hominidae	APE	order
Macaca_tonkeana	Eulemur_coronatus	1.656	1.043	121.4130573131	0.367065868263473	0.999999999955524	0.41152455061861	0.76089885381177	0.279299998447521	55.9417082901988	40.7532714892304	15.1884368009684	OU	Cercopithecidae	OWM	Lemuridae	STR	order
Cercopithecus_neglectus	Pongo_pygmaeus	1.78	2.193	62.1515760366	0.247305389221557	0.511901910793328	0.389587269411231	0.577262631425564	0.278881865329462	55.9417082901988	40.7532714892304	15.1884368009684	OU	Cercopithecidae	OWM	Hominidae	APE	order
Theropithecus_gelada	Eulemur_mongoz	1.624	1.012	121.413057313	0.366467065868263	0.9999999999547	0.410916062512352	0.76013168171538	0.278563227084363	55.9417082901988	40.7532714892304	15.1884368009684	OU	Cercopithecidae	OWM	Lemuridae	STR	order
Cercopithecus_neglectus	Colobus_guereza	1.78	1.467	38.5936741546	0.187425149700599	0.317870869962183	0.37586379090087	0.471899261216595	0.278244400588341	55.9417082901988	40.7532714892304	15.1884368009684	OU	Cercopithecidae	OWM	Cercopithecidae	OWM	family
Allochrocebus_lhoesti	Hapalemur_griseus	1.73	1.119	121.4130573151	0.365868263473054	0.999999999971996	0.410307284230759	0.759362776051467	0.277826740227808	55.9417082901988	40.7532714892304	15.1884368009684	OU	Cercopithecidae	OWM	Lemuridae	STR	order
Cercopithecus_petaurista	Hylobates_lar	1.517	1.105	62.1515760364	0.246706586826347	0.511901910791681	0.388722517717457	0.576138620722129	0.277664899584715	55.9417082901988	40.7532714892304	15.1884368009684	OU	Cercopithecidae	OWM	Hylobatidae	APE	order
Macaca_fuscata	Hylobates_klossii	1.37	0.958	62.1515760369	0.246706586826347	0.511901910795799	0.388722517716024	0.57613862072197	0.277664899582405	55.9417082901988	40.7532714892304	15.1884368009684	OU	Cercopithecidae	OWM	Hylobatidae	APE	order
Pan_troglodytes	Hylobates_klossii	1.303	0.958	45.7765141043	0.206586826347305	0.377031228068127	0.38004352514812	0.505414918467039	0.276932137769291	55.9417082901988	40.7532714892304	15.1884368009684	OU	Hominidae	APE	Hylobatidae	APE	superfamily
Cebuella_pygmaea	Macaca_fuscata	0.902	1.37	78.0653383533	0.280239520958084	0.642973170080983	0.393543454529394	0.633050817015883	0.275914868547797	55.9417082901988	40.7532714892304	15.1884368009684	OU	Callitrichidae	PLA	Cercopithecidae	OWM	order
Macaca_mulatta	Cercopithecus_petaurista	1.25	1.517	29.8369393144	0.159880239520958	0.245747368309238	0.365483955278691	0.423847181563026	0.275749805073425	55.9417082901988	40.7532714892304	15.1884368009684	OU	Cercopithecidae	OWM	Cercopithecidae	OWM	family
Macaca_silenus	Trachypithecus_cristatus	1.459	1.148	38.5936741551	0.18622754491018	0.317870869966301	0.373646539075838	0.469259840625432	0.274920152494253	55.9417082901988	40.7532714892304	15.1884368009684	OU	Cercopithecidae	OWM	Cercopithecidae	OWM	family
Chlorocebus_pygerythrus	Eulemur_macaco	1.571	0.964	121.413057313	0.363473053892216	0.9999999999547	0.407869276132038	0.756269796375038	0.274883692467331	55.9417082901988	40.7532714892304	15.1884368009684	OU	Cercopithecidae	OWM	Lemuridae	STR	order
Cebus_olivaceus	Papio_cynocephalus	1.306	1.772	78.0653383479	0.279041916167665	0.642973170036507	0.392004343291689	0.630999505861072	0.273845503081141	55.9417082901988	40.7532714892304	15.1884368009684	OU	Cebidae	PLA	Cercopithecidae	OWM	order
Aotus_trivirgatus	Chlorocebus_pygerythrus	1.105	1.571	78.065338356	0.279041916167665	0.642973170103221	0.392004343273074	0.63099950586009	0.273845503052301	55.9417082901988	40.7532714892304	15.1884368009684	OU	Aotidae	PLA	Cercopithecidae	OWM	order
Semnopithecus_vetulus	Avahi_laniger	1.385	0.78	121.41305731	0.362275449101796	0.999999999929991	0.406648539821511	0.754712877674386	0.273413946721539	55.9417082901988	40.7532714892304	15.1884368009684	OU	Cercopithecidae	OWM	Indriidae	STR	order
Theropithecus_gelada	Semnopithecus_entellus	1.624	1.314	38.5936741537	0.18562874251497	0.31787086995477	0.372536643706911	0.467937624195787	0.273264023115004	55.9417082901988	40.7532714892304	15.1884368009684	OU	Cercopithecidae	OWM	Cercopithecidae	OWM	family
Trachypithecus_pileatus	Colobus_guereza	1.217	1.467	27.0170263241	0.149700598802395	0.222521588046555	0.360047674460855	0.406019407169554	0.273148097280159	55.9417082901988	40.7532714892304	15.1884368009684	OU	Cercopithecidae	OWM	Cercopithecidae	OWM	family
Trachypithecus_obscurus	Gorilla_beringei	1.262	1.67	62.1515760313	0.244311377245509	0.511901910749675	0.385258097156146	0.571625130777376	0.272815006226178	55.9417082901988	40.7532714892304	15.1884368009684	OU	Cercopithecidae	OWM	Hominidae	APE	order
Cercopithecus_neglectus	Pongo_abelii	1.78	2.188	62.1515760366	0.244311377245509	0.511901910793328	0.38525809714106	0.571625130775702	0.272815006202114	55.9417082901988	40.7532714892304	15.1884368009684	OU	Cercopithecidae	OWM	Hominidae	APE	order
Alouatta_caraya	Piliocolobus_badius	1.483	1.018	78.0653383562	0.278443113772455	0.642973170104868	0.391234135198222	0.629971180921219	0.272812529913193	55.9417082901988	40.7532714892304	15.1884368009684	OU	Atelidae	PLA	Cercopithecidae	OWM	order
Macaca_nemestrina	Hapalemur_griseus	1.723	1.119	121.4130573163	0.361676646706587	0.99999999998188	0.406037739774861	0.753931807519375	0.272679527993984	55.9417082901988	40.7532714892304	15.1884368009684	OU	Cercopithecidae	OWM	Lemuridae	STR	order
Theropithecus_gelada	Eulemur_rubriventer	1.624	1.021	121.413057314	0.361077844311377	0.999999999962936	0.405426652275231	0.753148995488937	0.271945415746504	55.9417082901988	40.7532714892304	15.1884368009684	OU	Cercopithecidae	OWM	Lemuridae	STR	order
Cercocebus_torquatus	Hapalemur_griseus	1.722	1.119	121.4130573158	0.361077844311377	0.999999999977762	0.405426652272499	0.753148995488922	0.271945415742467	55.9417082901988	40.7532714892304	15.1884368009684	OU	Cercopithecidae	OWM	Lemuridae	STR	order
Ateles_paniscus	Rhinopithecus_roxellana	1.079	1.543	78.0653383524	0.277844311377245	0.64297317007357	0.390463493083397	0.628941077396034	0.271780703580476	55.9417082901988	40.7532714892304	15.1884368009684	OU	Atelidae	PLA	Cercopithecidae	OWM	order
Chlorocebus_pygerythrus	Trachypithecus_obscurus	1.571	1.262	38.5936741532	0.18502994011976	0.317870869950652	0.371425904792693	0.466613741358679	0.27161190528738	55.9417082901988	40.7532714892304	15.1884368009684	OU	Cercopithecidae	OWM	Cercopithecidae	OWM	family
Nasalis_larvatus	Gorilla_beringei	2.077	1.67	62.151576031	0.243712574850299	0.511901910747204	0.384390643467757	0.570492404301276	0.271607059606119	55.9417082901988	40.7532714892304	15.1884368009684	OU	Cercopithecidae	OWM	Hominidae	APE	order
Cercopithecus_nictitans	Eulemur_macaco	1.566	0.964	121.4130573129	0.360479041916168	0.999999999953877	0.404815277648698	0.752364440591957	0.271211612728891	55.9417082901988	40.7532714892304	15.1884368009684	OU	Cercopithecidae	OWM	Lemuridae	STR	order
Saguinus_midas	Alouatta_palliata	0.897	1.24	46.5475501531	0.205389221556886	0.383381748068438	0.37511347232341	0.502278266204471	0.269085689708585	55.9417082901988	40.7532714892304	15.1884368009684	OU	Callitrichidae	PLA	Atelidae	PLA	superfamily
Saimiri_oerstedii	Cercopithecus_neglectus	1.319	1.78	78.065338348	0.276047904191617	0.64297317003733	0.388148969331363	0.625840102957536	0.268692158290934	55.9417082901988	40.7532714892304	15.1884368009684	OU	Cebidae	PLA	Cercopithecidae	OWM	order
Aotus_trivirgatus	Cercopithecus_nictitans	1.105	1.566	78.0653383559	0.276047904191617	0.642973170102397	0.388148969313352	0.625840102956581	0.268692158263332	55.9417082901988	40.7532714892304	15.1884368009684	OU	Aotidae	PLA	Cercopithecidae	OWM	order
Alouatta_caraya	Nomascus_concolor	1.483	1.022	78.0653383582	0.276047904191617	0.642973170121341	0.388148969308108	0.625840102956303	0.268692158255296	55.9417082901988	40.7532714892304	15.1884368009684	OU	Atelidae	PLA	Hylobatidae	APE	order
Sapajus_apella	Erythrocebus_patas	1.448	1.908	78.065338349	0.275449101796407	0.642973170045566	0.387376597919552	0.624802892816014	0.267664972107267	55.9417082901988	40.7532714892304	15.1884368009684	OU	Cebidae	PLA	Cercopithecidae	OWM	order
Cercopithecus_ascanius	Gorilla_beringei	1.267	1.67	62.1515760317	0.241317365269461	0.51190191075297	0.380915464122814	0.565944130365259	0.266793585959805	55.9417082901988	40.7532714892304	15.1884368009684	OU	Cercopithecidae	OWM	Hominidae	APE	order
Cheracebus_torquatus	Cercopithecus_petaurista	1.058	1.517	78.065338353	0.274850299401197	0.642973170078512	0.386603795914258	0.623763908025845	0.266638959220694	55.9417082901988	40.7532714892304	15.1884368009684	OU	Pitheciidae	PLA	Cercopithecidae	OWM	order
Saguinus_midas	Pan_paniscus	0.897	1.355	78.0653383511	0.274251497005988	0.642973170062863	0.385830564032503	0.622723149419543	0.265614124974913	55.9417082901988	40.7532714892304	15.1884368009684	OU	Callitrichidae	PLA	Hominidae	APE	order
Saguinus_oedipus	Macaca_fascicularis	1.035	1.493	78.0653383528	0.274251497005988	0.642973170076864	0.385830564028646	0.622723149419338	0.265614124969042	55.9417082901988	40.7532714892304	15.1884368009684	OU	Callitrichidae	PLA	Cercopithecidae	OWM	order
Cacajao_calvus	Macaca_tonkeana	1.198	1.656	78.065338353	0.274251497005988	0.642973170078512	0.385830564028192	0.622723149419314	0.265614124968351	55.9417082901988	40.7532714892304	15.1884368009684	OU	Pitheciidae	PLA	Cercopithecidae	OWM	order
Cercopithecus_pogonias	Hylobates_muelleri	1.469	1.067	62.151576036	0.240718562874252	0.511901910788386	0.380045333089049	0.564802728054674	0.265594830063022	55.9417082901988	40.7532714892304	15.1884368009684	OU	Cercopithecidae	OWM	Hylobatidae	APE	order
Papio_cynocephalus	Nasalis_larvatus	1.772	2.077	38.5936741529	0.182634730538922	0.317870869948181	0.366974555463011	0.461301611919028	0.265043775806623	55.9417082901988	40.7532714892304	15.1884368009684	OU	Cercopithecidae	OWM	Cercopithecidae	OWM	family
Papio_cynocephalus	Colobus_guereza	1.772	1.467	38.5936741539	0.182634730538922	0.317870869956418	0.366974555458608	0.461301611917749	0.265043775799021	55.9417082901988	40.7532714892304	15.1884368009684	OU	Cercopithecidae	OWM	Cercopithecidae	OWM	family
Cercopithecus_nictitans	Trachypithecus_obscurus	1.566	1.262	38.5936741531	0.182035928143713	0.317870869949829	0.365859630199708	0.459969446684242	0.263411885329825	55.9417082901988	40.7532714892304	15.1884368009684	OU	Cercopithecidae	OWM	Cercopithecidae	OWM	family
Colobus_guereza	Hylobates_muelleri	1.467	1.067	62.1515760364	0.239520958083832	0.511901910791681	0.378303474597684	0.562514734519293	0.263202901391716	55.9417082901988	40.7532714892304	15.1884368009684	OU	Cercopithecidae	OWM	Hylobatidae	APE	order
Saguinus_oedipus	Cercopithecus_cephus	1.035	1.49	78.0653383519	0.272455089820359	0.642973170069452	0.383508296022583	0.619590239232462	0.262546747111803	55.9417082901988	40.7532714892304	15.1884368009684	OU	Callitrichidae	PLA	Cercopithecidae	OWM	order
Macaca_fuscata	Avahi_laniger	1.37	0.78	121.4130573106	0.353293413173653	0.999999999934933	0.397456511302556	0.742813492161405	0.262431114014219	55.9417082901988	40.7532714892304	15.1884368009684	OU	Cercopithecidae	OWM	Indriidae	STR	order
Cebuella_pygmaea	Alouatta_palliata	0.902	1.24	46.5475501527	0.202395209580838	0.383381748065144	0.370058592854329	0.495990404937499	0.261843664869389	55.9417082901988	40.7532714892304	15.1884368009684	OU	Callitrichidae	PLA	Atelidae	PLA	superfamily
Plecturocebus_moloch	Cercopithecus_petaurista	1.063	1.517	78.0653383539	0.27185628742515	0.642973170085924	0.382733351568999	0.618542393965205	0.261526680523813	55.9417082901988	40.7532714892304	15.1884368009684	OU	Pitheciidae	PLA	Cercopithecidae	OWM	order
Cercopithecus_cephus	Cercopithecus_diana	1.49	1.333	13.592825867	0.0940119760479042	0.111955222668862	0.321231568232406	0.311021849216364	0.26117386881886	55.9417082901988	40.7532714892304	15.1884368009684	OU	Cercopithecidae	OWM	Cercopithecidae	OWM	family
Trachypithecus_obscurus	Piliocolobus_badius	1.262	1.018	27.0170263233	0.146107784431138	0.222521588039966	0.351997629171054	0.397133455330006	0.26075802259387	55.9417082901988	40.7532714892304	15.1884368009684	OU	Cercopithecidae	OWM	Cercopithecidae	OWM	family
Saimiri_oerstedii	Papio_cynocephalus	1.319	1.772	78.0653383473	0.27125748502994	0.642973170031565	0.381957980750283	0.617492779258853	0.260507819195133	55.9417082901988	40.7532714892304	15.1884368009684	OU	Cebidae	PLA	Cercopithecidae	OWM	order
Cebuella_pygmaea	Pan_paniscus	0.902	1.355	78.0653383507	0.27125748502994	0.642973170059568	0.381957980742632	0.617492779258443	0.260507819183614	55.9417082901988	40.7532714892304	15.1884368009684	OU	Callitrichidae	PLA	Hominidae	APE	order
Callithrix_jacchus	Mandrillus_leucophaeus	0.947	1.4	78.0653383523	0.27125748502994	0.642973170072746	0.381957980739032	0.617492779258251	0.260507819178194	55.9417082901988	40.7532714892304	15.1884368009684	OU	Callitrichidae	PLA	Cercopithecidae	OWM	order
Callithrix_jacchus	Alouatta_seniculus	0.947	1.284	46.5475501527	0.201796407185629	0.383381748065144	0.369045524032954	0.494727821698533	0.260404407506047	55.9417082901988	40.7532714892304	15.1884368009684	OU	Callitrichidae	PLA	Atelidae	PLA	superfamily
Sapajus_apella	Presbytis_comata	1.448	0.996	78.065338348	0.27065868263473	0.64297317003733	0.381182184235965	0.616441396030846	0.259490168402418	55.9417082901988	40.7532714892304	15.1884368009684	OU	Cebidae	PLA	Cercopithecidae	OWM	order
Pan_paniscus	Nomascus_concolor	1.355	1.022	45.776514104	0.19940119760479	0.377031228065657	0.367821551561696	0.490281910277009	0.259296293770593	55.9417082901988	40.7532714892304	15.1884368009684	OU	Hominidae	APE	Hylobatidae	APE	superfamily
Theropithecus_gelada	Papio_cynocephalus	1.624	1.772	12.5784127639	0.0886227544910179	0.103600164938631	0.315140422227708	0.30119928801931	0.257655097082295	55.9417082901988	40.7532714892304	15.1884368009684	OU	Cercopithecidae	OWM	Cercopithecidae	OWM	family
Ateles_geoffroyi	Cercopithecus_petaurista	1.067	1.517	78.0653383527	0.269461077844311	0.642973170076041	0.379629316990968	0.614333327763069	0.257458519824617	55.9417082901988	40.7532714892304	15.1884368009684	OU	Atelidae	PLA	Cercopithecidae	OWM	order
Cercopithecus_petaurista	Trachypithecus_pileatus	1.517	1.217	38.5936741538	0.179640718562874	0.317870869955594	0.361391640773049	0.454624355452579	0.256925228477506	55.9417082901988	40.7532714892304	15.1884368009684	OU	Cercopithecidae	OWM	Cercopithecidae	OWM	family
Macaca_fascicularis	Colobus_polykomos	1.493	1.193	38.5936741546	0.179640718562874	0.317870869962183	0.361391640769571	0.454624355451566	0.256925228471609	55.9417082901988	40.7532714892304	15.1884368009684	OU	Cercopithecidae	OWM	Cercopithecidae	OWM	family
Theropithecus_gelada	Eulemur_coronatus	1.624	1.043	121.4130573131	0.347904191616767	0.999999999955524	0.391910694874882	0.735484545234974	0.255878156167979	55.9417082901988	40.7532714892304	15.1884368009684	OU	Cercopithecidae	OWM	Lemuridae	STR	order
Papio_hamadryas	Rhinopithecus_roxellana	1.842	1.543	38.5936741533	0.179041916167665	0.317870869951476	0.360272581953816	0.453283992159228	0.25531384658401	55.9417082901988	40.7532714892304	15.1884368009684	OU	Cercopithecidae	OWM	Cercopithecidae	OWM	family
Rhinopithecus_roxellana	Eulemur_macaco	1.543	0.964	121.4130573125	0.346706586826347	0.999999999950582	0.390675207984991	0.733836529096407	0.254425958304082	55.9417082901988	40.7532714892304	15.1884368009684	OU	Cercopithecidae	OWM	Lemuridae	STR	order
Saimiri_sciureus	Theropithecus_gelada	1.177	1.624	78.065338347	0.267664670658683	0.642973170029094	0.377296841273485	0.611157985287296	0.254420259627546	55.9417082901988	40.7532714892304	15.1884368009684	OU	Cebidae	PLA	Cercopithecidae	OWM	order
Macaca_silenus	Hylobates_muelleri	1.459	1.067	62.1515760374	0.234730538922156	0.511901910799917	0.37131490206647	0.553293827985709	0.253710634176849	55.9417082901988	40.7532714892304	15.1884368009684	OU	Cercopithecidae	OWM	Hylobatidae	APE	order
Alouatta_seniculus	Allochrocebus_lhoesti	1.284	1.73	78.0653383557	0.267065868263473	0.64297317010075	0.376518505558057	0.610096011064604	0.253409984266558	55.9417082901988	40.7532714892304	15.1884368009684	OU	Atelidae	PLA	Cercopithecidae	OWM	order
Papio_cynocephalus	Cercopithecus_petaurista	1.772	1.517	29.8369393136	0.152694610778443	0.245747368302649	0.350181785176195	0.40658157131782	0.252628604777589	55.9417082901988	40.7532714892304	15.1884368009684	OU	Cercopithecidae	OWM	Cercopithecidae	OWM	family
Colobus_angolensis	Gorilla_beringei	1.279	1.67	62.151576032	0.234131736526946	0.511901910755441	0.370438969117832	0.552133489030134	0.252532701803229	55.9417082901988	40.7532714892304	15.1884368009684	OU	Cercopithecidae	OWM	Hominidae	APE	order
Alouatta_caraya	Allenopithecus_nigroviridis	1.483	1.928	78.0653383522	0.266467065868263	0.642973170071923	0.375739749167675	0.609032275170615	0.252400956894723	55.9417082901988	40.7532714892304	15.1884368009684	OU	Atelidae	PLA	Cercopithecidae	OWM	order
Cercopithecus_neglectus	Nasalis_larvatus	1.78	2.077	38.5936741536	0.177844311377245	0.317870869953947	0.358032005508857	0.450598381153906	0.252103499813079	55.9417082901988	40.7532714892304	15.1884368009684	OU	Cercopithecidae	OWM	Cercopithecidae	OWM	family
Cercopithecus_cephus	Colobus_polykomos	1.49	1.193	38.5936741537	0.177844311377245	0.31787086995477	0.358032005508425	0.45059838115378	0.252103499812355	55.9417082901988	40.7532714892304	15.1884368009684	OU	Cercopithecidae	OWM	Cercopithecidae	OWM	family
Pan_paniscus	Avahi_laniger	1.355	0.78	121.413057308	0.344311377245509	0.999999999913519	0.388200891936868	0.73051933070015	0.251526116879588	55.9417082901988	40.7532714892304	15.1884368009684	OU	Hominidae	APE	Indriidae	STR	order
Macaca_nemestrina	Cercopithecus_pogonias	1.723	1.469	29.8369393141	0.152095808383234	0.245747368306767	0.348899794920305	0.405132138447932	0.250740834068047	55.9417082901988	40.7532714892304	15.1884368009684	OU	Cercopithecidae	OWM	Cercopithecidae	OWM	family
Leontocebus_fuscicolis	Mandrillus_leucophaeus	0.958	1.4	78.0653383523	0.264670658682635	0.642973170072746	0.373400962933814	0.605830507898737	0.249381415957764	55.9417082901988	40.7532714892304	15.1884368009684	OU	Callitrichidae	PLA	Cercopithecidae	OWM	order
Macaca_fascicularis	Hylobates_lar	1.493	1.105	62.1515760373	0.232335329341317	0.511901910799093	0.3678080461465	0.548642215164888	0.249010537100558	55.9417082901988	40.7532714892304	15.1884368009684	OU	Cercopithecidae	OWM	Hylobatidae	APE	order
Cercocebus_torquatus	Cercopithecus_pogonias	1.722	1.469	29.8369393136	0.151497005988024	0.245747368302649	0.347616772020866	0.403681090869132	0.248859131485534	55.9417082901988	40.7532714892304	15.1884368009684	OU	Cercopithecidae	OWM	Cercopithecidae	OWM	family
Chlorocebus_pygerythrus	Cheirogaleus_medius	1.571	1	121.4130573119	0.341916167664671	0.99999999994564	0.385722138562892	0.727173873948387	0.24863250421982	55.9417082901988	40.7532714892304	15.1884368009684	OU	Cercopithecidae	OWM	Cheirogaleidae	STR	order
Chlorocebus_pygerythrus	Eulemur_fulvus	1.571	1	121.4130573123	0.341916167664671	0.999999999948935	0.385722138562308	0.727173873948384	0.248632504219	55.9417082901988	40.7532714892304	15.1884368009684	OU	Cercopithecidae	OWM	Lemuridae	STR	order
Chlorocebus_pygerythrus	Lemur_catta	1.571	1	121.4130573139	0.341916167664671	0.999999999962113	0.385722138559975	0.727173873948371	0.248632504215719	55.9417082901988	40.7532714892304	15.1884368009684	OU	Cercopithecidae	OWM	Lemuridae	STR	order
Macaca_tonkeana	Erythrocebus_patas	1.656	1.908	29.836939314	0.150898203592814	0.245747368305943	0.34633271970617	0.402228433146251	0.246983511620596	55.9417082901988	40.7532714892304	15.1884368009684	OU	Cercopithecidae	OWM	Cercopithecidae	OWM	family
Gorilla_beringei	Propithecus_verreauxi	1.67	1.102	121.413057311	0.340119760479042	0.999999999938228	0.383860175377334	0.72464621168025	0.246466495963956	55.9417082901988	40.7532714892304	15.1884368009684	OU	Hominidae	APE	Indriidae	STR	order
Sapajus_apella	Papio_anubis	1.448	1.887	78.0653383489	0.262874251497006	0.642973170044743	0.371058416272149	0.60261292380781	0.246373299335923	55.9417082901988	40.7532714892304	15.1884368009684	OU	Cebidae	PLA	Cercopithecidae	OWM	order
Alouatta_seniculus	Macaca_nemestrina	1.284	1.723	78.0653383569	0.262874251497006	0.642973170110634	0.371058416254571	0.602612923806854	0.246373299310284	55.9417082901988	40.7532714892304	15.1884368009684	OU	Atelidae	PLA	Cercopithecidae	OWM	order
Cercopithecus_mona	Presbytis_comata	1.289	0.996	38.5936741526	0.175449101796407	0.31787086994571	0.353541077683566	0.445207719486987	0.245732786115819	55.9417082901988	40.7532714892304	15.1884368009684	OU	Cercopithecidae	OWM	Cercopithecidae	OWM	family
Macaca_mulatta	Rhinopithecus_roxellana	1.25	1.543	38.5936741541	0.175449101796407	0.317870869958065	0.353541077677164	0.445207719485117	0.245732786105236	55.9417082901988	40.7532714892304	15.1884368009684	OU	Cercopithecidae	OWM	Cercopithecidae	OWM	family
Macaca_nigra	Pongo_pygmaeus	1.808	2.193	62.151576036	0.230538922155689	0.511901910788386	0.365172458672862	0.545135595423797	0.245505965008312	55.9417082901988	40.7532714892304	15.1884368009684	OU	Cercopithecidae	OWM	Hominidae	APE	order
Cercopithecus_cephus	Hylobates_lar	1.49	1.105	62.1515760364	0.230538922155689	0.511901910791681	0.365172458671772	0.545135595423673	0.245505965006676	55.9417082901988	40.7532714892304	15.1884368009684	OU	Cercopithecidae	OWM	Hylobatidae	APE	order
Callithrix_jacchus	Semnopithecus_vetulus	0.947	1.385	78.0653383523	0.262275449101796	0.642973170072746	0.370276735096406	0.601536886080913	0.245373157530535	55.9417082901988	40.7532714892304	15.1884368009684	OU	Callitrichidae	PLA	Cercopithecidae	OWM	order
Ateles_paniscus	Cercopithecus_petaurista	1.079	1.517	78.0653383527	0.262275449101796	0.642973170076041	0.370276735095528	0.601536886080865	0.245373157529258	55.9417082901988	40.7532714892304	15.1884368009684	OU	Atelidae	PLA	Cercopithecidae	OWM	order
Aotus_trivirgatus	Rhinopithecus_roxellana	1.105	1.543	78.0653383555	0.262275449101796	0.642973170099103	0.370276735089386	0.601536886080531	0.245373157520321	55.9417082901988	40.7532714892304	15.1884368009684	OU	Aotidae	PLA	Cercopithecidae	OWM	order
Alouatta_seniculus	Cercocebus_torquatus	1.284	1.722	78.0653383564	0.262275449101796	0.642973170106515	0.370276735087412	0.601536886080423	0.245373157517448	55.9417082901988	40.7532714892304	15.1884368009684	OU	Atelidae	PLA	Cercopithecidae	OWM	order
Cercopithecus_nictitans	Cheirogaleus_medius	1.566	1	121.4130573118	0.338922155688623	0.999999999944817	0.382617491924097	0.722952251553473	0.245024535569968	55.9417082901988	40.7532714892304	15.1884368009684	OU	Cercopithecidae	OWM	Cheirogaleidae	STR	order
Cercopithecus_nictitans	Eulemur_fulvus	1.566	1	121.4130573122	0.338922155688623	0.999999999948111	0.382617491923517	0.72295225155347	0.24502453556916	55.9417082901988	40.7532714892304	15.1884368009684	OU	Cercopithecidae	OWM	Lemuridae	STR	order
Cercopithecus_nictitans	Lemur_catta	1.566	1	121.4130573138	0.338922155688623	0.999999999961289	0.382617491921199	0.722952251553457	0.245024535565926	55.9417082901988	40.7532714892304	15.1884368009684	OU	Cercopithecidae	OWM	Lemuridae	STR	order
Leontocebus_fuscicolis	Alouatta_seniculus	0.958	1.284	46.5475501527	0.195209580838323	0.383381748065144	0.35785631647206	0.480730197623628	0.244777277082286	55.9417082901988	40.7532714892304	15.1884368009684	OU	Callitrichidae	PLA	Atelidae	PLA	superfamily
Chlorocebus_pygerythrus	Colobus_angolensis	1.571	1.279	38.5936741539	0.174850299401198	0.317870869956418	0.352416321893577	0.443856024761124	0.244150584893635	55.9417082901988	40.7532714892304	15.1884368009684	OU	Cercopithecidae	OWM	Cercopithecidae	OWM	family
Saguinus_midas	Cercopithecus_diana	0.897	1.333	78.0653383538	0.261077844311377	0.642973170085101	0.36871212869528	0.599379552909435	0.243376751750312	55.9417082901988	40.7532714892304	15.1884368009684	OU	Callitrichidae	PLA	Cercopithecidae	OWM	order
Cebus_olivaceus	Sapajus_apella	1.306	1.448	12.384149949	0.0850299401197604	0.102000149098568	0.305259446483209	0.290983658519826	0.242571440124659	55.9417082901988	40.7532714892304	15.1884368009684	OU	Cebidae	PLA	Cebidae	PLA	family
Cheracebus_torquatus	Macaca_fascicularis	1.058	1.493	78.0653383539	0.260479041916168	0.642973170085924	0.367929204922543	0.598298259792014	0.24238049850495	55.9417082901988	40.7532714892304	15.1884368009684	OU	Pitheciidae	PLA	Cercopithecidae	OWM	order
Alouatta_caraya	Trachypithecus_francoisi	1.483	1.048	78.0653383564	0.260479041916168	0.642973170106516	0.367929204917088	0.598298259791716	0.242380498497067	55.9417082901988	40.7532714892304	15.1884368009684	OU	Atelidae	PLA	Cercopithecidae	OWM	order
Saguinus_oedipus	Cercopithecus_pogonias	1.035	1.469	78.0653383518	0.259880239520958	0.642973170068628	0.367145868412545	0.597215217230141	0.241385552188382	55.9417082901988	40.7532714892304	15.1884368009684	OU	Callitrichidae	PLA	Cercopithecidae	OWM	order
Cercopithecus_mona	Gorilla_beringei	1.289	1.67	62.1515760316	0.22814371257485	0.511901910752146	0.361651134360834	0.540436321098709	0.240860887830231	55.9417082901988	40.7532714892304	15.1884368009684	OU	Cercopithecidae	OWM	Hominidae	APE	order
Chlorocebus_pygerythrus	Eulemur_mongoz	1.571	1.012	121.4130573129	0.334730538922156	0.999999999953876	0.378259485265226	0.716967552251966	0.239990935166069	55.9417082901988	40.7532714892304	15.1884368009684	OU	Cercopithecidae	OWM	Lemuridae	STR	order
Macaca_nigra	Pongo_abelii	1.808	2.188	62.151576036	0.227544910179641	0.511901910788386	0.360769523111204	0.539257268996001	0.239704607955914	55.9417082901988	40.7532714892304	15.1884368009684	OU	Cercopithecidae	OWM	Hominidae	APE	order
Saguinus_oedipus	Colobus_guereza	1.035	1.467	78.0653383522	0.258682634730539	0.642973170071923	0.365577960085708	0.595043888590683	0.239399601796332	55.9417082901988	40.7532714892304	15.1884368009684	OU	Callitrichidae	PLA	Cercopithecidae	OWM	order
Cheracebus_torquatus	Cercopithecus_cephus	1.058	1.49	78.065338353	0.258682634730539	0.642973170078512	0.365577960083972	0.595043888590588	0.23939960179384	55.9417082901988	40.7532714892304	15.1884368009684	OU	Pitheciidae	PLA	Cercopithecidae	OWM	order
Cebuella_pygmaea	Cercopithecus_diana	0.902	1.333	78.0653383534	0.258083832335329	0.642973170081806	0.364793389739857	0.593955604960111	0.238408608473742	55.9417082901988	40.7532714892304	15.1884368009684	OU	Callitrichidae	PLA	Cercopithecidae	OWM	order
Cercopithecus_petaurista	Allochrocebus_lhoesti	1.517	1.73	23.409750393	0.127544910179641	0.192810813845085	0.331452468040412	0.360202253127738	0.238274830677255	55.9417082901988	40.7532714892304	15.1884368009684	OU	Cercopithecidae	OWM	Cercopithecidae	OWM	family
Sapajus_apella	Piliocolobus_badius	1.448	1.018	78.065338349	0.25748502994012	0.642973170045566	0.364008409600335	0.592865576779226	0.237418943587719	55.9417082901988	40.7532714892304	15.1884368009684	OU	Cebidae	PLA	Cercopithecidae	OWM	order
Alouatta_palliata	Gorilla_beringei	1.24	1.67	78.065338354	0.25748502994012	0.642973170086748	0.364008409589523	0.592865576778632	0.237418943572275	55.9417082901988	40.7532714892304	15.1884368009684	OU	Atelidae	PLA	Hominidae	APE	order
Plecturocebus_moloch	Macaca_fascicularis	1.063	1.493	78.0653383548	0.25748502994012	0.642973170093337	0.364008409587793	0.592865576778537	0.237418943569804	55.9417082901988	40.7532714892304	15.1884368009684	OU	Pitheciidae	PLA	Cercopithecidae	OWM	order
Mandrillus_leucophaeus	Nomascus_concolor	1.4	1.022	62.151576036	0.226347305389221	0.511901910788386	0.359004771762336	0.53689409864828	0.237398083396977	55.9417082901988	40.7532714892304	15.1884368009684	OU	Cercopithecidae	OWM	Hylobatidae	APE	order
Cercopithecus_nictitans	Eulemur_mongoz	1.566	1.012	121.4130573128	0.331736526946108	0.999999999953053	0.375138470234511	0.712639514747024	0.236408557597836	55.9417082901988	40.7532714892304	15.1884368009684	OU	Cercopithecidae	OWM	Lemuridae	STR	order
Macaca_tonkeana	Propithecus_verreauxi	1.656	1.102	121.413057313	0.331736526946108	0.9999999999547	0.375138470234226	0.712639514747022	0.236408557597446	55.9417082901988	40.7532714892304	15.1884368009684	OU	Cercopithecidae	OWM	Indriidae	STR	order
Cercopithecus_nictitans	Colobus_angolensis	1.566	1.279	38.5936741538	0.17185628742515	0.317870869955594	0.346780509003457	0.437073554653854	0.236302994499049	55.9417082901988	40.7532714892304	15.1884368009684	OU	Cercopithecidae	OWM	Cercopithecidae	OWM	family
Cercopithecus_diana	Avahi_laniger	1.333	0.78	121.4130573107	0.331137724550898	0.999999999935757	0.374513456703052	0.71176857588018	0.235693426638938	55.9417082901988	40.7532714892304	15.1884368009684	OU	Cercopithecidae	OWM	Indriidae	STR	order
Cercopithecus_petaurista	Eulemur_macaco	1.517	0.964	121.4130573128	0.331137724550898	0.999999999953053	0.374513456700062	0.711768575880162	0.235693426634855	55.9417082901988	40.7532714892304	15.1884368009684	OU	Cercopithecidae	OWM	Lemuridae	STR	order
Macaca_nigra	Papio_ursinus	1.808	2.014	22.4016461416	0.123353293413173	0.184507718002968	0.327913578169859	0.352443293723727	0.235627221954525	55.9417082901988	40.7532714892304	15.1884368009684	OU	Cercopithecidae	OWM	Cercopithecidae	OWM	family
Trachypithecus_francoisi	Colobus_angolensis	1.048	1.279	27.0170263242	0.138323353293413	0.222521588047378	0.334415046823515	0.377678412142763	0.234771578310845	55.9417082901988	40.7532714892304	15.1884368009684	OU	Cercopithecidae	OWM	Cercopithecidae	OWM	family
Leontocebus_fuscicolis	Semnopithecus_vetulus	0.958	1.385	78.0653383523	0.255688622754491	0.642973170072746	0.361651017693374	0.589585037612108	0.234457973178941	55.9417082901988	40.7532714892304	15.1884368009684	OU	Callitrichidae	PLA	Cercopithecidae	OWM	order
Plecturocebus_moloch	Cercopithecus_cephus	1.063	1.49	78.0653383539	0.255688622754491	0.642973170085924	0.361651017689933	0.589585037611919	0.234457973174061	55.9417082901988	40.7532714892304	15.1884368009684	OU	Pitheciidae	PLA	Cercopithecidae	OWM	order
Gorilla_beringei	Hapalemur_griseus	1.67	1.119	121.4130573138	0.329940119760479	0.999999999961289	0.373262622063533	0.710021363369091	0.234264533671565	55.9417082901988	40.7532714892304	15.1884368009684	OU	Hominidae	APE	Lemuridae	STR	order
Allochrocebus_lhoesti	Pan_paniscus	1.73	1.355	62.1515760313	0.224550898203593	0.511901910749675	0.356353838323452	0.533336708520454	0.233953486846389	55.9417082901988	40.7532714892304	15.1884368009684	OU	Cercopithecidae	OWM	Hominidae	APE	order
Cercopithecus_diana	Hylobates_klossii	1.333	0.958	62.151576037	0.224550898203593	0.511901910796623	0.356353838308244	0.533336708518716	0.233953486824171	55.9417082901988	40.7532714892304	15.1884368009684	OU	Cercopithecidae	OWM	Hylobatidae	APE	order
Chlorocebus_pygerythrus	Eulemur_rubriventer	1.571	1.021	121.4130573139	0.329341317365269	0.999999999962113	0.372636801705858	0.709145088927216	0.233550777799249	55.9417082901988	40.7532714892304	15.1884368009684	OU	Cercopithecidae	OWM	Lemuridae	STR	order
Sapajus_apella	Nomascus_concolor	1.448	1.022	78.065338351	0.255089820359281	0.642973170062039	0.360864405712871	0.588488043985269	0.233473675751202	55.9417082901988	40.7532714892304	15.1884368009684	OU	Cebidae	PLA	Hylobatidae	APE	order
Cacajao_calvus	Theropithecus_gelada	1.198	1.624	78.065338353	0.255089820359282	0.642973170078512	0.360864405708577	0.588488043985032	0.233473675745127	55.9417082901988	40.7532714892304	15.1884368009684	OU	Pitheciidae	PLA	Cercopithecidae	OWM	order
Ateles_geoffroyi	Macaca_fascicularis	1.067	1.493	78.0653383536	0.255089820359282	0.642973170083454	0.360864405707289	0.588488043984961	0.233473675743304	55.9417082901988	40.7532714892304	15.1884368009684	OU	Atelidae	PLA	Cercopithecidae	OWM	order
Cercopithecus_diana	Trachypithecus_francoisi	1.333	1.048	38.5936741549	0.17065868263473	0.317870869964654	0.344520608989443	0.434349436176467	0.233193757544553	55.9417082901988	40.7532714892304	15.1884368009684	OU	Cercopithecidae	OWM	Cercopithecidae	OWM	family
Alouatta_caraya	Erythrocebus_patas	1.483	1.908	78.0653383562	0.254491017964072	0.642973170104868	0.360077387613956	0.587389312260838	0.232490733624384	55.9417082901988	40.7532714892304	15.1884368009684	OU	Atelidae	PLA	Cercopithecidae	OWM	order
Allenopithecus_nigroviridis	Allochrocebus_lhoesti	1.928	1.73	21.3196101633	0.118562874251497	0.175595694846665	0.323354193388185	0.343380811722248	0.231852016851284	55.9417082901988	40.7532714892304	15.1884368009684	OU	Cercopithecidae	OWM	Cercopithecidae	OWM	family
Cebus_olivaceus	Allochrocebus_lhoesti	1.306	1.73	78.0653383473	0.253892215568862	0.642973170031564	0.359289964185142	0.586288843777113	0.231509152244363	55.9417082901988	40.7532714892304	15.1884368009684	OU	Cebidae	PLA	Cercopithecidae	OWM	order
Saguinus_oedipus	Macaca_silenus	1.035	1.459	78.0653383532	0.253892215568862	0.642973170080159	0.359289964172523	0.586288843776416	0.23150915222659	55.9417082901988	40.7532714892304	15.1884368009684	OU	Callitrichidae	PLA	Cercopithecidae	OWM	order
Ateles_geoffroyi	Cercopithecus_cephus	1.067	1.49	78.0653383527	0.253293413173653	0.642973170076041	0.358502136111371	0.585186639881626	0.230528936909931	55.9417082901988	40.7532714892304	15.1884368009684	OU	Atelidae	PLA	Cercopithecidae	OWM	order
Callithrix_jacchus	Macaca_fuscata	0.947	1.37	78.0653383529	0.253293413173653	0.642973170077688	0.358502136110944	0.585186639881602	0.230528936909331	55.9417082901988	40.7532714892304	15.1884368009684	OU	Callitrichidae	PLA	Cercopithecidae	OWM	order
Cercopithecus_nictitans	Eulemur_rubriventer	1.566	1.021	121.4130573138	0.326347305389222	0.999999999961289	0.369503684433036	0.704737020012285	0.229989027497942	55.9417082901988	40.7532714892304	15.1884368009684	OU	Cercopithecidae	OWM	Lemuridae	STR	order
Cercopithecus_neglectus	Chlorocebus_pygerythrus	1.78	1.571	23.4097503945	0.125149700598802	0.19281081385744	0.325589098695205	0.353904577251808	0.229712488617766	55.9417082901988	40.7532714892304	15.1884368009684	OU	Cercopithecidae	OWM	Cercopithecidae	OWM	family
Rhinopithecus_roxellana	Cheirogaleus_medius	1.543	1	121.4130573114	0.325149700598802	0.999999999941522	0.368248570621094	0.702961327636638	0.228567665226956	55.9417082901988	40.7532714892304	15.1884368009684	OU	Cercopithecidae	OWM	Cheirogaleidae	STR	order
Rhinopithecus_roxellana	Eulemur_fulvus	1.543	1	121.4130573118	0.325149700598802	0.999999999944817	0.368248570620532	0.702961327636635	0.228567665226201	55.9417082901988	40.7532714892304	15.1884368009684	OU	Cercopithecidae	OWM	Lemuridae	STR	order
Rhinopithecus_roxellana	Lemur_catta	1.543	1	121.4130573134	0.325149700598802	0.999999999957995	0.368248570618286	0.702961327636621	0.228567665223185	55.9417082901988	40.7532714892304	15.1884368009684	OU	Cercopithecidae	OWM	Lemuridae	STR	order
Macaca_nigra	Cercopithecus_nictitans	1.808	1.566	29.8369393138	0.144910179640719	0.245747368304296	0.333436298011077	0.387614316939875	0.228565053154589	55.9417082901988	40.7532714892304	15.1884368009684	OU	Cercopithecidae	OWM	Cercopithecidae	OWM	family
Theropithecus_gelada	Cercopithecus_mitis	1.624	1.866	29.8369393138	0.144910179640719	0.245747368304296	0.333436298011077	0.387614316939875	0.228565053154589	55.9417082901988	40.7532714892304	15.1884368009684	OU	Cercopithecidae	OWM	Cercopithecidae	OWM	family
Papio_ursinus	Gorilla_gorilla	2.014	2.383	62.1515760316	0.220958083832335	0.511901910752146	0.351038372900798	0.526176651298179	0.227119653562796	55.9417082901988	40.7532714892304	15.1884368009684	OU	Cercopithecidae	OWM	Hominidae	APE	order
Macaca_nemestrina	Pan_paniscus	1.723	1.355	62.1515760325	0.220359281437126	0.511901910759559	0.350150711627832	0.52497746420587	0.225987937047234	55.9417082901988	40.7532714892304	15.1884368009684	OU	Cercopithecidae	OWM	Hominidae	APE	order
Saimiri_oerstedii	Avahi_laniger	1.319	0.78	121.4130572974	0.322754491017964	0.999999999826213	0.365735159144749	0.699388561328261	0.225730799174518	55.9417082901988	40.7532714892304	15.1884368009684	OU	Cebidae	PLA	Indriidae	STR	order
Sapajus_apella	Cercopithecus_mitis	1.448	1.866	78.0653383488	0.250299401197605	0.642973170043919	0.354556952789444	0.579649637591126	0.225648540177123	55.9417082901988	40.7532714892304	15.1884368009684	OU	Cebidae	PLA	Cercopithecidae	OWM	order
Macaca_mulatta	Cercopithecus_cephus	1.25	1.49	29.8369393144	0.143712574850299	0.245747368309238	0.330844989202331	0.384672638555118	0.224955798068404	55.9417082901988	40.7532714892304	15.1884368009684	OU	Cercopithecidae	OWM	Cercopithecidae	OWM	family
Pygathrix_nemaeus	Gorilla_beringei	1.303	1.67	62.1515760308	0.219760479041916	0.511901910745557	0.349262553107649	0.523776613168837	0.224858311728689	55.9417082901988	40.7532714892304	15.1884368009684	OU	Cercopithecidae	OWM	Hominidae	APE	order
Cercocebus_torquatus	Pan_paniscus	1.722	1.355	62.151576032	0.219760479041916	0.511901910755441	0.349262553104501	0.523776613168475	0.224858311724192	55.9417082901988	40.7532714892304	15.1884368009684	OU	Cercopithecidae	OWM	Hominidae	APE	order
Cebus_olivaceus	Macaca_nemestrina	1.306	1.723	78.0653383485	0.249700598802395	0.642973170041448	0.353766712778491	0.578537050447349	0.224676634511456	55.9417082901988	40.7532714892304	15.1884368009684	OU	Cebidae	PLA	Cercopithecidae	OWM	order
Saguinus_midas	Semnopithecus_entellus	0.897	1.314	78.0653383528	0.249700598802395	0.642973170076865	0.353766712769413	0.578537050446844	0.224676634498884	55.9417082901988	40.7532714892304	15.1884368009684	OU	Callitrichidae	PLA	Cercopithecidae	OWM	order
Sapajus_apella	Saimiri_sciureus	1.448	1.177	36.661422568	0.162275449101796	0.301956176524136	0.336642860790929	0.417553396606674	0.224399002988808	55.9417082901988	40.7532714892304	15.1884368009684	OU	Cebidae	PLA	Cebidae	PLA	family
Macaca_tonkeana	Hapalemur_griseus	1.656	1.119	121.4130573158	0.321556886227545	0.999999999977762	0.364476867484769	0.697591483208334	0.224315345204315	55.9417082901988	40.7532714892304	15.1884368009684	OU	Cercopithecidae	OWM	Lemuridae	STR	order
Cebus_olivaceus	Cercocebus_torquatus	1.306	1.722	78.065338348	0.249101796407186	0.64297317003733	0.352976073411862	0.577422737771312	0.223706132647554	55.9417082901988	40.7532714892304	15.1884368009684	OU	Cebidae	PLA	Cercopithecidae	OWM	order
Alouatta_palliata	Macaca_tonkeana	1.24	1.656	78.065338356	0.249101796407186	0.642973170103221	0.352976073395005	0.577422737770372	0.223706132624265	55.9417082901988	40.7532714892304	15.1884368009684	OU	Atelidae	PLA	Cercopithecidae	OWM	order
Alouatta_caraya	Hylobates_muelleri	1.483	1.067	78.0653383586	0.249101796407186	0.642973170124636	0.352976073389526	0.577422737770067	0.223706132616696	55.9417082901988	40.7532714892304	15.1884368009684	OU	Atelidae	PLA	Hylobatidae	APE	order
Semnopithecus_entellus	Avahi_laniger	1.314	0.78	121.4130573097	0.319760479041916	0.99999999992752	0.362587456221691	0.694882492217426	0.22219595860539	55.9417082901988	40.7532714892304	15.1884368009684	OU	Cercopithecidae	OWM	Indriidae	STR	order
Ateles_paniscus	Macaca_fascicularis	1.079	1.493	78.0653383536	0.247904191616767	0.642973170083454	0.351393599624177	0.575188941722428	0.221769361863255	55.9417082901988	40.7532714892304	15.1884368009684	OU	Atelidae	PLA	Cercopithecidae	OWM	order
Cercopithecus_pogonias	Hylobates_lar	1.469	1.105	62.1515760363	0.217964071856287	0.511901910790857	0.346595104743768	0.520164098681209	0.221482050744549	55.9417082901988	40.7532714892304	15.1884368009684	OU	Cercopithecidae	OWM	Hylobatidae	APE	order
Semnopithecus_vetulus	Nomascus_concolor	1.385	1.022	62.151576036	0.217365269461078	0.511901910788386	0.345704967962967	0.518956614239457	0.220360858038289	55.9417082901988	40.7532714892304	15.1884368009684	OU	Cercopithecidae	OWM	Hylobatidae	APE	order
Rhinopithecus_roxellana	Eulemur_mongoz	1.543	1.012	121.4130573124	0.317964071856287	0.999999999949758	0.360695685510331	0.692157448125487	0.220081200582694	55.9417082901988	40.7532714892304	15.1884368009684	OU	Cercopithecidae	OWM	Lemuridae	STR	order
Cebuella_pygmaea	Semnopithecus_entellus	0.902	1.314	78.0653383524	0.246706586826347	0.64297317007357	0.349809537523066	0.572948261398703	0.219838270983516	55.9417082901988	40.7532714892304	15.1884368009684	OU	Callitrichidae	PLA	Cercopithecidae	OWM	order
Leontocebus_fuscicolis	Macaca_fuscata	0.958	1.37	78.0653383529	0.246706586826347	0.642973170077688	0.34980953752202	0.572948261398644	0.219838270982085	55.9417082901988	40.7532714892304	15.1884368009684	OU	Callitrichidae	PLA	Cercopithecidae	OWM	order
Aotus_trivirgatus	Cercopithecus_petaurista	1.105	1.517	78.0653383558	0.246706586826347	0.642973170101574	0.349809537515956	0.572948261398304	0.219838270973788	55.9417082901988	40.7532714892304	15.1884368009684	OU	Aotidae	PLA	Cercopithecidae	OWM	order
Macaca_nigra	Chlorocebus_pygerythrus	1.808	1.571	29.8369393139	0.141916167664671	0.245747368305119	0.326950635784003	0.380248515504585	0.21958897241817	55.9417082901988	40.7532714892304	15.1884368009684	OU	Cercopithecidae	OWM	Cercopithecidae	OWM	family
Macaca_fascicularis	Allochrocebus_lhoesti	1.493	1.73	29.8369393139	0.141916167664671	0.245747368305119	0.326950635784003	0.380248515504584	0.21958897241817	55.9417082901988	40.7532714892304	15.1884368009684	OU	Cercopithecidae	OWM	Cercopithecidae	OWM	family
Cercopithecus_ascanius	Rhinopithecus_roxellana	1.267	1.543	38.5936741531	0.165269461077844	0.317870869949829	0.334312222721809	0.422013174920953	0.219415796099669	55.9417082901988	40.7532714892304	15.1884368009684	OU	Cercopithecidae	OWM	Cercopithecidae	OWM	family
Cercopithecus_pogonias	Colobus_polykomos	1.469	1.193	38.5936741536	0.165269461077844	0.317870869953947	0.334312222719774	0.422013174920354	0.219415796096515	55.9417082901988	40.7532714892304	15.1884368009684	OU	Cercopithecidae	OWM	Cercopithecidae	OWM	family
Macaca_fascicularis	Trachypithecus_pileatus	1.493	1.217	38.5936741547	0.165269461077844	0.317870869963007	0.334312222715299	0.422013174919036	0.219415796089576	55.9417082901988	40.7532714892304	15.1884368009684	OU	Cercopithecidae	OWM	Cercopithecidae	OWM	family
Colobus_guereza	Hylobates_lar	1.467	1.105	62.1515760367	0.216766467065868	0.511901910794152	0.34481433931566	0.517747477118769	0.219241790430496	55.9417082901988	40.7532714892304	15.1884368009684	OU	Cercopithecidae	OWM	Hylobatidae	APE	order
Saimiri_oerstedii	Allochrocebus_lhoesti	1.319	1.73	78.0653383467	0.246107784431138	0.642973170026623	0.349016912762662	0.571825343435403	0.218874868991243	55.9417082901988	40.7532714892304	15.1884368009684	OU	Cebidae	PLA	Cercopithecidae	OWM	order
Ateles_paniscus	Cercopithecus_cephus	1.079	1.49	78.0653383527	0.246107784431138	0.642973170076041	0.34901691275014	0.571825343434702	0.218874868974152	55.9417082901988	40.7532714892304	15.1884368009684	OU	Atelidae	PLA	Cercopithecidae	OWM	order
Cheracebus_torquatus	Cercopithecus_pogonias	1.058	1.469	78.0653383529	0.246107784431138	0.642973170077688	0.349016912749723	0.571825343434678	0.218874868973583	55.9417082901988	40.7532714892304	15.1884368009684	OU	Pitheciidae	PLA	Cercopithecidae	OWM	order
Macaca_fascicularis	Eulemur_macaco	1.493	0.964	121.4130573137	0.316766467065868	0.999999999960466	0.359433199340139	0.690331831586781	0.2186739754035	55.9417082901988	40.7532714892304	15.1884368009684	OU	Cercopithecidae	OWM	Lemuridae	STR	order
Chlorocebus_pygerythrus	Eulemur_coronatus	1.571	1.043	121.413057313	0.316167664670659	0.9999999999547	0.358801565699484	0.689416346791329	0.217971156360666	55.9417082901988	40.7532714892304	15.1884368009684	OU	Cercopithecidae	OWM	Lemuridae	STR	order
Saimiri_sciureus	Alouatta_caraya	1.177	1.483	46.5475501472	0.183233532934132	0.383381748019844	0.337304191551756	0.454776664376665	0.217356030484328	55.9417082901988	40.7532714892304	15.1884368009684	OU	Cebidae	PLA	Atelidae	PLA	superfamily
Papio_hamadryas	Papio_cynocephalus	1.842	1.772	4.8778566854	0.0419161676646707	0.0401757174486104	0.242101058707492	0.208058907634265	0.217072217009723	55.9417082901988	40.7532714892304	15.1884368009684	OU	Cercopithecidae	OWM	Cercopithecidae	OWM	family
Cheracebus_torquatus	Colobus_guereza	1.058	1.467	78.0653383533	0.244910179640719	0.642973170080983	0.347430479579886	0.569574359637634	0.216952378775044	55.9417082901988	40.7532714892304	15.1884368009684	OU	Pitheciidae	PLA	Cercopithecidae	OWM	order
Cebus_olivaceus	Avahi_laniger	1.306	0.78	121.413057298	0.31497005988024	0.999999999831155	0.3575375192469	0.687580023639528	0.216567121254765	55.9417082901988	40.7532714892304	15.1884368009684	OU	Cebidae	PLA	Indriidae	STR	order
Cercopithecus_cephus	Eulemur_macaco	1.49	0.964	121.4130573128	0.31497005988024	0.999999999953053	0.35753751922663	0.687580023639403	0.216567121228327	55.9417082901988	40.7532714892304	15.1884368009684	OU	Cercopithecidae	OWM	Lemuridae	STR	order
Callithrix_jacchus	Pan_paniscus	0.947	1.355	78.0653383503	0.244311377245509	0.642973170056274	0.346636672720038	0.568446296944351	0.215993301375902	55.9417082901988	40.7532714892304	15.1884368009684	OU	Callitrichidae	PLA	Hominidae	APE	order
Presbytis_comata	Pan_paniscus	0.996	1.355	62.151576031	0.214970059880239	0.511901910747204	0.34213951306419	0.514110172766747	0.215897405937376	55.9417082901988	40.7532714892304	15.1884368009684	OU	Cercopithecidae	OWM	Hominidae	APE	order
Cercopithecus_cephus	Trachypithecus_pileatus	1.49	1.217	38.5936741538	0.163473053892216	0.317870869955594	0.330895493615031	0.417873141675656	0.214901726033583	55.9417082901988	40.7532714892304	15.1884368009684	OU	Cercopithecidae	OWM	Cercopithecidae	OWM	family
Pan_troglodytes	Avahi_laniger	1.303	0.78	121.413057308	0.313173652694611	0.999999999913519	0.355639507340469	0.684812153872436	0.214465123656442	55.9417082901988	40.7532714892304	15.1884368009684	OU	Hominidae	APE	Indriidae	STR	order
Pygathrix_nemaeus	Avahi_laniger	1.303	0.78	121.4130573088	0.313173652694611	0.999999999920108	0.355639507339378	0.684812153872429	0.214465123655026	55.9417082901988	40.7532714892304	15.1884368009684	OU	Cercopithecidae	OWM	Indriidae	STR	order
Cercopithecus_nictitans	Eulemur_coronatus	1.566	1.043	121.4130573129	0.313173652694611	0.999999999953877	0.355639507333788	0.684812153872395	0.214465123647774	55.9417082901988	40.7532714892304	15.1884368009684	OU	Cercopithecidae	OWM	Lemuridae	STR	order
Saguinus_oedipus	Saimiri_oerstedii	1.035	1.319	41.3912937956	0.170059880239521	0.340913034477167	0.332302177080822	0.429880173858718	0.214439940660745	55.9417082901988	40.7532714892304	15.1884368009684	OU	Callitrichidae	PLA	Cebidae	PLA	superfamily
Papio_ursinus	Cercopithecus_neglectus	2.014	1.78	29.8369393142	0.140119760479042	0.24574736830759	0.323047495111269	0.375810582452343	0.214278953062079	55.9417082901988	40.7532714892304	15.1884368009684	OU	Cercopithecidae	OWM	Cercopithecidae	OWM	family
Saguinus_midas	Pan_troglodytes	0.897	1.303	78.0653383511	0.24311377245509	0.642973170062863	0.345047882259654	0.566185037928798	0.214079508893101	55.9417082901988	40.7532714892304	15.1884368009684	OU	Callitrichidae	PLA	Hominidae	APE	order
Saguinus_midas	Pygathrix_nemaeus	0.897	1.303	78.0653383519	0.24311377245509	0.642973170069452	0.345047882258	0.566185037928705	0.214079508890872	55.9417082901988	40.7532714892304	15.1884368009684	OU	Callitrichidae	PLA	Cercopithecidae	OWM	order
Plecturocebus_moloch	Cercopithecus_pogonias	1.063	1.469	78.0653383538	0.24311377245509	0.642973170085101	0.345047882254074	0.566185037928484	0.214079508885578	55.9417082901988	40.7532714892304	15.1884368009684	OU	Pitheciidae	PLA	Cercopithecidae	OWM	order
Theropithecus_gelada	Propithecus_verreauxi	1.624	1.102	121.413057313	0.312574850299401	0.9999999999547	0.355006320335671	0.68388596106115	0.213765551910235	55.9417082901988	40.7532714892304	15.1884368009684	OU	Cercopithecidae	OWM	Indriidae	STR	order
Rhinopithecus_roxellana	Eulemur_rubriventer	1.543	1.021	121.4130573134	0.312574850299401	0.999999999957995	0.355006320335127	0.683885961061147	0.213765551909529	55.9417082901988	40.7532714892304	15.1884368009684	OU	Cercopithecidae	OWM	Lemuridae	STR	order
Semnopithecus_entellus	Gorilla_beringei	1.314	1.67	62.1515760317	0.213173652694611	0.51190191075297	0.339460299182119	0.510458078045708	0.212572390840295	55.9417082901988	40.7532714892304	15.1884368009684	OU	Cercopithecidae	OWM	Hominidae	APE	order
Semnopithecus_entellus	Hylobates_klossii	1.314	0.958	62.151576036	0.213173652694611	0.511901910788386	0.339460299171112	0.510458078044431	0.212572390825056	55.9417082901988	40.7532714892304	15.1884368009684	OU	Cercopithecidae	OWM	Hylobatidae	APE	order
Macaca_nemestrina	Cercopithecus_cephus	1.723	1.49	29.8369393142	0.139520958083832	0.24574736830759	0.321744511341278	0.374328225407483	0.212521635557469	55.9417082901988	40.7532714892304	15.1884368009684	OU	Cercopithecidae	OWM	Cercopithecidae	OWM	family
Saimiri_oerstedii	Macaca_nemestrina	1.319	1.723	78.0653383479	0.241916167664671	0.642973170036507	0.343457527969729	0.563916944868969	0.212171568801424	55.9417082901988	40.7532714892304	15.1884368009684	OU	Cebidae	PLA	Cercopithecidae	OWM	order
Plecturocebus_moloch	Colobus_guereza	1.063	1.467	78.0653383542	0.241916167664671	0.642973170088395	0.34345752795676	0.563916944868237	0.212171568784026	55.9417082901988	40.7532714892304	15.1884368009684	OU	Pitheciidae	PLA	Cercopithecidae	OWM	order
Alouatta_caraya	Papio_anubis	1.483	1.887	78.0653383561	0.241916167664671	0.642973170104045	0.343457527952848	0.563916944868016	0.212171568778779	55.9417082901988	40.7532714892304	15.1884368009684	OU	Atelidae	PLA	Cercopithecidae	OWM	order
Cercopithecus_ascanius	Presbytis_comata	1.267	0.996	38.5936741527	0.162275449101796	0.317870869946534	0.328613856634009	0.415105446777501	0.211914425539374	55.9417082901988	40.7532714892304	15.1884368009684	OU	Cercopithecidae	OWM	Cercopithecidae	OWM	family
Cercopithecus_mona	Piliocolobus_badius	1.289	1.018	38.5936741536	0.162275449101796	0.317870869953947	0.328613856630402	0.415105446776436	0.211914425533888	55.9417082901988	40.7532714892304	15.1884368009684	OU	Cercopithecidae	OWM	Cercopithecidae	OWM	family
Macaca_tonkeana	Semnopithecus_vetulus	1.656	1.385	38.593674154	0.162275449101796	0.317870869957241	0.328613856628798	0.415105446775963	0.211914425531451	55.9417082901988	40.7532714892304	15.1884368009684	OU	Cercopithecidae	OWM	Cercopithecidae	OWM	family
Alouatta_caraya	Eulemur_macaco	1.483	0.964	121.4130573093	0.310778443113773	0.999999999924226	0.353105215682524	0.681096673631786	0.211670163857295	55.9417082901988	40.7532714892304	15.1884368009684	OU	Atelidae	PLA	Lemuridae	STR	order
Saimiri_oerstedii	Cercocebus_torquatus	1.319	1.722	78.0653383474	0.241317365269461	0.642973170032388	0.3426617663124	0.562780339676312	0.211219806868923	55.9417082901988	40.7532714892304	15.1884368009684	OU	Cebidae	PLA	Cercopithecidae	OWM	order
Cercocebus_torquatus	Cercopithecus_cephus	1.722	1.49	29.8369393137	0.138922155688623	0.245747368303472	0.320440564821086	0.372844353576005	0.210770685735876	55.9417082901988	40.7532714892304	15.1884368009684	OU	Cercopithecidae	OWM	Cercopithecidae	OWM	family
Macaca_silenus	Hylobates_lar	1.459	1.105	62.1515760377	0.211976047904192	0.511901910802388	0.337671733606344	0.508015163014625	0.210366564880464	55.9417082901988	40.7532714892304	15.1884368009684	OU	Cercopithecidae	OWM	Hylobatidae	APE	order
Cercopithecus_petaurista	Cheirogaleus_medius	1.517	1	121.4130573117	0.309580838323353	0.999999999943993	0.351836530083135	0.679228224576647	0.210276043189098	55.9417082901988	40.7532714892304	15.1884368009684	OU	Cercopithecidae	OWM	Cheirogaleidae	STR	order
Cercopithecus_petaurista	Eulemur_fulvus	1.517	1	121.4130573121	0.309580838323353	0.999999999947287	0.351836530082594	0.679228224576644	0.210276043188404	55.9417082901988	40.7532714892304	15.1884368009684	OU	Cercopithecidae	OWM	Lemuridae	STR	order
Cercopithecus_petaurista	Lemur_catta	1.517	1	121.4130573137	0.309580838323353	0.999999999960466	0.351836530080432	0.67922822457663	0.210276043185629	55.9417082901988	40.7532714892304	15.1884368009684	OU	Cercopithecidae	OWM	Lemuridae	STR	order
Ateles_geoffroyi	Cercopithecus_pogonias	1.067	1.469	78.0653383526	0.240718562874252	0.642973170075217	0.34186561600148	0.561642030927138	0.210269524183631	55.9417082901988	40.7532714892304	15.1884368009684	OU	Atelidae	PLA	Cercopithecidae	OWM	order
Cebuella_pygmaea	Pan_troglodytes	0.902	1.303	78.0653383507	0.240119760479042	0.642973170059568	0.3410690778385	0.560502020306306	0.20932072616887	55.9417082901988	40.7532714892304	15.1884368009684	OU	Callitrichidae	PLA	Hominidae	APE	order
Cebuella_pygmaea	Pygathrix_nemaeus	0.902	1.303	78.0653383515	0.240119760479042	0.642973170066157	0.341069077836863	0.560502020306213	0.20932072616669	55.9417082901988	40.7532714892304	15.1884368009684	OU	Callitrichidae	PLA	Cercopithecidae	OWM	order
Cheracebus_torquatus	Macaca_silenus	1.058	1.459	78.0653383543	0.240119760479042	0.642973170089219	0.341069077831134	0.560502020305889	0.209320726159062	55.9417082901988	40.7532714892304	15.1884368009684	OU	Pitheciidae	PLA	Cercopithecidae	OWM	order
Macaca_tonkeana	Pan_troglodytes	1.656	1.303	62.151576032	0.211377245508982	0.511901910755441	0.336776727245201	0.50679125716446	0.209266927387258	55.9417082901988	40.7532714892304	15.1884368009684	OU	Cercopithecidae	OWM	Hominidae	APE	order
Macaca_nigra	Nasalis_larvatus	1.808	2.077	38.593674153	0.161077844311377	0.317870869949005	0.326329186932027	0.412331650351826	0.208944888188967	55.9417082901988	40.7532714892304	15.1884368009684	OU	Cercopithecidae	OWM	Cercopithecidae	OWM	family
Saguinus_midas	Saimiri_sciureus	0.897	1.177	41.3912937961	0.167664670658683	0.340913034481285	0.327896710636027	0.42443652102682	0.20874241321326	55.9417082901988	40.7532714892304	15.1884368009684	OU	Callitrichidae	PLA	Cebidae	PLA	superfamily
Sapajus_apella	Trachypithecus_francoisi	1.448	1.048	78.0653383492	0.239520958083832	0.642973170047214	0.340272152584645	0.559360309511501	0.208373418191657	55.9417082901988	40.7532714892304	15.1884368009684	OU	Cebidae	PLA	Cercopithecidae	OWM	order
Ateles_geoffroyi	Colobus_guereza	1.067	1.467	78.065338353	0.239520958083832	0.642973170078512	0.340272152576885	0.559360309511061	0.208373418181351	55.9417082901988	40.7532714892304	15.1884368009684	OU	Atelidae	PLA	Cercopithecidae	OWM	order
Chlorocebus_pygerythrus	Pygathrix_nemaeus	1.571	1.303	38.5936741527	0.160479041916168	0.317870869946534	0.325185720559802	0.41094247397163	0.207466807250124	55.9417082901988	40.7532714892304	15.1884368009684	OU	Cercopithecidae	OWM	Cercopithecidae	OWM	family
Papio_hamadryas	Pongo_pygmaeus	1.842	2.193	62.1515760359	0.210179640718563	0.511901910787563	0.334985272808224	0.504338560986331	0.20707423690906	55.9417082901988	40.7532714892304	15.1884368009684	OU	Cercopithecidae	OWM	Hominidae	APE	order
Leontocebus_fuscicolis	Pan_paniscus	0.958	1.355	78.0653383503	0.237724550898204	0.642973170056274	0.337879062056968	0.555924993296113	0.205540488342366	55.9417082901988	40.7532714892304	15.1884368009684	OU	Callitrichidae	PLA	Hominidae	APE	order
Colobus_angolensis	Colobus_polykomos	1.279	1.193	6.780108392	0.0514970059880239	0.055843321482416	0.251947617412303	0.222490723383711	0.205174151719799	55.9417082901988	40.7532714892304	15.1884368009684	OU	Cercopithecidae	OWM	Cercopithecidae	OWM	family
Cercopithecus_mona	Avahi_laniger	1.289	0.78	121.4130573096	0.304790419161677	0.999999999926697	0.346751595646934	0.671683044621819	0.204722556729082	55.9417082901988	40.7532714892304	15.1884368009684	OU	Cercopithecidae	OWM	Indriidae	STR	order
Plecturocebus_moloch	Macaca_silenus	1.063	1.459	78.0653383552	0.237125748502994	0.642973170096632	0.337080596222098	0.554776499094029	0.204599194364162	55.9417082901988	40.7532714892304	15.1884368009684	OU	Pitheciidae	PLA	Cercopithecidae	OWM	order
Macaca_silenus	Colobus_polykomos	1.459	1.193	38.593674155	0.159281437125748	0.317870869965478	0.322896536293937	0.408159584826779	0.204524073737612	55.9417082901988	40.7532714892304	15.1884368009684	OU	Cercopithecidae	OWM	Cercopithecidae	OWM	family
Macaca_fuscata	Nomascus_concolor	1.37	1.022	62.1515760366	0.208383233532934	0.511901910793328	0.332294503583301	0.500647342606707	0.203801763408882	55.9417082901988	40.7532714892304	15.1884368009684	OU	Cercopithecidae	OWM	Hylobatidae	APE	order
Macaca_nigra	Rhinopithecus_roxellana	1.808	1.543	38.5936741534	0.158682634730539	0.3178708699523	0.321750823046927	0.406765880098853	0.203059442289438	55.9417082901988	40.7532714892304	15.1884368009684	OU	Cercopithecidae	OWM	Cercopithecidae	OWM	family
Saimiri_sciureus	Chlorocebus_pygerythrus	1.177	1.571	78.0653383469	0.235928143712575	0.64297317002827	0.335482515811185	0.552474438121408	0.202721162733587	55.9417082901988	40.7532714892304	15.1884368009684	OU	Cebidae	PLA	Cercopithecidae	OWM	order
Sapajus_apella	Papio_hamadryas	1.448	1.842	78.0653383489	0.235928143712575	0.642973170044743	0.33548251580715	0.552474438121178	0.20272116272831	55.9417082901988	40.7532714892304	15.1884368009684	OU	Cebidae	PLA	Cercopithecidae	OWM	order
Cercopithecus_pogonias	Eulemur_macaco	1.469	0.964	121.4130573127	0.302395209580838	0.999999999952229	0.344203057309512	0.667867636613919	0.201959973955773	55.9417082901988	40.7532714892304	15.1884368009684	OU	Cercopithecidae	OWM	Lemuridae	STR	order
Cercopithecus_petaurista	Eulemur_mongoz	1.517	1.012	121.4130573127	0.302395209580838	0.999999999952229	0.344203057309511	0.667867636613919	0.201959973955773	55.9417082901988	40.7532714892304	15.1884368009684	OU	Cercopithecidae	OWM	Lemuridae	STR	order
Theropithecus_gelada	Hapalemur_griseus	1.624	1.119	121.4130573158	0.302395209580838	0.999999999977762	0.344203057305401	0.667867636613893	0.201959973950609	55.9417082901988	40.7532714892304	15.1884368009684	OU	Cercopithecidae	OWM	Lemuridae	STR	order
Cebuella_pygmaea	Saimiri_sciureus	0.902	1.177	41.3912937957	0.164670658682635	0.34091303447799	0.32237401747911	0.417597626613404	0.201711490275019	55.9417082901988	40.7532714892304	15.1884368009684	OU	Callitrichidae	PLA	Cebidae	PLA	superfamily
Papio_hamadryas	Pongo_abelii	1.842	2.188	62.1515760359	0.207185628742515	0.511901910787563	0.330498278678773	0.49817844347157	0.201631234151534	55.9417082901988	40.7532714892304	15.1884368009684	OU	Cercopithecidae	OWM	Hominidae	APE	order
Alouatta_seniculus	Avahi_laniger	1.284	0.78	121.4130573064	0.301796407185629	0.99999999990034	0.343565294616701	0.666909326126252	0.20127083856355	55.9417082901988	40.7532714892304	15.1884368009684	OU	Atelidae	PLA	Indriidae	STR	order
Saguinus_midas	Cercopithecus_mona	0.897	1.289	78.0653383527	0.234730538922156	0.642973170076041	0.333882908904224	0.550165625726953	0.200849241980128	55.9417082901988	40.7532714892304	15.1884368009684	OU	Callitrichidae	PLA	Cercopithecidae	OWM	order
Ateles_geoffroyi	Macaca_silenus	1.067	1.459	78.065338354	0.234730538922156	0.642973170086748	0.333882908901612	0.550165625726804	0.200849241976729	55.9417082901988	40.7532714892304	15.1884368009684	OU	Atelidae	PLA	Cercopithecidae	OWM	order
Colobus_guereza	Eulemur_macaco	1.467	0.964	121.4130573131	0.301197604790419	0.999999999955524	0.342927281455367	0.665949232657165	0.200582313797277	55.9417082901988	40.7532714892304	15.1884368009684	OU	Cercopithecidae	OWM	Lemuridae	STR	order
Pygathrix_nemaeus	Hylobates_klossii	1.303	0.958	62.1515760351	0.206586826347305	0.511901910780973	0.329599455946261	0.496941575439324	0.200549325540544	55.9417082901988	40.7532714892304	15.1884368009684	OU	Cercopithecidae	OWM	Hylobatidae	APE	order
Macaca_fascicularis	Cercopithecus_ascanius	1.493	1.267	29.8369393143	0.135329341317365	0.245747368308414	0.31259686028612	0.363909591260309	0.200399481887933	55.9417082901988	40.7532714892304	15.1884368009684	OU	Cercopithecidae	OWM	Cercopithecidae	OWM	family
Callithrix_jacchus	Alouatta_palliata	0.947	1.24	46.5475501523	0.175449101796407	0.383381748061849	0.323806552290254	0.437568364453952	0.200246821623818	55.9417082901988	40.7532714892304	15.1884368009684	OU	Callitrichidae	PLA	Atelidae	PLA	superfamily
Cercopithecus_nictitans	Pygathrix_nemaeus	1.566	1.303	38.5936741526	0.15748502994012	0.31787086994571	0.319457165907413	0.403973970526801	0.200143702549114	55.9417082901988	40.7532714892304	15.1884368009684	OU	Cercopithecidae	OWM	Cercopithecidae	OWM	family
Allochrocebus_lhoesti	Colobus_guereza	1.73	1.467	38.5936741533	0.15748502994012	0.317870869951476	0.319457165904676	0.403973970525991	0.200143702545082	55.9417082901988	40.7532714892304	15.1884368009684	OU	Cercopithecidae	OWM	Cercopithecidae	OWM	family
Papio_ursinus	Gorilla_beringei	2.014	1.67	62.1515760316	0.205988023952096	0.511901910752146	0.328700161191354	0.495703098511857	0.199469663200432	55.9417082901988	40.7532714892304	15.1884368009684	OU	Cercopithecidae	OWM	Hominidae	APE	order
Saguinus_midas	Cacajao_calvus	0.897	1.198	49.0936032061	0.180239520958084	0.404351923016928	0.323901385807101	0.446459473799663	0.199008925404518	55.9417082901988	40.7532714892304	15.1884368009684	OU	Callitrichidae	PLA	Pitheciidae	PLA	superfamily
Ateles_paniscus	Cercopithecus_pogonias	1.079	1.469	78.0653383526	0.233532934131737	0.642973170075217	0.33228178184317	0.547850076534364	0.198983475192906	55.9417082901988	40.7532714892304	15.1884368009684	OU	Atelidae	PLA	Cercopithecidae	OWM	order
Rhinopithecus_roxellana	Eulemur_coronatus	1.543	1.043	121.4130573125	0.29940119760479	0.999999999950582	0.341011743282284	0.66305825673229	0.198520436157203	55.9417082901988	40.7532714892304	15.1884368009684	OU	Cercopithecidae	OWM	Lemuridae	STR	order
Saimiri_sciureus	Cercopithecus_nictitans	1.177	1.566	78.0653383468	0.232934131736527	0.642973170027446	0.33148065023679	0.546689780274869	0.19805291298877	55.9417082901988	40.7532714892304	15.1884368009684	OU	Cebidae	PLA	Cercopithecidae	OWM	order
Colobus_angolensis	Avahi_laniger	1.279	0.78	121.41305731	0.298802395209581	0.999999999929991	0.340372732321974	0.662091033776158	0.197834386752953	55.9417082901988	40.7532714892304	15.1884368009684	OU	Cercopithecidae	OWM	Indriidae	STR	order
Pan_paniscus	Hylobates_muelleri	1.355	1.067	45.7765141044	0.172455089820359	0.377031228068951	0.321110324709238	0.431447954511582	0.197345445705357	55.9417082901988	40.7532714892304	15.1884368009684	OU	Hominidae	APE	Hylobatidae	APE	superfamily
Cercopithecus_pogonias	Cercopithecus_diana	1.469	1.333	13.5928258669	0.0814371257485031	0.111955222668039	0.280217282604361	0.271188249377631	0.197264504859829	55.9417082901988	40.7532714892304	15.1884368009684	OU	Cercopithecidae	OWM	Cercopithecidae	OWM	family
Ateles_paniscus	Colobus_guereza	1.079	1.467	78.065338353	0.232335329341317	0.642973170078512	0.330679140937441	0.545527805407546	0.197123905370316	55.9417082901988	40.7532714892304	15.1884368009684	OU	Atelidae	PLA	Cercopithecidae	OWM	order
Aotus_trivirgatus	Macaca_fascicularis	1.105	1.493	78.0653383567	0.232335329341317	0.642973170108986	0.33067914093007	0.545527805407123	0.19712390536082	55.9417082901988	40.7532714892304	15.1884368009684	OU	Aotidae	PLA	Cercopithecidae	OWM	order
Cebuella_pygmaea	Cercopithecus_mona	0.902	1.289	78.0653383523	0.231736526946108	0.642973170072746	0.329877254776365	0.54436415383065	0.196196457759503	55.9417082901988	40.7532714892304	15.1884368009684	OU	Callitrichidae	PLA	Cercopithecidae	OWM	order
Saguinus_oedipus	Cebus_olivaceus	1.035	1.306	41.3912937962	0.162275449101796	0.340913034482108	0.317943337092637	0.412099343604053	0.196160308623849	55.9417082901988	40.7532714892304	15.1884368009684	OU	Callitrichidae	PLA	Cebidae	PLA	superfamily
Cercopithecus_petaurista	Eulemur_rubriventer	1.517	1.021	121.4130573137	0.297005988023952	0.999999999960466	0.338454210324082	0.659178675950118	0.195780013942625	55.9417082901988	40.7532714892304	15.1884368009684	OU	Cercopithecidae	OWM	Lemuridae	STR	order
Callithrix_jacchus	Cercopithecus_diana	0.947	1.333	78.065338353	0.231137724550898	0.642973170078512	0.329074992531813	0.543198827454534	0.195270575506636	55.9417082901988	40.7532714892304	15.1884368009684	OU	Callitrichidae	PLA	Cercopithecidae	OWM	order
Alouatta_seniculus	Gorilla_beringei	1.284	1.67	78.0653383544	0.231137724550898	0.642973170090043	0.329074992529035	0.543198827454374	0.195270575503076	55.9417082901988	40.7532714892304	15.1884368009684	OU	Atelidae	PLA	Hominidae	APE	order
Macaca_silenus	Eulemur_macaco	1.459	0.964	121.4130573141	0.296407185628743	0.99999999996376	0.337814207965568	0.658204328062565	0.195096492456753	55.9417082901988	40.7532714892304	15.1884368009684	OU	Cercopithecidae	OWM	Lemuridae	STR	order
Aotus_trivirgatus	Cercopithecus_cephus	1.105	1.49	78.0653383558	0.230538922155689	0.642973170101574	0.328272354998503	0.542031828205628	0.194346263979977	55.9417082901988	40.7532714892304	15.1884368009684	OU	Aotidae	PLA	Cercopithecidae	OWM	order
Macaca_fascicularis	Cheirogaleus_medius	1.493	1	121.4130573126	0.295209580838323	0.999999999951406	0.336533463129541	0.656250291385881	0.193731373454468	55.9417082901988	40.7532714892304	15.1884368009684	OU	Cercopithecidae	OWM	Cheirogaleidae	STR	order
Macaca_fascicularis	Eulemur_fulvus	1.493	1	121.413057313	0.295209580838323	0.9999999999547	0.336533463129021	0.656250291385877	0.193731373453828	55.9417082901988	40.7532714892304	15.1884368009684	OU	Cercopithecidae	OWM	Lemuridae	STR	order
Macaca_fascicularis	Lemur_catta	1.493	1	121.4130573146	0.295209580838323	0.999999999967878	0.33653346312694	0.656250291385864	0.193731373451271	55.9417082901988	40.7532714892304	15.1884368009684	OU	Cercopithecidae	OWM	Lemuridae	STR	order
Alouatta_palliata	Theropithecus_gelada	1.24	1.624	78.065338356	0.229940119760479	0.642973170103221	0.327469342983119	0.540863158026188	0.193423528559687	55.9417082901988	40.7532714892304	15.1884368009684	OU	Atelidae	PLA	Cercopithecidae	OWM	order
Macaca_tonkeana	Papio_hamadryas	1.656	1.842	22.4016461419	0.111377245508982	0.184507718005439	0.297679933320285	0.32022831463277	0.193304366903124	55.9417082901988	40.7532714892304	15.1884368009684	OU	Cercopithecidae	OWM	Cercopithecidae	OWM	family
Papio_anubis	Cercocebus_torquatus	1.887	1.722	18.5708053179	0.0988023952095809	0.15295558589867	0.290383125223535	0.298827855256253	0.1930292880851	55.9417082901988	40.7532714892304	15.1884368009684	OU	Cercopithecidae	OWM	Cercopithecidae	OWM	family
Cebuella_pygmaea	Cacajao_calvus	0.902	1.198	49.0936032057	0.177245508982036	0.404351923013634	0.318819468682437	0.43985188202408	0.192806726687524	55.9417082901988	40.7532714892304	15.1884368009684	OU	Callitrichidae	PLA	Pitheciidae	PLA	superfamily
Alouatta_caraya	Cercopithecus_mitis	1.483	1.866	78.065338356	0.229341317365269	0.642973170103221	0.326665957279544	0.539692818872866	0.192502374606095	55.9417082901988	40.7532714892304	15.1884368009684	OU	Atelidae	PLA	Cercopithecidae	OWM	order
Piliocolobus_badius	Pan_paniscus	1.018	1.355	62.151576032	0.201796407185629	0.511901910755441	0.322391975480329	0.486988929568579	0.191975482531582	55.9417082901988	40.7532714892304	15.1884368009684	OU	Cercopithecidae	OWM	Hominidae	APE	order
Cercopithecus_diana	Gorilla_beringei	1.333	1.67	62.1515760327	0.201796407185629	0.511901910761206	0.322391975478616	0.486988929568377	0.19197548252934	55.9417082901988	40.7532714892304	15.1884368009684	OU	Cercopithecidae	OWM	Hominidae	APE	order
Cercopithecus_cephus	Cheirogaleus_medius	1.49	1	121.4130573117	0.293413173652695	0.999999999943993	0.334610501633143	0.653305889623513	0.191688554451168	55.9417082901988	40.7532714892304	15.1884368009684	OU	Cercopithecidae	OWM	Cheirogaleidae	STR	order
Cercopithecus_cephus	Eulemur_fulvus	1.49	1	121.4130573121	0.293413173652695	0.999999999947287	0.334610501632625	0.653305889623509	0.191688554450535	55.9417082901988	40.7532714892304	15.1884368009684	OU	Cercopithecidae	OWM	Lemuridae	STR	order
Cercopithecus_cephus	Lemur_catta	1.49	1	121.4130573137	0.293413173652695	0.999999999960466	0.334610501630555	0.653305889623496	0.191688554448005	55.9417082901988	40.7532714892304	15.1884368009684	OU	Cercopithecidae	OWM	Lemuridae	STR	order
Saguinus_midas	Colobus_angolensis	0.897	1.279	78.0653383531	0.22874251497006	0.642973170079336	0.325862198693015	0.538520812718103	0.19158280749049	55.9417082901988	40.7532714892304	15.1884368009684	OU	Callitrichidae	PLA	Cercopithecidae	OWM	order
Chlorocebus_pygerythrus	Semnopithecus_entellus	1.571	1.314	38.5936741536	0.153892215568862	0.317870869953947	0.312558517645816	0.39556253510895	0.191505421471214	55.9417082901988	40.7532714892304	15.1884368009684	OU	Cercopithecidae	OWM	Cercopithecidae	OWM	family
Sapajus_apella	Hylobates_muelleri	1.448	1.067	78.0653383514	0.22814371257485	0.642973170065334	0.325058068016649	0.537347141548779	0.190664832565199	55.9417082901988	40.7532714892304	15.1884368009684	OU	Cebidae	PLA	Hylobatidae	APE	order
Macaca_nemestrina	Colobus_guereza	1.723	1.467	38.5936741545	0.153293413173653	0.31787086996136	0.311406189733496	0.394155465315573	0.190081703952987	55.9417082901988	40.7532714892304	15.1884368009684	OU	Cercopithecidae	OWM	Cercopithecidae	OWM	family
Ateles_paniscus	Macaca_silenus	1.079	1.459	78.065338354	0.227544910179641	0.642973170086748	0.324253566046865	0.536171807367093	0.189748455183193	55.9417082901988	40.7532714892304	15.1884368009684	OU	Atelidae	PLA	Cercopithecidae	OWM	order
Cercopithecus_ascanius	Avahi_laniger	1.267	0.78	121.4130573097	0.291616766467066	0.99999999992752	0.332685336781557	0.650345481321524	0.189651646363196	55.9417082901988	40.7532714892304	15.1884368009684	OU	Cercopithecidae	OWM	Indriidae	STR	order
Macaca_nigra	Theropithecus_gelada	1.808	1.624	22.401646142	0.110179640718563	0.184507718006263	0.294629522882103	0.31697318368464	0.189282008759153	55.9417082901988	40.7532714892304	15.1884368009684	OU	Cercopithecidae	OWM	Cercopithecidae	OWM	family
Cercopithecus_petaurista	Trachypithecus_obscurus	1.517	1.262	38.593674153	0.152694610778443	0.317870869949005	0.310253138644531	0.392746931243309	0.188662584307414	55.9417082901988	40.7532714892304	15.1884368009684	OU	Cercopithecidae	OWM	Cercopithecidae	OWM	family
Cercocebus_torquatus	Colobus_guereza	1.722	1.467	38.593674154	0.152694610778443	0.317870869957241	0.310253138640721	0.392746931242177	0.188662584301981	55.9417082901988	40.7532714892304	15.1884368009684	OU	Cercopithecidae	OWM	Cercopithecidae	OWM	family
Macaca_mulatta	Cercopithecus_pogonias	1.25	1.469	29.8369393143	0.131137724550898	0.245747368308414	0.303403219653754	0.35341845718984	0.188594053353197	55.9417082901988	40.7532714892304	15.1884368009684	OU	Cercopithecidae	OWM	Cercopithecidae	OWM	family
Pan_troglodytes	Nomascus_concolor	1.303	1.022	45.776514104	0.168263473053892	0.377031228065657	0.313726067745993	0.422012394123972	0.18833790365694	55.9417082901988	40.7532714892304	15.1884368009684	OU	Hominidae	APE	Hylobatidae	APE	superfamily
Semnopithecus_vetulus	Rhinopithecus_roxellana	1.385	1.543	17.7111143214	0.0946107784431137	0.145874873037246	0.284981577137436	0.290271257110246	0.188262646081958	55.9417082901988	40.7532714892304	15.1884368009684	OU	Cercopithecidae	OWM	Cercopithecidae	OWM	family
Alouatta_caraya	Hylobates_lar	1.483	1.105	78.0653383589	0.226347305389222	0.642973170127106	0.322643451469249	0.533816158054374	0.187920514513768	55.9417082901988	40.7532714892304	15.1884368009684	OU	Atelidae	PLA	Hylobatidae	APE	order
Mandrillus_leucophaeus	Hylobates_muelleri	1.4	1.067	62.1515760364	0.19940119760479	0.511901910791681	0.318777087014282	0.481974414005807	0.187743537075281	55.9417082901988	40.7532714892304	15.1884368009684	OU	Cercopithecidae	OWM	Hylobatidae	APE	order
Sapajus_apella	Eulemur_macaco	1.448	0.964	121.4130573021	0.289820359281437	0.999999999864924	0.330757979568971	0.647369078261881	0.187620738874894	55.9417082901988	40.7532714892304	15.1884368009684	OU	Cebidae	PLA	Lemuridae	STR	order
Cercopithecus_mona	Rhinopithecus_roxellana	1.289	1.543	38.593674153	0.152095808383234	0.317870869949005	0.309099366737758	0.391336937092684	0.187248072800377	55.9417082901988	40.7532714892304	15.1884368009684	OU	Cercopithecidae	OWM	Cercopithecidae	OWM	family
Macaca_mulatta	Presbytis_comata	1.25	0.996	38.5936741537	0.152095808383234	0.31787086995477	0.3090993667351	0.391336937091894	0.187248072796602	55.9417082901988	40.7532714892304	15.1884368009684	OU	Cercopithecidae	OWM	Cercopithecidae	OWM	family
Cebuella_pygmaea	Colobus_angolensis	0.902	1.279	78.0653383527	0.225748502994012	0.642973170076041	0.321837840489246	0.532635847005431	0.187008961957469	55.9417082901988	40.7532714892304	15.1884368009684	OU	Callitrichidae	PLA	Cercopithecidae	OWM	order
Alouatta_caraya	Cheirogaleus_medius	1.483	1	121.4130573082	0.289221556886228	0.999999999915166	0.330115041866262	0.646373391716801	0.186945118698024	55.9417082901988	40.7532714892304	15.1884368009684	OU	Atelidae	PLA	Cheirogaleidae	STR	order
Alouatta_caraya	Eulemur_fulvus	1.483	1	121.4130573086	0.289221556886228	0.99999999991846	0.33011504186575	0.646373391716798	0.186945118697407	55.9417082901988	40.7532714892304	15.1884368009684	OU	Atelidae	PLA	Lemuridae	STR	order
Alouatta_caraya	Lemur_catta	1.483	1	121.4130573102	0.289221556886228	0.999999999931638	0.330115041863704	0.646373391716785	0.18694511869494	55.9417082901988	40.7532714892304	15.1884368009684	OU	Atelidae	PLA	Lemuridae	STR	order
Trachypithecus_obscurus	Colobus_guereza	1.262	1.467	27.0170263233	0.122754491017964	0.222521588039966	0.298701097531687	0.337977684479155	0.186446083722076	55.9417082901988	40.7532714892304	15.1884368009684	OU	Cercopithecidae	OWM	Cercopithecidae	OWM	family
Trachypithecus_obscurus	Avahi_laniger	1.262	0.78	121.4130573093	0.288622754491018	0.999999999924226	0.329471862208543	0.645375929907708	0.186270178586279	55.9417082901988	40.7532714892304	15.1884368009684	OU	Cercopithecidae	OWM	Indriidae	STR	order
Leontocebus_fuscicolis	Alouatta_palliata	0.958	1.24	46.5475501523	0.168862275449102	0.383381748061849	0.312303407193054	0.422805619097349	0.186226702951771	55.9417082901988	40.7532714892304	15.1884368009684	OU	Callitrichidae	PLA	Atelidae	PLA	superfamily
Cercopithecus_mona	Hylobates_klossii	1.289	0.958	62.1515760359	0.198203592814371	0.511901910787562	0.316966887581113	0.47945768375561	0.185641494044463	55.9417082901988	40.7532714892304	15.1884368009684	OU	Cercopithecidae	OWM	Hylobatidae	APE	order
Macaca_fascicularis	Eulemur_mongoz	1.493	1.012	121.4130573136	0.288023952095808	0.999999999959642	0.328828440995507	0.64437669335464	0.185595921865922	55.9417082901988	40.7532714892304	15.1884368009684	OU	Cercopithecidae	OWM	Lemuridae	STR	order
Leontocebus_fuscicolis	Cercopithecus_diana	0.958	1.333	78.065338353	0.224550898203593	0.642973170078512	0.320225515126076	0.530270262435853	0.185190719087215	55.9417082901988	40.7532714892304	15.1884368009684	OU	Callitrichidae	PLA	Cercopithecidae	OWM	order
Cercopithecus_nictitans	Semnopithecus_entellus	1.566	1.314	38.5936741535	0.150898203592814	0.317870869953123	0.306789670006135	0.388512585461804	0.184432915252762	55.9417082901988	40.7532714892304	15.1884368009684	OU	Cercopithecidae	OWM	Cercopithecidae	OWM	family
Cercopithecus_pogonias	Trachypithecus_pileatus	1.469	1.217	38.5936741537	0.150898203592814	0.31787086995477	0.30678967000538	0.38851258546158	0.1844329152517	55.9417082901988	40.7532714892304	15.1884368009684	OU	Cercopithecidae	OWM	Cercopithecidae	OWM	family
Mandrillus_leucophaeus	Trachypithecus_cristatus	1.4	1.148	38.5936741541	0.150898203592814	0.317870869958065	0.306789670003871	0.388512585461131	0.184432915249575	55.9417082901988	40.7532714892304	15.1884368009684	OU	Cercopithecidae	OWM	Cercopithecidae	OWM	family
Cercopithecus_cephus	Eulemur_mongoz	1.49	1.012	121.4130573127	0.28622754491018	0.999999999952229	0.326896732176297	0.641368340643456	0.183577285534262	55.9417082901988	40.7532714892304	15.1884368009684	OU	Cercopithecidae	OWM	Lemuridae	STR	order
Cacajao_calvus	Chlorocebus_pygerythrus	1.198	1.571	78.0653383529	0.223353293413174	0.642973170077688	0.31861172399079	0.527898075172458	0.183378994899581	55.9417082901988	40.7532714892304	15.1884368009684	OU	Pitheciidae	PLA	Cercopithecidae	OWM	order
Alouatta_seniculus	Macaca_tonkeana	1.284	1.656	78.0653383564	0.222754491017964	0.642973170106516	0.317804280780559	0.526709510812088	0.182475590662408	55.9417082901988	40.7532714892304	15.1884368009684	OU	Atelidae	PLA	Cercopithecidae	OWM	order
Cercopithecus_mitis	Pongo_pygmaeus	1.866	2.193	62.1515760358	0.195808383233533	0.511901910786739	0.313341024152871	0.474405389204738	0.181465531384106	55.9417082901988	40.7532714892304	15.1884368009684	OU	Cercopithecidae	OWM	Hominidae	APE	order
Trachypithecus_cristatus	Pygathrix_nemaeus	1.148	1.303	17.7111143209	0.092814371257485	0.145874873033127	0.279800233497182	0.285002758765985	0.181335903240213	55.9417082901988	40.7532714892304	15.1884368009684	OU	Cercopithecidae	OWM	Cercopithecidae	OWM	family
Cercopithecus_petaurista	Eulemur_coronatus	1.517	1.043	121.4130573128	0.283832335329341	0.999999999953053	0.32431776367513	0.637332391292431	0.180895541010057	55.9417082901988	40.7532714892304	15.1884368009684	OU	Cercopithecidae	OWM	Lemuridae	STR	order
Saguinus_midas	Cercopithecus_ascanius	0.897	1.267	78.0653383528	0.221556886227545	0.642973170076864	0.316188303178099	0.524327451332773	0.180673724639282	55.9417082901988	40.7532714892304	15.1884368009684	OU	Callitrichidae	PLA	Cercopithecidae	OWM	order
Cercopithecus_ascanius	Piliocolobus_badius	1.267	1.018	38.5936741537	0.149101796407186	0.31787086995477	0.303319778451487	0.384265213496227	0.180244995828748	55.9417082901988	40.7532714892304	15.1884368009684	OU	Cercopithecidae	OWM	Cercopithecidae	OWM	family
Macaca_fascicularis	Eulemur_rubriventer	1.493	1.021	121.4130573146	0.282634730538922	0.999999999967878	0.323026848261907	0.63530379367597	0.17955891654173	55.9417082901988	40.7532714892304	15.1884368009684	OU	Cercopithecidae	OWM	Lemuridae	STR	order
Alouatta_caraya	Cacajao_calvus	1.483	1.198	49.0936032092	0.170658682634731	0.404351923042461	0.307588460853417	0.425182039051576	0.179450133731331	55.9417082901988	40.7532714892304	15.1884368009684	OU	Atelidae	PLA	Pitheciidae	PLA	superfamily
Alouatta_caraya	Eulemur_mongoz	1.483	1.012	121.4130573092	0.282035928143713	0.999999999923402	0.322381034224863	0.634286841384785	0.178891678033004	55.9417082901988	40.7532714892304	15.1884368009684	OU	Atelidae	PLA	Lemuridae	STR	order
Cacajao_calvus	Cercopithecus_nictitans	1.198	1.566	78.0653383528	0.220359281437126	0.642973170076864	0.314570876072236	0.521938831946289	0.178878484071221	55.9417082901988	40.7532714892304	15.1884368009684	OU	Pitheciidae	PLA	Cercopithecidae	OWM	order
Macaca_mulatta	Avahi_laniger	1.25	0.78	121.4130573107	0.281437125748503	0.999999999935757	0.321734983174732	0.63326812100071	0.178225159814045	55.9417082901988	40.7532714892304	15.1884368009684	OU	Cercopithecidae	OWM	Indriidae	STR	order
Callithrix_jacchus	Semnopithecus_entellus	0.947	1.314	78.065338352	0.219760479041916	0.642973170070276	0.313761621004333	0.520742067759881	0.177983361662947	55.9417082901988	40.7532714892304	15.1884368009684	OU	Callitrichidae	PLA	Cercopithecidae	OWM	order
Cercopithecus_pogonias	Cheirogaleus_medius	1.469	1	121.4130573116	0.280838323353293	0.999999999943169	0.321088695537417	0.632247633213467	0.177559365265849	55.9417082901988	40.7532714892304	15.1884368009684	OU	Cercopithecidae	OWM	Cheirogaleidae	STR	order
Cercopithecus_pogonias	Eulemur_fulvus	1.469	1	121.413057312	0.280838323353293	0.999999999946464	0.321088695536917	0.632247633213464	0.177559365265263	55.9417082901988	40.7532714892304	15.1884368009684	OU	Cercopithecidae	OWM	Lemuridae	STR	order
Chlorocebus_pygerythrus	Propithecus_verreauxi	1.571	1.102	121.4130573129	0.280838323353293	0.999999999953877	0.321088695535793	0.632247633213456	0.177559365263944	55.9417082901988	40.7532714892304	15.1884368009684	OU	Cercopithecidae	OWM	Indriidae	STR	order
Cercopithecus_pogonias	Lemur_catta	1.469	1	121.4130573136	0.280838323353293	0.999999999959642	0.32108869553492	0.63224763321345	0.177559365262919	55.9417082901988	40.7532714892304	15.1884368009684	OU	Cercopithecidae	OWM	Lemuridae	STR	order
Cercopithecus_cephus	Eulemur_rubriventer	1.49	1.021	121.4130573137	0.280838323353293	0.999999999960466	0.321088695534795	0.632247633213449	0.177559365262773	55.9417082901988	40.7532714892304	15.1884368009684	OU	Cercopithecidae	OWM	Lemuridae	STR	order
Saimiri_sciureus	Rhinopithecus_roxellana	1.177	1.543	78.0653383464	0.219161676646706	0.642973170024152	0.312952006027519	0.519543670193808	0.177089911615723	55.9417082901988	40.7532714892304	15.1884368009684	OU	Cebidae	PLA	Cercopithecidae	OWM	order
Cercopithecus_mitis	Pongo_abelii	1.866	2.188	62.1515760358	0.192814371257485	0.511901910786739	0.308798543998302	0.468054940615484	0.176298851766411	55.9417082901988	40.7532714892304	15.1884368009684	OU	Cercopithecidae	OWM	Hominidae	APE	order
Colobus_guereza	Cheirogaleus_medius	1.467	1	121.413057312	0.279640718562874	0.999999999946464	0.319795412169302	0.630201358259349	0.176229960672378	55.9417082901988	40.7532714892304	15.1884368009684	OU	Cercopithecidae	OWM	Cheirogaleidae	STR	order
Colobus_guereza	Eulemur_fulvus	1.467	1	121.4130573124	0.279640718562874	0.999999999949758	0.319795412168804	0.630201358259346	0.176229960671797	55.9417082901988	40.7532714892304	15.1884368009684	OU	Cercopithecidae	OWM	Lemuridae	STR	order
Colobus_guereza	Lemur_catta	1.467	1	121.413057314	0.279640718562874	0.999999999962936	0.319795412166814	0.630201358259333	0.176229960669471	55.9417082901988	40.7532714892304	15.1884368009684	OU	Cercopithecidae	OWM	Lemuridae	STR	order
Saguinus_oedipus	Mandrillus_leucophaeus	1.035	1.4	78.0653383522	0.218562874251497	0.642973170071923	0.312142031932334	0.518343641476717	0.176198139213906	55.9417082901988	40.7532714892304	15.1884368009684	OU	Callitrichidae	PLA	Cercopithecidae	OWM	order
Saguinus_midas	Trachypithecus_obscurus	0.897	1.262	78.0653383524	0.218562874251497	0.64297317007357	0.312142031931955	0.518343641476695	0.176198139213447	55.9417082901988	40.7532714892304	15.1884368009684	OU	Callitrichidae	PLA	Cercopithecidae	OWM	order
Cebuella_pygmaea	Cercopithecus_ascanius	0.902	1.267	78.0653383524	0.218562874251497	0.64297317007357	0.312142031931955	0.518343641476695	0.176198139213447	55.9417082901988	40.7532714892304	15.1884368009684	OU	Callitrichidae	PLA	Cercopithecidae	OWM	order
Trachypithecus_pileatus	Piliocolobus_badius	1.217	1.018	27.0170263241	0.119161676646707	0.222521588046555	0.290361250203757	0.328674057747748	0.176006975931271	55.9417082901988	40.7532714892304	15.1884368009684	OU	Cercopithecidae	OWM	Cercopithecidae	OWM	family
Trachypithecus_pileatus	Semnopithecus_entellus	1.217	1.314	9.0158535418	0.0580838323353293	0.0742576930432526	0.246613847670495	0.224562361198757	0.175651060545295	55.9417082901988	40.7532714892304	15.1884368009684	OU	Cercopithecidae	OWM	Cercopithecidae	OWM	family
Cebus_olivaceus	Gorilla_beringei	1.306	1.67	78.065338346	0.217964071856287	0.642973170020857	0.311331699585658	0.517141983856822	0.175308049829847	55.9417082901988	40.7532714892304	15.1884368009684	OU	Cebidae	PLA	Hominidae	APE	order
Aotus_trivirgatus	Cercopithecus_pogonias	1.105	1.469	78.0653383557	0.217964071856287	0.64297317010075	0.311331699567329	0.517141983855747	0.1753080498077	55.9417082901988	40.7532714892304	15.1884368009684	OU	Aotidae	PLA	Cercopithecidae	OWM	order
Theropithecus_gelada	Pan_troglodytes	1.624	1.303	62.151576032	0.192215568862276	0.511901910755441	0.307888706122618	0.46678020226604	0.175272684526234	55.9417082901988	40.7532714892304	15.1884368009684	OU	Cercopithecidae	OWM	Hominidae	APE	order
Colobus_angolensis	Hylobates_klossii	1.279	0.958	62.1515760363	0.192215568862275	0.511901910790857	0.307888706112512	0.466780202264835	0.175272684513655	55.9417082901988	40.7532714892304	15.1884368009684	OU	Cercopithecidae	OWM	Hylobatidae	APE	order
Semnopithecus_vetulus	Semnopithecus_entellus	1.385	1.314	5.7933545577	0.0425149700598802	0.0477160750717481	0.225795761804218	0.196488015510454	0.175070604277306	55.9417082901988	40.7532714892304	15.1884368009684	OU	Cercopithecidae	OWM	Cercopithecidae	OWM	family
Cercopithecus_nictitans	Propithecus_verreauxi	1.566	1.102	121.4130573128	0.277844311377245	0.999999999953053	0.317853723149613	0.627118708365814	0.174241365685867	55.9417082901988	40.7532714892304	15.1884368009684	OU	Cercopithecidae	OWM	Indriidae	STR	order
Macaca_tonkeana	Cercopithecus_mitis	1.656	1.866	29.8369393138	0.125748502994012	0.245747368304296	0.29151718777108	0.339826169970996	0.173888462964649	55.9417082901988	40.7532714892304	15.1884368009684	OU	Cercopithecidae	OWM	Cercopithecidae	OWM	family
Aotus_trivirgatus	Colobus_guereza	1.105	1.467	78.0653383561	0.216766467065868	0.642973170104045	0.309709963323406	0.514733790960397	0.173532941238981	55.9417082901988	40.7532714892304	15.1884368009684	OU	Aotidae	PLA	Cercopithecidae	OWM	order
Piliocolobus_badius	Colobus_polykomos	1.018	1.193	22.216371838	0.104790419161677	0.182981734655774	0.281963438151899	0.302808688210237	0.17341320664077	55.9417082901988	40.7532714892304	15.1884368009684	OU	Cercopithecidae	OWM	Cercopithecidae	OWM	family
Alouatta_caraya	Eulemur_rubriventer	1.483	1.021	121.4130573102	0.276646706586826	0.999999999931638	0.316558092718239	0.625054792340935	0.172919349749253	55.9417082901988	40.7532714892304	15.1884368009684	OU	Atelidae	PLA	Lemuridae	STR	order
Saimiri_oerstedii	Hylobates_klossii	1.319	0.958	78.0653383497	0.216167664670659	0.642973170051332	0.308898561101807	0.513527260253408	0.172647932704312	55.9417082901988	40.7532714892304	15.1884368009684	OU	Cebidae	PLA	Hylobatidae	APE	order
Presbytis_comata	Colobus_polykomos	0.996	1.193	27.017026323	0.117964071856287	0.222521588037495	0.287573493246069	0.325561532661989	0.17258803683403	55.9417082901988	40.7532714892304	15.1884368009684	OU	Cercopithecidae	OWM	Cercopithecidae	OWM	family
Semnopithecus_vetulus	Hylobates_muelleri	1.385	1.067	62.1515760364	0.190419161676647	0.511901910791681	0.305156529736174	0.46294674259583	0.172208637568275	55.9417082901988	40.7532714892304	15.1884368009684	OU	Cercopithecidae	OWM	Hylobatidae	APE	order
Sapajus_apella	Macaca_nigra	1.448	1.808	78.065338349	0.215568862275449	0.642973170045567	0.30808680389763	0.512319109775695	0.171764628387979	55.9417082901988	40.7532714892304	15.1884368009684	OU	Cebidae	PLA	Cercopithecidae	OWM	order
Cebuella_pygmaea	Trachypithecus_obscurus	0.902	1.262	78.065338352	0.215568862275449	0.642973170070275	0.308086803892014	0.512319109775365	0.171764628381267	55.9417082901988	40.7532714892304	15.1884368009684	OU	Callitrichidae	PLA	Cercopithecidae	OWM	order
Alouatta_palliata	Avahi_laniger	1.24	0.78	121.413057306	0.275449101796407	0.999999999897046	0.315261529340154	0.622983830843652	0.171600336657236	55.9417082901988	40.7532714892304	15.1884368009684	OU	Atelidae	PLA	Indriidae	STR	order
Trachypithecus_cristatus	Presbytis_comata	1.148	0.996	17.9572585531	0.0910179640718562	0.147902202198839	0.272793103423066	0.278706565108644	0.171514039361939	55.9417082901988	40.7532714892304	15.1884368009684	OU	Cercopithecidae	OWM	Cercopithecidae	OWM	family
Macaca_silenus	Cheirogaleus_medius	1.459	1	121.413057313	0.274850299401198	0.9999999999547	0.314612898837403	0.621945710097912	0.170941964639445	55.9417082901988	40.7532714892304	15.1884368009684	OU	Cercopithecidae	OWM	Cheirogaleidae	STR	order
Macaca_silenus	Eulemur_fulvus	1.459	1	121.4130573134	0.274850299401198	0.999999999957995	0.314612898836913	0.621945710097909	0.170941964638881	55.9417082901988	40.7532714892304	15.1884368009684	OU	Cercopithecidae	OWM	Lemuridae	STR	order
Macaca_silenus	Lemur_catta	1.459	1	121.413057315	0.274850299401198	0.999999999971173	0.314612898834951	0.621945710097896	0.170941964636625	55.9417082901988	40.7532714892304	15.1884368009684	OU	Cercopithecidae	OWM	Lemuridae	STR	order
Alouatta_caraya	Papio_hamadryas	1.483	1.842	78.0653383561	0.214970059880239	0.642973170104045	0.307274692535682	0.511109341848414	0.170883033587115	55.9417082901988	40.7532714892304	15.1884368009684	OU	Atelidae	PLA	Cercopithecidae	OWM	order
Macaca_silenus	Trachypithecus_pileatus	1.459	1.217	38.5936741551	0.144910179640719	0.317870869966301	0.295198751354246	0.374304673952564	0.170637081493428	55.9417082901988	40.7532714892304	15.1884368009684	OU	Cercopithecidae	OWM	Cercopithecidae	OWM	family
Cercopithecus_pogonias	Eulemur_mongoz	1.469	1.012	121.4130573126	0.273652694610778	0.999999999951406	0.31331494235544	0.619864192848766	0.169627506674043	55.9417082901988	40.7532714892304	15.1884368009684	OU	Cercopithecidae	OWM	Lemuridae	STR	order
Macaca_nemestrina	Macaca_nigra	1.723	1.808	7.6582823365	0.0508982035928143	0.0630762663064336	0.234844126269161	0.209832483185417	0.169320365249136	55.9417082901988	40.7532714892304	15.1884368009684	OU	Cercopithecidae	OWM	Cercopithecidae	OWM	family
Cercopithecus_mona	Trachypithecus_francoisi	1.289	1.048	38.5936741538	0.144311377245509	0.317870869955594	0.294035827168937	0.372876088793328	0.169283400908051	55.9417082901988	40.7532714892304	15.1884368009684	OU	Cercopithecidae	OWM	Cercopithecidae	OWM	family
Colobus_guereza	Eulemur_mongoz	1.467	1.012	121.413057313	0.272455089820359	0.9999999999547	0.312016061367495	0.61777564707255	0.168316119419607	55.9417082901988	40.7532714892304	15.1884368009684	OU	Cercopithecidae	OWM	Lemuridae	STR	order
Callithrix_jacchus	Pan_troglodytes	0.947	1.303	78.0653383503	0.213173652694611	0.642973170056274	0.304836241946108	0.507470356818153	0.168248559403645	55.9417082901988	40.7532714892304	15.1884368009684	OU	Callitrichidae	PLA	Hominidae	APE	order
Callithrix_jacchus	Pygathrix_nemaeus	0.947	1.303	78.0653383511	0.213173652694611	0.642973170062863	0.304836241944624	0.507470356818065	0.168248559401892	55.9417082901988	40.7532714892304	15.1884368009684	OU	Callitrichidae	PLA	Cercopithecidae	OWM	order
Leontocebus_fuscicolis	Semnopithecus_entellus	0.958	1.314	78.065338352	0.213173652694611	0.642973170070276	0.304836241942955	0.507470356817966	0.16824855939992	55.9417082901988	40.7532714892304	15.1884368009684	OU	Callitrichidae	PLA	Cercopithecidae	OWM	order
Cercocebus_torquatus	Allenopithecus_nigroviridis	1.722	1.928	29.83693931	0.123353293413174	0.245747368272998	0.286211423520722	0.333748624926012	0.167525668112171	55.9417082901988	40.7532714892304	15.1884368009684	OU	Cercopithecidae	OWM	Cercopithecidae	OWM	family
Papio_cynocephalus	Cercopithecus_nictitans	1.772	1.566	29.8369393137	0.123353293413174	0.245747368303472	0.286211423503757	0.33374862491925	0.167525668088002	55.9417082901988	40.7532714892304	15.1884368009684	OU	Cercopithecidae	OWM	Cercopithecidae	OWM	family
Macaca_nemestrina	Cercopithecus_petaurista	1.723	1.517	29.8369393142	0.123353293413174	0.24574736830759	0.286211423501465	0.333748624918337	0.167525668084736	55.9417082901988	40.7532714892304	15.1884368009684	OU	Cercopithecidae	OWM	Cercopithecidae	OWM	family
Hapalemur_griseus	Avahi_laniger	1.119	0.78	71.9834962258	0.202994011976048	0.592881011446466	0.302419555827925	0.487366715370943	0.166867420184985	55.9417082901988	40.7532714892304	15.1884368009684	OU	Lemuridae	STR	Indriidae	STR	superfamily
Theropithecus_gelada	Semnopithecus_vetulus	1.624	1.385	38.593674154	0.14311377245509	0.317870869957241	0.291707920057257	0.37001472435802	0.16659029836213	55.9417082901988	40.7532714892304	15.1884368009684	OU	Cercopithecidae	OWM	Cercopithecidae	OWM	family
Aotus_trivirgatus	Macaca_silenus	1.105	1.459	78.0653383571	0.211976047904192	0.642973170112281	0.303208852730724	0.505036322792873	0.166500887953076	55.9417082901988	40.7532714892304	15.1884368009684	OU	Aotidae	PLA	Cercopithecidae	OWM	order
Chlorocebus_pygerythrus	Hapalemur_griseus	1.571	1.119	121.4130573157	0.27065868263473	0.999999999976938	0.310066013857923	0.614629665694625	0.166354855628968	55.9417082901988	40.7532714892304	15.1884368009684	OU	Cercopithecidae	OWM	Lemuridae	STR	order
Macaca_nemestrina	Allenopithecus_nigroviridis	1.723	1.928	29.8369393105	0.122754491017964	0.245747368277116	0.284882805032339	0.332225788870673	0.165951757293584	55.9417082901988	40.7532714892304	15.1884368009684	OU	Cercopithecidae	OWM	Cercopithecidae	OWM	family
Cercocebus_torquatus	Cercopithecus_petaurista	1.722	1.517	29.8369393137	0.122754491017964	0.245747368303472	0.284882805017729	0.332225788864848	0.165951757272876	55.9417082901988	40.7532714892304	15.1884368009684	OU	Cercopithecidae	OWM	Cercopithecidae	OWM	family
Saguinus_midas	Macaca_mulatta	0.897	1.25	78.0653383538	0.211377245508982	0.642973170085101	0.302394633998826	0.50381689977081	0.165629661499458	55.9417082901988	40.7532714892304	15.1884368009684	OU	Callitrichidae	PLA	Cercopithecidae	OWM	order
Cercopithecus_petaurista	Colobus_angolensis	1.517	1.279	38.5936741537	0.14251497005988	0.31787086995477	0.290542942037172	0.368581953988807	0.165250896204491	55.9417082901988	40.7532714892304	15.1884368009684	OU	Cercopithecidae	OWM	Cercopithecidae	OWM	family
Cercopithecus_diana	Nomascus_concolor	1.333	1.022	62.1515760367	0.18622754491018	0.511901910794152	0.298766069578926	0.453948459576609	0.165144347696535	55.9417082901988	40.7532714892304	15.1884368009684	OU	Cercopithecidae	OWM	Hylobatidae	APE	order
Macaca_fascicularis	Eulemur_coronatus	1.493	1.043	121.4130573137	0.269461077844311	0.999999999960466	0.308764836467266	0.6125235805303	0.165051264221277	55.9417082901988	40.7532714892304	15.1884368009684	OU	Cercopithecidae	OWM	Lemuridae	STR	order
Macaca_fascicularis	Cercopithecus_mona	1.493	1.289	29.8369393142	0.122155688622755	0.24574736830759	0.283553322845753	0.33070158374677	0.164384587185728	55.9417082901988	40.7532714892304	15.1884368009684	OU	Cercopithecidae	OWM	Cercopithecidae	OWM	family
Semnopithecus_vetulus	Colobus_polykomos	1.385	1.193	27.017026324	0.114970059880239	0.222521588045731	0.280587340221452	0.317755906390612	0.164174702804658	55.9417082901988	40.7532714892304	15.1884368009684	OU	Cercopithecidae	OWM	Cercopithecidae	OWM	family
Cercopithecus_neglectus	Rhinopithecus_roxellana	1.78	1.543	38.593674154	0.141916167664671	0.317870869957241	0.289377284312285	0.367147797480315	0.163916273271407	55.9417082901988	40.7532714892304	15.1884368009684	OU	Cercopithecidae	OWM	Cercopithecidae	OWM	family
Saimiri_oerstedii	Gorilla_beringei	1.319	1.67	78.0653383454	0.210179640718563	0.642973170015916	0.300765152450761	0.501373253842646	0.16389245348439	55.9417082901988	40.7532714892304	15.1884368009684	OU	Cebidae	PLA	Hominidae	APE	order
Sapajus_apella	Cheirogaleus_medius	1.448	1	121.413057301	0.268263473053892	0.999999999855864	0.307462746491287	0.610410492991604	0.163750838862069	55.9417082901988	40.7532714892304	15.1884368009684	OU	Cebidae	PLA	Cheirogaleidae	STR	order
Sapajus_apella	Eulemur_fulvus	1.448	1	121.4130573014	0.268263473053892	0.999999999859158	0.307462746490807	0.610410492991601	0.163750838861528	55.9417082901988	40.7532714892304	15.1884368009684	OU	Cebidae	PLA	Lemuridae	STR	order
Sapajus_apella	Lemur_catta	1.448	1	121.413057303	0.268263473053892	0.999999999872337	0.307462746488884	0.610410492991588	0.163750838859367	55.9417082901988	40.7532714892304	15.1884368009684	OU	Cebidae	PLA	Lemuridae	STR	order
Cercopithecus_pogonias	Eulemur_rubriventer	1.469	1.021	121.4130573136	0.268263473053892	0.999999999959642	0.307462746476148	0.6104104929915	0.163750838845047	55.9417082901988	40.7532714892304	15.1884368009684	OU	Cercopithecidae	OWM	Lemuridae	STR	order
Cercopithecus_ascanius	Hylobates_klossii	1.267	0.958	62.151576036	0.18502994011976	0.511901910788386	0.296936310933111	0.45136386241458	0.163148108406491	55.9417082901988	40.7532714892304	15.1884368009684	OU	Cercopithecidae	OWM	Hylobatidae	APE	order
Cercopithecus_cephus	Eulemur_coronatus	1.49	1.043	121.4130573128	0.267664670658683	0.999999999953053	0.306811360325673	0.609351325821036	0.163101821948976	55.9417082901988	40.7532714892304	15.1884368009684	OU	Cercopithecidae	OWM	Lemuridae	STR	order
Macaca_silenus	Eulemur_mongoz	1.459	1.012	121.413057314	0.267664670658683	0.999999999962937	0.306811360324234	0.609351325821026	0.163101821947362	55.9417082901988	40.7532714892304	15.1884368009684	OU	Cercopithecidae	OWM	Lemuridae	STR	order
Cercopithecus_nictitans	Hapalemur_griseus	1.566	1.119	121.4130573156	0.267664670658683	0.999999999976115	0.306811360322315	0.609351325821013	0.163101821945209	55.9417082901988	40.7532714892304	15.1884368009684	OU	Cercopithecidae	OWM	Lemuridae	STR	order
Cebus_olivaceus	Macaca_tonkeana	1.306	1.656	78.065338348	0.209580838323353	0.64297317003733	0.299949891298387	0.50014903583541	0.16302648244392	55.9417082901988	40.7532714892304	15.1884368009684	OU	Cebidae	PLA	Cercopithecidae	OWM	order
Saguinus_oedipus	Semnopithecus_vetulus	1.035	1.385	78.0653383522	0.209580838323353	0.642973170071923	0.29994989129071	0.500149035834955	0.163026482435	55.9417082901988	40.7532714892304	15.1884368009684	OU	Callitrichidae	PLA	Cercopithecidae	OWM	order
Colobus_guereza	Eulemur_rubriventer	1.467	1.021	121.413057314	0.267065868263473	0.999999999962936	0.306159747306461	0.608290411073294	0.162453606795655	55.9417082901988	40.7532714892304	15.1884368009684	OU	Cercopithecidae	OWM	Lemuridae	STR	order
Cebus_olivaceus	Hylobates_klossii	1.306	0.958	78.0653383503	0.208383233532934	0.642973170056274	0.298318332470966	0.497695822098779	0.161299832644181	55.9417082901988	40.7532714892304	15.1884368009684	OU	Cebidae	PLA	Hylobatidae	APE	order
Cebuella_pygmaea	Macaca_mulatta	0.902	1.25	78.0653383534	0.208383233532934	0.642973170081806	0.298318332465326	0.497695822098443	0.161299832637667	55.9417082901988	40.7532714892304	15.1884368009684	OU	Callitrichidae	PLA	Cercopithecidae	OWM	order
Papio_hamadryas	Nasalis_larvatus	1.842	2.077	38.5936741529	0.140718562874251	0.317870869948181	0.287043939612664	0.364275344030922	0.161261404390126	55.9417082901988	40.7532714892304	15.1884368009684	OU	Cercopithecidae	OWM	Cercopithecidae	OWM	family
Presbytis_comata	Pan_troglodytes	0.996	1.303	62.151576031	0.183832335329341	0.511901910747204	0.295104830634669	0.448773239798302	0.161161798722367	55.9417082901988	40.7532714892304	15.1884368009684	OU	Cercopithecidae	OWM	Hominidae	APE	order
Trachypithecus_francoisi	Pan_paniscus	1.048	1.355	62.1515760322	0.183832335329341	0.511901910757088	0.295104830631953	0.448773239797975	0.161161798719138	55.9417082901988	40.7532714892304	15.1884368009684	OU	Cercopithecidae	OWM	Hominidae	APE	order
Nasalis_larvatus	Gorilla_gorilla	2.077	2.383	62.151576031	0.183233532934132	0.511901910747204	0.294188447836214	0.447475676774585	0.160172383490066	55.9417082901988	40.7532714892304	15.1884368009684	OU	Cercopithecidae	OWM	Hominidae	APE	order
Papio_anubis	Pongo_pygmaeus	1.887	2.193	62.1515760359	0.183233532934132	0.511901910787563	0.294188447825158	0.447475676773253	0.160172383476961	55.9417082901988	40.7532714892304	15.1884368009684	OU	Cercopithecidae	OWM	Hominidae	APE	order
Papio_cynocephalus	Chlorocebus_pygerythrus	1.772	1.571	29.8369393138	0.120359281437126	0.245747368304296	0.279559730832948	0.326120808668835	0.1597236481673	55.9417082901988	40.7532714892304	15.1884368009684	OU	Cercopithecidae	OWM	Cercopithecidae	OWM	family
Macaca_fuscata	Chlorocebus_pygerythrus	1.37	1.571	29.8369393145	0.120359281437126	0.245747368310061	0.279559730829806	0.32612080866758	0.159723648162939	55.9417082901988	40.7532714892304	15.1884368009684	OU	Cercopithecidae	OWM	Cercopithecidae	OWM	family
Rhinopithecus_roxellana	Propithecus_verreauxi	1.543	1.102	121.4130573124	0.264071856287425	0.999999999949758	0.30289829424935	0.602959660440591	0.159224676806982	55.9417082901988	40.7532714892304	15.1884368009684	OU	Cercopithecidae	OWM	Indriidae	STR	order
Leontocebus_fuscicolis	Pan_troglodytes	0.958	1.303	78.0653383503	0.206586826347305	0.642973170056274	0.29586841556297	0.494004094726973	0.158723167443032	55.9417082901988	40.7532714892304	15.1884368009684	OU	Callitrichidae	PLA	Hominidae	APE	order
Leontocebus_fuscicolis	Pygathrix_nemaeus	0.958	1.303	78.0653383511	0.206586826347305	0.642973170062863	0.295868415561525	0.494004094726887	0.158723167441378	55.9417082901988	40.7532714892304	15.1884368009684	OU	Callitrichidae	PLA	Cercopithecidae	OWM	order
Cacajao_calvus	Rhinopithecus_roxellana	1.198	1.543	78.0653383524	0.206586826347305	0.64297317007357	0.295868415559178	0.494004094726747	0.15872316743869	55.9417082901988	40.7532714892304	15.1884368009684	OU	Pitheciidae	PLA	Cercopithecidae	OWM	order
Alouatta_caraya	Eulemur_coronatus	1.483	1.043	121.4130573093	0.263473053892216	0.999999999924226	0.302245329059178	0.601888282492893	0.15858134390236	55.9417082901988	40.7532714892304	15.1884368009684	OU	Atelidae	PLA	Lemuridae	STR	order
Trachypithecus_obscurus	Hylobates_klossii	1.262	0.958	62.1515760356	0.182035928143713	0.511901910785092	0.292354402917858	0.444876063088761	0.158201064202087	55.9417082901988	40.7532714892304	15.1884368009684	OU	Cercopithecidae	OWM	Hylobatidae	APE	order
Macaca_mulatta	Piliocolobus_badius	1.25	1.018	38.5936741547	0.138922155688623	0.317870869963007	0.283538886480709	0.359956380606492	0.157315190138523	55.9417082901988	40.7532714892304	15.1884368009684	OU	Cercopithecidae	OWM	Cercopithecidae	OWM	family
Macaca_silenus	Eulemur_rubriventer	1.459	1.021	121.413057315	0.262275449101797	0.999999999971173	0.300938727533985	0.599740307677071	0.157297158544988	55.9417082901988	40.7532714892304	15.1884368009684	OU	Cercopithecidae	OWM	Lemuridae	STR	order
Macaca_fuscata	Hylobates_muelleri	1.37	1.067	62.151576037	0.181437125748503	0.511901910796622	0.291436743201124	0.443574018789365	0.157219172908752	55.9417082901988	40.7532714892304	15.1884368009684	OU	Cercopithecidae	OWM	Hylobatidae	APE	order
Sapajus_apella	Hylobates_lar	1.448	1.105	78.0653383517	0.205389221556886	0.642973170067805	0.294233428370523	0.491535034848871	0.157014324819961	55.9417082901988	40.7532714892304	15.1884368009684	OU	Cebidae	PLA	Hylobatidae	APE	order
Trachypithecus_pileatus	Avahi_laniger	1.217	0.78	121.4130573101	0.261676646706587	0.999999999930815	0.300285092080189	0.598663713100266	0.15665631295983	55.9417082901988	40.7532714892304	15.1884368009684	OU	Cercopithecidae	OWM	Indriidae	STR	order
Alouatta_seniculus	Ateles_geoffroyi	1.284	1.067	34.5806779974	0.129940119760479	0.284818443428908	0.280315532009906	0.342822289839795	0.156402685381094	55.9417082901988	40.7532714892304	15.1884368009684	OU	Atelidae	PLA	Atelidae	PLA	family
Callithrix_jacchus	Cercopithecus_mona	0.947	1.289	78.0653383519	0.204790419161677	0.642973170069452	0.293415424543428	0.490298140109113	0.156162599469415	55.9417082901988	40.7532714892304	15.1884368009684	OU	Callitrichidae	PLA	Cercopithecidae	OWM	order
Cheracebus_torquatus	Mandrillus_leucophaeus	1.058	1.4	78.0653383533	0.204790419161677	0.642973170080983	0.293415424540919	0.490298140108963	0.156162599466566	55.9417082901988	40.7532714892304	15.1884368009684	OU	Pitheciidae	PLA	Cercopithecidae	OWM	order
Sapajus_apella	Eulemur_mongoz	1.448	1.012	121.413057302	0.261077844311377	0.9999999998641	0.299631234074097	0.5975853819628	0.156016303336041	55.9417082901988	40.7532714892304	15.1884368009684	OU	Cebidae	PLA	Lemuridae	STR	order
Mandrillus_leucophaeus	Eulemur_macaco	1.4	0.964	121.4130573131	0.261077844311377	0.999999999955524	0.299631234061063	0.59758538196271	0.156016303321754	55.9417082901988	40.7532714892304	15.1884368009684	OU	Cercopithecidae	OWM	Lemuridae	STR	order
Macaca_fascicularis	Trachypithecus_obscurus	1.493	1.262	38.5936741539	0.138323353293413	0.317870869956418	0.282369202407774	0.358514002132656	0.156009448064335	55.9417082901988	40.7532714892304	15.1884368009684	OU	Cercopithecidae	OWM	Cercopithecidae	OWM	family
Macaca_tonkeana	Pan_paniscus	1.656	1.355	62.151576032	0.180239520958084	0.511901910755441	0.28960015526957	0.440965471295542	0.155262958850988	55.9417082901988	40.7532714892304	15.1884368009684	OU	Cercopithecidae	OWM	Hominidae	APE	order
Papio_anubis	Pongo_abelii	1.887	2.188	62.1515760359	0.180239520958084	0.511901910787563	0.289600155260893	0.440965471294493	0.155262958840876	55.9417082901988	40.7532714892304	15.1884368009684	OU	Cercopithecidae	OWM	Hominidae	APE	order
Saimiri_sciureus	Cercopithecus_petaurista	1.177	1.517	78.0653383467	0.203592814371257	0.642973170026623	0.291778400686797	0.48781963399257	0.154464566827869	55.9417082901988	40.7532714892304	15.1884368009684	OU	Cebidae	PLA	Cercopithecidae	OWM	order
Alouatta_seniculus	Theropithecus_gelada	1.284	1.624	78.0653383564	0.203592814371258	0.642973170106515	0.2917784006695	0.487819633991534	0.154464566808348	55.9417082901988	40.7532714892304	15.1884368009684	OU	Atelidae	PLA	Cercopithecidae	OWM	order
Macaca_fuscata	Gorilla_beringei	1.37	1.67	62.1515760326	0.179640718562874	0.511901910760383	0.28868122944614	0.439658974550369	0.154288648763835	55.9417082901988	40.7532714892304	15.1884368009684	OU	Cercopithecidae	OWM	Hominidae	APE	order
Papio_cynocephalus	Rhinopithecus_roxellana	1.772	1.543	38.5936741533	0.137125748502994	0.317870869951476	0.280027849641058	0.355625186665757	0.153412515954995	55.9417082901988	40.7532714892304	15.1884368009684	OU	Cercopithecidae	OWM	Cercopithecidae	OWM	family
Macaca_silenus	Theropithecus_gelada	1.459	1.624	22.401646143	0.0988023952095809	0.184507718014499	0.265420373516682	0.28576260145065	0.153023568815839	55.9417082901988	40.7532714892304	15.1884368009684	OU	Cercopithecidae	OWM	Cercopithecidae	OWM	family
Cercopithecus_cephus	Trachypithecus_obscurus	1.49	1.262	38.593674153	0.136526946107784	0.317870869949005	0.278856185943175	0.354178758887687	0.152121345170567	55.9417082901988	40.7532714892304	15.1884368009684	OU	Cercopithecidae	OWM	Cercopithecidae	OWM	family
Macaca_fuscata	Cercopithecus_nictitans	1.37	1.566	29.8369393144	0.117365269461078	0.245747368309238	0.272886813199039	0.318459314855442	0.152091408170714	55.9417082901988	40.7532714892304	15.1884368009684	OU	Cercopithecidae	OWM	Cercopithecidae	OWM	family
Saimiri_oerstedii	Macaca_tonkeana	1.319	1.656	78.0653383474	0.201796407185629	0.642973170032388	0.289320337144088	0.484090122564214	0.151931141205454	55.9417082901988	40.7532714892304	15.1884368009684	OU	Cebidae	PLA	Cercopithecidae	OWM	order
Plecturocebus_moloch	Mandrillus_leucophaeus	1.063	1.4	78.0653383542	0.201796407185629	0.642973170088395	0.289320337132054	0.484090122563491	0.151931141191993	55.9417082901988	40.7532714892304	15.1884368009684	OU	Pitheciidae	PLA	Cercopithecidae	OWM	order
Saimiri_oerstedii	Cheracebus_torquatus	1.319	1.058	49.0936032007	0.156287425149701	0.404351922972452	0.282851342456608	0.392559546054231	0.151729513785275	55.9417082901988	40.7532714892304	15.1884368009684	OU	Cebidae	PLA	Pitheciidae	PLA	superfamily
Macaca_nemestrina	Papio_anubis	1.723	1.887	22.4016461424	0.0982035928143712	0.184507718009557	0.2638719230262	0.284106065273681	0.151214467618013	55.9417082901988	40.7532714892304	15.1884368009684	OU	Cercopithecidae	OWM	Cercopithecidae	OWM	family
Pan_paniscus	Hylobates_lar	1.355	1.105	45.7765141047	0.149700598802395	0.377031228071422	0.280671622856683	0.379366343567479	0.150627758575925	55.9417082901988	40.7532714892304	15.1884368009684	OU	Hominidae	APE	Hylobatidae	APE	superfamily
Sapajus_apella	Eulemur_rubriventer	1.448	1.021	121.413057303	0.255688622754491	0.999999999872337	0.293736568644391	0.58780245644034	0.150294400558124	55.9417082901988	40.7532714892304	15.1884368009684	OU	Cebidae	PLA	Lemuridae	STR	order
Saguinus_oedipus	Macaca_fuscata	1.035	1.37	78.0653383528	0.20059880239521	0.642973170076864	0.287679952919121	0.481595977724562	0.150251333750595	55.9417082901988	40.7532714892304	15.1884368009684	OU	Callitrichidae	PLA	Cercopithecidae	OWM	order
Alouatta_caraya	Trachypithecus_cristatus	1.483	1.148	78.0653383563	0.20059880239521	0.642973170105692	0.287679952912959	0.481595977724191	0.150251333743743	55.9417082901988	40.7532714892304	15.1884368009684	OU	Atelidae	PLA	Cercopithecidae	OWM	order
Saimiri_oerstedii	Ateles_geoffroyi	1.319	1.067	46.5475501444	0.150898203592814	0.383381747996782	0.280568574363783	0.38164306213305	0.150213860702679	55.9417082901988	40.7532714892304	15.1884368009684	OU	Cebidae	PLA	Atelidae	PLA	superfamily
Cercopithecus_pogonias	Eulemur_coronatus	1.469	1.043	121.4130573127	0.255089820359282	0.999999999952229	0.293080508995432	0.586706827155626	0.149662939149842	55.9417082901988	40.7532714892304	15.1884368009684	OU	Cercopithecidae	OWM	Lemuridae	STR	order
Mandrillus_leucophaeus	Hylobates_lar	1.4	1.105	62.1515760367	0.176646706586826	0.511901910794152	0.284080330124589	0.433104391207263	0.149455320837473	55.9417082901988	40.7532714892304	15.1884368009684	OU	Cercopithecidae	OWM	Hylobatidae	APE	order
Ateles_geoffroyi	Mandrillus_leucophaeus	1.067	1.4	78.065338353	0.19940119760479	0.642973170078512	0.286038236556607	0.479095614848432	0.148578889156939	55.9417082901988	40.7532714892304	15.1884368009684	OU	Atelidae	PLA	Cercopithecidae	OWM	order
Colobus_guereza	Eulemur_coronatus	1.467	1.043	121.4130573131	0.253892215568862	0.999999999955524	0.291767736885684	0.584510401698922	0.148402640916985	55.9417082901988	40.7532714892304	15.1884368009684	OU	Cercopithecidae	OWM	Lemuridae	STR	order
Rhinopithecus_roxellana	Hapalemur_griseus	1.543	1.119	121.4130573152	0.253892215568862	0.99999999997282	0.291767736883277	0.584510401698904	0.148402640914414	55.9417082901988	40.7532714892304	15.1884368009684	OU	Cercopithecidae	OWM	Lemuridae	STR	order
Sapajus_apella	Cercopithecus_neglectus	1.448	1.78	78.0653383496	0.198802395209581	0.642973170050508	0.285216880976012	0.477843108437324	0.147745440893388	55.9417082901988	40.7532714892304	15.1884368009684	OU	Cebidae	PLA	Cercopithecidae	OWM	order
Callithrix_jacchus	Colobus_angolensis	0.947	1.279	78.0653383523	0.198802395209581	0.642973170072746	0.285216880971295	0.477843108437039	0.14774544088819	55.9417082901988	40.7532714892304	15.1884368009684	OU	Callitrichidae	PLA	Cercopithecidae	OWM	order
Leontocebus_fuscicolis	Cercopithecus_mona	0.958	1.289	78.0653383519	0.198203592814371	0.642973170069452	0.284395194930565	0.476589055694739	0.146913848869467	55.9417082901988	40.7532714892304	15.1884368009684	OU	Callitrichidae	PLA	Cercopithecidae	OWM	order
Alouatta_palliata	Chlorocebus_pygerythrus	1.24	1.571	78.0653383559	0.198203592814371	0.642973170102397	0.284395194923596	0.476589055694318	0.14691384886181	55.9417082901988	40.7532714892304	15.1884368009684	OU	Atelidae	PLA	Cercopithecidae	OWM	order
Saguinus_oedipus	Alouatta_seniculus	1.035	1.284	46.5475501526	0.149101796407186	0.38338174806432	0.277367234112734	0.377457111018376	0.146797633438889	55.9417082901988	40.7532714892304	15.1884368009684	OU	Callitrichidae	PLA	Atelidae	PLA	superfamily
Papio_hamadryas	Papio_anubis	1.842	1.887	3.47880109	0.0269461077844311	0.0286526109039009	0.185512920032515	0.155942092619396	0.146654434039025	55.9417082901988	40.7532714892304	15.1884368009684	OU	Cercopithecidae	OWM	Cercopithecidae	OWM	family
Semnopithecus_entellus	Nomascus_concolor	1.314	1.022	62.1515760357	0.174850299401198	0.511901910785915	0.2813148180324	0.429154080293369	0.14658612880217	55.9417082901988	40.7532714892304	15.1884368009684	OU	Cercopithecidae	OWM	Hylobatidae	APE	order
Macaca_mulatta	Hylobates_klossii	1.25	0.958	62.151576037	0.174850299401198	0.511901910796623	0.281314818029583	0.429154080293026	0.146586128798987	55.9417082901988	40.7532714892304	15.1884368009684	OU	Cercopithecidae	OWM	Hylobatidae	APE	order
Semnopithecus_vetulus	Eulemur_macaco	1.385	0.964	121.4130573131	0.252095808383234	0.999999999955524	0.28979695323181	0.581202866688521	0.146518806519012	55.9417082901988	40.7532714892304	15.1884368009684	OU	Cercopithecidae	OWM	Lemuridae	STR	order
Saimiri_oerstedii	Plecturocebus_moloch	1.319	1.063	49.0936032016	0.153293413173653	0.404351922979865	0.277659177837181	0.385660533799112	0.146207341161532	55.9417082901988	40.7532714892304	15.1884368009684	OU	Cebidae	PLA	Pitheciidae	PLA	superfamily
Macaca_silenus	Cercopithecus_ascanius	1.459	1.267	29.8369393147	0.11497005988024	0.245747368311709	0.267533507939118	0.312306338364601	0.146108903096017	55.9417082901988	40.7532714892304	15.1884368009684	OU	Cercopithecidae	OWM	Cercopithecidae	OWM	family
Cacajao_calvus	Avahi_laniger	1.198	0.78	121.413057303	0.250299401197605	0.999999999872337	0.287824229578584	0.577879888917829	0.144642990178736	55.9417082901988	40.7532714892304	15.1884368009684	OU	Pitheciidae	PLA	Indriidae	STR	order
Macaca_fuscata	Trachypithecus_cristatus	1.37	1.148	38.5936741547	0.132934131736527	0.317870869963007	0.271812539383257	0.345472204241623	0.144477056092963	55.9417082901988	40.7532714892304	15.1884368009684	OU	Cercopithecidae	OWM	Cercopithecidae	OWM	family
Cheracebus_torquatus	Semnopithecus_vetulus	1.058	1.385	78.0653383533	0.195808383233533	0.642973170080983	0.281105163490595	0.471557436782661	0.143606146562122	55.9417082901988	40.7532714892304	15.1884368009684	OU	Pitheciidae	PLA	Cercopithecidae	OWM	order
Macaca_silenus	Eulemur_coronatus	1.459	1.043	121.4130573141	0.249101796407186	0.99999999996376	0.286508008564678	0.575656010159757	0.143396946248585	55.9417082901988	40.7532714892304	15.1884368009684	OU	Cercopithecidae	OWM	Lemuridae	STR	order
Cercopithecus_nictitans	Allochrocebus_lhoesti	1.566	1.73	23.4097503931	0.0982035928143712	0.192810813845909	0.258335153824698	0.281395043364804	0.143321858911213	55.9417082901988	40.7532714892304	15.1884368009684	OU	Cercopithecidae	OWM	Cercopithecidae	OWM	family
Callithrix_jacchus	Saimiri_sciureus	0.947	1.177	41.3912937953	0.137724550898204	0.340913034474696	0.271919805075034	0.354411134356881	0.143177612401462	55.9417082901988	40.7532714892304	15.1884368009684	OU	Callitrichidae	PLA	Cebidae	PLA	superfamily
Alouatta_palliata	Cercopithecus_nictitans	1.24	1.566	78.0653383558	0.195209580838323	0.642973170101573	0.280281838138207	0.470295694040339	0.142783913190623	55.9417082901988	40.7532714892304	15.1884368009684	OU	Atelidae	PLA	Cercopithecidae	OWM	order
Alouatta_seniculus	Hylobates_klossii	1.284	0.958	78.0653383587	0.195209580838323	0.642973170125459	0.280281838133221	0.470295694040037	0.142783913185227	55.9417082901988	40.7532714892304	15.1884368009684	OU	Atelidae	PLA	Hylobatidae	APE	order
Cercopithecus_petaurista	Propithecus_verreauxi	1.517	1.102	121.4130573127	0.248502994011976	0.999999999952229	0.285849577827096	0.574541507097984	0.142775284704823	55.9417082901988	40.7532714892304	15.1884368009684	OU	Cercopithecidae	OWM	Indriidae	STR	order
Alouatta_caraya	Macaca_nigra	1.483	1.808	78.0653383562	0.194610778443114	0.642973170104868	0.279458187529643	0.469032421733161	0.141963566992479	55.9417082901988	40.7532714892304	15.1884368009684	OU	Atelidae	PLA	Cercopithecidae	OWM	order
Colobus_polykomos	Avahi_laniger	1.193	0.78	121.41305731	0.247305389221557	0.999999999929991	0.284532078094548	0.57230738107506	0.141534699641046	55.9417082901988	40.7532714892304	15.1884368009684	OU	Cercopithecidae	OWM	Indriidae	STR	order
Sapajus_apella	Papio_cynocephalus	1.448	1.772	78.0653383489	0.194011976047904	0.642973170044743	0.278634212544275	0.467767622707914	0.141145113110206	55.9417082901988	40.7532714892304	15.1884368009684	OU	Cebidae	PLA	Cercopithecidae	OWM	order
Callithrix_jacchus	Cacajao_calvus	0.947	1.198	49.0936032053	0.150299401197605	0.404351923010339	0.272454193411989	0.378727224215065	0.14077458712939	55.9417082901988	40.7532714892304	15.1884368009684	OU	Callitrichidae	PLA	Pitheciidae	PLA	superfamily
Cercopithecus_ascanius	Trachypithecus_francoisi	1.267	1.048	38.5936741539	0.131137724550898	0.317870869956418	0.268282045382281	0.341101145725182	0.140721381919135	55.9417082901988	40.7532714892304	15.1884368009684	OU	Cercopithecidae	OWM	Cercopithecidae	OWM	family
Saimiri_oerstedii	Presbytis_comata	1.319	0.996	78.0653383464	0.193413173652695	0.642973170024152	0.277809914031629	0.466501299824298	0.140328556646828	55.9417082901988	40.7532714892304	15.1884368009684	OU	Cebidae	PLA	Cercopithecidae	OWM	order
Alouatta_seniculus	Ateles_paniscus	1.284	1.079	34.5806779974	0.122754491017964	0.284818443428908	0.265416334110724	0.324981508662801	0.140064453712632	55.9417082901988	40.7532714892304	15.1884368009684	OU	Atelidae	PLA	Atelidae	PLA	family
Semnopithecus_vetulus	Gorilla_beringei	1.385	1.67	62.151576032	0.17065868263473	0.511901910755441	0.274847666814498	0.419886056560594	0.139982289113894	55.9417082901988	40.7532714892304	15.1884368009684	OU	Cercopithecidae	OWM	Hominidae	APE	order
Piliocolobus_badius	Pan_troglodytes	1.018	1.303	62.151576032	0.17065868263473	0.511901910755441	0.274847666814498	0.419886056560594	0.139982289113894	55.9417082901988	40.7532714892304	15.1884368009684	OU	Cercopithecidae	OWM	Hominidae	APE	order
Erythrocebus_patas	Pongo_pygmaeus	1.908	2.193	62.151576036	0.170658682634731	0.511901910788386	0.274847666806013	0.419886056559558	0.13998228910454	55.9417082901988	40.7532714892304	15.1884368009684	OU	Cercopithecidae	OWM	Hominidae	APE	order
Sapajus_apella	Cacajao_calvus	1.448	1.198	49.093603202	0.149700598802395	0.404351922983159	0.271411677460678	0.377336490843176	0.139698849983139	55.9417082901988	40.7532714892304	15.1884368009684	OU	Cebidae	PLA	Pitheciidae	PLA	superfamily
Plecturocebus_moloch	Semnopithecus_vetulus	1.063	1.385	78.0653383542	0.192814371257485	0.642973170088395	0.276985292854497	0.465233455957528	0.139513902712403	55.9417082901988	40.7532714892304	15.1884368009684	OU	Pitheciidae	PLA	Cercopithecidae	OWM	order
Macaca_tonkeana	Cercopithecus_pogonias	1.656	1.469	29.8369393136	0.111976047904192	0.245747368302649	0.260823554736362	0.304585982137195	0.13878616386539	55.9417082901988	40.7532714892304	15.1884368009684	OU	Cercopithecidae	OWM	Cercopithecidae	OWM	family
Leontocebus_fuscicolis	Colobus_angolensis	0.958	1.279	78.0653383523	0.192215568862275	0.642973170072746	0.27616034992015	0.463964094000221	0.138701156457015	55.9417082901988	40.7532714892304	15.1884368009684	OU	Callitrichidae	PLA	Cercopithecidae	OWM	order
Ateles_paniscus	Mandrillus_leucophaeus	1.079	1.4	78.065338353	0.192215568862275	0.642973170078512	0.276160349918962	0.463964094000148	0.138701156455749	55.9417082901988	40.7532714892304	15.1884368009684	OU	Atelidae	PLA	Cercopithecidae	OWM	order
Macaca_mulatta	Colobus_guereza	1.25	1.467	38.5936741547	0.129940119760479	0.317870869963007	0.265925217822298	0.338180607901653	0.138242389736834	55.9417082901988	40.7532714892304	15.1884368009684	OU	Cercopithecidae	OWM	Cercopithecidae	OWM	family
Saguinus_oedipus	Pan_paniscus	1.035	1.355	78.0653383502	0.191616766467066	0.64297317005545	0.275335086086705	0.462693216856691	0.137890322970518	55.9417082901988	40.7532714892304	15.1884368009684	OU	Callitrichidae	PLA	Hominidae	APE	order
Callithrix_jacchus	Cercopithecus_ascanius	0.947	1.267	78.065338352	0.191616766467066	0.642973170070275	0.27533508608366	0.462693216856505	0.137890322967283	55.9417082901988	40.7532714892304	15.1884368009684	OU	Callitrichidae	PLA	Cercopithecidae	OWM	order
Saguinus_midas	Trachypithecus_pileatus	0.897	1.217	78.0653383532	0.191616766467066	0.642973170080159	0.27533508608163	0.462693216856382	0.137890322965127	55.9417082901988	40.7532714892304	15.1884368009684	OU	Callitrichidae	PLA	Cercopithecidae	OWM	order
Cebus_olivaceus	Cheracebus_torquatus	1.306	1.058	49.0936032013	0.148502994011976	0.404351922977394	0.269325140573923	0.374550985177436	0.137558249505578	55.9417082901988	40.7532714892304	15.1884368009684	OU	Cebidae	PLA	Pitheciidae	PLA	superfamily
Cercocebus_torquatus	Erythrocebus_patas	1.722	1.908	29.836939314	0.111377245508982	0.245747368305943	0.259479158851271	0.30303808305103	0.137342455413508	55.9417082901988	40.7532714892304	15.1884368009684	OU	Cercopithecidae	OWM	Cercopithecidae	OWM	family
Macaca_fuscata	Eulemur_macaco	1.37	0.964	121.4130573137	0.24311377245509	0.999999999960466	0.27991417407845	0.56443434253416	0.137221762322113	55.9417082901988	40.7532714892304	15.1884368009684	OU	Cercopithecidae	OWM	Lemuridae	STR	order
Cacajao_calvus	Cercopithecus_petaurista	1.198	1.517	78.0653383527	0.191017964071856	0.642973170076041	0.274509502221502	0.461420827446478	0.137081407345121	55.9417082901988	40.7532714892304	15.1884368009684	OU	Pitheciidae	PLA	Cercopithecidae	OWM	order
Saimiri_oerstedii	Ateles_paniscus	1.319	1.079	46.5475501444	0.143712574850299	0.383381747996782	0.267734241442517	0.364826278568675	0.136756963888111	55.9417082901988	40.7532714892304	15.1884368009684	OU	Cebidae	PLA	Atelidae	PLA	superfamily
Sapajus_apella	Eulemur_coronatus	1.448	1.043	121.4130573021	0.24251497005988	0.999999999864924	0.279253634402214	0.5633028377685	0.136609370854526	55.9417082901988	40.7532714892304	15.1884368009684	OU	Cebidae	PLA	Lemuridae	STR	order
Cebus_olivaceus	Theropithecus_gelada	1.306	1.624	78.065338348	0.190419161676647	0.64297317003733	0.273683599221015	0.460146928705552	0.136274414696196	55.9417082901988	40.7532714892304	15.1884368009684	OU	Cebidae	PLA	Cercopithecidae	OWM	order
Ateles_geoffroyi	Semnopithecus_vetulus	1.067	1.385	78.065338353	0.190419161676647	0.642973170078512	0.273683599212602	0.460146928705039	0.136274414687316	55.9417082901988	40.7532714892304	15.1884368009684	OU	Atelidae	PLA	Cercopithecidae	OWM	order
Pygathrix_nemaeus	Nomascus_concolor	1.303	1.022	62.1515760348	0.168263473053892	0.511901910778503	0.271143295849995	0.414558569341405	0.136266466666541	55.9417082901988	40.7532714892304	15.1884368009684	OU	Cercopithecidae	OWM	Hylobatidae	APE	order
Macaca_nemestrina	Erythrocebus_patas	1.723	1.908	29.8369393145	0.110778443113772	0.245747368310061	0.25813397004902	0.301488921399406	0.135905721222363	55.9417082901988	40.7532714892304	15.1884368009684	OU	Cercopithecidae	OWM	Cercopithecidae	OWM	family
Cebus_olivaceus	Ateles_geoffroyi	1.306	1.067	46.547550145	0.14311377245509	0.383381748001724	0.266661267690005	0.363416186328203	0.135660765458342	55.9417082901988	40.7532714892304	15.1884368009684	OU	Cebidae	PLA	Atelidae	PLA	superfamily
Erythrocebus_patas	Pongo_abelii	1.908	2.188	62.151576036	0.167664670658683	0.511901910788386	0.270216209096692	0.413223155807314	0.135344140873144	55.9417082901988	40.7532714892304	15.1884368009684	OU	Cercopithecidae	OWM	Hominidae	APE	order
Semnopithecus_vetulus	Hylobates_lar	1.385	1.105	62.1515760367	0.167664670658683	0.511901910794152	0.270216209095229	0.413223155807135	0.135344140871561	55.9417082901988	40.7532714892304	15.1884368009684	OU	Cercopithecidae	OWM	Hylobatidae	APE	order
Pan_troglodytes	Hylobates_muelleri	1.303	1.067	45.7765141044	0.141317365269461	0.377031228068951	0.265565472634909	0.359668353446918	0.13480948074314	55.9417082901988	40.7532714892304	15.1884368009684	OU	Hominidae	APE	Hylobatidae	APE	superfamily
Saimiri_sciureus	Macaca_fascicularis	1.177	1.493	78.0653383476	0.189221556886228	0.642973170034036	0.272030839274368	0.457594615040958	0.13466621861721	55.9417082901988	40.7532714892304	15.1884368009684	OU	Cebidae	PLA	Cercopithecidae	OWM	order
Cercopithecus_petaurista	Pygathrix_nemaeus	1.517	1.303	38.5936741525	0.12814371257485	0.317870869944887	0.262385280193506	0.333790148700696	0.134561272893092	55.9417082901988	40.7532714892304	15.1884368009684	OU	Cercopithecidae	OWM	Cercopithecidae	OWM	family
Macaca_fascicularis	Colobus_angolensis	1.493	1.279	38.5936741546	0.12814371257485	0.317870869962183	0.262385280186631	0.333790148698622	0.134561272884934	55.9417082901988	40.7532714892304	15.1884368009684	OU	Cercopithecidae	OWM	Cercopithecidae	OWM	family
Callithrix_jacchus	Trachypithecus_obscurus	0.947	1.262	78.0653383516	0.188622754491018	0.642973170066981	0.271203984087455	0.456316206060305	0.133865025343156	55.9417082901988	40.7532714892304	15.1884368009684	OU	Callitrichidae	PLA	Cercopithecidae	OWM	order
Cebuella_pygmaea	Trachypithecus_pileatus	0.902	1.217	78.0653383528	0.188622754491018	0.642973170076864	0.271203984085453	0.456316206060183	0.133865025341062	55.9417082901988	40.7532714892304	15.1884368009684	OU	Callitrichidae	PLA	Cercopithecidae	OWM	order
Mandrillus_leucophaeus	Cheirogaleus_medius	1.4	1	121.413057312	0.239520958083832	0.999999999946464	0.275947818409201	0.557619976556167	0.133561671038568	55.9417082901988	40.7532714892304	15.1884368009684	OU	Cercopithecidae	OWM	Cheirogaleidae	STR	order
Mandrillus_leucophaeus	Eulemur_fulvus	1.4	1	121.4130573124	0.239520958083832	0.999999999949758	0.275947818408765	0.557619976556164	0.133561671038127	55.9417082901988	40.7532714892304	15.1884368009684	OU	Cercopithecidae	OWM	Lemuridae	STR	order
Mandrillus_leucophaeus	Lemur_catta	1.4	1	121.413057314	0.239520958083832	0.999999999962937	0.275947818407021	0.557619976556151	0.133561671036364	55.9417082901988	40.7532714892304	15.1884368009684	OU	Cercopithecidae	OWM	Lemuridae	STR	order
Cercopithecus_petaurista	Hapalemur_griseus	1.517	1.119	121.4130573155	0.238323353293413	0.999999999975291	0.274624045565153	0.555335039523401	0.132349308823817	55.9417082901988	40.7532714892304	15.1884368009684	OU	Cercopithecidae	OWM	Lemuridae	STR	order
Cebus_olivaceus	Plecturocebus_moloch	1.306	1.063	49.0936032022	0.145508982035928	0.404351922984806	0.264100102090235	0.367563852642632	0.132270527209148	55.9417082901988	40.7532714892304	15.1884368009684	OU	Cebidae	PLA	Pitheciidae	PLA	superfamily
Saimiri_sciureus	Cercopithecus_cephus	1.177	1.49	78.0653383467	0.187425149700599	0.642973170026623	0.26954932772693	0.45375489877188	0.132268473700354	55.9417082901988	40.7532714892304	15.1884368009684	OU	Cebidae	PLA	Cercopithecidae	OWM	order
Saimiri_sciureus	Avahi_laniger	1.177	0.78	121.413057297	0.237724550898204	0.999999999822919	0.273961851016901	0.554190050931043	0.131744580993164	55.9417082901988	40.7532714892304	15.1884368009684	OU	Cebidae	PLA	Indriidae	STR	order
Cheracebus_torquatus	Macaca_fuscata	1.058	1.37	78.0653383539	0.186826347305389	0.642973170085924	0.268721528291837	0.452472006493358	0.131473125417967	55.9417082901988	40.7532714892304	15.1884368009684	OU	Pitheciidae	PLA	Cercopithecidae	OWM	order
Cercopithecus_mitis	Nasalis_larvatus	1.866	2.077	38.5936741528	0.126347305389221	0.317870869947358	0.258839768527282	0.329388222401055	0.130925222352747	55.9417082901988	40.7532714892304	15.1884368009684	OU	Cercopithecidae	OWM	Cercopithecidae	OWM	family
Cercopithecus_cephus	Colobus_angolensis	1.49	1.279	38.5936741537	0.126347305389222	0.31787086995477	0.258839768524373	0.329388222400177	0.130925222349345	55.9417082901988	40.7532714892304	15.1884368009684	OU	Cercopithecidae	OWM	Cercopithecidae	OWM	family
Leontocebus_fuscicolis	Saimiri_sciureus	0.958	1.177	41.3912937953	0.131137724550898	0.340913034474696	0.259394970761501	0.33854385925832	0.130226382902092	55.9417082901988	40.7532714892304	15.1884368009684	OU	Callitrichidae	PLA	Cebidae	PLA	superfamily
Cebus_olivaceus	Presbytis_comata	1.306	0.996	78.065338347	0.18562874251497	0.642973170029094	0.267064991400656	0.44990175985863	0.129888309233884	55.9417082901988	40.7532714892304	15.1884368009684	OU	Cebidae	PLA	Cercopithecidae	OWM	order
Cercopithecus_diana	Rhinopithecus_roxellana	1.333	1.543	38.5936741541	0.125748502994012	0.317870869958065	0.257656704638594	0.327918388072422	0.12972326281347	55.9417082901988	40.7532714892304	15.1884368009684	OU	Cercopithecidae	OWM	Cercopithecidae	OWM	family
Leontocebus_fuscicolis	Cacajao_calvus	0.958	1.198	49.0936032053	0.143712574850299	0.404351923010339	0.260959187051863	0.363355715229384	0.129141924275828	55.9417082901988	40.7532714892304	15.1884368009684	OU	Callitrichidae	PLA	Pitheciidae	PLA	superfamily
Leontocebus_fuscicolis	Cercopithecus_ascanius	0.958	1.267	78.065338352	0.18502994011976	0.642973170070275	0.266236255684879	0.448614411618986	0.129098851371434	55.9417082901988	40.7532714892304	15.1884368009684	OU	Callitrichidae	PLA	Cercopithecidae	OWM	order
Pan_paniscus	Eulemur_macaco	1.355	0.964	121.4130573111	0.234131736526946	0.999999999939051	0.269984398045403	0.547284950259074	0.12813677578703	55.9417082901988	40.7532714892304	15.1884368009684	OU	Hominidae	APE	Lemuridae	STR	order
Macaca_fascicularis	Propithecus_verreauxi	1.493	1.102	121.4130573136	0.234131736526946	0.999999999959642	0.269984398042732	0.547284950259054	0.128136775784387	55.9417082901988	40.7532714892304	15.1884368009684	OU	Cercopithecidae	OWM	Indriidae	STR	order
Plecturocebus_moloch	Macaca_fuscata	1.063	1.37	78.0653383548	0.183832335329341	0.642973170093337	0.264577854190427	0.446035280703023	0.12752586127196	55.9417082901988	40.7532714892304	15.1884368009684	OU	Pitheciidae	PLA	Cercopithecidae	OWM	order
Macaca_mulatta	Mandrillus_leucophaeus	1.25	1.4	22.4016461427	0.0898203592814371	0.184507718012028	0.242083654687392	0.26077726700276	0.126949203355776	55.9417082901988	40.7532714892304	15.1884368009684	OU	Cercopithecidae	OWM	Cercopithecidae	OWM	family
Ateles_paniscus	Semnopithecus_vetulus	1.079	1.385	78.065338353	0.183233532934132	0.642973170078512	0.263748190189393	0.444743504232454	0.126742339062247	55.9417082901988	40.7532714892304	15.1884368009684	OU	Atelidae	PLA	Cercopithecidae	OWM	order
Cercopithecus_cephus	Propithecus_verreauxi	1.49	1.102	121.4130573127	0.232335329341317	0.999999999952229	0.267992937010181	0.543809873189796	0.126346245992647	55.9417082901988	40.7532714892304	15.1884368009684	OU	Cercopithecidae	OWM	Indriidae	STR	order
Mandrillus_leucophaeus	Eulemur_mongoz	1.4	1.012	121.413057313	0.232335329341317	0.9999999999547	0.267992937009863	0.543809873189793	0.126346245992334	55.9417082901988	40.7532714892304	15.1884368009684	OU	Cercopithecidae	OWM	Lemuridae	STR	order
Mandrillus_leucophaeus	Gorilla_beringei	1.4	1.67	62.151576032	0.161676646706587	0.511901910755441	0.260923815590101	0.399792081838327	0.126268415517492	55.9417082901988	40.7532714892304	15.1884368009684	OU	Cercopithecidae	OWM	Hominidae	APE	order
Cercopithecus_pogonias	Trachypithecus_obscurus	1.469	1.262	38.5936741529	0.123952095808383	0.317870869948181	0.25410386918399	0.323501376962991	0.126147682793322	55.9417082901988	40.7532714892304	15.1884368009684	OU	Cercopithecidae	OWM	Cercopithecidae	OWM	family
Mandrillus_leucophaeus	Colobus_polykomos	1.4	1.193	38.593674154	0.123952095808383	0.317870869957241	0.254103869180493	0.323501376961933	0.126147682789314	55.9417082901988	40.7532714892304	15.1884368009684	OU	Cercopithecidae	OWM	Cercopithecidae	OWM	family
Saimiri_oerstedii	Theropithecus_gelada	1.319	1.624	78.0653383474	0.182634730538922	0.642973170032388	0.262918218542524	0.443450257915039	0.125960805421553	55.9417082901988	40.7532714892304	15.1884368009684	OU	Cebidae	PLA	Cercopithecidae	OWM	order
Theropithecus_gelada	Pan_paniscus	1.624	1.355	62.151576032	0.161077844311377	0.511901910755441	0.259992451168141	0.398441360188263	0.125375729285528	55.9417082901988	40.7532714892304	15.1884368009684	OU	Cercopithecidae	OWM	Hominidae	APE	order
Leontocebus_fuscicolis	Trachypithecus_obscurus	0.958	1.262	78.0653383516	0.182035928143713	0.642973170066981	0.262087940119649	0.442155544888569	0.125181265322929	55.9417082901988	40.7532714892304	15.1884368009684	OU	Callitrichidae	PLA	Cercopithecidae	OWM	order
Semnopithecus_vetulus	Cheirogaleus_medius	1.385	1	121.413057312	0.230538922155689	0.999999999946464	0.265999669344621	0.540319845638061	0.124564754839395	55.9417082901988	40.7532714892304	15.1884368009684	OU	Cercopithecidae	OWM	Cheirogaleidae	STR	order
Semnopithecus_vetulus	Eulemur_fulvus	1.385	1	121.4130573124	0.230538922155689	0.999999999949758	0.265999669344199	0.540319845638058	0.124564754838984	55.9417082901988	40.7532714892304	15.1884368009684	OU	Cercopithecidae	OWM	Lemuridae	STR	order
Semnopithecus_vetulus	Lemur_catta	1.385	1	121.413057314	0.230538922155689	0.999999999962937	0.265999669342513	0.540319845638046	0.12456475483734	55.9417082901988	40.7532714892304	15.1884368009684	OU	Cercopithecidae	OWM	Lemuridae	STR	order
Aotus_trivirgatus	Saimiri_oerstedii	1.105	1.319	41.3912937995	0.12814371257485	0.340913034509288	0.253678823392958	0.331280321059259	0.124522930912943	55.9417082901988	40.7532714892304	15.1884368009684	OU	Aotidae	PLA	Cebidae	PLA	superfamily
Chlorocebus_pygerythrus	Pan_troglodytes	1.571	1.303	62.1515760319	0.160479041916168	0.511901910754617	0.25906070539753	0.397089268787748	0.124485773683303	55.9417082901988	40.7532714892304	15.1884368009684	OU	Cercopithecidae	OWM	Hominidae	APE	order
Callithrix_jacchus	Macaca_mulatta	0.947	1.25	78.065338353	0.181437125748503	0.642973170078512	0.261257355834169	0.44085936830792	0.124403723774855	55.9417082901988	40.7532714892304	15.1884368009684	OU	Callitrichidae	PLA	Cercopithecidae	OWM	order
Ateles_geoffroyi	Macaca_fuscata	1.067	1.37	78.0653383536	0.181437125748503	0.642973170083454	0.261257355833202	0.440859368307861	0.124403723773882	55.9417082901988	40.7532714892304	15.1884368009684	OU	Atelidae	PLA	Cercopithecidae	OWM	order
Alouatta_palliata	Rhinopithecus_roxellana	1.24	1.543	78.0653383554	0.181437125748503	0.642973170098279	0.2612573558303	0.440859368307681	0.124403723770962	55.9417082901988	40.7532714892304	15.1884368009684	OU	Atelidae	PLA	Cercopithecidae	OWM	order
Trachypithecus_cristatus	Trachypithecus_pileatus	1.148	1.217	7.1253052128	0.0413173652694612	0.0586864820816459	0.198490206697845	0.175876963787544	0.123823621684872	55.9417082901988	40.7532714892304	15.1884368009684	OU	Cercopithecidae	OWM	Cercopithecidae	OWM	family
Pan_paniscus	Pan_troglodytes	1.355	1.303	4.786270704	0.0311377245508982	0.0394213835785742	0.182809058097445	0.156610534107532	0.123701788981851	55.9417082901988	40.7532714892304	15.1884368009684	OU	Hominidae	APE	Hominidae	APE	family
Cercopithecus_mona	Nomascus_concolor	1.289	1.022	62.1515760356	0.159880239520958	0.511901910785092	0.258128579532836	0.395735811346517	0.123598554668541	55.9417082901988	40.7532714892304	15.1884368009684	OU	Cercopithecidae	OWM	Hylobatidae	APE	order
Saimiri_oerstedii	Piliocolobus_badius	1.319	1.018	78.0653383474	0.180239520958084	0.642973170032388	0.259595273252382	0.438262637170774	0.122854656242511	55.9417082901988	40.7532714892304	15.1884368009684	OU	Cebidae	PLA	Cercopithecidae	OWM	order
Cebus_olivaceus	Ateles_paniscus	1.306	1.079	46.547550145	0.135928143712575	0.383381748001724	0.253745482524321	0.346393535003744	0.122813958808712	55.9417082901988	40.7532714892304	15.1884368009684	OU	Cebidae	PLA	Atelidae	PLA	superfamily
Cercopithecus_diana	Hylobates_muelleri	1.333	1.067	62.1515760371	0.159281437125748	0.511901910797446	0.257196074850163	0.394380991590807	0.122714078206513	55.9417082901988	40.7532714892304	15.1884368009684	OU	Cercopithecidae	OWM	Hylobatidae	APE	order
Alouatta_caraya	Propithecus_verreauxi	1.483	1.102	121.4130573092	0.22814371257485	0.999999999923402	0.263339190157004	0.535643309351101	0.1222036532206	55.9417082901988	40.7532714892304	15.1884368009684	OU	Atelidae	PLA	Indriidae	STR	order
Sapajus_apella	Trachypithecus_cristatus	1.448	1.148	78.0653383491	0.179640718562874	0.64297317004639	0.258763776733328	0.436962088992816	0.122083140181013	55.9417082901988	40.7532714892304	15.1884368009684	OU	Cebidae	PLA	Cercopithecidae	OWM	order
Allenopithecus_nigroviridis	Pongo_pygmaeus	1.928	2.193	62.151576032	0.158682634730539	0.511901910755441	0.256263192623936	0.393024813260463	0.121832350245795	55.9417082901988	40.7532714892304	15.1884368009684	OU	Cercopithecidae	OWM	Hominidae	APE	order
Macaca_fuscata	Hylobates_lar	1.37	1.105	62.1515760373	0.158682634730539	0.511901910799093	0.256263192613394	0.393024813259159	0.121832350235001	55.9417082901988	40.7532714892304	15.1884368009684	OU	Cercopithecidae	OWM	Hylobatidae	APE	order
Cercopithecus_petaurista	Semnopithecus_entellus	1.517	1.314	38.5936741534	0.121556886227545	0.317870869952299	0.249358349956457	0.317594694131307	0.121451273930148	55.9417082901988	40.7532714892304	15.1884368009684	OU	Cercopithecidae	OWM	Cercopithecidae	OWM	family
Mandrillus_leucophaeus	Eulemur_rubriventer	1.4	1.021	121.413057314	0.226946107784431	0.999999999962937	0.262007763543129	0.533295148385496	0.121029258230895	55.9417082901988	40.7532714892304	15.1884368009684	OU	Cercopithecidae	OWM	Lemuridae	STR	order
Pygathrix_nemaeus	Colobus_guereza	1.303	1.467	27.0170263228	0.0982035928143713	0.222521588035848	0.241045602822718	0.273434806713949	0.120672698127101	55.9417082901988	40.7532714892304	15.1884368009684	OU	Cercopithecidae	OWM	Cercopithecidae	OWM	family
Aotus_trivirgatus	Saguinus_midas	1.105	0.897	40.5102348766	0.124550898203593	0.333656328003754	0.249382208797005	0.32324434826991	0.120664200068159	55.9417082901988	40.7532714892304	15.1884368009684	OU	Aotidae	PLA	Callitrichidae	PLA	superfamily
Saguinus_oedipus	Cercopithecus_diana	1.035	1.333	78.0653383529	0.178443113772455	0.642973170077688	0.257099877738833	0.434356643475456	0.12054616826414	55.9417082901988	40.7532714892304	15.1884368009684	OU	Callitrichidae	PLA	Cercopithecidae	OWM	order
Macaca_mulatta	Trachypithecus_francoisi	1.25	1.048	38.5936741549	0.120958083832335	0.317870869964654	0.248170486575064	0.316114961063722	0.120289915100597	55.9417082901988	40.7532714892304	15.1884368009684	OU	Cercopithecidae	OWM	Cercopithecidae	OWM	family
Cercopithecus_nictitans	Pan_troglodytes	1.566	1.303	62.1515760318	0.15748502994012	0.511901910753794	0.254396300552592	0.390308395893538	0.120077163460204	55.9417082901988	40.7532714892304	15.1884368009684	OU	Cercopithecidae	OWM	Hominidae	APE	order
Saimiri_oerstedii	Nomascus_concolor	1.319	1.022	78.0653383494	0.177844311377245	0.642973170048861	0.256267477069863	0.433051752602297	0.119780722306675	55.9417082901988	40.7532714892304	15.1884368009684	OU	Cebidae	PLA	Hylobatidae	APE	order
Cheracebus_torquatus	Pan_paniscus	1.058	1.355	78.0653383513	0.177844311377245	0.64297317006451	0.256267477066854	0.433051752602111	0.119780722303708	55.9417082901988	40.7532714892304	15.1884368009684	OU	Pitheciidae	PLA	Hominidae	APE	order
Alouatta_caraya	Cercopithecus_neglectus	1.483	1.78	78.0653383568	0.177844311377245	0.64297317010981	0.256267477058143	0.433051752601571	0.119780722295119	55.9417082901988	40.7532714892304	15.1884368009684	OU	Atelidae	PLA	Cercopithecidae	OWM	order
Mandrillus_sphinx	Pongo_abelii	2.45	2.188	62.151576036	0.15688622754491	0.511901910788386	0.253462293248713	0.388948164404525	0.119203716450218	55.9417082901988	40.7532714892304	15.1884368009684	OU	Cercopithecidae	OWM	Hominidae	APE	order
Saguinus_midas	Colobus_polykomos	0.897	1.193	78.0653383531	0.177245508982036	0.642973170079336	0.255434776802779	0.431745420652784	0.119017309578911	55.9417082901988	40.7532714892304	15.1884368009684	OU	Callitrichidae	PLA	Cercopithecidae	OWM	order
Cacajao_calvus	Macaca_fascicularis	1.198	1.493	78.0653383536	0.176646706586826	0.642973170083454	0.254601777855485	0.430437650896602	0.118255935021341	55.9417082901988	40.7532714892304	15.1884368009684	OU	Pitheciidae	PLA	Cercopithecidae	OWM	order
Aotus_trivirgatus	Mandrillus_leucophaeus	1.105	1.4	78.0653383561	0.176646706586826	0.642973170104044	0.254601777851549	0.430437650896357	0.118255935017487	55.9417082901988	40.7532714892304	15.1884368009684	OU	Aotidae	PLA	Cercopithecidae	OWM	order
Macaca_fascicularis	Hapalemur_griseus	1.493	1.119	121.4130573164	0.223952095808383	0.999999999982704	0.25867576443624	0.527396022024748	0.11811144445549	55.9417082901988	40.7532714892304	15.1884368009684	OU	Cercopithecidae	OWM	Lemuridae	STR	order
Cercopithecus_ascanius	Colobus_guereza	1.267	1.467	38.5936741537	0.119760479041916	0.31787086995477	0.245792997856426	0.313151855126277	0.117982551179113	55.9417082901988	40.7532714892304	15.1884368009684	OU	Cercopithecidae	OWM	Cercopithecidae	OWM	family
Semnopithecus_vetulus	Eulemur_mongoz	1.385	1.012	121.413057313	0.223353293413174	0.9999999999547	0.258008779869775	0.52621128922922	0.117531024485862	55.9417082901988	40.7532714892304	15.1884368009684	OU	Cercopithecidae	OWM	Lemuridae	STR	order
Allenopithecus_nigroviridis	Pongo_abelii	1.928	2.188	62.151576032	0.155688622754491	0.511901910755441	0.251593162507566	0.386223674793326	0.117465144670028	55.9417082901988	40.7532714892304	15.1884368009684	OU	Cercopithecidae	OWM	Hominidae	APE	order
Cercopithecus_neglectus	Allenopithecus_nigroviridis	1.78	1.928	23.4097503906	0.0886227544910179	0.192810813825318	0.233906441608398	0.254947825666788	0.117183150228059	55.9417082901988	40.7532714892304	15.1884368009684	OU	Cercopithecidae	OWM	Cercopithecidae	OWM	family
Trachypithecus_pileatus	Hylobates_klossii	1.217	0.958	62.1515760364	0.155089820359281	0.511901910791681	0.250658041595165	0.384859424298809	0.116600031607166	55.9417082901988	40.7532714892304	15.1884368009684	OU	Cercopithecidae	OWM	Hylobatidae	APE	order
Mandrillus_leucophaeus	Chlorocebus_pygerythrus	1.4	1.571	29.8369393139	0.102395209580838	0.24574736830512	0.239220211109772	0.279671346440622	0.1165302657361	55.9417082901988	40.7532714892304	15.1884368009684	OU	Cercopithecidae	OWM	Cercopithecidae	OWM	family
Cercopithecus_cephus	Hapalemur_griseus	1.49	1.119	121.4130573155	0.222155688622754	0.999999999975291	0.256674229680627	0.523836932995751	0.116373354578578	55.9417082901988	40.7532714892304	15.1884368009684	OU	Cercopithecidae	OWM	Lemuridae	STR	order
Saimiri_sciureus	Cercopithecus_pogonias	1.177	1.469	78.0653383466	0.174850299401198	0.642973170025799	0.25210099794519	0.426505747687848	0.115984089470731	55.9417082901988	40.7532714892304	15.1884368009684	OU	Cebidae	PLA	Cercopithecidae	OWM	order
Plecturocebus_moloch	Pan_paniscus	1.063	1.355	78.0653383522	0.174850299401198	0.642973170071923	0.252100997936455	0.426505747687305	0.115984089462263	55.9417082901988	40.7532714892304	15.1884368009684	OU	Pitheciidae	PLA	Hominidae	APE	order
Cacajao_calvus	Cercopithecus_cephus	1.198	1.49	78.0653383527	0.174850299401198	0.642973170076041	0.252100997935675	0.426505747687256	0.115984089461507	55.9417082901988	40.7532714892304	15.1884368009684	OU	Pitheciidae	PLA	Cercopithecidae	OWM	order
Leontocebus_fuscicolis	Macaca_mulatta	0.958	1.25	78.065338353	0.174850299401198	0.642973170078512	0.252100997935207	0.426505747687227	0.115984089461054	55.9417082901988	40.7532714892304	15.1884368009684	OU	Callitrichidae	PLA	Cercopithecidae	OWM	order
Macaca_fuscata	Cheirogaleus_medius	1.37	1	121.4130573126	0.221556886227545	0.999999999951406	0.256006664994505	0.522647313845465	0.115796111456419	55.9417082901988	40.7532714892304	15.1884368009684	OU	Cercopithecidae	OWM	Cheirogaleidae	STR	order
Macaca_fuscata	Eulemur_fulvus	1.37	1	121.413057313	0.221556886227545	0.9999999999547	0.256006664994098	0.522647313845461	0.115796111456036	55.9417082901988	40.7532714892304	15.1884368009684	OU	Cercopithecidae	OWM	Lemuridae	STR	order
Macaca_fuscata	Lemur_catta	1.37	1	121.4130573146	0.221556886227545	0.999999999967878	0.25600666499247	0.522647313845449	0.115796111454508	55.9417082901988	40.7532714892304	15.1884368009684	OU	Cercopithecidae	OWM	Lemuridae	STR	order
Allenopithecus_nigroviridis	Gorilla_beringei	1.928	1.67	62.151576028	0.154491017964072	0.511901910722495	0.249722552057253	0.383493841792681	0.115737708261108	55.9417082901988	40.7532714892304	15.1884368009684	OU	Cercopithecidae	OWM	Hominidae	APE	order
Cebuella_pygmaea	Colobus_polykomos	0.902	1.193	78.0653383527	0.174251497005988	0.642973170076041	0.25126681328324	0.425192259675319	0.115230916641546	55.9417082901988	40.7532714892304	15.1884368009684	OU	Callitrichidae	PLA	Cercopithecidae	OWM	order
Ateles_paniscus	Macaca_fuscata	1.079	1.37	78.0653383536	0.174251497005988	0.642973170083454	0.251266813281841	0.425192259675232	0.115230916640194	55.9417082901988	40.7532714892304	15.1884368009684	OU	Atelidae	PLA	Cercopithecidae	OWM	order
Cercopithecus_diana	Eulemur_macaco	1.333	0.964	121.4130573138	0.220958083832335	0.999999999961289	0.255338907859456	0.521456070222736	0.115219934083616	55.9417082901988	40.7532714892304	15.1884368009684	OU	Cercopithecidae	OWM	Lemuridae	STR	order
Macaca_silenus	Cercopithecus_mona	1.459	1.289	29.8369393146	0.101796407185629	0.245747368310885	0.237863588439495	0.278103946958899	0.115199535275368	55.9417082901988	40.7532714892304	15.1884368009684	OU	Cercopithecidae	OWM	Cercopithecidae	OWM	family
Aotus_trivirgatus	Cebuella_pygmaea	1.105	0.902	40.5102348762	0.121556886227545	0.333656328000459	0.243579602113973	0.315898657276802	0.115087453524866	55.9417082901988	40.7532714892304	15.1884368009684	OU	Aotidae	PLA	Callitrichidae	PLA	superfamily
Alouatta_seniculus	Cheracebus_torquatus	1.284	1.058	49.0936032097	0.135329341317365	0.404351923046579	0.24624472284912	0.343564181526844	0.114984773748465	55.9417082901988	40.7532714892304	15.1884368009684	OU	Atelidae	PLA	Pitheciidae	PLA	superfamily
Mandrillus_sphinx	Pongo_pygmaeus	2.45	2.193	62.151576036	0.153892215568862	0.511901910788386	0.24878669511593	0.38212693111779	0.114878180407021	55.9417082901988	40.7532714892304	15.1884368009684	OU	Cercopithecidae	OWM	Hominidae	APE	order
Colobus_angolensis	Nomascus_concolor	1.279	1.022	62.151576036	0.153892215568862	0.511901910788386	0.24878669511593	0.38212693111779	0.11487818040702	55.9417082901988	40.7532714892304	15.1884368009684	OU	Cercopithecidae	OWM	Hylobatidae	APE	order
Trachypithecus_cristatus	Avahi_laniger	1.148	0.78	121.4130573101	0.220359281437126	0.999999999930815	0.25467095874949	0.520263204308808	0.114644825867597	55.9417082901988	40.7532714892304	15.1884368009684	OU	Cercopithecidae	OWM	Indriidae	STR	order
Macaca_silenus	Trachypithecus_obscurus	1.459	1.262	38.5936741543	0.117964071856287	0.317870869959712	0.242222399252612	0.30869817227757	0.114560020492193	55.9417082901988	40.7532714892304	15.1884368009684	OU	Cercopithecidae	OWM	Cercopithecidae	OWM	family
Saimiri_sciureus	Colobus_guereza	1.177	1.467	78.065338347	0.173652694610778	0.642973170029094	0.250432334477161	0.4238773504142	0.114479806491105	55.9417082901988	40.7532714892304	15.1884368009684	OU	Cebidae	PLA	Cercopithecidae	OWM	order
Alouatta_caraya	Colobus_polykomos	1.483	1.193	78.0653383562	0.173652694610778	0.642973170104868	0.250432334462899	0.423877350413312	0.114479806477374	55.9417082901988	40.7532714892304	15.1884368009684	OU	Atelidae	PLA	Cercopithecidae	OWM	order
Cercopithecus_pogonias	Propithecus_verreauxi	1.469	1.102	121.4130573126	0.219760479041916	0.999999999951406	0.254002818118661	0.51906871829971	0.114070790194761	55.9417082901988	40.7532714892304	15.1884368009684	OU	Cercopithecidae	OWM	Indriidae	STR	order
Alouatta_caraya	Papio_cynocephalus	1.483	1.772	78.0653383561	0.173053892215569	0.642973170104045	0.249597562393343	0.422561023256009	0.113730763853199	55.9417082901988	40.7532714892304	15.1884368009684	OU	Atelidae	PLA	Cercopithecidae	OWM	order
Macaca_fuscata	Macaca_silenus	1.37	1.459	10.9824679336	0.0532934131736527	0.0904554104488939	0.206049558987019	0.192529914135027	0.11343242169116	55.9417082901988	40.7532714892304	15.1884368009684	OU	Cercopithecidae	OWM	Cercopithecidae	OWM	family
Trachypithecus_francoisi	Pan_troglodytes	1.048	1.303	62.1515760322	0.152694610778443	0.511901910757088	0.246913884280554	0.379389140746705	0.113167534565769	55.9417082901988	40.7532714892304	15.1884368009684	OU	Cercopithecidae	OWM	Hominidae	APE	order
Cebus_olivaceus	Piliocolobus_badius	1.306	1.018	78.065338348	0.172455089820359	0.64297317003733	0.24876249799	0.421243281572079	0.112983793640282	55.9417082901988	40.7532714892304	15.1884368009684	OU	Cebidae	PLA	Cercopithecidae	OWM	order
Ateles_geoffroyi	Pan_paniscus	1.067	1.355	78.065338351	0.172455089820359	0.642973170062039	0.248762497985378	0.42124328157179	0.112983793635863	55.9417082901988	40.7532714892304	15.1884368009684	OU	Atelidae	PLA	Hominidae	APE	order
Alouatta_seniculus	Presbytis_comata	1.284	0.996	78.0653383554	0.172455089820359	0.642973170098279	0.248762497978599	0.421243281571367	0.112983793629381	55.9417082901988	40.7532714892304	15.1884368009684	OU	Atelidae	PLA	Cercopithecidae	OWM	order
Colobus_guereza	Propithecus_verreauxi	1.467	1.102	121.413057313	0.218562874251497	0.9999999999547	0.252665964181274	0.516674894855354	0.112925950078292	55.9417082901988	40.7532714892304	15.1884368009684	OU	Cercopithecidae	OWM	Indriidae	STR	order
Alouatta_caraya	Hapalemur_griseus	1.483	1.119	121.413057312	0.217964071856287	0.999999999946464	0.251997251806348	0.515475561887009	0.112355152417315	55.9417082901988	40.7532714892304	15.1884368009684	OU	Atelidae	PLA	Lemuridae	STR	order
Semnopithecus_vetulus	Eulemur_rubriventer	1.385	1.021	121.413057314	0.217964071856287	0.999999999962937	0.251997251804343	0.515475561886994	0.112355152415461	55.9417082901988	40.7532714892304	15.1884368009684	OU	Cercopithecidae	OWM	Lemuridae	STR	order
Alouatta_seniculus	Chlorocebus_pygerythrus	1.284	1.571	78.0653383563	0.17185628742515	0.642973170105692	0.247927142125005	0.419924128741563	0.112238900658799	55.9417082901988	40.7532714892304	15.1884368009684	OU	Atelidae	PLA	Cercopithecidae	OWM	order
Aotus_trivirgatus	Cebus_olivaceus	1.105	1.306	41.3912938001	0.120359281437126	0.34091303451423	0.238752085876648	0.312250881528184	0.110240113823728	55.9417082901988	40.7532714892304	15.1884368009684	OU	Aotidae	PLA	Cebidae	PLA	superfamily
Alouatta_seniculus	Plecturocebus_moloch	1.284	1.063	49.0936032106	0.132335329341317	0.404351923053992	0.240967492568193	0.336435990898467	0.110107965659103	55.9417082901988	40.7532714892304	15.1884368009684	OU	Atelidae	PLA	Pitheciidae	PLA	superfamily
Cebus_olivaceus	Nomascus_concolor	1.306	1.022	78.06533835	0.170059880239521	0.642973170053803	0.24541933507226	0.415958237418438	0.110016733721724	55.9417082901988	40.7532714892304	15.1884368009684	OU	Cebidae	PLA	Hylobatidae	APE	order
Macaca_tonkeana	Cercopithecus_cephus	1.656	1.49	29.8369393137	0.0994011976047904	0.245747368303472	0.232429824102736	0.271822724668953	0.109948295905757	55.9417082901988	40.7532714892304	15.1884368009684	OU	Cercopithecidae	OWM	Cercopithecidae	OWM	family
Mandrillus_leucophaeus	Cercopithecus_nictitans	1.4	1.566	29.8369393138	0.0994011976047905	0.245747368304296	0.232429824102358	0.271822724668801	0.109948295905327	55.9417082901988	40.7532714892304	15.1884368009684	OU	Cercopithecidae	OWM	Cercopithecidae	OWM	family
Macaca_fuscata	Eulemur_mongoz	1.37	1.012	121.4130573136	0.21437125748503	0.999999999959642	0.247981011294362	0.508245809689047	0.108953293338935	55.9417082901988	40.7532714892304	15.1884368009684	OU	Cercopithecidae	OWM	Lemuridae	STR	order
Saimiri_sciureus	Macaca_silenus	1.177	1.459	78.065338348	0.168862275449102	0.64297317003733	0.243746023242662	0.413307316789044	0.108545763999311	55.9417082901988	40.7532714892304	15.1884368009684	OU	Cebidae	PLA	Cercopithecidae	OWM	order
Sapajus_apella	Allochrocebus_lhoesti	1.448	1.73	78.0653383483	0.168862275449102	0.642973170039801	0.243746023242208	0.413307316789016	0.108545763998886	55.9417082901988	40.7532714892304	15.1884368009684	OU	Cebidae	PLA	Cercopithecidae	OWM	order
Alouatta_seniculus	Cercopithecus_nictitans	1.284	1.566	78.0653383562	0.168862275449102	0.642973170104868	0.243746023230266	0.413307316788267	0.108545763987705	55.9417082901988	40.7532714892304	15.1884368009684	OU	Atelidae	PLA	Cercopithecidae	OWM	order
Alouatta_palliata	Hylobates_klossii	1.24	0.958	78.0653383583	0.168862275449102	0.642973170122164	0.243746023227092	0.413307316788069	0.108545763984733	55.9417082901988	40.7532714892304	15.1884368009684	OU	Atelidae	PLA	Hylobatidae	APE	order
Mandrillus_leucophaeus	Eulemur_coronatus	1.4	1.043	121.4130573131	0.21377245508982	0.999999999955524	0.247310981206793	0.507035246799934	0.108390169530316	55.9417082901988	40.7532714892304	15.1884368009684	OU	Cercopithecidae	OWM	Lemuridae	STR	order
Macaca_silenus	Propithecus_verreauxi	1.459	1.102	121.413057314	0.21377245508982	0.999999999962937	0.247310981205907	0.507035246799927	0.108390169529511	55.9417082901988	40.7532714892304	15.1884368009684	OU	Cercopithecidae	OWM	Indriidae	STR	order
Cercopithecus_nictitans	Cercopithecus_pogonias	1.566	1.469	12.9463432658	0.0580838323353293	0.106630568010804	0.206819900800019	0.198347255599311	0.108043771624997	55.9417082901988	40.7532714892304	15.1884368009684	OU	Cercopithecidae	OWM	Cercopithecidae	OWM	family
Saimiri_oerstedii	Eulemur_macaco	1.319	0.964	121.4130573005	0.212574850299401	0.999999999851746	0.245970362409478	0.504609338538562	0.107267254615417	55.9417082901988	40.7532714892304	15.1884368009684	OU	Cebidae	PLA	Lemuridae	STR	order
Pan_paniscus	Cheirogaleus_medius	1.355	1	121.41305731	0.212574850299401	0.999999999929991	0.245970362400166	0.504609338538491	0.107267254607009	55.9417082901988	40.7532714892304	15.1884368009684	OU	Hominidae	APE	Cheirogaleidae	STR	order
Pan_paniscus	Eulemur_fulvus	1.355	1	121.4130573104	0.212574850299401	0.999999999933286	0.245970362399773	0.504609338538488	0.107267254606655	55.9417082901988	40.7532714892304	15.1884368009684	OU	Hominidae	APE	Lemuridae	STR	order
Pan_paniscus	Lemur_catta	1.355	1	121.413057312	0.212574850299401	0.999999999946464	0.245970362398205	0.504609338538476	0.107267254605239	55.9417082901988	40.7532714892304	15.1884368009684	OU	Hominidae	APE	Lemuridae	STR	order
Aotus_trivirgatus	Semnopithecus_vetulus	1.105	1.385	78.0653383561	0.167664670658683	0.642973170104045	0.242071567572337	0.41065083395248	0.107083219069957	55.9417082901988	40.7532714892304	15.1884368009684	OU	Aotidae	PLA	Cercopithecidae	OWM	order
Papio_anubis	Nasalis_larvatus	1.887	2.077	38.5936741529	0.11377245508982	0.317870869948181	0.233870999742555	0.298264845564445	0.106755059853031	55.9417082901988	40.7532714892304	15.1884368009684	OU	Cercopithecidae	OWM	Cercopithecidae	OWM	family
Macaca_fascicularis	Pygathrix_nemaeus	1.493	1.303	38.5936741534	0.11377245508982	0.3178708699523	0.233870999741084	0.298264845563998	0.106755059851488	55.9417082901988	40.7532714892304	15.1884368009684	OU	Cercopithecidae	OWM	Cercopithecidae	OWM	family
Cercopithecus_pogonias	Colobus_angolensis	1.469	1.279	38.5936741536	0.11377245508982	0.317870869953947	0.233870999740496	0.298264845563819	0.10675505985087	55.9417082901988	40.7532714892304	15.1884368009684	OU	Cercopithecidae	OWM	Cercopithecidae	OWM	family
Semnopithecus_entellus	Hylobates_muelleri	1.314	1.067	62.1515760361	0.147904191616767	0.51190191078921	0.239408202925326	0.368385632098795	0.106437928771944	55.9417082901988	40.7532714892304	15.1884368009684	OU	Cercopithecidae	OWM	Hylobatidae	APE	order
Saguinus_oedipus	Semnopithecus_entellus	1.035	1.314	78.0653383519	0.167065868263473	0.642973170069452	0.241233913107719	0.409320515418143	0.106355117895507	55.9417082901988	40.7532714892304	15.1884368009684	OU	Callitrichidae	PLA	Cercopithecidae	OWM	order
Gorilla_gorilla	Pongo_abelii	2.383	2.188	40.643277586	0.116766467065868	0.334752113847042	0.23389437666632	0.303977496585137	0.106031827359847	55.9417082901988	40.7532714892304	15.1884368009684	OU	Hominidae	APE	Hominidae	APE	family
Macaca_nemestrina	Macaca_tonkeana	1.723	1.656	7.6582823365	0.040119760479042	0.0630762663064336	0.186147810615547	0.16613249031264	0.105668837257256	55.9417082901988	40.7532714892304	15.1884368009684	OU	Cercopithecidae	OWM	Cercopithecidae	OWM	family
Macaca_tonkeana	Colobus_guereza	1.656	1.467	38.593674154	0.113173652694611	0.317870869957241	0.232675695552772	0.29676971408765	0.105660869638519	55.9417082901988	40.7532714892304	15.1884368009684	OU	Cercopithecidae	OWM	Cercopithecidae	OWM	family
Semnopithecus_entellus	Colobus_guereza	1.314	1.467	27.0170263237	0.0916167664670659	0.22252158804326	0.225330550189468	0.255759374089756	0.105301454361312	55.9417082901988	40.7532714892304	15.1884368009684	OU	Cercopithecidae	OWM	Cercopithecidae	OWM	family
Alouatta_palliata	Cercopithecus_petaurista	1.24	1.517	78.0653383557	0.165868263473054	0.64297317010075	0.239557755470648	0.4066557416576	0.104905281956825	55.9417082901988	40.7532714892304	15.1884368009684	OU	Atelidae	PLA	Cercopithecidae	OWM	order
Cercopithecus_ascanius	Nomascus_concolor	1.267	1.022	62.1515760357	0.146706586826347	0.511901910785915	0.237528224730194	0.365621826237566	0.104784000735957	55.9417082901988	40.7532714892304	15.1884368009684	OU	Cercopithecidae	OWM	Hylobatidae	APE	order
Semnopithecus_entellus	Eulemur_macaco	1.314	0.964	121.4130573128	0.209580838323353	0.999999999953053	0.242615578659825	0.498516781943934	0.104479565082975	55.9417082901988	40.7532714892304	15.1884368009684	OU	Cercopithecidae	OWM	Lemuridae	STR	order
Cercopithecus_pogonias	Hapalemur_griseus	1.469	1.119	121.4130573154	0.209580838323353	0.999999999974467	0.242615578657309	0.498516781943915	0.104479565080734	55.9417082901988	40.7532714892304	15.1884368009684	OU	Cercopithecidae	OWM	Lemuridae	STR	order
Ateles_paniscus	Pan_paniscus	1.079	1.355	78.065338351	0.165269461077844	0.642973170062039	0.238719254157797	0.405321293491456	0.104183556729504	55.9417082901988	40.7532714892304	15.1884368009684	OU	Atelidae	PLA	Hominidae	APE	order
Macaca_fuscata	Eulemur_rubriventer	1.37	1.021	121.4130573146	0.208982035928144	0.999999999967878	0.241944070821317	0.49729352676742	0.103925413681081	55.9417082901988	40.7532714892304	15.1884368009684	OU	Cercopithecidae	OWM	Lemuridae	STR	order
Sapajus_apella	Alouatta_palliata	1.448	1.24	46.547550149	0.124550898203593	0.383381748034669	0.233150239360491	0.31907152459682	0.103658155828873	55.9417082901988	40.7532714892304	15.1884368009684	OU	Cebidae	PLA	Atelidae	PLA	superfamily
Cercopithecus_cephus	Pygathrix_nemaeus	1.49	1.303	38.5936741525	0.111976047904192	0.317870869944887	0.230283428515074	0.29377601067979	0.103488176348736	55.9417082901988	40.7532714892304	15.1884368009684	OU	Cercopithecidae	OWM	Cercopithecidae	OWM	family
Allochrocebus_lhoesti	Rhinopithecus_roxellana	1.73	1.543	38.5936741527	0.111976047904192	0.317870869946534	0.230283428514495	0.293776010679613	0.103488176348137	55.9417082901988	40.7532714892304	15.1884368009684	OU	Cercopithecidae	OWM	Cercopithecidae	OWM	family
Sapajus_apella	Macaca_nemestrina	1.448	1.723	78.0653383495	0.164670658682635	0.642973170049685	0.237880472399512	0.403985475863039	0.103463966316734	55.9417082901988	40.7532714892304	15.1884368009684	OU	Cebidae	PLA	Cercopithecidae	OWM	order
Cheracebus_torquatus	Cercopithecus_diana	1.058	1.333	78.065338354	0.164670658682635	0.642973170086748	0.237880472392863	0.40398547586262	0.103463966310663	55.9417082901988	40.7532714892304	15.1884368009684	OU	Pitheciidae	PLA	Cercopithecidae	OWM	order
Colobus_guereza	Hapalemur_griseus	1.467	1.119	121.4130573158	0.208383233532934	0.999999999977762	0.241272380390467	0.496068696054892	0.103372398940684	55.9417082901988	40.7532714892304	15.1884368009684	OU	Cercopithecidae	OWM	Lemuridae	STR	order
Papio_hamadryas	Cercocebus_torquatus	1.842	1.722	18.5708053179	0.0718562874251498	0.15295558589867	0.213466712791795	0.219818619689489	0.103267558520365	55.9417082901988	40.7532714892304	15.1884368009684	OU	Cercopithecidae	OWM	Cercopithecidae	OWM	family
Eulemur_coronatus	Avahi_laniger	1.043	0.78	71.9834962231	0.15748502994012	0.592881011424228	0.236944983644882	0.388516429828828	0.103200339367997	55.9417082901988	40.7532714892304	15.1884368009684	OU	Lemuridae	STR	Indriidae	STR	superfamily
Sapajus_apella	Cercocebus_torquatus	1.448	1.722	78.065338349	0.164071856287425	0.642973170045566	0.237041411121882	0.402648292336608	0.102746515457165	55.9417082901988	40.7532714892304	15.1884368009684	OU	Cebidae	PLA	Cercopithecidae	OWM	order
Chlorocebus_pygerythrus	Semnopithecus_vetulus	1.571	1.385	38.5936741539	0.111377245508982	0.317870869956418	0.229086471010506	0.292277449161806	0.102409689873428	55.9417082901988	40.7532714892304	15.1884368009684	OU	Cercopithecidae	OWM	Cercopithecidae	OWM	family
Macaca_fascicularis	Cercopithecus_diana	1.493	1.333	29.8369393153	0.095808383233533	0.24574736831665	0.224257788793197	0.262366683609876	0.102287678371459	55.9417082901988	40.7532714892304	15.1884368009684	OU	Cercopithecidae	OWM	Cercopithecidae	OWM	family
Sapajus_apella	Propithecus_verreauxi	1.448	1.102	121.413057302	0.207185628742515	0.9999999998641	0.239928453660941	0.493614318012221	0.102269792847568	55.9417082901988	40.7532714892304	15.1884368009684	OU	Cebidae	PLA	Indriidae	STR	order
Cercopithecus_diana	Trachypithecus_cristatus	1.333	1.148	38.5936741548	0.110778443113772	0.31787086996383	0.22788896776429	0.29077775473598	0.101336454533992	55.9417082901988	40.7532714892304	15.1884368009684	OU	Cercopithecidae	OWM	Cercopithecidae	OWM	family
Gorilla_gorilla	Pongo_pygmaeus	2.383	2.193	40.643277586	0.11377245508982	0.334752113847042	0.228065352817836	0.296557383250412	0.100791183003041	55.9417082901988	40.7532714892304	15.1884368009684	OU	Hominidae	APE	Hominidae	APE	family
Saguinus_oedipus	Alouatta_palliata	1.035	1.24	46.5475501522	0.122754491017964	0.383381748061025	0.229882825097478	0.31471782290036	0.10076908032217	55.9417082901988	40.7532714892304	15.1884368009684	OU	Callitrichidae	PLA	Atelidae	PLA	superfamily
Rhinopithecus_roxellana	Pan_troglodytes	1.543	1.303	62.1515760314	0.143712574850299	0.511901910750499	0.232822166532076	0.358690037192158	0.100699504603255	55.9417082901988	40.7532714892304	15.1884368009684	OU	Cercopithecidae	OWM	Hominidae	APE	order
Trachypithecus_obscurus	Nomascus_concolor	1.262	1.022	62.1515760353	0.143712574850299	0.511901910782621	0.232822166524982	0.358690037191268	0.100699504596686	55.9417082901988	40.7532714892304	15.1884368009684	OU	Cercopithecidae	OWM	Hylobatidae	APE	order
Pan_paniscus	Eulemur_mongoz	1.355	1.012	121.413057311	0.205389221556886	0.999999999938228	0.237911205948404	0.48992099725603	0.100624492257005	55.9417082901988	40.7532714892304	15.1884368009684	OU	Hominidae	APE	Lemuridae	STR	order
Saimiri_oerstedii	Trachypithecus_francoisi	1.319	1.048	78.0653383476	0.162275449101796	0.642973170034036	0.234522559424471	0.398628582217211	0.10060704741488	55.9417082901988	40.7532714892304	15.1884368009684	OU	Cebidae	PLA	Cercopithecidae	OWM	order
Cacajao_calvus	Cercopithecus_pogonias	1.198	1.469	78.0653383526	0.162275449101796	0.642973170075217	0.234522559417181	0.398628582216751	0.100607047408321	55.9417082901988	40.7532714892304	15.1884368009684	OU	Pitheciidae	PLA	Cercopithecidae	OWM	order
Alouatta_palliata	Ateles_geoffroyi	1.24	1.067	34.580677997	0.103592814371258	0.284818443425614	0.225207754810515	0.276528729670878	0.100577718972741	55.9417082901988	40.7532714892304	15.1884368009684	OU	Atelidae	PLA	Atelidae	PLA	family
Cebus_olivaceus	Eulemur_macaco	1.306	0.964	121.4130573011	0.204790419161677	0.999999999856688	0.237238429933712	0.488686766217046	0.100078367706696	55.9417082901988	40.7532714892304	15.1884368009684	OU	Cebidae	PLA	Lemuridae	STR	order
Semnopithecus_vetulus	Eulemur_coronatus	1.385	1.043	121.4130573131	0.204790419161677	0.999999999955524	0.23723842992234	0.488686766216958	0.100078367696786	55.9417082901988	40.7532714892304	15.1884368009684	OU	Cercopithecidae	OWM	Lemuridae	STR	order
Callithrix_jacchus	Trachypithecus_pileatus	0.947	1.217	78.0653383524	0.161676646706587	0.64297317007357	0.233682389315386	0.397285971014811	0.0998982019263656	55.9417082901988	40.7532714892304	15.1884368009684	OU	Callitrichidae	PLA	Cercopithecidae	OWM	order
Plecturocebus_moloch	Cercopithecus_diana	1.063	1.333	78.0653383549	0.161676646706587	0.642973170094161	0.233682389311753	0.397285971014581	0.0998982019231087	55.9417082901988	40.7532714892304	15.1884368009684	OU	Pitheciidae	PLA	Cercopithecidae	OWM	order
Cercopithecus_nictitans	Cercopithecus_cephus	1.566	1.49	9.5808815419	0.0455089820359282	0.0789114593891388	0.188732271539314	0.172986731632442	0.0997630777995507	55.9417082901988	40.7532714892304	15.1884368009684	OU	Cercopithecidae	OWM	Cercopithecidae	OWM	family
Cercopithecus_mitis	Allochrocebus_lhoesti	1.866	1.73	23.4097503931	0.0814371257485031	0.192810813845909	0.215429531993196	0.234911281855569	0.099219017951466	55.9417082901988	40.7532714892304	15.1884368009684	OU	Cercopithecidae	OWM	Cercopithecidae	OWM	family
Mandrillus_leucophaeus	Trachypithecus_pileatus	1.4	1.217	38.5936741541	0.109580838323353	0.317870869958065	0.22549233480267	0.287774988140049	0.0992057701073389	55.9417082901988	40.7532714892304	15.1884368009684	OU	Cercopithecidae	OWM	Cercopithecidae	OWM	family
Cacajao_calvus	Colobus_guereza	1.198	1.467	78.065338353	0.161077844311377	0.642973170078512	0.232841944323305	0.39594201194166	0.0991915195280768	55.9417082901988	40.7532714892304	15.1884368009684	OU	Pitheciidae	PLA	Cercopithecidae	OWM	order
Erythrocebus_patas	Gorilla_beringei	1.908	1.67	62.151576032	0.14251497005988	0.511901910755441	0.23093732554942	0.355908497206727	0.0990859533003503	55.9417082901988	40.7532714892304	15.1884368009684	OU	Cercopithecidae	OWM	Hominidae	APE	order
Macaca_silenus	Hapalemur_griseus	1.459	1.119	121.4130573168	0.203592814371258	0.999999999985998	0.235892340543217	0.486213633431857	0.0989896020174527	55.9417082901988	40.7532714892304	15.1884368009684	OU	Cercopithecidae	OWM	Lemuridae	STR	order
Papio_anubis	Allochrocebus_lhoesti	1.887	1.73	29.8369393132	0.0940119760479042	0.245747368299354	0.220162377397001	0.257623626513568	0.0985553024342659	55.9417082901988	40.7532714892304	15.1884368009684	OU	Cercopithecidae	OWM	Cercopithecidae	OWM	family
Macaca_nemestrina	Cercopithecus_nictitans	1.723	1.566	29.8369393143	0.0940119760479042	0.245747368308414	0.220162377393047	0.257623626511975	0.098555302430023	55.9417082901988	40.7532714892304	15.1884368009684	OU	Cercopithecidae	OWM	Cercopithecidae	OWM	family
Saguinus_oedipus	Pan_troglodytes	1.035	1.303	78.0653383502	0.160479041916168	0.64297317005545	0.232001225375682	0.394596708644154	0.0984870048948169	55.9417082901988	40.7532714892304	15.1884368009684	OU	Callitrichidae	PLA	Hominidae	APE	order
Saguinus_oedipus	Pygathrix_nemaeus	1.035	1.303	78.065338351	0.160479041916168	0.642973170062039	0.232001225374528	0.394596708644081	0.0984870048937894	55.9417082901988	40.7532714892304	15.1884368009684	OU	Callitrichidae	PLA	Cercopithecidae	OWM	order
Pan_troglodytes	Eulemur_macaco	1.303	0.964	121.4130573111	0.202994011976048	0.999999999939051	0.235219028150658	0.484974736895386	0.0984469675554229	55.9417082901988	40.7532714892304	15.1884368009684	OU	Hominidae	APE	Lemuridae	STR	order
Pygathrix_nemaeus	Eulemur_macaco	1.303	0.964	121.4130573119	0.202994011976048	0.99999999994564	0.235219028149906	0.48497473689538	0.0984469675547731	55.9417082901988	40.7532714892304	15.1884368009684	OU	Cercopithecidae	OWM	Lemuridae	STR	order
Pygathrix_nemaeus	Hylobates_muelleri	1.303	1.067	62.1515760352	0.141317365269461	0.511901910781797	0.229051118720219	0.353121963956168	0.0974840384730162	55.9417082901988	40.7532714892304	15.1884368009684	OU	Cercopithecidae	OWM	Hylobatidae	APE	order
Papio_cynocephalus	Allenopithecus_nigroviridis	1.772	1.928	29.8369393099	0.0934131736526946	0.245747368272174	0.218795875106167	0.256040420842727	0.0973257555613011	55.9417082901988	40.7532714892304	15.1884368009684	OU	Cercopithecidae	OWM	Cercopithecidae	OWM	family
Cercocebus_torquatus	Cercopithecus_nictitans	1.722	1.566	29.8369393138	0.0934131736526946	0.245747368304296	0.218795875092232	0.256040420837111	0.0973257555464449	55.9417082901988	40.7532714892304	15.1884368009684	OU	Cercopithecidae	OWM	Cercopithecidae	OWM	family
Theropithecus_gelada	Cercopithecus_neglectus	1.624	1.78	29.8369393146	0.0934131736526946	0.245747368310885	0.218795875089373	0.256040420835959	0.0973257555433974	55.9417082901988	40.7532714892304	15.1884368009684	OU	Cercopithecidae	OWM	Cercopithecidae	OWM	family
Macaca_fascicularis	Theropithecus_gelada	1.493	1.624	22.4016461426	0.0784431137724551	0.184507718011204	0.212206660827562	0.22873274281369	0.0972453009631305	55.9417082901988	40.7532714892304	15.1884368009684	OU	Cercopithecidae	OWM	Cercopithecidae	OWM	family
Cercopithecus_nictitans	Semnopithecus_vetulus	1.566	1.385	38.5936741538	0.108383233532934	0.317870869955594	0.223093551165087	0.284767752976578	0.0970961883919122	55.9417082901988	40.7532714892304	15.1884368009684	OU	Cercopithecidae	OWM	Cercopithecidae	OWM	family
Ateles_geoffroyi	Cercopithecus_diana	1.067	1.333	78.0653383537	0.159281437125748	0.642973170084277	0.230318969305443	0.391902084028403	0.097084497551333	55.9417082901988	40.7532714892304	15.1884368009684	OU	Atelidae	PLA	Cercopithecidae	OWM	order
Alouatta_caraya	Trachypithecus_pileatus	1.483	1.217	78.0653383563	0.159281437125748	0.642973170105692	0.230318969301716	0.391902084028166	0.097084497548041	55.9417082901988	40.7532714892304	15.1884368009684	OU	Atelidae	PLA	Cercopithecidae	OWM	order
Alouatta_seniculus	Piliocolobus_badius	1.284	1.018	78.0653383564	0.159281437125748	0.642973170106516	0.230318969301572	0.391902084028157	0.0970844975479144	55.9417082901988	40.7532714892304	15.1884368009684	OU	Atelidae	PLA	Cercopithecidae	OWM	order
Colobus_polykomos	Hylobates_klossii	1.193	0.958	62.1515760363	0.140718562874252	0.511901910790857	0.228107506396249	0.351726835195293	0.0966874585338514	55.9417082901988	40.7532714892304	15.1884368009684	OU	Cercopithecidae	OWM	Hylobatidae	APE	order
Cebus_olivaceus	Chlorocebus_pygerythrus	1.306	1.571	78.0653383479	0.158682634730539	0.642973170036506	0.229477434062359	0.390552770072311	0.0963865141571397	55.9417082901988	40.7532714892304	15.1884368009684	OU	Cebidae	PLA	Cercopithecidae	OWM	order
Aotus_trivirgatus	Macaca_fuscata	1.105	1.37	78.0653383567	0.158682634730539	0.642973170108986	0.229477434049787	0.390552770071515	0.0963865141460779	55.9417082901988	40.7532714892304	15.1884368009684	OU	Aotidae	PLA	Cercopithecidae	OWM	order
Theropithecus_gelada	Cercopithecus_pogonias	1.624	1.469	29.8369393136	0.092814371257485	0.245747368302649	0.217428696860221	0.254456132153879	0.0961035150919223	55.9417082901988	40.7532714892304	15.1884368009684	OU	Cercopithecidae	OWM	Cercopithecidae	OWM	family
Macaca_nemestrina	Rhinopithecus_roxellana	1.723	1.543	38.5936741539	0.107784431137725	0.317870869956418	0.221893359592094	0.283262472891217	0.0960493313131556	55.9417082901988	40.7532714892304	15.1884368009684	OU	Cercopithecidae	OWM	Cercopithecidae	OWM	family
Macaca_silenus	Colobus_angolensis	1.459	1.279	38.593674155	0.107784431137725	0.317870869965478	0.221893359589015	0.283262472890278	0.0960493313100995	55.9417082901988	40.7532714892304	15.1884368009684	OU	Cercopithecidae	OWM	Cercopithecidae	OWM	family
Pan_troglodytes	Hylobates_lar	1.303	1.105	45.7765141047	0.118562874251497	0.377031228071422	0.224057346012311	0.304943539732543	0.0958938673065747	55.9417082901988	40.7532714892304	15.1884368009684	OU	Hominidae	APE	Hylobatidae	APE	superfamily
Pan_paniscus	Eulemur_rubriventer	1.355	1.021	121.413057312	0.2	0.999999999946464	0.231849808168193	0.478757058289078	0.0957514116629417	55.9417082901988	40.7532714892304	15.1884368009684	OU	Hominidae	APE	Lemuridae	STR	order
Cercopithecus_diana	Cheirogaleus_medius	1.333	1	121.4130573127	0.19940119760479	0.999999999952229	0.231175435923254	0.477508902080061	0.0952158469462612	55.9417082901988	40.7532714892304	15.1884368009684	OU	Cercopithecidae	OWM	Cheirogaleidae	STR	order
Cercopithecus_diana	Eulemur_fulvus	1.333	1	121.4130573131	0.19940119760479	0.999999999955524	0.231175435922884	0.477508902080058	0.0952158469459469	55.9417082901988	40.7532714892304	15.1884368009684	OU	Cercopithecidae	OWM	Lemuridae	STR	order
Cercopithecus_diana	Lemur_catta	1.333	1	121.4130573147	0.19940119760479	0.999999999968702	0.231175435921404	0.477508902080046	0.0952158469446899	55.9417082901988	40.7532714892304	15.1884368009684	OU	Cercopithecidae	OWM	Lemuridae	STR	order
Cercocebus_torquatus	Rhinopithecus_roxellana	1.722	1.543	38.5936741534	0.107185628742515	0.3178708699523	0.220692638459181	0.281756091541555	0.095007774158252	55.9417082901988	40.7532714892304	15.1884368009684	OU	Cercopithecidae	OWM	Cercopithecidae	OWM	family
Macaca_fascicularis	Semnopithecus_entellus	1.493	1.314	38.5936741543	0.107185628742515	0.317870869959712	0.220692638456674	0.28175609154079	0.0950077741557787	55.9417082901988	40.7532714892304	15.1884368009684	OU	Cercopithecidae	OWM	Cercopithecidae	OWM	family
Trachypithecus_francoisi	Colobus_polykomos	1.048	1.193	27.0170263242	0.0868263473053892	0.222521588047378	0.213842742894074	0.242818738217934	0.0947461515162196	55.9417082901988	40.7532714892304	15.1884368009684	OU	Cercopithecidae	OWM	Cercopithecidae	OWM	family
Alouatta_seniculus	Nomascus_concolor	1.284	1.022	78.0653383584	0.15688622754491	0.642973170122988	0.226951210611265	0.386496866057024	0.094305700597147	55.9417082901988	40.7532714892304	15.1884368009684	OU	Atelidae	PLA	Hylobatidae	APE	order
Cercopithecus_mona	Colobus_guereza	1.289	1.467	38.5936741536	0.106586826347305	0.317870869953947	0.219491390473012	0.280248614245641	0.0939715249308651	55.9417082901988	40.7532714892304	15.1884368009684	OU	Cercopithecidae	OWM	Cercopithecidae	OWM	family
Cacajao_calvus	Macaca_silenus	1.198	1.459	78.065338354	0.156287425149701	0.642973170086748	0.226108600026152	0.385142256430852	0.0936164903518486	55.9417082901988	40.7532714892304	15.1884368009684	OU	Pitheciidae	PLA	Cercopithecidae	OWM	order
Sapajus_apella	Hapalemur_griseus	1.448	1.119	121.4130573048	0.197005988023952	0.999999999887162	0.228476202117764	0.47250096599732	0.0930855196590774	55.9417082901988	40.7532714892304	15.1884368009684	OU	Cebidae	PLA	Lemuridae	STR	order
Macaca_fuscata	Colobus_polykomos	1.37	1.193	38.5936741546	0.105988023952096	0.317870869962183	0.218289618347409	0.27874004633533	0.0929405916022188	55.9417082901988	40.7532714892304	15.1884368009684	OU	Cercopithecidae	OWM	Cercopithecidae	OWM	family
Cebus_olivaceus	Cercopithecus_nictitans	1.306	1.566	78.0653383478	0.155688622754491	0.642973170035683	0.225265722946952	0.383786332240809	0.092929484904095	55.9417082901988	40.7532714892304	15.1884368009684	OU	Cebidae	PLA	Cercopithecidae	OWM	order
Macaca_nemestrina	Chlorocebus_pygerythrus	1.723	1.571	29.8369393144	0.0910179640718564	0.245747368309238	0.213323146627206	0.249696830209099	0.0924807344924632	55.9417082901988	40.7532714892304	15.1884368009684	OU	Cercopithecidae	OWM	Cercopithecidae	OWM	family
Leontocebus_fuscicolis	Trachypithecus_pileatus	0.958	1.217	78.0653383524	0.155089820359281	0.64297317007357	0.22442258029327	0.382429097254038	0.0922446888203819	55.9417082901988	40.7532714892304	15.1884368009684	OU	Callitrichidae	PLA	Cercopithecidae	OWM	order
Alouatta_seniculus	Rhinopithecus_roxellana	1.284	1.543	78.0653383558	0.155089820359281	0.642973170101574	0.224422580288513	0.382429097253735	0.0922446888162911	55.9417082901988	40.7532714892304	15.1884368009684	OU	Atelidae	PLA	Cercopithecidae	OWM	order
Macaca_fuscata	Eulemur_coronatus	1.37	1.043	121.4130573137	0.195808383233533	0.999999999960466	0.227125545034809	0.469987849782324	0.0920275610089198	55.9417082901988	40.7532714892304	15.1884368009684	OU	Cercopithecidae	OWM	Lemuridae	STR	order
Cercopithecus_cephus	Semnopithecus_entellus	1.49	1.314	38.5936741534	0.105389221556886	0.317870869952299	0.21708732480845	0.277230393157801	0.0919149821158338	55.9417082901988	40.7532714892304	15.1884368009684	OU	Cercopithecidae	OWM	Cercopithecidae	OWM	family
Cebus_olivaceus	Trachypithecus_francoisi	1.306	1.048	78.0653383482	0.154491017964072	0.642973170038977	0.223579173030783	0.381070555253942	0.0915621066952868	55.9417082901988	40.7532714892304	15.1884368009684	OU	Cebidae	PLA	Cercopithecidae	OWM	order
Cercocebus_torquatus	Chlorocebus_pygerythrus	1.722	1.571	29.8369393139	0.0904191616766467	0.245747368305119	0.211953304755398	0.24810827171708	0.0912878216699614	55.9417082901988	40.7532714892304	15.1884368009684	OU	Cercopithecidae	OWM	Cercopithecidae	OWM	family
Macaca_mulatta	Nomascus_concolor	1.25	1.022	62.1515760367	0.136526946107784	0.511901910794152	0.221492843371675	0.341926563618833	0.0911936223320338	55.9417082901988	40.7532714892304	15.1884368009684	OU	Cercopithecidae	OWM	Hylobatidae	APE	order
Cercopithecus_diana	Hylobates_lar	1.333	1.105	62.1515760374	0.136526946107784	0.511901910799917	0.22149284337046	0.34192656361868	0.0911936223309658	55.9417082901988	40.7532714892304	15.1884368009684	OU	Cercopithecidae	OWM	Hylobatidae	APE	order
Aotus_trivirgatus	Avahi_laniger	1.105	0.78	121.4130573061	0.194610778443114	0.999999999897869	0.225774199660484	0.467468664525957	0.0909744407104506	55.9417082901988	40.7532714892304	15.1884368009684	OU	Aotidae	PLA	Indriidae	STR	order
Cercopithecus_mona	Eulemur_macaco	1.289	0.964	121.4130573127	0.194610778443114	0.999999999952229	0.225774199654514	0.46746866452591	0.0909744407054961	55.9417082901988	40.7532714892304	15.1884368009684	OU	Cercopithecidae	OWM	Lemuridae	STR	order
Hylobates_lar	Avahi_laniger	1.105	0.78	121.4130573127	0.194610778443114	0.999999999952229	0.225774199654514	0.46746866452591	0.0909744407054961	55.9417082901988	40.7532714892304	15.1884368009684	OU	Hylobatidae	APE	Indriidae	STR	order
Cheracebus_torquatus	Semnopithecus_entellus	1.058	1.314	78.065338353	0.153293413173653	0.642973170078512	0.221891568381529	0.378349565403655	0.0902036025024377	55.9417082901988	40.7532714892304	15.1884368009684	OU	Pitheciidae	PLA	Cercopithecidae	OWM	order
Sapajus_apella	Colobus_polykomos	1.448	1.193	78.065338349	0.152694610778443	0.642973170045566	0.221047372893877	0.376987125184611	0.0895276895371372	55.9417082901988	40.7532714892304	15.1884368009684	OU	Cebidae	PLA	Cercopithecidae	OWM	order
Cercopithecus_diana	Eulemur_mongoz	1.333	1.012	121.4130573137	0.192215568862275	0.999999999960466	0.22306945942736	0.462412177510918	0.0888828197526185	55.9417082901988	40.7532714892304	15.1884368009684	OU	Cercopithecidae	OWM	Lemuridae	STR	order
Macaca_fuscata	Rhinopithecus_roxellana	1.37	1.543	38.593674154	0.103592814371257	0.317870869957241	0.213477342897657	0.272694975643497	0.0888701754760078	55.9417082901988	40.7532714892304	15.1884368009684	OU	Cercopithecidae	OWM	Cercopithecidae	OWM	family
Saguinus_oedipus	Cercopithecus_mona	1.035	1.289	78.0653383518	0.152095808383234	0.642973170068628	0.220202916537838	0.375623393210798	0.0888540086858549	55.9417082901988	40.7532714892304	15.1884368009684	OU	Callitrichidae	PLA	Cercopithecidae	OWM	order
Ateles_paniscus	Cercopithecus_diana	1.079	1.333	78.0653383537	0.152095808383234	0.642973170084277	0.220202916535227	0.375623393210632	0.0888540086836529	55.9417082901988	40.7532714892304	15.1884368009684	OU	Atelidae	PLA	Cercopithecidae	OWM	order
Alouatta_seniculus	Eulemur_macaco	1.284	0.964	121.4130573095	0.191616766467066	0.999999999925873	0.222392850225377	0.461144298196515	0.0883629793016906	55.9417082901988	40.7532714892304	15.1884368009684	OU	Atelidae	PLA	Lemuridae	STR	order
Alouatta_palliata	Macaca_fascicularis	1.24	1.493	78.0653383566	0.151497005988024	0.642973170108163	0.219358200262927	0.374258373330804	0.0881825644700337	55.9417082901988	40.7532714892304	15.1884368009684	OU	Atelidae	PLA	Cercopithecidae	OWM	order
Cercopithecus_neglectus	Erythrocebus_patas	1.78	1.908	23.4097503946	0.0766467065868263	0.192810813858264	0.203043068517051	0.221464761629399	0.0880373059179556	55.9417082901988	40.7532714892304	15.1884368009684	OU	Cercopithecidae	OWM	Cercopithecidae	OWM	family
Saimiri_oerstedii	Cheirogaleus_medius	1.319	1	121.4130572994	0.191017964071856	0.999999999842686	0.221716072338201	0.459874921645288	0.0878443712742066	55.9417082901988	40.7532714892304	15.1884368009684	OU	Cebidae	PLA	Cheirogaleidae	STR	order
Saimiri_oerstedii	Eulemur_fulvus	1.319	1	121.4130572998	0.191017964071856	0.99999999984598	0.221716072337845	0.459874921645286	0.0878443712739166	55.9417082901988	40.7532714892304	15.1884368009684	OU	Cebidae	PLA	Lemuridae	STR	order
Saimiri_oerstedii	Lemur_catta	1.319	1	121.4130573014	0.191017964071856	0.999999999859158	0.221716072336422	0.459874921645274	0.0878443712727568	55.9417082901988	40.7532714892304	15.1884368009684	OU	Cebidae	PLA	Lemuridae	STR	order
Papio_ursinus	Cercopithecus_mitis	2.014	1.866	29.8369393134	0.0886227544910178	0.245747368301001	0.207839860116051	0.243336310384356	0.0877532656525911	55.9417082901988	40.7532714892304	15.1884368009684	OU	Cercopithecidae	OWM	Cercopithecidae	OWM	family
Saimiri_oerstedii	Chlorocebus_pygerythrus	1.319	1.571	78.0653383473	0.150898203592814	0.642973170031564	0.218513225034899	0.37289206940741	0.0875133614126122	55.9417082901988	40.7532714892304	15.1884368009684	OU	Cebidae	PLA	Cercopithecidae	OWM	order
Saimiri_oerstedii	Hylobates_muelleri	1.319	1.067	78.0653383498	0.150898203592814	0.642973170052155	0.218513225031489	0.372892069407192	0.0875133614097584	55.9417082901988	40.7532714892304	15.1884368009684	OU	Cebidae	PLA	Hylobatidae	APE	order
Alouatta_palliata	Ateles_paniscus	1.24	1.079	34.580677997	0.0964071856287425	0.284818443425614	0.209965795637219	0.258056464468231	0.0873486182055596	55.9417082901988	40.7532714892304	15.1884368009684	OU	Atelidae	PLA	Atelidae	PLA	family
Eulemur_rubriventer	Avahi_laniger	1.021	0.78	71.983496224	0.144311377245509	0.59288101143164	0.217646483731612	0.358402369174418	0.0872376387611414	55.9417082901988	40.7532714892304	15.1884368009684	OU	Lemuridae	STR	Indriidae	STR	superfamily
Saguinus_midas	Trachypithecus_cristatus	0.897	1.148	78.0653383532	0.150299401197605	0.642973170080159	0.217667991758405	0.371524485312612	0.0868464039732363	55.9417082901988	40.7532714892304	15.1884368009684	OU	Callitrichidae	PLA	Cercopithecidae	OWM	order
Plecturocebus_moloch	Semnopithecus_entellus	1.063	1.314	78.0653383539	0.150299401197605	0.642973170085925	0.217667991757454	0.371524485312552	0.0868464039724435	55.9417082901988	40.7532714892304	15.1884368009684	OU	Pitheciidae	PLA	Cercopithecidae	OWM	order
Cercopithecus_mona	Hylobates_muelleri	1.289	1.067	62.151576036	0.132934131736527	0.511901910788386	0.215810312419699	0.33347922711749	0.086600128998849	55.9417082901988	40.7532714892304	15.1884368009684	OU	Cercopithecidae	OWM	Hylobatidae	APE	order
Macaca_fuscata	Cercopithecus_petaurista	1.37	1.517	29.8369393143	0.0880239520958083	0.245747368308414	0.20646741902111	0.2417435822852	0.0865898408313207	55.9417082901988	40.7532714892304	15.1884368009684	OU	Cercopithecidae	OWM	Cercopithecidae	OWM	family
Saguinus_oedipus	Leontocebus_fuscicolis	1.035	0.958	10.8504714419	0.0461077844311377	0.0893682416170134	0.179839601383388	0.16768190979892	0.0865121793840711	55.9417082901988	40.7532714892304	15.1884368009684	OU	Callitrichidae	PLA	Callitrichidae	PLA	family
Aotus_trivirgatus	Pan_paniscus	1.105	1.355	78.0653383541	0.149700598802395	0.642973170087572	0.216822501406618	0.370155624935879	0.0861816966568432	55.9417082901988	40.7532714892304	15.1884368009684	OU	Aotidae	PLA	Hominidae	APE	order
Alouatta_palliata	Cercopithecus_cephus	1.24	1.49	78.0653383557	0.149700598802395	0.64297317010075	0.216822501404452	0.370155624935741	0.0861816966550446	55.9417082901988	40.7532714892304	15.1884368009684	OU	Atelidae	PLA	Cercopithecidae	OWM	order
Colobus_angolensis	Eulemur_macaco	1.279	0.964	121.4130573131	0.188622754491018	0.999999999955524	0.219007283548926	0.45478250166948	0.0857823281630286	55.9417082901988	40.7532714892304	15.1884368009684	OU	Cercopithecidae	OWM	Lemuridae	STR	order
Semnopithecus_entellus	Cheirogaleus_medius	1.314	1	121.4130573117	0.188023952095808	0.999999999943993	0.218329669489011	0.453505683008869	0.0852699308220123	55.9417082901988	40.7532714892304	15.1884368009684	OU	Cercopithecidae	OWM	Cheirogaleidae	STR	order
Semnopithecus_entellus	Eulemur_fulvus	1.314	1	121.4130573121	0.188023952095808	0.999999999947287	0.218329669488661	0.453505683008867	0.0852699308217309	55.9417082901988	40.7532714892304	15.1884368009684	OU	Cercopithecidae	OWM	Lemuridae	STR	order
Semnopithecus_entellus	Lemur_catta	1.314	1	121.4130573137	0.188023952095808	0.999999999960466	0.218329669487259	0.453505683008856	0.085269930820605	55.9417082901988	40.7532714892304	15.1884368009684	OU	Cercopithecidae	OWM	Lemuridae	STR	order
Cercopithecus_mitis	Cercopithecus_neglectus	1.866	1.78	12.9463432668	0.051497005988024	0.106630568019041	0.18381241885893	0.176247446297971	0.085118329255827	55.9417082901988	40.7532714892304	15.1884368009684	OU	Cercopithecidae	OWM	Cercopithecidae	OWM	family
Erythrocebus_patas	Nasalis_larvatus	1.908	2.077	38.593674153	0.101197604790419	0.317870869949005	0.208656899346656	0.266632884971312	0.0848854420720742	55.9417082901988	40.7532714892304	15.1884368009684	OU	Cercopithecidae	OWM	Cercopithecidae	OWM	family
Pan_paniscus	Eulemur_coronatus	1.355	1.043	121.4130573111	0.186826347305389	0.999999999939051	0.216973944536075	0.450947610175767	0.084248894840368	55.9417082901988	40.7532714892304	15.1884368009684	OU	Hominidae	APE	Lemuridae	STR	order
Cercopithecus_diana	Eulemur_rubriventer	1.333	1.021	121.4130573147	0.186826347305389	0.999999999968702	0.216973944532938	0.450947610175742	0.0842488948378652	55.9417082901988	40.7532714892304	15.1884368009684	OU	Cercopithecidae	OWM	Lemuridae	STR	order
Saimiri_oerstedii	Cercopithecus_nictitans	1.319	1.566	78.0653383472	0.147904191616767	0.642973170030741	0.214284497341026	0.366041425185928	0.0842011200681754	55.9417082901988	40.7532714892304	15.1884368009684	OU	Cebidae	PLA	Cercopithecidae	OWM	order
Ateles_geoffroyi	Semnopithecus_entellus	1.067	1.314	78.0653383527	0.147904191616767	0.642973170076041	0.214284497333661	0.366041425185455	0.0842011200621344	55.9417082901988	40.7532714892304	15.1884368009684	OU	Atelidae	PLA	Cercopithecidae	OWM	order
Alouatta_caraya	Allochrocebus_lhoesti	1.483	1.73	78.0653383555	0.147904191616766	0.642973170099102	0.214284497329912	0.366041425185215	0.0842011200590589	55.9417082901988	40.7532714892304	15.1884368009684	OU	Atelidae	PLA	Cercopithecidae	OWM	order
Callithrix_jacchus	Colobus_polykomos	0.947	1.193	78.0653383523	0.147305389221557	0.642973170072746	0.213437988129251	0.364667498818308	0.0835454578047245	55.9417082901988	40.7532714892304	15.1884368009684	OU	Callitrichidae	PLA	Cercopithecidae	OWM	order
Cebuella_pygmaea	Trachypithecus_cristatus	0.902	1.148	78.0653383528	0.147305389221557	0.642973170076865	0.213437988128584	0.364667498818265	0.0835454578041794	55.9417082901988	40.7532714892304	15.1884368009684	OU	Callitrichidae	PLA	Cercopithecidae	OWM	order
Cercocebus_torquatus	Cercopithecus_mitis	1.722	1.866	29.8369393138	0.0862275449101797	0.245747368304296	0.202346273820461	0.23695926345359	0.0831439851108687	55.9417082901988	40.7532714892304	15.1884368009684	OU	Cercopithecidae	OWM	Cercopithecidae	OWM	family
Cheracebus_torquatus	Pan_troglodytes	1.058	1.303	78.0653383513	0.146706586826347	0.64297317006451	0.212591226585082	0.36329231580352	0.0828920679014127	55.9417082901988	40.7532714892304	15.1884368009684	OU	Pitheciidae	PLA	Hominidae	APE	order
Cheracebus_torquatus	Pygathrix_nemaeus	1.058	1.303	78.0653383521	0.146706586826347	0.642973170071099	0.212591226584019	0.363292315803452	0.0828920679005476	55.9417082901988	40.7532714892304	15.1884368009684	OU	Pitheciidae	PLA	Cercopithecidae	OWM	order
Papio_anubis	Gorilla_beringei	1.887	1.67	62.1515760319	0.129940119760479	0.511901910754617	0.211066049739018	0.326407273136268	0.0828545455114527	55.9417082901988	40.7532714892304	15.1884368009684	OU	Cercopithecidae	OWM	Hominidae	APE	order
Cebuella_pygmaea	Saguinus_oedipus	0.902	1.035	26.3249190823	0.0796407185628742	0.216821153043222	0.199037210179235	0.224394235097134	0.0824223922512752	55.9417082901988	40.7532714892304	15.1884368009684	OU	Callitrichidae	PLA	Callitrichidae	PLA	family
Saguinus_oedipus	Colobus_angolensis	1.035	1.279	78.0653383522	0.146107784431138	0.642973170071923	0.211744213648848	0.361915880106823	0.082240954761671	55.9417082901988	40.7532714892304	15.1884368009684	OU	Callitrichidae	PLA	Cercopithecidae	OWM	order
Alouatta_palliata	Presbytis_comata	1.24	0.996	78.065338355	0.146107784431138	0.642973170094984	0.211744213645141	0.361915880106585	0.0822409547586671	55.9417082901988	40.7532714892304	15.1884368009684	OU	Atelidae	PLA	Cercopithecidae	OWM	order
Chlorocebus_pygerythrus	Pan_paniscus	1.571	1.355	62.1515760319	0.129341317365269	0.511901910754617	0.210116251030846	0.32498938828739	0.0821144729638909	55.9417082901988	40.7532714892304	15.1884368009684	OU	Cercopithecidae	OWM	Hominidae	APE	order
Macaca_nemestrina	Cercopithecus_mitis	1.723	1.866	29.8369393143	0.0856287425149701	0.245747368308414	0.200971298317233	0.235362466802437	0.0820102050583141	55.9417082901988	40.7532714892304	15.1884368009684	OU	Cercopithecidae	OWM	Cercopithecidae	OWM	family
Cercopithecus_pogonias	Pygathrix_nemaeus	1.469	1.303	38.5936741524	0.0994011976047905	0.317870869944063	0.205036311887949	0.262075356382675	0.0819534180396096	55.9417082901988	40.7532714892304	15.1884368009684	OU	Cercopithecidae	OWM	Cercopithecidae	OWM	family
Saimiri_oerstedii	Eulemur_mongoz	1.319	1.012	121.4130573004	0.183832335329341	0.999999999850922	0.213581756759705	0.444526695540846	0.0817183805696912	55.9417082901988	40.7532714892304	15.1884368009684	OU	Cebidae	PLA	Lemuridae	STR	order
Cebus_olivaceus	Cheirogaleus_medius	1.306	1	121.4130573	0.183233532934132	0.999999999847628	0.212902830188734	0.443238125794345	0.081216087732776	55.9417082901988	40.7532714892304	15.1884368009684	OU	Cebidae	PLA	Cheirogaleidae	STR	order
Cebus_olivaceus	Eulemur_fulvus	1.306	1	121.4130573004	0.183233532934132	0.999999999850922	0.212902830188392	0.443238125794342	0.081216087732508	55.9417082901988	40.7532714892304	15.1884368009684	OU	Cebidae	PLA	Lemuridae	STR	order
Cebus_olivaceus	Lemur_catta	1.306	1	121.413057302	0.183233532934132	0.9999999998641	0.212902830187023	0.443238125794331	0.0812160877314357	55.9417082901988	40.7532714892304	15.1884368009684	OU	Cebidae	PLA	Lemuridae	STR	order
Eulemur_mongoz	Avahi_laniger	1.012	0.78	71.983496223	0.138922155688623	0.592881011423404	0.209712112238048	0.345907174296118	0.0810519638772157	55.9417082901988	40.7532714892304	15.1884368009684	OU	Lemuridae	STR	Indriidae	STR	superfamily
Cercopithecus_petaurista	Pan_troglodytes	1.517	1.303	62.1515760317	0.12814371257485	0.51190191075297	0.208215718174278	0.322150159654635	0.0806434135086615	55.9417082901988	40.7532714892304	15.1884368009684	OU	Cercopithecidae	OWM	Hominidae	APE	order
Macaca_nemestrina	Papio_hamadryas	1.723	1.842	22.4016461424	0.0712574850299401	0.184507718009557	0.193171676300289	0.208287151999313	0.0804411803236929	55.9417082901988	40.7532714892304	15.1884368009684	OU	Cercopithecidae	OWM	Cercopithecidae	OWM	family
Saguinus_midas	Ateles_paniscus	0.897	1.079	46.5475501501	0.108982035928144	0.383381748043729	0.204700980405457	0.28100098777346	0.0798787628822593	55.9417082901988	40.7532714892304	15.1884368009684	OU	Callitrichidae	PLA	Atelidae	PLA	superfamily
Pan_troglodytes	Cheirogaleus_medius	1.303	1	121.41305731	0.181437125748503	0.999999999929991	0.210865081258048	0.439363698692185	0.0797168866545223	55.9417082901988	40.7532714892304	15.1884368009684	OU	Hominidae	APE	Cheirogaleidae	STR	order
Pan_troglodytes	Eulemur_fulvus	1.303	1	121.4130573104	0.181437125748503	0.999999999933286	0.210865081257709	0.439363698692183	0.0797168866542592	55.9417082901988	40.7532714892304	15.1884368009684	OU	Hominidae	APE	Lemuridae	STR	order
Pygathrix_nemaeus	Cheirogaleus_medius	1.303	1	121.4130573108	0.181437125748503	0.99999999993658	0.21086508125737	0.43936369869218	0.0797168866539961	55.9417082901988	40.7532714892304	15.1884368009684	OU	Cercopithecidae	OWM	Cheirogaleidae	STR	order
Pygathrix_nemaeus	Eulemur_fulvus	1.303	1	121.4130573112	0.181437125748503	0.999999999939875	0.210865081257031	0.439363698692177	0.0797168866537329	55.9417082901988	40.7532714892304	15.1884368009684	OU	Cercopithecidae	OWM	Lemuridae	STR	order
Pan_troglodytes	Lemur_catta	1.303	1	121.413057312	0.181437125748503	0.999999999946464	0.210865081256352	0.439363698692172	0.0797168866532067	55.9417082901988	40.7532714892304	15.1884368009684	OU	Hominidae	APE	Lemuridae	STR	order
Cercopithecus_ascanius	Eulemur_macaco	1.267	0.964	121.4130573128	0.181437125748503	0.999999999953053	0.210865081255674	0.439363698692166	0.0797168866526804	55.9417082901988	40.7532714892304	15.1884368009684	OU	Cercopithecidae	OWM	Lemuridae	STR	order
Pygathrix_nemaeus	Lemur_catta	1.303	1	121.4130573128	0.181437125748503	0.999999999953053	0.210865081255674	0.439363698692166	0.0797168866526804	55.9417082901988	40.7532714892304	15.1884368009684	OU	Cercopithecidae	OWM	Lemuridae	STR	order
Plecturocebus_moloch	Pan_troglodytes	1.063	1.303	78.0653383522	0.143712574850299	0.642973170071923	0.208353667064651	0.356397690273538	0.0796593576901201	55.9417082901988	40.7532714892304	15.1884368009684	OU	Pitheciidae	PLA	Hominidae	APE	order
Plecturocebus_moloch	Pygathrix_nemaeus	1.063	1.303	78.065338353	0.143712574850299	0.642973170078512	0.208353667063608	0.356397690273471	0.0796593576892888	55.9417082901988	40.7532714892304	15.1884368009684	OU	Pitheciidae	PLA	Cercopithecidae	OWM	order
Cacajao_calvus	Hylobates_klossii	1.198	0.958	78.0653383553	0.143712574850299	0.642973170097455	0.20835366706061	0.356397690273278	0.0796593576868986	55.9417082901988	40.7532714892304	15.1884368009684	OU	Pitheciidae	PLA	Hylobatidae	APE	order
Alouatta_caraya	Macaca_nemestrina	1.483	1.723	78.0653383567	0.143712574850299	0.642973170108986	0.208353667058785	0.35639769027316	0.0796593576854437	55.9417082901988	40.7532714892304	15.1884368009684	OU	Atelidae	PLA	Cercopithecidae	OWM	order
Semnopithecus_entellus	Eulemur_mongoz	1.314	1.012	121.4130573127	0.180838323353293	0.999999999952229	0.210185510182061	0.438069327484962	0.0792197226986697	55.9417082901988	40.7532714892304	15.1884368009684	OU	Cercopithecidae	OWM	Lemuridae	STR	order
Colobus_angolensis	Hylobates_muelleri	1.279	1.067	62.1515760364	0.126946107784431	0.511901910791681	0.20631394702065	0.31930634857687	0.0791845025153425	55.9417082901988	40.7532714892304	15.1884368009684	OU	Cercopithecidae	OWM	Hylobatidae	APE	order
Cebus_olivaceus	Hylobates_muelleri	1.306	1.067	78.0653383504	0.14311377245509	0.642973170057097	0.207505411480509	0.35501505110882	0.0790196941468148	55.9417082901988	40.7532714892304	15.1884368009684	OU	Cebidae	PLA	Hylobatidae	APE	order
Alouatta_caraya	Cercocebus_torquatus	1.483	1.722	78.0653383562	0.14311377245509	0.642973170104868	0.207505411472977	0.355015051108334	0.0790196941408357	55.9417082901988	40.7532714892304	15.1884368009684	OU	Atelidae	PLA	Cercopithecidae	OWM	order
Cercopithecus_nictitans	Pan_paniscus	1.566	1.355	62.1515760318	0.126347305389222	0.511901910753794	0.205362600463735	0.317882735719713	0.0784596154931273	55.9417082901988	40.7532714892304	15.1884368009684	OU	Cercopithecidae	OWM	Hominidae	APE	order
Macaca_silenus	Gorilla_beringei	1.459	1.67	62.151576033	0.126347305389221	0.511901910763677	0.205362600461797	0.317882735719466	0.0784596154915514	55.9417082901988	40.7532714892304	15.1884368009684	OU	Cercopithecidae	OWM	Hominidae	APE	order
Cebus_olivaceus	Rhinopithecus_roxellana	1.306	1.543	78.0653383474	0.141916167664671	0.642973170032388	0.205808164273994	0.352246090987826	0.0777472803497151	55.9417082901988	40.7532714892304	15.1884368009684	OU	Cebidae	PLA	Cercopithecidae	OWM	order
Ateles_paniscus	Avahi_laniger	1.079	0.78	121.413057303	0.179041916167665	0.999999999872337	0.208145839553347	0.434177571621686	0.0777359843900941	55.9417082901988	40.7532714892304	15.1884368009684	OU	Atelidae	PLA	Indriidae	STR	order
Trachypithecus_cristatus	Colobus_angolensis	1.148	1.279	27.0170263241	0.0784431137724551	0.222521588046555	0.193628042570739	0.220010034315524	0.0775577430684329	55.9417082901988	40.7532714892304	15.1884368009684	OU	Cercopithecidae	OWM	Cercopithecidae	OWM	family
Macaca_tonkeana	Cercopithecus_petaurista	1.656	1.517	29.8369393137	0.0832335329341317	0.245747368303472	0.195465202824259	0.228965331559449	0.0775495322562057	55.9417082901988	40.7532714892304	15.1884368009684	OU	Cercopithecidae	OWM	Cercopithecidae	OWM	family
Aotus_trivirgatus	Alouatta_seniculus	1.105	1.284	46.5475501565	0.107185628742515	0.383381748096442	0.201399992638198	0.276560837006479	0.0773207053994617	55.9417082901988	40.7532714892304	15.1884368009684	OU	Aotidae	PLA	Atelidae	PLA	superfamily
Saimiri_oerstedii	Eulemur_rubriventer	1.319	1.021	121.4130573014	0.178443113772455	0.999999999859158	0.207465631845094	0.432877449556761	0.0772439999916665	55.9417082901988	40.7532714892304	15.1884368009684	OU	Cebidae	PLA	Lemuridae	STR	order
Trachypithecus_obscurus	Eulemur_macaco	1.262	0.964	121.4130573124	0.178443113772455	0.999999999949758	0.207465631835911	0.432877449556687	0.077243999984655	55.9417082901988	40.7532714892304	15.1884368009684	OU	Cercopithecidae	OWM	Lemuridae	STR	order
Mandrillus_leucophaeus	Propithecus_verreauxi	1.4	1.102	121.413057313	0.178443113772455	0.9999999999547	0.20746563183541	0.432877449556683	0.0772439999842724	55.9417082901988	40.7532714892304	15.1884368009684	OU	Cercopithecidae	OWM	Indriidae	STR	order
Ateles_geoffroyi	Pan_troglodytes	1.067	1.303	78.065338351	0.141317365269461	0.642973170062039	0.204959174560706	0.350859778155339	0.0771145387344171	55.9417082901988	40.7532714892304	15.1884368009684	OU	Atelidae	PLA	Hominidae	APE	order
Ateles_geoffroyi	Pygathrix_nemaeus	1.067	1.303	78.0653383518	0.141317365269461	0.642973170068628	0.20495917455968	0.350859778155272	0.0771145387336123	55.9417082901988	40.7532714892304	15.1884368009684	OU	Atelidae	PLA	Cercopithecidae	OWM	order
Alouatta_seniculus	Trachypithecus_francoisi	1.284	1.048	78.0653383566	0.141317365269461	0.642973170108163	0.204959174553519	0.350859778154875	0.0771145387287833	55.9417082901988	40.7532714892304	15.1884368009684	OU	Atelidae	PLA	Cercopithecidae	OWM	order
Semnopithecus_entellus	Hylobates_lar	1.314	1.105	62.1515760364	0.125149700598802	0.511901910791681	0.203458992090939	0.31503211766295	0.0770190037844368	55.9417082901988	40.7532714892304	15.1884368009684	OU	Cercopithecidae	OWM	Hylobatidae	APE	order
Leontocebus_fuscicolis	Colobus_polykomos	0.958	1.193	78.0653383523	0.140718562874252	0.642973170072746	0.204109942059692	0.349472248912579	0.0764841130553657	55.9417082901988	40.7532714892304	15.1884368009684	OU	Callitrichidae	PLA	Cercopithecidae	OWM	order
Ateles_paniscus	Semnopithecus_entellus	1.079	1.314	78.0653383527	0.140718562874252	0.642973170076041	0.20410994205918	0.349472248912546	0.0764841130549666	55.9417082901988	40.7532714892304	15.1884368009684	OU	Atelidae	PLA	Cercopithecidae	OWM	order
Macaca_tonkeana	Papio_cynocephalus	1.656	1.772	22.4016461419	0.0694610778443114	0.184507718005439	0.188394517838771	0.203152679794273	0.0764802917623992	55.9417082901988	40.7532714892304	15.1884368009684	OU	Cercopithecidae	OWM	Cercopithecidae	OWM	family
Trachypithecus_cristatus	Piliocolobus_badius	1.148	1.018	27.0170263241	0.0778443113772454	0.222521588046555	0.192178998269351	0.21837331042971	0.0763931271693683	55.9417082901988	40.7532714892304	15.1884368009684	OU	Cercopithecidae	OWM	Cercopithecidae	OWM	family
Avahi_laniger	Cheirogaleus_medius	0.78	1	69.529333386	0.131736526946108	0.572667676126509	0.202507365223025	0.329399268774711	0.0757750392696893	55.9417082901988	40.7532714892304	15.1884368009684	OU	Indriidae	STR	Cheirogaleidae	STR	superfamily
Cebus_olivaceus	Alouatta_caraya	1.306	1.483	46.5475501482	0.105988023952096	0.38338174802808	0.199197328504609	0.273595545707	0.0756370155875452	55.9417082901988	40.7532714892304	15.1884368009684	OU	Cebidae	PLA	Atelidae	PLA	superfamily
Cebuella_pygmaea	Ateles_paniscus	0.902	1.079	46.5475501497	0.105988023952096	0.383381748040435	0.199197328501466	0.273595545706268	0.0756370155849056	55.9417082901988	40.7532714892304	15.1884368009684	OU	Callitrichidae	PLA	Atelidae	PLA	superfamily
Trachypithecus_cristatus	Pan_paniscus	1.148	1.355	62.1515760321	0.123952095808383	0.511901910756264	0.201554172427472	0.312177006362376	0.0755906422475294	55.9417082901988	40.7532714892304	15.1884368009684	OU	Cercopithecidae	OWM	Hominidae	APE	order
Alouatta_palliata	Cheracebus_torquatus	1.24	1.058	49.0936032093	0.108982035928144	0.404351923043284	0.199437279102201	0.279831420535854	0.0754209296128348	55.9417082901988	40.7532714892304	15.1884368009684	OU	Atelidae	PLA	Pitheciidae	PLA	superfamily
Cebus_olivaceus	Eulemur_mongoz	1.306	1.012	121.413057301	0.176047904191617	0.999999999855864	0.204743226672723	0.427662696685545	0.0752891214632772	55.9417082901988	40.7532714892304	15.1884368009684	OU	Cebidae	PLA	Lemuridae	STR	order
Alouatta_seniculus	Cercopithecus_petaurista	1.284	1.517	78.0653383561	0.139520958083832	0.642973170104045	0.202410752524059	0.346693557583067	0.0752302266479556	55.9417082901988	40.7532714892304	15.1884368009684	OU	Atelidae	PLA	Cercopithecidae	OWM	order
Alouatta_caraya	Macaca_mulatta	1.483	1.25	78.0653383569	0.139520958083832	0.642973170110634	0.202410752523045	0.346693557583002	0.0752302266471706	55.9417082901988	40.7532714892304	15.1884368009684	OU	Atelidae	PLA	Cercopithecidae	OWM	order
Semnopithecus_entellus	Eulemur_rubriventer	1.314	1.021	121.4130573137	0.175449101796407	0.999999999960466	0.20406223425559	0.426355458587066	0.0748036822580534	55.9417082901988	40.7532714892304	15.1884368009684	OU	Cercopithecidae	OWM	Lemuridae	STR	order
Saguinus_oedipus	Cercopithecus_ascanius	1.035	1.267	78.0653383519	0.138922155688623	0.642973170069452	0.201560797420057	0.345302403722057	0.0746067744698424	55.9417082901988	40.7532714892304	15.1884368009684	OU	Callitrichidae	PLA	Cercopithecidae	OWM	order
Papio_cynocephalus	Erythrocebus_patas	1.772	1.908	29.8369393139	0.0814371257485029	0.24574736830512	0.191329242598804	0.224157213413564	0.0742824604881602	55.9417082901988	40.7532714892304	15.1884368009684	OU	Cercopithecidae	OWM	Cercopithecidae	OWM	family
Sapajus_apella	Trachypithecus_pileatus	1.448	1.217	78.0653383491	0.138323353293413	0.64297317004639	0.20071060336782	0.34391004990078	0.0739856553114786	55.9417082901988	40.7532714892304	15.1884368009684	OU	Cebidae	PLA	Cercopithecidae	OWM	order
Cheracebus_torquatus	Cercopithecus_mona	1.058	1.289	78.0653383529	0.138323353293413	0.642973170077688	0.200710603363039	0.343910049900471	0.0739856553078106	55.9417082901988	40.7532714892304	15.1884368009684	OU	Pitheciidae	PLA	Cercopithecidae	OWM	order
Pan_troglodytes	Eulemur_mongoz	1.303	1.012	121.413057311	0.174251497005988	0.999999999938228	0.202699783571336	0.423736745511196	0.0738367622463323	55.9417082901988	40.7532714892304	15.1884368009684	OU	Hominidae	APE	Lemuridae	STR	order
Pygathrix_nemaeus	Eulemur_mongoz	1.303	1.012	121.4130573118	0.174251497005988	0.999999999944816	0.202699783570683	0.423736745511191	0.0738367622458449	55.9417082901988	40.7532714892304	15.1884368009684	OU	Cercopithecidae	OWM	Lemuridae	STR	order
Theropithecus_gelada	Colobus_guereza	1.624	1.467	38.593674154	0.0940119760479042	0.317870869957241	0.194148319352269	0.248347981193324	0.0734502172615966	55.9417082901988	40.7532714892304	15.1884368009684	OU	Cercopithecidae	OWM	Cercopithecidae	OWM	family
Cercopithecus_diana	Eulemur_coronatus	1.333	1.043	121.4130573138	0.173652694610778	0.999999999961289	0.202018326280131	0.422425277154684	0.0733552876524554	55.9417082901988	40.7532714892304	15.1884368009684	OU	Cercopithecidae	OWM	Lemuridae	STR	order
Eulemur_fulvus	Avahi_laniger	1	0.78	71.9834962224	0.131736526946108	0.592881011418462	0.199099178508495	0.329095464058323	0.0731241052315663	55.9417082901988	40.7532714892304	15.1884368009684	OU	Lemuridae	STR	Indriidae	STR	superfamily
Lemur_catta	Avahi_laniger	1	0.78	71.983496224	0.131736526946108	0.59288101143164	0.199099178506329	0.32909546405814	0.0731241052299002	55.9417082901988	40.7532714892304	15.1884368009684	OU	Lemuridae	STR	Indriidae	STR	superfamily
Cercopithecus_mona	Cheirogaleus_medius	1.289	1	121.4130573116	0.173053892215569	0.999999999943169	0.201336715023711	0.421112405356427	0.0728751408113316	55.9417082901988	40.7532714892304	15.1884368009684	OU	Cercopithecidae	OWM	Cheirogaleidae	STR	order
Cercopithecus_mona	Eulemur_fulvus	1.289	1	121.413057312	0.173053892215569	0.999999999946464	0.201336715023387	0.421112405356424	0.072875140811091	55.9417082901988	40.7532714892304	15.1884368009684	OU	Cercopithecidae	OWM	Lemuridae	STR	order
Cercopithecus_mona	Lemur_catta	1.289	1	121.4130573136	0.173053892215569	0.999999999959642	0.201336715022089	0.421112405356414	0.0728751408101289	55.9417082901988	40.7532714892304	15.1884368009684	OU	Cercopithecidae	OWM	Lemuridae	STR	order
Colobus_guereza	Gorilla_beringei	1.467	1.67	62.151576032	0.121556886227545	0.511901910755441	0.19774094252035	0.306453448279396	0.0727708300435201	55.9417082901988	40.7532714892304	15.1884368009684	OU	Cercopithecidae	OWM	Hominidae	APE	order
Alouatta_palliata	Cercopithecus_pogonias	1.24	1.469	78.0653383556	0.137125748502994	0.642973170099926	0.199009502262522	0.341121758964778	0.0727504329946355	55.9417082901988	40.7532714892304	15.1884368009684	OU	Atelidae	PLA	Cercopithecidae	OWM	order
Macaca_silenus	Pygathrix_nemaeus	1.459	1.303	38.5936741538	0.0934131736526947	0.317870869955594	0.192936173781209	0.246817764100531	0.072532694366469	55.9417082901988	40.7532714892304	15.1884368009684	OU	Cercopithecidae	OWM	Cercopithecidae	OWM	family
Theropithecus_gelada	Cercopithecus_cephus	1.624	1.49	29.8369393137	0.0802395209580839	0.245747368303472	0.188568955174164	0.22094700896032	0.0721419003527415	55.9417082901988	40.7532714892304	15.1884368009684	OU	Cercopithecidae	OWM	Cercopithecidae	OWM	family
Aotus_trivirgatus	Cercopithecus_diana	1.105	1.333	78.0653383568	0.136526946107784	0.64297317010981	0.198158597148587	0.339725830175793	0.072136338285953	55.9417082901988	40.7532714892304	15.1884368009684	OU	Aotidae	PLA	Cercopithecidae	OWM	order
Ateles_geoffroyi	Avahi_laniger	1.067	0.78	121.413057303	0.17185628742515	0.999999999872337	0.199973032591995	0.418482464829908	0.0719188427673752	55.9417082901988	40.7532714892304	15.1884368009684	OU	Atelidae	PLA	Indriidae	STR	order
Hylobates_muelleri	Avahi_laniger	1.067	0.78	121.4130573124	0.17185628742515	0.999999999949758	0.199973032584418	0.418482464829847	0.0719188427617965	55.9417082901988	40.7532714892304	15.1884368009684	OU	Hylobatidae	APE	Indriidae	STR	order
Cercopithecus_pogonias	Semnopithecus_entellus	1.469	1.314	38.5936741533	0.092814371257485	0.317870869951476	0.191723564699913	0.245286576814347	0.071620653406837	55.9417082901988	40.7532714892304	15.1884368009684	OU	Cercopithecidae	OWM	Cercopithecidae	OWM	family
Saguinus_oedipus	Trachypithecus_obscurus	1.035	1.262	78.0653383515	0.135928143712575	0.642973170066157	0.197307456954147	0.338328718077275	0.0715245934883523	55.9417082901988	40.7532714892304	15.1884368009684	OU	Callitrichidae	PLA	Cercopithecidae	OWM	order
Alouatta_palliata	Colobus_guereza	1.24	1.467	78.065338356	0.135928143712575	0.642973170103221	0.197307456948577	0.338328718076914	0.0715245934841529	55.9417082901988	40.7532714892304	15.1884368009684	OU	Atelidae	PLA	Cercopithecidae	OWM	order
Macaca_mulatta	Eulemur_macaco	1.25	0.964	121.4130573138	0.17125748502994	0.999999999961289	0.19929096239655	0.417165402833914	0.0714426977336035	55.9417082901988	40.7532714892304	15.1884368009684	OU	Cercopithecidae	OWM	Lemuridae	STR	order
Alouatta_palliata	Plecturocebus_moloch	1.24	1.063	49.0936032102	0.105988023952096	0.404351923050697	0.19406913386625	0.272454130165042	0.071415203508651	55.9417082901988	40.7532714892304	15.1884368009684	OU	Atelidae	PLA	Pitheciidae	PLA	superfamily
Cercopithecus_pogonias	Gorilla_beringei	1.469	1.67	62.1515760316	0.120359281437126	0.511901910752146	0.195832554011566	0.303585074101695	0.0713794588502878	55.9417082901988	40.7532714892304	15.1884368009684	OU	Cercopithecidae	OWM	Hominidae	APE	order
Mandrillus_leucophaeus	Cercopithecus_ascanius	1.4	1.267	29.8369393137	0.0796407185628742	0.245747368303472	0.187187929637476	0.219340488429888	0.0710828939047533	55.9417082901988	40.7532714892304	15.1884368009684	OU	Cercopithecidae	OWM	Cercopithecidae	OWM	family
Cebus_olivaceus	Eulemur_rubriventer	1.306	1.021	121.413057302	0.170658682634731	0.9999999998641	0.198608740237355	0.415846950861004	0.070967892821253	55.9417082901988	40.7532714892304	15.1884368009684	OU	Cebidae	PLA	Lemuridae	STR	order
Plecturocebus_moloch	Cercopithecus_mona	1.063	1.289	78.0653383538	0.135329341317365	0.642973170085101	0.196456082628289	0.33693042686156	0.0709152027773083	55.9417082901988	40.7532714892304	15.1884368009684	OU	Pitheciidae	PLA	Cercopithecidae	OWM	order
Cercopithecus_ascanius	Hylobates_muelleri	1.267	1.067	62.1515760361	0.119760479041916	0.51190191078921	0.194877921124325	0.302149254202783	0.0706884242133323	55.9417082901988	40.7532714892304	15.1884368009684	OU	Cercopithecidae	OWM	Hylobatidae	APE	order
Alouatta_seniculus	Cheirogaleus_medius	1.284	1	121.4130573084	0.170059880239521	0.999999999916813	0.197926366579385	0.414527112311729	0.0704944310816313	55.9417082901988	40.7532714892304	15.1884368009684	OU	Atelidae	PLA	Cheirogaleidae	STR	order
Alouatta_seniculus	Eulemur_fulvus	1.284	1	121.4130573088	0.170059880239521	0.999999999920108	0.197926366579066	0.414527112311726	0.0704944310813986	55.9417082901988	40.7532714892304	15.1884368009684	OU	Atelidae	PLA	Lemuridae	STR	order
Alouatta_seniculus	Lemur_catta	1.284	1	121.4130573104	0.170059880239521	0.999999999933286	0.197926366577789	0.414527112311716	0.0704944310804678	55.9417082901988	40.7532714892304	15.1884368009684	OU	Atelidae	PLA	Lemuridae	STR	order
Aotus_trivirgatus	Callithrix_jacchus	1.105	0.947	40.5102348758	0.0946107784431138	0.333656327997165	0.190773993525698	0.248513117168962	0.0704677762589295	55.9417082901988	40.7532714892304	15.1884368009684	OU	Aotidae	PLA	Callitrichidae	PLA	superfamily
Plecturocebus_moloch	Avahi_laniger	1.063	0.78	121.4130573042	0.169461077844311	0.99999999988222	0.197243841943759	0.413205890600904	0.070022315601095	55.9417082901988	40.7532714892304	15.1884368009684	OU	Pitheciidae	PLA	Indriidae	STR	order
Semnopithecus_vetulus	Propithecus_verreauxi	1.385	1.102	121.413057313	0.169461077844311	0.9999999999547	0.197243841936758	0.413205890600847	0.0700223155960101	55.9417082901988	40.7532714892304	15.1884368009684	OU	Cercopithecidae	OWM	Indriidae	STR	order
Saguinus_midas	Ateles_geoffroyi	0.897	1.067	46.5475501501	0.101796407185629	0.383381748043729	0.191475632499363	0.263184965275646	0.0698814798227677	55.9417082901988	40.7532714892304	15.1884368009684	OU	Callitrichidae	PLA	Atelidae	PLA	superfamily
Macaca_fuscata	Trachypithecus_pileatus	1.37	1.217	38.5936741547	0.0916167664670659	0.317870869963007	0.189296967184678	0.242221314110594	0.0698130456899014	55.9417082901988	40.7532714892304	15.1884368009684	OU	Cercopithecidae	OWM	Cercopithecidae	OWM	family
Saimiri_oerstedii	Rhinopithecus_roxellana	1.319	1.543	78.0653383468	0.134131736526946	0.642973170027446	0.194752635495266	0.334130323916683	0.0697035003363243	55.9417082901988	40.7532714892304	15.1884368009684	OU	Cebidae	PLA	Cercopithecidae	OWM	order
Ateles_paniscus	Pan_troglodytes	1.079	1.303	78.065338351	0.134131736526946	0.642973170062039	0.194752635490132	0.334130323916349	0.0697035003325046	55.9417082901988	40.7532714892304	15.1884368009684	OU	Atelidae	PLA	Hominidae	APE	order
Ateles_paniscus	Pygathrix_nemaeus	1.079	1.303	78.0653383518	0.134131736526946	0.642973170068628	0.194752635489154	0.334130323916285	0.069703500331777	55.9417082901988	40.7532714892304	15.1884368009684	OU	Atelidae	PLA	Cercopithecidae	OWM	order
Pan_troglodytes	Eulemur_rubriventer	1.303	1.021	121.413057312	0.168862275449102	0.999999999946464	0.196561166810883	0.411883289156796	0.0695515494302004	55.9417082901988	40.7532714892304	15.1884368009684	OU	Hominidae	APE	Lemuridae	STR	order
Pygathrix_nemaeus	Eulemur_rubriventer	1.303	1.021	121.4130573128	0.168862275449102	0.999999999953053	0.196561166810248	0.411883289156791	0.0695515494297413	55.9417082901988	40.7532714892304	15.1884368009684	OU	Cercopithecidae	OWM	Lemuridae	STR	order
Eulemur_coronatus	Eulemur_macaco	1.043	0.964	13.292473054	0.0473053892215569	0.109481412852739	0.166903831787685	0.160744953948961	0.0694556492633589	55.9417082901988	40.7532714892304	15.1884368009684	OU	Lemuridae	STR	Lemuridae	STR	family
Pygathrix_nemaeus	Hylobates_lar	1.303	1.105	62.1515760355	0.118562874251497	0.511901910784268	0.192967784932874	0.299274371741519	0.0693156812974645	55.9417082901988	40.7532714892304	15.1884368009684	OU	Cercopithecidae	OWM	Hylobatidae	APE	order
Theropithecus_gelada	Cercocebus_torquatus	1.624	1.722	18.570805318	0.0586826347305388	0.152955585899494	0.175036522963587	0.180289634692375	0.069169561321591	55.9417082901988	40.7532714892304	15.1884368009684	OU	Cercopithecidae	OWM	Cercopithecidae	OWM	family
Saimiri_sciureus	Mandrillus_leucophaeus	1.177	1.4	78.065338347	0.133532934131736	0.642973170029094	0.193900564613703	0.332728520635091	0.0691011969095154	55.9417082901988	40.7532714892304	15.1884368009684	OU	Cebidae	PLA	Cercopithecidae	OWM	order
Mandrillus_leucophaeus	Hapalemur_griseus	1.4	1.119	121.4130573158	0.168263473053892	0.999999999977762	0.195878341692249	0.410559311421684	0.0690821356359633	55.9417082901988	40.7532714892304	15.1884368009684	OU	Cercopithecidae	OWM	Lemuridae	STR	order
Sapajus_apella	Gorilla_beringei	1.448	1.67	78.065338347	0.132934131736527	0.642973170029094	0.193048263484956	0.331325555133516	0.0685012642001902	55.9417082901988	40.7532714892304	15.1884368009684	OU	Cebidae	PLA	Hominidae	APE	order
Ateles_geoffroyi	Cercopithecus_mona	1.067	1.289	78.0653383526	0.132934131736527	0.642973170075217	0.193048263478168	0.331325555133074	0.0685012641951849	55.9417082901988	40.7532714892304	15.1884368009684	OU	Atelidae	PLA	Cercopithecidae	OWM	order
Alouatta_palliata	Piliocolobus_badius	1.24	1.018	78.065338356	0.132934131736527	0.642973170103221	0.193048263474047	0.331325555132806	0.068501264192146	55.9417082901988	40.7532714892304	15.1884368009684	OU	Atelidae	PLA	Cercopithecidae	OWM	order
Colobus_angolensis	Cheirogaleus_medius	1.279	1	121.413057312	0.167065868263473	0.999999999946464	0.194512243493842	0.407907240915822	0.0681473773782078	55.9417082901988	40.7532714892304	15.1884368009684	OU	Cercopithecidae	OWM	Cheirogaleidae	STR	order
Colobus_angolensis	Eulemur_fulvus	1.279	1	121.4130573124	0.167065868263473	0.999999999949758	0.194512243493528	0.40790724091582	0.0681473773779829	55.9417082901988	40.7532714892304	15.1884368009684	OU	Cercopithecidae	OWM	Lemuridae	STR	order
Colobus_angolensis	Lemur_catta	1.279	1	121.413057314	0.167065868263473	0.999999999962936	0.194512243492272	0.407907240915809	0.0681473773770831	55.9417082901988	40.7532714892304	15.1884368009684	OU	Cercopithecidae	OWM	Lemuridae	STR	order
Cercopithecus_mitis	Gorilla_beringei	1.866	1.67	62.1515760318	0.117365269461078	0.511901910753794	0.191056497278155	0.29639519646636	0.0679554058491775	55.9417082901988	40.7532714892304	15.1884368009684	OU	Cercopithecidae	OWM	Hominidae	APE	order
Cheracebus_torquatus	Colobus_angolensis	1.058	1.279	78.0653383533	0.132335329341317	0.642973170080983	0.192195733071874	0.329921431666085	0.0679037063253997	55.9417082901988	40.7532714892304	15.1884368009684	OU	Pitheciidae	PLA	Cercopithecidae	OWM	order
Alouatta_caraya	Trachypithecus_obscurus	1.483	1.262	78.0653383555	0.132335329341317	0.642973170099103	0.192195733069219	0.329921431665913	0.0679037063234506	55.9417082901988	40.7532714892304	15.1884368009684	OU	Atelidae	PLA	Cercopithecidae	OWM	order
Cheracebus_torquatus	Avahi_laniger	1.058	0.78	121.4130573033	0.166467065868263	0.999999999874807	0.193828971414089	0.40657915509803	0.0676820390008399	55.9417082901988	40.7532714892304	15.1884368009684	OU	Pitheciidae	PLA	Indriidae	STR	order
Lemur_catta	Hapalemur_griseus	1	1.119	25.8477057818	0.0712574850299401	0.21289065898402	0.180071554520658	0.202038846270239	0.0676252313383493	55.9417082901988	40.7532714892304	15.1884368009684	OU	Lemuridae	STR	Lemuridae	STR	family
Trachypithecus_obscurus	Hylobates_muelleri	1.262	1.067	62.1515760357	0.116766467065868	0.511901910785915	0.190100425061904	0.294954010592722	0.0672799554722202	55.9417082901988	40.7532714892304	15.1884368009684	OU	Cercopithecidae	OWM	Hylobatidae	APE	order
Trachypithecus_pileatus	Nomascus_concolor	1.217	1.022	62.1515760361	0.116766467065868	0.51190191078921	0.190100425061304	0.294954010592645	0.0672799554717696	55.9417082901988	40.7532714892304	15.1884368009684	OU	Cercopithecidae	OWM	Hylobatidae	APE	order
Cercopithecus_mona	Eulemur_mongoz	1.289	1.012	121.4130573126	0.165868263473054	0.999999999951406	0.193145551329733	0.405249706894946	0.0672180651588952	55.9417082901988	40.7532714892304	15.1884368009684	OU	Cercopithecidae	OWM	Lemuridae	STR	order
Saimiri_oerstedii	Eulemur_coronatus	1.319	1.043	121.4130573005	0.165269461077844	0.999999999851746	0.192461983771993	0.403918899817453	0.0667554589018831	55.9417082901988	40.7532714892304	15.1884368009684	OU	Cebidae	PLA	Lemuridae	STR	order
Alouatta_palliata	Eulemur_macaco	1.24	0.964	121.4130573091	0.165269461077844	0.999999999922578	0.19246198376531	0.403918899817399	0.0667554588971456	55.9417082901988	40.7532714892304	15.1884368009684	OU	Atelidae	PLA	Lemuridae	STR	order
Saimiri_sciureus	Hylobates_klossii	1.177	0.958	78.0653383493	0.131137724550898	0.642973170048037	0.19048998832246	0.32710972791557	0.0667157315352778	55.9417082901988	40.7532714892304	15.1884368009684	OU	Cebidae	PLA	Hylobatidae	APE	order
Alouatta_palliata	Macaca_silenus	1.24	1.459	78.065338357	0.131137724550898	0.642973170111457	0.190489988313246	0.32710972791497	0.0667157315285747	55.9417082901988	40.7532714892304	15.1884368009684	OU	Atelidae	PLA	Cercopithecidae	OWM	order
Semnopithecus_entellus	Colobus_polykomos	1.314	1.193	27.0170263237	0.0724550898203593	0.22252158804326	0.179108490910484	0.20360007648534	0.0662940704265937	55.9417082901988	40.7532714892304	15.1884368009684	OU	Cercopithecidae	OWM	Cercopithecidae	OWM	family
Allenopithecus_nigroviridis	Nasalis_larvatus	1.928	2.077	38.593674149	0.0892215568862275	0.31787086991606	0.184438333274359	0.236079393983139	0.0662639237294533	55.9417082901988	40.7532714892304	15.1884368009684	OU	Cercopithecidae	OWM	Cercopithecidae	OWM	family
Alouatta_palliata	Nomascus_concolor	1.24	1.022	78.065338358	0.130538922155689	0.642973170119694	0.189636775908788	0.325702156200734	0.0661253227818399	55.9417082901988	40.7532714892304	15.1884368009684	OU	Atelidae	PLA	Hylobatidae	APE	order
Cebuella_pygmaea	Ateles_geoffroyi	0.902	1.067	46.5475501497	0.0988023952095808	0.383381748040435	0.185948647851458	0.255719021403579	0.0659020726585527	55.9417082901988	40.7532714892304	15.1884368009684	OU	Callitrichidae	PLA	Atelidae	PLA	superfamily
Alouatta_seniculus	Hylobates_muelleri	1.284	1.067	78.0653383588	0.129940119760479	0.642973170126283	0.188783338118782	0.324293443660548	0.0655373052323685	55.9417082901988	40.7532714892304	15.1884368009684	OU	Atelidae	PLA	Hylobatidae	APE	order
Saimiri_oerstedii	Alouatta_caraya	1.319	1.483	46.5475501476	0.0982035928143713	0.383381748023138	0.184842129665961	0.254222918457841	0.0651194379937154	55.9417082901988	40.7532714892304	15.1884368009684	OU	Cebidae	PLA	Atelidae	PLA	superfamily
Sapajus_apella	Alouatta_seniculus	1.448	1.284	46.5475501494	0.0982035928143712	0.383381748037964	0.184842129662451	0.254222918457021	0.065119437990987	55.9417082901988	40.7532714892304	15.1884368009684	OU	Cebidae	PLA	Atelidae	PLA	superfamily
Plecturocebus_moloch	Colobus_angolensis	1.063	1.279	78.0653383542	0.129341317365269	0.642973170088395	0.187929675924118	0.322883594609682	0.0649516829399093	55.9417082901988	40.7532714892304	15.1884368009684	OU	Pitheciidae	PLA	Cercopithecidae	OWM	order
Alouatta_caraya	Cercopithecus_ascanius	1.483	1.267	78.0653383559	0.12934131736527	0.642973170102397	0.18792967592211	0.322883594609551	0.0649516829384686	55.9417082901988	40.7532714892304	15.1884368009684	OU	Atelidae	PLA	Cercopithecidae	OWM	order
Alouatta_seniculus	Eulemur_mongoz	1.284	1.012	121.4130573094	0.162874251497006	0.999999999925049	0.189726248616832	0.3985821534503	0.0649187699081482	55.9417082901988	40.7532714892304	15.1884368009684	OU	Atelidae	PLA	Lemuridae	STR	order
Semnopithecus_entellus	Eulemur_coronatus	1.314	1.043	121.4130573128	0.162275449101796	0.999999999953053	0.189041951115445	0.397244605135123	0.0644630467045942	55.9417082901988	40.7532714892304	15.1884368009684	OU	Cercopithecidae	OWM	Lemuridae	STR	order
Saguinus_oedipus	Macaca_mulatta	1.035	1.25	78.0653383529	0.12874251497006	0.642973170077688	0.187075790290031	0.321472613374263	0.0643684599386933	55.9417082901988	40.7532714892304	15.1884368009684	OU	Callitrichidae	PLA	Cercopithecidae	OWM	order
Macaca_fascicularis	Pan_troglodytes	1.493	1.303	62.1515760326	0.11377245508982	0.511901910760383	0.185315835063759	0.287732285150903	0.0639497681139658	55.9417082901988	40.7532714892304	15.1884368009684	OU	Cercopithecidae	OWM	Hominidae	APE	order
Trachypithecus_cristatus	Hylobates_klossii	1.148	0.958	62.1515760364	0.11377245508982	0.511901910791681	0.185315835058197	0.287732285150188	0.0639497681098968	55.9417082901988	40.7532714892304	15.1884368009684	OU	Cercopithecidae	OWM	Hylobatidae	APE	order
Macaca_silenus	Cercopithecus_diana	1.459	1.333	29.8369393157	0.0754491017964073	0.245747368319945	0.177504676303035	0.208068977023526	0.0638811212321261	55.9417082901988	40.7532714892304	15.1884368009684	OU	Cercopithecidae	OWM	Cercopithecidae	OWM	family
Saimiri_oerstedii	Hylobates_lar	1.319	1.105	78.0653383501	0.12814371257485	0.642973170054627	0.18622168219854	0.320060504293356	0.0637876402607048	55.9417082901988	40.7532714892304	15.1884368009684	OU	Cebidae	PLA	Hylobatidae	APE	order
Trachypithecus_francoisi	Avahi_laniger	1.048	0.78	121.4130573102	0.160479041916168	0.999999999931638	0.186988193751096	0.39322394947053	0.0631042026738362	55.9417082901988	40.7532714892304	15.1884368009684	OU	Cercopithecidae	OWM	Indriidae	STR	order
Macaca_fuscata	Propithecus_verreauxi	1.37	1.102	121.4130573136	0.160479041916168	0.999999999959642	0.186988193748527	0.393223949470509	0.0631042026720656	55.9417082901988	40.7532714892304	15.1884368009684	OU	Cercopithecidae	OWM	Indriidae	STR	order
Cercopithecus_mona	Eulemur_rubriventer	1.289	1.021	121.4130573136	0.160479041916168	0.999999999959642	0.186988193748527	0.393223949470509	0.0631042026720656	55.9417082901988	40.7532714892304	15.1884368009684	OU	Cercopithecidae	OWM	Lemuridae	STR	order
Saguinus_midas	Plecturocebus_moloch	0.897	1.063	49.0936032073	0.0994011976047904	0.404351923026812	0.182227312322503	0.256135792758044	0.0629654592935217	55.9417082901988	40.7532714892304	15.1884368009684	OU	Callitrichidae	PLA	Pitheciidae	PLA	superfamily
Macaca_silenus	Semnopithecus_entellus	1.459	1.314	38.5936741547	0.0868263473053892	0.317870869963007	0.179572597447501	0.229922583073384	0.0628032951040941	55.9417082901988	40.7532714892304	15.1884368009684	OU	Cercopithecidae	OWM	Cercopithecidae	OWM	family
Cercopithecus_ascanius	Cheirogaleus_medius	1.267	1	121.4130573117	0.159880239520958	0.999999999943993	0.186303321348301	0.391881072738739	0.0626540397767086	55.9417082901988	40.7532714892304	15.1884368009684	OU	Cercopithecidae	OWM	Cheirogaleidae	STR	order
Cercopithecus_ascanius	Eulemur_fulvus	1.267	1	121.4130573121	0.159880239520958	0.999999999947287	0.186303321347999	0.391881072738736	0.0626540397765017	55.9417082901988	40.7532714892304	15.1884368009684	OU	Cercopithecidae	OWM	Lemuridae	STR	order
Colobus_angolensis	Eulemur_mongoz	1.279	1.012	121.413057313	0.159880239520958	0.9999999999547	0.186303321347322	0.39188107273873	0.0626540397760364	55.9417082901988	40.7532714892304	15.1884368009684	OU	Cercopithecidae	OWM	Lemuridae	STR	order
Cercopithecus_ascanius	Lemur_catta	1.267	1	121.4130573137	0.159880239520958	0.999999999960466	0.186303321346794	0.391881072738726	0.0626540397756745	55.9417082901988	40.7532714892304	15.1884368009684	OU	Cercopithecidae	OWM	Lemuridae	STR	order
Rhinopithecus_roxellana	Pan_paniscus	1.543	1.355	62.1515760314	0.112574850299401	0.511901910750499	0.183400051210188	0.284836310926584	0.0626397448202191	55.9417082901988	40.7532714892304	15.1884368009684	OU	Cercopithecidae	OWM	Hominidae	APE	order
Ateles_geoffroyi	Colobus_angolensis	1.067	1.279	78.065338353	0.126946107784431	0.642973170078512	0.184512802537521	0.3172329200081	0.0626332269061874	55.9417082901988	40.7532714892304	15.1884368009684	OU	Atelidae	PLA	Cercopithecidae	OWM	order
Semnopithecus_vetulus	Hapalemur_griseus	1.385	1.119	121.4130573158	0.159281437125748	0.999999999977762	0.185618306476492	0.390536872983385	0.0622052743807727	55.9417082901988	40.7532714892304	15.1884368009684	OU	Cercopithecidae	OWM	Lemuridae	STR	order
Cebus_olivaceus	Cercopithecus_petaurista	1.306	1.517	78.0653383477	0.126347305389221	0.642973170034859	0.183658032937439	0.315817453541091	0.062059641225215	55.9417082901988	40.7532714892304	15.1884368009684	OU	Cebidae	PLA	Cercopithecidae	OWM	order
Cercopithecus_cephus	Pan_troglodytes	1.49	1.303	62.1515760317	0.111976047904192	0.51190191075297	0.182441747393752	0.28338678178847	0.0619894772541174	55.9417082901988	40.7532714892304	15.1884368009684	OU	Cercopithecidae	OWM	Hominidae	APE	order
Macaca_tonkeana	Cercopithecus_neglectus	1.656	1.78	29.8369393146	0.0742514970059881	0.245747368310885	0.174732990270265	0.204840426850459	0.0618916428099894	55.9417082901988	40.7532714892304	15.1884368009684	OU	Cercopithecidae	OWM	Cercopithecidae	OWM	family
Ateles_paniscus	Cercopithecus_mona	1.079	1.289	78.0653383526	0.125748502994012	0.642973170075217	0.182803044779716	0.31440087670064	0.0614884748308945	55.9417082901988	40.7532714892304	15.1884368009684	OU	Atelidae	PLA	Cercopithecidae	OWM	order
Aotus_trivirgatus	Leontocebus_fuscicolis	1.105	0.958	40.5102348758	0.0880239520958084	0.333656327997165	0.177722456829275	0.231725060733077	0.0611328302022792	55.9417082901988	40.7532714892304	15.1884368009684	OU	Aotidae	PLA	Callitrichidae	PLA	superfamily
Mandrillus_leucophaeus	Rhinopithecus_roxellana	1.4	1.543	38.5936741534	0.0856287425149701	0.3178708699523	0.177137122768623	0.226838707564145	0.061106301704694	55.9417082901988	40.7532714892304	15.1884368009684	OU	Cercopithecidae	OWM	Cercopithecidae	OWM	family
Cheracebus_torquatus	Cercopithecus_ascanius	1.058	1.267	78.065338353	0.125149700598802	0.642973170078512	0.181947839061623	0.312983193885432	0.0609197316933703	55.9417082901988	40.7532714892304	15.1884368009684	OU	Pitheciidae	PLA	Cercopithecidae	OWM	order
Aotus_trivirgatus	Semnopithecus_entellus	1.105	1.314	78.0653383558	0.125149700598802	0.642973170101574	0.181947839058417	0.312983193885222	0.0609197316911444	55.9417082901988	40.7532714892304	15.1884368009684	OU	Aotidae	PLA	Cercopithecidae	OWM	order
Alouatta_seniculus	Macaca_fascicularis	1.284	1.493	78.065338357	0.125149700598802	0.642973170111457	0.181947839057043	0.312983193885132	0.0609197316901905	55.9417082901988	40.7532714892304	15.1884368009684	OU	Atelidae	PLA	Cercopithecidae	OWM	order
Cebus_olivaceus	Eulemur_coronatus	1.306	1.043	121.4130573011	0.15748502994012	0.999999999856688	0.183562412121594	0.386496372232784	0.0608673927615507	55.9417082901988	40.7532714892304	15.1884368009684	OU	Cebidae	PLA	Lemuridae	STR	order
Alouatta_seniculus	Eulemur_rubriventer	1.284	1.021	121.4130573104	0.15748502994012	0.999999999933286	0.18356241211469	0.386496372232727	0.0608673927568794	55.9417082901988	40.7532714892304	15.1884368009684	OU	Atelidae	PLA	Lemuridae	STR	order
Saguinus_oedipus	Cacajao_calvus	1.035	1.198	49.0936032052	0.0976047904191617	0.404351923009515	0.178990371720069	0.251664942385016	0.0607483297581891	55.9417082901988	40.7532714892304	15.1884368009684	OU	Callitrichidae	PLA	Pitheciidae	PLA	superfamily
Trachypithecus_obscurus	Cheirogaleus_medius	1.262	1	121.4130573113	0.15688622754491	0.999999999940698	0.182876832421405	0.385146917106309	0.0604242468789443	55.9417082901988	40.7532714892304	15.1884368009684	OU	Cercopithecidae	OWM	Cheirogaleidae	STR	order
Trachypithecus_obscurus	Eulemur_fulvus	1.262	1	121.4130573117	0.15688622754491	0.999999999943993	0.18287683242111	0.385146917106306	0.0604242468787448	55.9417082901988	40.7532714892304	15.1884368009684	OU	Cercopithecidae	OWM	Lemuridae	STR	order
Trachypithecus_obscurus	Lemur_catta	1.262	1	121.4130573133	0.15688622754491	0.999999999957171	0.182876832419926	0.385146917106297	0.060424246877947	55.9417082901988	40.7532714892304	15.1884368009684	OU	Cercopithecidae	OWM	Lemuridae	STR	order
Saimiri_sciureus	Semnopithecus_vetulus	1.177	1.385	78.065338347	0.124550898203593	0.642973170029094	0.181092416766313	0.311564409504835	0.0603534157581462	55.9417082901988	40.7532714892304	15.1884368009684	OU	Cebidae	PLA	Cercopithecidae	OWM	order
Sapajus_apella	Macaca_tonkeana	1.448	1.656	78.065338349	0.124550898203593	0.642973170045567	0.181092416764034	0.311564409504685	0.0603534157565711	55.9417082901988	40.7532714892304	15.1884368009684	OU	Cebidae	PLA	Cercopithecidae	OWM	order
Saguinus_midas	Hylobates_lar	0.897	1.105	78.0653383558	0.124550898203593	0.642973170101574	0.181092416756283	0.311564409504177	0.0603534157512155	55.9417082901988	40.7532714892304	15.1884368009684	OU	Callitrichidae	PLA	Hylobatidae	APE	order
Cercopithecus_mona	Hylobates_lar	1.289	1.105	62.1515760363	0.110179640718563	0.511901910790857	0.179565204953541	0.279032083162058	0.0600577064153767	55.9417082901988	40.7532714892304	15.1884368009684	OU	Cercopithecidae	OWM	Hylobatidae	APE	order
Pan_troglodytes	Eulemur_coronatus	1.303	1.043	121.4130573111	0.155688622754491	0.999999999939051	0.181505253712301	0.382444096792155	0.0595421947137849	55.9417082901988	40.7532714892304	15.1884368009684	OU	Hominidae	APE	Lemuridae	STR	order
Pygathrix_nemaeus	Eulemur_coronatus	1.303	1.043	121.4130573119	0.155688622754491	0.99999999994564	0.181505253711714	0.38244409679215	0.0595421947133919	55.9417082901988	40.7532714892304	15.1884368009684	OU	Cercopithecidae	OWM	Lemuridae	STR	order
Cercopithecus_mona	Trachypithecus_cristatus	1.289	1.148	38.5936741537	0.0844311377245509	0.31787086995477	0.174699940434756	0.223751246486262	0.0594315934354401	55.9417082901988	40.7532714892304	15.1884368009684	OU	Cercopithecidae	OWM	Cercopithecidae	OWM	family
Macaca_mulatta	Hylobates_muelleri	1.25	1.067	62.1515760371	0.109580838323353	0.511901910797446	0.178605818421907	0.277578495750439	0.0594201420687883	55.9417082901988	40.7532714892304	15.1884368009684	OU	Cercopithecidae	OWM	Hylobatidae	APE	order
Saguinus_midas	Cheracebus_torquatus	0.897	1.058	49.0936032064	0.0964071856287425	0.404351923019399	0.176830713045776	0.248679656760851	0.0592911878652922	55.9417082901988	40.7532714892304	15.1884368009684	OU	Callitrichidae	PLA	Pitheciidae	PLA	superfamily
Cebuella_pygmaea	Plecturocebus_moloch	0.902	1.063	49.0936032069	0.0964071856287425	0.404351923023517	0.17683071304489	0.248679656760662	0.0592911878646432	55.9417082901988	40.7532714892304	15.1884368009684	OU	Callitrichidae	PLA	Pitheciidae	PLA	superfamily
Alouatta_seniculus	Cercopithecus_cephus	1.284	1.49	78.0653383561	0.123353293413174	0.642973170104045	0.179380926326229	0.308723553739429	0.0592280811683249	55.9417082901988	40.7532714892304	15.1884368009684	OU	Atelidae	PLA	Cercopithecidae	OWM	order
Colobus_angolensis	Eulemur_rubriventer	1.279	1.021	121.413057314	0.154491017964072	0.999999999962936	0.180133119275389	0.379736087964508	0.0586658147895055	55.9417082901988	40.7532714892304	15.1884368009684	OU	Cercopithecidae	OWM	Lemuridae	STR	order
Cercopithecus_diana	Colobus_polykomos	1.333	1.193	38.5936741547	0.0838323353293413	0.317870869963007	0.173480715991941	0.222206185747962	0.0586026126837133	55.9417082901988	40.7532714892304	15.1884368009684	OU	Cercopithecidae	OWM	Cercopithecidae	OWM	family
Cheracebus_torquatus	Trachypithecus_obscurus	1.058	1.262	78.0653383526	0.122155688622754	0.642973170075217	0.177668581354343	0.305878344911912	0.0581125023508087	55.9417082901988	40.7532714892304	15.1884368009684	OU	Pitheciidae	PLA	Cercopithecidae	OWM	order
Plecturocebus_moloch	Cercopithecus_ascanius	1.063	1.267	78.0653383539	0.122155688622754	0.642973170085924	0.177668581352889	0.305878344911816	0.0581125023498228	55.9417082901988	40.7532714892304	15.1884368009684	OU	Pitheciidae	PLA	Cercopithecidae	OWM	order
Alouatta_caraya	Colobus_angolensis	1.483	1.279	78.0653383562	0.122155688622755	0.642973170104868	0.177668581350315	0.305878344911647	0.0581125023480786	55.9417082901988	40.7532714892304	15.1884368009684	OU	Atelidae	PLA	Cercopithecidae	OWM	order
Macaca_nigra	Allenopithecus_nigroviridis	1.808	1.928	29.83693931	0.0718562874251496	0.245747368272998	0.169183112163033	0.198372844352763	0.0580040234869235	55.9417082901988	40.7532714892304	15.1884368009684	OU	Cercopithecidae	OWM	Cercopithecidae	OWM	family
Macaca_fuscata	Cercopithecus_cephus	1.37	1.49	29.8369393143	0.0718562874251496	0.245747368308414	0.169183112151027	0.198372844347895	0.0580040234771407	55.9417082901988	40.7532714892304	15.1884368009684	OU	Cercopithecidae	OWM	Cercopithecidae	OWM	family
Cebuella_pygmaea	Hylobates_lar	0.902	1.105	78.0653383554	0.121556886227545	0.642973170098279	0.176812090869324	0.304454119244956	0.0575583810579681	55.9417082901988	40.7532714892304	15.1884368009684	OU	Callitrichidae	PLA	Hylobatidae	APE	order
Cercopithecus_cephus	Gorilla_beringei	1.49	1.67	62.1515760317	0.107784431137724	0.51190191075297	0.175726061072638	0.273211736857491	0.0575265905806417	55.9417082901988	40.7532714892304	15.1884368009684	OU	Cercopithecidae	OWM	Hominidae	APE	order
Saguinus_oedipus	Avahi_laniger	1.035	0.78	121.4130573022	0.152694610778443	0.999999999865748	0.178073884511984	0.375664412087319	0.0573619311946867	55.9417082901988	40.7532714892304	15.1884368009684	OU	Callitrichidae	PLA	Indriidae	STR	order
Cercopithecus_ascanius	Eulemur_mongoz	1.267	1.012	121.4130573127	0.152694610778443	0.999999999952229	0.178073884504413	0.375664412087255	0.0573619311897163	55.9417082901988	40.7532714892304	15.1884368009684	OU	Cercopithecidae	OWM	Lemuridae	STR	order
Cacajao_calvus	Presbytis_comata	1.198	0.996	78.065338352	0.120958083832335	0.642973170070275	0.175955389709163	0.303028818710505	0.0570067103316188	55.9417082901988	40.7532714892304	15.1884368009684	OU	Pitheciidae	PLA	Cercopithecidae	OWM	order
Cacajao_calvus	Mandrillus_leucophaeus	1.198	1.4	78.065338353	0.120958083832335	0.642973170078512	0.175955389708055	0.303028818710432	0.0570067103308748	55.9417082901988	40.7532714892304	15.1884368009684	OU	Pitheciidae	PLA	Cercopithecidae	OWM	order
Mandrillus_leucophaeus	Trachypithecus_obscurus	1.4	1.262	38.5936741533	0.0826347305389221	0.317870869951476	0.171041014783027	0.219113432746251	0.0569614305180235	55.9417082901988	40.7532714892304	15.1884368009684	OU	Cercopithecidae	OWM	Cercopithecidae	OWM	family
Papio_ursinus	Pongo_pygmaeus	2.014	2.193	62.1515760356	0.107185628742515	0.511901910785092	0.174765613985127	0.271754167684897	0.056901802304335	55.9417082901988	40.7532714892304	15.1884368009684	OU	Cercopithecidae	OWM	Hominidae	APE	order
Trachypithecus_pileatus	Pygathrix_nemaeus	1.217	1.303	17.7111143209	0.0514970059880239	0.145874873033127	0.15753284150594	0.160553082835182	0.0566787336039804	55.9417082901988	40.7532714892304	15.1884368009684	OU	Cercopithecidae	OWM	Cercopithecidae	OWM	family
Eulemur_macaco	Hapalemur_griseus	0.964	1.119	47.7997285409	0.092814371257485	0.393695123050135	0.172598033732217	0.240195360377979	0.056626511346467	55.9417082901988	40.7532714892304	15.1884368009684	OU	Lemuridae	STR	Lemuridae	STR	family
Pan_paniscus	Propithecus_verreauxi	1.355	1.102	121.413057311	0.151497005988024	0.999999999938228	0.176700378496597	0.372943563973441	0.0564998333479695	55.9417082901988	40.7532714892304	15.1884368009684	OU	Hominidae	APE	Indriidae	STR	order
Trachypithecus_pileatus	Eulemur_macaco	1.217	0.964	121.4130573132	0.151497005988024	0.999999999956347	0.176700378495023	0.372943563973428	0.0564998333469438	55.9417082901988	40.7532714892304	15.1884368009684	OU	Cercopithecidae	OWM	Lemuridae	STR	order
Cebus_olivaceus	Hylobates_lar	1.306	1.105	78.0653383507	0.120359281437126	0.642973170059568	0.175098478851008	0.301602447797646	0.0564574940090266	55.9417082901988	40.7532714892304	15.1884368009684	OU	Cebidae	PLA	Hylobatidae	APE	order
Callithrix_jacchus	Trachypithecus_cristatus	0.947	1.148	78.0653383524	0.120359281437126	0.64297317007357	0.175098478849132	0.301602447797523	0.056457494007774	55.9417082901988	40.7532714892304	15.1884368009684	OU	Callitrichidae	PLA	Cercopithecidae	OWM	order
Cercopithecus_pogonias	Chlorocebus_pygerythrus	1.469	1.571	23.4097503935	0.0610778443113772	0.192810813849204	0.1624480975086	0.17732351528767	0.0561718393448455	55.9417082901988	40.7532714892304	15.1884368009684	OU	Cercopithecidae	OWM	Cercopithecidae	OWM	family
Ateles_geoffroyi	Cercopithecus_ascanius	1.067	1.267	78.0653383527	0.119760479041916	0.642973170076041	0.174241359280723	0.300175011007319	0.0559107359182615	55.9417082901988	40.7532714892304	15.1884368009684	OU	Atelidae	PLA	Cercopithecidae	OWM	order
Ateles_paniscus	Colobus_angolensis	1.079	1.279	78.065338353	0.119760479041916	0.642973170078512	0.174241359280394	0.300175011007297	0.0559107359180426	55.9417082901988	40.7532714892304	15.1884368009684	OU	Atelidae	PLA	Cercopithecidae	OWM	order
Macaca_nemestrina	Theropithecus_gelada	1.723	1.624	22.4016461425	0.0592814371257485	0.184507718010381	0.161196339079036	0.173897271601052	0.0558723520290734	55.9417082901988	40.7532714892304	15.1884368009684	OU	Cercopithecidae	OWM	Cercopithecidae	OWM	family
Saguinus_oedipus	Saimiri_sciureus	1.035	1.177	41.3912937952	0.0850299401197605	0.340913034473872	0.169963592722295	0.223541734856972	0.0557553933321738	55.9417082901988	40.7532714892304	15.1884368009684	OU	Callitrichidae	PLA	Cebidae	PLA	superfamily
Cebuella_pygmaea	Cheracebus_torquatus	0.902	1.058	49.093603206	0.0934131736526946	0.404351923016105	0.171425737703073	0.241200230563479	0.05572195342768	55.9417082901988	40.7532714892304	15.1884368009684	OU	Callitrichidae	PLA	Pitheciidae	PLA	superfamily
Macaca_fascicularis	Gorilla_beringei	1.493	1.67	62.1515760326	0.105988023952096	0.511901910760383	0.172843936218272	0.268836083966218	0.0556618459663	55.9417082901988	40.7532714892304	15.1884368009684	OU	Cercopithecidae	OWM	Hominidae	APE	order
Macaca_fuscata	Hapalemur_griseus	1.37	1.119	121.4130573164	0.150299401197605	0.999999999982704	0.175326330963104	0.370217633492486	0.0556434886276773	55.9417082901988	40.7532714892304	15.1884368009684	OU	Cercopithecidae	OWM	Lemuridae	STR	order
Cacajao_calvus	Cheracebus_torquatus	1.198	1.058	40.5832731743	0.0838323353293413	0.334257896725546	0.169240821143463	0.220940919046203	0.0554122831349658	55.9417082901988	40.7532714892304	15.1884368009684	OU	Pitheciidae	PLA	Pitheciidae	PLA	family
Plecturocebus_moloch	Trachypithecus_obscurus	1.063	1.262	78.0653383535	0.119161676646707	0.64297317008263	0.173384031991175	0.298746512852164	0.0553664398768706	55.9417082901988	40.7532714892304	15.1884368009684	OU	Pitheciidae	PLA	Cercopithecidae	OWM	order
Trachypithecus_obscurus	Eulemur_mongoz	1.262	1.012	121.4130573123	0.149700598802395	0.999999999948935	0.174639105402586	0.368852771979944	0.0552174808381407	55.9417082901988	40.7532714892304	15.1884368009684	OU	Cercopithecidae	OWM	Lemuridae	STR	order
Macaca_mulatta	Cheirogaleus_medius	1.25	1	121.4130573127	0.149700598802395	0.999999999952229	0.174639105402303	0.368852771979942	0.0552174808379584	55.9417082901988	40.7532714892304	15.1884368009684	OU	Cercopithecidae	OWM	Cheirogaleidae	STR	order
Macaca_mulatta	Eulemur_fulvus	1.25	1	121.4130573131	0.149700598802395	0.999999999955524	0.17463910540202	0.36885277197994	0.0552174808377762	55.9417082901988	40.7532714892304	15.1884368009684	OU	Cercopithecidae	OWM	Lemuridae	STR	order
Macaca_mulatta	Lemur_catta	1.25	1	121.4130573147	0.149700598802395	0.999999999968702	0.174639105400887	0.36885277197993	0.0552174808370471	55.9417082901988	40.7532714892304	15.1884368009684	OU	Cercopithecidae	OWM	Lemuridae	STR	order
Mandrillus_leucophaeus	Cercopithecus_petaurista	1.4	1.517	29.8369393137	0.070059880239521	0.245747368303472	0.165015142817772	0.193513194366493	0.055168489964627	55.9417082901988	40.7532714892304	15.1884368009684	OU	Cercopithecidae	OWM	Cercopithecidae	OWM	family
Pygathrix_nemaeus	Colobus_polykomos	1.303	1.193	27.0170263228	0.0658682634730538	0.222521588035848	0.163065983217931	0.185444836116818	0.0548932327549813	55.9417082901988	40.7532714892304	15.1884368009684	OU	Cercopithecidae	OWM	Cercopithecidae	OWM	family
Saimiri_oerstedii	Cercopithecus_petaurista	1.319	1.517	78.0653383471	0.118562874251497	0.642973170029917	0.172526497977511	0.297316957856173	0.0548246096886109	55.9417082901988	40.7532714892304	15.1884368009684	OU	Cebidae	PLA	Cercopithecidae	OWM	order
Sapajus_apella	Macaca_mulatta	1.448	1.25	78.0653383497	0.118562874251497	0.642973170051332	0.172526497974683	0.297316957855987	0.0548246096867505	55.9417082901988	40.7532714892304	15.1884368009684	OU	Cebidae	PLA	Cercopithecidae	OWM	order
Aotus_trivirgatus	Pan_troglodytes	1.105	1.303	78.0653383541	0.118562874251497	0.642973170087572	0.172526497969897	0.297316957855671	0.0548246096836023	55.9417082901988	40.7532714892304	15.1884368009684	OU	Aotidae	PLA	Hominidae	APE	order
Aotus_trivirgatus	Pygathrix_nemaeus	1.105	1.303	78.0653383549	0.118562874251497	0.642973170094161	0.172526497969027	0.297316957855613	0.0548246096830298	55.9417082901988	40.7532714892304	15.1884368009684	OU	Aotidae	PLA	Cercopithecidae	OWM	order
Hylobates_lar	Nomascus_concolor	1.105	1.022	17.2483776487	0.0497005988023952	0.142063613499599	0.154107389192944	0.156156014756831	0.0546307900300741	55.9417082901988	40.7532714892304	15.1884368009684	OU	Hylobatidae	APE	Hylobatidae	APE	family
Macaca_mulatta	Semnopithecus_vetulus	1.25	1.385	38.5936741547	0.0808383233532934	0.317870869963007	0.167378374877153	0.214467811344941	0.0545417020577983	55.9417082901988	40.7532714892304	15.1884368009684	OU	Cercopithecidae	OWM	Cercopithecidae	OWM	family
Saguinus_midas	Leontocebus_fuscicolis	0.897	0.958	10.8504714428	0.0365269461077844	0.0893682416244261	0.142925523858773	0.133207249569311	0.0544450012414088	55.9417082901988	40.7532714892304	15.1884368009684	OU	Callitrichidae	PLA	Callitrichidae	PLA	family
Papio_ursinus	Pongo_abelii	2.014	2.188	62.1515760356	0.104191616766467	0.511901910785092	0.169959481425193	0.264451667646392	0.0538260284405028	55.9417082901988	40.7532714892304	15.1884368009684	OU	Cercopithecidae	OWM	Hominidae	APE	order
Colobus_angolensis	Hylobates_lar	1.279	1.105	62.1515760367	0.104191616766467	0.511901910794152	0.169959481423712	0.2644516676462	0.0538260284395109	55.9417082901988	40.7532714892304	15.1884368009684	OU	Cercopithecidae	OWM	Hylobatidae	APE	order
Cercopithecus_diana	Colobus_guereza	1.333	1.467	38.5936741547	0.0802395209580839	0.317870869963007	0.166156682839	0.212917562956954	0.0537463632865035	55.9417082901988	40.7532714892304	15.1884368009684	OU	Cercopithecidae	OWM	Cercopithecidae	OWM	family
Cercopithecus_mona	Eulemur_coronatus	1.289	1.043	121.4130573127	0.147305389221557	0.999999999952229	0.171888869709264	0.363380774537631	0.0535279464314536	55.9417082901988	40.7532714892304	15.1884368009684	OU	Cercopithecidae	OWM	Lemuridae	STR	order
Cercopithecus_ascanius	Eulemur_rubriventer	1.267	1.021	121.4130573137	0.147305389221557	0.999999999960466	0.171888869708568	0.363380774537625	0.0535279464310119	55.9417082901988	40.7532714892304	15.1884368009684	OU	Cercopithecidae	OWM	Lemuridae	STR	order
Ateles_geoffroyi	Trachypithecus_obscurus	1.067	1.262	78.0653383523	0.116766467065868	0.642973170072746	0.169952665415689	0.29302199722175	0.0532139519667629	55.9417082901988	40.7532714892304	15.1884368009684	OU	Atelidae	PLA	Cercopithecidae	OWM	order
Trachypithecus_obscurus	Trachypithecus_pileatus	1.262	1.217	7.125305212	0.0269461077844311	0.0586864820750568	0.130231357624623	0.115243728803295	0.0529145695569505	55.9417082901988	40.7532714892304	15.1884368009684	OU	Cercopithecidae	OWM	Cercopithecidae	OWM	family
Cebus_olivaceus	Saimiri_sciureus	1.306	1.177	36.661422567	0.0772455089820359	0.3019561765159	0.16414715778699	0.206462543822507	0.0528166188461978	55.9417082901988	40.7532714892304	15.1884368009684	OU	Cebidae	PLA	Cebidae	PLA	family
Sapajus_apella	Saimiri_oerstedii	1.448	1.319	36.6614225684	0.0772455089820359	0.30195617652743	0.164147157783901	0.206462543821492	0.0528166188439211	55.9417082901988	40.7532714892304	15.1884368009684	OU	Cebidae	PLA	Cebidae	PLA	family
Alouatta_caraya	Cercopithecus_mona	1.483	1.289	78.0653383558	0.116167664670659	0.642973170101574	0.169094314364631	0.291588260318704	0.0526820228614717	55.9417082901988	40.7532714892304	15.1884368009684	OU	Atelidae	PLA	Cercopithecidae	OWM	order
Papio_hamadryas	Gorilla_beringei	1.842	1.67	62.1515760319	0.102994011976048	0.511901910754617	0.16803523575295	0.261523919729504	0.0526182793124115	55.9417082901988	40.7532714892304	15.1884368009684	OU	Cercopithecidae	OWM	Hominidae	APE	order
Cercopithecus_petaurista	Semnopithecus_vetulus	1.517	1.385	38.5936741537	0.0790419161676646	0.31787086995477	0.163712097822404	0.209814539298487	0.0521725794765274	55.9417082901988	40.7532714892304	15.1884368009684	OU	Cercopithecidae	OWM	Cercopithecidae	OWM	family
Saimiri_sciureus	Macaca_fuscata	1.177	1.37	78.0653383476	0.115568862275449	0.642973170034036	0.168235761548292	0.290153489360154	0.0521525783864816	55.9417082901988	40.7532714892304	15.1884368009684	OU	Cebidae	PLA	Cercopithecidae	OWM	order
Colobus_polykomos	Nomascus_concolor	1.193	1.022	62.151576036	0.102395209580838	0.511901910788386	0.167072734354286	0.26005861932427	0.0520192565563992	55.9417082901988	40.7532714892304	15.1884368009684	OU	Cercopithecidae	OWM	Hylobatidae	APE	order
Nomascus_concolor	Avahi_laniger	1.022	0.78	121.413057312	0.144910179640719	0.999999999946464	0.169136525002741	0.357888882569869	0.0518617422673922	55.9417082901988	40.7532714892304	15.1884368009684	OU	Hylobatidae	APE	Indriidae	STR	order
Cheracebus_torquatus	Macaca_mulatta	1.058	1.25	78.065338354	0.114970059880239	0.642973170086748	0.167377007931735	0.288717688934401	0.0516256222336525	55.9417082901988	40.7532714892304	15.1884368009684	OU	Pitheciidae	PLA	Cercopithecidae	OWM	order
Alouatta_palliata	Trachypithecus_francoisi	1.24	1.048	78.0653383562	0.114970059880239	0.642973170104868	0.167377007929411	0.288717688934247	0.0516256222321701	55.9417082901988	40.7532714892304	15.1884368009684	OU	Atelidae	PLA	Cercopithecidae	OWM	order
Eulemur_macaco	Avahi_laniger	0.964	0.78	71.9834962231	0.110179640718563	0.592881011424228	0.167046703772927	0.277692590485528	0.0516057510028937	55.9417082901988	40.7532714892304	15.1884368009684	OU	Lemuridae	STR	Indriidae	STR	superfamily
Cacajao_calvus	Plecturocebus_moloch	1.198	1.063	40.5832731752	0.0808383233532934	0.334257896732959	0.163283180311393	0.213244339884584	0.0515719002283479	55.9417082901988	40.7532714892304	15.1884368009684	OU	Pitheciidae	PLA	Pitheciidae	PLA	family
Semnopithecus_vetulus	Pygathrix_nemaeus	1.385	1.303	17.7111143208	0.0491017964071857	0.145874873032304	0.150295148948946	0.153180187125904	0.0515607808632342	55.9417082901988	40.7532714892304	15.1884368009684	OU	Cercopithecidae	OWM	Cercopithecidae	OWM	family
Alouatta_seniculus	Eulemur_coronatus	1.284	1.043	121.4130573095	0.144311377245509	0.999999999925873	0.168448113126348	0.35651283062551	0.051448857597076	55.9417082901988	40.7532714892304	15.1884368009684	OU	Atelidae	PLA	Lemuridae	STR	order
Trachypithecus_obscurus	Eulemur_rubriventer	1.262	1.021	121.4130573133	0.144311377245509	0.999999999957171	0.168448113123751	0.356512830625488	0.0514488575954626	55.9417082901988	40.7532714892304	15.1884368009684	OU	Cercopithecidae	OWM	Lemuridae	STR	order
Alouatta_palliata	Cheirogaleus_medius	1.24	1	121.413057308	0.143712574850299	0.999999999913518	0.167759571992113	0.355135555048067	0.0510374450412618	55.9417082901988	40.7532714892304	15.1884368009684	OU	Atelidae	PLA	Cheirogaleidae	STR	order
Alouatta_palliata	Eulemur_fulvus	1.24	1	121.4130573084	0.143712574850299	0.999999999916813	0.167759571991841	0.355135555048065	0.0510374450410933	55.9417082901988	40.7532714892304	15.1884368009684	OU	Atelidae	PLA	Lemuridae	STR	order
Alouatta_palliata	Lemur_catta	1.24	1	121.41305731	0.143712574850299	0.999999999929991	0.167759571990752	0.355135555048056	0.0510374450404194	55.9417082901988	40.7532714892304	15.1884368009684	OU	Atelidae	PLA	Lemuridae	STR	order
Semnopithecus_vetulus	Colobus_angolensis	1.385	1.279	27.017026324	0.0634730538922156	0.222521588045731	0.157215116687722	0.178817600787637	0.051006732925786	55.9417082901988	40.7532714892304	15.1884368009684	OU	Cercopithecidae	OWM	Cercopithecidae	OWM	family
Trachypithecus_obscurus	Semnopithecus_entellus	1.262	1.314	9.015853541	0.0311377245508982	0.0742576930366635	0.133751142098716	0.121544950513183	0.0509662101644262	55.9417082901988	40.7532714892304	15.1884368009684	OU	Cercopithecidae	OWM	Cercopithecidae	OWM	family
Papio_hamadryas	Allochrocebus_lhoesti	1.842	1.73	29.8369393132	0.0670658682634731	0.245747368299354	0.15805827210705	0.185397238448846	0.0505959712051765	55.9417082901988	40.7532714892304	15.1884368009684	OU	Cercopithecidae	OWM	Cercopithecidae	OWM	family
Macaca_silenus	Chlorocebus_pygerythrus	1.459	1.571	29.8369393149	0.067065868263473	0.245747368313356	0.158058272102606	0.185397238447042	0.0505959712018013	55.9417082901988	40.7532714892304	15.1884368009684	OU	Cercopithecidae	OWM	Cercopithecidae	OWM	family
Leontocebus_fuscicolis	Trachypithecus_cristatus	0.958	1.148	78.0653383524	0.11377245508982	0.64297317007357	0.165658902335432	0.285843018100672	0.0505791896975674	55.9417082901988	40.7532714892304	15.1884368009684	OU	Callitrichidae	PLA	Cercopithecidae	OWM	order
Piliocolobus_badius	Avahi_laniger	1.018	0.78	121.41305731	0.14251497005988	0.999999999929991	0.166382103997971	0.352377348990393	0.0502190473446616	55.9417082901988	40.7532714892304	15.1884368009684	OU	Cercopithecidae	OWM	Indriidae	STR	order
Macaca_mulatta	Eulemur_mongoz	1.25	1.012	121.4130573137	0.14251497005988	0.999999999960465	0.166382103995472	0.352377348990372	0.0502190473431282	55.9417082901988	40.7532714892304	15.1884368009684	OU	Cercopithecidae	OWM	Lemuridae	STR	order
Mandrillus_leucophaeus	Cercopithecus_mona	1.4	1.289	29.8369393136	0.0664670658682635	0.245747368302649	0.156665397715009	0.183771626681677	0.0497045437342219	55.9417082901988	40.7532714892304	15.1884368009684	OU	Cercopithecidae	OWM	Cercopithecidae	OWM	family
Ateles_paniscus	Cercopithecus_ascanius	1.079	1.267	78.0653383527	0.112574850299401	0.642973170076041	0.163940005532481	0.28296428475678	0.0495427546266111	55.9417082901988	40.7532714892304	15.1884368009684	OU	Atelidae	PLA	Cercopithecidae	OWM	order
Colobus_angolensis	Eulemur_coronatus	1.279	1.043	121.4130573131	0.141317365269461	0.999999999955524	0.165004125124987	0.349614296515006	0.0494065712462342	55.9417082901988	40.7532714892304	15.1884368009684	OU	Cercopithecidae	OWM	Lemuridae	STR	order
Pan_paniscus	Hapalemur_griseus	1.355	1.119	121.4130573138	0.141317365269461	0.999999999961289	0.165004125124518	0.349614296515002	0.0494065712459488	55.9417082901988	40.7532714892304	15.1884368009684	OU	Hominidae	APE	Lemuridae	STR	order
Macaca_fascicularis	Mandrillus_leucophaeus	1.493	1.4	22.4016461426	0.0556886227544911	0.184507718011204	0.151549031606004	0.163511650745101	0.0493515324586861	55.9417082901988	40.7532714892304	15.1884368009684	OU	Cercopithecidae	OWM	Cercopithecidae	OWM	family
Cercopithecus_pogonias	Pan_troglodytes	1.469	1.303	62.1515760316	0.0994011976047905	0.511901910752146	0.162256497848779	0.252718049523026	0.0490728326097192	55.9417082901988	40.7532714892304	15.1884368009684	OU	Cercopithecidae	OWM	Hominidae	APE	order
Cebus_olivaceus	Macaca_fascicularis	1.306	1.493	78.0653383486	0.111976047904192	0.642973170042272	0.163080262923778	0.281523406234781	0.0490282952562772	55.9417082901988	40.7532714892304	15.1884368009684	OU	Cebidae	PLA	Cercopithecidae	OWM	order
Cacajao_calvus	Semnopithecus_vetulus	1.198	1.385	78.065338353	0.111976047904192	0.642973170078512	0.163080262919247	0.281523406234481	0.0490282952534615	55.9417082901988	40.7532714892304	15.1884368009684	OU	Pitheciidae	PLA	Cercopithecidae	OWM	order
Alouatta_caraya	Gorilla_beringei	1.483	1.67	78.0653383542	0.111976047904192	0.642973170088395	0.163080262918011	0.281523406234399	0.0490282952526935	55.9417082901988	40.7532714892304	15.1884368009684	OU	Atelidae	PLA	Hominidae	APE	order
Plecturocebus_moloch	Macaca_mulatta	1.063	1.25	78.0653383549	0.111976047904192	0.642973170094161	0.16308026291729	0.281523406234351	0.0490282952522457	55.9417082901988	40.7532714892304	15.1884368009684	OU	Pitheciidae	PLA	Cercopithecidae	OWM	order
Cacajao_calvus	Eulemur_macaco	1.198	0.964	121.4130573061	0.140119760479042	0.999999999897869	0.163625639486621	0.346846429939655	0.0486000386911187	55.9417082901988	40.7532714892304	15.1884368009684	OU	Pitheciidae	PLA	Lemuridae	STR	order
Sapajus_apella	Trachypithecus_obscurus	1.448	1.262	78.0653383483	0.111377245508982	0.642973170039801	0.162220325499548	0.280081526015626	0.0485163461542908	55.9417082901988	40.7532714892304	15.1884368009684	OU	Cebidae	PLA	Cercopithecidae	OWM	order
Alouatta_seniculus	Cercopithecus_pogonias	1.284	1.469	78.065338356	0.110778443113772	0.642973170103221	0.161360194253554	0.278638648764901	0.0480069109206309	55.9417082901988	40.7532714892304	15.1884368009684	OU	Atelidae	PLA	Cercopithecidae	OWM	order
Colobus_guereza	Pan_troglodytes	1.467	1.303	62.151576032	0.0982035928143713	0.511901910755441	0.160328288975289	0.249775348897901	0.0479170640758862	55.9417082901988	40.7532714892304	15.1884368009684	OU	Cercopithecidae	OWM	Hominidae	APE	order
Cebus_olivaceus	Cercopithecus_cephus	1.306	1.49	78.0653383477	0.110179640718563	0.642973170034859	0.160499870208936	0.277194779160733	0.0474999931573119	55.9417082901988	40.7532714892304	15.1884368009684	OU	Cebidae	PLA	Cercopithecidae	OWM	order
Aotus_trivirgatus	Cercopithecus_mona	1.105	1.289	78.0653383557	0.110179640718563	0.64297317010075	0.160499870200824	0.277194779160195	0.047499993152352	55.9417082901988	40.7532714892304	15.1884368009684	OU	Aotidae	PLA	Cercopithecidae	OWM	order
Cercopithecus_diana	Propithecus_verreauxi	1.333	1.102	121.4130573137	0.138323353293413	0.999999999960466	0.161556969812672	0.342685674822073	0.0474014316688793	55.9417082901988	40.7532714892304	15.1884368009684	OU	Cercopithecidae	OWM	Indriidae	STR	order
Cercopithecus_ascanius	Cercopithecus_diana	1.267	1.333	13.592825867	0.0395209580838324	0.111955222668862	0.138212244509487	0.13361706966117	0.0471677379891656	55.9417082901988	40.7532714892304	15.1884368009684	OU	Cercopithecidae	OWM	Cercopithecidae	OWM	family
Ateles_paniscus	Trachypithecus_obscurus	1.079	1.262	78.0653383523	0.109580838323353	0.642973170072746	0.15963935433566	0.275749921888275	0.0469955964176508	55.9417082901988	40.7532714892304	15.1884368009684	OU	Atelidae	PLA	Cercopithecidae	OWM	order
Ateles_geoffroyi	Macaca_mulatta	1.067	1.25	78.0653383537	0.109580838323353	0.642973170084277	0.159639354334248	0.275749921888181	0.046995596416792	55.9417082901988	40.7532714892304	15.1884368009684	OU	Atelidae	PLA	Cercopithecidae	OWM	order
Alouatta_seniculus	Colobus_guereza	1.284	1.467	78.0653383564	0.109580838323353	0.642973170106515	0.159639354331524	0.275749921888	0.0469955964151358	55.9417082901988	40.7532714892304	15.1884368009684	OU	Atelidae	PLA	Cercopithecidae	OWM	order
Cercopithecus_petaurista	Pan_paniscus	1.517	1.355	62.1515760317	0.097005988023952	0.51190191075297	0.158399117387614	0.246829009196963	0.0467743749479365	55.9417082901988	40.7532714892304	15.1884368009684	OU	Cercopithecidae	OWM	Hominidae	APE	order
Colobus_polykomos	Pan_paniscus	1.193	1.355	62.151576032	0.097005988023952	0.511901910755441	0.158399117387237	0.246829009196914	0.0467743749477014	55.9417082901988	40.7532714892304	15.1884368009684	OU	Cercopithecidae	OWM	Hominidae	APE	order
Cercopithecus_ascanius	Hylobates_lar	1.267	1.105	62.1515760364	0.097005988023952	0.511901910791681	0.158399117381705	0.246829009196195	0.0467743749442538	55.9417082901988	40.7532714892304	15.1884368009684	OU	Cercopithecidae	OWM	Hylobatidae	APE	order
Colobus_polykomos	Eulemur_macaco	1.193	0.964	121.4130573131	0.137125748502994	0.999999999955524	0.160177235234033	0.339905915686263	0.0466098531111475	55.9417082901988	40.7532714892304	15.1884368009684	OU	Cercopithecidae	OWM	Lemuridae	STR	order
Macaca_mulatta	Eulemur_rubriventer	1.25	1.021	121.4130573147	0.137125748502994	0.999999999968702	0.160177235232992	0.339905915686254	0.046609853110532	55.9417082901988	40.7532714892304	15.1884368009684	OU	Cercopithecidae	OWM	Lemuridae	STR	order
Saguinus_oedipus	Trachypithecus_pileatus	1.035	1.217	78.0653383523	0.108982035928144	0.642973170072746	0.158778647651547	0.274304081646353	0.0464937242682103	55.9417082901988	40.7532714892304	15.1884368009684	OU	Callitrichidae	PLA	Cercopithecidae	OWM	order
Alouatta_palliata	Eulemur_mongoz	1.24	1.012	121.413057309	0.136526946107784	0.999999999921755	0.159487183052634	0.338514271760647	0.0462163197409979	55.9417082901988	40.7532714892304	15.1884368009684	OU	Atelidae	PLA	Lemuridae	STR	order
Theropithecus_gelada	Cercopithecus_petaurista	1.624	1.517	29.8369393137	0.0640718562874253	0.245747368303472	0.151089040662059	0.177261335499747	0.0462160099286663	55.9417082901988	40.7532714892304	15.1884368009684	OU	Cercopithecidae	OWM	Cercopithecidae	OWM	family
Papio_anubis	Cercopithecus_neglectus	1.887	1.78	29.8369393145	0.0640718562874251	0.245747368310061	0.151089040660057	0.177261335498934	0.046216009927215	55.9417082901988	40.7532714892304	15.1884368009684	OU	Cercopithecidae	OWM	Cercopithecidae	OWM	family
Macaca_silenus	Cercopithecus_nictitans	1.459	1.566	29.8369393148	0.0640718562874251	0.245747368312532	0.151089040659307	0.177261335498629	0.0462160099266708	55.9417082901988	40.7532714892304	15.1884368009684	OU	Cercopithecidae	OWM	Cercopithecidae	OWM	family
Saimiri_sciureus	Presbytis_comata	1.177	0.996	78.065338346	0.108383233532934	0.642973170020857	0.157917751158961	0.272857263143232	0.0459943802498801	55.9417082901988	40.7532714892304	15.1884368009684	OU	Cebidae	PLA	Cercopithecidae	OWM	order
Sapajus_apella	Cercopithecus_ascanius	1.448	1.267	78.0653383487	0.108383233532934	0.642973170043096	0.157917751156266	0.272857263143052	0.0459943802482591	55.9417082901988	40.7532714892304	15.1884368009684	OU	Cebidae	PLA	Cercopithecidae	OWM	order
Cacajao_calvus	Piliocolobus_badius	1.198	1.018	78.065338353	0.107784431137724	0.642973170078512	0.157056665839766	0.271409471096224	0.0454975678750718	55.9417082901988	40.7532714892304	15.1884368009684	OU	Pitheciidae	PLA	Cercopithecidae	OWM	order
Alouatta_caraya	Pan_troglodytes	1.483	1.303	78.0653383542	0.107784431137725	0.642973170088395	0.157056665838575	0.271409471096145	0.0454975678743593	55.9417082901988	40.7532714892304	15.1884368009684	OU	Atelidae	PLA	Hominidae	APE	order
Alouatta_caraya	Pygathrix_nemaeus	1.483	1.303	78.065338355	0.107784431137725	0.642973170094985	0.15705666583778	0.271409471096092	0.0454975678738842	55.9417082901988	40.7532714892304	15.1884368009684	OU	Atelidae	PLA	Cercopithecidae	OWM	order
Theropithecus_gelada	Allochrocebus_lhoesti	1.624	1.73	29.8369393133	0.0634730538922155	0.245747368300178	0.149693757791735	0.175631835490326	0.0453632079007624	55.9417082901988	40.7532714892304	15.1884368009684	OU	Cercopithecidae	OWM	Cercopithecidae	OWM	family
Papio_ursinus	Erythrocebus_patas	2.014	1.908	29.8369393136	0.0634730538922155	0.245747368302649	0.149693757790991	0.175631835490024	0.0453632079002282	55.9417082901988	40.7532714892304	15.1884368009684	OU	Cercopithecidae	OWM	Cercopithecidae	OWM	family
Alouatta_seniculus	Hylobates_lar	1.284	1.105	78.0653383591	0.107185628742515	0.642973170128754	0.156195392710295	0.269960710235304	0.0450032906607171	55.9417082901988	40.7532714892304	15.1884368009684	OU	Atelidae	PLA	Hylobatidae	APE	order
Cercopithecus_ascanius	Eulemur_coronatus	1.267	1.043	121.4130573128	0.134131736526946	0.999999999953053	0.15672575371995	0.332936030512468	0.0446572879271222	55.9417082901988	40.7532714892304	15.1884368009684	OU	Cercopithecidae	OWM	Lemuridae	STR	order
Saimiri_sciureus	Pan_paniscus	1.177	1.355	78.065338345	0.106586826347305	0.642973170012621	0.155333932792264	0.268510985301127	0.0445115521104455	55.9417082901988	40.7532714892304	15.1884368009684	OU	Cebidae	PLA	Hominidae	APE	order
Cebuella_pygmaea	Callithrix_jacchus	0.902	0.947	8.0860732424	0.0269461077844311	0.0665997004027993	0.122314760623268	0.109703347027337	0.0443857584258326	55.9417082901988	40.7532714892304	15.1884368009684	OU	Callitrichidae	PLA	Callitrichidae	PLA	family
Aotus_trivirgatus	Alouatta_palliata	1.105	1.24	46.5475501561	0.0808383233532934	0.383381748093147	0.152601367822569	0.210440234355746	0.0443725758881443	55.9417082901988	40.7532714892304	15.1884368009684	OU	Aotidae	PLA	Atelidae	PLA	superfamily
Trachypithecus_obscurus	Hylobates_lar	1.262	1.105	62.151576036	0.0940119760479042	0.511901910788386	0.15357205052559	0.239447501615845	0.0439750903683285	55.9417082901988	40.7532714892304	15.1884368009684	OU	Cercopithecidae	OWM	Hylobatidae	APE	order
Mandrillus_leucophaeus	Colobus_angolensis	1.4	1.279	38.593674154	0.0724550898203593	0.317870869957241	0.150239216302039	0.192689645489174	0.0439214375738467	55.9417082901988	40.7532714892304	15.1884368009684	OU	Cercopithecidae	OWM	Cercopithecidae	OWM	family
Saguinus_midas	Hapalemur_griseus	0.897	1.119	121.4130573089	0.132934131736527	0.999999999920931	0.15534431393152	0.330139969045208	0.0438868701400186	55.9417082901988	40.7532714892304	15.1884368009684	OU	Callitrichidae	PLA	Lemuridae	STR	order
Sapajus_apella	Theropithecus_gelada	1.448	1.624	78.065338349	0.105389221556886	0.642973170045566	0.15361045651351	0.265608662216064	0.0435357048377823	55.9417082901988	40.7532714892304	15.1884368009684	OU	Cebidae	PLA	Cercopithecidae	OWM	order
Cacajao_calvus	Nomascus_concolor	1.198	1.022	78.065338355	0.105389221556886	0.642973170094985	0.15361045650768	0.265608662215676	0.0435357048343724	55.9417082901988	40.7532714892304	15.1884368009684	OU	Pitheciidae	PLA	Hylobatidae	APE	order
Macaca_silenus	Pan_troglodytes	1.459	1.303	62.151576033	0.0934131736526947	0.511901910763677	0.152605939102158	0.237968556030829	0.0434251124697427	55.9417082901988	40.7532714892304	15.1884368009684	OU	Cercopithecidae	OWM	Hominidae	APE	order
Hylobates_lar	Hylobates_muelleri	1.105	1.067	6.4663244217	0.0227544910179641	0.0532588880019473	0.115551385020774	0.101276216040406	0.0432695618455376	55.9417082901988	40.7532714892304	15.1884368009684	OU	Hylobatidae	APE	Hylobatidae	APE	family
Alouatta_seniculus	Macaca_silenus	1.284	1.459	78.0653383574	0.104790419161677	0.642973170114752	0.152748442171384	0.264156073596038	0.0430516030261283	55.9417082901988	40.7532714892304	15.1884368009684	OU	Atelidae	PLA	Cercopithecidae	OWM	order
Trachypithecus_cristatus	Pan_troglodytes	1.148	1.303	62.1515760321	0.092814371257485	0.511901910756264	0.151639598291163	0.23648874086928	0.0428784369271626	55.9417082901988	40.7532714892304	15.1884368009684	OU	Cercopithecidae	OWM	Hominidae	APE	order
Macaca_fuscata	Cercopithecus_ascanius	1.37	1.267	29.8369393143	0.0616766467065869	0.245747368308414	0.14550511272189	0.170738818709407	0.0428513146371689	55.9417082901988	40.7532714892304	15.1884368009684	OU	Cercopithecidae	OWM	Cercopithecidae	OWM	family
Alouatta_palliata	Eulemur_rubriventer	1.24	1.021	121.41305731	0.131137724550898	0.999999999929991	0.153271259473528	0.325937295457407	0.0427426752755506	55.9417082901988	40.7532714892304	15.1884368009684	OU	Atelidae	PLA	Lemuridae	STR	order
Trachypithecus_obscurus	Eulemur_coronatus	1.262	1.043	121.4130573124	0.131137724550898	0.999999999949758	0.153271259472032	0.325937295457394	0.042742675274704	55.9417082901988	40.7532714892304	15.1884368009684	OU	Cercopithecidae	OWM	Lemuridae	STR	order
Saimiri_oerstedii	Macaca_fascicularis	1.319	1.493	78.065338348	0.104191616766467	0.64297317003733	0.151886245055747	0.262702539962914	0.0425700536863837	55.9417082901988	40.7532714892304	15.1884368009684	OU	Cebidae	PLA	Cercopithecidae	OWM	order
Aotus_trivirgatus	Colobus_angolensis	1.105	1.279	78.0653383561	0.104191616766467	0.642973170104045	0.151886245047962	0.262702539962395	0.0425700536818825	55.9417082901988	40.7532714892304	15.1884368009684	OU	Aotidae	PLA	Cercopithecidae	OWM	order
Cercopithecus_ascanius	Trachypithecus_cristatus	1.267	1.148	38.5936741538	0.0712574850299401	0.317870869955594	0.147784759132093	0.189565819435408	0.0424951916559513	55.9417082901988	40.7532714892304	15.1884368009684	OU	Cercopithecidae	OWM	Cercopithecidae	OWM	family
Callithrix_jacchus	Ateles_paniscus	0.947	1.079	46.5475501493	0.0790419161676647	0.38338174803714	0.149250512567592	0.20587017340097	0.0424443079794339	55.9417082901988	40.7532714892304	15.1884368009684	OU	Callitrichidae	PLA	Atelidae	PLA	superfamily
Macaca_nigra	Cercocebus_torquatus	1.808	1.722	22.401646142	0.051497005988024	0.184507718006263	0.140265179056146	0.151359095797183	0.0422450634956358	55.9417082901988	40.7532714892304	15.1884368009684	OU	Cercopithecidae	OWM	Cercopithecidae	OWM	family
Alouatta_caraya	Macaca_tonkeana	1.483	1.656	78.0653383562	0.103592814371257	0.642973170104868	0.151023866138572	0.26124806610496	0.0420910602108748	55.9417082901988	40.7532714892304	15.1884368009684	OU	Atelidae	PLA	Cercopithecidae	OWM	order
Alouatta_palliata	Hylobates_muelleri	1.24	1.067	78.0653383584	0.103592814371258	0.642973170122988	0.15102386613647	0.26124806610482	0.0420910602096662	55.9417082901988	40.7532714892304	15.1884368009684	OU	Atelidae	PLA	Hylobatidae	APE	order
Saimiri_oerstedii	Propithecus_verreauxi	1.319	1.102	121.4130573004	0.129940119760479	0.999999999850922	0.151888632703118	0.323129841609694	0.0419875303232077	55.9417082901988	40.7532714892304	15.1884368009684	OU	Cebidae	PLA	Indriidae	STR	order
Cebuella_pygmaea	Hapalemur_griseus	0.902	1.119	121.4130573085	0.129940119760479	0.999999999917636	0.151888632698113	0.323129841609651	0.041987530320401	55.9417082901988	40.7532714892304	15.1884368009684	OU	Callitrichidae	PLA	Lemuridae	STR	order
Trachypithecus_pileatus	Cheirogaleus_medius	1.217	1	121.4130573121	0.129940119760479	0.999999999947287	0.151888632695889	0.323129841609632	0.0419875303191535	55.9417082901988	40.7532714892304	15.1884368009684	OU	Cercopithecidae	OWM	Cheirogaleidae	STR	order
Trachypithecus_pileatus	Eulemur_fulvus	1.217	1	121.4130573125	0.129940119760479	0.999999999950582	0.151888632695642	0.32312984160963	0.041987530319015	55.9417082901988	40.7532714892304	15.1884368009684	OU	Cercopithecidae	OWM	Lemuridae	STR	order
Trachypithecus_pileatus	Lemur_catta	1.217	1	121.4130573141	0.129940119760479	0.99999999996376	0.151888632694653	0.323129841609622	0.0419875303184605	55.9417082901988	40.7532714892304	15.1884368009684	OU	Cercopithecidae	OWM	Lemuridae	STR	order
Cercopithecus_petaurista	Gorilla_beringei	1.517	1.67	62.1515760317	0.0916167664670659	0.51190191075297	0.149706234179434	0.233526522098152	0.0417950087497467	55.9417082901988	40.7532714892304	15.1884368009684	OU	Cercopithecidae	OWM	Hominidae	APE	order
Cercopithecus_ascanius	Semnopithecus_vetulus	1.267	1.385	38.5936741537	0.0706586826347306	0.31787086995477	0.146556992078173	0.188002770108054	0.0417906430664924	55.9417082901988	40.7532714892304	15.1884368009684	OU	Cercopithecidae	OWM	Cercopithecidae	OWM	family
Cercopithecus_nictitans	Cercopithecus_petaurista	1.566	1.517	9.5808815419	0.0293413173652695	0.0789114593891388	0.122356587952136	0.112048495944446	0.0416625228484826	55.9417082901988	40.7532714892304	15.1884368009684	OU	Cercopithecidae	OWM	Cercopithecidae	OWM	family
Cacajao_calvus	Macaca_fuscata	1.198	1.37	78.0653383536	0.102994011976048	0.642973170083454	0.150161306453873	0.259792656824626	0.0416146260112408	55.9417082901988	40.7532714892304	15.1884368009684	OU	Pitheciidae	PLA	Cercopithecidae	OWM	order
Presbytis_comata	Avahi_laniger	0.996	0.78	121.413057309	0.129341317365269	0.999999999921755	0.151197143723605	0.321724426040422	0.0416122610959094	55.9417082901988	40.7532714892304	15.1884368009684	OU	Cercopithecidae	OWM	Indriidae	STR	order
Saimiri_oerstedii	Cercopithecus_cephus	1.319	1.49	78.0653383471	0.102395209580838	0.642973170029917	0.149298567002346	0.258336316932138	0.0411407544631719	55.9417082901988	40.7532714892304	15.1884368009684	OU	Cebidae	PLA	Cercopithecidae	OWM	order
Saimiri_oerstedii	Trachypithecus_cristatus	1.319	1.148	78.0653383475	0.102395209580838	0.642973170033212	0.149298567001968	0.258336316932112	0.0411407544629571	55.9417082901988	40.7532714892304	15.1884368009684	OU	Cebidae	PLA	Cercopithecidae	OWM	order
Ateles_paniscus	Macaca_mulatta	1.079	1.25	78.0653383537	0.102395209580838	0.642973170084277	0.149298566996109	0.258336316931721	0.0411407544596274	55.9417082901988	40.7532714892304	15.1884368009684	OU	Atelidae	PLA	Cercopithecidae	OWM	order
Cercopithecus_diana	Hapalemur_griseus	1.333	1.119	121.4130573165	0.12814371257485	0.999999999983528	0.149813817193649	0.318910239047709	0.0408663420103796	55.9417082901988	40.7532714892304	15.1884368009684	OU	Cercopithecidae	OWM	Lemuridae	STR	order
Saguinus_midas	Hylobates_muelleri	0.897	1.067	78.0653383555	0.101796407185629	0.642973170099103	0.148435648774301	0.256879051246981	0.0406694489198752	55.9417082901988	40.7532714892304	15.1884368009684	OU	Callitrichidae	PLA	Hylobatidae	APE	order
Saimiri_sciureus	Eulemur_macaco	1.177	0.964	121.4130573001	0.127544910179641	0.999999999848451	0.14912198069127	0.317501476233958	0.0404956972743005	55.9417082901988	40.7532714892304	15.1884368009684	OU	Cebidae	PLA	Lemuridae	STR	order
Macaca_nigra	Erythrocebus_patas	1.808	1.908	29.836939314	0.059880239520958	0.245747368305943	0.141312362748629	0.165839169857122	0.0404093410295989	55.9417082901988	40.7532714892304	15.1884368009684	OU	Cercopithecidae	OWM	Cercopithecidae	OWM	family
Cercopithecus_diana	Trachypithecus_pileatus	1.333	1.217	38.5936741548	0.0694610778443113	0.31787086996383	0.144100395556964	0.184874428793026	0.0403987225733398	55.9417082901988	40.7532714892304	15.1884368009684	OU	Cercopithecidae	OWM	Cercopithecidae	OWM	family
Sapajus_apella	Colobus_angolensis	1.448	1.279	78.065338349	0.101197604790419	0.642973170045566	0.147572552806497	0.255420864601648	0.0402007127441304	55.9417082901988	40.7532714892304	15.1884368009684	OU	Cebidae	PLA	Cercopithecidae	OWM	order
Alouatta_caraya	Semnopithecus_entellus	1.483	1.314	78.0653383559	0.101197604790419	0.642973170102397	0.14757255280005	0.255420864601217	0.0402007127405094	55.9417082901988	40.7532714892304	15.1884368009684	OU	Atelidae	PLA	Cercopithecidae	OWM	order
Trachypithecus_pileatus	Hylobates_muelleri	1.217	1.067	62.1515760365	0.0898203592814372	0.511901910792504	0.146804503063287	0.22907679912176	0.0401947325578519	55.9417082901988	40.7532714892304	15.1884368009684	OU	Cercopithecidae	OWM	Hylobatidae	APE	order
Semnopithecus_entellus	Propithecus_verreauxi	1.314	1.102	121.4130573127	0.126946107784431	0.999999999952229	0.148430029364507	0.316091606300828	0.0401265991251358	55.9417082901988	40.7532714892304	15.1884368009684	OU	Cercopithecidae	OWM	Indriidae	STR	order
Macaca_fuscata	Cercopithecus_pogonias	1.37	1.469	29.8369393142	0.0592814371257485	0.24574736830759	0.139913887211754	0.164204511657421	0.0396109203554104	55.9417082901988	40.7532714892304	15.1884368009684	OU	Cercopithecidae	OWM	Cercopithecidae	OWM	family
Ateles_geoffroyi	Cacajao_calvus	1.067	1.198	49.093603206	0.0784431137724551	0.404351923016105	0.144283930138016	0.203476852533967	0.03947392601555	55.9417082901988	40.7532714892304	15.1884368009684	OU	Atelidae	PLA	Pitheciidae	PLA	superfamily
Macaca_tonkeana	Rhinopithecus_roxellana	1.656	1.543	38.5936741534	0.0676646706586826	0.3178708699523	0.140412888411208	0.180176400265063	0.0383538661036538	55.9417082901988	40.7532714892304	15.1884368009684	OU	Cercopithecidae	OWM	Cercopithecidae	OWM	family
Cebuella_pygmaea	Hylobates_muelleri	0.902	1.067	78.0653383551	0.0988023952095808	0.642973170095808	0.144118411563428	0.24957900536501	0.0383515279811963	55.9417082901988	40.7532714892304	15.1884368009684	OU	Callitrichidae	PLA	Hylobatidae	APE	order
Macaca_mulatta	Eulemur_coronatus	1.25	1.043	121.4130573138	0.123952095808383	0.999999999961289	0.144968568878725	0.30902580193268	0.0383043958099048	55.9417082901988	40.7532714892304	15.1884368009684	OU	Cercopithecidae	OWM	Lemuridae	STR	order
Macaca_mulatta	Hylobates_lar	1.25	1.105	62.1515760374	0.0868263473053892	0.511901910799917	0.141963886118661	0.221643882132782	0.0375941724032705	55.9417082901988	40.7532714892304	15.1884368009684	OU	Cercopithecidae	OWM	Hylobatidae	APE	order
Saguinus_midas	Propithecus_verreauxi	0.897	1.102	121.4130573061	0.122754491017964	0.999999999897869	0.143583199264821	0.306191882917633	0.0375864287452248	55.9417082901988	40.7532714892304	15.1884368009684	OU	Callitrichidae	PLA	Indriidae	STR	order
Trachypithecus_pileatus	Eulemur_mongoz	1.217	1.012	121.4130573131	0.122754491017964	0.999999999955524	0.143583199260727	0.306191882917598	0.0375864287430535	55.9417082901988	40.7532714892304	15.1884368009684	OU	Cercopithecidae	OWM	Lemuridae	STR	order
Cebus_olivaceus	Cercopithecus_pogonias	1.306	1.469	78.0653383476	0.0976047904191617	0.642973170034035	0.142390300701132	0.246652676299824	0.0374424375674887	55.9417082901988	40.7532714892304	15.1884368009684	OU	Cebidae	PLA	Cercopithecidae	OWM	order
Cebus_olivaceus	Propithecus_verreauxi	1.306	1.102	121.413057301	0.122155688622754	0.999999999855864	0.142890348239416	0.30477331301087	0.0372297939300473	55.9417082901988	40.7532714892304	15.1884368009684	OU	Cebidae	PLA	Indriidae	STR	order
Aotus_trivirgatus	Cercopithecus_ascanius	1.105	1.267	78.0653383558	0.097005988023952	0.642973170101574	0.141525988739661	0.245188179008637	0.0369917792258253	55.9417082901988	40.7532714892304	15.1884368009684	OU	Aotidae	PLA	Cercopithecidae	OWM	order
Cebus_olivaceus	Colobus_guereza	1.306	1.467	78.065338348	0.0964071856287425	0.64297317003733	0.140661507130891	0.243722799754604	0.0365437164299325	55.9417082901988	40.7532714892304	15.1884368009684	OU	Cebidae	PLA	Cercopithecidae	OWM	order
Callithrix_jacchus	Saguinus_oedipus	0.947	1.035	26.3249190819	0.0526946107784431	0.216821153039928	0.132475608021813	0.149597251150191	0.0363570104316928	55.9417082901988	40.7532714892304	15.1884368009684	OU	Callitrichidae	PLA	Callitrichidae	PLA	family
Pan_troglodytes	Propithecus_verreauxi	1.303	1.102	121.413057311	0.120359281437126	0.999999999938228	0.140811136538598	0.300511214825916	0.0361693138824792	55.9417082901988	40.7532714892304	15.1884368009684	OU	Hominidae	APE	Indriidae	STR	order
Pygathrix_nemaeus	Propithecus_verreauxi	1.303	1.102	121.4130573118	0.120359281437126	0.999999999944817	0.140811136538139	0.300511214825912	0.0361693138822404	55.9417082901988	40.7532714892304	15.1884368009684	OU	Cercopithecidae	OWM	Indriidae	STR	order
Alouatta_palliata	Mandrillus_leucophaeus	1.24	1.4	78.065338356	0.0958083832335329	0.642973170103221	0.139796856860683	0.242256543453805	0.0360982523614898	55.9417082901988	40.7532714892304	15.1884368009684	OU	Atelidae	PLA	Cercopithecidae	OWM	order
Saimiri_oerstedii	Hapalemur_griseus	1.319	1.119	121.4130573032	0.119760479041916	0.999999999873984	0.140117848183642	0.299088400767064	0.035818970156258	55.9417082901988	40.7532714892304	15.1884368009684	OU	Cebidae	PLA	Lemuridae	STR	order
Cebuella_pygmaea	Propithecus_verreauxi	0.902	1.102	121.4130573057	0.119760479041916	0.999999999894575	0.140117848182214	0.299088400767052	0.035818970155519	55.9417082901988	40.7532714892304	15.1884368009684	OU	Callitrichidae	PLA	Indriidae	STR	order
Papio_cynocephalus	Cercopithecus_mitis	1.772	1.866	29.8369393137	0.0562874251497006	0.245747368303472	0.132915011265868	0.156020714954111	0.0357359038080826	55.9417082901988	40.7532714892304	15.1884368009684	OU	Cercopithecidae	OWM	Cercopithecidae	OWM	family
Leontocebus_fuscicolis	Ateles_paniscus	0.958	1.079	46.5475501493	0.0724550898203593	0.38338174803714	0.13694141639693	0.189053870218843	0.0357291791216567	55.9417082901988	40.7532714892304	15.1884368009684	OU	Callitrichidae	PLA	Atelidae	PLA	superfamily
Macaca_nigra	Papio_anubis	1.808	1.887	22.4016461419	0.0473053892215569	0.184507718005439	0.12895260994977	0.139170458104079	0.0356815029741019	55.9417082901988	40.7532714892304	15.1884368009684	OU	Cercopithecidae	OWM	Cercopithecidae	OWM	family
Saimiri_sciureus	Piliocolobus_badius	1.177	1.018	78.065338347	0.0952095808383234	0.642973170029094	0.138932038973085	0.240789415035642	0.0356553902160665	55.9417082901988	40.7532714892304	15.1884368009684	OU	Cebidae	PLA	Cercopithecidae	OWM	order
Sapajus_apella	Cercopithecus_mona	1.448	1.289	78.0653383486	0.0952095808383234	0.642973170042272	0.138932038971676	0.240789415035548	0.0356553902153217	55.9417082901988	40.7532714892304	15.1884368009684	OU	Cebidae	PLA	Cercopithecidae	OWM	order
Cheracebus_torquatus	Trachypithecus_pileatus	1.058	1.217	78.0653383534	0.0952095808383234	0.642973170081806	0.138932038967448	0.240789415035264	0.0356553902130874	55.9417082901988	40.7532714892304	15.1884368009684	OU	Pitheciidae	PLA	Cercopithecidae	OWM	order
Cercopithecus_cephus	Chlorocebus_pygerythrus	1.49	1.571	23.4097503936	0.048502994011976	0.192810813850027	0.129335644292334	0.14124940707581	0.0355323387147882	55.9417082901988	40.7532714892304	15.1884368009684	OU	Cercopithecidae	OWM	Cercopithecidae	OWM	family
Cebus_olivaceus	Trachypithecus_cristatus	1.306	1.148	78.0653383481	0.0946107784431138	0.642973170038154	0.138067054459608	0.239321419435371	0.0352151331439659	55.9417082901988	40.7532714892304	15.1884368009684	OU	Cebidae	PLA	Cercopithecidae	OWM	order
Saguinus_oedipus	Colobus_polykomos	1.035	1.193	78.0653383522	0.0946107784431138	0.642973170071923	0.138067054456018	0.23932141943513	0.0352151331420809	55.9417082901988	40.7532714892304	15.1884368009684	OU	Callitrichidae	PLA	Cercopithecidae	OWM	order
Callithrix_jacchus	Hylobates_lar	0.947	1.105	78.065338355	0.0946107784431138	0.642973170094984	0.138067054453567	0.239321419434966	0.0352151331407936	55.9417082901988	40.7532714892304	15.1884368009684	OU	Callitrichidae	PLA	Hylobatidae	APE	order
Callithrix_jacchus	Ateles_geoffroyi	0.947	1.067	46.5475501493	0.0718562874251497	0.38338174803714	0.135820710490612	0.187520653693019	0.0351465296898073	55.9417082901988	40.7532714892304	15.1884368009684	OU	Callitrichidae	PLA	Atelidae	PLA	superfamily
Cacajao_calvus	Cheirogaleus_medius	1.198	1	121.413057305	0.118562874251497	0.999999999888809	0.13873094791079	0.296239627453717	0.0351230217020108	55.9417082901988	40.7532714892304	15.1884368009684	OU	Pitheciidae	PLA	Cheirogaleidae	STR	order
Cacajao_calvus	Eulemur_fulvus	1.198	1	121.4130573054	0.118562874251497	0.999999999892104	0.138730947910564	0.296239627453715	0.0351230217018948	55.9417082901988	40.7532714892304	15.1884368009684	OU	Pitheciidae	PLA	Lemuridae	STR	order
Cacajao_calvus	Lemur_catta	1.198	1	121.413057307	0.118562874251497	0.999999999905282	0.138730947909659	0.296239627453708	0.035123021701431	55.9417082901988	40.7532714892304	15.1884368009684	OU	Pitheciidae	PLA	Lemuridae	STR	order
Macaca_fuscata	Trachypithecus_obscurus	1.37	1.262	38.5936741539	0.0646706586826348	0.317870869956418	0.13426027134019	0.172332043908488	0.0350608622715718	55.9417082901988	40.7532714892304	15.1884368009684	OU	Cercopithecidae	OWM	Cercopithecidae	OWM	family
Macaca_fascicularis	Semnopithecus_vetulus	1.493	1.385	38.5936741546	0.0646706586826348	0.317870869962183	0.134260271338984	0.172332043908114	0.0350608622708598	55.9417082901988	40.7532714892304	15.1884368009684	OU	Cercopithecidae	OWM	Cercopithecidae	OWM	family
Cacajao_calvus	Pan_paniscus	1.198	1.355	78.065338351	0.0940119760479042	0.642973170062039	0.137201904343741	0.237852561599715	0.034777484295165	55.9417082901988	40.7532714892304	15.1884368009684	OU	Pitheciidae	PLA	Hominidae	APE	order
Aotus_trivirgatus	Trachypithecus_obscurus	1.105	1.262	78.0653383554	0.0940119760479042	0.642973170098279	0.137201904339913	0.237852561599458	0.0347774842931673	55.9417082901988	40.7532714892304	15.1884368009684	OU	Aotidae	PLA	Cercopithecidae	OWM	order
Alouatta_palliata	Eulemur_coronatus	1.24	1.043	121.4130573091	0.117964071856287	0.999999999922578	0.138037337043179	0.29481367717135	0.03477742180075	55.9417082901988	40.7532714892304	15.1884368009684	OU	Atelidae	PLA	Lemuridae	STR	order
Trachypithecus_pileatus	Eulemur_rubriventer	1.217	1.021	121.4130573141	0.117365269461078	0.99999999996376	0.137343619720631	0.293386690471558	0.0344334079847362	55.9417082901988	40.7532714892304	15.1884368009684	OU	Cercopithecidae	OWM	Lemuridae	STR	order
Saimiri_sciureus	Cercopithecus_diana	1.177	1.333	78.0653383477	0.0934131736526946	0.642973170034859	0.136336589649135	0.236382846484685	0.0343424468022437	55.9417082901988	40.7532714892304	15.1884368009684	OU	Cebidae	PLA	Cercopithecidae	OWM	order
Macaca_nigra	Gorilla_beringei	1.808	1.67	62.151576032	0.0826347305389222	0.511901910755441	0.135178085060146	0.211203784813341	0.0340939689423995	55.9417082901988	40.7532714892304	15.1884368009684	OU	Cercopithecidae	OWM	Hominidae	APE	order
Trachypithecus_pileatus	Pan_paniscus	1.217	1.355	62.1515760321	0.0826347305389221	0.511901910756264	0.135178085060039	0.211203784813327	0.0340939689423423	55.9417082901988	40.7532714892304	15.1884368009684	OU	Cercopithecidae	OWM	Hominidae	APE	order
Macaca_fascicularis	Pan_paniscus	1.493	1.355	62.1515760326	0.0826347305389222	0.511901910760383	0.1351780850595	0.211203784813257	0.0340939689420567	55.9417082901988	40.7532714892304	15.1884368009684	OU	Cercopithecidae	OWM	Hominidae	APE	order
Semnopithecus_entellus	Hapalemur_griseus	1.314	1.119	121.4130573155	0.116766467065868	0.999999999975291	0.136649796469826	0.291958671867797	0.0340909826440881	55.9417082901988	40.7532714892304	15.1884368009684	OU	Cercopithecidae	OWM	Lemuridae	STR	order
Saimiri_sciureus	Nomascus_concolor	1.177	1.022	78.065338349	0.092814371257485	0.642973170045566	0.135471111383704	0.234912279054465	0.033910023772155	55.9417082901988	40.7532714892304	15.1884368009684	OU	Cebidae	PLA	Hylobatidae	APE	order
Saimiri_oerstedii	Cacajao_calvus	1.319	1.198	49.0936032004	0.0724550898203593	0.404351922969981	0.133377330739386	0.188247830153187	0.0337317882453832	55.9417082901988	40.7532714892304	15.1884368009684	OU	Cebidae	PLA	Pitheciidae	PLA	superfamily
Eulemur_fulvus	Hapalemur_griseus	1	1.119	47.7997285402	0.0712574850299401	0.39369512304437	0.132940339482634	0.185579663325614	0.033589291071294	55.9417082901988	40.7532714892304	15.1884368009684	OU	Lemuridae	STR	Lemuridae	STR	family
Plecturocebus_moloch	Trachypithecus_pileatus	1.063	1.217	78.0653383543	0.0922155688622755	0.642973170089219	0.134605470565918	0.233440864283118	0.033480218299905	55.9417082901988	40.7532714892304	15.1884368009684	OU	Pitheciidae	PLA	Cercopithecidae	OWM	order
Colobus_polykomos	Cheirogaleus_medius	1.193	1	121.413057312	0.115568862275449	0.999999999946464	0.135261834278722	0.289099557056431	0.0334109068951367	55.9417082901988	40.7532714892304	15.1884368009684	OU	Cercopithecidae	OWM	Cheirogaleidae	STR	order
Colobus_polykomos	Eulemur_fulvus	1.193	1	121.4130573124	0.115568862275449	0.999999999949758	0.135261834278501	0.289099557056429	0.0334109068950265	55.9417082901988	40.7532714892304	15.1884368009684	OU	Cercopithecidae	OWM	Lemuridae	STR	order
Colobus_polykomos	Lemur_catta	1.193	1	121.413057314	0.115568862275449	0.999999999962936	0.135261834277618	0.289099557056422	0.0334109068945853	55.9417082901988	40.7532714892304	15.1884368009684	OU	Cercopithecidae	OWM	Lemuridae	STR	order
Cercopithecus_cephus	Semnopithecus_vetulus	1.49	1.385	38.5936741537	0.062874251497006	0.31787086995477	0.130564766723316	0.167617111359233	0.0331543447699426	55.9417082901988	40.7532714892304	15.1884368009684	OU	Cercopithecidae	OWM	Cercopithecidae	OWM	family
Cebus_olivaceus	Macaca_silenus	1.306	1.459	78.065338349	0.0916167664670659	0.642973170045566	0.133739668226699	0.231968607154677	0.0330530334693039	55.9417082901988	40.7532714892304	15.1884368009684	OU	Cebidae	PLA	Cercopithecidae	OWM	order
Mandrillus_leucophaeus	Cercopithecus_cephus	1.4	1.49	29.8369393137	0.0538922155688623	0.245747368303472	0.127308371146148	0.149461484051616	0.0327767925791374	55.9417082901988	40.7532714892304	15.1884368009684	OU	Cercopithecidae	OWM	Cercopithecidae	OWM	family
Macaca_tonkeana	Cercopithecus_nictitans	1.656	1.566	29.8369393138	0.0538922155688622	0.245747368304296	0.127308371145936	0.14946148405153	0.0327767925790085	55.9417082901988	40.7532714892304	15.1884368009684	OU	Cercopithecidae	OWM	Cercopithecidae	OWM	family
Cercopithecus_cephus	Pan_paniscus	1.49	1.355	62.1515760317	0.0808383233532934	0.51190191075297	0.132266799931325	0.206717699035989	0.0326443637862962	55.9417082901988	40.7532714892304	15.1884368009684	OU	Cercopithecidae	OWM	Hominidae	APE	order
Saimiri_sciureus	Cheracebus_torquatus	1.177	1.058	49.0936032003	0.0712574850299401	0.404351922969157	0.131192890886269	0.185193260208495	0.0326359421517064	55.9417082901988	40.7532714892304	15.1884368009684	OU	Cebidae	PLA	Pitheciidae	PLA	superfamily
Ateles_paniscus	Cacajao_calvus	1.079	1.198	49.093603206	0.0712574850299401	0.404351923016105	0.131192890878722	0.185193260206865	0.0326359421476299	55.9417082901988	40.7532714892304	15.1884368009684	OU	Atelidae	PLA	Pitheciidae	PLA	superfamily
Hylobates_klossii	Nomascus_concolor	0.958	1.022	17.2483776483	0.0383233532934132	0.142063613496304	0.119132288798197	0.120724260009665	0.0325668083020893	55.9417082901988	40.7532714892304	15.1884368009684	OU	Hylobatidae	APE	Hylobatidae	APE	family
Chlorocebus_pygerythrus	Colobus_guereza	1.571	1.467	38.5936741539	0.0622754491017963	0.317870869956418	0.129332293717098	0.166044117218063	0.0325304170586123	55.9417082901988	40.7532714892304	15.1884368009684	OU	Cercopithecidae	OWM	Cercopithecidae	OWM	family
Saguinus_midas	Trachypithecus_francoisi	0.897	1.048	78.0653383533	0.0904191616766467	0.642973170080983	0.132007583020933	0.22902158580213	0.0322065379360645	55.9417082901988	40.7532714892304	15.1884368009684	OU	Callitrichidae	PLA	Cercopithecidae	OWM	order
Saimiri_oerstedii	Cercopithecus_pogonias	1.319	1.469	78.065338347	0.0898203592814372	0.642973170029094	0.131141302207612	0.227546831590688	0.0317872333085119	55.9417082901988	40.7532714892304	15.1884368009684	OU	Cebidae	PLA	Cercopithecidae	OWM	order
Ateles_geoffroyi	Trachypithecus_pileatus	1.067	1.217	78.0653383531	0.0898203592814372	0.642973170079336	0.131141302202534	0.227546831590347	0.0317872333059803	55.9417082901988	40.7532714892304	15.1884368009684	OU	Atelidae	PLA	Cercopithecidae	OWM	order
Cacajao_calvus	Trachypithecus_francoisi	1.198	1.048	78.0653383532	0.0898203592814371	0.642973170080159	0.131141302202451	0.227546831590341	0.0317872333059387	55.9417082901988	40.7532714892304	15.1884368009684	OU	Pitheciidae	PLA	Cercopithecidae	OWM	order
Alouatta_caraya	Cercopithecus_diana	1.483	1.333	78.0653383569	0.0898203592814372	0.642973170110634	0.131141302199372	0.227546831590134	0.0317872333044033	55.9417082901988	40.7532714892304	15.1884368009684	OU	Atelidae	PLA	Cercopithecidae	OWM	order
Cebus_olivaceus	Hapalemur_griseus	1.306	1.119	121.4130573038	0.111976047904192	0.999999999878926	0.131095459965417	0.280497919676599	0.0314090484945357	55.9417082901988	40.7532714892304	15.1884368009684	OU	Cebidae	PLA	Lemuridae	STR	order
Cercopithecus_mona	Propithecus_verreauxi	1.289	1.102	121.4130573126	0.111976047904192	0.999999999951406	0.131095459960709	0.280497919676557	0.0314090484922546	55.9417082901988	40.7532714892304	15.1884368009684	OU	Cercopithecidae	OWM	Indriidae	STR	order
Macaca_mulatta	Trachypithecus_cristatus	1.25	1.148	38.5936741548	0.0610778443113773	0.31787086996383	0.126866408137964	0.162896140631094	0.0312999587458968	55.9417082901988	40.7532714892304	15.1884368009684	OU	Cercopithecidae	OWM	Cercopithecidae	OWM	family
Cacajao_calvus	Eulemur_mongoz	1.198	1.012	121.413057306	0.111377245508982	0.999999999897046	0.130400706968987	0.279060818822366	0.0310810253331161	55.9417082901988	40.7532714892304	15.1884368009684	OU	Pitheciidae	PLA	Lemuridae	STR	order
Callithrix_jacchus	Plecturocebus_moloch	0.947	1.063	49.0936032065	0.0694610778443114	0.404351923020223	0.127914357739561	0.180606135842362	0.031025194012195	55.9417082901988	40.7532714892304	15.1884368009684	OU	Callitrichidae	PLA	Pitheciidae	PLA	superfamily
Saimiri_oerstedii	Colobus_guereza	1.319	1.467	78.0653383474	0.088622754491018	0.642973170032388	0.129408269238934	0.224594861192491	0.0309565253592211	55.9417082901988	40.7532714892304	15.1884368009684	OU	Cebidae	PLA	Cercopithecidae	OWM	order
Semnopithecus_vetulus	Colobus_guereza	1.385	1.467	27.017026324	0.0491017964071857	0.222521588045731	0.121938501094577	0.138801799627248	0.0306281191236487	55.9417082901988	40.7532714892304	15.1884368009684	OU	Cercopithecidae	OWM	Cercopithecidae	OWM	family
Leontocebus_fuscicolis	Hylobates_lar	0.958	1.105	78.065338355	0.0880239520958084	0.642973170094984	0.128541519126228	0.223117655071085	0.0305451280009164	55.9417082901988	40.7532714892304	15.1884368009684	OU	Callitrichidae	PLA	Hylobatidae	APE	order
Aotus_trivirgatus	Hylobates_klossii	1.105	0.958	78.0653383584	0.0880239520958084	0.642973170122988	0.128541519123453	0.223117655070898	0.0305451279995605	55.9417082901988	40.7532714892304	15.1884368009684	OU	Aotidae	PLA	Hylobatidae	APE	order
Trachypithecus_cristatus	Eulemur_macaco	1.148	0.964	121.4130573132	0.110179640718563	0.999999999956347	0.129010899475372	0.276183663209497	0.0304298167860873	55.9417082901988	40.7532714892304	15.1884368009684	OU	Cercopithecidae	OWM	Lemuridae	STR	order
Pan_troglodytes	Hapalemur_griseus	1.303	1.119	121.4130573138	0.110179640718563	0.999999999961289	0.129010899475056	0.276183663209495	0.0304298167859366	55.9417082901988	40.7532714892304	15.1884368009684	OU	Hominidae	APE	Lemuridae	STR	order
Pygathrix_nemaeus	Hapalemur_griseus	1.303	1.119	121.4130573146	0.110179640718563	0.999999999967878	0.129010899474635	0.276183663209491	0.0304298167857357	55.9417082901988	40.7532714892304	15.1884368009684	OU	Cercopithecidae	OWM	Lemuridae	STR	order
Cebuella_pygmaea	Trachypithecus_francoisi	0.902	1.048	78.0653383529	0.0874251497005988	0.642973170077688	0.127674614636346	0.22163964172726	0.0301363723392245	55.9417082901988	40.7532714892304	15.1884368009684	OU	Callitrichidae	PLA	Cercopithecidae	OWM	order
Saimiri_sciureus	Plecturocebus_moloch	1.177	1.063	49.0936032012	0.0682634730538923	0.40435192297657	0.125727443991673	0.177544605384524	0.0299734233889935	55.9417082901988	40.7532714892304	15.1884368009684	OU	Cebidae	PLA	Pitheciidae	PLA	superfamily
Papio_ursinus	Allenopithecus_nigroviridis	2.014	1.928	29.8369393096	0.0514970059880239	0.245747368269703	0.121695329107554	0.142891894173403	0.0299433714456384	55.9417082901988	40.7532714892304	15.1884368009684	OU	Cercopithecidae	OWM	Cercopithecidae	OWM	family
Papio_hamadryas	Allenopithecus_nigroviridis	1.842	1.928	29.8369393099	0.0514970059880239	0.245747368272174	0.121695329106947	0.142891894173156	0.0299433714452856	55.9417082901988	40.7532714892304	15.1884368009684	OU	Cercopithecidae	OWM	Cercopithecidae	OWM	family
Alouatta_seniculus	Propithecus_verreauxi	1.284	1.102	121.4130573094	0.108982035928144	0.999999999925049	0.1276206935016	0.273302599981066	0.029785073772624	55.9417082901988	40.7532714892304	15.1884368009684	OU	Atelidae	PLA	Indriidae	STR	order
Sapajus_apella	Pan_troglodytes	1.448	1.303	78.065338347	0.0868263473053892	0.642973170029094	0.126807556787399	0.220160826215379	0.0297302613095862	55.9417082901988	40.7532714892304	15.1884368009684	OU	Cebidae	PLA	Hominidae	APE	order
Sapajus_apella	Pygathrix_nemaeus	1.448	1.303	78.0653383478	0.0868263473053892	0.642973170035683	0.126807556786754	0.220160826215336	0.0297302613092756	55.9417082901988	40.7532714892304	15.1884368009684	OU	Cebidae	PLA	Cercopithecidae	OWM	order
Alouatta_palliata	Semnopithecus_vetulus	1.24	1.385	78.065338356	0.0868263473053892	0.642973170103221	0.126807556780151	0.22016082621489	0.0297302613060926	55.9417082901988	40.7532714892304	15.1884368009684	OU	Atelidae	PLA	Cercopithecidae	OWM	order
Aotus_trivirgatus	Macaca_mulatta	1.105	1.25	78.0653383568	0.0868263473053892	0.64297317010981	0.126807556779506	0.220160826214847	0.0297302613057821	55.9417082901988	40.7532714892304	15.1884368009684	OU	Aotidae	PLA	Cercopithecidae	OWM	order
Saimiri_sciureus	Ateles_geoffroyi	1.177	1.067	46.547550144	0.0658682634730539	0.383381747993487	0.124598985289841	0.172149868258584	0.0295768198112044	55.9417082901988	40.7532714892304	15.1884368009684	OU	Cebidae	PLA	Atelidae	PLA	superfamily
Cercopithecus_nictitans	Colobus_guereza	1.566	1.467	38.5936741538	0.0592814371257485	0.317870869955594	0.123165275021104	0.158169296840724	0.0294978373677245	55.9417082901988	40.7532714892304	15.1884368009684	OU	Cercopithecidae	OWM	Cercopithecidae	OWM	family
Colobus_polykomos	Eulemur_mongoz	1.193	1.012	121.413057313	0.108383233532934	0.9999999999547	0.126925442397894	0.271860614646156	0.0294651324869361	55.9417082901988	40.7532714892304	15.1884368009684	OU	Cercopithecidae	OWM	Lemuridae	STR	order
Eulemur_macaco	Propithecus_verreauxi	0.964	1.102	71.9834962261	0.0826347305389222	0.592881011448937	0.125690191129688	0.2101708803963	0.02929325401438	55.9417082901988	40.7532714892304	15.1884368009684	OU	Lemuridae	STR	Indriidae	STR	superfamily
Macaca_tonkeana	Chlorocebus_pygerythrus	1.656	1.571	29.8369393139	0.0508982035928143	0.245747368305119	0.120291100808387	0.141247930224745	0.0292547015222419	55.9417082901988	40.7532714892304	15.1884368009684	OU	Cercopithecidae	OWM	Cercopithecidae	OWM	family
Leontocebus_fuscicolis	Ateles_geoffroyi	0.958	1.067	46.5475501493	0.0652694610778443	0.38338174803714	0.12347539496384	0.170609053019819	0.0290456209838299	55.9417082901988	40.7532714892304	15.1884368009684	OU	Callitrichidae	PLA	Atelidae	PLA	superfamily
Rhinopithecus_roxellana	Gorilla_beringei	1.543	1.67	62.1515760314	0.0760479041916168	0.511901910750499	0.124494703423522	0.19472169601707	0.0289277624711832	55.9417082901988	40.7532714892304	15.1884368009684	OU	Cercopithecidae	OWM	Hominidae	APE	order
Leontocebus_fuscicolis	Avahi_laniger	0.958	0.78	121.4130573023	0.106586826347305	0.999999999866571	0.124839102975303	0.267528899854422	0.0285150563954736	55.9417082901988	40.7532714892304	15.1884368009684	OU	Callitrichidae	PLA	Indriidae	STR	order
Hylobates_klossii	Avahi_laniger	0.958	0.78	121.4130573123	0.106586826347305	0.999999999948935	0.124839102970204	0.267528899854377	0.0285150563931203	55.9417082901988	40.7532714892304	15.1884368009684	OU	Hylobatidae	APE	Indriidae	STR	order
Trachypithecus_cristatus	Nomascus_concolor	1.148	1.022	62.1515760361	0.0754491017964071	0.51190191078921	0.123522330611459	0.193218904681969	0.0284784887516139	55.9417082901988	40.7532714892304	15.1884368009684	OU	Cercopithecidae	OWM	Hylobatidae	APE	order
Colobus_polykomos	Hylobates_muelleri	1.193	1.067	62.1515760364	0.0754491017964073	0.511901910791681	0.123522330611164	0.19321890468193	0.0284784887514708	55.9417082901988	40.7532714892304	15.1884368009684	OU	Cercopithecidae	OWM	Hylobatidae	APE	order
Callithrix_jacchus	Cheracebus_torquatus	0.947	1.058	49.0936032056	0.0664670658682635	0.40435192301281	0.122445276919833	0.172947250903352	0.0284289394047571	55.9417082901988	40.7532714892304	15.1884368009684	OU	Callitrichidae	PLA	Pitheciidae	PLA	superfamily
Mandrillus_leucophaeus	Pygathrix_nemaeus	1.4	1.303	38.5936741528	0.0580838323353293	0.317870869947358	0.120696350843308	0.155014886660638	0.0283255231527434	55.9417082901988	40.7532714892304	15.1884368009684	OU	Cercopithecidae	OWM	Cercopithecidae	OWM	family
Macaca_fuscata	Colobus_guereza	1.37	1.467	38.5936741546	0.0580838323353293	0.317870869962183	0.120696350840515	0.15501488665977	0.0283255231512637	55.9417082901988	40.7532714892304	15.1884368009684	OU	Cercopithecidae	OWM	Cercopithecidae	OWM	family
Saimiri_sciureus	Cheirogaleus_medius	1.177	1	121.413057299	0.105988023952096	0.999999999839391	0.124143462887304	0.266083090969737	0.0282016210234776	55.9417082901988	40.7532714892304	15.1884368009684	OU	Cebidae	PLA	Cheirogaleidae	STR	order
Saimiri_sciureus	Eulemur_fulvus	1.177	1	121.4130572994	0.105988023952096	0.999999999842686	0.124143462887102	0.266083090969735	0.0282016210233845	55.9417082901988	40.7532714892304	15.1884368009684	OU	Cebidae	PLA	Lemuridae	STR	order
Saimiri_sciureus	Lemur_catta	1.177	1	121.413057301	0.105988023952096	0.999999999855864	0.12414346288629	0.266083090969728	0.0282016210230121	55.9417082901988	40.7532714892304	15.1884368009684	OU	Cebidae	PLA	Lemuridae	STR	order
Cacajao_calvus	Eulemur_rubriventer	1.198	1.021	121.413057307	0.105988023952096	0.999999999905282	0.124143462883248	0.266083090969701	0.0282016210216156	55.9417082901988	40.7532714892304	15.1884368009684	OU	Pitheciidae	PLA	Lemuridae	STR	order
Colobus_angolensis	Propithecus_verreauxi	1.279	1.102	121.413057313	0.105988023952096	0.9999999999547	0.124143462880205	0.266083090969674	0.028201621020219	55.9417082901988	40.7532714892304	15.1884368009684	OU	Cercopithecidae	OWM	Indriidae	STR	order
Alouatta_caraya	Theropithecus_gelada	1.483	1.624	78.0653383562	0.0844311377245509	0.642973170104868	0.123337812223903	0.214237643881045	0.0281323216229281	55.9417082901988	40.7532714892304	15.1884368009684	OU	Atelidae	PLA	Cercopithecidae	OWM	order
Saimiri_sciureus	Alouatta_seniculus	1.177	1.284	46.5475501474	0.0640718562874251	0.383381748021491	0.121227469900999	0.167525458762578	0.0279973347028486	55.9417082901988	40.7532714892304	15.1884368009684	OU	Cebidae	PLA	Atelidae	PLA	superfamily
Macaca_mulatta	Cercopithecus_diana	1.25	1.333	29.8369393154	0.0497005988023952	0.245747368317474	0.117481513315003	0.137958171362919	0.0279010260551912	55.9417082901988	40.7532714892304	15.1884368009684	OU	Cercopithecidae	OWM	Cercopithecidae	OWM	family
Cercopithecus_mona	Semnopithecus_vetulus	1.289	1.385	38.5936741536	0.0574850299401198	0.317870869953947	0.119461446981425	0.153436745736757	0.0277481101803066	55.9417082901988	40.7532714892304	15.1884368009684	OU	Cercopithecidae	OWM	Cercopithecidae	OWM	family
Cercopithecus_mona	Colobus_polykomos	1.289	1.193	38.5936741536	0.0574850299401197	0.317870869953947	0.119461446981425	0.153436745736757	0.0277481101803064	55.9417082901988	40.7532714892304	15.1884368009684	OU	Cercopithecidae	OWM	Cercopithecidae	OWM	family
Saimiri_oerstedii	Macaca_silenus	1.319	1.459	78.0653383484	0.0838323353293414	0.642973170040625	0.122470002930293	0.212754893651319	0.0277394771953064	55.9417082901988	40.7532714892304	15.1884368009684	OU	Cebidae	PLA	Cercopithecidae	OWM	order
Trachypithecus_pileatus	Eulemur_coronatus	1.217	1.043	121.4130573132	0.104191616766467	0.999999999956347	0.12205596917092	0.26174001843096	0.0272711156939971	55.9417082901988	40.7532714892304	15.1884368009684	OU	Cercopithecidae	OWM	Lemuridae	STR	order
Eulemur_mongoz	Hapalemur_griseus	1.012	1.119	47.7997285408	0.0640718562874251	0.393695123049312	0.119641188236296	0.167157511214839	0.02720402516792	55.9417082901988	40.7532714892304	15.1884368009684	OU	Lemuridae	STR	Lemuridae	STR	family
Alouatta_palliata	Alouatta_seniculus	1.24	1.284	11.2380789204	0.0263473053892216	0.0925607110849652	0.101572348469522	0.0951326496062227	0.027079404882274	55.9417082901988	40.7532714892304	15.1884368009684	OU	Atelidae	PLA	Atelidae	PLA	family
Ateles_paniscus	Trachypithecus_pileatus	1.079	1.217	78.0653383531	0.0826347305389222	0.642973170079336	0.120733943716538	0.209787083328187	0.0269617768020276	55.9417082901988	40.7532714892304	15.1884368009684	OU	Atelidae	PLA	Cercopithecidae	OWM	order
Cebus_olivaceus	Cacajao_calvus	1.306	1.198	49.093603201	0.0646706586826348	0.404351922974923	0.119161003499487	0.168343961424137	0.0269243553745091	55.9417082901988	40.7532714892304	15.1884368009684	OU	Cebidae	PLA	Pitheciidae	PLA	superfamily
Cercopithecus_petaurista	Cercopithecus_pogonias	1.517	1.469	12.9463432657	0.0287425149700598	0.106630568009981	0.103228030047996	0.0989297496128924	0.0266667416511058	55.9417082901988	40.7532714892304	15.1884368009684	OU	Cercopithecidae	OWM	Cercopithecidae	OWM	family
Callithrix_jacchus	Hapalemur_griseus	0.947	1.119	121.4130573081	0.102994011976048	0.999999999914342	0.120663834124908	0.258839979186959	0.0266589679185452	55.9417082901988	40.7532714892304	15.1884368009684	OU	Callitrichidae	PLA	Lemuridae	STR	order
Colobus_polykomos	Eulemur_rubriventer	1.193	1.021	121.413057314	0.102994011976048	0.999999999962936	0.120663834121999	0.258839979186934	0.0266589679172472	55.9417082901988	40.7532714892304	15.1884368009684	OU	Cercopithecidae	OWM	Lemuridae	STR	order
Macaca_fuscata	Cercopithecus_mona	1.37	1.289	29.8369393142	0.0485029940119761	0.24574736830759	0.11467044697729	0.134666017804441	0.0265789420255766	55.9417082901988	40.7532714892304	15.1884368009684	OU	Cercopithecidae	OWM	Cercopithecidae	OWM	family
Saimiri_sciureus	Semnopithecus_entellus	1.177	1.314	78.0653383467	0.0820359281437126	0.642973170026623	0.119865695865167	0.208302033473218	0.0265769264516753	55.9417082901988	40.7532714892304	15.1884368009684	OU	Cebidae	PLA	Cercopithecidae	OWM	order
Rhinopithecus_roxellana	Colobus_guereza	1.543	1.467	27.0170263234	0.045508982035928	0.222521588040789	0.113078520273793	0.128737670481154	0.0263287727939464	55.9417082901988	40.7532714892304	15.1884368009684	OU	Cercopithecidae	OWM	Cercopithecidae	OWM	family
Alouatta_seniculus	Trachypithecus_cristatus	1.284	1.148	78.0653383565	0.0814371257485031	0.642973170107339	0.11899730387098	0.206816227326992	0.0261947463668624	55.9417082901988	40.7532714892304	15.1884368009684	OU	Atelidae	PLA	Cercopithecidae	OWM	order
Cercopithecus_mona	Hapalemur_griseus	1.289	1.119	121.4130573154	0.101796407185629	0.999999999974467	0.119271325954693	0.255936258282232	0.0260533915623295	55.9417082901988	40.7532714892304	15.1884368009684	OU	Cercopithecidae	OWM	Lemuridae	STR	order
Cheracebus_torquatus	Colobus_polykomos	1.058	1.193	78.0653383533	0.0808383233532934	0.642973170080983	0.118128768784556	0.205329670030431	0.0258152393168357	55.9417082901988	40.7532714892304	15.1884368009684	OU	Pitheciidae	PLA	Cercopithecidae	OWM	order
Cacajao_calvus	Cercopithecus_diana	1.198	1.333	78.0653383537	0.0808383233532934	0.642973170084277	0.118128768784255	0.205329670030411	0.0258152393167008	55.9417082901988	40.7532714892304	15.1884368009684	OU	Pitheciidae	PLA	Cercopithecidae	OWM	order
Alouatta_palliata	Hylobates_lar	1.24	1.105	78.0653383587	0.0808383233532934	0.642973170125459	0.1181287687805	0.205329670030157	0.0258152393150154	55.9417082901988	40.7532714892304	15.1884368009684	OU	Atelidae	PLA	Hylobatidae	APE	order
Leontocebus_fuscicolis	Plecturocebus_moloch	0.958	1.063	49.0936032065	0.062874251497006	0.404351923020223	0.115874679338549	0.163734889993315	0.0254597741872479	55.9417082901988	40.7532714892304	15.1884368009684	OU	Callitrichidae	PLA	Pitheciidae	PLA	superfamily
Sapajus_apella	Semnopithecus_entellus	1.448	1.314	78.0653383487	0.0802395209580838	0.642973170043096	0.117260091625932	0.203842366730539	0.0254384080385876	55.9417082901988	40.7532714892304	15.1884368009684	OU	Cebidae	PLA	Cercopithecidae	OWM	order
Callithrix_jacchus	Avahi_laniger	0.947	0.78	121.4130573023	0.1	0.999999999866571	0.117181873391238	0.251573857454373	0.025157385748794	55.9417082901988	40.7532714892304	15.1884368009684	OU	Callitrichidae	PLA	Indriidae	STR	order
Macaca_fuscata	Colobus_angolensis	1.37	1.279	38.5936741546	0.054491017964072	0.317870869962183	0.113282628324578	0.145536929780287	0.0249486700559789	55.9417082901988	40.7532714892304	15.1884368009684	OU	Cercopithecidae	OWM	Cercopithecidae	OWM	family
Macaca_tonkeana	Cercocebus_torquatus	1.656	1.722	22.401646142	0.0395209580838324	0.184507718006263	0.107875131551506	0.11644840060837	0.0249428718164326	55.9417082901988	40.7532714892304	15.1884368009684	OU	Cercopithecidae	OWM	Cercopithecidae	OWM	family
Macaca_nigra	Allochrocebus_lhoesti	1.808	1.73	29.8369393133	0.0467065868263473	0.245747368300178	0.110451150950476	0.129723419989262	0.0246551498030215	55.9417082901988	40.7532714892304	15.1884368009684	OU	Cercopithecidae	OWM	Cercopithecidae	OWM	family
Macaca_fascicularis	Chlorocebus_pygerythrus	1.493	1.571	29.8369393145	0.0467065868263472	0.245747368310061	0.110451150948269	0.129723419988362	0.0246551498018588	55.9417082901988	40.7532714892304	15.1884368009684	OU	Cercopithecidae	OWM	Cercopithecidae	OWM	family
Saimiri_sciureus	Eulemur_mongoz	1.177	1.012	121.4130573	0.0988023952095809	0.999999999847628	0.115788450989251	0.248661099938441	0.0245683122731105	55.9417082901988	40.7532714892304	15.1884368009684	OU	Cebidae	PLA	Lemuridae	STR	order
Alouatta_seniculus	Hapalemur_griseus	1.284	1.119	121.4130573122	0.0988023952095809	0.999999999948111	0.115788450983474	0.24866109993839	0.0245683122706367	55.9417082901988	40.7532714892304	15.1884368009684	OU	Atelidae	PLA	Lemuridae	STR	order
Cercopithecus_ascanius	Propithecus_verreauxi	1.267	1.102	121.4130573127	0.0988023952095807	0.999999999952229	0.115788450983237	0.248661099938388	0.0245683122705353	55.9417082901988	40.7532714892304	15.1884368009684	OU	Cercopithecidae	OWM	Indriidae	STR	order
Cacajao_calvus	Hylobates_muelleri	1.198	1.067	78.0653383554	0.0784431137724551	0.642973170098279	0.114653217992217	0.199376032407073	0.0243239959627214	55.9417082901988	40.7532714892304	15.1884368009684	OU	Pitheciidae	PLA	Hylobatidae	APE	order
Nasalis_larvatus	Pongo_pygmaeus	2.077	2.193	62.151576035	0.0694610778443114	0.51190191078015	0.113788585373282	0.178152623300284	0.0241739149134451	55.9417082901988	40.7532714892304	15.1884368009684	OU	Cercopithecidae	OWM	Hominidae	APE	order
Plecturocebus_moloch	Colobus_polykomos	1.063	1.193	78.0653383542	0.0778443113772456	0.642973170088395	0.113783982837398	0.197885796731218	0.0239578948150535	55.9417082901988	40.7532714892304	15.1884368009684	OU	Pitheciidae	PLA	Cercopithecidae	OWM	order
Alouatta_palliata	Macaca_fuscata	1.24	1.37	78.0653383566	0.0778443113772456	0.642973170108163	0.113783982835661	0.1978857967311	0.0239578948143027	55.9417082901988	40.7532714892304	15.1884368009684	OU	Atelidae	PLA	Cercopithecidae	OWM	order
Saimiri_sciureus	Trachypithecus_francoisi	1.177	1.048	78.0653383472	0.0772455089820359	0.642973170030741	0.112914610765635	0.196394840911127	0.0235944828722802	55.9417082901988	40.7532714892304	15.1884368009684	OU	Cebidae	PLA	Cercopithecidae	OWM	order
Saimiri_sciureus	Ateles_paniscus	1.177	1.079	46.547550144	0.058682634730539	0.383381747993487	0.111099966125169	0.153618023775884	0.0235136660116136	55.9417082901988	40.7532714892304	15.1884368009684	OU	Cebidae	PLA	Atelidae	PLA	superfamily
Leontocebus_fuscicolis	Hapalemur_griseus	0.958	1.119	121.4130573081	0.0964071856287425	0.999999999914342	0.113000535645151	0.242824981992372	0.0234100731162399	55.9417082901988	40.7532714892304	15.1884368009684	OU	Callitrichidae	PLA	Lemuridae	STR	order
Hylobates_klossii	Hapalemur_griseus	0.958	1.119	121.4130573181	0.0964071856287425	0.999999999996705	0.113000535640529	0.242824981992331	0.0234100731143078	55.9417082901988	40.7532714892304	15.1884368009684	OU	Hylobatidae	APE	Lemuridae	STR	order
Cercopithecus_pogonias	Pan_paniscus	1.469	1.355	62.1515760316	0.0682634730538923	0.511901910752146	0.111839726086146	0.175131274821959	0.0233542184715365	55.9417082901988	40.7532714892304	15.1884368009684	OU	Cercopithecidae	OWM	Hominidae	APE	order
Alouatta_caraya	Pan_paniscus	1.483	1.355	78.0653383542	0.0766467065868264	0.642973170088395	0.112045102794637	0.194903170141412	0.0232337627596769	55.9417082901988	40.7532714892304	15.1884368009684	OU	Atelidae	PLA	Hominidae	APE	order
Trachypithecus_obscurus	Propithecus_verreauxi	1.262	1.102	121.4130573123	0.0958083832335329	0.999999999948935	0.11230333688161	0.241363771865365	0.0231246727547488	55.9417082901988	40.7532714892304	15.1884368009684	OU	Cercopithecidae	OWM	Indriidae	STR	order
Colobus_angolensis	Hapalemur_griseus	1.279	1.119	121.4130573158	0.0958083832335329	0.999999999977762	0.112303336880002	0.241363771865351	0.0231246727540808	55.9417082901988	40.7532714892304	15.1884368009684	OU	Cercopithecidae	OWM	Lemuridae	STR	order
Leontocebus_fuscicolis	Cheracebus_torquatus	0.958	1.058	49.0936032056	0.0598802395209581	0.40435192301281	0.110393066672674	0.156040673078867	0.0231079719105926	55.9417082901988	40.7532714892304	15.1884368009684	OU	Callitrichidae	PLA	Pitheciidae	PLA	superfamily
Eulemur_rubriventer	Hapalemur_griseus	1.021	1.119	47.7997285418	0.058682634730539	0.393695123057548	0.109644419914396	0.153279810636507	0.0228472810871815	55.9417082901988	40.7532714892304	15.1884368009684	OU	Lemuridae	STR	Lemuridae	STR	family
Colobus_guereza	Pan_paniscus	1.467	1.355	62.151576032	0.0670658682634731	0.511901910755441	0.109890190475717	0.17210732962377	0.0225483188345439	55.9417082901988	40.7532714892304	15.1884368009684	OU	Cercopithecidae	OWM	Hominidae	APE	order
Trachypithecus_pileatus	Hylobates_lar	1.217	1.105	62.1515760368	0.0670658682634731	0.511901910794975	0.1098901904715	0.172107329623214	0.0225483188327296	55.9417082901988	40.7532714892304	15.1884368009684	OU	Cercopithecidae	OWM	Hylobatidae	APE	order
Saimiri_sciureus	Pan_troglodytes	1.177	1.303	78.065338345	0.0754491017964071	0.642973170012621	0.110305683331752	0.191917704577552	0.0225204084781955	55.9417082901988	40.7532714892304	15.1884368009684	OU	Cebidae	PLA	Hominidae	APE	order
Saimiri_sciureus	Pygathrix_nemaeus	1.177	1.303	78.0653383458	0.0754491017964071	0.64297317001921	0.11030568333119	0.191917704577514	0.0225204084779603	55.9417082901988	40.7532714892304	15.1884368009684	OU	Cebidae	PLA	Cercopithecidae	OWM	order
Saimiri_oerstedii	Colobus_polykomos	1.319	1.193	78.0653383474	0.0754491017964071	0.642973170032388	0.110305683330067	0.191917704577438	0.0225204084774898	55.9417082901988	40.7532714892304	15.1884368009684	OU	Cebidae	PLA	Cercopithecidae	OWM	order
Ateles_geoffroyi	Colobus_polykomos	1.067	1.193	78.065338353	0.0754491017964073	0.642973170078512	0.110305683326136	0.191917704577171	0.022520408475843	55.9417082901988	40.7532714892304	15.1884368009684	OU	Atelidae	PLA	Cercopithecidae	OWM	order
Mandrillus_leucophaeus	Semnopithecus_entellus	1.4	1.314	38.5936741537	0.0514970059880239	0.31787086995477	0.107096915937083	0.13762249644751	0.0222956778790477	55.9417082901988	40.7532714892304	15.1884368009684	OU	Cercopithecidae	OWM	Cercopithecidae	OWM	family
Macaca_tonkeana	Allochrocebus_lhoesti	1.656	1.73	29.8369393133	0.044311377245509	0.245747368300178	0.104820572980645	0.123125432016693	0.0222010819661909	55.9417082901988	40.7532714892304	15.1884368009684	OU	Cercopithecidae	OWM	Cercopithecidae	OWM	family
Saguinus_midas	Nomascus_concolor	0.897	1.022	78.0653383551	0.0748502994011976	0.642973170095808	0.109435773887571	0.190423920212112	0.0221677794718907	55.9417082901988	40.7532714892304	15.1884368009684	OU	Callitrichidae	PLA	Hylobatidae	APE	order
Nasalis_larvatus	Pongo_abelii	2.077	2.188	62.151576035	0.0664670658682636	0.51190191078015	0.108915172684119	0.170594396807337	0.0221505502725497	55.9417082901988	40.7532714892304	15.1884368009684	OU	Cercopithecidae	OWM	Hominidae	APE	order
Saimiri_sciureus	Eulemur_rubriventer	1.177	1.021	121.413057301	0.0934131736526947	0.999999999855864	0.109513678101025	0.235510355107929	0.0219997697018757	55.9417082901988	40.7532714892304	15.1884368009684	OU	Cebidae	PLA	Lemuridae	STR	order
Hapalemur_griseus	Cheirogaleus_medius	1.119	1	71.9834962278	0.0712574850299401	0.592881011462938	0.108500645338134	0.181780799306897	0.0218479633095004	55.9417082901988	40.7532714892304	15.1884368009684	OU	Lemuridae	STR	Cheirogaleidae	STR	superfamily
Colobus_polykomos	Pan_troglodytes	1.193	1.303	62.151576032	0.0658682634730538	0.511901910755441	0.10793999018249	0.169080831089327	0.021756239811645	55.9417082901988	40.7532714892304	15.1884368009684	OU	Cercopithecidae	OWM	Hominidae	APE	order
Cercopithecus_neglectus	Gorilla_beringei	1.78	1.67	62.1515760326	0.0658682634730539	0.511901910760383	0.107939990181972	0.169080831089259	0.0217562398114263	55.9417082901988	40.7532714892304	15.1884368009684	OU	Cercopithecidae	OWM	Hominidae	APE	order
Callithrix_jacchus	Propithecus_verreauxi	0.947	1.102	121.4130573053	0.0928143712574851	0.99999999989128	0.10881605013152	0.23404488135673	0.0217227285115193	55.9417082901988	40.7532714892304	15.1884368009684	OU	Callitrichidae	PLA	Indriidae	STR	order
Cacajao_calvus	Eulemur_coronatus	1.198	1.043	121.4130573061	0.092814371257485	0.999999999897869	0.108816050131163	0.234044881356727	0.0217227285113758	55.9417082901988	40.7532714892304	15.1884368009684	OU	Pitheciidae	PLA	Lemuridae	STR	order
Trachypithecus_obscurus	Colobus_polykomos	1.262	1.193	27.0170263233	0.041317365269461	0.222521588039966	0.102724062369166	0.116969900066796	0.0217187380746365	55.9417082901988	40.7532714892304	15.1884368009684	OU	Cercopithecidae	OWM	Cercopithecidae	OWM	family
Macaca_fascicularis	Cercopithecus_nictitans	1.493	1.566	29.8369393144	0.0437125748502994	0.245747368309238	0.103412091619658	0.121474578847517	0.0216074200786511	55.9417082901988	40.7532714892304	15.1884368009684	OU	Cercopithecidae	OWM	Cercopithecidae	OWM	family
Sapajus_apella	Chlorocebus_pygerythrus	1.448	1.571	78.0653383489	0.0736526946107784	0.642973170044743	0.107695560782089	0.187434274449185	0.0214706305313455	55.9417082901988	40.7532714892304	15.1884368009684	OU	Cebidae	PLA	Cercopithecidae	OWM	order
Presbytis_comata	Hylobates_lar	0.996	1.105	62.1515760357	0.0652694610778443	0.511901910785915	0.1069646444163	0.167566637908919	0.0213653903618957	55.9417082901988	40.7532714892304	15.1884368009684	OU	Cercopithecidae	OWM	Hylobatidae	APE	order
Cercopithecus_pogonias	Semnopithecus_vetulus	1.469	1.385	38.5936741536	0.0502994011976048	0.317870869953947	0.10462078395809	0.134452804443914	0.0212756065186072	55.9417082901988	40.7532714892304	15.1884368009684	OU	Cercopithecidae	OWM	Cercopithecidae	OWM	family
Macaca_silenus	Rhinopithecus_roxellana	1.459	1.543	38.5936741544	0.0502994011976047	0.317870869960536	0.104620783957012	0.134452804443578	0.021275606518113	55.9417082901988	40.7532714892304	15.1884368009684	OU	Cercopithecidae	OWM	Cercopithecidae	OWM	family
Cercopithecus_mona	Cercopithecus_diana	1.289	1.333	13.5928258669	0.0263473053892216	0.111955222668039	0.0923997004602411	0.0893112121277939	0.0210183118262361	55.9417082901988	40.7532714892304	15.1884368009684	OU	Cercopithecidae	OWM	Cercopithecidae	OWM	family
Cercopithecus_mitis	Allenopithecus_nigroviridis	1.866	1.928	23.4097503898	0.0371257485029939	0.192810813818729	0.0991784372260808	0.108352632569272	0.0208633141820873	55.9417082901988	40.7532714892304	15.1884368009684	OU	Cercopithecidae	OWM	Cercopithecidae	OWM	family
Eulemur_mongoz	Eulemur_macaco	1.012	0.964	15.6477288181	0.0287425149700599	0.128880115233831	0.0939410586154698	0.0932717528750561	0.0208012287111247	55.9417082901988	40.7532714892304	15.1884368009684	OU	Lemuridae	STR	Lemuridae	STR	family
Saguinus_midas	Piliocolobus_badius	0.897	1.018	78.0653383531	0.0724550898203593	0.642973170079336	0.105954828919983	0.18444189423941	0.0207843105056852	55.9417082901988	40.7532714892304	15.1884368009684	OU	Callitrichidae	PLA	Cercopithecidae	OWM	order
Ateles_paniscus	Hylobates_klossii	1.079	0.958	78.0653383553	0.0724550898203593	0.642973170097455	0.105954828918499	0.184441894239309	0.0207843105050881	55.9417082901988	40.7532714892304	15.1884368009684	OU	Atelidae	PLA	Hylobatidae	APE	order
Trachypithecus_francoisi	Presbytis_comata	1.048	0.996	17.9572585532	0.0311377245508982	0.147902202199662	0.0949949206800177	0.0971322195713638	0.0204491633866787	55.9417082901988	40.7532714892304	15.1884368009684	OU	Cercopithecidae	OWM	Cercopithecidae	OWM	family
Cebuella_pygmaea	Nomascus_concolor	0.902	1.022	78.0653383547	0.0718562874251497	0.642973170092514	0.105084271046728	0.182944691844472	0.020445217579126	55.9417082901988	40.7532714892304	15.1884368009684	OU	Callitrichidae	PLA	Hylobatidae	APE	order
Callithrix_jacchus	Hylobates_muelleri	0.947	1.067	78.0653383547	0.0718562874251497	0.642973170092514	0.105084271046728	0.182944691844472	0.020445217579126	55.9417082901988	40.7532714892304	15.1884368009684	OU	Callitrichidae	PLA	Hylobatidae	APE	order
Colobus_polykomos	Eulemur_coronatus	1.193	1.043	121.4130573131	0.0898203592814372	0.999999999955524	0.1053266573272	0.226705041482298	0.0203627282777588	55.9417082901988	40.7532714892304	15.1884368009684	OU	Cercopithecidae	OWM	Lemuridae	STR	order
Aotus_trivirgatus	Cacajao_calvus	1.105	1.198	49.0936032091	0.055688622754491	0.404351923041637	0.102709991703637	0.145243866341417	0.0200034435826289	55.9417082901988	40.7532714892304	15.1884368009684	OU	Aotidae	PLA	Pitheciidae	PLA	superfamily
Macaca_silenus	Mandrillus_leucophaeus	1.459	1.4	22.401646143	0.0353293413173654	0.184507718014499	0.0964930942968259	0.104172412237477	0.0199468225361819	55.9417082901988	40.7532714892304	15.1884368009684	OU	Cercopithecidae	OWM	Cercopithecidae	OWM	family
Macaca_mulatta	Pan_paniscus	1.25	1.355	62.1515760327	0.062874251497006	0.511901910761206	0.103061657934126	0.161503699628749	0.0198366601387658	55.9417082901988	40.7532714892304	15.1884368009684	OU	Cercopithecidae	OWM	Hominidae	APE	order
Trachypithecus_cristatus	Cheirogaleus_medius	1.148	1	121.4130573121	0.0886227544910179	0.999999999947287	0.103930325456553	0.223763378112018	0.0198305269235475	55.9417082901988	40.7532714892304	15.1884368009684	OU	Cercopithecidae	OWM	Cheirogaleidae	STR	order
Trachypithecus_cristatus	Eulemur_fulvus	1.148	1	121.4130573125	0.0886227544910179	0.999999999950582	0.103930325456383	0.223763378112016	0.019830526923482	55.9417082901988	40.7532714892304	15.1884368009684	OU	Cercopithecidae	OWM	Lemuridae	STR	order
Macaca_mulatta	Propithecus_verreauxi	1.25	1.102	121.4130573137	0.0886227544910179	0.999999999960466	0.103930325455872	0.223763378112012	0.0198305269232856	55.9417082901988	40.7532714892304	15.1884368009684	OU	Cercopithecidae	OWM	Indriidae	STR	order
Trachypithecus_cristatus	Lemur_catta	1.148	1	121.4130573141	0.0886227544910179	0.99999999996376	0.103930325455702	0.22376337811201	0.0198305269232202	55.9417082901988	40.7532714892304	15.1884368009684	OU	Cercopithecidae	OWM	Lemuridae	STR	order
Cercopithecus_ascanius	Hapalemur_griseus	1.267	1.119	121.4130573155	0.0886227544910179	0.999999999975291	0.103930325455106	0.223763378112005	0.019830526922991	55.9417082901988	40.7532714892304	15.1884368009684	OU	Cercopithecidae	OWM	Lemuridae	STR	order
Theropithecus_gelada	Rhinopithecus_roxellana	1.624	1.543	38.5936741534	0.0485029940119761	0.3178708699523	0.100904681522876	0.129694224031872	0.0197896654466947	55.9417082901988	40.7532714892304	15.1884368009684	OU	Cercopithecidae	OWM	Cercopithecidae	OWM	family
Sapajus_apella	Cercopithecus_nictitans	1.448	1.566	78.0653383488	0.0706586826347306	0.642973170043919	0.103342776602128	0.179948288794142	0.0197751782204219	55.9417082901988	40.7532714892304	15.1884368009684	OU	Cebidae	PLA	Cercopithecidae	OWM	order
Cercopithecus_nictitans	Gorilla_beringei	1.566	1.67	62.1515760318	0.0622754491017963	0.511901910753794	0.102085517750663	0.159986450992521	0.0194631586178113	55.9417082901988	40.7532714892304	15.1884368009684	OU	Cercopithecidae	OWM	Hominidae	APE	order
Macaca_silenus	Pan_paniscus	1.459	1.355	62.151576033	0.0622754491017965	0.511901910763677	0.102085517749683	0.159986450992391	0.0194631586174198	55.9417082901988	40.7532714892304	15.1884368009684	OU	Cercopithecidae	OWM	Hominidae	APE	order
Mandrillus_leucophaeus	Cercopithecus_pogonias	1.4	1.469	29.8369393136	0.0413173652694612	0.245747368302649	0.09777495036973	0.114865953425315	0.0193123474219826	55.9417082901988	40.7532714892304	15.1884368009684	OU	Cercopithecidae	OWM	Cercopithecidae	OWM	family
Saguinus_midas	Eulemur_coronatus	0.897	1.043	121.4130573062	0.0874251497005987	0.999999999898693	0.10253367157099	0.220818501616354	0.0193050905624274	55.9417082901988	40.7532714892304	15.1884368009684	OU	Callitrichidae	PLA	Lemuridae	STR	order
Cacajao_calvus	Semnopithecus_entellus	1.198	1.314	78.0653383527	0.0694610778443114	0.642973170076041	0.101600784125543	0.176949256572989	0.0191160170553552	55.9417082901988	40.7532714892304	15.1884368009684	OU	Pitheciidae	PLA	Cercopithecidae	OWM	order
Cebuella_pygmaea	Piliocolobus_badius	0.902	1.018	78.0653383527	0.0694610778443114	0.642973170076041	0.101600784125543	0.176949256572989	0.0191160170553552	55.9417082901988	40.7532714892304	15.1884368009684	OU	Callitrichidae	PLA	Cercopithecidae	OWM	order
Alouatta_seniculus	Mandrillus_leucophaeus	1.284	1.4	78.0653383564	0.0694610778443113	0.642973170106515	0.101600784123148	0.176949256572826	0.0191160170544315	55.9417082901988	40.7532714892304	15.1884368009684	OU	Atelidae	PLA	Cercopithecidae	OWM	order
Sapajus_apella	Cercopithecus_diana	1.448	1.333	78.0653383497	0.0688622754491018	0.642973170051332	0.100729603725079	0.175448767742284	0.0187905218043703	55.9417082901988	40.7532714892304	15.1884368009684	OU	Cebidae	PLA	Cercopithecidae	OWM	order
Alouatta_palliata	Pan_paniscus	1.24	1.355	78.065338354	0.0688622754491018	0.642973170086748	0.10072960372232	0.175448767742096	0.0187905218033152	55.9417082901988	40.7532714892304	15.1884368009684	OU	Atelidae	PLA	Hominidae	APE	order
Leontocebus_fuscicolis	Propithecus_verreauxi	0.958	1.102	121.4130573053	0.0862275449101797	0.99999999989128	0.101136699945141	0.217870451977082	0.0187864341844975	55.9417082901988	40.7532714892304	15.1884368009684	OU	Callitrichidae	PLA	Indriidae	STR	order
Hylobates_klossii	Propithecus_verreauxi	0.958	1.102	121.4130573153	0.0862275449101797	0.999999999973644	0.101136699940999	0.217870451977045	0.018786434182947	55.9417082901988	40.7532714892304	15.1884368009684	OU	Hylobatidae	APE	Indriidae	STR	order
Papio_cynocephalus	Gorilla_beringei	1.772	1.67	62.1515760319	0.0610778443113773	0.511901910754617	0.100132775329778	0.156950175188425	0.0187265922697389	55.9417082901988	40.7532714892304	15.1884368009684	OU	Cercopithecidae	OWM	Hominidae	APE	order
Trachypithecus_obscurus	Hapalemur_griseus	1.262	1.119	121.4130573151	0.0856287425149701	0.999999999971997	0.10043809631413	0.216395249760317	0.0185296531237077	55.9417082901988	40.7532714892304	15.1884368009684	OU	Cercopithecidae	OWM	Lemuridae	STR	order
Ateles_paniscus	Colobus_polykomos	1.079	1.193	78.065338353	0.0682634730538923	0.642973170078512	0.0998583019281107	0.173947637495212	0.0184677532710933	55.9417082901988	40.7532714892304	15.1884368009684	OU	Atelidae	PLA	Cercopithecidae	OWM	order
Mandrillus_leucophaeus	Cercopithecus_diana	1.4	1.333	29.8369393147	0.0401197604790419	0.245747368311709	0.0949545118081636	0.111558612237212	0.0182126255637222	55.9417082901988	40.7532714892304	15.1884368009684	OU	Cercopithecidae	OWM	Cercopithecidae	OWM	family
Eulemur_rubriventer	Eulemur_macaco	1.021	0.964	22.8374257191	0.0341317365269461	0.188096949566068	0.0923475014447696	0.100217489392425	0.0181852866366278	55.9417082901988	40.7532714892304	15.1884368009684	OU	Lemuridae	STR	Lemuridae	STR	family
Cebus_olivaceus	Colobus_polykomos	1.306	1.193	78.065338348	0.0676646706586826	0.64297317003733	0.0989868797828408	0.172445871139317	0.0181477138096043	55.9417082901988	40.7532714892304	15.1884368009684	OU	Cebidae	PLA	Cercopithecidae	OWM	order
Saguinus_oedipus	Trachypithecus_cristatus	1.035	1.148	78.0653383523	0.0676646706586826	0.642973170072746	0.0989868797801286	0.172445871139132	0.0181477138085852	55.9417082901988	40.7532714892304	15.1884368009684	OU	Callitrichidae	PLA	Cercopithecidae	OWM	order
Alouatta_caraya	Macaca_fuscata	1.483	1.37	78.0653383568	0.0676646706586826	0.64297317010981	0.0989868797772902	0.172445871138939	0.0181477138075188	55.9417082901988	40.7532714892304	15.1884368009684	OU	Atelidae	PLA	Cercopithecidae	OWM	order
Papio_cynocephalus	Cercocebus_torquatus	1.772	1.722	18.5708053179	0.0299401197604791	0.15295558589867	0.0898422793904819	0.092572888449798	0.018120576312895	55.9417082901988	40.7532714892304	15.1884368009684	OU	Cercopithecidae	OWM	Cercopithecidae	OWM	family
Cebuella_pygmaea	Eulemur_coronatus	0.902	1.043	121.4130573058	0.0844311377245508	0.999999999895398	0.0990406561137456	0.213442515670296	0.0180211944387184	55.9417082901988	40.7532714892304	15.1884368009684	OU	Callitrichidae	PLA	Lemuridae	STR	order
Aotus_trivirgatus	Eulemur_macaco	1.105	0.964	121.4130573092	0.0844311377245509	0.999999999923402	0.0990406561123661	0.213442515670283	0.0180211944382127	55.9417082901988	40.7532714892304	15.1884368009684	OU	Aotidae	PLA	Lemuridae	STR	order
Hylobates_lar	Eulemur_macaco	1.105	0.964	121.4130573158	0.0844311377245509	0.999999999977762	0.0990406561096881	0.21344251567026	0.0180211944372311	55.9417082901988	40.7532714892304	15.1884368009684	OU	Hylobatidae	APE	Lemuridae	STR	order
Eulemur_fulvus	Eulemur_coronatus	1	1.043	14.8274950171	0.0257485029940119	0.12212438550331	0.0864825497467454	0.084956833699995	0.0179121579844248	55.9417082901988	40.7532714892304	15.1884368009684	OU	Lemuridae	STR	Lemuridae	STR	family
Saimiri_sciureus	Cercopithecus_mona	1.177	1.289	78.0653383466	0.067065868263473	0.642973170025799	0.098115338321019	0.170943473987971	0.0178304057485286	55.9417082901988	40.7532714892304	15.1884368009684	OU	Cebidae	PLA	Cercopithecidae	OWM	order
Aotus_trivirgatus	Trachypithecus_pileatus	1.105	1.217	78.0653383562	0.0670658682634731	0.642973170104868	0.0981153383150169	0.170943473987562	0.0178304057462934	55.9417082901988	40.7532714892304	15.1884368009684	OU	Aotidae	PLA	Cercopithecidae	OWM	order
Papio_hamadryas	Erythrocebus_patas	1.842	1.908	29.8369393139	0.0395209580838322	0.24574736830512	0.0935438409553418	0.109904209364625	0.0176747351619373	55.9417082901988	40.7532714892304	15.1884368009684	OU	Cercopithecidae	OWM	Cercopithecidae	OWM	family
Chlorocebus_pygerythrus	Gorilla_beringei	1.571	1.67	62.1515760319	0.0592814371257485	0.511901910754617	0.0972025285007345	0.152391397576212	0.0176478752357102	55.9417082901988	40.7532714892304	15.1884368009684	OU	Cercopithecidae	OWM	Hominidae	APE	order
Trachypithecus_pileatus	Colobus_angolensis	1.217	1.279	27.0170263241	0.0371257485029939	0.222521588046555	0.0923520813285608	0.105176258882697	0.0175477236615255	55.9417082901988	40.7532714892304	15.1884368009684	OU	Cercopithecidae	OWM	Cercopithecidae	OWM	family
Alouatta_palliata	Propithecus_verreauxi	1.24	1.102	121.413057309	0.0826347305389221	0.999999999921755	0.0969439214683532	0.20900766605736	0.0172712921665704	55.9417082901988	40.7532714892304	15.1884368009684	OU	Atelidae	PLA	Indriidae	STR	order
Saimiri_sciureus	Hylobates_muelleri	1.177	1.067	78.0653383494	0.0658682634730539	0.642973170048861	0.0963719016106127	0.167936808589266	0.0172039930595253	55.9417082901988	40.7532714892304	15.1884368009684	OU	Cebidae	PLA	Hylobatidae	APE	order
Alouatta_seniculus	Cacajao_calvus	1.284	1.198	49.0936032094	0.051497005988024	0.404351923044108	0.0950172745871342	0.134419794520433	0.0171192878500855	55.9417082901988	40.7532714892304	15.1884368009684	OU	Atelidae	PLA	Pitheciidae	PLA	superfamily
Mandrillus_leucophaeus	Pan_troglodytes	1.4	1.303	62.151576032	0.0580838323353293	0.511901910755441	0.0952482922244942	0.149349367488159	0.0169461833181437	55.9417082901988	40.7532714892304	15.1884368009684	OU	Cercopithecidae	OWM	Hominidae	APE	order
Cercopithecus_petaurista	Cercopithecus_cephus	1.517	1.49	7.762733782	0.0161676646706586	0.063936564595653	0.0750863247702941	0.0670052702150333	0.0169436494884366	55.9417082901988	40.7532714892304	15.1884368009684	OU	Cercopithecidae	OWM	Cercopithecidae	OWM	family
Leontocebus_fuscicolis	Hylobates_muelleri	0.958	1.067	78.0653383547	0.0652694610778443	0.642973170092514	0.0955000084422152	0.166432551004023	0.0168948929988485	55.9417082901988	40.7532714892304	15.1884368009684	OU	Callitrichidae	PLA	Hylobatidae	APE	order
Aotus_trivirgatus	Presbytis_comata	1.105	0.996	78.0653383551	0.0652694610778443	0.642973170095808	0.0955000084419718	0.166432551004006	0.0168948929987602	55.9417082901988	40.7532714892304	15.1884368009684	OU	Aotidae	PLA	Cercopithecidae	OWM	order
Ateles_geoffroyi	Hylobates_klossii	1.067	0.958	78.0653383553	0.0652694610778443	0.642973170097455	0.09550000844185	0.166432551003998	0.0168948929987161	55.9417082901988	40.7532714892304	15.1884368009684	OU	Atelidae	PLA	Hylobatidae	APE	order
Trachypithecus_cristatus	Eulemur_mongoz	1.148	1.012	121.4130573131	0.0814371257485029	0.999999999955524	0.0955457217346107	0.206047326372419	0.0167799020286798	55.9417082901988	40.7532714892304	15.1884368009684	OU	Cercopithecidae	OWM	Lemuridae	STR	order
Macaca_fascicularis	Macaca_silenus	1.493	1.459	10.9824679336	0.0203592814371258	0.0904554104488939	0.0794796194395473	0.0741722813853798	0.0166943507753117	55.9417082901988	40.7532714892304	15.1884368009684	OU	Cercopithecidae	OWM	Cercopithecidae	OWM	family
Propithecus_verreauxi	Cheirogaleus_medius	1.102	1	69.529333389	0.0610778443113773	0.572667676151218	0.0946977489725454	0.15632546824707	0.0166728855305192	55.9417082901988	40.7532714892304	15.1884368009684	OU	Indriidae	STR	Cheirogaleidae	STR	superfamily
Cercopithecus_pogonias	Rhinopithecus_roxellana	1.469	1.543	38.593674153	0.0443113772455089	0.317870869949005	0.0922253065550853	0.118572883568633	0.0165291263579466	55.9417082901988	40.7532714892304	15.1884368009684	OU	Cercopithecidae	OWM	Cercopithecidae	OWM	family
Cercopithecus_ascanius	Colobus_polykomos	1.267	1.193	38.5936741537	0.0443113772455089	0.31787086995477	0.0922253065542526	0.118572883568374	0.0165291263576106	55.9417082901988	40.7532714892304	15.1884368009684	OU	Cercopithecidae	OWM	Cercopithecidae	OWM	family
Macaca_silenus	Semnopithecus_vetulus	1.459	1.385	38.593674155	0.044311377245509	0.317870869965478	0.0922253065527066	0.118572883567892	0.0165291263569868	55.9417082901988	40.7532714892304	15.1884368009684	OU	Cercopithecidae	OWM	Cercopithecidae	OWM	family
Saimiri_sciureus	Eulemur_coronatus	1.177	1.043	121.4130573001	0.0802395209580839	0.999999999848451	0.0941472257069715	0.20308401547158	0.0162953641181533	55.9417082901988	40.7532714892304	15.1884368009684	OU	Cebidae	PLA	Lemuridae	STR	order
Hylobates_muelleri	Nomascus_concolor	1.067	1.022	17.2483776484	0.0269461077844311	0.142063613497128	0.0839232319710445	0.0850490472631304	0.0161317929207947	55.9417082901988	40.7532714892304	15.1884368009684	OU	Hylobatidae	APE	Hylobatidae	APE	family
Eulemur_fulvus	Propithecus_verreauxi	1	1.102	71.9834962254	0.0610778443113773	0.592881011443171	0.0930769366996407	0.156174258503445	0.016088872576808	55.9417082901988	40.7532714892304	15.1884368009684	OU	Lemuridae	STR	Indriidae	STR	superfamily
Lemur_catta	Propithecus_verreauxi	1	1.102	71.983496227	0.0610778443113773	0.592881011456349	0.093076936698611	0.156174258503354	0.016088872576441	55.9417082901988	40.7532714892304	15.1884368009684	OU	Lemuridae	STR	Indriidae	STR	superfamily
Cercopithecus_petaurista	Chlorocebus_pygerythrus	1.517	1.571	23.4097503936	0.0323353293413174	0.192810813850027	0.0864351181230734	0.0944419797743068	0.0158383882038046	55.9417082901988	40.7532714892304	15.1884368009684	OU	Cercopithecidae	OWM	Cercopithecidae	OWM	family
Cacajao_calvus	Pan_troglodytes	1.198	1.303	78.065338351	0.062874251497006	0.642973170062039	0.0920112946737264	0.160409479465621	0.0156859203836641	55.9417082901988	40.7532714892304	15.1884368009684	OU	Pitheciidae	PLA	Hominidae	APE	order
Cacajao_calvus	Pygathrix_nemaeus	1.198	1.303	78.0653383518	0.062874251497006	0.642973170068628	0.092011294673257	0.160409479465589	0.0156859203835002	55.9417082901988	40.7532714892304	15.1884368009684	OU	Pitheciidae	PLA	Cercopithecidae	OWM	order
Plecturocebus_moloch	Hylobates_klossii	1.063	0.958	78.0653383565	0.062874251497006	0.642973170107339	0.0920112946704995	0.160409479465401	0.0156859203825374	55.9417082901988	40.7532714892304	15.1884368009684	OU	Pitheciidae	PLA	Hylobatidae	APE	order
Cercopithecus_mona	Trachypithecus_pileatus	1.289	1.217	38.5936741537	0.0431137724550897	0.31787086995477	0.089743415084633	0.11539095936014	0.0156508193592431	55.9417082901988	40.7532714892304	15.1884368009684	OU	Cercopithecidae	OWM	Cercopithecidae	OWM	family
Papio_hamadryas	Cercopithecus_neglectus	1.842	1.78	29.8369393145	0.037125748502994	0.245747368310061	0.0878982499556145	0.103281882015982	0.01560308540844	55.9417082901988	40.7532714892304	15.1884368009684	OU	Cercopithecidae	OWM	Cercopithecidae	OWM	family
Trachypithecus_obscurus	Pan_paniscus	1.262	1.355	62.1515760313	0.055688622754491	0.511901910749675	0.0913381002914015	0.143258678187513	0.0155847796586809	55.9417082901988	40.7532714892304	15.1884368009684	OU	Cercopithecidae	OWM	Hominidae	APE	order
Macaca_mulatta	Hapalemur_griseus	1.25	1.119	121.4130573165	0.0784431137724551	0.999999999983527	0.0920489354863009	0.198633567326211	0.0155814355210552	55.9417082901988	40.7532714892304	15.1884368009684	OU	Cercopithecidae	OWM	Lemuridae	STR	order
Saimiri_oerstedii	Alouatta_palliata	1.319	1.24	46.5475501474	0.0473053892215569	0.383381748021491	0.0896620175941306	0.124105377434725	0.0153133351139836	55.9417082901988	40.7532714892304	15.1884368009684	OU	Cebidae	PLA	Atelidae	PLA	superfamily
Cercopithecus_diana	Trachypithecus_obscurus	1.333	1.262	38.593674154	0.0425149700598802	0.317870869957241	0.0885021393362556	0.113799295772205	0.0152205631590009	55.9417082901988	40.7532714892304	15.1884368009684	OU	Cercopithecidae	OWM	Cercopithecidae	OWM	family
Saimiri_sciureus	Colobus_angolensis	1.177	1.279	78.065338347	0.0610778443113772	0.642973170029094	0.0893935903657791	0.155885982664209	0.0148080514449145	55.9417082901988	40.7532714892304	15.1884368009684	OU	Cebidae	PLA	Cercopithecidae	OWM	order
Saimiri_oerstedii	Trachypithecus_pileatus	1.319	1.217	78.0653383475	0.0610778443113772	0.642973170033212	0.089393590365494	0.15588598266419	0.0148080514448178	55.9417082901988	40.7532714892304	15.1884368009684	OU	Cebidae	PLA	Cercopithecidae	OWM	order
Cebuella_pygmaea	Leontocebus_fuscicolis	0.902	0.958	26.3249190824	0.0335329341317365	0.216821153044046	0.0845349947811218	0.0955335599105651	0.0147749448191547	55.9417082901988	40.7532714892304	15.1884368009684	OU	Callitrichidae	PLA	Callitrichidae	PLA	family
Trachypithecus_cristatus	Eulemur_rubriventer	1.148	1.021	121.4130573141	0.0760479041916168	0.99999999996376	0.0892502182676842	0.192689618860612	0.014653641674362	55.9417082901988	40.7532714892304	15.1884368009684	OU	Cercopithecidae	OWM	Lemuridae	STR	order
Trachypithecus_francoisi	Hylobates_klossii	1.048	0.958	62.1515760365	0.0538922155688623	0.511901910792504	0.0884039981009846	0.138685035353633	0.0146005390170986	55.9417082901988	40.7532714892304	15.1884368009684	OU	Cercopithecidae	OWM	Hylobatidae	APE	order
Callithrix_jacchus	Trachypithecus_francoisi	0.947	1.048	78.0653383525	0.0604790419161677	0.642973170074394	0.0885208051595565	0.154376999420029	0.0145209371920384	55.9417082901988	40.7532714892304	15.1884368009684	OU	Callitrichidae	PLA	Cercopithecidae	OWM	order
Alouatta_seniculus	Semnopithecus_vetulus	1.284	1.385	78.0653383564	0.0604790419161676	0.642973170106516	0.0885208051573543	0.154376999419878	0.0145209371912988	55.9417082901988	40.7532714892304	15.1884368009684	OU	Atelidae	PLA	Cercopithecidae	OWM	order
Aotus_trivirgatus	Saimiri_sciureus	1.105	1.177	41.3912937991	0.0431137724550899	0.340913034505994	0.0866698824200867	0.114474512643249	0.0144770882614098	55.9417082901988	40.7532714892304	15.1884368009684	OU	Aotidae	PLA	Cebidae	PLA	superfamily
Cheracebus_torquatus	Hylobates_klossii	1.058	0.958	78.0653383556	0.0598802395209581	0.642973170099926	0.0876479131449971	0.152867449670958	0.0142365808200556	55.9417082901988	40.7532714892304	15.1884368009684	OU	Pitheciidae	PLA	Hylobatidae	APE	order
Aotus_trivirgatus	Saguinus_oedipus	1.105	1.035	40.5102348757	0.0419161676646707	0.333656327996341	0.0851795169160092	0.111577825046327	0.0140171620612944	55.9417082901988	40.7532714892304	15.1884368009684	OU	Aotidae	PLA	Callitrichidae	PLA	superfamily
Saguinus_midas	Eulemur_rubriventer	0.897	1.021	121.4130573071	0.074251497005988	0.999999999906106	0.0871504514851388	0.188224324350645	0.0139759378572883	55.9417082901988	40.7532714892304	15.1884368009684	OU	Callitrichidae	PLA	Lemuridae	STR	order
Cercopithecus_ascanius	Pan_paniscus	1.267	1.355	62.1515760317	0.0526946107784432	0.51190191075297	0.0864472576181446	0.135633344554487	0.0139619449541891	55.9417082901988	40.7532714892304	15.1884368009684	OU	Cercopithecidae	OWM	Hominidae	APE	order
Colobus_polykomos	Hylobates_lar	1.193	1.105	62.1515760367	0.0526946107784432	0.511901910794152	0.086447257614681	0.135633344554027	0.0139619449530185	55.9417082901988	40.7532714892304	15.1884368009684	OU	Cercopithecidae	OWM	Hylobatidae	APE	order
Saguinus_midas	Presbytis_comata	0.897	0.996	78.0653383521	0.0592814371257485	0.642973170071099	0.0867749153690309	0.151357338816583	0.0139549844102884	55.9417082901988	40.7532714892304	15.1884368009684	OU	Callitrichidae	PLA	Cercopithecidae	OWM	order
Eulemur_coronatus	Hapalemur_griseus	1.043	1.119	47.7997285409	0.0455089820359282	0.393695123050135	0.0851375616709877	0.119164316558701	0.0137747369070228	55.9417082901988	40.7532714892304	15.1884368009684	OU	Lemuridae	STR	Lemuridae	STR	family
Macaca_nemestrina	Papio_cynocephalus	1.723	1.772	22.4016461424	0.0293413173652694	0.184507718009557	0.0801991589733083	0.0865926524839893	0.0137703860057584	55.9417082901988	40.7532714892304	15.1884368009684	OU	Cercopithecidae	OWM	Cercopithecidae	OWM	family
Presbytis_comata	Hapalemur_griseus	0.996	1.119	121.4130573148	0.0736526946107784	0.999999999969526	0.0864503932599395	0.186734523601341	0.0137535008405179	55.9417082901988	40.7532714892304	15.1884368009684	OU	Cercopithecidae	OWM	Lemuridae	STR	order
Alouatta_caraya	Semnopithecus_vetulus	1.483	1.385	78.0653383562	0.058682634730539	0.642973170104868	0.0859018128687937	0.149846672261974	0.0136761500211619	55.9417082901988	40.7532714892304	15.1884368009684	OU	Atelidae	PLA	Cercopithecidae	OWM	order
Macaca_nigra	Cercopithecus_mitis	1.808	1.866	29.8369393138	0.0347305389221557	0.245747368304296	0.0822482188906914	0.0966523516048396	0.0136595084720225	55.9417082901988	40.7532714892304	15.1884368009684	OU	Cercopithecidae	OWM	Cercopithecidae	OWM	family
Theropithecus_gelada	Cercopithecus_nictitans	1.624	1.566	29.8369393138	0.0347305389221557	0.245747368304296	0.0822482188906914	0.0966523516048396	0.0136595084720225	55.9417082901988	40.7532714892304	15.1884368009684	OU	Cercopithecidae	OWM	Cercopithecidae	OWM	family
Cercocebus_torquatus	Cercopithecus_neglectus	1.722	1.78	29.8369393146	0.0347305389221557	0.245747368310885	0.0822482188895927	0.0966523516043911	0.0136595084715929	55.9417082901988	40.7532714892304	15.1884368009684	OU	Cercopithecidae	OWM	Cercopithecidae	OWM	family
Macaca_silenus	Cercopithecus_petaurista	1.459	1.517	29.8369393147	0.0347305389221556	0.245747368311709	0.082248218889455	0.0966523516043348	0.0136595084715391	55.9417082901988	40.7532714892304	15.1884368009684	OU	Cercopithecidae	OWM	Cercopithecidae	OWM	family
Piliocolobus_badius	Hylobates_lar	1.018	1.105	62.1515760367	0.0520958083832335	0.511901910794152	0.0854686900750082	0.134106737205414	0.013647924997028	55.9417082901988	40.7532714892304	15.1884368009684	OU	Cercopithecidae	OWM	Hylobatidae	APE	order
Cercopithecus_neglectus	Allochrocebus_lhoesti	1.78	1.73	23.4097503939	0.0299401197604791	0.192810813852498	0.0800549067054058	0.087475498709505	0.0135834025858829	55.9417082901988	40.7532714892304	15.1884368009684	OU	Cercopithecidae	OWM	Cercopithecidae	OWM	family
Macaca_fuscata	Pygathrix_nemaeus	1.37	1.303	38.5936741534	0.040119760479042	0.3178708699523	0.0835349063666016	0.107428112686561	0.0135589340109936	55.9417082901988	40.7532714892304	15.1884368009684	OU	Cercopithecidae	OWM	Cercopithecidae	OWM	family
Mandrillus_leucophaeus	Colobus_guereza	1.4	1.467	38.593674154	0.040119760479042	0.317870869957241	0.0835349063659547	0.107428112686359	0.0135589340107573	55.9417082901988	40.7532714892304	15.1884368009684	OU	Cercopithecidae	OWM	Cercopithecidae	OWM	family
Cebuella_pygmaea	Avahi_laniger	0.902	0.78	121.4130573027	0.0730538922155688	0.999999999869866	0.0857502679593665	0.185244046865441	0.0135327986350448	55.9417082901988	40.7532714892304	15.1884368009684	OU	Callitrichidae	PLA	Indriidae	STR	order
Trachypithecus_pileatus	Pan_troglodytes	1.217	1.303	62.1515760321	0.0514970059880239	0.511901910756264	0.0844899929696521	0.132579629337727	0.0133374262186447	55.9417082901988	40.7532714892304	15.1884368009684	OU	Cercopithecidae	OWM	Hominidae	APE	order
Alouatta_palliata	Hapalemur_griseus	1.24	1.119	121.4130573118	0.0724550898203593	0.999999999944817	0.08505007610798	0.183752899335649	0.0133138328268506	55.9417082901988	40.7532714892304	15.1884368009684	OU	Atelidae	PLA	Lemuridae	STR	order
Macaca_nemestrina	Cercopithecus_neglectus	1.723	1.78	29.8369393151	0.0341317365269461	0.245747368315003	0.0808350505463866	0.094993897118306	0.0131936577402278	55.9417082901988	40.7532714892304	15.1884368009684	OU	Cercopithecidae	OWM	Cercopithecidae	OWM	family
Trachypithecus_obscurus	Pygathrix_nemaeus	1.262	1.303	17.7111143201	0.0245508982035928	0.145874873026538	0.075484623283242	0.0769470832942916	0.0129502769724972	55.9417082901988	40.7532714892304	15.1884368009684	OU	Cercopithecidae	OWM	Cercopithecidae	OWM	family
Cebuella_pygmaea	Eulemur_rubriventer	0.902	1.021	121.4130573067	0.07125748502994	0.999999999902811	0.0836494949402322	0.180768612702372	0.0128811167147742	55.9417082901988	40.7532714892304	15.1884368009684	OU	Callitrichidae	PLA	Lemuridae	STR	order
Sapajus_apella	Rhinopithecus_roxellana	1.448	1.543	78.0653383484	0.0568862275449102	0.642973170040625	0.0832818875145706	0.145311392546757	0.0128562393058489	55.9417082901988	40.7532714892304	15.1884368009684	OU	Cebidae	PLA	Cercopithecidae	OWM	order
Cebus_olivaceus	Mandrillus_leucophaeus	1.306	1.4	78.065338348	0.0562874251497005	0.64297317003733	0.082408376594301	0.143798557370147	0.0125884732237538	55.9417082901988	40.7532714892304	15.1884368009684	OU	Cebidae	PLA	Cercopithecidae	OWM	order
Cebuella_pygmaea	Presbytis_comata	0.902	0.996	78.0653383517	0.0562874251497006	0.642973170067805	0.0824083765923552	0.143798557370014	0.0125884732231456	55.9417082901988	40.7532714892304	15.1884368009684	OU	Callitrichidae	PLA	Cercopithecidae	OWM	order
Eulemur_fulvus	Eulemur_macaco	1	0.964	14.8274950171	0.0215568862275449	0.12212438550331	0.0724465186362431	0.0711669597783936	0.0125620943661699	55.9417082901988	40.7532714892304	15.1884368009684	OU	Lemuridae	STR	Lemuridae	STR	family
Eulemur_mongoz	Propithecus_verreauxi	1.012	1.102	71.983496226	0.0538922155688623	0.592881011448113	0.0821680899316549	0.137997439692813	0.0125438116996045	55.9417082901988	40.7532714892304	15.1884368009684	OU	Lemuridae	STR	Indriidae	STR	superfamily
Saguinus_midas	Avahi_laniger	0.897	0.78	121.4130573031	0.070059880239521	0.99999999987316	0.0822486540708036	0.177781705388907	0.0124553649899044	55.9417082901988	40.7532714892304	15.1884368009684	OU	Callitrichidae	PLA	Indriidae	STR	order
Macaca_mulatta	Semnopithecus_entellus	1.25	1.314	38.5936741544	0.0383233532934132	0.317870869960536	0.0798073294012812	0.102645147970531	0.0123751706786397	55.9417082901988	40.7532714892304	15.1884368009684	OU	Cercopithecidae	OWM	Cercopithecidae	OWM	family
Sapajus_apella	Pan_paniscus	1.448	1.355	78.065338347	0.055688622754491	0.642973170029094	0.0815347661850207	0.142285193612296	0.0123234791745141	55.9417082901988	40.7532714892304	15.1884368009684	OU	Cebidae	PLA	Hominidae	APE	order
Cacajao_calvus	Hylobates_lar	1.198	1.105	78.0653383557	0.055688622754491	0.64297317010075	0.0815347661804933	0.142285193611985	0.0123234791731138	55.9417082901988	40.7532714892304	15.1884368009684	OU	Pitheciidae	PLA	Hylobatidae	APE	order
Alouatta_palliata	Cercopithecus_diana	1.24	1.333	78.0653383567	0.055688622754491	0.642973170108986	0.0815347661799728	0.14228519361195	0.0123234791729529	55.9417082901988	40.7532714892304	15.1884368009684	OU	Atelidae	PLA	Cercopithecidae	OWM	order
Semnopithecus_vetulus	Pan_troglodytes	1.385	1.303	62.151576032	0.0491017964071857	0.511901910755441	0.0805739383051151	0.126466304589483	0.0121306887312804	55.9417082901988	40.7532714892304	15.1884368009684	OU	Cercopithecidae	OWM	Hominidae	APE	order
Alouatta_palliata	Trachypithecus_cristatus	1.24	1.148	78.0653383561	0.0550898203592815	0.642973170104045	0.0806610573284563	0.140771306714281	0.0120612590994678	55.9417082901988	40.7532714892304	15.1884368009684	OU	Atelidae	PLA	Cercopithecidae	OWM	order
Saguinus_midas	Eulemur_mongoz	0.897	1.012	121.4130573061	0.0688622754491018	0.999999999897869	0.0808475578158046	0.174792219196611	0.0120365899459061	55.9417082901988	40.7532714892304	15.1884368009684	OU	Callitrichidae	PLA	Lemuridae	STR	order
Ateles_paniscus	Eulemur_macaco	1.079	0.964	121.4130573061	0.0688622754491018	0.999999999897869	0.0808475578158046	0.174792219196611	0.0120365899459061	55.9417082901988	40.7532714892304	15.1884368009684	OU	Atelidae	PLA	Lemuridae	STR	order
Trachypithecus_pileatus	Propithecus_verreauxi	1.217	1.102	121.4130573131	0.0688622754491018	0.999999999955524	0.080847557813482	0.174792219196591	0.0120365899452107	55.9417082901988	40.7532714892304	15.1884368009684	OU	Cercopithecidae	OWM	Indriidae	STR	order
Papio_ursinus	Nasalis_larvatus	2.014	2.077	38.5936741526	0.0377245508982037	0.31787086994571	0.0785644098623985	0.101049988437614	0.0119924969303691	55.9417082901988	40.7532714892304	15.1884368009684	OU	Cercopithecidae	OWM	Cercopithecidae	OWM	family
Trachypithecus_cristatus	Hylobates_muelleri	1.148	1.067	62.1515760365	0.048502994011976	0.511901910792504	0.0795946154478284	0.124936778110695	0.0118378300077002	55.9417082901988	40.7532714892304	15.1884368009684	OU	Cercopithecidae	OWM	Hylobatidae	APE	order
Cacajao_calvus	Cercopithecus_mona	1.198	1.289	78.0653383526	0.0544910179640718	0.642973170075217	0.0797872510839395	0.139256902124133	0.0118018149254649	55.9417082901988	40.7532714892304	15.1884368009684	OU	Pitheciidae	PLA	Cercopithecidae	OWM	order
Alouatta_seniculus	Colobus_polykomos	1.284	1.193	78.0653383564	0.0544910179640718	0.642973170106515	0.079787251082004	0.139256902124001	0.0118018149248791	55.9417082901988	40.7532714892304	15.1884368009684	OU	Atelidae	PLA	Cercopithecidae	OWM	order
Callithrix_jacchus	Saguinus_midas	0.947	0.897	26.3249190828	0.029940119760479	0.21682115304734	0.0755063861688401	0.0853392917948143	0.0117842220682838	55.9417082901988	40.7532714892304	15.1884368009684	OU	Callitrichidae	PLA	Callitrichidae	PLA	family
Saimiri_sciureus	Cercopithecus_ascanius	1.177	1.267	78.0653383467	0.0538922155688622	0.642973170026623	0.0789133484940774	0.137741985294424	0.0115451485542745	55.9417082901988	40.7532714892304	15.1884368009684	OU	Cebidae	PLA	Cercopithecidae	OWM	order
Leontocebus_fuscicolis	Trachypithecus_francoisi	0.958	1.048	78.0653383525	0.0538922155688623	0.642973170074394	0.0789133484911558	0.137741985294225	0.0115451485534	55.9417082901988	40.7532714892304	15.1884368009684	OU	Callitrichidae	PLA	Cercopithecidae	OWM	order
Cheracebus_torquatus	Trachypithecus_cristatus	1.058	1.148	78.0653383534	0.0538922155688622	0.642973170081806	0.0789133484907021	0.137741985294193	0.0115451485532643	55.9417082901988	40.7532714892304	15.1884368009684	OU	Pitheciidae	PLA	Cercopithecidae	OWM	order
Theropithecus_gelada	Chlorocebus_pygerythrus	1.624	1.571	29.8369393139	0.0317365269461079	0.245747368305119	0.07517986785616	0.0883560065755686	0.0114105506108795	55.9417082901988	40.7532714892304	15.1884368009684	OU	Cercopithecidae	OWM	Cercopithecidae	OWM	family
Cebus_olivaceus	Trachypithecus_pileatus	1.306	1.217	78.0653383481	0.0532934131736527	0.642973170038154	0.0780393506023018	0.136226561683411	0.011291261868033	55.9417082901988	40.7532714892304	15.1884368009684	OU	Cebidae	PLA	Cercopithecidae	OWM	order
Aotus_trivirgatus	Colobus_polykomos	1.105	1.193	78.0653383561	0.0526946107784432	0.642973170104045	0.077165258457728	0.134710636755308	0.0110401567306277	55.9417082901988	40.7532714892304	15.1884368009684	OU	Aotidae	PLA	Cercopithecidae	OWM	order
Alouatta_caraya	Chlorocebus_pygerythrus	1.483	1.571	78.0653383561	0.052694610778443	0.642973170104044	0.0771652584577278	0.134710636755308	0.0110401567306277	55.9417082901988	40.7532714892304	15.1884368009684	OU	Atelidae	PLA	Cercopithecidae	OWM	order
Cebuella_pygmaea	Eulemur_mongoz	0.902	1.012	121.4130573057	0.0658682634730539	0.999999999894575	0.0773437282356255	0.1673074964504	0.0110202542583738	55.9417082901988	40.7532714892304	15.1884368009684	OU	Callitrichidae	PLA	Lemuridae	STR	order
Aotus_trivirgatus	Piliocolobus_badius	1.105	1.018	78.0653383561	0.0520958083832335	0.642973170104045	0.076291073116569	0.133194215980329	0.0107918349879877	55.9417082901988	40.7532714892304	15.1884368009684	OU	Aotidae	PLA	Cercopithecidae	OWM	order
Cebus_olivaceus	Alouatta_palliata	1.306	1.24	46.547550148	0.0395209580838324	0.383381748026433	0.0749552741982393	0.103810003467613	0.0107012679055425	55.9417082901988	40.7532714892304	15.1884368009684	OU	Cebidae	PLA	Atelidae	PLA	superfamily
Alouatta_seniculus	Macaca_fuscata	1.284	1.37	78.065338357	0.051497005988024	0.642973170111457	0.0754167956237343	0.131677304833364	0.0105462984626795	55.9417082901988	40.7532714892304	15.1884368009684	OU	Atelidae	PLA	Cercopithecidae	OWM	order
Colobus_angolensis	Pan_paniscus	1.279	1.355	62.151576032	0.0455089820359282	0.511901910755441	0.0746962198196619	0.117282254978699	0.0104265991644417	55.9417082901988	40.7532714892304	15.1884368009684	OU	Cercopithecidae	OWM	Hominidae	APE	order
Saimiri_sciureus	Trachypithecus_obscurus	1.177	1.262	78.0653383463	0.0508982035928143	0.642973170023328	0.0745424270348516	0.130159908795431	0.0103035489602959	55.9417082901988	40.7532714892304	15.1884368009684	OU	Cebidae	PLA	Cercopithecidae	OWM	order
Plecturocebus_moloch	Trachypithecus_cristatus	1.063	1.148	78.0653383543	0.0508982035928143	0.642973170089219	0.0745424270310432	0.13015990879517	0.0103035489592193	55.9417082901988	40.7532714892304	15.1884368009684	OU	Pitheciidae	PLA	Cercopithecidae	OWM	order
Presbytis_comata	Propithecus_verreauxi	0.996	1.102	121.413057312	0.0634730538922156	0.999999999946464	0.074539580190822	0.161308744084659	0.0102387586071193	55.9417082901988	40.7532714892304	15.1884368009684	OU	Cercopithecidae	OWM	Indriidae	STR	order
Eulemur_rubriventer	Propithecus_verreauxi	1.021	1.102	71.983496227	0.0485029940119761	0.592881011456349	0.0739761769165789	0.124316154140504	0.0101701784394434	55.9417082901988	40.7532714892304	15.1884368009684	OU	Lemuridae	STR	Indriidae	STR	superfamily
Aotus_trivirgatus	Cheirogaleus_medius	1.105	1	121.4130573081	0.062874251497006	0.999999999914342	0.0738383970816577	0.159807575857253	0.0100477817164364	55.9417082901988	40.7532714892304	15.1884368009684	OU	Aotidae	PLA	Cheirogaleidae	STR	order
Aotus_trivirgatus	Eulemur_fulvus	1.105	1	121.4130573085	0.062874251497006	0.999999999917636	0.0738383970815364	0.159807575857252	0.0100477817164033	55.9417082901988	40.7532714892304	15.1884368009684	OU	Aotidae	PLA	Lemuridae	STR	order
Aotus_trivirgatus	Lemur_catta	1.105	1	121.4130573101	0.062874251497006	0.999999999930815	0.0738383970810512	0.159807575857247	0.0100477817162706	55.9417082901988	40.7532714892304	15.1884368009684	OU	Aotidae	PLA	Lemuridae	STR	order
Trachypithecus_cristatus	Eulemur_coronatus	1.148	1.043	121.4130573132	0.062874251497006	0.999999999956347	0.0738383970801113	0.159807575857239	0.0100477817160135	55.9417082901988	40.7532714892304	15.1884368009684	OU	Cercopithecidae	OWM	Lemuridae	STR	order
Hylobates_lar	Cheirogaleus_medius	1.105	1	121.4130573147	0.062874251497006	0.999999999968702	0.0738383970796565	0.159807575857235	0.0100477817158891	55.9417082901988	40.7532714892304	15.1884368009684	OU	Hylobatidae	APE	Cheirogaleidae	STR	order
Hylobates_lar	Eulemur_fulvus	1.105	1	121.4130573151	0.062874251497006	0.999999999971996	0.0738383970795352	0.159807575857234	0.0100477817158559	55.9417082901988	40.7532714892304	15.1884368009684	OU	Hylobatidae	APE	Lemuridae	STR	order
Hylobates_lar	Lemur_catta	1.105	1	121.4130573167	0.062874251497006	0.999999999985175	0.07383839707905	0.159807575857229	0.0100477817157232	55.9417082901988	40.7532714892304	15.1884368009684	OU	Hylobatidae	APE	Lemuridae	STR	order
Ateles_paniscus	Presbytis_comata	1.079	0.996	78.065338352	0.0497005988023952	0.642973170070275	0.0727934207396875	0.127123683993797	0.009826418131518	55.9417082901988	40.7532714892304	15.1884368009684	OU	Atelidae	PLA	Cercopithecidae	OWM	order
Alouatta_caraya	Cercopithecus_nictitans	1.483	1.566	78.065338356	0.0497005988023952	0.642973170103221	0.0727934207378276	0.127123683993669	0.00982641813100464	55.9417082901988	40.7532714892304	15.1884368009684	OU	Atelidae	PLA	Cercopithecidae	OWM	order
Alouatta_caraya	Mandrillus_leucophaeus	1.483	1.4	78.0653383562	0.0497005988023953	0.642973170104868	0.0727934207377349	0.127123683993663	0.00982641813097903	55.9417082901988	40.7532714892304	15.1884368009684	OU	Atelidae	PLA	Cercopithecidae	OWM	order
Aotus_trivirgatus	Nomascus_concolor	1.105	1.022	78.0653383581	0.0497005988023952	0.642973170120517	0.0727934207368513	0.127123683993602	0.00982641813073513	55.9417082901988	40.7532714892304	15.1884368009684	OU	Aotidae	PLA	Hylobatidae	APE	order
Macaca_mulatta	Colobus_polykomos	1.25	1.193	38.5936741547	0.0341317365269461	0.317870869963007	0.0711029680036353	0.0914706791358746	0.00982176542496591	55.9417082901988	40.7532714892304	15.1884368009684	OU	Cercopithecidae	OWM	Cercopithecidae	OWM	family
Saimiri_sciureus	Alouatta_palliata	1.177	1.24	46.547550147	0.0377245508982036	0.383381748018196	0.0715575835737508	0.0991162945171847	0.00975298828565359	55.9417082901988	40.7532714892304	15.1884368009684	OU	Cebidae	PLA	Atelidae	PLA	superfamily
Saguinus_midas	Cheirogaleus_medius	0.897	1	121.4130573051	0.0616766467065868	0.999999999889633	0.0724358593322769	0.156803500381271	0.00967111409643916	55.9417082901988	40.7532714892304	15.1884368009684	OU	Callitrichidae	PLA	Cheirogaleidae	STR	order
Saguinus_midas	Eulemur_fulvus	0.897	1	121.4130573055	0.0616766467065868	0.999999999892927	0.0724358593321579	0.15680350038127	0.00967111409640722	55.9417082901988	40.7532714892304	15.1884368009684	OU	Callitrichidae	PLA	Lemuridae	STR	order
Ateles_geoffroyi	Eulemur_macaco	1.067	0.964	121.4130573061	0.0616766467065868	0.999999999897869	0.0724358593319794	0.156803500381268	0.00967111409635934	55.9417082901988	40.7532714892304	15.1884368009684	OU	Atelidae	PLA	Lemuridae	STR	order
Saguinus_midas	Lemur_catta	0.897	1	121.4130573071	0.0616766467065868	0.999999999906106	0.072435859331682	0.156803500381265	0.00967111409627952	55.9417082901988	40.7532714892304	15.1884368009684	OU	Callitrichidae	PLA	Lemuridae	STR	order
Hylobates_muelleri	Eulemur_macaco	1.067	0.964	121.4130573155	0.0616766467065868	0.999999999975291	0.0724358593291831	0.156803500381243	0.00967111409560902	55.9417082901988	40.7532714892304	15.1884368009684	OU	Hylobatidae	APE	Lemuridae	STR	order
Cercopithecus_mitis	Erythrocebus_patas	1.866	1.908	23.4097503938	0.0251497005988023	0.192810813851675	0.0672794197337838	0.0735228822441902	0.00959011809900268	55.9417082901988	40.7532714892304	15.1884368009684	OU	Cercopithecidae	OWM	Cercopithecidae	OWM	family
Macaca_fuscata	Semnopithecus_entellus	1.37	1.314	38.5936741543	0.0335329341317366	0.317870869959712	0.0698587684530446	0.0898727952259045	0.00948088927723156	55.9417082901988	40.7532714892304	15.1884368009684	OU	Cercopithecidae	OWM	Cercopithecidae	OWM	family
Saimiri_oerstedii	Mandrillus_leucophaeus	1.319	1.4	78.0653383474	0.048502994011976	0.642973170032388	0.0710440626471365	0.124085585527197	0.00936045653583807	55.9417082901988	40.7532714892304	15.1884368009684	OU	Cebidae	PLA	Cercopithecidae	OWM	order
Cacajao_calvus	Colobus_angolensis	1.198	1.279	78.065338353	0.048502994011976	0.642973170078512	0.0710440626445951	0.124085585527023	0.00936045653515343	55.9417082901988	40.7532714892304	15.1884368009684	OU	Pitheciidae	PLA	Cercopithecidae	OWM	order
Ateles_geoffroyi	Trachypithecus_cristatus	1.067	1.148	78.0653383531	0.048502994011976	0.642973170079336	0.0710440626445497	0.12408558552702	0.0093604565351412	55.9417082901988	40.7532714892304	15.1884368009684	OU	Atelidae	PLA	Cercopithecidae	OWM	order
Piliocolobus_badius	Hapalemur_griseus	1.018	1.119	121.4130573158	0.0604790419161676	0.999999999977762	0.0710330964843339	0.153797141678928	0.0093015037783935	55.9417082901988	40.7532714892304	15.1884368009684	OU	Cercopithecidae	OWM	Lemuridae	STR	order
Trachypithecus_cristatus	Colobus_polykomos	1.148	1.193	27.0170263241	0.0269461077844312	0.222521588046555	0.0671008185758584	0.0764427175270045	0.00925678143815217	55.9417082901988	40.7532714892304	15.1884368009684	OU	Cercopithecidae	OWM	Cercopithecidae	OWM	family
Presbytis_comata	Hylobates_muelleri	0.996	1.067	62.1515760354	0.0425149700598802	0.511901910783444	0.0697949906859433	0.109616764220422	0.00910399697817055	55.9417082901988	40.7532714892304	15.1884368009684	OU	Cercopithecidae	OWM	Hylobatidae	APE	order
Plecturocebus_moloch	Eulemur_macaco	1.063	0.964	121.4130573073	0.0592814371257485	0.999999999907753	0.0696301128831617	0.150788542399678	0.00893896149637439	55.9417082901988	40.7532714892304	15.1884368009684	OU	Pitheciidae	PLA	Lemuridae	STR	order
Cebus_olivaceus	Semnopithecus_vetulus	1.306	1.385	78.065338348	0.0473053892215569	0.64297317003733	0.069294361158929	0.121045657428916	0.00890567788065191	55.9417082901988	40.7532714892304	15.1884368009684	OU	Cebidae	PLA	Cercopithecidae	OWM	order
Cercopithecus_diana	Colobus_angolensis	1.333	1.279	38.5936741547	0.0323353293413174	0.317870869963007	0.0673698600745833	0.0866759430131838	0.0088170871512282	55.9417082901988	40.7532714892304	15.1884368009684	OU	Cercopithecidae	OWM	Cercopithecidae	OWM	family
Cebuella_pygmaea	Cheirogaleus_medius	0.902	1	121.4130573047	0.0586826347305389	0.999999999886338	0.0689285396529718	0.149283415898442	0.00876034416749109	55.9417082901988	40.7532714892304	15.1884368009684	OU	Callitrichidae	PLA	Cheirogaleidae	STR	order
Cebuella_pygmaea	Eulemur_fulvus	0.902	1	121.4130573051	0.0586826347305389	0.999999999889633	0.0689285396528585	0.149283415898441	0.00876034416746217	55.9417082901988	40.7532714892304	15.1884368009684	OU	Callitrichidae	PLA	Lemuridae	STR	order
Cebuella_pygmaea	Lemur_catta	0.902	1	121.4130573067	0.0586826347305389	0.999999999902811	0.0689285396524054	0.149283415898437	0.00876034416734649	55.9417082901988	40.7532714892304	15.1884368009684	OU	Callitrichidae	PLA	Lemuridae	STR	order
Trachypithecus_pileatus	Hapalemur_griseus	1.217	1.119	121.4130573159	0.058682634730539	0.999999999978586	0.0689285396498005	0.149283415898413	0.00876034416668131	55.9417082901988	40.7532714892304	15.1884368009684	OU	Cercopithecidae	OWM	Lemuridae	STR	order
Eulemur_mongoz	Eulemur_coronatus	1.012	1.043	15.6477288181	0.018562874251497	0.128880115233831	0.0607522993682887	0.0603182939236706	0.00868777082592192	55.9417082901988	40.7532714892304	15.1884368009684	OU	Lemuridae	STR	Lemuridae	STR	family
Sapajus_apella	Macaca_fuscata	1.448	1.37	78.0653383496	0.0467065868263472	0.642973170050508	0.0684193842709496	0.119525021050654	0.00868248635193414	55.9417082901988	40.7532714892304	15.1884368009684	OU	Cebidae	PLA	Cercopithecidae	OWM	order
Nomascus_concolor	Hapalemur_griseus	1.022	1.119	121.4130573178	0.0580838323353293	0.999999999994235	0.0682269128554688	0.147777745290708	0.00858349778040796	55.9417082901988	40.7532714892304	15.1884368009684	OU	Hylobatidae	APE	Lemuridae	STR	order
Cercopithecus_cephus	Rhinopithecus_roxellana	1.49	1.543	38.5936741531	0.0317365269461077	0.317870869949829	0.0661251573032475	0.0850769875401229	0.00849416653997564	55.9417082901988	40.7532714892304	15.1884368009684	OU	Cercopithecidae	OWM	Cercopithecidae	OWM	family
Macaca_mulatta	Pygathrix_nemaeus	1.25	1.303	38.5936741535	0.0317365269461077	0.317870869953123	0.0661251573029056	0.0850769875400162	0.00849416653987695	55.9417082901988	40.7532714892304	15.1884368009684	OU	Cercopithecidae	OWM	Cercopithecidae	OWM	family
Saguinus_oedipus	Hylobates_klossii	1.035	0.958	78.0653383545	0.0461077844311377	0.642973170090866	0.0675443246888513	0.118003943813651	0.0084620955530928	55.9417082901988	40.7532714892304	15.1884368009684	OU	Callitrichidae	PLA	Hylobatidae	APE	order
Callithrix_jacchus	Eulemur_coronatus	0.947	1.043	121.4130573054	0.0574850299401197	0.999999999892104	0.0675252330447507	0.146271535934993	0.00840842362351763	55.9417082901988	40.7532714892304	15.1884368009684	OU	Callitrichidae	PLA	Lemuridae	STR	order
Cacajao_calvus	Propithecus_verreauxi	1.198	1.102	121.413057306	0.0574850299401197	0.999999999897046	0.067525233044584	0.146271535934992	0.00840842362347597	55.9417082901988	40.7532714892304	15.1884368009684	OU	Pitheciidae	PLA	Indriidae	STR	order
Cercopithecus_diana	Semnopithecus_vetulus	1.333	1.385	38.5936741547	0.0311377245508982	0.317870869963007	0.0648802928450667	0.0834776877145927	0.00817723639321021	55.9417082901988	40.7532714892304	15.1884368009684	OU	Cercopithecidae	OWM	Cercopithecidae	OWM	family
Mandrillus_sphinx	Gorilla_gorilla	2.45	2.383	62.151576032	0.040119760479042	0.511901910755441	0.0658720915269788	0.103476950169186	0.00810989443224188	55.9417082901988	40.7532714892304	15.1884368009684	OU	Cercopithecidae	OWM	Hominidae	APE	order
Macaca_fuscata	Pan_troglodytes	1.37	1.303	62.1515760326	0.040119760479042	0.511901910760383	0.0658720915266615	0.103476950169144	0.00810989443216028	55.9417082901988	40.7532714892304	15.1884368009684	OU	Cercopithecidae	OWM	Hominidae	APE	order
Cheracebus_torquatus	Eulemur_macaco	1.058	0.964	121.4130573064	0.0562874251497006	0.99999999990034	0.0661217165257479	0.143257522442413	0.00806359707241248	55.9417082901988	40.7532714892304	15.1884368009684	OU	Pitheciidae	PLA	Lemuridae	STR	order
Callithrix_jacchus	Nomascus_concolor	0.947	1.022	78.0653383543	0.0449101796407186	0.642973170089219	0.0657939616611706	0.1149604888755	0.00802972261854589	55.9417082901988	40.7532714892304	15.1884368009684	OU	Callitrichidae	PLA	Hylobatidae	APE	order
Aotus_trivirgatus	Eulemur_mongoz	1.105	1.012	121.4130573091	0.055688622754491	0.999999999922578	0.0654198809061668	0.141749729051627	0.00789384718731855	55.9417082901988	40.7532714892304	15.1884368009684	OU	Aotidae	PLA	Lemuridae	STR	order
Hylobates_lar	Eulemur_mongoz	1.105	1.012	121.4130573157	0.055688622754491	0.999999999976938	0.0654198809043927	0.141749729051611	0.00789384718688854	55.9417082901988	40.7532714892304	15.1884368009684	OU	Hylobatidae	APE	Lemuridae	STR	order
Cercopithecus_mona	Pan_paniscus	1.289	1.355	62.1515760316	0.0395209580838324	0.511901910752146	0.0648911129891581	0.101941013193851	0.00787027050463242	55.9417082901988	40.7532714892304	15.1884368009684	OU	Cercopithecidae	OWM	Hominidae	APE	order
Alouatta_palliata	Semnopithecus_entellus	1.24	1.314	78.0653383557	0.044311377245509	0.64297317010075	0.0649186603186597	0.113438122241892	0.00781774366711909	55.9417082901988	40.7532714892304	15.1884368009684	OU	Atelidae	PLA	Cercopithecidae	OWM	order
Saimiri_sciureus	Macaca_mulatta	1.177	1.25	78.0653383477	0.0437125748502994	0.642973170034859	0.0640432804990499	0.111915336885244	0.00760857181681077	55.9417082901988	40.7532714892304	15.1884368009684	OU	Cebidae	PLA	Cercopithecidae	OWM	order
Cercopithecus_petaurista	Colobus_guereza	1.517	1.467	38.5936741537	0.0299401197604789	0.31787086995477	0.0623900910020071	0.0802780807144013	0.00756135770186355	55.9417082901988	40.7532714892304	15.1884368009684	OU	Cercopithecidae	OWM	Cercopithecidae	OWM	family
Cercopithecus_ascanius	Trachypithecus_pileatus	1.267	1.217	38.5936741538	0.0299401197604789	0.317870869955594	0.0623900910019265	0.0802780807143761	0.00756135770184158	55.9417082901988	40.7532714892304	15.1884368009684	OU	Cercopithecidae	OWM	Cercopithecidae	OWM	family
Macaca_fascicularis	Rhinopithecus_roxellana	1.493	1.543	38.593674154	0.0299401197604789	0.317870869957241	0.0623900910017652	0.0802780807143256	0.00756135770179764	55.9417082901988	40.7532714892304	15.1884368009684	OU	Cercopithecidae	OWM	Cercopithecidae	OWM	family
Colobus_polykomos	Propithecus_verreauxi	1.193	1.102	121.413057313	0.0544910179640718	0.9999999999547	0.0640160576635604	0.138732595889203	0.00755968037514331	55.9417082901988	40.7532714892304	15.1884368009684	OU	Cercopithecidae	OWM	Indriidae	STR	order
Macaca_nigra	Papio_cynocephalus	1.808	1.772	22.4016461419	0.0215568862275449	0.184507718005439	0.0589676176245695	0.0636767507718635	0.00743964798094968	55.9417082901988	40.7532714892304	15.1884368009684	OU	Cercopithecidae	OWM	Cercopithecidae	OWM	family
Saimiri_sciureus	Hylobates_lar	1.177	1.105	78.0653383497	0.0431137724550899	0.642973170051332	0.063167823248011	0.110392138350588	0.00740220860739505	55.9417082901988	40.7532714892304	15.1884368009684	OU	Cebidae	PLA	Hylobatidae	APE	order
Ateles_geoffroyi	Presbytis_comata	1.067	0.996	78.065338352	0.0425149700598802	0.642973170070275	0.0622922896235114	0.108868532188353	0.00719865556123448	55.9417082901988	40.7532714892304	15.1884368009684	OU	Atelidae	PLA	Cercopithecidae	OWM	order
Callithrix_jacchus	Piliocolobus_badius	0.947	1.018	78.0653383523	0.0425149700598803	0.642973170072746	0.0622922896233921	0.108868532188346	0.0071986555612063	55.9417082901988	40.7532714892304	15.1884368009684	OU	Callitrichidae	PLA	Cercopithecidae	OWM	order
Alouatta_seniculus	Pan_paniscus	1.284	1.355	78.0653383544	0.0425149700598802	0.642973170090043	0.0622922896225559	0.108868532188288	0.00719865556100882	55.9417082901988	40.7532714892304	15.1884368009684	OU	Atelidae	PLA	Hominidae	APE	order
Papio_cynocephalus	Allochrocebus_lhoesti	1.772	1.73	29.8369393132	0.0251497005988024	0.245747368299354	0.0596093690471482	0.0700713723599997	0.00717107998997775	55.9417082901988	40.7532714892304	15.1884368009684	OU	Cercopithecidae	OWM	Cercopithecidae	OWM	family
Saguinus_oedipus	Hylobates_lar	1.035	1.105	78.0653383549	0.0419161676646707	0.642973170094161	0.0614166806796555	0.107344523953204	0.00699791417929276	55.9417082901988	40.7532714892304	15.1884368009684	OU	Callitrichidae	PLA	Hylobatidae	APE	order
Papio_anubis	Allenopithecus_nigroviridis	1.887	1.928	29.8369393099	0.0245508982035928	0.245747368272174	0.0581926482918405	0.0684071501572578	0.00683407920791511	55.9417082901988	40.7532714892304	15.1884368009684	OU	Cercopithecidae	OWM	Cercopithecidae	OWM	family
Saimiri_oerstedii	Macaca_mulatta	1.319	1.25	78.0653383481	0.041317365269461	0.642973170038154	0.060540997474929	0.105820119204537	0.00679998594307183	55.9417082901988	40.7532714892304	15.1884368009684	OU	Cebidae	PLA	Cercopithecidae	OWM	order
Sapajus_apella	Cercopithecus_petaurista	1.448	1.517	78.0653383487	0.041317365269461	0.642973170043096	0.0605409974746968	0.105820119204521	0.00679998594301853	55.9417082901988	40.7532714892304	15.1884368009684	OU	Cebidae	PLA	Cercopithecidae	OWM	order
Cacajao_calvus	Cercopithecus_ascanius	1.198	1.267	78.0653383527	0.041317365269461	0.642973170076041	0.0605409974731487	0.105820119204415	0.00679998594266326	55.9417082901988	40.7532714892304	15.1884368009684	OU	Pitheciidae	PLA	Cercopithecidae	OWM	order
Ateles_paniscus	Trachypithecus_cristatus	1.079	1.148	78.0653383531	0.041317365269461	0.642973170079336	0.060540997472994	0.105820119204404	0.00679998594262773	55.9417082901988	40.7532714892304	15.1884368009684	OU	Atelidae	PLA	Cercopithecidae	OWM	order
Cercopithecus_ascanius	Semnopithecus_entellus	1.267	1.314	38.5936741534	0.0281437125748504	0.317870869952299	0.0586536513987194	0.0754762483365839	0.00668253067584207	55.9417082901988	40.7532714892304	15.1884368009684	OU	Cercopithecidae	OWM	Cercopithecidae	OWM	family
Macaca_nigra	Papio_hamadryas	1.808	1.842	22.4016461419	0.0203592814371258	0.184507718005439	0.0556971219185926	0.0601460592371599	0.00663674430848079	55.9417082901988	40.7532714892304	15.1884368009684	OU	Cercopithecidae	OWM	Cercopithecidae	OWM	family
Leontocebus_fuscicolis	Eulemur_coronatus	0.958	1.043	121.4130573054	0.0508982035928143	0.999999999892104	0.0598034110302729	0.129669213939431	0.00659993005152147	55.9417082901988	40.7532714892304	15.1884368009684	OU	Callitrichidae	PLA	Lemuridae	STR	order
Hylobates_klossii	Eulemur_coronatus	0.958	1.043	121.4130573154	0.0508982035928143	0.999999999974467	0.0598034110278147	0.129669213939409	0.00659993005097674	55.9417082901988	40.7532714892304	15.1884368009684	OU	Hylobatidae	APE	Lemuridae	STR	order
Allochrocebus_lhoesti	Gorilla_beringei	1.73	1.67	62.1515760313	0.0359281437125749	0.511901910749675	0.0590032244732158	0.0927175686127905	0.006507438358498	55.9417082901988	40.7532714892304	15.1884368009684	OU	Cercopithecidae	OWM	Hominidae	APE	order
Piliocolobus_badius	Hylobates_klossii	1.018	0.958	62.1515760363	0.0359281437125749	0.511901910790857	0.0590032244708468	0.0927175686124746	0.00650743835795232	55.9417082901988	40.7532714892304	15.1884368009684	OU	Cercopithecidae	OWM	Hylobatidae	APE	order
Saguinus_oedipus	Hapalemur_griseus	1.035	1.119	121.413057308	0.0502994011976048	0.999999999913518	0.0591011373323965	0.128156959650388	0.00644621833027761	55.9417082901988	40.7532714892304	15.1884368009684	OU	Callitrichidae	PLA	Lemuridae	STR	order
Aotus_trivirgatus	Eulemur_rubriventer	1.105	1.021	121.4130573101	0.0502994011976048	0.999999999930815	0.0591011373318863	0.128156959650383	0.00644621833016588	55.9417082901988	40.7532714892304	15.1884368009684	OU	Aotidae	PLA	Lemuridae	STR	order
Piliocolobus_badius	Propithecus_verreauxi	1.018	1.102	121.413057313	0.0502994011976048	0.9999999999547	0.0591011373311817	0.128156959650377	0.00644621833001158	55.9417082901988	40.7532714892304	15.1884368009684	OU	Cercopithecidae	OWM	Indriidae	STR	order
Trachypithecus_francoisi	Eulemur_macaco	1.048	0.964	121.4130573133	0.0502994011976048	0.999999999957171	0.0591011373311088	0.128156959650376	0.00644621832999562	55.9417082901988	40.7532714892304	15.1884368009684	OU	Cercopithecidae	OWM	Lemuridae	STR	order
Hylobates_lar	Eulemur_rubriventer	1.105	1.021	121.4130573167	0.0502994011976048	0.999999999985175	0.0591011373302828	0.128156959650369	0.00644621832981473	55.9417082901988	40.7532714892304	15.1884368009684	OU	Hylobatidae	APE	Lemuridae	STR	order
Plecturocebus_moloch	Presbytis_comata	1.063	0.996	78.0653383532	0.0401197604790419	0.642973170080159	0.0587894124835522	0.102770142423783	0.00641257472364695	55.9417082901988	40.7532714892304	15.1884368009684	OU	Pitheciidae	PLA	Cercopithecidae	OWM	order
Alouatta_seniculus	Trachypithecus_pileatus	1.284	1.217	78.0653383565	0.0401197604790419	0.642973170107339	0.0587894124823119	0.102770142423697	0.00641257472337054	55.9417082901988	40.7532714892304	15.1884368009684	OU	Atelidae	PLA	Cercopithecidae	OWM	order
Saimiri_oerstedii	Semnopithecus_vetulus	1.319	1.385	78.0653383474	0.0395209580838324	0.642973170032388	0.057913512813976	0.101244581532135	0.00622309460089151	55.9417082901988	40.7532714892304	15.1884368009684	OU	Cebidae	PLA	Cercopithecidae	OWM	order
Macaca_mulatta	Cercopithecus_mona	1.25	1.289	29.8369393143	0.0233532934131736	0.245747368308414	0.0553586588090889	0.0650778156108346	0.00618432389778799	55.9417082901988	40.7532714892304	15.1884368009684	OU	Cercopithecidae	OWM	Cercopithecidae	OWM	family
Macaca_tonkeana	Theropithecus_gelada	1.656	1.624	22.401646142	0.0191616766467065	0.184507718006263	0.0524256870989177	0.0566141850939867	0.00587955192395226	55.9417082901988	40.7532714892304	15.1884368009684	OU	Cercopithecidae	OWM	Cercopithecidae	OWM	family
Trachypithecus_francoisi	Hylobates_lar	1.048	1.105	62.1515760369	0.0341317365269461	0.511901910795799	0.0560580501900938	0.088101074265257	0.00587425557737797	55.9417082901988	40.7532714892304	15.1884368009684	OU	Cercopithecidae	OWM	Hylobatidae	APE	order
Cebus_olivaceus	Macaca_fuscata	1.306	1.37	78.0653383486	0.0383233532934132	0.642973170042272	0.0561615043937067	0.0981923426271483	0.0058525923203929	55.9417082901988	40.7532714892304	15.1884368009684	OU	Cebidae	PLA	Cercopithecidae	OWM	order
Cacajao_calvus	Trachypithecus_obscurus	1.198	1.262	78.0653383523	0.0383233532934132	0.642973170072746	0.056161504392378	0.0981923426270568	0.00585259232011006	55.9417082901988	40.7532714892304	15.1884368009684	OU	Pitheciidae	PLA	Cercopithecidae	OWM	order
Leontocebus_fuscicolis	Nomascus_concolor	0.958	1.022	78.0653383543	0.0383233532934132	0.642973170089219	0.0561615043916598	0.0981923426270073	0.00585259231995717	55.9417082901988	40.7532714892304	15.1884368009684	OU	Callitrichidae	PLA	Hylobatidae	APE	order
Nomascus_concolor	Propithecus_verreauxi	1.022	1.102	121.413057315	0.0479041916167665	0.999999999971173	0.056291588417414	0.122103311141329	0.00584926041412451	55.9417082901988	40.7532714892304	15.1884368009684	OU	Hylobatidae	APE	Indriidae	STR	order
Ateles_paniscus	Cheirogaleus_medius	1.079	1	121.413057305	0.0473053892215569	0.999999999888809	0.0555890903818097	0.120588768391959	0.0057044986251641	55.9417082901988	40.7532714892304	15.1884368009684	OU	Atelidae	PLA	Cheirogaleidae	STR	order
Ateles_paniscus	Eulemur_fulvus	1.079	1	121.4130573054	0.0473053892215569	0.999999999892104	0.0555890903817182	0.120588768391959	0.00570449862514527	55.9417082901988	40.7532714892304	15.1884368009684	OU	Atelidae	PLA	Lemuridae	STR	order
Ateles_paniscus	Lemur_catta	1.079	1	121.413057307	0.0473053892215569	0.999999999905282	0.0555890903813525	0.120588768391955	0.00570449862506994	55.9417082901988	40.7532714892304	15.1884368009684	OU	Atelidae	PLA	Lemuridae	STR	order
Cacajao_calvus	Hapalemur_griseus	1.198	1.119	121.4130573088	0.0473053892215569	0.999999999920108	0.0555890903809411	0.120588768391952	0.00570449862498519	55.9417082901988	40.7532714892304	15.1884368009684	OU	Pitheciidae	PLA	Lemuridae	STR	order
Sapajus_apella	Semnopithecus_vetulus	1.448	1.385	78.065338349	0.0377245508982036	0.642973170045567	0.0552853977573378	0.096665675779037	0.00567157289903262	55.9417082901988	40.7532714892304	15.1884368009684	OU	Cebidae	PLA	Cercopithecidae	OWM	order
Alouatta_palliata	Pan_troglodytes	1.24	1.303	78.065338354	0.0377245508982036	0.642973170086748	0.0552853977555701	0.0966656757789153	0.00567157289866222	55.9417082901988	40.7532714892304	15.1884368009684	OU	Atelidae	PLA	Hominidae	APE	order
Alouatta_palliata	Pygathrix_nemaeus	1.24	1.303	78.0653383548	0.0377245508982036	0.642973170093337	0.0552853977552872	0.0966656757788957	0.00567157289860295	55.9417082901988	40.7532714892304	15.1884368009684	OU	Atelidae	PLA	Cercopithecidae	OWM	order
Cercopithecus_ascanius	Cercopithecus_mona	1.267	1.289	12.9463432657	0.0131736526946108	0.106630568009981	0.0474176701515489	0.0454350280990808	0.00561326167081046	55.9417082901988	40.7532714892304	15.1884368009684	OU	Cercopithecidae	OWM	Cercopithecidae	OWM	family
Semnopithecus_entellus	Colobus_angolensis	1.314	1.279	27.0170263237	0.0209580838323354	0.22252158804326	0.0522138739463179	0.0594914660896923	0.00560317380700122	55.9417082901988	40.7532714892304	15.1884368009684	OU	Cercopithecidae	OWM	Cercopithecidae	OWM	family
Macaca_fuscata	Cercopithecus_diana	1.37	1.333	29.8369393153	0.0221556886227546	0.24574736831665	0.0525239685111368	0.0617473425291596	0.00556691574656403	55.9417082901988	40.7532714892304	15.1884368009684	OU	Cercopithecidae	OWM	Cercopithecidae	OWM	family
Cheracebus_torquatus	Presbytis_comata	1.058	0.996	78.0653383523	0.037125748502994	0.642973170072746	0.0544092242440662	0.0951386514505661	0.0054933764129973	55.9417082901988	40.7532714892304	15.1884368009684	OU	Pitheciidae	PLA	Cercopithecidae	OWM	order
Eulemur_coronatus	Propithecus_verreauxi	1.043	1.102	71.9834962261	0.0353293413173654	0.592881011448937	0.0539202067745642	0.090724400315532	0.00540619996705153	55.9417082901988	40.7532714892304	15.1884368009684	OU	Lemuridae	STR	Indriidae	STR	superfamily
Ateles_paniscus	Piliocolobus_badius	1.079	1.018	78.065338353	0.0365269461077844	0.642973170078512	0.0535329849123614	0.093611275234434	0.00531800417916601	55.9417082901988	40.7532714892304	15.1884368009684	OU	Atelidae	PLA	Cercopithecidae	OWM	order
Saguinus_midas	Hylobates_klossii	0.897	0.958	78.0653383554	0.0365269461077844	0.642973170098279	0.0535329849115398	0.0936112752343773	0.00531800417899929	55.9417082901988	40.7532714892304	15.1884368009684	OU	Callitrichidae	PLA	Hylobatidae	APE	order
Macaca_fuscata	Mandrillus_leucophaeus	1.37	1.4	22.4016461426	0.0179640718562873	0.184507718011204	0.0491533681607691	0.0530811975454894	0.00516810059331527	55.9417082901988	40.7532714892304	15.1884368009684	OU	Cercopithecidae	OWM	Cercopithecidae	OWM	family
Leontocebus_fuscicolis	Piliocolobus_badius	0.958	1.018	78.0653383523	0.0359281437125749	0.642973170072746	0.0526566808185536	0.0920835527270815	0.00514545749330215	55.9417082901988	40.7532714892304	15.1884368009684	OU	Callitrichidae	PLA	Cercopithecidae	OWM	order
Alouatta_caraya	Rhinopithecus_roxellana	1.483	1.543	78.0653383556	0.0359281437125747	0.642973170099926	0.052656680817442	0.0920835527270046	0.00514545749308032	55.9417082901988	40.7532714892304	15.1884368009684	OU	Atelidae	PLA	Cercopithecidae	OWM	order
Saimiri_sciureus	Propithecus_verreauxi	1.177	1.102	121.4130573	0.0449101796407185	0.999999999847628	0.0527786713298633	0.114526238572946	0.00514339394867049	55.9417082901988	40.7532714892304	15.1884368009684	OU	Cebidae	PLA	Indriidae	STR	order
Aotus_trivirgatus	Cheracebus_torquatus	1.105	1.058	49.0936032094	0.0281437125748503	0.404351923044108	0.0520144986624656	0.0737078279135809	0.00513021406625055	55.9417082901988	40.7532714892304	15.1884368009684	OU	Aotidae	PLA	Pitheciidae	PLA	superfamily
Cercopithecus_cephus	Cercopithecus_pogonias	1.49	1.469	12.9463432657	0.0125748502994011	0.106630568009981	0.0452646903521145	0.0433718833747132	0.00511480854710494	55.9417082901988	40.7532714892304	15.1884368009684	OU	Cercopithecidae	OWM	Cercopithecidae	OWM	family
Macaca_nemestrina	Gorilla_beringei	1.723	1.67	62.1515760325	0.0317365269461079	0.511901910759559	0.0521299657235027	0.0819411467678367	0.005080128356102	55.9417082901988	40.7532714892304	15.1884368009684	OU	Cercopithecidae	OWM	Hominidae	APE	order
Macaca_mulatta	Pan_troglodytes	1.25	1.303	62.1515760327	0.0317365269461077	0.511901910761206	0.0521299657234187	0.0819411467678252	0.00508012835608492	55.9417082901988	40.7532714892304	15.1884368009684	OU	Cercopithecidae	OWM	Hominidae	APE	order
Callithrix_jacchus	Eulemur_rubriventer	0.947	1.021	121.4130573063	0.044311377245509	0.999999999899517	0.0520759625639743	0.113009543750783	0.00500760852598698	55.9417082901988	40.7532714892304	15.1884368009684	OU	Callitrichidae	PLA	Lemuridae	STR	order
Colobus_polykomos	Hapalemur_griseus	1.193	1.119	121.4130573158	0.044311377245509	0.999999999977762	0.05207596256194	0.113009543750765	0.00500760852559436	55.9417082901988	40.7532714892304	15.1884368009684	OU	Cercopithecidae	OWM	Lemuridae	STR	order
Pygathrix_nemaeus	Pan_paniscus	1.303	1.355	62.1515760308	0.0311377245508982	0.511901910745557	0.0511477428393909	0.0804003813914906	0.00489055593855708	55.9417082901988	40.7532714892304	15.1884368009684	OU	Cercopithecidae	OWM	Hominidae	APE	order
Cercocebus_torquatus	Gorilla_beringei	1.722	1.67	62.151576032	0.0311377245508982	0.511901910755441	0.0511477428388978	0.0804003813914248	0.00489055593845865	55.9417082901988	40.7532714892304	15.1884368009684	OU	Cercopithecidae	OWM	Hominidae	APE	order
Saguinus_oedipus	Ateles_paniscus	1.035	1.079	46.5475501492	0.0263473053892216	0.383381748036316	0.0500111182574439	0.0693156657961116	0.00476360970323078	55.9417082901988	40.7532714892304	15.1884368009684	OU	Callitrichidae	PLA	Atelidae	PLA	superfamily
Saimiri_oerstedii	Trachypithecus_obscurus	1.319	1.262	78.0653383467	0.0341317365269461	0.642973170026623	0.0500273905339797	0.0874983634795575	0.00464478337206444	55.9417082901988	40.7532714892304	15.1884368009684	OU	Cebidae	PLA	Cercopithecidae	OWM	order
Ateles_paniscus	Nomascus_concolor	1.079	1.022	78.065338355	0.0341317365269461	0.642973170094985	0.0500273905313238	0.0874983634793744	0.00464478337156088	55.9417082901988	40.7532714892304	15.1884368009684	OU	Atelidae	PLA	Hylobatidae	APE	order
Aotus_trivirgatus	Trachypithecus_francoisi	1.105	1.048	78.0653383563	0.0341317365269461	0.642973170105692	0.0500273905309078	0.0874983634793457	0.004644783371482	55.9417082901988	40.7532714892304	15.1884368009684	OU	Aotidae	PLA	Cercopithecidae	OWM	order
Saguinus_oedipus	Eulemur_macaco	1.035	0.964	121.4130573053	0.0425149700598802	0.99999999989128	0.0499675953880872	0.10845699725173	0.00461104599144311	55.9417082901988	40.7532714892304	15.1884368009684	OU	Callitrichidae	PLA	Lemuridae	STR	order
Trachypithecus_francoisi	Hapalemur_griseus	1.048	1.119	121.413057316	0.0425149700598802	0.999999999979409	0.0499675953858882	0.10845699725171	0.0046110459910359	55.9417082901988	40.7532714892304	15.1884368009684	OU	Cercopithecidae	OWM	Lemuridae	STR	order
Cebus_olivaceus	Macaca_mulatta	1.306	1.25	78.0653383487	0.0335329341317366	0.642973170043096	0.0491508379613557	0.0859693118477716	0.00448355142306921	55.9417082901988	40.7532714892304	15.1884368009684	OU	Cebidae	PLA	Cercopithecidae	OWM	order
Cebuella_pygmaea	Hylobates_klossii	0.902	0.958	78.065338355	0.0335329341317365	0.642973170094984	0.0491508379593749	0.0859693118476348	0.00448355142270024	55.9417082901988	40.7532714892304	15.1884368009684	OU	Callitrichidae	PLA	Hylobatidae	APE	order
Eulemur_coronatus	Lemur_catta	1.043	1	47.7997285391	0.0257485029940119	0.39369512303531	0.0482322979458844	0.0675934842948975	0.00442075842678592	55.9417082901988	40.7532714892304	15.1884368009684	OU	Lemuridae	STR	Lemuridae	STR	family
Piliocolobus_badius	Hylobates_muelleri	1.018	1.067	62.1515760364	0.0293413173652694	0.511901910791681	0.0482006137546859	0.0757762967658138	0.00434336408069277	55.9417082901988	40.7532714892304	15.1884368009684	OU	Cercopithecidae	OWM	Hylobatidae	APE	order
Trachypithecus_francoisi	Piliocolobus_badius	1.048	1.018	27.0170263242	0.0179640718562874	0.222521588047378	0.0447632325613146	0.0510052372160953	0.00411763080803574	55.9417082901988	40.7532714892304	15.1884368009684	OU	Cercopithecidae	OWM	Cercopithecidae	OWM	family
Ateles_geoffroyi	Cheirogaleus_medius	1.067	1	121.413057305	0.0401197604790419	0.999999999888809	0.0471558974524556	0.102381395529145	0.00410751706659606	55.9417082901988	40.7532714892304	15.1884368009684	OU	Atelidae	PLA	Cheirogaleidae	STR	order
Saguinus_oedipus	Propithecus_verreauxi	1.035	1.102	121.4130573052	0.040119760479042	0.999999999890457	0.0471558974524169	0.102381395529145	0.0041075170665893	55.9417082901988	40.7532714892304	15.1884368009684	OU	Callitrichidae	PLA	Indriidae	STR	order
Ateles_geoffroyi	Eulemur_fulvus	1.067	1	121.4130573054	0.0401197604790419	0.999999999892104	0.0471558974523781	0.102381395529144	0.00410751706658249	55.9417082901988	40.7532714892304	15.1884368009684	OU	Atelidae	PLA	Lemuridae	STR	order
Ateles_paniscus	Eulemur_mongoz	1.079	1.012	121.413057306	0.0401197604790419	0.999999999897046	0.0471558974522616	0.102381395529143	0.00410751706656215	55.9417082901988	40.7532714892304	15.1884368009684	OU	Atelidae	PLA	Lemuridae	STR	order
Saguinus_midas	Eulemur_macaco	0.897	0.964	121.4130573062	0.0401197604790419	0.999999999898693	0.0471558974522229	0.102381395529143	0.00410751706655537	55.9417082901988	40.7532714892304	15.1884368009684	OU	Callitrichidae	PLA	Lemuridae	STR	order
Ateles_geoffroyi	Lemur_catta	1.067	1	121.413057307	0.0401197604790419	0.999999999905282	0.0471558974520676	0.102381395529141	0.00410751706652825	55.9417082901988	40.7532714892304	15.1884368009684	OU	Atelidae	PLA	Lemuridae	STR	order
Hylobates_muelleri	Cheirogaleus_medius	1.067	1	121.4130573144	0.0401197604790419	0.999999999966231	0.0471558974506324	0.102381395529128	0.00410751706627738	55.9417082901988	40.7532714892304	15.1884368009684	OU	Hylobatidae	APE	Cheirogaleidae	STR	order
Hylobates_muelleri	Eulemur_fulvus	1.067	1	121.4130573148	0.0401197604790419	0.999999999969526	0.0471558974505547	0.102381395529127	0.00410751706626382	55.9417082901988	40.7532714892304	15.1884368009684	OU	Hylobatidae	APE	Lemuridae	STR	order
Hylobates_muelleri	Lemur_catta	1.067	1	121.4130573164	0.0401197604790419	0.999999999982704	0.0471558974502443	0.102381395529125	0.00410751706620957	55.9417082901988	40.7532714892304	15.1884368009684	OU	Hylobatidae	APE	Lemuridae	STR	order
Alouatta_palliata	Cacajao_calvus	1.24	1.198	49.093603209	0.0251497005988024	0.404351923040814	0.046487680056035	0.0658854791243844	0.00409791565061918	55.9417082901988	40.7532714892304	15.1884368009684	OU	Atelidae	PLA	Pitheciidae	PLA	superfamily
Aotus_trivirgatus	Plecturocebus_moloch	1.105	1.063	49.0936032103	0.0251497005988024	0.404351923051521	0.0464876800554202	0.0658854791242501	0.00409791565050232	55.9417082901988	40.7532714892304	15.1884368009684	OU	Aotidae	PLA	Pitheciidae	PLA	superfamily
Cercopithecus_ascanius	Pygathrix_nemaeus	1.267	1.303	38.5936741525	0.0215568862275449	0.317870869944887	0.0449429485390639	0.0578473134889621	0.00392300167570212	55.9417082901988	40.7532714892304	15.1884368009684	OU	Cercopithecidae	OWM	Cercopithecidae	OWM	family
Macaca_silenus	Cercopithecus_cephus	1.459	1.49	29.8369393147	0.018562874251497	0.245747368311709	0.0440160506259604	0.0517496726120439	0.00390898454723244	55.9417082901988	40.7532714892304	15.1884368009684	OU	Cercopithecidae	OWM	Cercopithecidae	OWM	family
Saimiri_oerstedii	Cercopithecus_ascanius	1.319	1.267	78.0653383471	0.0311377245508982	0.642973170029917	0.0456440435037621	0.0798499789993001	0.00386695241320804	55.9417082901988	40.7532714892304	15.1884368009684	OU	Cebidae	PLA	Cercopithecidae	OWM	order
Cacajao_calvus	Macaca_mulatta	1.198	1.25	78.0653383537	0.0311377245508982	0.642973170084277	0.0456440435018347	0.0798499789991671	0.00386695241287467	55.9417082901988	40.7532714892304	15.1884368009684	OU	Pitheciidae	PLA	Cercopithecidae	OWM	order
Callithrix_jacchus	Eulemur_mongoz	0.947	1.012	121.4130573053	0.0389221556886228	0.99999999989128	0.0457498261467074	0.0993413195439748	0.00386657830602419	55.9417082901988	40.7532714892304	15.1884368009684	OU	Callitrichidae	PLA	Lemuridae	STR	order
Theropithecus_gelada	Gorilla_beringei	1.624	1.67	62.151576032	0.0275449101796406	0.511901910755441	0.0452528253083318	0.0711496502210191	0.00382848878559297	55.9417082901988	40.7532714892304	15.1884368009684	OU	Cercopithecidae	OWM	Hominidae	APE	order
Saimiri_oerstedii	Macaca_fuscata	1.319	1.37	78.065338348	0.0305389221556887	0.64297317003733	0.0447672041386724	0.0783193923255557	0.00371989055993133	55.9417082901988	40.7532714892304	15.1884368009684	OU	Cebidae	PLA	Cercopithecidae	OWM	order
Mandrillus_leucophaeus	Pan_paniscus	1.4	1.355	62.151576032	0.0269461077844311	0.511901910755441	0.0442700895867634	0.0696068922703576	0.00366405122201705	55.9417082901988	40.7532714892304	15.1884368009684	OU	Cercopithecidae	OWM	Hominidae	APE	order
Plecturocebus_moloch	Cheirogaleus_medius	1.063	1	121.4130573062	0.0377245508982036	0.999999999898693	0.0443436124372414	0.0962997856249461	0.00363286616466241	55.9417082901988	40.7532714892304	15.1884368009684	OU	Pitheciidae	PLA	Cheirogaleidae	STR	order
Leontocebus_fuscicolis	Eulemur_rubriventer	0.958	1.021	121.4130573063	0.0377245508982036	0.999999999899517	0.0443436124372231	0.096299785624946	0.00363286616465941	55.9417082901988	40.7532714892304	15.1884368009684	OU	Callitrichidae	PLA	Lemuridae	STR	order
Plecturocebus_moloch	Eulemur_fulvus	1.063	1	121.4130573066	0.0377245508982036	0.999999999901988	0.0443436124371684	0.0962997856249455	0.00363286616465042	55.9417082901988	40.7532714892304	15.1884368009684	OU	Pitheciidae	PLA	Lemuridae	STR	order
Plecturocebus_moloch	Lemur_catta	1.063	1	121.4130573082	0.0377245508982036	0.999999999915166	0.0443436124368765	0.0962997856249428	0.00363286616460244	55.9417082901988	40.7532714892304	15.1884368009684	OU	Pitheciidae	PLA	Lemuridae	STR	order
Hylobates_klossii	Eulemur_rubriventer	0.958	1.021	121.4130573163	0.0377245508982036	0.99999999998188	0.0443436124353988	0.0962997856249294	0.00363286616435957	55.9417082901988	40.7532714892304	15.1884368009684	OU	Hylobatidae	APE	Lemuridae	STR	order
Cacajao_calvus	Trachypithecus_cristatus	1.198	1.148	78.0653383531	0.0299401197604791	0.642973170079336	0.0438903105898974	0.0767885155263665	0.00357566607453487	55.9417082901988	40.7532714892304	15.1884368009684	OU	Pitheciidae	PLA	Cercopithecidae	OWM	order
Aotus_trivirgatus	Ateles_geoffroyi	1.105	1.067	46.5475501531	0.0227544910179641	0.383381748068438	0.0431986142319539	0.0598827001322437	0.00355416075271099	55.9417082901988	40.7532714892304	15.1884368009684	OU	Aotidae	PLA	Atelidae	PLA	superfamily
Ateles_geoffroyi	Ateles_paniscus	1.067	1.079	7.4708789	0.00718562874251498	0.0615327466831003	0.0340573167349379	0.0302590411378153	0.00353356948033891	55.9417082901988	40.7532714892304	15.1884368009684	OU	Atelidae	PLA	Atelidae	PLA	family
Cebuella_pygmaea	Eulemur_macaco	0.902	0.964	121.4130573058	0.037125748502994	0.999999999895398	0.0436404535462241	0.094778485747864	0.00351872222573786	55.9417082901988	40.7532714892304	15.1884368009684	OU	Callitrichidae	PLA	Lemuridae	STR	order
Aotus_trivirgatus	Eulemur_coronatus	1.105	1.043	121.4130573092	0.037125748502994	0.999999999923402	0.0436404535456137	0.0947784857478587	0.00351872222563914	55.9417082901988	40.7532714892304	15.1884368009684	OU	Aotidae	PLA	Lemuridae	STR	order
Hylobates_lar	Eulemur_coronatus	1.105	1.043	121.4130573158	0.037125748502994	0.999999999977762	0.0436404535444287	0.0947784857478479	0.00351872222544745	55.9417082901988	40.7532714892304	15.1884368009684	OU	Hylobatidae	APE	Lemuridae	STR	order
Cebus_olivaceus	Pan_paniscus	1.306	1.355	78.065338346	0.0293413173652694	0.642973170020857	0.0430133639211735	0.075257354237395	0.00343428002552312	55.9417082901988	40.7532714892304	15.1884368009684	OU	Cebidae	PLA	Hominidae	APE	order
Callithrix_jacchus	Presbytis_comata	0.947	0.996	78.0653383513	0.0293413173652695	0.64297317006451	0.0430133639197149	0.0752573542372946	0.00343428002528538	55.9417082901988	40.7532714892304	15.1884368009684	OU	Callitrichidae	PLA	Cercopithecidae	OWM	order
Ateles_geoffroyi	Piliocolobus_badius	1.067	1.018	78.065338353	0.0293413173652694	0.642973170078512	0.0430133639192469	0.075257354237262	0.0034342800252091	55.9417082901988	40.7532714892304	15.1884368009684	OU	Atelidae	PLA	Cercopithecidae	OWM	order
Alouatta_palliata	Cercopithecus_mona	1.24	1.289	78.0653383556	0.0293413173652694	0.642973170099926	0.0430133639185313	0.0752573542372127	0.00343428002509247	55.9417082901988	40.7532714892304	15.1884368009684	OU	Atelidae	PLA	Cercopithecidae	OWM	order
Alouatta_seniculus	Cercopithecus_diana	1.284	1.333	78.0653383571	0.0293413173652694	0.642973170112281	0.0430133639181186	0.0752573542371842	0.00343428002502518	55.9417082901988	40.7532714892304	15.1884368009684	OU	Atelidae	PLA	Cercopithecidae	OWM	order
Cheracebus_torquatus	Hapalemur_griseus	1.058	1.119	121.4130573091	0.0365269461077844	0.999999999922578	0.0429372606917068	0.0932568379643197	0.00340638749476881	55.9417082901988	40.7532714892304	15.1884368009684	OU	Pitheciidae	PLA	Lemuridae	STR	order
Trachypithecus_cristatus	Hylobates_lar	1.148	1.105	62.1515760368	0.0257485029940119	0.511901910794975	0.0423044177281624	0.0665205973166696	0.00334596484805413	55.9417082901988	40.7532714892304	15.1884368009684	OU	Cercopithecidae	OWM	Hylobatidae	APE	order
Macaca_mulatta	Trachypithecus_pileatus	1.25	1.217	38.5936741548	0.0197604790419161	0.31787086996383	0.041201184907543	0.0530341326287662	0.00329687292967796	55.9417082901988	40.7532714892304	15.1884368009684	OU	Cercopithecidae	OWM	Cercopithecidae	OWM	family
Sapajus_apella	Mandrillus_leucophaeus	1.448	1.4	78.065338349	0.0287425149700599	0.642973170045566	0.0421363651856282	0.0737259140967204	0.00329573345876339	55.9417082901988	40.7532714892304	15.1884368009684	OU	Cebidae	PLA	Cercopithecidae	OWM	order
Macaca_nigra	Cercopithecus_neglectus	1.808	1.78	29.8369393146	0.0167664670658683	0.245747368310885	0.0397601494516614	0.0467476814055584	0.00318942768778892	55.9417082901988	40.7532714892304	15.1884368009684	OU	Cercopithecidae	OWM	Cercopithecidae	OWM	family
Alouatta_palliata	Colobus_polykomos	1.24	1.193	78.065338356	0.0281437125748503	0.642973170103221	0.0412593154445753	0.0721942007460722	0.00316002740058705	55.9417082901988	40.7532714892304	15.1884368009684	OU	Atelidae	PLA	Cercopithecidae	OWM	order
Cheracebus_torquatus	Hylobates_lar	1.058	1.105	78.065338356	0.0281437125748503	0.642973170103221	0.0412593154445753	0.0721942007460722	0.00316002740058705	55.9417082901988	40.7532714892304	15.1884368009684	OU	Pitheciidae	PLA	Hylobatidae	APE	order
Eulemur_macaco	Lemur_catta	0.964	1	47.7997285391	0.0215568862275449	0.39369512303531	0.0403878904765138	0.0566101739155479	0.00309970585617223	55.9417082901988	40.7532714892304	15.1884368009684	OU	Lemuridae	STR	Lemuridae	STR	family
Saimiri_sciureus	Hapalemur_griseus	1.177	1.119	121.4130573028	0.0347305389221557	0.99999999987069	0.0408274838161844	0.0886898625312294	0.00308024672303981	55.9417082901988	40.7532714892304	15.1884368009684	OU	Cebidae	PLA	Lemuridae	STR	order
Cheracebus_torquatus	Cheirogaleus_medius	1.058	1	121.4130573053	0.0347305389221557	0.99999999989128	0.0408274838157644	0.0886898625312255	0.00308024672297625	55.9417082901988	40.7532714892304	15.1884368009684	OU	Pitheciidae	PLA	Cheirogaleidae	STR	order
Cheracebus_torquatus	Eulemur_fulvus	1.058	1	121.4130573057	0.0347305389221557	0.999999999894575	0.0408274838156972	0.088689862531225	0.00308024672296608	55.9417082901988	40.7532714892304	15.1884368009684	OU	Pitheciidae	PLA	Lemuridae	STR	order
Ateles_paniscus	Eulemur_rubriventer	1.079	1.021	121.413057307	0.0347305389221557	0.999999999905282	0.0408274838154789	0.0886898625312229	0.00308024672293303	55.9417082901988	40.7532714892304	15.1884368009684	OU	Atelidae	PLA	Lemuridae	STR	order
Cheracebus_torquatus	Lemur_catta	1.058	1	121.4130573073	0.0347305389221557	0.999999999907753	0.0408274838154284	0.0886898625312225	0.00308024672292541	55.9417082901988	40.7532714892304	15.1884368009684	OU	Pitheciidae	PLA	Lemuridae	STR	order
Nomascus_concolor	Eulemur_macaco	1.022	0.964	121.4130573151	0.0347305389221557	0.999999999971996	0.0408274838141182	0.0886898625312105	0.0030802467227271	55.9417082901988	40.7532714892304	15.1884368009684	OU	Hylobatidae	APE	Lemuridae	STR	order
Trachypithecus_obscurus	Pan_troglodytes	1.262	1.303	62.1515760313	0.0245508982035928	0.511901910749675	0.0403384885970091	0.0634333021123357	0.00304227140038799	55.9417082901988	40.7532714892304	15.1884368009684	OU	Cercopithecidae	OWM	Hominidae	APE	order
Semnopithecus_entellus	Pan_paniscus	1.314	1.355	62.1515760317	0.0245508982035928	0.51190191075297	0.0403384885968795	0.0634333021123185	0.00304227140036758	55.9417082901988	40.7532714892304	15.1884368009684	OU	Cercopithecidae	OWM	Hominidae	APE	order
Saimiri_oerstedii	Alouatta_seniculus	1.319	1.284	46.5475501478	0.0209580838323353	0.383381748024785	0.0397911473291593	0.0551629813880494	0.00301555928086996	55.9417082901988	40.7532714892304	15.1884368009684	OU	Cebidae	PLA	Atelidae	PLA	superfamily
Sapajus_apella	Alouatta_caraya	1.448	1.483	46.5475501492	0.0209580838323354	0.383381748036316	0.0397911473285617	0.0551629813879067	0.00301555928077148	55.9417082901988	40.7532714892304	15.1884368009684	OU	Cebidae	PLA	Atelidae	PLA	superfamily
Sapajus_apella	Macaca_fascicularis	1.448	1.493	78.0653383496	0.0269461077844312	0.642973170050508	0.0395050671934661	0.069129976996995	0.00289714081094542	55.9417082901988	40.7532714892304	15.1884368009684	OU	Cebidae	PLA	Cercopithecidae	OWM	order
Plecturocebus_moloch	Piliocolobus_badius	1.063	1.018	78.0653383542	0.0269461077844311	0.642973170088395	0.039505067192303	0.0691299769969143	0.00289714081077131	55.9417082901988	40.7532714892304	15.1884368009684	OU	Pitheciidae	PLA	Cercopithecidae	OWM	order
Ateles_geoffroyi	Nomascus_concolor	1.067	1.022	78.065338355	0.0269461077844311	0.642973170094985	0.0395050671921007	0.0691299769969002	0.00289714081074103	55.9417082901988	40.7532714892304	15.1884368009684	OU	Atelidae	PLA	Hylobatidae	APE	order
Eulemur_coronatus	Cheirogaleus_medius	1.043	1	71.9834962251	0.0257485029940119	0.5928810114407	0.0393118186424011	0.0661882072418614	0.00287451819074797	55.9417082901988	40.7532714892304	15.1884368009684	OU	Lemuridae	STR	Cheirogaleidae	STR	superfamily
Plecturocebus_moloch	Hapalemur_griseus	1.063	1.119	121.41305731	0.0335329341317366	0.999999999929991	0.0394208060985214	0.085643574261604	0.00287188033472191	55.9417082901988	40.7532714892304	15.1884368009684	OU	Pitheciidae	PLA	Lemuridae	STR	order
Ateles_geoffroyi	Eulemur_mongoz	1.067	1.012	121.413057306	0.0329341317365269	0.999999999897046	0.0387174209407828	0.0841199553778653	0.00277041769237061	55.9417082901988	40.7532714892304	15.1884368009684	OU	Atelidae	PLA	Lemuridae	STR	order
Hylobates_muelleri	Eulemur_mongoz	1.067	1.012	121.4130573154	0.0329341317365269	0.999999999974467	0.0387174209392852	0.0841199553778516	0.00277041769215567	55.9417082901988	40.7532714892304	15.1884368009684	OU	Hylobatidae	APE	Lemuridae	STR	order
Cebus_olivaceus	Trachypithecus_obscurus	1.306	1.262	78.0653383473	0.0263473053892216	0.642973170031565	0.0386278708004154	0.0675974778965118	0.00276996222656246	55.9417082901988	40.7532714892304	15.1884368009684	OU	Cebidae	PLA	Cercopithecidae	OWM	order
Cercopithecus_diana	Pygathrix_nemaeus	1.333	1.303	38.5936741535	0.0179640718562874	0.317870869953123	0.0374585133296707	0.048219015362069	0.00272503692122332	55.9417082901988	40.7532714892304	15.1884368009684	OU	Cercopithecidae	OWM	Cercopithecidae	OWM	family
Eulemur_rubriventer	Eulemur_coronatus	1.021	1.043	22.8374257191	0.0131736526946108	0.188096949566068	0.0357109173816297	0.0387674399200973	0.00271513594741827	55.9417082901988	40.7532714892304	15.1884368009684	OU	Lemuridae	STR	Lemuridae	STR	family
Leontocebus_fuscicolis	Eulemur_mongoz	0.958	1.012	121.4130573053	0.0323353293413174	0.99999999989128	0.0380140056445629	0.082596027400959	0.00267076974858485	55.9417082901988	40.7532714892304	15.1884368009684	OU	Callitrichidae	PLA	Lemuridae	STR	order
Piliocolobus_badius	Eulemur_macaco	1.018	0.964	121.4130573131	0.0323353293413174	0.999999999955524	0.0380140056433428	0.0825960274009478	0.00267076974841291	55.9417082901988	40.7532714892304	15.1884368009684	OU	Cercopithecidae	OWM	Lemuridae	STR	order
Trachypithecus_francoisi	Propithecus_verreauxi	1.048	1.102	121.4130573132	0.0323353293413174	0.999999999956347	0.0380140056433272	0.0825960274009477	0.00267076974841071	55.9417082901988	40.7532714892304	15.1884368009684	OU	Cercopithecidae	OWM	Indriidae	STR	order
Hylobates_klossii	Eulemur_mongoz	0.958	1.012	121.4130573153	0.0323353293413174	0.999999999973644	0.0380140056429987	0.0825960274009448	0.00267076974836442	55.9417082901988	40.7532714892304	15.1884368009684	OU	Hylobatidae	APE	Lemuridae	STR	order
Aotus_trivirgatus	Trachypithecus_cristatus	1.105	1.148	78.0653383562	0.0257485029940119	0.642973170104868	0.0377506276400975	0.0660647281821162	0.00264562804559693	55.9417082901988	40.7532714892304	15.1884368009684	OU	Aotidae	PLA	Cercopithecidae	OWM	order
Pygathrix_nemaeus	Colobus_angolensis	1.303	1.279	27.0170263228	0.01437125748503	0.222521588035848	0.035817354245371	0.040814204904219	0.00263593053106745	55.9417082901988	40.7532714892304	15.1884368009684	OU	Cercopithecidae	OWM	Cercopithecidae	OWM	family
Trachypithecus_pileatus	Colobus_polykomos	1.217	1.193	27.0170263241	0.01437125748503	0.222521588046555	0.0358173542445098	0.0408142049038377	0.00263593053091599	55.9417082901988	40.7532714892304	15.1884368009684	OU	Cercopithecidae	OWM	Cercopithecidae	OWM	family
Presbytis_comata	Hylobates_klossii	0.996	0.958	62.1515760353	0.0227544910179641	0.511901910782621	0.0373891386126615	0.0588005849556029	0.00261373781585956	55.9417082901988	40.7532714892304	15.1884368009684	OU	Cercopithecidae	OWM	Hylobatidae	APE	order
Callithrix_jacchus	Cheirogaleus_medius	0.947	1	121.4130573043	0.0317365269461078	0.999999999883044	0.0373105607571493	0.0810717958897605	0.00257293723512566	55.9417082901988	40.7532714892304	15.1884368009684	OU	Callitrichidae	PLA	Cheirogaleidae	STR	order
Callithrix_jacchus	Eulemur_fulvus	0.947	1	121.4130573047	0.0317365269461078	0.999999999886338	0.0373105607570878	0.08107179588976	0.00257293723511716	55.9417082901988	40.7532714892304	15.1884368009684	OU	Callitrichidae	PLA	Lemuridae	STR	order
Callithrix_jacchus	Lemur_catta	0.947	1	121.4130573063	0.0317365269461078	0.999999999899517	0.0373105607568422	0.0810717958897578	0.00257293723508319	55.9417082901988	40.7532714892304	15.1884368009684	OU	Callitrichidae	PLA	Lemuridae	STR	order
Macaca_mulatta	Colobus_angolensis	1.25	1.279	38.5936741547	0.0173652694610778	0.317870869963007	0.0362107686015945	0.0466135762637936	0.00254649730080482	55.9417082901988	40.7532714892304	15.1884368009684	OU	Cercopithecidae	OWM	Cercopithecidae	OWM	family
Sapajus_apella	Cercopithecus_cephus	1.448	1.49	78.0653383487	0.0251497005988024	0.642973170043096	0.0368733387796363	0.064531733510441	0.00252413919044323	55.9417082901988	40.7532714892304	15.1884368009684	OU	Cebidae	PLA	Cercopithecidae	OWM	order
Plecturocebus_moloch	Hylobates_lar	1.063	1.105	78.0653383569	0.0251497005988024	0.642973170110634	0.0368733387777011	0.0645317335103073	0.00252413919017286	55.9417082901988	40.7532714892304	15.1884368009684	OU	Pitheciidae	PLA	Hylobatidae	APE	order
Saguinus_oedipus	Ateles_geoffroyi	1.035	1.067	46.5475501492	0.0191616766467066	0.383381748036316	0.0363829533409996	0.0504413254837985	0.00252109124522086	55.9417082901988	40.7532714892304	15.1884368009684	OU	Callitrichidae	PLA	Atelidae	PLA	superfamily
Ateles_geoffroyi	Hapalemur_griseus	1.067	1.119	121.4130573088	0.0311377245508982	0.999999999920108	0.0366070868244407	0.0795472664064788	0.00247692087033974	55.9417082901988	40.7532714892304	15.1884368009684	OU	Atelidae	PLA	Lemuridae	STR	order
Hylobates_muelleri	Hapalemur_griseus	1.067	1.119	121.4130573182	0.0311377245508982	0.999999999997529	0.0366070868230247	0.0795472664064658	0.00247692087014757	55.9417082901988	40.7532714892304	15.1884368009684	OU	Hylobatidae	APE	Lemuridae	STR	order
Eulemur_rubriventer	Eulemur_fulvus	1.021	1	22.8374257184	0.0125748502994011	0.188096949560302	0.0340887053907424	0.0370065777816119	0.00247400171446016	55.9417082901988	40.7532714892304	15.1884368009684	OU	Lemuridae	STR	Lemuridae	STR	family
Allenopithecus_nigroviridis	Erythrocebus_patas	1.928	1.908	21.319610164	0.0119760479041916	0.175595694852431	0.033601518666986	0.0358190774721253	0.00244294706684368	55.9417082901988	40.7532714892304	15.1884368009684	OU	Cercopithecidae	OWM	Cercopithecidae	OWM	family
Plecturocebus_moloch	Nomascus_concolor	1.063	1.022	78.0653383562	0.0245508982035928	0.642973170104868	0.0359960052721088	0.0629984995398607	0.00240549656050181	55.9417082901988	40.7532714892304	15.1884368009684	OU	Pitheciidae	PLA	Hylobatidae	APE	order
Plecturocebus_moloch	Eulemur_mongoz	1.063	1.012	121.4130573072	0.0305389221556886	0.999999999906929	0.0359035843950422	0.0780224445166321	0.00238272135971172	55.9417082901988	40.7532714892304	15.1884368009684	OU	Pitheciidae	PLA	Lemuridae	STR	order
Chlorocebus_pygerythrus	Rhinopithecus_roxellana	1.571	1.543	38.5936741533	0.0167664670658683	0.317870869951476	0.0349629351924678	0.0450079479922922	0.00237399632696848	55.9417082901988	40.7532714892304	15.1884368009684	OU	Cercopithecidae	OWM	Cercopithecidae	OWM	family
Cercopithecus_ascanius	Pan_troglodytes	1.267	1.303	62.1515760317	0.0215568862275449	0.51190191075297	0.0354226185158324	0.0557109914355999	0.00234606567932993	55.9417082901988	40.7532714892304	15.1884368009684	OU	Cercopithecidae	OWM	Hominidae	APE	order
Papio_hamadryas	Cercopithecus_mitis	1.842	1.866	29.8369393137	0.01437125748503	0.245747368303472	0.0340838724126883	0.0400755282582279	0.00234360896486333	55.9417082901988	40.7532714892304	15.1884368009684	OU	Cercopithecidae	OWM	Cercopithecidae	OWM	family
Macaca_fascicularis	Cercopithecus_pogonias	1.493	1.469	29.8369393142	0.01437125748503	0.24574736830759	0.0340838724124029	0.0400755282581112	0.00234360896481723	55.9417082901988	40.7532714892304	15.1884368009684	OU	Cercopithecidae	OWM	Cercopithecidae	OWM	family
Macaca_fascicularis	Cercopithecus_petaurista	1.493	1.517	29.8369393143	0.0143712574850298	0.245747368308414	0.0340838724123456	0.0400755282580875	0.00234360896480796	55.9417082901988	40.7532714892304	15.1884368009684	OU	Cercopithecidae	OWM	Cercopithecidae	OWM	family
Saimiri_sciureus	Trachypithecus_pileatus	1.177	1.217	78.0653383471	0.0239520958083833	0.642973170029917	0.0351186281856208	0.0614650319324411	0.00228970103626978	55.9417082901988	40.7532714892304	15.1884368009684	OU	Cebidae	PLA	Cercopithecidae	OWM	order
Saimiri_oerstedii	Colobus_angolensis	1.319	1.279	78.0653383474	0.0239520958083833	0.642973170032388	0.0351186281855534	0.0614650319324364	0.0022897010362608	55.9417082901988	40.7532714892304	15.1884368009684	OU	Cebidae	PLA	Cercopithecidae	OWM	order
Cheracebus_torquatus	Piliocolobus_badius	1.058	1.018	78.0653383533	0.0239520958083833	0.642973170080983	0.0351186281842271	0.0614650319323447	0.00228970103608434	55.9417082901988	40.7532714892304	15.1884368009684	OU	Pitheciidae	PLA	Cercopithecidae	OWM	order
Presbytis_comata	Piliocolobus_badius	0.996	1.018	27.017026323	0.0131736526946108	0.222521588037495	0.0328343367901207	0.0374156287207624	0.00221506822086302	55.9417082901988	40.7532714892304	15.1884368009684	OU	Cercopithecidae	OWM	Cercopithecidae	OWM	family
Cercopithecus_mona	Trachypithecus_obscurus	1.289	1.262	38.5936741529	0.0161676646706586	0.317870869948181	0.0337150161526213	0.04340213704911	0.00220753539924678	55.9417082901988	40.7532714892304	15.1884368009684	OU	Cercopithecidae	OWM	Cercopithecidae	OWM	family
Cebus_olivaceus	Cercopithecus_ascanius	1.306	1.267	78.0653383477	0.0233532934131737	0.642973170034859	0.0342412085750364	0.0599313363519196	0.0021767534754119	55.9417082901988	40.7532714892304	15.1884368009684	OU	Cebidae	PLA	Cercopithecidae	OWM	order
Saguinus_oedipus	Presbytis_comata	1.035	0.996	78.0653383512	0.0233532934131736	0.642973170063686	0.0342412085742691	0.0599313363518664	0.00217675347531236	55.9417082901988	40.7532714892304	15.1884368009684	OU	Callitrichidae	PLA	Cercopithecidae	OWM	order
Alouatta_palliata	Colobus_angolensis	1.24	1.279	78.065338356	0.0233532934131736	0.642973170103221	0.034241208573217	0.0599313363517936	0.00217675347517587	55.9417082901988	40.7532714892304	15.1884368009684	OU	Atelidae	PLA	Cercopithecidae	OWM	order
Pongo_pygmaeus	Pongo_abelii	2.193	2.188	3.10266931	0.00299401197604784	0.0255546592642078	0.0220238921637651	0.0183608207510813	0.00215117394642002	55.9417082901988	40.7532714892304	15.1884368009684	OU	Hominidae	APE	Hominidae	APE	family
Trachypithecus_francoisi	Cheirogaleus_medius	1.048	1	121.4130573122	0.0287425149700599	0.999999999948111	0.033792911589148	0.0734462801106657	0.00211103080568556	55.9417082901988	40.7532714892304	15.1884368009684	OU	Cercopithecidae	OWM	Cheirogaleidae	STR	order
Trachypithecus_francoisi	Eulemur_fulvus	1.048	1	121.4130573126	0.0287425149700599	0.999999999951406	0.0337929115890923	0.0734462801106652	0.00211103080567859	55.9417082901988	40.7532714892304	15.1884368009684	OU	Cercopithecidae	OWM	Lemuridae	STR	order
Trachypithecus_francoisi	Lemur_catta	1.048	1	121.4130573142	0.0287425149700599	0.999999999964584	0.0337929115888698	0.0734462801106632	0.00211103080565071	55.9417082901988	40.7532714892304	15.1884368009684	OU	Cercopithecidae	OWM	Lemuridae	STR	order
Leontocebus_fuscicolis	Presbytis_comata	0.958	0.996	78.0653383513	0.0227544910179641	0.64297317006451	0.0333637475030121	0.0583974184650989	0.00206665471562843	55.9417082901988	40.7532714892304	15.1884368009684	OU	Callitrichidae	PLA	Cercopithecidae	OWM	order
Ateles_geoffroyi	Hylobates_lar	1.067	1.105	78.0653383557	0.0227544910179641	0.64297317010075	0.0333637475020724	0.058397418465034	0.00206665471550965	55.9417082901988	40.7532714892304	15.1884368009684	OU	Atelidae	PLA	Hylobatidae	APE	order
Aotus_trivirgatus	Hylobates_muelleri	1.105	1.067	78.0653383585	0.0227544910179641	0.642973170123812	0.0333637475014743	0.0583974184649926	0.00206665471543406	55.9417082901988	40.7532714892304	15.1884368009684	OU	Aotidae	PLA	Hylobatidae	APE	order
Cercopithecus_petaurista	Rhinopithecus_roxellana	1.517	1.543	38.5936741531	0.0155688622754491	0.317870869949829	0.0324670145349296	0.0417961499386163	0.00204711586859483	55.9417082901988	40.7532714892304	15.1884368009684	OU	Cercopithecidae	OWM	Cercopithecidae	OWM	family
Macaca_fascicularis	Colobus_guereza	1.493	1.467	38.5936741546	0.0155688622754491	0.317870869962183	0.0324670145342991	0.0417961499384191	0.00204711586850561	55.9417082901988	40.7532714892304	15.1884368009684	OU	Cercopithecidae	OWM	Cercopithecidae	OWM	family
Presbytis_comata	Eulemur_coronatus	0.996	1.043	121.4130573121	0.0281437125748503	0.999999999947287	0.0330893006388115	0.071920344313123	0.0020241054987395	55.9417082901988	40.7532714892304	15.1884368009684	OU	Cercopithecidae	OWM	Lemuridae	STR	order
Eulemur_macaco	Cheirogaleus_medius	0.964	1	71.9834962251	0.0215568862275449	0.5928810114407	0.0329162051694161	0.0554324227512142	0.00201549789503524	55.9417082901988	40.7532714892304	15.1884368009684	OU	Lemuridae	STR	Cheirogaleidae	STR	superfamily
Cheracebus_torquatus	Eulemur_mongoz	1.058	1.012	121.4130573063	0.0275449101796407	0.999999999899516	0.032385663926806	0.0703941439836733	0.00193900037339782	55.9417082901988	40.7532714892304	15.1884368009684	OU	Pitheciidae	PLA	Lemuridae	STR	order
Ateles_geoffroyi	Eulemur_rubriventer	1.067	1.021	121.413057307	0.0275449101796407	0.999999999905282	0.0323856639267127	0.0703941439836724	0.00193900037338661	55.9417082901988	40.7532714892304	15.1884368009684	OU	Atelidae	PLA	Lemuridae	STR	order
Trachypithecus_cristatus	Propithecus_verreauxi	1.148	1.102	121.4130573131	0.0275449101796406	0.999999999955524	0.0323856639258995	0.0703941439836646	0.00193900037328897	55.9417082901988	40.7532714892304	15.1884368009684	OU	Cercopithecidae	OWM	Indriidae	STR	order
Hylobates_muelleri	Eulemur_rubriventer	1.067	1.021	121.4130573164	0.0275449101796407	0.999999999982704	0.0323856639254598	0.0703941439836609	0.00193900037323617	55.9417082901988	40.7532714892304	15.1884368009684	OU	Hylobatidae	APE	Lemuridae	STR	order
Cercopithecus_mona	Semnopithecus_entellus	1.289	1.314	38.5936741533	0.0149700598802396	0.317870869951476	0.0312189333929286	0.0401899931673419	0.00189273903706046	55.9417082901988	40.7532714892304	15.1884368009684	OU	Cercopithecidae	OWM	Cercopithecidae	OWM	family
Saimiri_oerstedii	Pan_paniscus	1.319	1.355	78.0653383454	0.0215568862275449	0.642973170015916	0.0316087052243177	0.05532893845196	0.00185500684464052	55.9417082901988	40.7532714892304	15.1884368009684	OU	Cebidae	PLA	Hominidae	APE	order
Cheracebus_torquatus	Nomascus_concolor	1.058	1.022	78.0653383553	0.0215568862275449	0.642973170097455	0.0316087052223146	0.0553289384518216	0.00185500684440063	55.9417082901988	40.7532714892304	15.1884368009684	OU	Pitheciidae	PLA	Hylobatidae	APE	order
Saguinus_oedipus	Plecturocebus_moloch	1.035	1.063	49.0936032064	0.0167664670658683	0.404351923019399	0.0310015374213767	0.0439514380043702	0.0018224479614073	55.9417082901988	40.7532714892304	15.1884368009684	OU	Callitrichidae	PLA	Pitheciidae	PLA	superfamily
Papio_anubis	Cercopithecus_mitis	1.887	1.866	29.8369393137	0.0125748502994011	0.245747368303472	0.0298255151343816	0.0350695448957696	0.00179450254208968	55.9417082901988	40.7532714892304	15.1884368009684	OU	Cercopithecidae	OWM	Cercopithecidae	OWM	family
Papio_anubis	Erythrocebus_patas	1.887	1.908	29.8369393139	0.0125748502994011	0.24574736830512	0.0298255151342819	0.0350695448957287	0.00179450254207556	55.9417082901988	40.7532714892304	15.1884368009684	OU	Cercopithecidae	OWM	Cercopithecidae	OWM	family
Cheracebus_torquatus	Propithecus_verreauxi	1.058	1.102	121.4130573063	0.0263473053892216	0.999999999899516	0.0309783154028822	0.0673409720676068	0.00177425315645056	55.9417082901988	40.7532714892304	15.1884368009684	OU	Pitheciidae	PLA	Indriidae	STR	order
Aotus_trivirgatus	Ateles_paniscus	1.105	1.079	46.5475501531	0.0155688622754491	0.383381748068438	0.029564632896322	0.0409928637698009	0.00166469127318588	55.9417082901988	40.7532714892304	15.1884368009684	OU	Aotidae	PLA	Atelidae	PLA	superfamily
Alouatta_caraya	Cercopithecus_petaurista	1.483	1.517	78.0653383559	0.0203592814371256	0.642973170102397	0.0298535098355759	0.0522596372745349	0.00165476370173411	55.9417082901988	40.7532714892304	15.1884368009684	OU	Atelidae	PLA	Cercopithecidae	OWM	order
Alouatta_seniculus	Macaca_mulatta	1.284	1.25	78.0653383571	0.0203592814371258	0.642973170112281	0.0298535098353468	0.0522596372745195	0.0016547637017082	55.9417082901988	40.7532714892304	15.1884368009684	OU	Atelidae	PLA	Cercopithecidae	OWM	order
Semnopithecus_vetulus	Pan_paniscus	1.385	1.355	62.151576032	0.0179640718562874	0.511901910755441	0.0295218131171782	0.0464373666080795	0.0016296172626768	55.9417082901988	40.7532714892304	15.1884368009684	OU	Cercopithecidae	OWM	Hominidae	APE	order
Cercopithecus_diana	Pan_troglodytes	1.333	1.303	62.1515760327	0.0179640718562874	0.511901910761206	0.029521813117012	0.0464373666080573	0.00162961726265766	55.9417082901988	40.7532714892304	15.1884368009684	OU	Cercopithecidae	OWM	Hominidae	APE	order
Leontocebus_fuscicolis	Cheirogaleus_medius	0.958	1	121.4130573043	0.0251497005988024	0.999999999883044	0.0295708703969269	0.0642868090678666	0.00161679400069832	55.9417082901988	40.7532714892304	15.1884368009684	OU	Callitrichidae	PLA	Cheirogaleidae	STR	order
Leontocebus_fuscicolis	Eulemur_fulvus	0.958	1	121.4130573047	0.0251497005988024	0.999999999886338	0.0295708703968781	0.0642868090678661	0.00161679400069298	55.9417082901988	40.7532714892304	15.1884368009684	OU	Callitrichidae	PLA	Lemuridae	STR	order
Leontocebus_fuscicolis	Lemur_catta	0.958	1	121.4130573063	0.0251497005988024	0.999999999899517	0.0295708703966834	0.0642868090678643	0.00161679400067162	55.9417082901988	40.7532714892304	15.1884368009684	OU	Callitrichidae	PLA	Lemuridae	STR	order
Plecturocebus_moloch	Eulemur_rubriventer	1.063	1.021	121.4130573082	0.0251497005988024	0.999999999915166	0.0295708703964522	0.0642868090678622	0.00161679400064627	55.9417082901988	40.7532714892304	15.1884368009684	OU	Pitheciidae	PLA	Lemuridae	STR	order
Hylobates_klossii	Cheirogaleus_medius	0.958	1	121.4130573143	0.0251497005988024	0.999999999965407	0.0295708703957097	0.0642868090678555	0.00161679400056487	55.9417082901988	40.7532714892304	15.1884368009684	OU	Hylobatidae	APE	Cheirogaleidae	STR	order
Hylobates_klossii	Eulemur_fulvus	0.958	1	121.4130573147	0.0251497005988024	0.999999999968702	0.0295708703956609	0.0642868090678551	0.00161679400055953	55.9417082901988	40.7532714892304	15.1884368009684	OU	Hylobatidae	APE	Lemuridae	STR	order
Hylobates_klossii	Lemur_catta	0.958	1	121.4130573163	0.0251497005988024	0.99999999998188	0.0295708703954662	0.0642868090678532	0.00161679400053818	55.9417082901988	40.7532714892304	15.1884368009684	OU	Hylobatidae	APE	Lemuridae	STR	order
Cercopithecus_nictitans	Rhinopithecus_roxellana	1.566	1.543	38.5936741532	0.0137724550898204	0.317870869950652	0.0287225447521408	0.0369771966785436	0.00160211843470199	55.9417082901988	40.7532714892304	15.1884368009684	OU	Cercopithecidae	OWM	Cercopithecidae	OWM	family
Cercopithecus_cephus	Colobus_guereza	1.49	1.467	38.5936741537	0.0137724550898203	0.31787086995477	0.0287225447519545	0.036977196678485	0.00160211843467868	55.9417082901988	40.7532714892304	15.1884368009684	OU	Cercopithecidae	OWM	Cercopithecidae	OWM	family
Ateles_paniscus	Hapalemur_griseus	1.079	1.119	121.4130573088	0.0239520958083833	0.999999999920108	0.0281633332873072	0.0612316997335918	0.00146662753864632	55.9417082901988	40.7532714892304	15.1884368009684	OU	Atelidae	PLA	Lemuridae	STR	order
Saguinus_oedipus	Hylobates_muelleri	1.035	1.067	78.0653383546	0.0191616766467066	0.64297317009169	0.0280981698360804	0.04918956035166	0.00146593122963087	55.9417082901988	40.7532714892304	15.1884368009684	OU	Callitrichidae	PLA	Hylobatidae	APE	order
Plecturocebus_moloch	Propithecus_verreauxi	1.063	1.102	121.4130573072	0.0233532934131737	0.999999999906929	0.0274595315631645	0.059703804186601	0.00139428045718213	55.9417082901988	40.7532714892304	15.1884368009684	OU	Pitheciidae	PLA	Indriidae	STR	order
Ateles_paniscus	Trachypithecus_francoisi	1.079	1.048	78.0653383532	0.018562874251497	0.642973170080159	0.0272204482613843	0.0476542451883912	0.00137579575967661	55.9417082901988	40.7532714892304	15.1884368009684	OU	Atelidae	PLA	Cercopithecidae	OWM	order
Trachypithecus_obscurus	Colobus_angolensis	1.262	1.279	27.0170263233	0.0101796407185628	0.222521588039966	0.0253748739458198	0.0289163483537072	0.00132282912290144	55.9417082901988	40.7532714892304	15.1884368009684	OU	Cercopithecidae	OWM	Cercopithecidae	OWM	family
Eulemur_mongoz	Eulemur_fulvus	1.012	1	15.6477288174	0.00718562874251498	0.128880115228066	0.0235363744532911	0.0233679599731144	0.00130286572555907	55.9417082901988	40.7532714892304	15.1884368009684	OU	Lemuridae	STR	Lemuridae	STR	family
Saimiri_oerstedii	Cercopithecus_mona	1.319	1.289	78.065338347	0.0179640718562874	0.642973170029094	0.0263426937202751	0.0461187531362345	0.00128851503278778	55.9417082901988	40.7532714892304	15.1884368009684	OU	Cebidae	PLA	Cercopithecidae	OWM	order
Alouatta_seniculus	Semnopithecus_entellus	1.284	1.314	78.0653383561	0.0179640718562874	0.642973170104045	0.0263426937187404	0.0461187531361283	0.00128851503263461	55.9417082901988	40.7532714892304	15.1884368009684	OU	Atelidae	PLA	Cercopithecidae	OWM	order
Cheracebus_torquatus	Eulemur_rubriventer	1.058	1.021	121.4130573073	0.0221556886227546	0.999999999907753	0.0260518645129649	0.0566473593460733	0.00125506125508866	55.9417082901988	40.7532714892304	15.1884368009684	OU	Pitheciidae	PLA	Lemuridae	STR	order
Saguinus_oedipus	Cheracebus_torquatus	1.035	1.058	49.0936032055	0.0137724550898204	0.404351923011986	0.0254676334492617	0.0361089099891916	0.00122988988766048	55.9417082901988	40.7532714892304	15.1884368009684	OU	Callitrichidae	PLA	Pitheciidae	PLA	superfamily
Presbytis_comata	Nomascus_concolor	0.996	1.022	62.151576035	0.0155688622754491	0.51190191078015	0.0255870248054305	0.0402513772310458	0.00122419575959825	55.9417082901988	40.7532714892304	15.1884368009684	OU	Cercopithecidae	OWM	Hylobatidae	APE	order
Trachypithecus_francoisi	Nomascus_concolor	1.048	1.022	62.1515760362	0.0155688622754491	0.511901910790033	0.0255870248051835	0.0402513772310127	0.00122419575957361	55.9417082901988	40.7532714892304	15.1884368009684	OU	Cercopithecidae	OWM	Hylobatidae	APE	order
Saimiri_sciureus	Trachypithecus_cristatus	1.177	1.148	78.0653383471	0.0173652694610779	0.642973170029918	0.0254649072731414	0.0445830898817497	0.0012040896965701	55.9417082901988	40.7532714892304	15.1884368009684	OU	Cebidae	PLA	Cercopithecidae	OWM	order
Cebus_olivaceus	Alouatta_seniculus	1.306	1.284	46.5475501484	0.0131736526946108	0.383381748029727	0.0250178542639597	0.0346906062054014	0.00119202857273224	55.9417082901988	40.7532714892304	15.1884368009684	OU	Cebidae	PLA	Atelidae	PLA	superfamily
Ateles_paniscus	Eulemur_coronatus	1.079	1.043	121.4130573061	0.0215568862275449	0.999999999897869	0.0253480002825958	0.0551188212650532	0.00118819015912849	55.9417082901988	40.7532714892304	15.1884368009684	OU	Atelidae	PLA	Lemuridae	STR	order
Trachypithecus_francoisi	Eulemur_mongoz	1.048	1.012	121.4130573132	0.0215568862275449	0.999999999956347	0.025348000281855	0.0551188212650464	0.00118819015905886	55.9417082901988	40.7532714892304	15.1884368009684	OU	Cercopithecidae	OWM	Lemuridae	STR	order
Macaca_mulatta	Cercopithecus_ascanius	1.25	1.267	29.8369393144	0.0101796407185628	0.245747368309238	0.0241464033738006	0.0283927837179215	0.00117611976574496	55.9417082901988	40.7532714892304	15.1884368009684	OU	Cercopithecidae	OWM	Cercopithecidae	OWM	family
Saguinus_oedipus	Cheirogaleus_medius	1.035	1	121.4130573042	0.0209580838323353	0.99999999988222	0.0246441163123482	0.053590080222419	0.00112314539401531	55.9417082901988	40.7532714892304	15.1884368009684	OU	Callitrichidae	PLA	Cheirogaleidae	STR	order
Saguinus_oedipus	Eulemur_fulvus	1.035	1	121.4130573046	0.0209580838323353	0.999999999885515	0.0246441163123077	0.0535900802224185	0.0011231453940116	55.9417082901988	40.7532714892304	15.1884368009684	OU	Callitrichidae	PLA	Lemuridae	STR	order
Ateles_geoffroyi	Propithecus_verreauxi	1.067	1.102	121.413057306	0.0209580838323354	0.999999999897046	0.0246441163121658	0.0535900802224177	0.00112314539399864	55.9417082901988	40.7532714892304	15.1884368009684	OU	Atelidae	PLA	Indriidae	STR	order
Saguinus_oedipus	Lemur_catta	1.035	1	121.4130573062	0.0209580838323353	0.999999999898693	0.0246441163121453	0.0535900802224171	0.00112314539399677	55.9417082901988	40.7532714892304	15.1884368009684	OU	Callitrichidae	PLA	Lemuridae	STR	order
Hylobates_muelleri	Propithecus_verreauxi	1.067	1.102	121.4130573154	0.0209580838323354	0.999999999974467	0.0246441163112121	0.0535900802224089	0.0011231453939115	55.9417082901988	40.7532714892304	15.1884368009684	OU	Hylobatidae	APE	Indriidae	STR	order
Cercopithecus_diana	Semnopithecus_entellus	1.333	1.314	38.5936741544	0.011377245508982	0.317870869960536	0.0237289475840634	0.0305498542746368	0.00109344147322879	55.9417082901988	40.7532714892304	15.1884368009684	OU	Cercopithecidae	OWM	Cercopithecidae	OWM	family
Eulemur_rubriventer	Lemur_catta	1.021	1	47.79972854	0.0125748502994011	0.393695123042723	0.0235662452985283	0.0330409070682012	0.00105534571250955	55.9417082901988	40.7532714892304	15.1884368009684	OU	Lemuridae	STR	Lemuridae	STR	family
Cebus_olivaceus	Colobus_angolensis	1.306	1.279	78.065338348	0.0161676646706588	0.64297317003733	0.0237092429136802	0.0415112725222467	0.00104380768198003	55.9417082901988	40.7532714892304	15.1884368009684	OU	Cebidae	PLA	Cercopithecidae	OWM	order
Cebus_olivaceus	Cercopithecus_diana	1.306	1.333	78.0653383487	0.0161676646706586	0.642973170043096	0.0237092429135737	0.0415112725222391	0.00104380768197047	55.9417082901988	40.7532714892304	15.1884368009684	OU	Cebidae	PLA	Cercopithecidae	OWM	order
Alouatta_palliata	Cercopithecus_ascanius	1.24	1.267	78.0653383557	0.0161676646706586	0.64297317010075	0.0237092429125111	0.0415112725221656	0.00104380768187503	55.9417082901988	40.7532714892304	15.1884368009684	OU	Atelidae	PLA	Cercopithecidae	OWM	order
Colobus_angolensis	Pan_troglodytes	1.279	1.303	62.151576032	0.01437125748503	0.511901910755441	0.0236193911171156	0.037157450084404	0.00104316719947786	55.9417082901988	40.7532714892304	15.1884368009684	OU	Cercopithecidae	OWM	Hominidae	APE	order
Saimiri_sciureus	Cacajao_calvus	1.177	1.198	49.0936032	0.0125748502994011	0.404351922966687	0.023253713609289	0.0329708777412096	0.00102535397579827	55.9417082901988	40.7532714892304	15.1884368009684	OU	Cebidae	PLA	Pitheciidae	PLA	superfamily
Ateles_paniscus	Cheracebus_torquatus	1.079	1.058	49.0936032063	0.0125748502994011	0.404351923018575	0.0232537136077974	0.0329708777408831	0.00102535397565654	55.9417082901988	40.7532714892304	15.1884368009684	OU	Atelidae	PLA	Pitheciidae	PLA	superfamily
Ateles_paniscus	Hylobates_lar	1.079	1.105	78.0653383557	0.0155688622754491	0.64297317010075	0.0228313671254749	0.0399751297998208	0.000967952193400372	55.9417082901988	40.7532714892304	15.1884368009684	OU	Atelidae	PLA	Hylobatidae	APE	order
Presbytis_comata	Eulemur_macaco	0.996	0.964	121.4130573121	0.0191616766467066	0.999999999947287	0.0225323514388552	0.049002695455512	0.000938973805185056	55.9417082901988	40.7532714892304	15.1884368009684	OU	Cercopithecidae	OWM	Lemuridae	STR	order
Semnopithecus_entellus	Pygathrix_nemaeus	1.314	1.303	17.7111143205	0.00658682634730546	0.145874873029833	0.0202800931364494	0.0206741303568855	0.00093351859517651	55.9417082901988	40.7532714892304	15.1884368009684	OU	Cercopithecidae	OWM	Cercopithecidae	OWM	family
Cercopithecus_diana	Pan_paniscus	1.333	1.355	62.1515760327	0.0131736526946108	0.511901910761206	0.0216516136929711	0.0340629633174526	0.00087660084688122	55.9417082901988	40.7532714892304	15.1884368009684	OU	Cercopithecidae	OWM	Hominidae	APE	order
Alouatta_caraya	Macaca_silenus	1.483	1.459	78.0653383572	0.01437125748503	0.642973170113105	0.0210755336499506	0.0369024047395376	0.000824815070021343	55.9417082901988	40.7532714892304	15.1884368009684	OU	Atelidae	PLA	Cercopithecidae	OWM	order
Trachypithecus_cristatus	Hapalemur_griseus	1.148	1.119	121.4130573159	0.0173652694610778	0.999999999978586	0.0204204286298168	0.0444136861930336	0.000771255628518294	55.9417082901988	40.7532714892304	15.1884368009684	OU	Cercopithecidae	OWM	Lemuridae	STR	order
Alouatta_palliata	Trachypithecus_pileatus	1.24	1.217	78.0653383561	0.0137724550898203	0.642973170104045	0.0201975780875531	0.0353658337943962	0.000757534498007986	55.9417082901988	40.7532714892304	15.1884368009684	OU	Atelidae	PLA	Cercopithecidae	OWM	order
Alouatta_palliata	Trachypithecus_obscurus	1.24	1.262	78.0653383553	0.0131736526946108	0.642973170097455	0.0193195980591634	0.0338291315036753	0.00069311325902166	55.9417082901988	40.7532714892304	15.1884368009684	OU	Atelidae	PLA	Cercopithecidae	OWM	order
Alouatta_seniculus	Trachypithecus_obscurus	1.284	1.262	78.0653383557	0.0131736526946108	0.64297317010075	0.019319598059114	0.0338291315036719	0.000693113259018038	55.9417082901988	40.7532714892304	15.1884368009684	OU	Atelidae	PLA	Cercopithecidae	OWM	order
Eulemur_rubriventer	Cheirogaleus_medius	1.021	1	71.983496226	0.0125748502994011	0.592881011448113	0.0192047146653376	0.0323527655707282	0.000686193647574984	55.9417082901988	40.7532714892304	15.1884368009684	OU	Lemuridae	STR	Cheirogaleidae	STR	superfamily
Mandrillus_leucophaeus	Semnopithecus_vetulus	1.4	1.385	38.593674154	0.00898203592814365	0.317870869957241	0.0187344202433324	0.0241205269052264	0.000681570599085227	55.9417082901988	40.7532714892304	15.1884368009684	OU	Cercopithecidae	OWM	Cercopithecidae	OWM	family
Macaca_fuscata	Semnopithecus_vetulus	1.37	1.385	38.5936741546	0.00898203592814365	0.317870869962183	0.0187344202431868	0.0241205269051809	0.000681570599073345	55.9417082901988	40.7532714892304	15.1884368009684	OU	Cercopithecidae	OWM	Cercopithecidae	OWM	family
Trachypithecus_francoisi	Eulemur_rubriventer	1.048	1.021	121.4130573142	0.0161676646706588	0.999999999964584	0.0190123996552767	0.0413535191437305	0.000668589830491181	55.9417082901988	40.7532714892304	15.1884368009684	OU	Cercopithecidae	OWM	Lemuridae	STR	order
Trachypithecus_francoisi	Hylobates_muelleri	1.048	1.067	62.1515760366	0.011377245508982	0.511901910793328	0.0186997042352686	0.0294202857050626	0.000653878812236019	55.9417082901988	40.7532714892304	15.1884368009684	OU	Cercopithecidae	OWM	Hylobatidae	APE	order
Sapajus_apella	Cercopithecus_pogonias	1.448	1.469	78.0653383486	0.0125748502994013	0.642973170042272	0.0184415946286175	0.0322923035675971	0.000631551831561896	55.9417082901988	40.7532714892304	15.1884368009684	OU	Cebidae	PLA	Cercopithecidae	OWM	order
Ateles_paniscus	Plecturocebus_moloch	1.079	1.063	49.0936032072	0.0095808383233533	0.404351923025988	0.0177181675188771	0.0251236692232054	0.00059528791433859	55.9417082901988	40.7532714892304	15.1884368009684	OU	Atelidae	PLA	Pitheciidae	PLA	superfamily
Cercopithecus_mona	Pygathrix_nemaeus	1.289	1.303	38.5936741524	0.00838323353293414	0.317870869944063	0.0174856660008538	0.0225129338252	0.000593735380034525	55.9417082901988	40.7532714892304	15.1884368009684	OU	Cercopithecidae	OWM	Cercopithecidae	OWM	family
Presbytis_comata	Eulemur_rubriventer	0.996	1.021	121.413057313	0.0149700598802395	0.9999999999547	0.0176043114478066	0.0382927425742927	0.000573244649341725	55.9417082901988	40.7532714892304	15.1884368009684	OU	Cercopithecidae	OWM	Lemuridae	STR	order
Piliocolobus_badius	Eulemur_coronatus	1.018	1.043	121.4130573131	0.0149700598802395	0.999999999955524	0.0176043114477994	0.0382927425742927	0.000573244649341253	55.9417082901988	40.7532714892304	15.1884368009684	OU	Cercopithecidae	OWM	Lemuridae	STR	order
Callithrix_jacchus	Leontocebus_fuscicolis	0.947	0.958	26.324919082	0.00658682634730539	0.216821153040751	0.0166350713936495	0.0188088421897114	0.000571395251616501	55.9417082901988	40.7532714892304	15.1884368009684	OU	Callitrichidae	PLA	Callitrichidae	PLA	family
Cebus_olivaceus	Saimiri_oerstedii	1.306	1.319	36.6614225674	0.00778443113772449	0.301956176519194	0.0166591988049755	0.0210416587449276	0.000542454025652214	55.9417082901988	40.7532714892304	15.1884368009684	OU	Cebidae	PLA	Cebidae	PLA	family
Ateles_geoffroyi	Eulemur_coronatus	1.067	1.043	121.4130573061	0.01437125748503	0.999999999897869	0.0169002465025939	0.036762139793965	0.000528318176733695	55.9417082901988	40.7532714892304	15.1884368009684	OU	Atelidae	PLA	Lemuridae	STR	order
Hylobates_muelleri	Eulemur_coronatus	1.067	1.043	121.4130573155	0.01437125748503	0.999999999975291	0.0169002465019398	0.036762139793959	0.000528318176692705	55.9417082901988	40.7532714892304	15.1884368009684	OU	Hylobatidae	APE	Lemuridae	STR	order
Sapajus_apella	Colobus_guereza	1.448	1.467	78.065338349	0.0113772455089821	0.642973170045566	0.0166855218101089	0.0292182935667303	0.000517010218697999	55.9417082901988	40.7532714892304	15.1884368009684	OU	Cebidae	PLA	Cercopithecidae	OWM	order
Cacajao_calvus	Trachypithecus_pileatus	1.198	1.217	78.0653383531	0.0113772455089821	0.642973170079336	0.0166855218096707	0.0292182935667001	0.000517010218670309	55.9417082901988	40.7532714892304	15.1884368009684	OU	Pitheciidae	PLA	Cercopithecidae	OWM	order
Ateles_geoffroyi	Trachypithecus_francoisi	1.067	1.048	78.0653383532	0.011377245508982	0.642973170080159	0.0166855218096597	0.029218293566699	0.000517010218669622	55.9417082901988	40.7532714892304	15.1884368009684	OU	Atelidae	PLA	Cercopithecidae	OWM	order
Alouatta_seniculus	Pan_troglodytes	1.284	1.303	78.0653383544	0.011377245508982	0.642973170090043	0.0166855218095316	0.02921829356669	0.000517010218661516	55.9417082901988	40.7532714892304	15.1884368009684	OU	Atelidae	PLA	Hominidae	APE	order
Alouatta_seniculus	Pygathrix_nemaeus	1.284	1.303	78.0653383552	0.011377245508982	0.642973170096632	0.0166855218094462	0.0292182935666842	0.000517010218656115	55.9417082901988	40.7532714892304	15.1884368009684	OU	Atelidae	PLA	Cercopithecidae	OWM	order
Saguinus_oedipus	Eulemur_mongoz	1.035	1.012	121.4130573052	0.0137724550898203	0.999999999890457	0.016196168393288	0.0352314015261188	0.000485222895323051	55.9417082901988	40.7532714892304	15.1884368009684	OU	Callitrichidae	PLA	Lemuridae	STR	order
Ateles_paniscus	Propithecus_verreauxi	1.079	1.102	121.413057306	0.0137724550898204	0.999999999897046	0.0161961683932348	0.0352314015261187	0.000485222895319857	55.9417082901988	40.7532714892304	15.1884368009684	OU	Atelidae	PLA	Indriidae	STR	order
Eulemur_rubriventer	Eulemur_mongoz	1.021	1.012	22.837425719	0.00538922155688617	0.188096949565244	0.0146130754713825	0.0158646069942084	0.000454541565944209	55.9417082901988	40.7532714892304	15.1884368009684	OU	Lemuridae	STR	Lemuridae	STR	family
Hapalemur_griseus	Propithecus_verreauxi	1.119	1.102	71.9834962288	0.0101796407185628	0.592881011471175	0.0155471912523445	0.026192808703328	0.000449724947925555	55.9417082901988	40.7532714892304	15.1884368009684	OU	Lemuridae	STR	Indriidae	STR	superfamily
Nomascus_concolor	Cheirogaleus_medius	1.022	1	121.413057314	0.0131736526946108	0.999999999962937	0.0154920776679598	0.0337005334048121	0.000443959122714579	55.9417082901988	40.7532714892304	15.1884368009684	OU	Hylobatidae	APE	Cheirogaleidae	STR	order
Nomascus_concolor	Eulemur_fulvus	1.022	1	121.4130573144	0.0131736526946108	0.999999999966231	0.0154920776679344	0.0337005334048119	0.000443959122713113	55.9417082901988	40.7532714892304	15.1884368009684	OU	Hylobatidae	APE	Lemuridae	STR	order
Nomascus_concolor	Lemur_catta	1.022	1	121.413057316	0.0131736526946108	0.999999999979409	0.0154920776678322	0.0337005334048108	0.000443959122707249	55.9417082901988	40.7532714892304	15.1884368009684	OU	Hylobatidae	APE	Lemuridae	STR	order
Cercopithecus_ascanius	Colobus_angolensis	1.267	1.279	38.5936741537	0.00718562874251498	0.31787086995477	0.0149880320360406	0.0192974798571528	0.000436229107559908	55.9417082901988	40.7532714892304	15.1884368009684	OU	Cercopithecidae	OWM	Cercopithecidae	OWM	family
Macaca_mulatta	Trachypithecus_obscurus	1.25	1.262	38.593674154	0.00718562874251498	0.317870869957241	0.0149880320359825	0.0192974798571345	0.000436229107556103	55.9417082901988	40.7532714892304	15.1884368009684	OU	Cercopithecidae	OWM	Cercopithecidae	OWM	family
Cebus_olivaceus	Cercopithecus_mona	1.306	1.289	78.0653383476	0.0101796407185629	0.642973170034035	0.0149293681396416	0.0261438494201081	0.000413913062784289	55.9417082901988	40.7532714892304	15.1884368009684	OU	Cebidae	PLA	Cercopithecidae	OWM	order
Saguinus_oedipus	Piliocolobus_badius	1.035	1.018	78.0653383522	0.0101796407185628	0.642973170071923	0.0149293681392016	0.0261438494200773	0.000413913062759406	55.9417082901988	40.7532714892304	15.1884368009684	OU	Callitrichidae	PLA	Cercopithecidae	OWM	order
Alouatta_seniculus	Cercopithecus_ascanius	1.284	1.267	78.0653383561	0.0101796407185629	0.642973170104045	0.0149293681388289	0.0261438494200519	0.000413913062738331	55.9417082901988	40.7532714892304	15.1884368009684	OU	Atelidae	PLA	Cercopithecidae	OWM	order
Macaca_fuscata	Pan_paniscus	1.37	1.355	62.1515760326	0.00898203592814379	0.511901910760383	0.0147634336143346	0.0232285248368141	0.000407576999140578	55.9417082901988	40.7532714892304	15.1884368009684	OU	Cercopithecidae	OWM	Hominidae	APE	order
Macaca_silenus	Cercopithecus_pogonias	1.459	1.469	29.8369393146	0.00598802395209581	0.245747368310885	0.0142051849627035	0.0167039435462818	0.000407018047587212	55.9417082901988	40.7532714892304	15.1884368009684	OU	Cercopithecidae	OWM	Cercopithecidae	OWM	family
Nomascus_concolor	Eulemur_coronatus	1.022	1.043	121.4130573151	0.0125748502994011	0.999999999971996	0.0147879748760371	0.0321695410655495	0.000404527163111051	55.9417082901988	40.7532714892304	15.1884368009684	OU	Hylobatidae	APE	Lemuridae	STR	order
Plecturocebus_moloch	Eulemur_coronatus	1.063	1.043	121.4130573073	0.0119760479041916	0.999999999907753	0.0140838605658351	0.0306384301452002	0.000366927307161994	55.9417082901988	40.7532714892304	15.1884368009684	OU	Pitheciidae	PLA	Lemuridae	STR	order
Saimiri_oerstedii	Pan_troglodytes	1.319	1.303	78.0653383454	0.0095808383233533	0.642973170015916	0.0140512636435602	0.0246064788063112	0.000366657126835404	55.9417082901988	40.7532714892304	15.1884368009684	OU	Cebidae	PLA	Hominidae	APE	order
Saimiri_oerstedii	Pygathrix_nemaeus	1.319	1.303	78.0653383462	0.0095808383233533	0.642973170022505	0.0140512636434882	0.0246064788063062	0.000366657126831572	55.9417082901988	40.7532714892304	15.1884368009684	OU	Cebidae	PLA	Cercopithecidae	OWM	order
Saimiri_sciureus	Colobus_polykomos	1.177	1.193	78.065338347	0.0095808383233533	0.642973170029094	0.0140512636434162	0.0246064788063012	0.00036665712682774	55.9417082901988	40.7532714892304	15.1884368009684	OU	Cebidae	PLA	Cercopithecidae	OWM	order
Alouatta_caraya	Colobus_guereza	1.483	1.467	78.0653383562	0.0095808383233533	0.642973170104868	0.0140512636425882	0.024606478806244	0.000366657126783676	55.9417082901988	40.7532714892304	15.1884368009684	OU	Atelidae	PLA	Cercopithecidae	OWM	order
Cercopithecus_mona	Pan_troglodytes	1.289	1.303	62.1515760316	0.00838323353293414	0.511901910752146	0.0137793060549261	0.0216803513047182	0.000355051317930139	55.9417082901988	40.7532714892304	15.1884368009684	OU	Cercopithecidae	OWM	Hominidae	APE	order
Macaca_tonkeana	Gorilla_beringei	1.656	1.67	62.151576032	0.00838323353293414	0.511901910755441	0.0137793060548817	0.0216803513047122	0.000355051317927756	55.9417082901988	40.7532714892304	15.1884368009684	OU	Cercopithecidae	OWM	Hominidae	APE	order
Eulemur_mongoz	Lemur_catta	1.012	1	47.799728539	0.00718562874251498	0.393695123034486	0.0134677448512853	0.0188841543642722	0.000344669045763408	55.9417082901988	40.7532714892304	15.1884368009684	OU	Lemuridae	STR	Lemuridae	STR	family
Plecturocebus_moloch	Trachypithecus_francoisi	1.063	1.048	78.0653383544	0.00898203592814365	0.642973170090043	0.0131731421239077	0.023069016775249	0.00032226342737321	55.9417082901988	40.7532714892304	15.1884368009684	OU	Pitheciidae	PLA	Cercopithecidae	OWM	order
Cercopithecus_mona	Colobus_angolensis	1.289	1.279	38.5936741536	0.00598802395209581	0.317870869953947	0.0124902511619476	0.0160817123315564	0.000302945905820266	55.9417082901988	40.7532714892304	15.1884368009684	OU	Cercopithecidae	OWM	Cercopithecidae	OWM	family
Piliocolobus_badius	Cheirogaleus_medius	1.018	1	121.413057312	0.0107784431137725	0.999999999946464	0.0126755995812121	0.0275758751151828	0.000297225001257404	55.9417082901988	40.7532714892304	15.1884368009684	OU	Cercopithecidae	OWM	Cheirogaleidae	STR	order
Piliocolobus_badius	Eulemur_fulvus	1.018	1	121.4130573124	0.0107784431137725	0.999999999949758	0.0126755995811912	0.0275758751151826	0.000297225001256422	55.9417082901988	40.7532714892304	15.1884368009684	OU	Cercopithecidae	OWM	Lemuridae	STR	order
Piliocolobus_badius	Lemur_catta	1.018	1	121.413057314	0.0107784431137725	0.999999999962936	0.0126755995811077	0.0275758751151818	0.000297225001252497	55.9417082901988	40.7532714892304	15.1884368009684	OU	Cercopithecidae	OWM	Lemuridae	STR	order
Saimiri_oerstedii	Cercopithecus_diana	1.319	1.333	78.0653383481	0.00838323353293414	0.642973170038154	0.0122950046465731	0.0215314690357172	0.00028073229435506	55.9417082901988	40.7532714892304	15.1884368009684	OU	Cebidae	PLA	Cercopithecidae	OWM	order
Alouatta_caraya	Cercopithecus_pogonias	1.483	1.469	78.0653383558	0.00838323353293414	0.642973170101574	0.0122950046459668	0.0215314690356752	0.000280732294326823	55.9417082901988	40.7532714892304	15.1884368009684	OU	Atelidae	PLA	Cercopithecidae	OWM	order
Callithrix_jacchus	Eulemur_macaco	0.947	0.964	121.4130573054	0.0101796407185629	0.999999999892104	0.0119714540046044	0.0260444422855688	0.000265123065211043	55.9417082901988	40.7532714892304	15.1884368009684	OU	Callitrichidae	PLA	Lemuridae	STR	order
Cercocebus_torquatus	Allochrocebus_lhoesti	1.722	1.73	29.8369393133	0.00479041916167665	0.245747368300178	0.0113643641112135	0.013363506289522	0.000260498401424657	55.9417082901988	40.7532714892304	15.1884368009684	OU	Cercopithecidae	OWM	Cercopithecidae	OWM	family
Papio_cynocephalus	Cercopithecus_neglectus	1.772	1.78	29.8369393145	0.00479041916167665	0.245747368310061	0.0113643641109848	0.0133635062894287	0.000260498401412361	55.9417082901988	40.7532714892304	15.1884368009684	OU	Cercopithecidae	OWM	Cercopithecidae	OWM	family
Saguinus_oedipus	Trachypithecus_francoisi	1.035	1.048	78.0653383524	0.00778443113772462	0.64297317007357	0.011416852273075	0.0199938412971598	0.000242064036262238	55.9417082901988	40.7532714892304	15.1884368009684	OU	Callitrichidae	PLA	Cercopithecidae	OWM	order
Saguinus_oedipus	Nomascus_concolor	1.035	1.022	78.0653383542	0.00778443113772449	0.642973170088395	0.0114168522729433	0.0199938412971503	0.000242064036256538	55.9417082901988	40.7532714892304	15.1884368009684	OU	Callitrichidae	PLA	Hylobatidae	APE	order
Presbytis_comata	Eulemur_mongoz	0.996	1.012	121.413057312	0.0095808383233533	0.999999999946464	0.0112672991020494	0.0245129134348209	0.000234854260465947	55.9417082901988	40.7532714892304	15.1884368009684	OU	Cercopithecidae	OWM	Lemuridae	STR	order
Eulemur_mongoz	Cheirogaleus_medius	1.012	1	71.983496225	0.00718562874251498	0.592881011439877	0.0109748364186829	0.018490708094493	0.000224104602760949	55.9417082901988	40.7532714892304	15.1884368009684	OU	Lemuridae	STR	Cheirogaleidae	STR	superfamily
Semnopithecus_entellus	Pan_troglodytes	1.314	1.303	62.1515760317	0.00658682634730546	0.51190191075297	0.0108268035608077	0.0170353640083319	0.000219200167315196	55.9417082901988	40.7532714892304	15.1884368009684	OU	Cercopithecidae	OWM	Hominidae	APE	order
Cheracebus_torquatus	Eulemur_coronatus	1.058	1.043	121.4130573064	0.00898203592814379	0.99999999990034	0.0105631354232009	0.0229812942057524	0.000206418810251883	55.9417082901988	40.7532714892304	15.1884368009684	OU	Pitheciidae	PLA	Lemuridae	STR	order
Ateles_paniscus	Hylobates_muelleri	1.079	1.067	78.0653383554	0.00718562874251498	0.642973170098279	0.0105386860681204	0.0184561392701293	0.0002062589404703	55.9417082901988	40.7532714892304	15.1884368009684	OU	Atelidae	PLA	Hylobatidae	APE	order
Macaca_nemestrina	Allochrocebus_lhoesti	1.723	1.73	29.8369393138	0.004191616766467	0.245747368304296	0.00994389740047371	0.0116931961412801	0.000199446274186287	55.9417082901988	40.7532714892304	15.1884368009684	OU	Cercopithecidae	OWM	Cercopithecidae	OWM	family
Macaca_silenus	Colobus_guereza	1.459	1.467	38.593674155	0.00479041916167665	0.317870869965478	0.00999234785639425	0.0128656834845013	0.000193890106063873	55.9417082901988	40.7532714892304	15.1884368009684	OU	Cercopithecidae	OWM	Cercopithecidae	OWM	family
Ateles_geoffroyi	Cheracebus_torquatus	1.067	1.058	49.0936032063	0.00538922155688617	0.404351923018575	0.0099670292583701	0.014133660805054	0.00018837409976857	55.9417082901988	40.7532714892304	15.1884368009684	OU	Atelidae	PLA	Pitheciidae	PLA	superfamily
Saguinus_oedipus	Eulemur_rubriventer	1.035	1.021	121.4130573062	0.00838323353293414	0.999999999898693	0.00985896351569248	0.0214495902421568	0.000179816924203963	55.9417082901988	40.7532714892304	15.1884368009684	OU	Callitrichidae	PLA	Lemuridae	STR	order
Aotus_trivirgatus	Hapalemur_griseus	1.105	1.119	121.4130573119	0.00838323353293414	0.99999999994564	0.00985896351546108	0.0214495902421547	0.000179816924195503	55.9417082901988	40.7532714892304	15.1884368009684	OU	Aotidae	PLA	Lemuridae	STR	order
Hylobates_lar	Hapalemur_griseus	1.105	1.119	121.4130573185	0.00838323353293414	1	0.00985896351519308	0.0214495902421523	0.000179816924185708	55.9417082901988	40.7532714892304	15.1884368009684	OU	Hylobatidae	APE	Lemuridae	STR	order
Sapajus_apella	Macaca_silenus	1.448	1.459	78.06533835	0.00658682634730546	0.642973170053803	0.00966050709590233	0.0169183686659684	0.000173317273056826	55.9417082901988	40.7532714892304	15.1884368009684	OU	Cebidae	PLA	Cercopithecidae	OWM	order
Callithrix_jacchus	Hylobates_klossii	0.947	0.958	78.0653383546	0.00658682634730539	0.64297317009169	0.00966050709561756	0.0169183686659485	0.000173317273046408	55.9417082901988	40.7532714892304	15.1884368009684	OU	Callitrichidae	PLA	Hylobatidae	APE	order
Cheracebus_torquatus	Trachypithecus_francoisi	1.058	1.048	78.0653383535	0.00598802395209581	0.64297317008263	0.00878231641912702	0.0153805351966766	0.00014323927877413	55.9417082901988	40.7532714892304	15.1884368009684	OU	Pitheciidae	PLA	Cercopithecidae	OWM	order
Alouatta_palliata	Macaca_mulatta	1.24	1.25	78.0653383567	0.00598802395209581	0.642973170108986	0.00878231641894698	0.0153805351966642	0.000143239278768143	55.9417082901988	40.7532714892304	15.1884368009684	OU	Atelidae	PLA	Cercopithecidae	OWM	order
Alouatta_caraya	Macaca_fascicularis	1.483	1.493	78.0653383568	0.00598802395209581	0.64297317010981	0.00878231641894137	0.0153805351966638	0.000143239278767956	55.9417082901988	40.7532714892304	15.1884368009684	OU	Atelidae	PLA	Cercopithecidae	OWM	order
Plecturocebus_moloch	Cheracebus_torquatus	1.063	1.058	22.5284149895	0.00299401197604784	0.185551830149551	0.00817417745299219	0.00884166958241277	0.000142666685619138	55.9417082901988	40.7532714892304	15.1884368009684	OU	Pitheciidae	PLA	Pitheciidae	PLA	family
Cercopithecus_nictitans	Chlorocebus_pygerythrus	1.566	1.571	23.4097503937	0.00299401197604784	0.192810813850851	0.00801883495467725	0.00876497146680189	0.000136104552525888	55.9417082901988	40.7532714892304	15.1884368009684	OU	Cercopithecidae	OWM	Cercopithecidae	OWM	family
Cebuella_pygmaea	Saguinus_midas	0.902	0.897	26.3249190832	0.00299401197604791	0.216821153050635	0.00756183076423288	0.00855010206293582	0.000118065546708367	55.9417082901988	40.7532714892304	15.1884368009684	OU	Callitrichidae	PLA	Callitrichidae	PLA	family
Cheracebus_torquatus	Hylobates_muelleri	1.058	1.067	78.0653383557	0.00538922155688617	0.64297317010075	0.00790411510232573	0.0138426445750786	0.000116025181169904	55.9417082901988	40.7532714892304	15.1884368009684	OU	Pitheciidae	PLA	Hylobatidae	APE	order
Nomascus_concolor	Eulemur_mongoz	1.022	1.012	121.413057315	0.00598802395209581	0.999999999971173	0.00704220457102674	0.0153220399500534	9.17487422185338e-05	55.9417082901988	40.7532714892304	15.1884368009684	OU	Hylobatidae	APE	Lemuridae	STR	order
Cebus_olivaceus	Semnopithecus_entellus	1.306	1.314	78.0653383477	0.00479041916167665	0.642973170034859	0.00702590420977988	0.0123047025146161	9.16751824987537e-05	55.9417082901988	40.7532714892304	15.1884368009684	OU	Cebidae	PLA	Cercopithecidae	OWM	order
Cercopithecus_ascanius	Trachypithecus_obscurus	1.267	1.262	38.593674153	0.00299401197604784	0.317870869949005	0.00624531689498563	0.00804126453397973	7.57403228586704e-05	55.9417082901988	40.7532714892304	15.1884368009684	OU	Cercopithecidae	OWM	Cercopithecidae	OWM	family
Alouatta_caraya	Cercopithecus_cephus	1.483	1.49	78.0653383559	0.004191616766467	0.642973170102397	0.00614768480421545	0.0107667147291935	7.01894636932788e-05	55.9417082901988	40.7532714892304	15.1884368009684	OU	Atelidae	PLA	Cercopithecidae	OWM	order
Saguinus_oedipus	Eulemur_coronatus	1.035	1.043	121.4130573053	0.00479041916167665	0.99999999989128	0.00563378998976019	0.012257903198691	5.87204943713708e-05	55.9417082901988	40.7532714892304	15.1884368009684	OU	Callitrichidae	PLA	Lemuridae	STR	order
Ateles_geoffroyi	Plecturocebus_moloch	1.067	1.063	49.0936032072	0.00239520958083833	0.404351923025988	0.00442988323708644	0.00628189067101482	3.7211260449543e-05	55.9417082901988	40.7532714892304	15.1884368009684	OU	Atelidae	PLA	Pitheciidae	PLA	superfamily
Macaca_fascicularis	Cercopithecus_cephus	1.493	1.49	29.8369393143	0.00179640718562881	0.245747368308414	0.00426176037766044	0.00501151622352475	3.66340596719505e-05	55.9417082901988	40.7532714892304	15.1884368009684	OU	Cercopithecidae	OWM	Cercopithecidae	OWM	family
Saimiri_oerstedii	Semnopithecus_entellus	1.319	1.314	78.0653383471	0.00299401197604784	0.642973170029917	0.00439122471310197	0.00769062484212856	3.58114832062939e-05	55.9417082901988	40.7532714892304	15.1884368009684	OU	Cebidae	PLA	Cercopithecidae	OWM	order
Cacajao_calvus	Colobus_polykomos	1.198	1.193	78.065338353	0.00299401197604784	0.642973170078512	0.00439122471293594	0.00769062484211711	3.5811483203534e-05	55.9417082901988	40.7532714892304	15.1884368009684	OU	Pitheciidae	PLA	Cercopithecidae	OWM	order
Alouatta_seniculus	Cercopithecus_mona	1.284	1.289	78.065338356	0.00299401197604784	0.642973170103221	0.0043912247128516	0.00769062484211127	3.58114832021306e-05	55.9417082901988	40.7532714892304	15.1884368009684	OU	Atelidae	PLA	Cercopithecidae	OWM	order
Alouatta_seniculus	Colobus_angolensis	1.284	1.279	78.0653383564	0.00299401197604797	0.642973170106515	0.00439122471284066	0.00769062484211083	3.58114832019467e-05	55.9417082901988	40.7532714892304	15.1884368009684	OU	Atelidae	PLA	Cercopithecidae	OWM	order
Leontocebus_fuscicolis	Eulemur_macaco	0.958	0.964	121.4130573054	0.00359281437125749	0.999999999892104	0.00422535785318291	0.00919358562716388	3.30308465682246e-05	55.9417082901988	40.7532714892304	15.1884368009684	OU	Callitrichidae	PLA	Lemuridae	STR	order
Piliocolobus_badius	Eulemur_mongoz	1.018	1.012	121.413057313	0.00359281437125749	0.9999999999547	0.00422535785305069	0.00919358562716267	3.30308465661526e-05	55.9417082901988	40.7532714892304	15.1884368009684	OU	Cercopithecidae	OWM	Lemuridae	STR	order
Hylobates_klossii	Eulemur_macaco	0.958	0.964	121.4130573154	0.00359281437125749	0.999999999974467	0.0042253578530089	0.00919358562716223	3.30308465654981e-05	55.9417082901988	40.7532714892304	15.1884368009684	OU	Hylobatidae	APE	Lemuridae	STR	order
Piliocolobus_badius	Nomascus_concolor	1.018	1.022	62.151576036	0.00239520958083833	0.511901910788386	0.0039371243261835	0.00619508629055504	2.89870573337079e-05	55.9417082901988	40.7532714892304	15.1884368009684	OU	Cercopithecidae	OWM	Hylobatidae	APE	order
Trachypithecus_francoisi	Eulemur_coronatus	1.048	1.043	121.4130573133	0.00299401197604797	0.999999999957171	0.00352113657308209	0.00766137315796774	2.29382429889103e-05	55.9417082901988	40.7532714892304	15.1884368009684	OU	Cercopithecidae	OWM	Lemuridae	STR	order
Plecturocebus_moloch	Hylobates_muelleri	1.063	1.067	78.0653383566	0.00239520958083833	0.642973170108163	0.00351298615468779	0.00615253417069691	2.29194770127179e-05	55.9417082901988	40.7532714892304	15.1884368009684	OU	Pitheciidae	PLA	Hylobatidae	APE	order
Presbytis_comata	Cheirogaleus_medius	0.996	1	121.413057311	0.00239520958083833	0.999999999938228	0.00281691255012878	0.00612913243351217	1.46805567278821e-05	55.9417082901988	40.7532714892304	15.1884368009684	OU	Cercopithecidae	OWM	Cheirogaleidae	STR	order
Presbytis_comata	Eulemur_fulvus	0.996	1	121.4130573114	0.00239520958083833	0.999999999941522	0.00281691255012424	0.00612913243351217	1.46805567278337e-05	55.9417082901988	40.7532714892304	15.1884368009684	OU	Cercopithecidae	OWM	Lemuridae	STR	order
Presbytis_comata	Lemur_catta	0.996	1	121.413057313	0.00239520958083833	0.9999999999547	0.00281691255010553	0.00612913243351194	1.46805567276398e-05	55.9417082901988	40.7532714892304	15.1884368009684	OU	Cercopithecidae	OWM	Lemuridae	STR	order
Cebus_olivaceus	Pan_troglodytes	1.306	1.303	78.065338346	0.00179640718562881	0.642973170020857	0.00263474334045052	0.004614420634802	1.2892261718484e-05	55.9417082901988	40.7532714892304	15.1884368009684	OU	Cebidae	PLA	Hominidae	APE	order
Cebus_olivaceus	Pygathrix_nemaeus	1.306	1.303	78.0653383468	0.00179640718562881	0.642973170027446	0.00263474334043701	0.00461442063480101	1.28922617183491e-05	55.9417082901988	40.7532714892304	15.1884368009684	OU	Cebidae	PLA	Cercopithecidae	OWM	order
Cercopithecus_pogonias	Colobus_guereza	1.469	1.467	38.5936741536	0.00119760479041916	0.317870869953947	0.002498148185895	0.00321655155349878	1.2118623986081e-05	55.9417082901988	40.7532714892304	15.1884368009684	OU	Cercopithecidae	OWM	Cercopithecidae	OWM	family
Aotus_trivirgatus	Propithecus_verreauxi	1.105	1.102	121.4130573091	0.00179640718562868	0.999999999922578	0.002112686332738	0.00459686910447286	8.25784869130884e-06	55.9417082901988	40.7532714892304	15.1884368009684	OU	Aotidae	PLA	Indriidae	STR	order
Piliocolobus_badius	Eulemur_rubriventer	1.018	1.021	121.413057314	0.00179640718562868	0.999999999962936	0.00211268633269535	0.00459686910447253	8.25784869097497e-06	55.9417082901988	40.7532714892304	15.1884368009684	OU	Cercopithecidae	OWM	Lemuridae	STR	order
Hylobates_lar	Propithecus_verreauxi	1.105	1.102	121.4130573157	0.00179640718562868	0.999999999976938	0.0021126863326805	0.00459686910447241	8.25784869085915e-06	55.9417082901988	40.7532714892304	15.1884368009684	OU	Hylobatidae	APE	Indriidae	STR	order
Macaca_nemestrina	Cercocebus_torquatus	1.723	1.722	22.4016461425	0.000598802395209648	0.184507718010381	0.00163948218234624	0.00177067900107317	5.74657167962147e-06	55.9417082901988	40.7532714892304	15.1884368009684	OU	Cercopithecidae	OWM	Cercopithecidae	OWM	family
Nomascus_concolor	Eulemur_rubriventer	1.022	1.021	121.413057316	0.000598802395209648	0.999999999979409	0.000704229509036818	0.00153229723653979	9.17543255432041e-07	55.9417082901988	40.7532714892304	15.1884368009684	OU	Hylobatidae	APE	Lemuridae	STR	order
Aotus_trivirgatus	Hylobates_lar	1.105	1.105	78.0653383588	0	0.642973170126283	0	0	0	55.9417082901988	40.7532714892304	15.1884368009684	OU	Aotidae	PLA	Hylobatidae	APE	order
Leontocebus_fuscicolis	Hylobates_klossii	0.958	0.958	78.0653383546	0	0.64297317009169	0	0	0	55.9417082901988	40.7532714892304	15.1884368009684	OU	Callitrichidae	PLA	Hylobatidae	APE	order
Ateles_geoffroyi	Hylobates_muelleri	1.067	1.067	78.0653383554	0	0.642973170098279	0	0	0	55.9417082901988	40.7532714892304	15.1884368009684	OU	Atelidae	PLA	Hylobatidae	APE	order
Pygathrix_nemaeus	Pan_troglodytes	1.303	1.303	62.1515760308	0	0.511901910745557	0	0	0	55.9417082901988	40.7532714892304	15.1884368009684	OU	Cercopithecidae	OWM	Hominidae	APE	order
Eulemur_fulvus	Lemur_catta	1	1	47.7997285384	0	0.393695123029545	0	0	0	55.9417082901988	40.7532714892304	15.1884368009684	OU	Lemuridae	STR	Lemuridae	STR	family
Eulemur_fulvus	Cheirogaleus_medius	1	1	71.9834962244	0	0.592881011434935	0	0	0	55.9417082901988	40.7532714892304	15.1884368009684	OU	Lemuridae	STR	Cheirogaleidae	STR	superfamily
Lemur_catta	Cheirogaleus_medius	1	1	71.983496226	0	0.592881011448113	0	0	0	55.9417082901988	40.7532714892304	15.1884368009684	OU	Lemuridae	STR	Cheirogaleidae	STR	superfamily
